"","datetime.utc.","geometry","elevation","elev_units"
"1",2023-10-08 20:48:36,c(-112.064353505952, 38.498282846215),2994.75,"meters"
"2",2023-10-08 20:48:37,c(-112.064353504434, 38.4982827558889),2994.75,"meters"
"3",2023-10-08 20:48:38,c(-112.064353466679, 38.4982825937079),2994.75,"meters"
"4",2023-10-08 20:48:39,c(-112.064353381372, 38.498282360645),2994.75,"meters"
"5",2023-10-08 20:48:40,c(-112.064353558283, 38.4982821607035),2994.75,"meters"
"6",2023-10-08 20:48:41,c(-112.0643537421, 38.4982821766261),2994.75,"meters"
"7",2023-10-08 20:48:42,c(-112.064353853174, 38.4982822073563),2994.75,"meters"
"8",2023-10-08 20:48:43,c(-112.064353900657, 38.4982821887448),2994.75,"meters"
"9",2023-10-08 20:48:44,c(-112.064353997869, 38.4982820531217),2994.75,"meters"
"10",2023-10-08 20:48:45,c(-112.064354012745, 38.4982819775782),2994.75,"meters"
"11",2023-10-08 20:48:46,c(-112.064353993129, 38.4982819191847),2994.75,"meters"
"12",2023-10-08 20:48:47,c(-112.064353971896, 38.4982816743735),2994.75,"meters"
"13",2023-10-08 20:48:48,c(-112.064353881317, 38.4982814919631),2994.75,"meters"
"14",2023-10-08 20:48:49,c(-112.064353891098, 38.4982814316941),2994.75,"meters"
"15",2023-10-08 20:48:50,c(-112.064353780218, 38.4982814679394),2994.75,"meters"
"16",2023-10-08 20:48:51,c(-112.064353802004, 38.4982814744046),2994.75,"meters"
"17",2023-10-08 20:48:52,c(-112.064353816854, 38.4982814462885),2994.75,"meters"
"18",2023-10-08 20:48:53,c(-112.064353675688, 38.4982814346795),2994.75,"meters"
"19",2023-10-08 20:48:54,c(-112.064353697368, 38.4982814502844),2994.75,"meters"
"20",2023-10-08 20:48:55,c(-112.064353608527, 38.4982814003418),2994.75,"meters"
"21",2023-10-08 20:48:56,c(-112.064353591556, 38.4982813815517),2994.75,"meters"
"22",2023-10-08 20:48:57,c(-112.064353532605, 38.4982811993115),2994.75,"meters"
"23",2023-10-08 20:48:58,c(-112.064351737283, 38.4982793468077),2994.75,"meters"
"24",2023-10-08 20:48:59,c(-112.064349981318, 38.4982765702444),2994.75,"meters"
"25",2023-10-08 20:49:00,c(-112.064348982363, 38.4982750704372),2994.75,"meters"
"26",2023-10-08 20:49:01,c(-112.064348512261, 38.4982749387653),2994.75,"meters"
"27",2023-10-08 20:49:02,c(-112.064347924214, 38.4982765907088),2994.75,"meters"
"28",2023-10-08 20:49:03,c(-112.064348727553, 38.4982786214283),2994.75,"meters"
"29",2023-10-08 20:49:04,c(-112.064349703198, 38.4982790941959),2994.75,"meters"
"30",2023-10-08 20:49:05,c(-112.064350867152, 38.4982792677214),2994.75,"meters"
"31",2023-10-08 20:49:06,c(-112.064351851116, 38.4982796380185),2994.75,"meters"
"32",2023-10-08 20:49:07,c(-112.064352363552, 38.4982800188127),2994.75,"meters"
"33",2023-10-08 20:49:08,c(-112.064352377096, 38.4982803134055),2994.75,"meters"
"34",2023-10-08 20:49:09,c(-112.064352233569, 38.4982806604364),2994.75,"meters"
"35",2023-10-08 20:49:10,c(-112.064352304986, 38.4982813180966),2994.75,"meters"
"36",2023-10-08 20:49:11,c(-112.064352693063, 38.49828208661),2994.75,"meters"
"37",2023-10-08 20:49:12,c(-112.064353060502, 38.4982825489147),2994.75,"meters"
"38",2023-10-08 20:49:13,c(-112.06435333604, 38.4982828607264),2994.75,"meters"
"39",2023-10-08 20:49:14,c(-112.064353616387, 38.4982830382943),2994.75,"meters"
"40",2023-10-08 20:49:15,c(-112.06435351763, 38.4982833947386),2994.75,"meters"
"41",2023-10-08 20:49:16,c(-112.064353321593, 38.4982835709235),2994.75,"meters"
"42",2023-10-08 20:49:17,c(-112.064353812771, 38.4982836167389),2994.75,"meters"
"43",2023-10-08 20:49:18,c(-112.064354377926, 38.4982836574365),2994.75,"meters"
"44",2023-10-08 20:49:19,c(-112.064354734641, 38.4982838506872),2994.77,"meters"
"45",2023-10-08 20:49:20,c(-112.064354791179, 38.4982841788348),2994.77,"meters"
"46",2023-10-08 20:49:21,c(-112.064354780274, 38.4982843480527),2994.77,"meters"
"47",2023-10-08 20:49:22,c(-112.064355026135, 38.4982846920594),2994.77,"meters"
"48",2023-10-08 20:49:23,c(-112.064354668385, 38.4982850216949),2994.77,"meters"
"49",2023-10-08 20:49:24,c(-112.064355410326, 38.4982855663951),2994.77,"meters"
"50",2023-10-08 20:49:25,c(-112.064356491029, 38.4982858184635),2994.89,"meters"
"51",2023-10-08 20:49:26,c(-112.064355867846, 38.4982852474027),2994.77,"meters"
"52",2023-10-08 20:49:27,c(-112.064354940595, 38.4982847851866),2994.77,"meters"
"53",2023-10-08 20:49:28,c(-112.064354229649, 38.4982841939342),2994.77,"meters"
"54",2023-10-08 20:49:29,c(-112.064353866546, 38.4982837709771),2994.77,"meters"
"55",2023-10-08 20:49:30,c(-112.064353973794, 38.4982840264709),2994.77,"meters"
"56",2023-10-08 20:49:31,c(-112.064354047848, 38.4982845158636),2994.77,"meters"
"57",2023-10-08 20:49:32,c(-112.064354181691, 38.4982848760643),2994.77,"meters"
"58",2023-10-08 20:49:33,c(-112.064354710338, 38.49828495052),2994.77,"meters"
"59",2023-10-08 20:49:34,c(-112.064355320159, 38.4982849730803),2994.77,"meters"
"60",2023-10-08 20:49:35,c(-112.064355875406, 38.4982848476409),2994.77,"meters"
"61",2023-10-08 20:49:36,c(-112.06435601554, 38.4982842212814),2994.89,"meters"
"62",2023-10-08 20:49:37,c(-112.064355378443, 38.4982847563809),2994.77,"meters"
"63",2023-10-08 20:49:38,c(-112.064353775374, 38.4982861786877),2994.77,"meters"
"64",2023-10-08 20:49:39,c(-112.064341513812, 38.4982868124741),2994.69,"meters"
"65",2023-10-08 20:49:40,c(-112.064315295357, 38.4982808701886),2994.45,"meters"
"66",2023-10-08 20:49:41,c(-112.06428297071, 38.4982667263964),2994.16,"meters"
"67",2023-10-08 20:49:42,c(-112.064248150054, 38.4982483749981),2993.78,"meters"
"68",2023-10-08 20:49:43,c(-112.064211819756, 38.4982293649587),2993.48,"meters"
"69",2023-10-08 20:49:44,c(-112.064177000953, 38.4982114821998),2993.18,"meters"
"70",2023-10-08 20:49:45,c(-112.064143881042, 38.4981942159338),2992.84,"meters"
"71",2023-10-08 20:49:46,c(-112.064109519936, 38.498173864764),2992.52,"meters"
"72",2023-10-08 20:49:47,c(-112.064068647846, 38.4981480403516),2992.16,"meters"
"73",2023-10-08 20:49:48,c(-112.064030030542, 38.4981209345777),2991.68,"meters"
"74",2023-10-08 20:49:49,c(-112.063994371992, 38.498088415318),2991.17,"meters"
"75",2023-10-08 20:49:50,c(-112.063960085674, 38.4980467212732),2990.7,"meters"
"76",2023-10-08 20:49:51,c(-112.063929143548, 38.4980064093693),2990.12,"meters"
"77",2023-10-08 20:49:52,c(-112.063902195413, 38.4979604519055),2989.53,"meters"
"78",2023-10-08 20:49:53,c(-112.063902842705, 38.4979089683576),2988.93,"meters"
"79",2023-10-08 20:49:54,c(-112.063929983116, 38.4978683246833),2988.66,"meters"
"80",2023-10-08 20:49:55,c(-112.06397945643, 38.4978452744482),2988.88,"meters"
"81",2023-10-08 20:49:56,c(-112.064035914054, 38.4978465443795),2989.25,"meters"
"82",2023-10-08 20:49:57,c(-112.064077015371, 38.4978702821235),2989.63,"meters"
"83",2023-10-08 20:49:58,c(-112.064104369852, 38.4979021895034),2990.12,"meters"
"84",2023-10-08 20:49:59,c(-112.064122365337, 38.4979243491917),2990.44,"meters"
"85",2023-10-08 20:50:00,c(-112.064126815393, 38.4979289696425),2990.54,"meters"
"86",2023-10-08 20:50:01,c(-112.064128038319, 38.4979288460738),2990.54,"meters"
"87",2023-10-08 20:50:02,c(-112.064127636483, 38.4979274107354),2990.54,"meters"
"88",2023-10-08 20:50:03,c(-112.064127714294, 38.4979263261624),2990.54,"meters"
"89",2023-10-08 20:50:04,c(-112.064127585813, 38.4979258046644),2990.54,"meters"
"90",2023-10-08 20:50:05,c(-112.064127262097, 38.4979253543981),2990.54,"meters"
"91",2023-10-08 20:50:06,c(-112.064127152186, 38.4979255560607),2990.54,"meters"
"92",2023-10-08 20:50:07,c(-112.064127101212, 38.4979261248497),2990.54,"meters"
"93",2023-10-08 20:50:08,c(-112.064127007132, 38.4979269515976),2990.54,"meters"
"94",2023-10-08 20:50:09,c(-112.064127467223, 38.497927484672),2990.54,"meters"
"95",2023-10-08 20:50:10,c(-112.064127878464, 38.4979277348179),2990.54,"meters"
"96",2023-10-08 20:50:11,c(-112.064127753104, 38.4979279679497),2990.54,"meters"
"97",2023-10-08 20:50:12,c(-112.064127856529, 38.4979280149487),2990.54,"meters"
"98",2023-10-08 20:50:13,c(-112.064128126643, 38.4979279962396),2990.54,"meters"
"99",2023-10-08 20:50:14,c(-112.064128282242, 38.4979280483609),2990.54,"meters"
"100",2023-10-08 20:50:15,c(-112.064128553741, 38.4979281965112),2990.54,"meters"
"101",2023-10-08 20:50:16,c(-112.064128579585, 38.49792861341),2990.54,"meters"
"102",2023-10-08 20:50:17,c(-112.064128330949, 38.4979290428299),2990.54,"meters"
"103",2023-10-08 20:50:18,c(-112.064128774833, 38.497928973501),2990.54,"meters"
"104",2023-10-08 20:50:19,c(-112.064129281467, 38.4979292446777),2990.54,"meters"
"105",2023-10-08 20:50:20,c(-112.064128871272, 38.4979296138963),2990.54,"meters"
"106",2023-10-08 20:50:21,c(-112.064127948566, 38.4979297187842),2990.54,"meters"
"107",2023-10-08 20:50:22,c(-112.064127574973, 38.4979296414291),2990.54,"meters"
"108",2023-10-08 20:50:23,c(-112.064127319755, 38.4979293878819),2990.54,"meters"
"109",2023-10-08 20:50:24,c(-112.064127783042, 38.4979292024419),2990.54,"meters"
"110",2023-10-08 20:50:25,c(-112.064128783466, 38.4979290257724),2990.54,"meters"
"111",2023-10-08 20:50:26,c(-112.064133948883, 38.4979247827828),2990.5,"meters"
"112",2023-10-08 20:50:27,c(-112.064139861086, 38.497919271856),2990.5,"meters"
"113",2023-10-08 20:50:28,c(-112.064141373392, 38.4979180302855),2990.5,"meters"
"114",2023-10-08 20:50:29,c(-112.064141438459, 38.4979184832207),2990.5,"meters"
"115",2023-10-08 20:50:30,c(-112.064140902625, 38.4979190161102),2990.5,"meters"
"116",2023-10-08 20:50:31,c(-112.064138855579, 38.4979208955599),2990.5,"meters"
"117",2023-10-08 20:50:32,c(-112.064132964929, 38.4979271469815),2990.6,"meters"
"118",2023-10-08 20:50:33,c(-112.064128060899, 38.4979328662786),2990.54,"meters"
"119",2023-10-08 20:50:34,c(-112.064127664152, 38.4979343212251),2990.54,"meters"
"120",2023-10-08 20:50:35,c(-112.064128967756, 38.497933891019),2990.54,"meters"
"121",2023-10-08 20:50:36,c(-112.064130124245, 38.4979334997955),2990.54,"meters"
"122",2023-10-08 20:50:37,c(-112.064129991499, 38.4979329844527),2990.54,"meters"
"123",2023-10-08 20:50:38,c(-112.064129743489, 38.4979326352543),2990.54,"meters"
"124",2023-10-08 20:50:39,c(-112.064129239603, 38.4979321516086),2990.54,"meters"
"125",2023-10-08 20:50:40,c(-112.064129002743, 38.4979316172783),2990.54,"meters"
"126",2023-10-08 20:50:41,c(-112.064128770075, 38.4979315916442),2990.54,"meters"
"127",2023-10-08 20:50:42,c(-112.064128762555, 38.4979316647782),2990.54,"meters"
"128",2023-10-08 20:50:43,c(-112.064128754951, 38.4979317480962),2990.54,"meters"
"129",2023-10-08 20:50:44,c(-112.064128682125, 38.4979317598918),2990.54,"meters"
"130",2023-10-08 20:50:45,c(-112.064128654204, 38.4979318501473),2990.54,"meters"
"131",2023-10-08 20:50:46,c(-112.064128467201, 38.4979318984489),2990.54,"meters"
"132",2023-10-08 20:50:47,c(-112.064127880574, 38.4979315023105),2990.54,"meters"
"133",2023-10-08 20:50:48,c(-112.064127437424, 38.4979312458109),2990.54,"meters"
"134",2023-10-08 20:50:49,c(-112.064127496107, 38.4979312996924),2990.54,"meters"
"135",2023-10-08 20:50:50,c(-112.064127871479, 38.4979317805021),2990.54,"meters"
"136",2023-10-08 20:50:51,c(-112.064127590921, 38.4979324069921),2990.54,"meters"
"137",2023-10-08 20:50:52,c(-112.064127677137, 38.4979318464352),2990.54,"meters"
"138",2023-10-08 20:50:53,c(-112.064127706635, 38.4979310745072),2990.54,"meters"
"139",2023-10-08 20:50:54,c(-112.064127514927, 38.4979305050973),2990.54,"meters"
"140",2023-10-08 20:50:55,c(-112.064127280661, 38.4979301160251),2990.54,"meters"
"141",2023-10-08 20:50:56,c(-112.064127262287, 38.4979299869807),2990.54,"meters"
"142",2023-10-08 20:50:57,c(-112.064127254076, 38.4979300603578),2990.54,"meters"
"143",2023-10-08 20:50:58,c(-112.064127382598, 38.4979302878744),2990.54,"meters"
"144",2023-10-08 20:50:59,c(-112.064127676216, 38.4979300205682),2990.54,"meters"
"145",2023-10-08 20:51:00,c(-112.064127734137, 38.4979298351928),2990.54,"meters"
"146",2023-10-08 20:51:01,c(-112.064128008389, 38.4979297923744),2990.54,"meters"
"147",2023-10-08 20:51:02,c(-112.064127789813, 38.4979301627757),2990.54,"meters"
"148",2023-10-08 20:51:03,c(-112.064127502268, 38.4979302100401),2990.54,"meters"
"149",2023-10-08 20:51:04,c(-112.064128101023, 38.4979299208338),2990.54,"meters"
"150",2023-10-08 20:51:05,c(-112.064128954154, 38.4979305557926),2990.54,"meters"
"151",2023-10-08 20:51:06,c(-112.064124956541, 38.4979297725321),2990.54,"meters"
"152",2023-10-08 20:51:07,c(-112.064120531441, 38.4979288989891),2990.46,"meters"
"153",2023-10-08 20:51:08,c(-112.064109793098, 38.4979232993071),2990.28,"meters"
"154",2023-10-08 20:51:09,c(-112.064084837536, 38.4979097860662),2990.03,"meters"
"155",2023-10-08 20:51:10,c(-112.064042715472, 38.4978967718436),2989.67,"meters"
"156",2023-10-08 20:51:11,c(-112.063991122428, 38.4979010463818),2989.28,"meters"
"157",2023-10-08 20:51:12,c(-112.063944440551, 38.497923048093),2989.26,"meters"
"158",2023-10-08 20:51:13,c(-112.063907035632, 38.4979598050672),2989.55,"meters"
"159",2023-10-08 20:51:14,c(-112.063886745926, 38.4980073967647),2989.89,"meters"
"160",2023-10-08 20:51:15,c(-112.06387803111, 38.4980615926899),2990.57,"meters"
"161",2023-10-08 20:51:16,c(-112.06386935065, 38.4981168655338),2991.23,"meters"
"162",2023-10-08 20:51:17,c(-112.063832020305, 38.4981668317163),2991.73,"meters"
"163",2023-10-08 20:51:18,c(-112.063763336988, 38.4981934223392),2991.72,"meters"
"164",2023-10-08 20:51:19,c(-112.063692847201, 38.4981896761898),2991.44,"meters"
"165",2023-10-08 20:51:20,c(-112.063638165366, 38.4981651631758),2991.15,"meters"
"166",2023-10-08 20:51:21,c(-112.063590732733, 38.4981238526513),2990.84,"meters"
"167",2023-10-08 20:51:22,c(-112.063536175903, 38.4980660214385),2990.72,"meters"
"168",2023-10-08 20:51:23,c(-112.063481789112, 38.4980054119174),2990.84,"meters"
"169",2023-10-08 20:51:24,c(-112.063432091482, 38.4979497476679),2990.81,"meters"
"170",2023-10-08 20:51:25,c(-112.063398744097, 38.4979116354345),2990.62,"meters"
"171",2023-10-08 20:51:26,c(-112.063387878968, 38.4979005253005),2990.5,"meters"
"172",2023-10-08 20:51:27,c(-112.063385553895, 38.4978990689394),2990.38,"meters"
"173",2023-10-08 20:51:28,c(-112.063385589476, 38.4978999796802),2990.38,"meters"
"174",2023-10-08 20:51:29,c(-112.063385744309, 38.4979000552366),2990.38,"meters"
"175",2023-10-08 20:51:30,c(-112.063386641361, 38.4978995011861),2990.38,"meters"
"176",2023-10-08 20:51:31,c(-112.063387931568, 38.4978995032921),2990.5,"meters"
"177",2023-10-08 20:51:32,c(-112.063403390142, 38.4979065692402),2990.62,"meters"
"178",2023-10-08 20:51:33,c(-112.063439851793, 38.4979206629379),2990.82,"meters"
"179",2023-10-08 20:51:34,c(-112.063487316292, 38.4979207036959),2990.91,"meters"
"180",2023-10-08 20:51:35,c(-112.063533749394, 38.4979047505965),2990.77,"meters"
"181",2023-10-08 20:51:36,c(-112.063584743878, 38.4978808595989),2990.21,"meters"
"182",2023-10-08 20:51:37,c(-112.063640415894, 38.4978529074927),2989.59,"meters"
"183",2023-10-08 20:51:38,c(-112.063687435377, 38.4978177049788),2988.67,"meters"
"184",2023-10-08 20:51:39,c(-112.063732454643, 38.4977818885221),2988.15,"meters"
"185",2023-10-08 20:51:40,c(-112.063776724896, 38.4977553932233),2987.5,"meters"
"186",2023-10-08 20:51:41,c(-112.063823880113, 38.497752795556),2987.5,"meters"
"187",2023-10-08 20:51:42,c(-112.063864128241, 38.4977686788937),2987.74,"meters"
"188",2023-10-08 20:51:43,c(-112.063895364767, 38.4977898147703),2988.02,"meters"
"189",2023-10-08 20:51:44,c(-112.063921965666, 38.497807524787),2988.3,"meters"
"190",2023-10-08 20:51:45,c(-112.063944863737, 38.497821080462),2988.6,"meters"
"191",2023-10-08 20:51:46,c(-112.063963796173, 38.4978321623774),2988.76,"meters"
"192",2023-10-08 20:51:47,c(-112.063977273164, 38.497840051946),2988.88,"meters"
"193",2023-10-08 20:51:48,c(-112.063981412289, 38.4978414973294),2988.88,"meters"
"194",2023-10-08 20:51:49,c(-112.063984979733, 38.4978429620899),2988.94,"meters"
"195",2023-10-08 20:51:50,c(-112.063994330806, 38.4978487273908),2989.06,"meters"
"196",2023-10-08 20:51:51,c(-112.064010249406, 38.497858934075),2989.17,"meters"
"197",2023-10-08 20:51:52,c(-112.064025473668, 38.497868127693),2989.31,"meters"
"198",2023-10-08 20:51:53,c(-112.064028831487, 38.4978701923316),2989.37,"meters"
"199",2023-10-08 20:51:54,c(-112.064028222949, 38.4978702615624),2989.31,"meters"
"200",2023-10-08 20:51:55,c(-112.064027590315, 38.4978699717492),2989.31,"meters"
"201",2023-10-08 20:51:56,c(-112.064027701318, 38.4978693492736),2989.31,"meters"
"202",2023-10-08 20:51:57,c(-112.06402764155, 38.4978690193274),2989.31,"meters"
"203",2023-10-08 20:51:58,c(-112.064027262631, 38.497868947768),2989.31,"meters"
"204",2023-10-08 20:51:59,c(-112.064027219668, 38.497868785321),2989.31,"meters"
"205",2023-10-08 20:52:00,c(-112.064026886232, 38.4978687817211),2989.31,"meters"
"206",2023-10-08 20:52:01,c(-112.064026613254, 38.4978692624037),2989.31,"meters"
"207",2023-10-08 20:52:02,c(-112.064026749654, 38.4978691024893),2989.31,"meters"
"208",2023-10-08 20:52:03,c(-112.064027521168, 38.4978694616191),2989.31,"meters"
"209",2023-10-08 20:52:04,c(-112.064029151333, 38.497870520864),2989.37,"meters"
"210",2023-10-08 20:52:05,c(-112.064029884728, 38.4978713507631),2989.37,"meters"
"211",2023-10-08 20:52:06,c(-112.064029594357, 38.4978714047769),2989.37,"meters"
"212",2023-10-08 20:52:07,c(-112.064029768508, 38.4978708672565),2989.37,"meters"
"213",2023-10-08 20:52:08,c(-112.064035858263, 38.4978754356427),2989.43,"meters"
"214",2023-10-08 20:52:09,c(-112.064050013548, 38.497886825162),2989.59,"meters"
"215",2023-10-08 20:52:10,c(-112.064057093382, 38.4978912831652),2989.73,"meters"
"216",2023-10-08 20:52:11,c(-112.064057915841, 38.4978912800248),2989.73,"meters"
"217",2023-10-08 20:52:12,c(-112.064057772541, 38.4978904107241),2989.73,"meters"
"218",2023-10-08 20:52:13,c(-112.064057574179, 38.4978907164121),2989.73,"meters"
"219",2023-10-08 20:52:14,c(-112.064057580783, 38.4978912217684),2989.73,"meters"
"220",2023-10-08 20:52:15,c(-112.064057837012, 38.4978911014915),2989.73,"meters"
"221",2023-10-08 20:52:16,c(-112.064057928729, 38.4978917169557),2989.73,"meters"
"222",2023-10-08 20:52:17,c(-112.064059419286, 38.4978918676578),2989.73,"meters"
"223",2023-10-08 20:52:18,c(-112.064059586901, 38.4978918790466),2989.73,"meters"
"224",2023-10-08 20:52:19,c(-112.064059496692, 38.4978917507145),2989.73,"meters"
"225",2023-10-08 20:52:20,c(-112.06405950009, 38.4978914439432),2989.73,"meters"
"226",2023-10-08 20:52:21,c(-112.064059438903, 38.4978910050804),2989.73,"meters"
"227",2023-10-08 20:52:22,c(-112.064059264268, 38.497890828876),2989.73,"meters"
"228",2023-10-08 20:52:23,c(-112.064059119937, 38.4978913245647),2989.73,"meters"
"229",2023-10-08 20:52:24,c(-112.064058966307, 38.4978913753158),2989.73,"meters"
"230",2023-10-08 20:52:25,c(-112.064058966042, 38.4978914699983),2989.73,"meters"
"231",2023-10-08 20:52:26,c(-112.06405903449, 38.4978914919608),2989.73,"meters"
"232",2023-10-08 20:52:27,c(-112.064058954313, 38.4978914754927),2989.73,"meters"
"233",2023-10-08 20:52:28,c(-112.064059082568, 38.4978917320266),2989.73,"meters"
"234",2023-10-08 20:52:29,c(-112.064059345311, 38.4978915575007),2989.73,"meters"
"235",2023-10-08 20:52:30,c(-112.064059247476, 38.4978915596303),2989.73,"meters"
"236",2023-10-08 20:52:31,c(-112.06405934172, 38.4978915760223),2989.73,"meters"
"237",2023-10-08 20:52:32,c(-112.064059541786, 38.4978914083485),2989.73,"meters"
"238",2023-10-08 20:52:33,c(-112.064060156912, 38.497892477432),2989.73,"meters"
"239",2023-10-08 20:52:34,c(-112.064061275961, 38.4978931710636),2989.73,"meters"
"240",2023-10-08 20:52:35,c(-112.064062595622, 38.4978930942534),2989.73,"meters"
"241",2023-10-08 20:52:36,c(-112.064063338884, 38.4978923884117),2989.73,"meters"
"242",2023-10-08 20:52:37,c(-112.064063723576, 38.4978917722933),2989.81,"meters"
"243",2023-10-08 20:52:38,c(-112.064063767265, 38.4978915775774),2989.81,"meters"
"244",2023-10-08 20:52:39,c(-112.064063597085, 38.4978914246387),2989.81,"meters"
"245",2023-10-08 20:52:40,c(-112.064063462742, 38.4978911002173),2989.73,"meters"
"246",2023-10-08 20:52:41,c(-112.064063353698, 38.4978906611635),2989.73,"meters"
"247",2023-10-08 20:52:42,c(-112.064062266759, 38.4978905096875),2989.73,"meters"
"248",2023-10-08 20:52:43,c(-112.064061756671, 38.49789051161),2989.73,"meters"
"249",2023-10-08 20:52:44,c(-112.064061475115, 38.4978911376479),2989.73,"meters"
"250",2023-10-08 20:52:45,c(-112.064061422765, 38.4978911614256),2989.73,"meters"
"251",2023-10-08 20:52:46,c(-112.064061766539, 38.4978910917125),2989.73,"meters"
"252",2023-10-08 20:52:47,c(-112.064062458777, 38.4978913691128),2989.73,"meters"
"253",2023-10-08 20:52:48,c(-112.064062637904, 38.4978912571463),2989.73,"meters"
"254",2023-10-08 20:52:49,c(-112.064062312335, 38.4978913886776),2989.73,"meters"
"255",2023-10-08 20:52:50,c(-112.064061868844, 38.49789169325),2989.73,"meters"
"256",2023-10-08 20:52:51,c(-112.064061828479, 38.4978916840582),2989.73,"meters"
"257",2023-10-08 20:52:52,c(-112.064062783889, 38.4978918730488),2989.73,"meters"
"258",2023-10-08 20:52:53,c(-112.064063550291, 38.4978926639556),2989.81,"meters"
"259",2023-10-08 20:52:54,c(-112.064064795234, 38.4978927877047),2989.81,"meters"
"260",2023-10-08 20:52:55,c(-112.064065681686, 38.4978920879161),2989.81,"meters"
"261",2023-10-08 20:52:56,c(-112.064065002881, 38.4978916973608),2989.81,"meters"
"262",2023-10-08 20:52:57,c(-112.064063818199, 38.497891507419),2989.81,"meters"
"263",2023-10-08 20:52:58,c(-112.064063500716, 38.4978914172677),2989.73,"meters"
"264",2023-10-08 20:52:59,c(-112.064063326755, 38.4978914814286),2989.73,"meters"
"265",2023-10-08 20:53:00,c(-112.064063057744, 38.497891719696),2989.73,"meters"
"266",2023-10-08 20:53:01,c(-112.064063541089, 38.4978921098059),2989.81,"meters"
"267",2023-10-08 20:53:02,c(-112.064063919905, 38.4978923123997),2989.81,"meters"
"268",2023-10-08 20:53:03,c(-112.064064561451, 38.4978926566329),2989.81,"meters"
"269",2023-10-08 20:53:04,c(-112.064065358734, 38.4978934772234),2989.81,"meters"
"270",2023-10-08 20:53:05,c(-112.0640653864, 38.4978936908105),2989.81,"meters"
"271",2023-10-08 20:53:06,c(-112.064065558004, 38.4978936898549),2989.81,"meters"
"272",2023-10-08 20:53:07,c(-112.064065723801, 38.4978937333276),2989.81,"meters"
"273",2023-10-08 20:53:08,c(-112.064065562712, 38.4978939073949),2989.81,"meters"
"274",2023-10-08 20:53:09,c(-112.064065266188, 38.4978942673583),2989.81,"meters"
"275",2023-10-08 20:53:10,c(-112.064064884896, 38.4978943032675),2989.81,"meters"
"276",2023-10-08 20:53:11,c(-112.064064472588, 38.4978943001471),2989.81,"meters"
"277",2023-10-08 20:53:12,c(-112.064063674843, 38.497894373378),2989.81,"meters"
"278",2023-10-08 20:53:13,c(-112.064062815666, 38.4978947558601),2989.73,"meters"
"279",2023-10-08 20:53:14,c(-112.064062313755, 38.4978954917681),2989.73,"meters"
"280",2023-10-08 20:53:15,c(-112.064061665022, 38.4978948214628),2989.73,"meters"
"281",2023-10-08 20:53:16,c(-112.064061762171, 38.4978940727309),2989.73,"meters"
"282",2023-10-08 20:53:17,c(-112.064063467741, 38.4978940391296),2989.73,"meters"
"283",2023-10-08 20:53:18,c(-112.064064407547, 38.4978937401848),2989.81,"meters"
"284",2023-10-08 20:53:19,c(-112.064064373718, 38.4978937311595),2989.81,"meters"
"285",2023-10-08 20:53:20,c(-112.064064758722, 38.497894279368),2989.81,"meters"
"286",2023-10-08 20:53:21,c(-112.064066326806, 38.4978946689944),2989.81,"meters"
"287",2023-10-08 20:53:22,c(-112.064067295613, 38.4978946789779),2989.81,"meters"
"288",2023-10-08 20:53:23,c(-112.06406757602, 38.4978941368814),2989.81,"meters"
"289",2023-10-08 20:53:24,c(-112.064067713608, 38.49789378002),2989.81,"meters"
"290",2023-10-08 20:53:25,c(-112.064067778479, 38.4978944053204),2989.81,"meters"
"291",2023-10-08 20:53:26,c(-112.06406888065, 38.4978949563907),2989.81,"meters"
"292",2023-10-08 20:53:27,c(-112.064068900715, 38.4978952275583),2989.81,"meters"
"293",2023-10-08 20:53:28,c(-112.064068322587, 38.4978954264435),2989.81,"meters"
"294",2023-10-08 20:53:29,c(-112.06406834885, 38.4978948745691),2989.81,"meters"
"295",2023-10-08 20:53:30,c(-112.064068700672, 38.4978940287033),2989.81,"meters"
"296",2023-10-08 20:53:31,c(-112.064068976749, 38.4978933321371),2989.81,"meters"
"297",2023-10-08 20:53:32,c(-112.064069183155, 38.4978934278236),2989.81,"meters"
"298",2023-10-08 20:53:33,c(-112.064069544216, 38.4978936332569),2989.81,"meters"
"299",2023-10-08 20:53:34,c(-112.064069767087, 38.49789329148),2989.81,"meters"
"300",2023-10-08 20:53:35,c(-112.064069598927, 38.4978930512946),2989.81,"meters"
"301",2023-10-08 20:53:36,c(-112.064069677621, 38.4978934239148),2989.81,"meters"
"302",2023-10-08 20:53:37,c(-112.064069697222, 38.497893622772),2989.81,"meters"
"303",2023-10-08 20:53:38,c(-112.064069965502, 38.4978940450758),2989.81,"meters"
"304",2023-10-08 20:53:39,c(-112.064071004224, 38.4978941890918),2989.81,"meters"
"305",2023-10-08 20:53:40,c(-112.064071643211, 38.4978937806243),2989.81,"meters"
"306",2023-10-08 20:53:41,c(-112.064071392996, 38.4978933635596),2989.81,"meters"
"307",2023-10-08 20:53:42,c(-112.064070813052, 38.4978927993744),2989.81,"meters"
"308",2023-10-08 20:53:43,c(-112.064070577819, 38.4978923429459),2989.81,"meters"
"309",2023-10-08 20:53:44,c(-112.064070832597, 38.4978920415884),2989.81,"meters"
"310",2023-10-08 20:53:45,c(-112.064070494508, 38.497892533041),2989.81,"meters"
"311",2023-10-08 20:53:46,c(-112.064069469392, 38.4978927765523),2989.81,"meters"
"312",2023-10-08 20:53:47,c(-112.064068727388, 38.4978909463287),2989.81,"meters"
"313",2023-10-08 20:53:48,c(-112.064063667634, 38.4978793491438),2989.65,"meters"
"314",2023-10-08 20:53:49,c(-112.06404578522, 38.4978558377604),2989.35,"meters"
"315",2023-10-08 20:53:50,c(-112.064005517686, 38.4978318359769),2989.05,"meters"
"316",2023-10-08 20:53:51,c(-112.06395091971, 38.4978198012225),2988.64,"meters"
"317",2023-10-08 20:53:52,c(-112.063888969107, 38.4978202328474),2988.2,"meters"
"318",2023-10-08 20:53:53,c(-112.063828935496, 38.497837762221),2988.26,"meters"
"319",2023-10-08 20:53:54,c(-112.063775884255, 38.4978698536556),2988.71,"meters"
"320",2023-10-08 20:53:55,c(-112.063734537812, 38.4979153845242),2989.15,"meters"
"321",2023-10-08 20:53:56,c(-112.063709868747, 38.4979722041579),2989.61,"meters"
"322",2023-10-08 20:53:57,c(-112.063702053395, 38.498037344321),2990.36,"meters"
"323",2023-10-08 20:53:58,c(-112.063708064299, 38.4981040192597),2990.94,"meters"
"324",2023-10-08 20:53:59,c(-112.063727028644, 38.4981763874156),2991.5,"meters"
"325",2023-10-08 20:54:00,c(-112.06375063946, 38.4982509219415),2991.97,"meters"
"326",2023-10-08 20:54:01,c(-112.063768644809, 38.4983132749082),2992.06,"meters"
"327",2023-10-08 20:54:02,c(-112.063777797264, 38.4983563029974),2991.77,"meters"
"328",2023-10-08 20:54:03,c(-112.063777015827, 38.4983684704217),2991.65,"meters"
"329",2023-10-08 20:54:04,c(-112.06377464511, 38.4983702067246),2991.53,"meters"
"330",2023-10-08 20:54:05,c(-112.063773360964, 38.4983694744754),2991.65,"meters"
"331",2023-10-08 20:54:06,c(-112.063773113033, 38.4983690941363),2991.65,"meters"
"332",2023-10-08 20:54:07,c(-112.063772692406, 38.4983681463396),2991.65,"meters"
"333",2023-10-08 20:54:08,c(-112.063772916323, 38.4983676036985),2991.65,"meters"
"334",2023-10-08 20:54:09,c(-112.063773185459, 38.4983672768761),2991.65,"meters"
"335",2023-10-08 20:54:10,c(-112.063772860474, 38.4983672542056),2991.65,"meters"
"336",2023-10-08 20:54:11,c(-112.063772825383, 38.4983681996359),2991.65,"meters"
"337",2023-10-08 20:54:12,c(-112.063773049838, 38.4983691418455),2991.65,"meters"
"338",2023-10-08 20:54:13,c(-112.063773366459, 38.4983696640167),2991.65,"meters"
"339",2023-10-08 20:54:14,c(-112.063773489716, 38.4983696074383),2991.65,"meters"
"340",2023-10-08 20:54:15,c(-112.063773765569, 38.4983695021022),2991.65,"meters"
"341",2023-10-08 20:54:16,c(-112.063774518318, 38.498369759966),2991.65,"meters"
"342",2023-10-08 20:54:17,c(-112.063775119839, 38.4983701026977),2991.53,"meters"
"343",2023-10-08 20:54:18,c(-112.06377527367, 38.4983704598737),2991.53,"meters"
"344",2023-10-08 20:54:19,c(-112.063775276713, 38.4983704756557),2991.53,"meters"
"345",2023-10-08 20:54:20,c(-112.063775188774, 38.4983702231894),2991.53,"meters"
"346",2023-10-08 20:54:21,c(-112.063775074651, 38.4983695328245),2991.65,"meters"
"347",2023-10-08 20:54:22,c(-112.063774573016, 38.4983688118025),2991.65,"meters"
"348",2023-10-08 20:54:23,c(-112.063775217409, 38.4983701180436),2991.53,"meters"
"349",2023-10-08 20:54:24,c(-112.063775566942, 38.4983714591925),2991.53,"meters"
"350",2023-10-08 20:54:25,c(-112.063775044636, 38.4983713789468),2991.53,"meters"
"351",2023-10-08 20:54:26,c(-112.063774994279, 38.4983708868652),2991.53,"meters"
"352",2023-10-08 20:54:27,c(-112.063774838573, 38.4983698178594),2991.65,"meters"
"353",2023-10-08 20:54:28,c(-112.063775533895, 38.4983696125959),2991.65,"meters"
"354",2023-10-08 20:54:29,c(-112.063775498051, 38.4983703736501),2991.53,"meters"
"355",2023-10-08 20:54:30,c(-112.063774924273, 38.498372012832),2991.53,"meters"
"356",2023-10-08 20:54:31,c(-112.063773562543, 38.4983733583072),2991.53,"meters"
"357",2023-10-08 20:54:32,c(-112.063772403265, 38.4983725245313),2991.33,"meters"
"358",2023-10-08 20:54:33,c(-112.0637727651, 38.4983714743412),2991.53,"meters"
"359",2023-10-08 20:54:34,c(-112.063773802709, 38.4983717161143),2991.53,"meters"
"360",2023-10-08 20:54:35,c(-112.063774053424, 38.498373325777),2991.53,"meters"
"361",2023-10-08 20:54:36,c(-112.063775011602, 38.4983751863483),2991.53,"meters"
"362",2023-10-08 20:54:37,c(-112.063775095137, 38.4983750408216),2991.53,"meters"
"363",2023-10-08 20:54:38,c(-112.063775401574, 38.4983739971848),2991.53,"meters"
"364",2023-10-08 20:54:39,c(-112.063775338511, 38.4983728215142),2991.53,"meters"
"365",2023-10-08 20:54:40,c(-112.063775159223, 38.4983720470652),2991.53,"meters"
"366",2023-10-08 20:54:41,c(-112.063774969364, 38.4983716208859),2991.53,"meters"
"367",2023-10-08 20:54:42,c(-112.063775397315, 38.4983712983223),2991.53,"meters"
"368",2023-10-08 20:54:43,c(-112.063775141607, 38.4983712087269),2991.53,"meters"
"369",2023-10-08 20:54:44,c(-112.063775671665, 38.4983712630731),2991.53,"meters"
"370",2023-10-08 20:54:45,c(-112.063776318049, 38.4983711009206),2991.53,"meters"
"371",2023-10-08 20:54:46,c(-112.063778548188, 38.4983705716394),2991.53,"meters"
"372",2023-10-08 20:54:47,c(-112.063794665011, 38.4983676059297),2991.83,"meters"
"373",2023-10-08 20:54:48,c(-112.063820136049, 38.4983624794923),2992.35,"meters"
"374",2023-10-08 20:54:49,c(-112.063838064684, 38.498358293739),2992.6,"meters"
"375",2023-10-08 20:54:50,c(-112.06385416791, 38.4983534318198),2992.91,"meters"
"376",2023-10-08 20:54:51,c(-112.063868882626, 38.4983491731906),2993.01,"meters"
"377",2023-10-08 20:54:52,c(-112.063880029416, 38.498346558807),2993.05,"meters"
"378",2023-10-08 20:54:53,c(-112.063881787858, 38.4983461745184),2993.05,"meters"
"379",2023-10-08 20:54:54,c(-112.063881434237, 38.498346262442),2993.05,"meters"
"380",2023-10-08 20:54:55,c(-112.063883105441, 38.4983459057034),2993.05,"meters"
"381",2023-10-08 20:54:56,c(-112.063884295058, 38.4983464527476),2993.05,"meters"
"382",2023-10-08 20:54:57,c(-112.06388478113, 38.4983470737667),2993.05,"meters"
"383",2023-10-08 20:54:58,c(-112.063885253311, 38.4983465825729),2993.05,"meters"
"384",2023-10-08 20:54:59,c(-112.063885543983, 38.4983459112034),2993.05,"meters"
"385",2023-10-08 20:55:00,c(-112.0638853298, 38.4983459064356),2993.05,"meters"
"386",2023-10-08 20:55:01,c(-112.063886564117, 38.4983463479017),2993.05,"meters"
"387",2023-10-08 20:55:02,c(-112.063887978218, 38.4983460686543),2993.07,"meters"
"388",2023-10-08 20:55:03,c(-112.063887931607, 38.4983460516256),2993.07,"meters"
"389",2023-10-08 20:55:04,c(-112.063887753022, 38.498345517342),2993.07,"meters"
"390",2023-10-08 20:55:05,c(-112.063886805553, 38.4983448951266),2993.07,"meters"
"391",2023-10-08 20:55:06,c(-112.063886199191, 38.4983444650777),2993.05,"meters"
"392",2023-10-08 20:55:07,c(-112.06388628395, 38.4983448513181),2993.05,"meters"
"393",2023-10-08 20:55:08,c(-112.063886200277, 38.4983452043265),2993.05,"meters"
"394",2023-10-08 20:55:09,c(-112.063886081567, 38.4983453876451),2993.05,"meters"
"395",2023-10-08 20:55:10,c(-112.063885499332, 38.4983456306645),2993.05,"meters"
"396",2023-10-08 20:55:11,c(-112.063884902462, 38.4983459503766),2993.05,"meters"
"397",2023-10-08 20:55:12,c(-112.063884607385, 38.4983462506829),2993.05,"meters"
"398",2023-10-08 20:55:13,c(-112.063884805936, 38.4983462200538),2993.05,"meters"
"399",2023-10-08 20:55:14,c(-112.063884667139, 38.4983462063427),2993.05,"meters"
"400",2023-10-08 20:55:15,c(-112.063884496588, 38.498345864739),2993.05,"meters"
"401",2023-10-08 20:55:16,c(-112.063884635704, 38.4983457397127),2993.05,"meters"
"402",2023-10-08 20:55:17,c(-112.063883907274, 38.4983458852532),2993.05,"meters"
"403",2023-10-08 20:55:18,c(-112.063884699315, 38.4983455302781),2993.05,"meters"
"404",2023-10-08 20:55:19,c(-112.063886039356, 38.4983448731394),2993.05,"meters"
"405",2023-10-08 20:55:20,c(-112.063885646526, 38.498344764218),2993.05,"meters"
"406",2023-10-08 20:55:21,c(-112.063885471989, 38.4983462657711),2993.05,"meters"
"407",2023-10-08 20:55:22,c(-112.063884581313, 38.4983480921032),2993.05,"meters"
"408",2023-10-08 20:55:23,c(-112.063885045989, 38.4983490266432),2993.05,"meters"
"409",2023-10-08 20:55:24,c(-112.063886144861, 38.4983488477147),2993.05,"meters"
"410",2023-10-08 20:55:25,c(-112.063886618289, 38.4983483245981),2993.05,"meters"
"411",2023-10-08 20:55:26,c(-112.063886925429, 38.4983482044582),2993.07,"meters"
"412",2023-10-08 20:55:27,c(-112.063887242735, 38.498348330674),2993.07,"meters"
"413",2023-10-08 20:55:28,c(-112.063887648843, 38.4983481414732),2993.07,"meters"
"414",2023-10-08 20:55:29,c(-112.063887536852, 38.498347280993),2993.07,"meters"
"415",2023-10-08 20:55:30,c(-112.063885723474, 38.4983442491068),2993.05,"meters"
"416",2023-10-08 20:55:31,c(-112.063880203194, 38.4983361268573),2992.99,"meters"
"417",2023-10-08 20:55:32,c(-112.063871126547, 38.4983233081953),2992.91,"meters"
"418",2023-10-08 20:55:33,c(-112.063862072432, 38.498309103166),2992.89,"meters"
"419",2023-10-08 20:55:34,c(-112.06385440983, 38.4982961091077),2992.83,"meters"
"420",2023-10-08 20:55:35,c(-112.063841583241, 38.4982760401714),2992.65,"meters"
"421",2023-10-08 20:55:36,c(-112.06381427416, 38.4982336097686),2992.17,"meters"
"422",2023-10-08 20:55:37,c(-112.063771158667, 38.498168663833),2991.58,"meters"
"423",2023-10-08 20:55:38,c(-112.06371414853, 38.4980845967867),2990.78,"meters"
"424",2023-10-08 20:55:39,c(-112.063647759735, 38.497986941876),2990.09,"meters"
"425",2023-10-08 20:55:40,c(-112.06357608168, 38.4978796824116),2990.35,"meters"
"426",2023-10-08 20:55:41,c(-112.06350366923, 38.4977714790679),2990.43,"meters"
"427",2023-10-08 20:55:42,c(-112.063423565901, 38.4976526260597),2988.73,"meters"
"428",2023-10-08 20:55:43,c(-112.063336700399, 38.4975254526936),2986.02,"meters"
"429",2023-10-08 20:55:44,c(-112.063251091979, 38.4974026754653),2983.89,"meters"
"430",2023-10-08 20:55:45,c(-112.063164292614, 38.4972771479366),2980.9,"meters"
"431",2023-10-08 20:55:46,c(-112.06308282676, 38.4971540442947),2980.42,"meters"
"432",2023-10-08 20:55:47,c(-112.063010249948, 38.497044139601),2979.84,"meters"
"433",2023-10-08 20:55:48,c(-112.062955067492, 38.4969578287618),2979.28,"meters"
"434",2023-10-08 20:55:49,c(-112.062925926708, 38.4969128011074),2978.95,"meters"
"435",2023-10-08 20:55:50,c(-112.062911196193, 38.4968939607935),2978.69,"meters"
"436",2023-10-08 20:55:51,c(-112.062904918762, 38.4968872892269),2978.69,"meters"
"437",2023-10-08 20:55:52,c(-112.062903087976, 38.4968859657504),2978.69,"meters"
"438",2023-10-08 20:55:53,c(-112.062902712418, 38.4968863024692),2978.69,"meters"
"439",2023-10-08 20:55:54,c(-112.062901783108, 38.4968899243594),2978.63,"meters"
"440",2023-10-08 20:55:55,c(-112.062905128705, 38.4969077868437),2978.69,"meters"
"441",2023-10-08 20:55:56,c(-112.062923220672, 38.4969292262958),2978.96,"meters"
"442",2023-10-08 20:55:57,c(-112.062959462722, 38.4969551249657),2979.28,"meters"
"443",2023-10-08 20:55:58,c(-112.063010977673, 38.496991653779),2979.68,"meters"
"444",2023-10-08 20:55:59,c(-112.063075150584, 38.4970221682577),2979.84,"meters"
"445",2023-10-08 20:56:00,c(-112.063140327764, 38.497023334721),2979.78,"meters"
"446",2023-10-08 20:56:01,c(-112.063178636006, 38.4969902249957),2979.63,"meters"
"447",2023-10-08 20:56:02,c(-112.063179629102, 38.496945156127),2979.52,"meters"
"448",2023-10-08 20:56:03,c(-112.063171746171, 38.4969052165654),2979.52,"meters"
"449",2023-10-08 20:56:04,c(-112.063169503181, 38.4968884021158),2979.46,"meters"
"450",2023-10-08 20:56:05,c(-112.063170372932, 38.4968878427399),2979.46,"meters"
"451",2023-10-08 20:56:06,c(-112.063173533988, 38.496889489988),2979.5,"meters"
"452",2023-10-08 20:56:07,c(-112.06317672378, 38.4968894093998),2979.5,"meters"
"453",2023-10-08 20:56:08,c(-112.063177710568, 38.4968898012978),2979.46,"meters"
"454",2023-10-08 20:56:09,c(-112.063178101428, 38.4968907242527),2979.46,"meters"
"455",2023-10-08 20:56:10,c(-112.063178165256, 38.4968912846842),2979.46,"meters"
"456",2023-10-08 20:56:11,c(-112.063177801521, 38.496891562427),2979.46,"meters"
"457",2023-10-08 20:56:12,c(-112.063178539503, 38.4968917413047),2979.46,"meters"
"458",2023-10-08 20:56:13,c(-112.063178837712, 38.4968896678242),2979.46,"meters"
"459",2023-10-08 20:56:14,c(-112.063178575224, 38.4968874252076),2979.42,"meters"
"460",2023-10-08 20:56:15,c(-112.063178255588, 38.4968863735336),2979.42,"meters"
"461",2023-10-08 20:56:16,c(-112.063178297245, 38.4968857931575),2979.42,"meters"
"462",2023-10-08 20:56:17,c(-112.063178233879, 38.4968848994911),2979.42,"meters"
"463",2023-10-08 20:56:18,c(-112.063177546981, 38.4968838337738),2979.42,"meters"
"464",2023-10-08 20:56:19,c(-112.063177544557, 38.4968839855652),2979.42,"meters"
"465",2023-10-08 20:56:20,c(-112.063177760172, 38.4968839993481),2979.42,"meters"
"466",2023-10-08 20:56:21,c(-112.063178467168, 38.4968831170009),2979.42,"meters"
"467",2023-10-08 20:56:22,c(-112.063179969841, 38.4968836820375),2979.42,"meters"
"468",2023-10-08 20:56:23,c(-112.063181183592, 38.4968838286634),2979.42,"meters"
"469",2023-10-08 20:56:24,c(-112.063181322652, 38.4968828030894),2979.42,"meters"
"470",2023-10-08 20:56:25,c(-112.063180998044, 38.4968823734321),2979.42,"meters"
"471",2023-10-08 20:56:26,c(-112.063181147389, 38.496881787106),2979.42,"meters"
"472",2023-10-08 20:56:27,c(-112.063181429046, 38.4968806562824),2979.42,"meters"
"473",2023-10-08 20:56:28,c(-112.063181371547, 38.496880857246),2979.42,"meters"
"474",2023-10-08 20:56:29,c(-112.063181342626, 38.4968807690935),2979.42,"meters"
"475",2023-10-08 20:56:30,c(-112.063181232872, 38.4968803897881),2979.42,"meters"
"476",2023-10-08 20:56:31,c(-112.063182300598, 38.4968776072235),2979.38,"meters"
"477",2023-10-08 20:56:32,c(-112.06318183877, 38.4968754200254),2979.38,"meters"
"478",2023-10-08 20:56:33,c(-112.063183821968, 38.4968793120593),2979.38,"meters"
"479",2023-10-08 20:56:34,c(-112.063190221069, 38.4969063141443),2979.48,"meters"
"480",2023-10-08 20:56:35,c(-112.063200775876, 38.4969593405903),2979.5,"meters"
"481",2023-10-08 20:56:36,c(-112.06321257188, 38.4970261488132),2979.67,"meters"
"482",2023-10-08 20:56:37,c(-112.063239272552, 38.4970853266668),2979.85,"meters"
"483",2023-10-08 20:56:38,c(-112.063292993822, 38.4971320244434),2980.16,"meters"
"484",2023-10-08 20:56:39,c(-112.063351384595, 38.4971884513023),2980.2,"meters"
"485",2023-10-08 20:56:40,c(-112.063406904124, 38.4972490119768),2981.28,"meters"
"486",2023-10-08 20:56:41,c(-112.063464206789, 38.4973119666345),2982.06,"meters"
"487",2023-10-08 20:56:42,c(-112.063523780574, 38.4973768351511),2983.14,"meters"
"488",2023-10-08 20:56:43,c(-112.063588321343, 38.4974396108552),2984.01,"meters"
"489",2023-10-08 20:56:44,c(-112.063658105185, 38.4975043959569),2984.91,"meters"
"490",2023-10-08 20:56:45,c(-112.063722576884, 38.4975649676722),2985.66,"meters"
"491",2023-10-08 20:56:46,c(-112.063780790167, 38.4976196175427),2985.94,"meters"
"492",2023-10-08 20:56:47,c(-112.063835594792, 38.4976707893986),2986.76,"meters"
"493",2023-10-08 20:56:48,c(-112.06388063007, 38.4977128154026),2987.46,"meters"
"494",2023-10-08 20:56:49,c(-112.06392246206, 38.4977515681355),2987.97,"meters"
"495",2023-10-08 20:56:50,c(-112.063962939624, 38.497789053192),2988.56,"meters"
"496",2023-10-08 20:56:51,c(-112.063999034764, 38.4978229281585),2988.92,"meters"
"497",2023-10-08 20:56:52,c(-112.064033408367, 38.49785450838),2989.31,"meters"
"498",2023-10-08 20:56:53,c(-112.064064879811, 38.4978837413724),2989.75,"meters"
"499",2023-10-08 20:56:54,c(-112.064094523432, 38.4979110699524),2990.11,"meters"
"500",2023-10-08 20:56:55,c(-112.064120532924, 38.4979342575706),2990.46,"meters"
"501",2023-10-08 20:56:56,c(-112.064147783382, 38.4979550985209),2990.96,"meters"
"502",2023-10-08 20:56:57,c(-112.064170422801, 38.4979787135264),2991.28,"meters"
"503",2023-10-08 20:56:58,c(-112.064188270984, 38.4980048713026),2991.63,"meters"
"504",2023-10-08 20:56:59,c(-112.064207401651, 38.4980301960606),2992.07,"meters"
"505",2023-10-08 20:57:00,c(-112.064231600503, 38.4980557119007),2992.57,"meters"
"506",2023-10-08 20:57:01,c(-112.064259145873, 38.4980821929097),2993.12,"meters"
"507",2023-10-08 20:57:02,c(-112.064278660532, 38.4981006074089),2993.5,"meters"
"508",2023-10-08 20:57:03,c(-112.064283894288, 38.4981056360177),2993.56,"meters"
"509",2023-10-08 20:57:04,c(-112.064285414438, 38.4981070400335),2993.63,"meters"
"510",2023-10-08 20:57:05,c(-112.064286285147, 38.4981067947799),2993.63,"meters"
"511",2023-10-08 20:57:06,c(-112.064286309618, 38.4981058595199),2993.63,"meters"
"512",2023-10-08 20:57:07,c(-112.064285789662, 38.4981050540478),2993.63,"meters"
"513",2023-10-08 20:57:08,c(-112.064285169369, 38.4981049556829),2993.63,"meters"
"514",2023-10-08 20:57:09,c(-112.064286358199, 38.4981077064973),2993.63,"meters"
"515",2023-10-08 20:57:10,c(-112.064290891915, 38.4981142439047),2993.69,"meters"
"516",2023-10-08 20:57:11,c(-112.064299352075, 38.4981209325655),2993.77,"meters"
"517",2023-10-08 20:57:12,c(-112.064310110362, 38.4981276780659),2993.91,"meters"
"518",2023-10-08 20:57:13,c(-112.064320460346, 38.4981345377488),2994.06,"meters"
"519",2023-10-08 20:57:14,c(-112.064329995008, 38.4981417463476),2994.14,"meters"
"520",2023-10-08 20:57:15,c(-112.064339148654, 38.4981493448705),2994.22,"meters"
"521",2023-10-08 20:57:16,c(-112.064347926324, 38.4981570292263),2994.22,"meters"
"522",2023-10-08 20:57:17,c(-112.064355859786, 38.4981642195473),2994.32,"meters"
"523",2023-10-08 20:57:18,c(-112.064362864436, 38.4981710522139),2994.4,"meters"
"524",2023-10-08 20:57:19,c(-112.064366289099, 38.4981738147182),2994.4,"meters"
"525",2023-10-08 20:57:20,c(-112.064366277111, 38.4981739220211),2994.4,"meters"
"526",2023-10-08 20:57:21,c(-112.064365957285, 38.4981734374415),2994.4,"meters"
"527",2023-10-08 20:57:22,c(-112.064366061054, 38.4981732401125),2994.4,"meters"
"528",2023-10-08 20:57:23,c(-112.064366107055, 38.4981732161649),2994.4,"meters"
"529",2023-10-08 20:57:24,c(-112.064365813833, 38.4981732524609),2994.4,"meters"
"530",2023-10-08 20:57:25,c(-112.064365389734, 38.4981731159058),2994.4,"meters"
"531",2023-10-08 20:57:26,c(-112.064365152397, 38.4981731146941),2994.4,"meters"
"532",2023-10-08 20:57:27,c(-112.064365368985, 38.498173082058),2994.4,"meters"
"533",2023-10-08 20:57:28,c(-112.064365401585, 38.4981732453416),2994.4,"meters"
"534",2023-10-08 20:57:29,c(-112.064365249214, 38.4981735066077),2994.4,"meters"
"535",2023-10-08 20:57:30,c(-112.064365349416, 38.4981736254376),2994.4,"meters"
"536",2023-10-08 20:57:31,c(-112.064365323115, 38.4981738984523),2994.4,"meters"
"537",2023-10-08 20:57:32,c(-112.064359799291, 38.4981769491253),2994.46,"meters"
"538",2023-10-08 20:57:33,c(-112.064344784458, 38.498184677354),2994.44,"meters"
"539",2023-10-08 20:57:34,c(-112.064327048264, 38.4981922490331),2994.34,"meters"
"540",2023-10-08 20:57:35,c(-112.064310690678, 38.4981987311536),2994.3,"meters"
"541",2023-10-08 20:57:36,c(-112.064304735694, 38.4982010295984),2994.24,"meters"
"542",2023-10-08 20:57:37,c(-112.06430497582, 38.498200835427),2994.24,"meters"
"543",2023-10-08 20:57:38,c(-112.064306103933, 38.4982013379996),2994.24,"meters"
"544",2023-10-08 20:57:39,c(-112.064310095836, 38.4982062393293),2994.31,"meters"
"545",2023-10-08 20:57:40,c(-112.064317442565, 38.4982153116753),2994.35,"meters"
"546",2023-10-08 20:57:41,c(-112.0643209009, 38.4982193428654),2994.43,"meters"
"547",2023-10-08 20:57:42,c(-112.064321436248, 38.4982254544029),2994.43,"meters"
"548",2023-10-08 20:57:43,c(-112.064321862676, 38.4982351677955),2994.45,"meters"
"549",2023-10-08 20:57:44,c(-112.064326752875, 38.498245556752),2994.45,"meters"
"550",2023-10-08 20:57:45,c(-112.064335509055, 38.4982540128993),2994.61,"meters"
"551",2023-10-08 20:57:46,c(-112.064343601236, 38.498262098078),2994.61,"meters"
"552",2023-10-08 20:57:47,c(-112.064349579156, 38.4982702978176),2994.73,"meters"
"553",2023-10-08 20:57:48,c(-112.064354940399, 38.4982772891068),2994.75,"meters"
"554",2023-10-08 20:57:49,c(-112.064357854982, 38.498280525017),2994.87,"meters"
"555",2023-10-08 20:57:50,c(-112.064359198049, 38.4982827155709),2994.87,"meters"
"556",2023-10-08 20:57:51,c(-112.064360715775, 38.4982861333924),2994.89,"meters"
"557",2023-10-08 20:57:52,c(-112.064361714616, 38.4982875960298),2994.89,"meters"
"558",2023-10-08 20:57:53,c(-112.064361834456, 38.4982874854653),2994.89,"meters"
"559",2023-10-08 20:57:54,c(-112.064361489954, 38.4982874102454),2994.89,"meters"
"560",2023-10-08 20:57:55,c(-112.064361323268, 38.498287626097),2994.89,"meters"
"561",2023-10-08 20:57:56,c(-112.064361260076, 38.4982875187603),2994.89,"meters"
"562",2023-10-08 20:57:57,c(-112.064360403149, 38.4982869023304),2994.89,"meters"
"563",2023-10-08 20:57:58,c(-112.064360269061, 38.4982866622209),2994.89,"meters"
"564",2023-10-08 20:57:59,c(-112.064360261375, 38.4982866168871),2994.89,"meters"
"565",2023-10-08 20:58:00,c(-112.064360335155, 38.498286543737),2994.89,"meters"
"566",2023-10-08 20:58:01,c(-112.064360411786, 38.4982865712197),2994.89,"meters"
"567",2023-10-08 21:43:33,c(-112.064352142617, 38.4982698833558),2994.73,"meters"
"568",2023-10-08 21:43:34,c(-112.064352090528, 38.4982698794896),2994.73,"meters"
"569",2023-10-08 21:43:35,c(-112.064352001559, 38.4982699502658),2994.73,"meters"
"570",2023-10-08 21:43:36,c(-112.064352094206, 38.4982700085052),2994.73,"meters"
"571",2023-10-08 21:43:37,c(-112.064352201288, 38.4982700016868),2994.73,"meters"
"572",2023-10-08 21:43:38,c(-112.064352161782, 38.4982700050271),2994.73,"meters"
"573",2023-10-08 21:43:39,c(-112.064351568742, 38.4982698670649),2994.73,"meters"
"574",2023-10-08 21:43:40,c(-112.064346306064, 38.4982689697655),2994.73,"meters"
"575",2023-10-08 21:43:41,c(-112.064343935339, 38.4982681646615),2994.63,"meters"
"576",2023-10-08 21:43:42,c(-112.064343382174, 38.4982678919463),2994.63,"meters"
"577",2023-10-08 21:43:43,c(-112.064340126512, 38.4982607215421),2994.61,"meters"
"578",2023-10-08 21:43:44,c(-112.064330803044, 38.4982307464961),2994.45,"meters"
"579",2023-10-08 21:43:45,c(-112.064314941596, 38.4981793727047),2994.26,"meters"
"580",2023-10-08 21:43:46,c(-112.064288327719, 38.4981017305528),2993.59,"meters"
"581",2023-10-08 21:43:47,c(-112.064262012243, 38.4980240760344),2992.51,"meters"
"582",2023-10-08 21:43:48,c(-112.064237522041, 38.4979546622253),2991.71,"meters"
"583",2023-10-08 21:43:49,c(-112.064209773914, 38.4978818554642),2990.67,"meters"
"584",2023-10-08 21:43:50,c(-112.064167319943, 38.4978118878344),2989.87,"meters"
"585",2023-10-08 21:43:51,c(-112.064105855012, 38.4977464443217),2988.94,"meters"
"586",2023-10-08 21:43:52,c(-112.064030295754, 38.4976878439091),2987.91,"meters"
"587",2023-10-08 21:43:53,c(-112.063947204357, 38.4976327222903),2986.89,"meters"
"588",2023-10-08 21:43:54,c(-112.063857686224, 38.4975835419444),2985.78,"meters"
"589",2023-10-08 21:43:55,c(-112.063761474606, 38.4975414973512),2985.16,"meters"
"590",2023-10-08 21:43:56,c(-112.063670131688, 38.497501262488),2984.87,"meters"
"591",2023-10-08 21:43:57,c(-112.063578137348, 38.4974516887385),2984.25,"meters"
"592",2023-10-08 21:43:58,c(-112.063484263021, 38.4973952017471),2983.64,"meters"
"593",2023-10-08 21:43:59,c(-112.063389119785, 38.4973391134777),2982.73,"meters"
"594",2023-10-08 21:44:00,c(-112.063300786031, 38.49728363851),2981.85,"meters"
"595",2023-10-08 21:44:01,c(-112.063228446688, 38.49722249973),2980.52,"meters"
"596",2023-10-08 21:44:02,c(-112.063158643417, 38.497153209666),2980.4,"meters"
"597",2023-10-08 21:44:03,c(-112.063081232955, 38.4970880256292),2980.13,"meters"
"598",2023-10-08 21:44:04,c(-112.063000960751, 38.4970275242304),2979.76,"meters"
"599",2023-10-08 21:44:05,c(-112.062915388913, 38.4969654464326),2979.12,"meters"
"600",2023-10-08 21:44:06,c(-112.06283530304, 38.4969052890076),2978.16,"meters"
"601",2023-10-08 21:44:07,c(-112.062768777901, 38.4968433922475),2977.15,"meters"
"602",2023-10-08 21:44:08,c(-112.062700218899, 38.4967777554197),2976.15,"meters"
"603",2023-10-08 21:44:09,c(-112.062622974019, 38.4967217664072),2975.05,"meters"
"604",2023-10-08 21:44:10,c(-112.062547058426, 38.4966671312788),2974.49,"meters"
"605",2023-10-08 21:44:11,c(-112.062468247713, 38.4966079734588),2974.05,"meters"
"606",2023-10-08 21:44:12,c(-112.062385621633, 38.496546494676),2973.98,"meters"
"607",2023-10-08 21:44:13,c(-112.062303661885, 38.4964855847704),2973.85,"meters"
"608",2023-10-08 21:44:14,c(-112.062227600838, 38.4964290033261),2973.93,"meters"
"609",2023-10-08 21:44:15,c(-112.062159282079, 38.496375231566),2973.95,"meters"
"610",2023-10-08 21:44:16,c(-112.062095068387, 38.4963155222377),2973.97,"meters"
"611",2023-10-08 21:44:17,c(-112.062032115901, 38.4962575923567),2973.9,"meters"
"612",2023-10-08 21:44:18,c(-112.061965661169, 38.4961971867897),2973.77,"meters"
"613",2023-10-08 21:44:19,c(-112.061894613699, 38.4961352270131),2973.76,"meters"
"614",2023-10-08 21:44:20,c(-112.061826725988, 38.4960752449702),2973.76,"meters"
"615",2023-10-08 21:44:21,c(-112.06175934382, 38.4960150483043),2973.65,"meters"
"616",2023-10-08 21:44:22,c(-112.061692251135, 38.4959550828809),2973.63,"meters"
"617",2023-10-08 21:44:23,c(-112.061624466781, 38.4958948778303),2973.6,"meters"
"618",2023-10-08 21:44:24,c(-112.061555054528, 38.495833213576),2973.57,"meters"
"619",2023-10-08 21:44:25,c(-112.061484159906, 38.4957698177052),2973.43,"meters"
"620",2023-10-08 21:44:26,c(-112.061412293953, 38.4957056007181),2973.4,"meters"
"621",2023-10-08 21:44:27,c(-112.061339596476, 38.4956409918883),2973.46,"meters"
"622",2023-10-08 21:44:28,c(-112.061263389282, 38.495573417665),2973.56,"meters"
"623",2023-10-08 21:44:29,c(-112.061190518713, 38.4955086908424),2973.66,"meters"
"624",2023-10-08 21:44:30,c(-112.061120875992, 38.4954462438555),2973.65,"meters"
"625",2023-10-08 21:44:31,c(-112.061049708125, 38.4953830605145),2973.83,"meters"
"626",2023-10-08 21:44:32,c(-112.060974028117, 38.495315706161),2974.17,"meters"
"627",2023-10-08 21:44:33,c(-112.06089357472, 38.4952439271176),2974.21,"meters"
"628",2023-10-08 21:44:34,c(-112.060811702432, 38.4951711790491),2974.04,"meters"
"629",2023-10-08 21:44:35,c(-112.060732164955, 38.495100993521),2974.12,"meters"
"630",2023-10-08 21:44:36,c(-112.060654997235, 38.4950333542509),2974.21,"meters"
"631",2023-10-08 21:44:37,c(-112.060572751089, 38.4949617336536),2974.39,"meters"
"632",2023-10-08 21:44:38,c(-112.060493954719, 38.4948927346491),2974.62,"meters"
"633",2023-10-08 21:44:39,c(-112.060410410777, 38.4948190206892),2974.82,"meters"
"634",2023-10-08 21:44:40,c(-112.060320886948, 38.4947406513697),2975.05,"meters"
"635",2023-10-08 21:44:41,c(-112.060229229358, 38.4946608390123),2975.3,"meters"
"636",2023-10-08 21:44:42,c(-112.060140063493, 38.4945838207269),2975.42,"meters"
"637",2023-10-08 21:44:43,c(-112.060053202903, 38.4945085133631),2975.69,"meters"
"638",2023-10-08 21:44:44,c(-112.059960913084, 38.4944291169048),2975.85,"meters"
"639",2023-10-08 21:44:45,c(-112.059865478806, 38.4943520411976),2976.08,"meters"
"640",2023-10-08 21:44:46,c(-112.059767125514, 38.4942744221164),2976.43,"meters"
"641",2023-10-08 21:44:47,c(-112.059668729368, 38.4941969828719),2977,"meters"
"642",2023-10-08 21:44:48,c(-112.059570929796, 38.4941181061396),2977.36,"meters"
"643",2023-10-08 21:44:49,c(-112.059477839792, 38.4940424314058),2977.53,"meters"
"644",2023-10-08 21:44:50,c(-112.059380309197, 38.4939630246422),2977.96,"meters"
"645",2023-10-08 21:44:51,c(-112.059278486217, 38.4938799226559),2978.38,"meters"
"646",2023-10-08 21:44:52,c(-112.059178449268, 38.4937980181744),2978.84,"meters"
"647",2023-10-08 21:44:53,c(-112.059084088966, 38.4937216195889),2979.26,"meters"
"648",2023-10-08 21:44:54,c(-112.058995453429, 38.4936497729377),2979.61,"meters"
"649",2023-10-08 21:44:55,c(-112.058898882772, 38.4935712400109),2980.25,"meters"
"650",2023-10-08 21:44:56,c(-112.058807262301, 38.4934965646951),2980.6,"meters"
"651",2023-10-08 21:44:57,c(-112.058720844014, 38.4934255355522),2980.98,"meters"
"652",2023-10-08 21:44:58,c(-112.058630448221, 38.4933512404494),2981.28,"meters"
"653",2023-10-08 21:44:59,c(-112.05853980237, 38.4932769846405),2981.58,"meters"
"654",2023-10-08 21:45:00,c(-112.058449606463, 38.4932027265846),2981.93,"meters"
"655",2023-10-08 21:45:01,c(-112.058358825429, 38.4931282169821),2982.35,"meters"
"656",2023-10-08 21:45:02,c(-112.058263346561, 38.4930500921622),2982.71,"meters"
"657",2023-10-08 21:45:03,c(-112.058171694658, 38.4929754462242),2983.21,"meters"
"658",2023-10-08 21:45:04,c(-112.058084855935, 38.4929039836793),2983.57,"meters"
"659",2023-10-08 21:45:05,c(-112.057992918864, 38.492828560617),2983.94,"meters"
"660",2023-10-08 21:45:06,c(-112.057898369763, 38.4927507010597),2984.33,"meters"
"661",2023-10-08 21:45:07,c(-112.057811915443, 38.4926797644734),2984.79,"meters"
"662",2023-10-08 21:45:08,c(-112.057731722497, 38.4926148957822),2985.16,"meters"
"663",2023-10-08 21:45:09,c(-112.057652460474, 38.4925505519959),2985.49,"meters"
"664",2023-10-08 21:45:10,c(-112.057570866348, 38.4924834964721),2985.89,"meters"
"665",2023-10-08 21:45:11,c(-112.057489246175, 38.4924160963688),2986.18,"meters"
"666",2023-10-08 21:45:12,c(-112.05741720164, 38.4923574685137),2986.46,"meters"
"667",2023-10-08 21:45:13,c(-112.057360261281, 38.4923114669319),2986.68,"meters"
"668",2023-10-08 21:45:14,c(-112.057331003914, 38.4922888536005),2986.78,"meters"
"669",2023-10-08 21:45:15,c(-112.057319359367, 38.4922807953391),2986.84,"meters"
"670",2023-10-08 21:45:16,c(-112.057314504906, 38.4922775496749),2986.87,"meters"
"671",2023-10-08 21:45:17,c(-112.05731241859, 38.4922763989175),2986.87,"meters"
"672",2023-10-08 21:45:18,c(-112.057311826391, 38.4922761672644),2986.87,"meters"
"673",2023-10-08 21:45:19,c(-112.057312283092, 38.4922759772069),2986.87,"meters"
"674",2023-10-08 21:45:20,c(-112.05731284511, 38.4922759478324),2986.87,"meters"
"675",2023-10-08 21:45:21,c(-112.05731301499, 38.4922757237421),2986.87,"meters"
"676",2023-10-08 21:45:22,c(-112.057312663676, 38.4922755990101),2986.87,"meters"
"677",2023-10-08 21:45:23,c(-112.057311953486, 38.492275216155),2986.87,"meters"
"678",2023-10-08 21:45:24,c(-112.057311793409, 38.4922746111825),2986.87,"meters"
"679",2023-10-08 21:45:25,c(-112.057311807624, 38.4922743867634),2986.87,"meters"
"680",2023-10-08 21:45:26,c(-112.057311820929, 38.4922743483464),2986.87,"meters"
"681",2023-10-08 21:45:27,c(-112.057312187788, 38.4922740667675),2986.87,"meters"
"682",2023-10-08 21:45:28,c(-112.057312566902, 38.4922738400467),2986.87,"meters"
"683",2023-10-08 21:45:29,c(-112.057312935219, 38.4922738747521),2986.87,"meters"
"684",2023-10-08 21:45:30,c(-112.05731318718, 38.4922738206464),2986.87,"meters"
"685",2023-10-08 21:45:31,c(-112.057313693178, 38.4922736287804),2986.87,"meters"
"686",2023-10-08 21:45:32,c(-112.057314250295, 38.4922733768501),2986.87,"meters"
"687",2023-10-08 21:45:33,c(-112.05731452024, 38.4922732534333),2986.87,"meters"
"688",2023-10-08 21:45:34,c(-112.0573146612, 38.4922731998906),2986.87,"meters"
"689",2023-10-08 21:45:35,c(-112.057314933246, 38.4922731708997),2986.87,"meters"
"690",2023-10-08 21:45:36,c(-112.057314783743, 38.4922733481881),2986.87,"meters"
"691",2023-10-08 21:45:37,c(-112.057314517649, 38.4922735149442),2986.87,"meters"
"692",2023-10-08 21:45:38,c(-112.057314172165, 38.4922736089006),2986.87,"meters"
"693",2023-10-08 21:45:39,c(-112.057314192289, 38.492273674571),2986.87,"meters"
"694",2023-10-08 21:45:40,c(-112.057314314928, 38.4922737116976),2986.87,"meters"
"695",2023-10-08 21:45:41,c(-112.057314542794, 38.4922735575413),2986.87,"meters"
"696",2023-10-08 21:45:42,c(-112.057314654586, 38.492273200944),2986.87,"meters"
"697",2023-10-08 21:45:43,c(-112.057314673034, 38.4922729543723),2986.87,"meters"
"698",2023-10-08 21:45:44,c(-112.057314477665, 38.4922729574961),2986.87,"meters"
"699",2023-10-08 21:45:45,c(-112.057314589704, 38.4922729460422),2986.87,"meters"
"700",2023-10-08 21:45:46,c(-112.057314165425, 38.4922731376342),2986.87,"meters"
"701",2023-10-08 21:45:47,c(-112.057313909065, 38.4922733606284),2986.87,"meters"
"702",2023-10-08 21:45:48,c(-112.057314135664, 38.4922730678149),2986.87,"meters"
"703",2023-10-08 21:45:49,c(-112.057314334044, 38.4922727459009),2986.87,"meters"
"704",2023-10-08 21:45:50,c(-112.057314553751, 38.4922727442508),2986.87,"meters"
"705",2023-10-08 21:45:51,c(-112.057315157101, 38.4922727117785),2986.87,"meters"
"706",2023-10-08 21:45:52,c(-112.05731563252, 38.4922726686223),2986.87,"meters"
"707",2023-10-08 21:45:53,c(-112.057315750924, 38.4922728068421),2986.87,"meters"
"708",2023-10-08 21:45:54,c(-112.05731596884, 38.4922729507005),2986.87,"meters"
"709",2023-10-08 21:45:55,c(-112.057316440246, 38.4922729802942),2986.87,"meters"
"710",2023-10-08 21:45:56,c(-112.057316212106, 38.4922728952944),2986.87,"meters"
"711",2023-10-08 21:45:57,c(-112.057315846437, 38.4922726054403),2986.87,"meters"
"712",2023-10-08 21:45:58,c(-112.057315593438, 38.4922724684872),2986.87,"meters"
"713",2023-10-08 21:45:59,c(-112.057315662272, 38.4922726037415),2986.87,"meters"
"714",2023-10-08 21:46:00,c(-112.057315708559, 38.4922731231114),2986.87,"meters"
"715",2023-10-08 21:46:01,c(-112.057315921293, 38.49227338803),2986.87,"meters"
"716",2023-10-08 21:46:02,c(-112.057316085082, 38.4922734060602),2986.87,"meters"
"717",2023-10-08 21:46:03,c(-112.057315593928, 38.4922733603544),2986.87,"meters"
"718",2023-10-08 21:46:04,c(-112.05731571325, 38.4922734524785),2986.87,"meters"
"719",2023-10-08 21:46:05,c(-112.057315988712, 38.4922735041884),2986.87,"meters"
"720",2023-10-08 21:46:06,c(-112.057316210973, 38.4922734309957),2986.87,"meters"
"721",2023-10-08 21:46:07,c(-112.05731652341, 38.4922732888063),2986.87,"meters"
"722",2023-10-08 21:46:08,c(-112.057316412439, 38.4922732833315),2986.87,"meters"
"723",2023-10-08 21:46:09,c(-112.057316262944, 38.4922733804671),2986.87,"meters"
"724",2023-10-08 21:46:10,c(-112.057316204333, 38.4922734784005),2986.87,"meters"
"725",2023-10-08 21:46:11,c(-112.057316241236, 38.4922736523458),2986.87,"meters"
"726",2023-10-08 21:46:12,c(-112.05731650649, 38.4922738816424),2986.87,"meters"
"727",2023-10-08 21:46:13,c(-112.057316425121, 38.4922740552041),2986.87,"meters"
"728",2023-10-08 21:46:14,c(-112.057316125626, 38.4922740656715),2986.87,"meters"
"729",2023-10-08 21:46:15,c(-112.057316012746, 38.4922741948426),2986.87,"meters"
"730",2023-10-08 21:46:16,c(-112.057315800991, 38.4922743764056),2986.87,"meters"
"731",2023-10-08 21:46:17,c(-112.057315784045, 38.4922743099293),2986.87,"meters"
"732",2023-10-08 21:46:18,c(-112.057315926265, 38.4922740517515),2986.87,"meters"
"733",2023-10-08 21:46:19,c(-112.057315961628, 38.4922740812356),2986.87,"meters"
"734",2023-10-08 21:46:20,c(-112.057315846717, 38.4922742736861),2986.87,"meters"
"735",2023-10-08 21:46:21,c(-112.057316034893, 38.4922744972666),2986.87,"meters"
"736",2023-10-08 21:46:22,c(-112.057316040756, 38.4922749774871),2986.87,"meters"
"737",2023-10-08 21:46:23,c(-112.057316047478, 38.4922751472125),2986.87,"meters"
"738",2023-10-08 21:46:24,c(-112.057316161058, 38.4922750790922),2986.87,"meters"
"739",2023-10-08 21:46:25,c(-112.057316049859, 38.4922753539302),2986.87,"meters"
"740",2023-10-08 21:46:26,c(-112.057316258042, 38.4922758506116),2986.87,"meters"
"741",2023-10-08 21:46:27,c(-112.057316830144, 38.4922760931157),2986.87,"meters"
"742",2023-10-08 21:46:28,c(-112.057317163671, 38.4922759677808),2986.87,"meters"
"743",2023-10-08 21:46:29,c(-112.057317418141, 38.4922754755933),2986.87,"meters"
"744",2023-10-08 21:46:30,c(-112.057317611409, 38.492275000888),2986.87,"meters"
"745",2023-10-08 21:46:31,c(-112.057317601956, 38.492274784525),2986.87,"meters"
"746",2023-10-08 21:46:32,c(-112.057317604827, 38.4922748568652),2986.87,"meters"
"747",2023-10-08 21:46:33,c(-112.057317270809, 38.4922747221042),2986.87,"meters"
"748",2023-10-08 21:46:34,c(-112.057316640587, 38.4922750121775),2986.87,"meters"
"749",2023-10-08 21:46:35,c(-112.057316575884, 38.4922750853945),2986.87,"meters"
"750",2023-10-08 21:46:36,c(-112.057316825942, 38.4922748164204),2986.87,"meters"
"751",2023-10-08 21:46:37,c(-112.057317245343, 38.4922743842668),2986.87,"meters"
"752",2023-10-08 21:46:38,c(-112.057317315625, 38.4922739653816),2986.87,"meters"
"753",2023-10-08 21:46:39,c(-112.057316932673, 38.4922735600323),2986.87,"meters"
"754",2023-10-08 21:46:40,c(-112.057316587018, 38.4922733560249),2986.87,"meters"
"755",2023-10-08 21:46:41,c(-112.057316441863, 38.4922740072264),2986.87,"meters"
"756",2023-10-08 21:46:42,c(-112.057316302315, 38.4922747847031),2986.87,"meters"
"757",2023-10-08 21:46:43,c(-112.057315945261, 38.492275211402),2986.87,"meters"
"758",2023-10-08 21:46:44,c(-112.057316127096, 38.4922752180731),2986.87,"meters"
"759",2023-10-08 21:46:45,c(-112.057316732996, 38.4922751781824),2986.87,"meters"
"760",2023-10-08 21:46:46,c(-112.057317726052, 38.4922748672877),2986.87,"meters"
"761",2023-10-08 21:46:47,c(-112.057317919238, 38.4922743588138),2986.87,"meters"
"762",2023-10-08 21:46:48,c(-112.057317544255, 38.4922741539046),2986.87,"meters"
"763",2023-10-08 21:46:49,c(-112.05731732723, 38.4922740378663),2986.87,"meters"
"764",2023-10-08 21:46:50,c(-112.057317601886, 38.4922738943567),2986.87,"meters"
"765",2023-10-08 21:46:51,c(-112.057317818994, 38.4922736034264),2986.87,"meters"
"766",2023-10-08 21:46:52,c(-112.057317772886, 38.4922734106089),2986.87,"meters"
"767",2023-10-08 21:46:53,c(-112.057317787521, 38.4922734545063),2986.87,"meters"
"768",2023-10-08 21:46:54,c(-112.057318000046, 38.4922736725682),2986.87,"meters"
"769",2023-10-08 21:46:55,c(-112.057318319218, 38.4922738516102),2986.87,"meters"
"770",2023-10-08 21:46:56,c(-112.057318178749, 38.492273886465),2986.87,"meters"
"771",2023-10-08 21:46:57,c(-112.057317638229, 38.4922736958047),2986.87,"meters"
"772",2023-10-08 21:46:58,c(-112.057317687736, 38.4922737412914),2986.87,"meters"
"773",2023-10-08 21:46:59,c(-112.057317737313, 38.4922740749881),2986.87,"meters"
"774",2023-10-08 21:47:00,c(-112.057317780448, 38.4922747530132),2986.87,"meters"
"775",2023-10-08 21:47:01,c(-112.057317605177, 38.4922749640603),2986.87,"meters"
"776",2023-10-08 21:47:02,c(-112.057317512604, 38.4922745667371),2986.87,"meters"
"777",2023-10-08 21:47:03,c(-112.057317848372, 38.492274380187),2986.87,"meters"
"778",2023-10-08 21:47:04,c(-112.057318159562, 38.492274387147),2986.87,"meters"
"779",2023-10-08 21:47:05,c(-112.057318172937, 38.4922744240844),2986.87,"meters"
"780",2023-10-08 21:47:06,c(-112.057317833177, 38.4922744561443),2986.87,"meters"
"781",2023-10-08 21:47:07,c(-112.05731732893, 38.492274368514),2986.87,"meters"
"782",2023-10-08 21:47:08,c(-112.057316977966, 38.4922745775334),2986.87,"meters"
"783",2023-10-08 21:47:09,c(-112.057315794339, 38.4922748838832),2986.87,"meters"
"784",2023-10-08 21:47:10,c(-112.057315190516, 38.4922749957913),2986.87,"meters"
"785",2023-10-08 21:47:11,c(-112.057314934226, 38.4922750077932),2986.87,"meters"
"786",2023-10-08 21:47:12,c(-112.057315078196, 38.492274901201),2986.87,"meters"
"787",2023-10-08 21:47:13,c(-112.057315406262, 38.4922745127559),2986.87,"meters"
"788",2023-10-08 21:47:14,c(-112.057315442255, 38.4922742581951),2986.87,"meters"
"789",2023-10-08 21:47:15,c(-112.057315655868, 38.4922742116921),2986.87,"meters"
"790",2023-10-08 21:47:16,c(-112.057316054301, 38.4922740883296),2986.87,"meters"
"791",2023-10-08 21:47:17,c(-112.057316716003, 38.4922739076191),2986.87,"meters"
"792",2023-10-08 21:47:18,c(-112.057317084404, 38.4922739426931),2986.87,"meters"
"793",2023-10-08 21:47:19,c(-112.057316977616, 38.4922739356235),2986.87,"meters"
"794",2023-10-08 21:47:20,c(-112.057316908361, 38.4922739823706),2986.87,"meters"
"795",2023-10-08 21:47:21,c(-112.057316851571, 38.4922737774615),2986.87,"meters"
"796",2023-10-08 21:47:22,c(-112.057316850101, 38.4922734371884),2986.87,"meters"
"797",2023-10-08 21:47:23,c(-112.057316590589, 38.4922736748699),2986.87,"meters"
"798",2023-10-08 21:47:24,c(-112.057316424141, 38.4922736993121),2986.87,"meters"
"799",2023-10-08 21:47:25,c(-112.05731590476, 38.4922735960142),2986.87,"meters"
"800",2023-10-08 21:47:26,c(-112.057315868361, 38.492273563171),2986.87,"meters"
"801",2023-10-08 21:47:27,c(-112.057316126886, 38.4922736009952),2986.87,"meters"
"802",2023-10-08 21:47:28,c(-112.057316189138, 38.4922734317081),2986.87,"meters"
"803",2023-10-08 21:47:29,c(-112.057316415878, 38.4922733909345),2986.87,"meters"
"804",2023-10-08 21:47:30,c(-112.057316659844, 38.4922732576532),2986.87,"meters"
"805",2023-10-08 21:47:31,c(-112.057316966272, 38.4922731095749),2986.87,"meters"
"806",2023-10-08 21:47:32,c(-112.057317186639, 38.4922729407263),2986.87,"meters"
"807",2023-10-08 21:47:33,c(-112.057317508893, 38.4922730878729),2986.87,"meters"
"808",2023-10-08 21:47:34,c(-112.057317490336, 38.4922736015432),2986.87,"meters"
"809",2023-10-08 21:47:35,c(-112.057317230965, 38.4922737641443),2986.87,"meters"
"810",2023-10-08 21:47:36,c(-112.057316586388, 38.4922731746811),2986.87,"meters"
"811",2023-10-08 21:47:37,c(-112.05731616687, 38.4922726743827),2986.87,"meters"
"812",2023-10-08 21:47:38,c(-112.057315813736, 38.4922723581135),2986.87,"meters"
"813",2023-10-08 21:47:39,c(-112.057316059872, 38.4922724322623),2986.87,"meters"
"814",2023-10-08 21:47:40,c(-112.057315736919, 38.4922725143574),2986.87,"meters"
"815",2023-10-08 21:47:41,c(-112.057314879677, 38.4922723135585),2986.87,"meters"
"816",2023-10-08 21:47:42,c(-112.057314371367, 38.4922716451239),2986.87,"meters"
"817",2023-10-08 21:47:43,c(-112.057313964734, 38.4922711775979),2986.87,"meters"
"818",2023-10-08 21:47:44,c(-112.057313590803, 38.4922712356893),2986.87,"meters"
"819",2023-10-08 21:47:45,c(-112.057313191942, 38.4922713864529),2986.87,"meters"
"820",2023-10-08 21:47:46,c(-112.057313417491, 38.4922714654791),2986.87,"meters"
"821",2023-10-08 21:47:47,c(-112.0573138125, 38.4922713677102),2986.87,"meters"
"822",2023-10-08 21:47:48,c(-112.057314222915, 38.4922714388995),2986.87,"meters"
"823",2023-10-08 21:47:49,c(-112.057314420035, 38.492271338226),2986.87,"meters"
"824",2023-10-08 21:47:50,c(-112.057314317378, 38.4922710612507),2986.87,"meters"
"825",2023-10-08 21:47:51,c(-112.057313909415, 38.4922709844166),2986.87,"meters"
"826",2023-10-08 21:47:52,c(-112.057313235848, 38.4922709325728),2986.87,"meters"
"827",2023-10-08 21:47:53,c(-112.057312740563, 38.4922710771436),2986.87,"meters"
"828",2023-10-08 21:47:54,c(-112.057312595262, 38.4922710469471),2986.87,"meters"
"829",2023-10-08 21:47:55,c(-112.057312884393, 38.4922707688209),2986.87,"meters"
"830",2023-10-08 21:47:56,c(-112.057312810167, 38.4922706049593),2986.87,"meters"
"831",2023-10-08 21:47:57,c(-112.057312924715, 38.4922707514184),2986.87,"meters"
"832",2023-10-08 21:47:58,c(-112.057313031803, 38.4922706491855),2986.87,"meters"
"833",2023-10-08 21:47:59,c(-112.057313064147, 38.4922702844702),2986.87,"meters"
"834",2023-10-08 21:48:00,c(-112.057312834256, 38.4922700833425),2986.87,"meters"
"835",2023-10-08 21:48:01,c(-112.057312301559, 38.4922699358471),2986.87,"meters"
"836",2023-10-08 21:48:02,c(-112.057312228153, 38.4922699838138),2986.87,"meters"
"837",2023-10-08 21:48:03,c(-112.057312555137, 38.492269959268),2986.87,"meters"
"838",2023-10-08 21:48:04,c(-112.057312892586, 38.4922697777599),2986.87,"meters"
"839",2023-10-08 21:48:05,c(-112.057312803095, 38.492269367832),2986.87,"meters"
"840",2023-10-08 21:48:06,c(-112.057312254942, 38.4922690170915),2986.87,"meters"
"841",2023-10-08 21:48:07,c(-112.057311610995, 38.4922688322403),2986.87,"meters"
"842",2023-10-08 21:48:08,c(-112.057311206462, 38.4922687110705),2986.87,"meters"
"843",2023-10-08 21:48:09,c(-112.057311033641, 38.4922685597588),2986.87,"meters"
"844",2023-10-08 21:48:10,c(-112.057311187556, 38.4922685053941),2986.87,"meters"
"845",2023-10-08 21:48:11,c(-112.057311481729, 38.492268476184),2986.87,"meters"
"846",2023-10-08 21:48:12,c(-112.057311418077, 38.4922683463552),2986.87,"meters"
"847",2023-10-08 21:48:13,c(-112.057311191827, 38.4922684528378),2986.87,"meters"
"848",2023-10-08 21:48:14,c(-112.057310978672, 38.492268621522),2986.87,"meters"
"849",2023-10-08 21:48:15,c(-112.057310987132, 38.4922686296877),2986.87,"meters"
"850",2023-10-08 21:48:16,c(-112.057311038745, 38.4922684604676),2986.87,"meters"
"851",2023-10-08 21:48:17,c(-112.057310862151, 38.4922682974707),2986.87,"meters"
"852",2023-10-08 21:48:18,c(-112.05731085858, 38.4922682659041),2986.87,"meters"
"853",2023-10-08 21:48:19,c(-112.057311046526, 38.4922681887213),2986.87,"meters"
"854",2023-10-08 21:48:20,c(-112.057311115676, 38.4922682584646),2986.87,"meters"
"855",2023-10-08 21:48:21,c(-112.057311173016, 38.4922682978793),2986.87,"meters"
"856",2023-10-08 21:48:22,c(-112.057311151073, 38.4922683134733),2986.87,"meters"
"857",2023-10-08 21:48:23,c(-112.057310966628, 38.4922681824388),2986.87,"meters"
"858",2023-10-08 21:48:24,c(-112.057311098408, 38.4922678769907),2986.87,"meters"
"859",2023-10-08 21:48:25,c(-112.057311230613, 38.4922678139117),2986.87,"meters"
"860",2023-10-08 21:48:26,c(-112.057310993237, 38.4922678535649),2986.87,"meters"
"861",2023-10-08 21:48:27,c(-112.057310860751, 38.492267907272),2986.87,"meters"
"862",2023-10-08 21:48:28,c(-112.057310511958, 38.4922677514117),2986.87,"meters"
"863",2023-10-08 21:48:29,c(-112.057310578341, 38.4922677215988),2986.87,"meters"
"864",2023-10-08 21:48:30,c(-112.057310643254, 38.4922678048448),2986.87,"meters"
"865",2023-10-08 21:48:31,c(-112.057310413643, 38.492267866334),2986.87,"meters"
"866",2023-10-08 21:48:32,c(-112.057310110576, 38.4922677024176),2986.87,"meters"
"867",2023-10-08 21:48:33,c(-112.057309913737, 38.4922673544721),2986.87,"meters"
"868",2023-10-08 21:48:34,c(-112.057309924264, 38.4922672333632),2986.87,"meters"
"869",2023-10-08 21:48:35,c(-112.057310009333, 38.4922671204575),2986.87,"meters"
"870",2023-10-08 21:48:36,c(-112.057310052246, 38.4922671286282),2986.87,"meters"
"871",2023-10-08 21:48:37,c(-112.057310016018, 38.4922671113403),2986.87,"meters"
"872",2023-10-08 21:48:38,c(-112.057309715668, 38.4922669983184),2986.87,"meters"
"873",2023-10-08 21:48:39,c(-112.057309475873, 38.4922668302248),2986.87,"meters"
"874",2023-10-08 21:48:40,c(-112.057309250813, 38.4922666025723),2986.87,"meters"
"875",2023-10-08 21:48:41,c(-112.057309222256, 38.4922663611842),2986.87,"meters"
"876",2023-10-08 21:48:42,c(-112.057309205928, 38.4922660257139),2986.87,"meters"
"877",2023-10-08 21:48:43,c(-112.057309222956, 38.4922658261555),2986.87,"meters"
"878",2023-10-08 21:48:44,c(-112.057309438269, 38.4922658399311),2986.87,"meters"
"879",2023-10-08 21:48:45,c(-112.057309712429, 38.4922658109103),2986.87,"meters"
"880",2023-10-08 21:48:46,c(-112.057310043072, 38.4922656151466),2986.87,"meters"
"881",2023-10-08 21:48:47,c(-112.05731020595, 38.4922654181108),2986.87,"meters"
"882",2023-10-08 21:48:48,c(-112.057310191875, 38.4922654461153),2986.87,"meters"
"883",2023-10-08 21:48:49,c(-112.057310042162, 38.4922652794588),2986.87,"meters"
"884",2023-10-08 21:48:50,c(-112.057309986225, 38.4922650589108),2986.87,"meters"
"885",2023-10-08 21:48:51,c(-112.057309955464, 38.4922648784699),2986.87,"meters"
"886",2023-10-08 21:48:52,c(-112.057309937965, 38.4922646276843),2986.87,"meters"
"887",2023-10-08 21:48:53,c(-112.057309796866, 38.4922645471785),2986.89,"meters"
"888",2023-10-08 21:48:54,c(-112.057309807019, 38.4922646847893),2986.87,"meters"
"889",2023-10-08 21:48:55,c(-112.057310018074, 38.4922647229323),2986.87,"meters"
"890",2023-10-08 21:48:56,c(-112.057310021645, 38.4922648515006),2986.87,"meters"
"891",2023-10-08 21:48:57,c(-112.057309958553, 38.4922648454723),2986.87,"meters"
"892",2023-10-08 21:48:58,c(-112.057309905054, 38.4922646287256),2986.87,"meters"
"893",2023-10-08 21:48:59,c(-112.057309805619, 38.4922646614979),2986.87,"meters"
"894",2023-10-08 21:49:00,c(-112.057309409209, 38.4922647766942),2986.87,"meters"
"895",2023-10-08 21:49:01,c(-112.057309243111, 38.4922646962431),2986.87,"meters"
"896",2023-10-08 21:49:02,c(-112.057309158801, 38.4922645454248),2986.89,"meters"
"897",2023-10-08 21:49:03,c(-112.057308868129, 38.4922643480236),2986.89,"meters"
"898",2023-10-08 21:49:04,c(-112.057308855524, 38.492264207015),2986.89,"meters"
"899",2023-10-08 21:49:05,c(-112.057308990322, 38.4922643315827),2986.89,"meters"
"900",2023-10-08 21:49:06,c(-112.057308916585, 38.4922644627268),2986.89,"meters"
"901",2023-10-08 21:49:07,c(-112.057308961541, 38.4922644173497),2986.89,"meters"
"902",2023-10-08 21:49:08,c(-112.057309011679, 38.4922641641589),2986.89,"meters"
"903",2023-10-08 21:49:09,c(-112.057309188281, 38.4922640450168),2986.89,"meters"
"904",2023-10-08 21:49:10,c(-112.057309210829, 38.4922640929148),2986.89,"meters"
"905",2023-10-08 21:49:11,c(-112.057309188561, 38.4922641080953),2986.89,"meters"
"906",2023-10-08 21:49:12,c(-112.057308769464, 38.4922639939402),2986.89,"meters"
"907",2023-10-08 21:49:13,c(-112.057308527388, 38.4922638653171),2986.89,"meters"
"908",2023-10-08 21:49:14,c(-112.057308642509, 38.492263787935),2986.89,"meters"
"909",2023-10-08 21:49:15,c(-112.057309093608, 38.4922634672267),2986.89,"meters"
"910",2023-10-08 21:49:16,c(-112.05730975156, 38.4922633617854),2986.89,"meters"
"911",2023-10-08 21:49:17,c(-112.057310202169, 38.4922635421427),2986.89,"meters"
"912",2023-10-08 21:49:18,c(-112.057310110646, 38.4922635333193),2986.89,"meters"
"913",2023-10-08 21:49:19,c(-112.05731015077, 38.4922636020974),2986.89,"meters"
"914",2023-10-08 21:49:20,c(-112.057310455518, 38.4922636223745),2986.89,"meters"
"915",2023-10-08 21:49:21,c(-112.057310541368, 38.492263719157),2986.89,"meters"
"916",2023-10-08 21:49:22,c(-112.057310789458, 38.4922639224586),2986.89,"meters"
"917",2023-10-08 21:49:23,c(-112.05731121484, 38.4922640331444),2986.89,"meters"
"918",2023-10-08 21:49:24,c(-112.057311577663, 38.4922638793467),2986.89,"meters"
"919",2023-10-08 21:49:25,c(-112.05731111636, 38.4922641187371),2986.89,"meters"
"920",2023-10-08 21:49:26,c(-112.057310905164, 38.4922644087456),2986.89,"meters"
"921",2023-10-08 21:49:27,c(-112.057310820537, 38.4922645330991),2986.89,"meters"
"922",2023-10-08 21:49:28,c(-112.057310722382, 38.4922643304318),2986.89,"meters"
"923",2023-10-08 21:49:29,c(-112.057310623322, 38.4922640097783),2986.89,"meters"
"924",2023-10-08 21:49:30,c(-112.057310743582, 38.4922637583687),2986.89,"meters"
"925",2023-10-08 21:49:31,c(-112.05731088948, 38.4922634500882),2986.89,"meters"
"926",2023-10-08 21:49:32,c(-112.057310573159, 38.4922633386584),2986.89,"meters"
"927",2023-10-08 21:49:33,c(-112.057310089849, 38.492263756478),2986.89,"meters"
"928",2023-10-08 21:49:34,c(-112.057309518448, 38.4922643280205),2986.89,"meters"
"929",2023-10-08 21:49:35,c(-112.057309343666, 38.4922644673302),2986.89,"meters"
"930",2023-10-08 21:49:36,c(-112.057309377068, 38.4922642646132),2986.89,"meters"
"931",2023-10-08 21:49:37,c(-112.057309528601, 38.4922640515384),2986.89,"meters"
"932",2023-10-08 21:49:38,c(-112.057309452345, 38.4922639071319),2986.89,"meters"
"933",2023-10-08 21:49:39,c(-112.05730955437, 38.4922637206367),2986.89,"meters"
"934",2023-10-08 21:49:40,c(-112.05730978076, 38.4922637572452),2986.89,"meters"
"935",2023-10-08 21:49:41,c(-112.057310099092, 38.492264007367),2986.89,"meters"
"936",2023-10-08 21:49:42,c(-112.057310284167, 38.4922641353873),2986.89,"meters"
"937",2023-10-08 21:49:43,c(-112.057310481682, 38.4922639889033),2986.89,"meters"
"938",2023-10-08 21:49:44,c(-112.05731048415, 38.4922639274518),2986.89,"meters"
"939",2023-10-08 21:49:45,c(-112.057310287108, 38.4922641356613),2986.89,"meters"
"940",2023-10-08 21:49:46,c(-112.057310245794, 38.4922643766857),2986.89,"meters"
"941",2023-10-08 21:49:47,c(-112.057310412383, 38.4922647506627),2986.87,"meters"
"942",2023-10-08 21:49:48,c(-112.057310785645, 38.4922652064365),2986.87,"meters"
"943",2023-10-08 21:49:49,c(-112.057310646431, 38.4922656128714),2986.87,"meters"
"944",2023-10-08 21:49:50,c(-112.057310653407, 38.4922659720615),2986.87,"meters"
"945",2023-10-08 21:49:51,c(-112.057310666642, 38.4922664885269),2986.87,"meters"
"946",2023-10-08 21:49:52,c(-112.057310673505, 38.4922673911355),2986.87,"meters"
"947",2023-10-08 21:49:53,c(-112.057311042324, 38.4922681777806),2986.87,"meters"
"948",2023-10-08 21:49:54,c(-112.057311498185, 38.4922688308155),2986.87,"meters"
"949",2023-10-08 21:49:55,c(-112.057311830733, 38.4922695759197),2986.87,"meters"
"950",2023-10-08 21:49:56,c(-112.057311828842, 38.4922704939829),2986.87,"meters"
"951",2023-10-08 21:49:57,c(-112.057311836194, 38.4922713217303),2986.87,"meters"
"952",2023-10-08 21:49:58,c(-112.057311731297, 38.4922719939463),2986.87,"meters"
"953",2023-10-08 21:49:59,c(-112.057311590968, 38.492272455718),2986.87,"meters"
"954",2023-10-08 21:50:00,c(-112.05731156821, 38.4922729452201),2986.87,"meters"
"955",2023-10-08 21:50:01,c(-112.057311449868, 38.4922734800196),2986.87,"meters"
"956",2023-10-08 21:50:02,c(-112.057311353779, 38.4922740591012),2986.87,"meters"
"957",2023-10-08 21:50:03,c(-112.057311673527, 38.4922744867244),2986.87,"meters"
"958",2023-10-08 21:50:04,c(-112.057312042207, 38.4922751797109),2986.87,"meters"
"959",2023-10-08 21:50:05,c(-112.057312164884, 38.49227597217),2986.87,"meters"
"960",2023-10-08 21:50:06,c(-112.057312264605, 38.4922766359961),2986.87,"meters"
"961",2023-10-08 21:50:07,c(-112.057312262465, 38.4922768960799),2986.87,"meters"
"962",2023-10-08 21:50:08,c(-112.057312385608, 38.4922769645961),2986.87,"meters"
"963",2023-10-08 21:50:09,c(-112.057312635596, 38.4922771101534),2986.87,"meters"
"964",2023-10-08 21:50:10,c(-112.057312852953, 38.4922774127767),2986.87,"meters"
"965",2023-10-08 21:50:11,c(-112.057313011138, 38.4922778913182),2986.87,"meters"
"966",2023-10-08 21:50:12,c(-112.057313166103, 38.4922781908176),2986.87,"meters"
"967",2023-10-08 21:50:13,c(-112.057313391232, 38.4922783917809),2986.87,"meters"
"968",2023-10-08 21:50:14,c(-112.057313617972, 38.4922786739078),2986.87,"meters"
"969",2023-10-08 21:50:15,c(-112.057313983361, 38.4922790879459),2986.87,"meters"
"970",2023-10-08 21:50:16,c(-112.057314168226, 38.4922795035734),2986.87,"meters"
"971",2023-10-08 21:50:17,c(-112.05731434875, 38.492279863466),2986.87,"meters"
"972",2023-10-08 21:50:18,c(-112.057314246023, 38.4922801631846),2986.87,"meters"
"973",2023-10-08 21:50:19,c(-112.057314176784, 38.4922802561857),2986.87,"meters"
"974",2023-10-08 21:50:20,c(-112.057314033206, 38.4922801750271),2986.87,"meters"
"975",2023-10-08 21:50:21,c(-112.057313889808, 38.4922801685554),2986.87,"meters"
"976",2023-10-08 21:50:22,c(-112.057313494869, 38.4922803357051),2986.87,"meters"
"977",2023-10-08 21:50:23,c(-112.057312929871, 38.492280730333),2986.87,"meters"
"978",2023-10-08 21:50:24,c(-112.05731259306, 38.4922811179355),2986.87,"meters"
"979",2023-10-08 21:50:25,c(-112.057312567462, 38.4922813193128),2986.87,"meters"
"980",2023-10-08 21:50:26,c(-112.057312644349, 38.4922818000465),2986.87,"meters"
"981",2023-10-08 21:50:27,c(-112.057312883063, 38.4922823603543),2986.87,"meters"
"982",2023-10-08 21:50:28,c(-112.057313213579, 38.4922829050433),2986.85,"meters"
"983",2023-10-08 21:50:29,c(-112.057313359371, 38.4922832778694),2986.85,"meters"
"984",2023-10-08 21:50:30,c(-112.057313274851, 38.4922834039168),2986.85,"meters"
"985",2023-10-08 21:50:31,c(-112.057312850082, 38.4922833919697),2986.85,"meters"
"986",2023-10-08 21:50:32,c(-112.057312572294, 38.4922832755677),2986.85,"meters"
"987",2023-10-08 21:50:33,c(-112.057312638607, 38.492283157686),2986.85,"meters"
"988",2023-10-08 21:50:34,c(-112.057312819551, 38.4922833525114),2986.85,"meters"
"989",2023-10-08 21:50:35,c(-112.057313107562, 38.4922838988445),2986.85,"meters"
"990",2023-10-08 21:50:36,c(-112.057312820181, 38.492284416625),2986.85,"meters"
"991",2023-10-08 21:50:37,c(-112.057312338736, 38.4922846606687),2986.85,"meters"
"992",2023-10-08 21:50:38,c(-112.057311968313, 38.4922849638486),2986.85,"meters"
"993",2023-10-08 21:50:39,c(-112.057311739452, 38.4922849849541),2986.85,"meters"
"994",2023-10-08 21:50:40,c(-112.057311657981, 38.4922849673423),2986.85,"meters"
"995",2023-10-08 21:50:41,c(-112.05731173998, 38.4922851561393),2986.85,"meters"
"996",2023-10-08 21:50:42,c(-112.057311894665, 38.4922853242208),2986.85,"meters"
"997",2023-10-08 21:50:43,c(-112.057311952785, 38.4922857618243),2986.85,"meters"
"998",2023-10-08 21:50:44,c(-112.057312121825, 38.4922860019171),2986.85,"meters"
"999",2023-10-08 21:50:45,c(-112.057312432244, 38.4922861705465),2986.85,"meters"
"1000",2023-10-08 21:50:46,c(-112.057312670468, 38.4922862404206),2986.85,"meters"
"1001",2023-10-08 21:50:47,c(-112.05731273251, 38.4922862554366),2986.85,"meters"
"1002",2023-10-08 21:50:48,c(-112.057312984249, 38.4922862619034),2986.85,"meters"
"1003",2023-10-08 21:50:49,c(-112.057313277022, 38.492286387896),2986.85,"meters"
"1004",2023-10-08 21:50:50,c(-112.057313574347, 38.4922869744546),2986.85,"meters"
"1005",2023-10-08 21:50:51,c(-112.057313622664, 38.4922874481734),2986.85,"meters"
"1006",2023-10-08 21:50:52,c(-112.057314015572, 38.4922877182497),2986.85,"meters"
"1007",2023-10-08 21:50:53,c(-112.057313966364, 38.4922878199234),2986.85,"meters"
"1008",2023-10-08 21:50:54,c(-112.057313987983, 38.4922877172571),2986.85,"meters"
"1009",2023-10-08 21:50:55,c(-112.057313829937, 38.492287634559),2986.85,"meters"
"1010",2023-10-08 21:50:56,c(-112.057313885816, 38.4922879481978),2986.85,"meters"
"1011",2023-10-08 21:50:57,c(-112.057314153451, 38.4922881205538),2986.85,"meters"
"1012",2023-10-08 21:50:58,c(-112.057314100862, 38.4922880809311),2986.85,"meters"
"1013",2023-10-08 21:50:59,c(-112.057314062769, 38.4922885191375),2986.85,"meters"
"1014",2023-10-08 21:51:00,c(-112.057313595969, 38.4922887317434),2986.85,"meters"
"1015",2023-10-08 21:51:01,c(-112.057313187308, 38.4922885781505),2986.85,"meters"
"1016",2023-10-08 21:51:02,c(-112.057313057845, 38.4922885073548),2986.85,"meters"
"1017",2023-10-08 21:51:03,c(-112.057313013449, 38.4922887649298),2986.85,"meters"
"1018",2023-10-08 21:51:04,c(-112.057312799874, 38.4922888673021),2986.85,"meters"
"1019",2023-10-08 21:51:05,c(-112.057312722006, 38.4922888737141),2986.85,"meters"
"1020",2023-10-08 21:51:06,c(-112.057312741753, 38.4922889368474),2986.85,"meters"
"1021",2023-10-08 21:51:07,c(-112.057312805406, 38.4922889286269),2986.85,"meters"
"1022",2023-10-08 21:51:08,c(-112.057313142645, 38.4922889889104),2986.85,"meters"
"1023",2023-10-08 21:51:09,c(-112.057313204686, 38.4922890851797),2986.85,"meters"
"1024",2023-10-08 21:51:10,c(-112.057313154813, 38.4922888376962),2986.85,"meters"
"1025",2023-10-08 21:51:11,c(-112.057312764371, 38.4922886279766),2986.85,"meters"
"1026",2023-10-08 21:51:12,c(-112.05731244702, 38.4922888118413),2986.85,"meters"
"1027",2023-10-08 21:51:13,c(-112.057312154507, 38.4922890025764),2986.85,"meters"
"1028",2023-10-08 21:51:14,c(-112.057311880831, 38.4922890932009),2986.85,"meters"
"1029",2023-10-08 21:51:15,c(-112.057311970291, 38.4922889981722),2986.85,"meters"
"1030",2023-10-08 21:51:16,c(-112.057312656113, 38.4922889803612),2986.85,"meters"
"1031",2023-10-08 21:51:17,c(-112.057312992448, 38.4922890728739),2986.85,"meters"
"1032",2023-10-08 21:51:18,c(-112.057312720291, 38.4922890581269),2986.85,"meters"
"1033",2023-10-08 21:51:19,c(-112.057312265274, 38.4922890232023),2986.85,"meters"
"1034",2023-10-08 21:51:20,c(-112.057312129108, 38.4922889543296),2986.85,"meters"
"1035",2023-10-08 21:51:21,c(-112.057312276299, 38.4922889856223),2986.85,"meters"
"1036",2023-10-08 21:51:22,c(-112.057312728098, 38.4922892353056),2986.85,"meters"
"1037",2023-10-08 21:51:23,c(-112.057312779357, 38.4922895871969),2986.85,"meters"
"1038",2023-10-08 21:51:24,c(-112.057312743574, 38.492289616133),2986.85,"meters"
"1039",2023-10-08 21:51:25,c(-112.05731281624, 38.4922893985045),2986.85,"meters"
"1040",2023-10-08 21:51:26,c(-112.057312507941, 38.4922893134489),2986.85,"meters"
"1041",2023-10-08 21:51:27,c(-112.057312739792, 38.4922891506347),2986.85,"meters"
"1042",2023-10-08 21:51:28,c(-112.057312993702, 38.4922889871568),2986.85,"meters"
"1043",2023-10-08 21:51:29,c(-112.057312966813, 38.4922887820832),2986.85,"meters"
"1044",2023-10-08 21:51:30,c(-112.057312826063, 38.4922885466487),2986.85,"meters"
"1045",2023-10-08 21:51:31,c(-112.057312626213, 38.4922885049982),2986.85,"meters"
"1046",2023-10-08 21:51:32,c(-112.057312075609, 38.4922887557777),2986.85,"meters"
"1047",2023-10-08 21:51:33,c(-112.057312093185, 38.492288857876),2986.85,"meters"
"1048",2023-10-08 21:51:34,c(-112.05731230508, 38.4922890297388),2986.85,"meters"
"1049",2023-10-08 21:51:35,c(-112.057312130578, 38.4922888281178),2986.85,"meters"
"1050",2023-10-08 21:51:36,c(-112.057312055581, 38.492288743313),2986.85,"meters"
"1051",2023-10-08 21:51:37,c(-112.057312243566, 38.4922889396523),2986.85,"meters"
"1052",2023-10-08 21:51:38,c(-112.057312775365, 38.492289124658),2986.85,"meters"
"1053",2023-10-08 21:51:39,c(-112.05731315735, 38.4922892810663),2986.85,"meters"
"1054",2023-10-08 21:51:40,c(-112.057313218972, 38.4922892500477),2986.85,"meters"
"1055",2023-10-08 21:51:41,c(-112.057313110643, 38.4922887816447),2986.85,"meters"
"1056",2023-10-08 21:51:42,c(-112.057312687204, 38.4922883896923),2986.85,"meters"
"1057",2023-10-08 21:51:43,c(-112.057312485603, 38.4922883208595),2986.85,"meters"
"1058",2023-10-08 21:51:44,c(-112.057312525027, 38.4922882485741),2986.85,"meters"
"1059",2023-10-08 21:51:45,c(-112.05731247615, 38.4922882099926),2986.85,"meters"
"1060",2023-10-08 21:51:46,c(-112.057312311172, 38.4922882030874),2986.85,"meters"
"1061",2023-10-08 21:51:47,c(-112.057312324056, 38.492288258055),2986.85,"meters"
"1062",2023-10-08 21:51:48,c(-112.057312368732, 38.492288223803),2986.85,"meters"
"1063",2023-10-08 21:51:49,c(-112.057312339602, 38.4922881471882),2986.85,"meters"
"1064",2023-10-08 21:51:50,c(-112.057312212437, 38.4922881603509),2986.85,"meters"
"1065",2023-10-08 21:51:51,c(-112.057312329067, 38.4922880381176),2986.85,"meters"
"1066",2023-10-08 21:51:52,c(-112.057312415929, 38.4922880194967),2986.85,"meters"
"1067",2023-10-08 21:51:53,c(-112.057312453181, 38.492288040322),2986.85,"meters"
"1068",2023-10-08 21:51:54,c(-112.057312467607, 38.4922881437904),2986.85,"meters"
"1069",2023-10-08 21:51:55,c(-112.057312734502, 38.4922881409206),2986.85,"meters"
"1070",2023-10-08 21:51:56,c(-112.057314790278, 38.4922882584265),2986.85,"meters"
"1071",2023-10-08 21:51:57,c(-112.057316253561, 38.4922886690242),2986.85,"meters"
"1072",2023-10-08 21:51:58,c(-112.057317011788, 38.4922881611629),2986.85,"meters"
"1073",2023-10-08 21:51:59,c(-112.057318629561, 38.4922879108967),2986.85,"meters"
"1074",2023-10-08 21:52:00,c(-112.057318676259, 38.4922881912012),2986.85,"meters"
"1075",2023-10-08 21:52:01,c(-112.057318407379, 38.4922885085604),2986.85,"meters"
"1076",2023-10-08 21:52:02,c(-112.057318666541, 38.4922886290726),2986.85,"meters"
"1077",2023-10-08 21:52:03,c(-112.057317918887, 38.4922877489333),2986.85,"meters"
"1078",2023-10-08 21:52:04,c(-112.05731889363, 38.492287760716),2986.85,"meters"
"1079",2023-10-08 21:52:05,c(-112.057320866435, 38.4922883066655),2986.84,"meters"
"1080",2023-10-08 21:52:06,c(-112.0573223268, 38.4922890911184),2986.84,"meters"
"1081",2023-10-08 21:52:07,c(-112.057322690419, 38.4922895809494),2986.84,"meters"
"1082",2023-10-08 21:52:08,c(-112.05732309855, 38.4922902969227),2986.84,"meters"
"1083",2023-10-08 21:52:09,c(-112.057323442924, 38.4922909144208),2986.84,"meters"
"1084",2023-10-08 21:52:10,c(-112.057323536826, 38.4922928413012),2986.82,"meters"
"1085",2023-10-08 21:52:11,c(-112.05732409696, 38.4922958700649),2986.82,"meters"
"1086",2023-10-08 21:52:12,c(-112.057326325733, 38.4923049181042),2986.82,"meters"
"1087",2023-10-08 21:52:13,c(-112.057327774655, 38.4923190436471),2986.78,"meters"
"1088",2023-10-08 21:52:14,c(-112.057329953956, 38.4923432521873),2986.78,"meters"
"1089",2023-10-08 21:52:15,c(-112.057334907431, 38.4923743226404),2986.75,"meters"
"1090",2023-10-08 21:52:16,c(-112.057341481067, 38.4924120168817),2986.67,"meters"
"1091",2023-10-08 21:52:17,c(-112.057348077671, 38.4924552451495),2986.61,"meters"
"1092",2023-10-08 21:52:18,c(-112.057358724149, 38.492502250015),2986.59,"meters"
"1093",2023-10-08 21:52:19,c(-112.057379686662, 38.4925508699853),2986.51,"meters"
"1094",2023-10-08 21:52:20,c(-112.05740335129, 38.4926015347177),2986.44,"meters"
"1095",2023-10-08 21:52:21,c(-112.057429131851, 38.4926533774446),2986.36,"meters"
"1096",2023-10-08 21:52:22,c(-112.05746160208, 38.4927046031971),2986.26,"meters"
"1097",2023-10-08 21:52:23,c(-112.05749685432, 38.4927553009209),2986.06,"meters"
"1098",2023-10-08 21:52:24,c(-112.057532774035, 38.4928069129812),2985.98,"meters"
"1099",2023-10-08 21:52:25,c(-112.057569283848, 38.4928588114978),2985.73,"meters"
"1100",2023-10-08 21:52:26,c(-112.057605630434, 38.4929111125438),2985.53,"meters"
"1101",2023-10-08 21:52:27,c(-112.057644037191, 38.4929659671746),2985.41,"meters"
"1102",2023-10-08 21:52:28,c(-112.057681044352, 38.4930179815518),2985.31,"meters"
"1103",2023-10-08 21:52:29,c(-112.057716029511, 38.4930669432929),2985.23,"meters"
"1104",2023-10-08 21:52:30,c(-112.057754529884, 38.4931202275581),2985.13,"meters"
"1105",2023-10-08 21:52:31,c(-112.057790066154, 38.4931710691635),2985.12,"meters"
"1106",2023-10-08 21:52:32,c(-112.057819279631, 38.4932187710522),2985.01,"meters"
"1107",2023-10-08 21:52:33,c(-112.057850178647, 38.493267765602),2984.83,"meters"
"1108",2023-10-08 21:52:34,c(-112.057884486533, 38.4933136833908),2984.6,"meters"
"1109",2023-10-08 21:52:35,c(-112.057919004916, 38.4933582025475),2984.56,"meters"
"1110",2023-10-08 21:52:36,c(-112.057954509104, 38.4934029350529),2984.46,"meters"
"1111",2023-10-08 21:52:37,c(-112.057994656698, 38.4934451204152),2984.23,"meters"
"1112",2023-10-08 21:52:38,c(-112.058040139319, 38.493487134154),2983.98,"meters"
"1113",2023-10-08 21:52:39,c(-112.058084140439, 38.493526216217),2983.83,"meters"
"1114",2023-10-08 21:52:40,c(-112.058126033414, 38.4935627599133),2983.73,"meters"
"1115",2023-10-08 21:52:41,c(-112.0581726828, 38.4936003644411),2983.58,"meters"
"1116",2023-10-08 21:52:42,c(-112.058219909679, 38.4936379514868),2983.34,"meters"
"1117",2023-10-08 21:52:43,c(-112.058267775323, 38.4936758139734),2983.11,"meters"
"1118",2023-10-08 21:52:44,c(-112.058315500318, 38.4937107912784),2982.97,"meters"
"1119",2023-10-08 21:52:45,c(-112.058371532474, 38.4937435838136),2982.81,"meters"
"1120",2023-10-08 21:52:46,c(-112.058432495686, 38.4937771146108),2982.53,"meters"
"1121",2023-10-08 21:52:47,c(-112.058491355553, 38.493809308474),2982.3,"meters"
"1122",2023-10-08 21:52:48,c(-112.058550405679, 38.4938417464033),2982.12,"meters"
"1123",2023-10-08 21:52:49,c(-112.058609912224, 38.4938745037256),2981.86,"meters"
"1124",2023-10-08 21:52:50,c(-112.058669554092, 38.4939071700745),2981.56,"meters"
"1125",2023-10-08 21:52:51,c(-112.05872927971, 38.4939402993188),2981.37,"meters"
"1126",2023-10-08 21:52:52,c(-112.058787531379, 38.4939756281715),2981.25,"meters"
"1127",2023-10-08 21:52:53,c(-112.058845400153, 38.4940117834838),2981.17,"meters"
"1128",2023-10-08 21:52:54,c(-112.058903661205, 38.4940482283761),2980.95,"meters"
"1129",2023-10-08 21:52:55,c(-112.058965005539, 38.4940880374175),2980.61,"meters"
"1130",2023-10-08 21:52:56,c(-112.059022478309, 38.4941260488834),2980.15,"meters"
"1131",2023-10-08 21:52:57,c(-112.059077791415, 38.4941624996975),2979.92,"meters"
"1132",2023-10-08 21:52:58,c(-112.059134355315, 38.4942038417216),2979.53,"meters"
"1133",2023-10-08 21:52:59,c(-112.059189951776, 38.4942525200426),2979.16,"meters"
"1134",2023-10-08 21:53:00,c(-112.059241947223, 38.4943022504748),2979.02,"meters"
"1135",2023-10-08 21:53:01,c(-112.059293170745, 38.494351992845),2978.86,"meters"
"1136",2023-10-08 21:53:02,c(-112.059349718713, 38.4944055894387),2978.39,"meters"
"1137",2023-10-08 21:53:03,c(-112.059412174688, 38.4944642286488),2978.09,"meters"
"1138",2023-10-08 21:53:04,c(-112.059472751263, 38.4945207338573),2977.57,"meters"
"1139",2023-10-08 21:53:05,c(-112.0595311505, 38.4945755920481),2977.19,"meters"
"1140",2023-10-08 21:53:06,c(-112.05959633279, 38.4946369060006),2976.97,"meters"
"1141",2023-10-08 21:53:07,c(-112.059669018243, 38.4947055096325),2976.89,"meters"
"1142",2023-10-08 21:53:08,c(-112.05974164565, 38.494774103402),2976.85,"meters"
"1143",2023-10-08 21:53:09,c(-112.059812096063, 38.4948406013408),2976.98,"meters"
"1144",2023-10-08 21:53:10,c(-112.059886588449, 38.4949108014667),2976.7,"meters"
"1145",2023-10-08 21:53:11,c(-112.059964347964, 38.4949844811396),2976.49,"meters"
"1146",2023-10-08 21:53:12,c(-112.060037091488, 38.4950536482913),2976.35,"meters"
"1147",2023-10-08 21:53:13,c(-112.060105407286, 38.4951185570103),2976.2,"meters"
"1148",2023-10-08 21:53:14,c(-112.060180050275, 38.4951890626887),2976.05,"meters"
"1149",2023-10-08 21:53:15,c(-112.060260093885, 38.4952536270752),2975.8,"meters"
"1150",2023-10-08 21:53:16,c(-112.06033431284, 38.4953095001143),2975.54,"meters"
"1151",2023-10-08 21:53:17,c(-112.06040817912, 38.4953655299119),2975.47,"meters"
"1152",2023-10-08 21:53:18,c(-112.060485494025, 38.4954245471718),2975.31,"meters"
"1153",2023-10-08 21:53:19,c(-112.060561843465, 38.4954832515054),2975.01,"meters"
"1154",2023-10-08 21:53:20,c(-112.060637900833, 38.4955413049414),2974.98,"meters"
"1155",2023-10-08 21:53:21,c(-112.060714443891, 38.4955992688016),2974.73,"meters"
"1156",2023-10-08 21:53:22,c(-112.060790888074, 38.4956570460295),2974.73,"meters"
"1157",2023-10-08 21:53:23,c(-112.060866529775, 38.4957141763331),2974.69,"meters"
"1158",2023-10-08 21:53:24,c(-112.060942358792, 38.4957713420122),2974.51,"meters"
"1159",2023-10-08 21:53:25,c(-112.061018634215, 38.4958290220193),2974.42,"meters"
"1160",2023-10-08 21:53:26,c(-112.061094531191, 38.4958865509888),2974.39,"meters"
"1161",2023-10-08 21:53:27,c(-112.061170570842, 38.4959443613454),2974.54,"meters"
"1162",2023-10-08 21:53:28,c(-112.061247516647, 38.4960030011483),2974.81,"meters"
"1163",2023-10-08 21:53:29,c(-112.061325195505, 38.4960622692972),2975.03,"meters"
"1164",2023-10-08 21:53:30,c(-112.061403348816, 38.4961219055729),2975.1,"meters"
"1165",2023-10-08 21:53:31,c(-112.061483604757, 38.4961823926271),2974.34,"meters"
"1166",2023-10-08 21:53:32,c(-112.061565274006, 38.4962443905918),2973.87,"meters"
"1167",2023-10-08 21:53:33,c(-112.061651600988, 38.4963097387393),2974.21,"meters"
"1168",2023-10-08 21:53:34,c(-112.06173412857, 38.4963720392665),2974.34,"meters"
"1169",2023-10-08 21:53:35,c(-112.061811793132, 38.4964308416126),2974.46,"meters"
"1170",2023-10-08 21:53:36,c(-112.061897419749, 38.496495670263),2974.47,"meters"
"1171",2023-10-08 21:53:37,c(-112.06197904657, 38.4965567837766),2974.43,"meters"
"1172",2023-10-08 21:53:38,c(-112.062056065639, 38.4966140251983),2974.35,"meters"
"1173",2023-10-08 21:53:39,c(-112.062135641343, 38.4966761038882),2974.45,"meters"
"1174",2023-10-08 21:53:40,c(-112.062213618924, 38.4967442391493),2974.38,"meters"
"1175",2023-10-08 21:53:41,c(-112.06229079991, 38.4968062566911),2974.74,"meters"
"1176",2023-10-08 21:53:42,c(-112.062367360964, 38.4968627593657),2974.59,"meters"
"1177",2023-10-08 21:53:43,c(-112.062445978013, 38.4969209594824),2975.09,"meters"
"1178",2023-10-08 21:53:44,c(-112.062523768473, 38.4969792137173),2975.57,"meters"
"1179",2023-10-08 21:53:45,c(-112.062596132142, 38.4970341444081),2976.26,"meters"
"1180",2023-10-08 21:53:46,c(-112.06266578548, 38.4970973281544),2977.05,"meters"
"1181",2023-10-08 21:53:47,c(-112.062737498091, 38.4971661203794),2977.83,"meters"
"1182",2023-10-08 21:53:48,c(-112.062804819093, 38.4972304569332),2978.98,"meters"
"1183",2023-10-08 21:53:49,c(-112.062867074442, 38.4972898320127),2979.79,"meters"
"1184",2023-10-08 21:53:50,c(-112.06292924667, 38.4973491731001),2980.97,"meters"
"1185",2023-10-08 21:53:51,c(-112.062991912726, 38.497408474817),2981.47,"meters"
"1186",2023-10-08 21:53:52,c(-112.06304881578, 38.4974624315633),2983.23,"meters"
"1187",2023-10-08 21:53:53,c(-112.063101022006, 38.4975122934438),2984.61,"meters"
"1188",2023-10-08 21:53:54,c(-112.063155445473, 38.4975644694337),2985.41,"meters"
"1189",2023-10-08 21:53:55,c(-112.063211959829, 38.497618862284),2986.22,"meters"
"1190",2023-10-08 21:53:56,c(-112.063265214301, 38.4976699187528),2986.94,"meters"
"1191",2023-10-08 21:53:57,c(-112.063314530468, 38.497717058307),2987.88,"meters"
"1192",2023-10-08 21:53:58,c(-112.063365197143, 38.4977653699923),2988.86,"meters"
"1193",2023-10-08 21:53:59,c(-112.063419338253, 38.4978140765921),2990.05,"meters"
"1194",2023-10-08 21:54:00,c(-112.063475874361, 38.4978572951077),2990.77,"meters"
"1195",2023-10-08 21:54:01,c(-112.06353383941, 38.4978990083852),2990.75,"meters"
"1196",2023-10-08 21:54:02,c(-112.063598598336, 38.4979364728527),2990.19,"meters"
"1197",2023-10-08 21:54:03,c(-112.063666029381, 38.497970938072),2989.85,"meters"
"1198",2023-10-08 21:54:04,c(-112.063732605443, 38.4980051172631),2989.98,"meters"
"1199",2023-10-08 21:54:05,c(-112.063796525674, 38.498038054112),2990.29,"meters"
"1200",2023-10-08 21:54:06,c(-112.063858020111, 38.4980698728712),2990.63,"meters"
"1201",2023-10-08 21:54:07,c(-112.063920167974, 38.4981015975815),2991.29,"meters"
"1202",2023-10-08 21:54:08,c(-112.063986346877, 38.4981351361619),2991.76,"meters"
"1203",2023-10-08 21:54:09,c(-112.064046108756, 38.4981653565084),2992.16,"meters"
"1204",2023-10-08 21:54:10,c(-112.064098880837, 38.4981921368174),2992.58,"meters"
"1205",2023-10-08 21:54:11,c(-112.0641490451, 38.4982182745012),2993.02,"meters"
"1206",2023-10-08 21:54:12,c(-112.064187842838, 38.4982381672446),2993.34,"meters"
"1207",2023-10-08 21:54:13,c(-112.064222860249, 38.4982540255522),2993.62,"meters"
"1208",2023-10-08 21:54:14,c(-112.064258332925, 38.4982649198366),2993.94,"meters"
"1209",2023-10-08 21:54:15,c(-112.064289433656, 38.4982699118339),2994.27,"meters"
"1210",2023-10-08 21:54:16,c(-112.064314545485, 38.498271984716),2994.43,"meters"
"1211",2023-10-08 21:54:17,c(-112.064334292029, 38.4982735200146),2994.63,"meters"
"1212",2023-10-08 21:54:18,c(-112.064346472939, 38.4982814663301),2994.75,"meters"
"1213",2023-10-08 21:54:19,c(-112.06435234601, 38.4982925048641),2994.77,"meters"
"1214",2023-10-08 21:54:20,c(-112.064353190539, 38.4982945812973),2994.81,"meters"
"1215",2023-10-08 21:54:21,c(-112.064352931868, 38.4982941858459),2994.81,"meters"
"1216",2023-10-08 21:54:22,c(-112.064352790891, 38.4982935180612),2994.81,"meters"
"1217",2023-10-08 21:54:23,c(-112.064351937322, 38.4982932572231),2994.81,"meters"
"1218",2023-10-08 21:54:24,c(-112.06435203087, 38.498292971075),2994.81,"meters"
"1219",2023-10-08 21:54:25,c(-112.064352080138, 38.4982931846984),2994.81,"meters"
"1220",2023-10-08 21:54:26,c(-112.06435170998, 38.4982941005377),2994.81,"meters"
"1221",2023-10-08 21:54:27,c(-112.064351816224, 38.4982943298797),2994.81,"meters"
"1222",2023-10-08 21:54:28,c(-112.064352312594, 38.4982937505062),2994.81,"meters"
"1223",2023-10-08 21:54:29,c(-112.064351518881, 38.4982942951572),2994.81,"meters"
"1224",2023-10-08 21:54:30,c(-112.064351343802, 38.4982939356743),2994.81,"meters"
"1225",2023-10-08 21:54:31,c(-112.064351863769, 38.4982930747225),2994.81,"meters"
"1226",2023-10-08 21:54:32,c(-112.064351871984, 38.4982931746323),2994.81,"meters"
"1227",2023-10-08 21:54:33,c(-112.06435205031, 38.4982936266249),2994.81,"meters"
"1228",2023-10-08 21:54:34,c(-112.064352141838, 38.4982936581506),2994.81,"meters"
"1229",2023-10-08 21:54:35,c(-112.064352563648, 38.4982930464902),2994.81,"meters"
"1230",2023-10-08 21:54:36,c(-112.06435136857, 38.4982924248015),2994.77,"meters"
"1231",2023-10-08 21:54:37,c(-112.064350527625, 38.498290107642),2994.77,"meters"
"1232",2023-10-08 21:54:38,c(-112.064350216973, 38.4982902425432),2994.77,"meters"
"1233",2023-10-08 21:54:39,c(-112.064349790237, 38.4982909849067),2994.77,"meters"
"1234",2023-10-08 21:54:40,c(-112.064350356341, 38.4982906993373),2994.77,"meters"
"1235",2023-10-08 21:54:41,c(-112.064351270557, 38.4982899093948),2994.77,"meters"
"1236",2023-10-08 21:54:42,c(-112.064350917708, 38.4982901448904),2994.77,"meters"
"1237",2023-10-08 21:54:43,c(-112.064350660916, 38.4982901473748),2994.77,"meters"
"1238",2023-10-08 21:54:44,c(-112.064351038219, 38.4982896362747),2994.77,"meters"
"1239",2023-10-08 21:54:45,c(-112.064351037165, 38.4982895613988),2994.77,"meters"
"1240",2023-10-08 21:54:46,c(-112.064351472725, 38.4982891849833),2994.77,"meters"
"1241",2023-10-08 21:54:47,c(-112.064351477821, 38.4982891596146),2994.77,"meters"
"1242",2023-10-08 21:54:48,c(-112.064350991329, 38.4982892466529),2994.77,"meters"
"1243",2023-10-08 21:54:49,c(-112.0643508326, 38.498289389917),2994.77,"meters"
"1244",2023-10-08 21:54:50,c(-112.064350916335, 38.4982892317789),2994.77,"meters"
"1245",2023-10-08 21:54:51,c(-112.06435060499, 38.4982892292141),2994.77,"meters"
"1246",2023-10-08 21:54:52,c(-112.064350548093, 38.498289287692),2994.77,"meters"
"1247",2023-10-08 21:54:53,c(-112.064350574719, 38.4982891100218),2994.77,"meters"
"1248",2023-10-08 21:54:54,c(-112.064350396398, 38.498289150772),2994.77,"meters"
"1249",2023-10-08 21:54:55,c(-112.064350248143, 38.4982891960607),2994.77,"meters"
"1250",2023-10-08 21:54:56,c(-112.06435051407, 38.4982891560288),2994.77,"meters"
"1251",2023-10-08 21:54:57,c(-112.064350266182, 38.4982891238135),2994.77,"meters"
"1252",2023-10-08 21:54:58,c(-112.064349706406, 38.4982891143566),2994.77,"meters"
"1253",2023-10-08 21:54:59,c(-112.064349794178, 38.4982891898612),2994.77,"meters"
"1254",2023-10-08 21:55:00,c(-112.064349654783, 38.498289151865),2994.77,"meters"
"1255",2023-10-08 21:55:01,c(-112.064349369884, 38.4982892036632),2994.77,"meters"
"1256",2023-10-08 21:55:02,c(-112.064349329381, 38.4982893411002),2994.77,"meters"
"1257",2023-10-09 18:18:37,c(-112.064416760891, 38.4981182636583),2994.23,"meters"
"1258",2023-10-09 18:18:38,c(-112.064416433014, 38.4981182450776),2994.23,"meters"
"1259",2023-10-09 18:18:39,c(-112.0644161401, 38.4981181048522),2994.23,"meters"
"1260",2023-10-09 18:18:40,c(-112.064415819773, 38.4981179576487),2994.23,"meters"
"1261",2023-10-09 18:18:41,c(-112.064415466925, 38.4981179321801),2994.23,"meters"
"1262",2023-10-09 18:18:42,c(-112.064414962425, 38.4981179678327),2994.23,"meters"
"1263",2023-10-09 18:18:43,c(-112.064413846509, 38.498117202481),2994.23,"meters"
"1264",2023-10-09 18:18:44,c(-112.064409603023, 38.4981134446068),2994.15,"meters"
"1265",2023-10-09 18:18:45,c(-112.064409337985, 38.4981124011058),2994.15,"meters"
"1266",2023-10-09 18:18:46,c(-112.064410831143, 38.4981125057038),2994.23,"meters"
"1267",2023-10-09 18:18:47,c(-112.064411648743, 38.4981125021803),2994.23,"meters"
"1268",2023-10-09 18:18:48,c(-112.064411242934, 38.4981131663578),2994.23,"meters"
"1269",2023-10-09 18:18:49,c(-112.064395196078, 38.498105160737),2994.01,"meters"
"1270",2023-10-09 18:18:50,c(-112.064357300635, 38.4980845240514),2993.77,"meters"
"1271",2023-10-09 18:18:51,c(-112.064301659598, 38.4980533727463),2993.24,"meters"
"1272",2023-10-09 18:18:52,c(-112.064237469013, 38.498016942421),2992.21,"meters"
"1273",2023-10-09 18:18:53,c(-112.06418051378, 38.4979841499763),2991.46,"meters"
"1274",2023-10-09 18:18:54,c(-112.064120722637, 38.4979487747037),2990.58,"meters"
"1275",2023-10-09 18:18:55,c(-112.064059555514, 38.4979081141636),2989.87,"meters"
"1276",2023-10-09 18:18:56,c(-112.064000316908, 38.4978679712108),2989.16,"meters"
"1277",2023-10-09 18:18:57,c(-112.063944855013, 38.4978297789627),2988.6,"meters"
"1278",2023-10-09 18:18:58,c(-112.06388883876, 38.4977878878652),2987.94,"meters"
"1279",2023-10-09 18:18:59,c(-112.063832168684, 38.4977420329587),2987.45,"meters"
"1280",2023-10-09 18:19:00,c(-112.063778976425, 38.4976991698128),2986.92,"meters"
"1281",2023-10-09 18:19:01,c(-112.063720860006, 38.4976523336737),2986.77,"meters"
"1282",2023-10-09 18:19:02,c(-112.063659311318, 38.4976033898866),2986.46,"meters"
"1283",2023-10-09 18:19:03,c(-112.06359953419, 38.4975567161958),2986.22,"meters"
"1284",2023-10-09 18:19:04,c(-112.063541141453, 38.49751171658),2985.74,"meters"
"1285",2023-10-09 18:19:05,c(-112.063479738341, 38.4974651334626),2985.06,"meters"
"1286",2023-10-09 18:19:06,c(-112.06341581351, 38.4974164978317),2984.17,"meters"
"1287",2023-10-09 18:19:07,c(-112.063356269428, 38.4973700405144),2983.33,"meters"
"1288",2023-10-09 18:19:08,c(-112.06330073108, 38.4973256262131),2982.59,"meters"
"1289",2023-10-09 18:19:09,c(-112.063241470351, 38.4972784783569),2981.65,"meters"
"1290",2023-10-09 18:19:10,c(-112.063177509492, 38.4972287725342),2980.82,"meters"
"1291",2023-10-09 18:19:11,c(-112.063116980102, 38.4971819365608),2980.64,"meters"
"1292",2023-10-09 18:19:12,c(-112.063059704421, 38.4971369018949),2980.28,"meters"
"1293",2023-10-09 18:19:13,c(-112.062999267177, 38.4970890048132),2979.99,"meters"
"1294",2023-10-09 18:19:14,c(-112.062935358506, 38.497037534896),2979.59,"meters"
"1295",2023-10-09 18:19:15,c(-112.062873772261, 38.4969879977179),2978.86,"meters"
"1296",2023-10-09 18:19:16,c(-112.062812904758, 38.4969386985092),2978.1,"meters"
"1297",2023-10-09 18:19:17,c(-112.062755901757, 38.4968921685259),2977.24,"meters"
"1298",2023-10-09 18:19:18,c(-112.062697717467, 38.4968443330364),2976.41,"meters"
"1299",2023-10-09 18:19:19,c(-112.062641464554, 38.4967974273339),2975.71,"meters"
"1300",2023-10-09 18:19:20,c(-112.062586762592, 38.4967513085301),2975.09,"meters"
"1301",2023-10-09 18:19:21,c(-112.062530466193, 38.4967034661658),2974.63,"meters"
"1302",2023-10-09 18:19:22,c(-112.062476000111, 38.4966583768955),2974.15,"meters"
"1303",2023-10-09 18:19:23,c(-112.062422811233, 38.496615790432),2974.11,"meters"
"1304",2023-10-09 18:19:24,c(-112.062365203395, 38.4965703898622),2974.01,"meters"
"1305",2023-10-09 18:19:25,c(-112.062305173621, 38.4965219141128),2973.98,"meters"
"1306",2023-10-09 18:19:26,c(-112.062248093556, 38.4964749142776),2973.91,"meters"
"1307",2023-10-09 18:19:27,c(-112.062191071699, 38.496428075783),2973.97,"meters"
"1308",2023-10-09 18:19:28,c(-112.062132988917, 38.496380187628),2973.98,"meters"
"1309",2023-10-09 18:19:29,c(-112.062074305603, 38.4963323228191),2974.03,"meters"
"1310",2023-10-09 18:19:30,c(-112.062018329285, 38.4962869256442),2973.97,"meters"
"1311",2023-10-09 18:19:31,c(-112.0619622345, 38.4962415156987),2973.86,"meters"
"1312",2023-10-09 18:19:32,c(-112.061899545609, 38.4961904899451),2973.8,"meters"
"1313",2023-10-09 18:19:33,c(-112.061836753019, 38.4961390224822),2973.81,"meters"
"1314",2023-10-09 18:19:34,c(-112.061778548822, 38.4960916377073),2973.78,"meters"
"1315",2023-10-09 18:19:35,c(-112.061716771878, 38.4960412872173),2973.69,"meters"
"1316",2023-10-09 18:19:36,c(-112.061651584195, 38.4959883442963),2973.67,"meters"
"1317",2023-10-09 18:19:37,c(-112.061590861937, 38.4959393374759),2973.63,"meters"
"1318",2023-10-09 18:19:38,c(-112.061527933649, 38.4958889646994),2973.57,"meters"
"1319",2023-10-09 18:19:39,c(-112.061456260859, 38.4958317257012),2973.82,"meters"
"1320",2023-10-09 18:19:40,c(-112.061383038022, 38.4957727202632),2973.52,"meters"
"1321",2023-10-09 18:19:41,c(-112.061316886398, 38.4957186341932),2973.5,"meters"
"1322",2023-10-09 18:19:42,c(-112.061249837817, 38.4956634862324),2973.61,"meters"
"1323",2023-10-09 18:19:43,c(-112.061175378951, 38.4956029070431),2973.77,"meters"
"1324",2023-10-09 18:19:44,c(-112.061116802685, 38.4955555318459),2973.82,"meters"
"1325",2023-10-09 18:19:45,c(-112.061091124579, 38.495538401296),2973.88,"meters"
"1326",2023-10-09 18:19:46,c(-112.061080482468, 38.4955325181243),2973.9,"meters"
"1327",2023-10-09 18:19:47,c(-112.061071349312, 38.4955272792987),2973.9,"meters"
"1328",2023-10-09 18:19:48,c(-112.061050693846, 38.4955131034045),2973.94,"meters"
"1329",2023-10-09 18:19:49,c(-112.061017979036, 38.4954893041646),2973.96,"meters"
"1330",2023-10-09 18:19:50,c(-112.060969430288, 38.4954507485154),2974.02,"meters"
"1331",2023-10-09 18:19:51,c(-112.060919431382, 38.495400284081),2974.1,"meters"
"1332",2023-10-09 18:19:52,c(-112.060870669435, 38.495347610691),2974.41,"meters"
"1333",2023-10-09 18:19:53,c(-112.060811586464, 38.4952897038616),2974.33,"meters"
"1334",2023-10-09 18:19:54,c(-112.060738972555, 38.4952325353382),2974.16,"meters"
"1335",2023-10-09 18:19:55,c(-112.060679187506, 38.4951870489425),2974.3,"meters"
"1336",2023-10-09 18:19:56,c(-112.060650771753, 38.495169122757),2974.34,"meters"
"1337",2023-10-09 18:19:57,c(-112.060638827456, 38.4951637113559),2974.36,"meters"
"1338",2023-10-09 18:19:58,c(-112.060632350005, 38.4951611135172),2974.36,"meters"
"1339",2023-10-09 18:19:59,c(-112.060629162508, 38.4951607342057),2974.36,"meters"
"1340",2023-10-09 18:20:00,c(-112.060629379637, 38.4951617370389),2974.36,"meters"
"1341",2023-10-09 18:20:01,c(-112.060630950212, 38.4951620925775),2974.36,"meters"
"1342",2023-10-09 18:20:02,c(-112.06063152753, 38.4951611238477),2974.36,"meters"
"1343",2023-10-09 18:20:03,c(-112.060631010184, 38.4951601597762),2974.36,"meters"
"1344",2023-10-09 18:20:04,c(-112.06063029836, 38.495159596025),2974.36,"meters"
"1345",2023-10-09 18:20:05,c(-112.060629694216, 38.4951595636812),2974.36,"meters"
"1346",2023-10-09 18:20:06,c(-112.060629703109, 38.495159129749),2974.36,"meters"
"1347",2023-10-09 18:20:07,c(-112.060629524301, 38.4951590451693),2974.36,"meters"
"1348",2023-10-09 18:20:08,c(-112.060629213952, 38.4951585750304),2974.36,"meters"
"1349",2023-10-09 18:20:09,c(-112.060628855503, 38.4951582033996),2974.38,"meters"
"1350",2023-10-09 18:20:10,c(-112.060628890789, 38.4951578587244),2974.38,"meters"
"1351",2023-10-09 18:20:11,c(-112.060629093144, 38.4951577852424),2974.36,"meters"
"1352",2023-10-09 18:20:12,c(-112.060629258844, 38.4951573500381),2974.36,"meters"
"1353",2023-10-09 18:20:13,c(-112.060629510366, 38.4951565216894),2974.36,"meters"
"1354",2023-10-09 18:20:14,c(-112.060629782342, 38.4951560225413),2974.36,"meters"
"1355",2023-10-09 18:20:15,c(-112.060629851106, 38.4951557679802),2974.36,"meters"
"1356",2023-10-09 18:20:16,c(-112.060629851122, 38.4951555029303),2974.36,"meters"
"1357",2023-10-09 18:20:17,c(-112.060629837346, 38.4951549790599),2974.36,"meters"
"1358",2023-10-09 18:20:18,c(-112.060630105665, 38.495154533624),2974.36,"meters"
"1359",2023-10-09 18:20:19,c(-112.060630248671, 38.4951539144792),2974.34,"meters"
"1360",2023-10-09 18:20:20,c(-112.060630565672, 38.4951534071929),2974.34,"meters"
"1361",2023-10-09 18:20:21,c(-112.06063088663, 38.495153315644),2974.34,"meters"
"1362",2023-10-09 18:20:22,c(-112.060631360732, 38.4951533335921),2974.34,"meters"
"1363",2023-10-09 18:20:23,c(-112.060631713796, 38.4951530574933),2974.34,"meters"
"1364",2023-10-09 18:20:24,c(-112.060631711905, 38.4951523109907),2974.34,"meters"
"1365",2023-10-09 18:20:25,c(-112.060631771469, 38.4951518608276),2974.34,"meters"
"1366",2023-10-09 18:20:26,c(-112.060631831192, 38.4951521004092),2974.34,"meters"
"1367",2023-10-09 18:20:27,c(-112.060631699934, 38.4951526898432),2974.34,"meters"
"1368",2023-10-09 18:20:28,c(-112.060631687431, 38.4951532200672),2974.34,"meters"
"1369",2023-10-09 18:20:29,c(-112.060631933883, 38.4951528835751),2974.34,"meters"
"1370",2023-10-09 18:20:30,c(-112.060632209395, 38.4951523045513),2974.34,"meters"
"1371",2023-10-09 18:20:31,c(-112.060632304023, 38.495151862563),2974.34,"meters"
"1372",2023-10-09 18:20:32,c(-112.060632195565, 38.4951516349651),2974.34,"meters"
"1373",2023-10-09 18:20:33,c(-112.060632058737, 38.4951518111302),2974.34,"meters"
"1374",2023-10-09 18:20:34,c(-112.060632296381, 38.4951521070769),2974.34,"meters"
"1375",2023-10-09 18:20:35,c(-112.060632814439, 38.495151732206),2974.34,"meters"
"1376",2023-10-09 18:20:36,c(-112.060633033444, 38.4951512914583),2974.34,"meters"
"1377",2023-10-09 18:20:37,c(-112.060632932434, 38.4951510728481),2974.34,"meters"
"1378",2023-10-09 18:20:38,c(-112.060632792699, 38.4951511850852),2974.34,"meters"
"1379",2023-10-09 18:20:39,c(-112.060632291829, 38.4951513719521),2974.34,"meters"
"1380",2023-10-09 18:20:40,c(-112.060631808249, 38.4951507701598),2974.34,"meters"
"1381",2023-10-09 18:20:41,c(-112.060631792993, 38.4951498779727),2974.34,"meters"
"1382",2023-10-09 18:20:42,c(-112.060631770831, 38.4951495121336),2974.34,"meters"
"1383",2023-10-09 18:20:43,c(-112.060631860633, 38.4951492824562),2974.34,"meters"
"1384",2023-10-09 18:20:44,c(-112.060631982388, 38.4951495559936),2974.34,"meters"
"1385",2023-10-09 18:20:45,c(-112.060631956571, 38.4951498856726),2974.34,"meters"
"1386",2023-10-09 18:20:46,c(-112.060632036924, 38.4951497557614),2974.34,"meters"
"1387",2023-10-09 18:20:47,c(-112.06063208223, 38.4951497809161),2974.34,"meters"
"1388",2023-10-09 18:20:48,c(-112.060632215775, 38.4951502911405),2974.34,"meters"
"1389",2023-10-09 18:20:49,c(-112.060632472337, 38.4951508957589),2974.34,"meters"
"1390",2023-10-09 18:20:50,c(-112.0606323249, 38.4951508102583),2974.34,"meters"
"1391",2023-10-09 18:20:51,c(-112.060632229212, 38.4951505236647),2974.34,"meters"
"1392",2023-10-09 18:20:52,c(-112.060632434835, 38.495150415483),2974.34,"meters"
"1393",2023-10-09 18:20:53,c(-112.060632674253, 38.4951501452207),2974.34,"meters"
"1394",2023-10-09 18:20:54,c(-112.060632357777, 38.495149920637),2974.34,"meters"
"1395",2023-10-09 18:20:55,c(-112.060631643405, 38.4951499318443),2974.34,"meters"
"1396",2023-10-09 18:20:56,c(-112.060631243791, 38.4951502782283),2974.34,"meters"
"1397",2023-10-09 18:20:57,c(-112.060630954099, 38.4951501038169),2974.34,"meters"
"1398",2023-10-09 18:20:58,c(-112.060630809797, 38.4951500819139),2974.34,"meters"
"1399",2023-10-09 18:20:59,c(-112.060630952103, 38.4951502410094),2974.34,"meters"
"1400",2023-10-09 18:21:00,c(-112.060631421093, 38.4951500512332),2974.34,"meters"
"1401",2023-10-09 18:21:01,c(-112.06063168288, 38.4951494754975),2974.34,"meters"
"1402",2023-10-09 18:21:02,c(-112.060631386372, 38.4951493133287),2974.34,"meters"
"1403",2023-10-09 18:21:03,c(-112.060631361874, 38.4951495976192),2974.34,"meters"
"1404",2023-10-09 18:21:04,c(-112.060631451378, 38.4951501229159),2974.34,"meters"
"1405",2023-10-09 18:21:05,c(-112.060631588171, 38.4951507902277),2974.34,"meters"
"1406",2023-10-09 18:21:06,c(-112.060631837759, 38.495151370917),2974.34,"meters"
"1407",2023-10-09 18:21:07,c(-112.060632210375, 38.4951514511276),2974.34,"meters"
"1408",2023-10-09 18:21:08,c(-112.060632049643, 38.4951512645349),2974.34,"meters"
"1409",2023-10-09 18:21:09,c(-112.060631452009, 38.4951509655159),2974.34,"meters"
"1410",2023-10-09 18:21:10,c(-112.060631480088, 38.4951507241898),2974.34,"meters"
"1411",2023-10-09 18:21:11,c(-112.060631685883, 38.4951512167067),2974.34,"meters"
"1412",2023-10-09 18:21:12,c(-112.060632138224, 38.4951517452592),2974.34,"meters"
"1413",2023-10-09 18:21:13,c(-112.060632001033, 38.4951520573277),2974.34,"meters"
"1414",2023-10-09 18:21:14,c(-112.060631522835, 38.4951521302022),2974.34,"meters"
"1415",2023-10-09 18:21:15,c(-112.060631487546, 38.49515232998),2974.34,"meters"
"1416",2023-10-09 18:21:16,c(-112.060631737118, 38.495152188277),2974.34,"meters"
"1417",2023-10-09 18:21:17,c(-112.06063188012, 38.4951519089963),2974.34,"meters"
"1418",2023-10-09 18:21:18,c(-112.060631687922, 38.4951517947714),2974.34,"meters"
"1419",2023-10-09 18:21:19,c(-112.060631784345, 38.4951517802212),2974.34,"meters"
"1420",2023-10-09 18:21:20,c(-112.060631982787, 38.4951518689263),2974.34,"meters"
"1421",2023-10-09 18:21:21,c(-112.060632425701, 38.4951518391347),2974.34,"meters"
"1422",2023-10-09 18:21:22,c(-112.060632727609, 38.4951519597392),2974.34,"meters"
"1423",2023-10-09 18:21:23,c(-112.060633140197, 38.4951522407055),2974.34,"meters"
"1424",2023-10-09 18:21:24,c(-112.060633255835, 38.4951524530986),2974.34,"meters"
"1425",2023-10-09 18:21:25,c(-112.060633437085, 38.4951521036476),2974.34,"meters"
"1426",2023-10-09 18:21:26,c(-112.060633471518, 38.495151703661),2974.34,"meters"
"1427",2023-10-09 18:21:27,c(-112.060633473549, 38.495151555884),2974.34,"meters"
"1428",2023-10-09 18:21:28,c(-112.060633814639, 38.4951515794768),2974.34,"meters"
"1429",2023-10-09 18:21:29,c(-112.060634122397, 38.4951514431811),2974.34,"meters"
"1430",2023-10-09 18:21:30,c(-112.060634151877, 38.4951510325677),2974.34,"meters"
"1431",2023-10-09 18:21:31,c(-112.060634019356, 38.4951503084249),2974.34,"meters"
"1432",2023-10-09 18:21:32,c(-112.060633875525, 38.4951500133367),2974.34,"meters"
"1433",2023-10-09 18:21:33,c(-112.060633844714, 38.4951502333719),2974.34,"meters"
"1434",2023-10-09 18:21:34,c(-112.060633988603, 38.4951504721435),2974.34,"meters"
"1435",2023-10-09 18:21:35,c(-112.060634239513, 38.4951502235346),2974.34,"meters"
"1436",2023-10-09 18:21:36,c(-112.060634243737, 38.4951497888327),2974.34,"meters"
"1437",2023-10-09 18:21:37,c(-112.060634180237, 38.4951494194612),2974.34,"meters"
"1438",2023-10-09 18:21:38,c(-112.060633927063, 38.4951494318468),2974.34,"meters"
"1439",2023-10-09 18:21:39,c(-112.0606337583, 38.4951495800378),2974.34,"meters"
"1440",2023-10-09 18:21:40,c(-112.060633640602, 38.4951496850802),2974.34,"meters"
"1441",2023-10-09 18:21:41,c(-112.060633309131, 38.4951499056757),2974.34,"meters"
"1442",2023-10-09 18:21:42,c(-112.060633032534, 38.4951501416312),2974.34,"meters"
"1443",2023-10-09 18:21:43,c(-112.060633195376, 38.4951507058033),2974.34,"meters"
"1444",2023-10-09 18:21:44,c(-112.060633619963, 38.4951509622065),2974.34,"meters"
"1445",2023-10-09 18:21:45,c(-112.060634142647, 38.4951507729996),2974.34,"meters"
"1446",2023-10-09 18:21:46,c(-112.060634450532, 38.4951504187712),2974.34,"meters"
"1447",2023-10-09 18:21:47,c(-112.060634154433, 38.4951504917692),2974.34,"meters"
"1448",2023-10-09 18:21:48,c(-112.060633916283, 38.4951507992581),2974.34,"meters"
"1449",2023-10-09 18:21:49,c(-112.060633921178, 38.495151038895),2974.34,"meters"
"1450",2023-10-09 18:21:50,c(-112.06063424648, 38.4951511610539),2974.34,"meters"
"1451",2023-10-09 18:21:51,c(-112.060634594643, 38.4951512557814),2974.34,"meters"
"1452",2023-10-09 18:21:52,c(-112.060634859709, 38.4951513009515),2974.34,"meters"
"1453",2023-10-09 18:21:53,c(-112.060635047778, 38.4951507787788),2974.34,"meters"
"1454",2023-10-09 18:21:54,c(-112.060635292383, 38.4951504260783),2974.34,"meters"
"1455",2023-10-09 18:21:55,c(-112.060635608039, 38.495150246988),2974.34,"meters"
"1456",2023-10-09 18:21:56,c(-112.060635802516, 38.4951502305968),2974.34,"meters"
"1457",2023-10-09 18:21:57,c(-112.06063588306, 38.4951501595176),2974.34,"meters"
"1458",2023-10-09 18:21:58,c(-112.06063578065, 38.4951501773878),2974.34,"meters"
"1459",2023-10-09 18:21:59,c(-112.060635501882, 38.49515054238),2974.34,"meters"
"1460",2023-10-09 18:22:00,c(-112.060635267894, 38.4951508269459),2974.34,"meters"
"1461",2023-10-09 18:22:01,c(-112.060635208583, 38.495150991109),2974.34,"meters"
"1462",2023-10-09 18:22:02,c(-112.060635337705, 38.4951512305597),2974.34,"meters"
"1463",2023-10-09 18:22:03,c(-112.060635352067, 38.4951516936196),2974.34,"meters"
"1464",2023-10-09 18:22:04,c(-112.060635211245, 38.4951525793623),2974.34,"meters"
"1465",2023-10-09 18:22:05,c(-112.060634870995, 38.4951533003539),2974.34,"meters"
"1466",2023-10-09 18:22:06,c(-112.060634700209, 38.495153671375),2974.34,"meters"
"1467",2023-10-09 18:22:07,c(-112.060634598157, 38.4951535649017),2974.34,"meters"
"1468",2023-10-09 18:22:08,c(-112.0606348718, 38.4951533595962),2974.34,"meters"
"1469",2023-10-09 18:22:09,c(-112.060635344221, 38.4951534261274),2974.34,"meters"
"1470",2023-10-09 18:22:10,c(-112.060635405143, 38.495153509949),2974.34,"meters"
"1471",2023-10-09 18:22:11,c(-112.060635210144, 38.495153573064),2974.34,"meters"
"1472",2023-10-09 18:22:12,c(-112.060634949807, 38.4951533691295),2974.34,"meters"
"1473",2023-10-09 18:22:13,c(-112.060634892422, 38.4951532825154),2974.34,"meters"
"1474",2023-10-09 18:22:14,c(-112.060634940471, 38.4951534546586),2974.34,"meters"
"1475",2023-10-09 18:22:15,c(-112.060634786755, 38.4951534571734),2974.34,"meters"
"1476",2023-10-09 18:22:16,c(-112.060634475423, 38.4951531569662),2974.34,"meters"
"1477",2023-10-09 18:22:17,c(-112.060633951712, 38.4951529089216),2974.34,"meters"
"1478",2023-10-09 18:22:18,c(-112.060633653337, 38.4951529092231),2974.34,"meters"
"1479",2023-10-09 18:22:19,c(-112.060633474311, 38.4951530519764),2974.34,"meters"
"1480",2023-10-09 18:22:20,c(-112.060633209219, 38.4951532889424),2974.34,"meters"
"1481",2023-10-09 18:22:21,c(-112.060632999728, 38.4951534545703),2974.34,"meters"
"1482",2023-10-09 18:22:22,c(-112.060632909466, 38.4951535696571),2974.34,"meters"
"1483",2023-10-09 18:22:23,c(-112.060632855652, 38.4951536267347),2974.34,"meters"
"1484",2023-10-09 18:22:24,c(-112.060632822071, 38.4951538229974),2974.34,"meters"
"1485",2023-10-09 18:22:25,c(-112.060632964387, 38.4951540302312),2974.34,"meters"
"1486",2023-10-09 18:22:26,c(-112.060633092685, 38.4951542294883),2974.34,"meters"
"1487",2023-10-09 18:22:27,c(-112.060633123986, 38.4951545591573),2974.36,"meters"
"1488",2023-10-09 18:22:28,c(-112.060633298558, 38.4951549648384),2974.36,"meters"
"1489",2023-10-09 18:22:29,c(-112.060633455016, 38.4951549562982),2974.36,"meters"
"1490",2023-10-09 18:22:30,c(-112.060633581304, 38.4951548248784),2974.36,"meters"
"1491",2023-10-09 18:22:31,c(-112.060633475299, 38.4951550861729),2974.36,"meters"
"1492",2023-10-09 18:22:32,c(-112.060632937091, 38.4951554962108),2974.36,"meters"
"1493",2023-10-09 18:22:33,c(-112.060632366211, 38.4951556307741),2974.36,"meters"
"1494",2023-10-09 18:22:34,c(-112.060632168144, 38.4951556637917),2974.36,"meters"
"1495",2023-10-09 18:22:35,c(-112.06063191032, 38.4951558048902),2974.36,"meters"
"1496",2023-10-09 18:22:36,c(-112.06063193766, 38.4951561191016),2974.36,"meters"
"1497",2023-10-09 18:22:37,c(-112.060631971171, 38.4951562812401),2974.36,"meters"
"1498",2023-10-09 18:22:38,c(-112.060631909148, 38.4951563473627),2974.36,"meters"
"1499",2023-10-09 18:22:39,c(-112.060632035138, 38.4951564171521),2974.36,"meters"
"1500",2023-10-09 18:22:40,c(-112.060632223434, 38.4951562285193),2974.36,"meters"
"1501",2023-10-09 18:22:41,c(-112.060632218926, 38.4951559731118),2974.36,"meters"
"1502",2023-10-09 18:22:42,c(-112.060632144587, 38.4951558173305),2974.36,"meters"
"1503",2023-10-09 18:22:43,c(-112.06063183419, 38.4951556487706),2974.36,"meters"
"1504",2023-10-09 18:22:44,c(-112.060631403307, 38.4951551383729),2974.36,"meters"
"1505",2023-10-09 18:22:45,c(-112.060631401801, 38.4951551016822),2974.36,"meters"
"1506",2023-10-09 18:22:46,c(-112.06063117072, 38.4951553114965),2974.36,"meters"
"1507",2023-10-09 18:22:47,c(-112.060630766783, 38.4951551708986),2974.36,"meters"
"1508",2023-10-09 18:22:48,c(-112.060630688285, 38.4951546321827),2974.36,"meters"
"1509",2023-10-09 18:22:49,c(-112.060631082103, 38.4951545249327),2974.36,"meters"
"1510",2023-10-09 18:22:50,c(-112.060631724649, 38.4951547960444),2974.36,"meters"
"1511",2023-10-09 18:22:51,c(-112.060632162089, 38.4951549889976),2974.36,"meters"
"1512",2023-10-09 18:22:52,c(-112.060632712871, 38.4951554143622),2974.36,"meters"
"1513",2023-10-09 18:22:53,c(-112.060633314243, 38.4951558148918),2974.36,"meters"
"1514",2023-10-09 18:22:54,c(-112.060633379121, 38.4951558833684),2974.36,"meters"
"1515",2023-10-09 18:22:55,c(-112.060632990247, 38.4951560720012),2974.36,"meters"
"1516",2023-10-09 18:22:56,c(-112.060632518343, 38.4951561704279),2974.36,"meters"
"1517",2023-10-09 18:22:57,c(-112.060632477716, 38.4951558638485),2974.36,"meters"
"1518",2023-10-09 18:22:58,c(-112.060632312891, 38.4951557295083),2974.36,"meters"
"1519",2023-10-09 18:22:59,c(-112.060632109855, 38.4951558812311),2974.36,"meters"
"1520",2023-10-09 18:23:00,c(-112.060631864279, 38.4951561418754),2974.36,"meters"
"1521",2023-10-09 18:23:01,c(-112.060631535408, 38.4951564257015),2974.36,"meters"
"1522",2023-10-09 18:23:02,c(-112.060631179998, 38.4951567602205),2974.36,"meters"
"1523",2023-10-09 18:23:03,c(-112.060630946501, 38.4951568448094),2974.36,"meters"
"1524",2023-10-09 18:23:04,c(-112.060631027107, 38.4951571385944),2974.36,"meters"
"1525",2023-10-09 18:23:05,c(-112.060631466083, 38.4951575415755),2974.36,"meters"
"1526",2023-10-09 18:23:06,c(-112.060631829301, 38.4951579475879),2974.36,"meters"
"1527",2023-10-09 18:23:07,c(-112.060631653749, 38.4951579493142),2974.36,"meters"
"1528",2023-10-09 18:23:08,c(-112.060631371084, 38.4951583927365),2974.36,"meters"
"1529",2023-10-09 18:23:09,c(-112.060631230416, 38.4951585433815),2974.36,"meters"
"1530",2023-10-09 18:23:10,c(-112.060631509371, 38.495158635324),2974.36,"meters"
"1531",2023-10-09 18:23:11,c(-112.060632185236, 38.4951586483572),2974.36,"meters"
"1532",2023-10-09 18:23:12,c(-112.0606325953, 38.4951584818101),2974.36,"meters"
"1533",2023-10-09 18:23:13,c(-112.060632644754, 38.4951581866458),2974.36,"meters"
"1534",2023-10-09 18:23:14,c(-112.060632021315, 38.4951577819127),2974.36,"meters"
"1535",2023-10-09 18:23:15,c(-112.060631759137, 38.4951576299757),2974.36,"meters"
"1536",2023-10-09 18:23:16,c(-112.060631546507, 38.495157531138),2974.36,"meters"
"1537",2023-10-09 18:23:17,c(-112.0606310139, 38.4951573616315),2974.36,"meters"
"1538",2023-10-09 18:23:18,c(-112.060630725535, 38.4951568959986),2974.36,"meters"
"1539",2023-10-09 18:23:19,c(-112.060630772426, 38.4951570435385),2974.36,"meters"
"1540",2023-10-09 18:23:20,c(-112.060631035852, 38.4951576660362),2974.36,"meters"
"1541",2023-10-09 18:23:21,c(-112.060631348267, 38.4951582573907),2974.36,"meters"
"1542",2023-10-09 18:23:22,c(-112.06063191039, 38.4951584060111),2974.36,"meters"
"1543",2023-10-09 18:23:23,c(-112.060632496881, 38.4951583062204),2974.36,"meters"
"1544",2023-10-09 18:23:24,c(-112.060632644852, 38.4951582211857),2974.36,"meters"
"1545",2023-10-09 18:23:25,c(-112.060632614662, 38.4951583640653),2974.36,"meters"
"1546",2023-10-09 18:23:26,c(-112.060632917799, 38.4951585459573),2974.36,"meters"
"1547",2023-10-09 18:23:27,c(-112.060632894625, 38.495158236669),2974.36,"meters"
"1548",2023-10-09 18:23:28,c(-112.060632944268, 38.4951576063828),2974.36,"meters"
"1549",2023-10-09 18:23:29,c(-112.060633195405, 38.495156969554),2974.36,"meters"
"1550",2023-10-09 18:23:30,c(-112.06063341935, 38.4951570414709),2974.36,"meters"
"1551",2023-10-09 18:23:31,c(-112.060633725707, 38.4951574796229),2974.36,"meters"
"1552",2023-10-09 18:23:32,c(-112.060633763066, 38.4951580447815),2974.36,"meters"
"1553",2023-10-09 18:23:33,c(-112.060633634886, 38.4951582903275),2974.36,"meters"
"1554",2023-10-09 18:23:34,c(-112.06063341872, 38.495158245745),2974.36,"meters"
"1555",2023-10-09 18:23:35,c(-112.060632920565, 38.4951584965522),2974.36,"meters"
"1556",2023-10-09 18:23:36,c(-112.060632315867, 38.4951590833307),2974.36,"meters"
"1557",2023-10-09 18:23:37,c(-112.060632006557, 38.495159654612),2974.36,"meters"
"1558",2023-10-09 18:23:38,c(-112.060632022875, 38.4951601182254),2974.36,"meters"
"1559",2023-10-09 18:23:39,c(-112.060632087062, 38.495160564005),2974.36,"meters"
"1560",2023-10-09 18:23:40,c(-112.06063182489, 38.4951606248092),2974.36,"meters"
"1561",2023-10-09 18:23:41,c(-112.06063159787, 38.4951602166346),2974.36,"meters"
"1562",2023-10-09 18:23:42,c(-112.06063149705, 38.4951600481298),2974.36,"meters"
"1563",2023-10-09 18:23:43,c(-112.060631317377, 38.495159883792),2974.36,"meters"
"1564",2023-10-09 18:23:44,c(-112.06063174149, 38.4951595320597),2974.36,"meters"
"1565",2023-10-09 18:23:45,c(-112.06063218107, 38.4951595053157),2974.36,"meters"
"1566",2023-10-09 18:23:46,c(-112.060632163062, 38.4951599149884),2974.36,"meters"
"1567",2023-10-09 18:23:47,c(-112.060632337995, 38.4951602468586),2974.36,"meters"
"1568",2023-10-09 18:23:48,c(-112.06063253224, 38.4951605100188),2974.36,"meters"
"1569",2023-10-09 18:23:49,c(-112.060632375038, 38.4951605452623),2974.36,"meters"
"1570",2023-10-09 18:23:50,c(-112.060632179698, 38.4951605661424),2974.36,"meters"
"1571",2023-10-09 18:23:51,c(-112.060632083039, 38.4951604657306),2974.36,"meters"
"1572",2023-10-09 18:23:52,c(-112.060632015699, 38.495160157645),2974.36,"meters"
"1573",2023-10-09 18:23:53,c(-112.060631824578, 38.495159822238),2974.36,"meters"
"1574",2023-10-09 18:23:54,c(-112.060631862633, 38.4951598222156),2974.36,"meters"
"1575",2023-10-09 18:23:55,c(-112.060632061888, 38.4951599987916),2974.36,"meters"
"1576",2023-10-09 18:23:56,c(-112.060631754779, 38.4951598154291),2974.36,"meters"
"1577",2023-10-09 18:23:57,c(-112.060631550272, 38.4951599321434),2974.36,"meters"
"1578",2023-10-09 18:23:58,c(-112.060631424209, 38.4951598969672),2974.36,"meters"
"1579",2023-10-09 18:23:59,c(-112.06063128451, 38.4951596934279),2974.36,"meters"
"1580",2023-10-09 18:24:00,c(-112.060631234757, 38.495159486847),2974.36,"meters"
"1581",2023-10-09 18:24:01,c(-112.06063172752, 38.4951594731188),2974.36,"meters"
"1582",2023-10-09 18:24:02,c(-112.060632418558, 38.4951599128601),2974.36,"meters"
"1583",2023-10-09 18:24:03,c(-112.060632995911, 38.4951602949758),2974.36,"meters"
"1584",2023-10-09 18:24:04,c(-112.060633364178, 38.495160479675),2974.36,"meters"
"1585",2023-10-09 18:24:05,c(-112.060633151353, 38.495160571822),2974.36,"meters"
"1586",2023-10-09 18:24:06,c(-112.060632396361, 38.4951605384941),2974.36,"meters"
"1587",2023-10-09 18:24:07,c(-112.060631432367, 38.4951602770004),2974.36,"meters"
"1588",2023-10-09 18:24:08,c(-112.06063078027, 38.4951601086265),2974.36,"meters"
"1589",2023-10-09 18:24:09,c(-112.060630386094, 38.4951595878768),2974.36,"meters"
"1590",2023-10-09 18:24:10,c(-112.060630384776, 38.4951598217398),2974.36,"meters"
"1591",2023-10-09 18:24:11,c(-112.060630507727, 38.4951604779914),2974.36,"meters"
"1592",2023-10-09 18:24:12,c(-112.060630620809, 38.4951606471294),2974.36,"meters"
"1593",2023-10-09 18:24:13,c(-112.060630469252, 38.4951603124033),2974.36,"meters"
"1594",2023-10-09 18:24:14,c(-112.060630506396, 38.4951599317398),2974.36,"meters"
"1595",2023-10-09 18:24:15,c(-112.060630360395, 38.4951596445708),2974.36,"meters"
"1596",2023-10-09 18:24:16,c(-112.060630266772, 38.4951596807958),2974.36,"meters"
"1597",2023-10-09 18:24:17,c(-112.060630512426, 38.4951598001755),2974.36,"meters"
"1598",2023-10-09 18:24:18,c(-112.060630897707, 38.495159907756),2974.36,"meters"
"1599",2023-10-09 18:24:19,c(-112.060630763177, 38.4951596124287),2974.36,"meters"
"1600",2023-10-09 18:24:20,c(-112.060630228014, 38.4951591013061),2974.36,"meters"
"1601",2023-10-09 18:24:21,c(-112.060629723941, 38.4951588377298),2974.36,"meters"
"1602",2023-10-09 18:24:22,c(-112.06062980969, 38.4951588711385),2974.36,"meters"
"1603",2023-10-09 18:24:23,c(-112.06062989696, 38.4951587456778),2974.36,"meters"
"1604",2023-10-09 18:24:24,c(-112.060630117795, 38.4951586934055),2974.36,"meters"
"1605",2023-10-09 18:24:25,c(-112.060630250393, 38.4951591326137),2974.36,"meters"
"1606",2023-10-09 18:24:26,c(-112.060630405736, 38.4951594223984),2974.36,"meters"
"1607",2023-10-09 18:24:27,c(-112.06063034203, 38.4951596166012),2974.36,"meters"
"1608",2023-10-09 18:24:28,c(-112.060630111493, 38.4951598587419),2974.36,"meters"
"1609",2023-10-09 18:24:29,c(-112.06062993209, 38.4951600369621),2974.36,"meters"
"1610",2023-10-09 18:24:30,c(-112.060629683467, 38.4951599348636),2974.36,"meters"
"1611",2023-10-09 18:24:31,c(-112.06062942014, 38.495159914148),2974.36,"meters"
"1612",2023-10-09 18:24:32,c(-112.060628809, 38.4951596046466),2974.38,"meters"
"1613",2023-10-09 18:24:33,c(-112.060628627216, 38.4951588001622),2974.38,"meters"
"1614",2023-10-09 18:24:34,c(-112.060629424944, 38.4951590178895),2974.36,"meters"
"1615",2023-10-09 18:24:35,c(-112.060630922501, 38.4951596261669),2974.36,"meters"
"1616",2023-10-09 18:24:36,c(-112.060631695659, 38.4951598953231),2974.36,"meters"
"1617",2023-10-09 18:24:37,c(-112.060631251073, 38.4951594111911),2974.36,"meters"
"1618",2023-10-09 18:24:38,c(-112.060630507914, 38.4951588169441),2974.36,"meters"
"1619",2023-10-09 18:24:39,c(-112.060629682907, 38.495158833921),2974.36,"meters"
"1620",2023-10-09 18:24:40,c(-112.060628812533, 38.4951587992106),2974.38,"meters"
"1621",2023-10-09 18:24:41,c(-112.060628537024, 38.4951586448498),2974.38,"meters"
"1622",2023-10-09 18:24:42,c(-112.060628862989, 38.4951581994089),2974.38,"meters"
"1623",2023-10-09 18:24:43,c(-112.06062922409, 38.4951576700338),2974.36,"meters"
"1624",2023-10-09 18:24:44,c(-112.060629979461, 38.495158005809),2974.36,"meters"
"1625",2023-10-09 18:24:45,c(-112.060630781103, 38.4951591629325),2974.36,"meters"
"1626",2023-10-09 18:24:46,c(-112.060632285476, 38.4951598739224),2974.36,"meters"
"1627",2023-10-09 18:24:47,c(-112.060633363245, 38.4951592256242),2974.36,"meters"
"1628",2023-10-09 18:24:48,c(-112.060633348791, 38.4951584899459),2974.36,"meters"
"1629",2023-10-09 18:24:49,c(-112.060633670283, 38.4951587228896),2974.36,"meters"
"1630",2023-10-09 18:24:50,c(-112.060634200159, 38.4951583140025),2974.36,"meters"
"1631",2023-10-09 18:24:51,c(-112.060634781048, 38.4951581091905),2974.36,"meters"
"1632",2023-10-09 18:24:52,c(-112.0606352251, 38.4951579044228),2974.36,"meters"
"1633",2023-10-09 18:24:53,c(-112.06063548217, 38.4951575464007),2974.36,"meters"
"1634",2023-10-09 18:24:54,c(-112.060635486476, 38.4951573680434),2974.36,"meters"
"1635",2023-10-09 18:24:55,c(-112.060635438544, 38.4951574962283),2974.36,"meters"
"1636",2023-10-09 18:24:56,c(-112.060635223643, 38.4951577218229),2974.36,"meters"
"1637",2023-10-09 18:24:57,c(-112.060635309193, 38.4951586594125),2974.36,"meters"
"1638",2023-10-09 18:24:58,c(-112.060635550058, 38.4951591263512),2974.36,"meters"
"1639",2023-10-09 18:24:59,c(-112.060635601982, 38.495158700612),2974.36,"meters"
"1640",2023-10-09 18:25:00,c(-112.060635799747, 38.4951581227142),2974.36,"meters"
"1641",2023-10-09 18:25:01,c(-112.060635931509, 38.4951580592016),2974.36,"meters"
"1642",2023-10-09 18:25:02,c(-112.06063612673, 38.4951581958267),2974.36,"meters"
"1643",2023-10-09 18:25:03,c(-112.060636499137, 38.4951584202934),2974.36,"meters"
"1644",2023-10-09 18:25:04,c(-112.060636933675, 38.4951584338846),2974.36,"meters"
"1645",2023-10-09 18:25:05,c(-112.060637079722, 38.4951582981095),2974.36,"meters"
"1646",2023-10-09 18:25:06,c(-112.060636915818, 38.4951579377781),2974.36,"meters"
"1647",2023-10-09 18:25:07,c(-112.060636773566, 38.4951578136737),2974.36,"meters"
"1648",2023-10-09 18:25:08,c(-112.060636861094, 38.4951580213531),2974.36,"meters"
"1649",2023-10-09 18:25:09,c(-112.060636670732, 38.4951580798829),2974.36,"meters"
"1650",2023-10-09 18:25:10,c(-112.060636463467, 38.4951573287617),2974.36,"meters"
"1651",2023-10-09 18:25:11,c(-112.060636324327, 38.4951572335064),2974.36,"meters"
"1652",2023-10-09 18:25:12,c(-112.060636353136, 38.4951577054397),2974.36,"meters"
"1653",2023-10-09 18:25:13,c(-112.060636459818, 38.4951578086342),2974.36,"meters"
"1654",2023-10-09 18:25:14,c(-112.060636473018, 38.4951577461311),2974.36,"meters"
"1655",2023-10-09 18:25:15,c(-112.060636330658, 38.4951584674791),2974.36,"meters"
"1656",2023-10-09 18:25:16,c(-112.060636134099, 38.4951596914824),2974.36,"meters"
"1657",2023-10-09 18:25:17,c(-112.060636134904, 38.4951599805696),2974.36,"meters"
"1658",2023-10-09 18:25:18,c(-112.060636261991, 38.4951596144229),2974.36,"meters"
"1659",2023-10-09 18:25:19,c(-112.060636266461, 38.495158891006),2974.36,"meters"
"1660",2023-10-09 18:25:20,c(-112.060636091769, 38.4951582689816),2974.36,"meters"
"1661",2023-10-09 18:25:21,c(-112.060635804318, 38.4951581982306),2974.36,"meters"
"1662",2023-10-09 18:25:22,c(-112.060635558426, 38.4951585766471),2974.36,"meters"
"1663",2023-10-09 18:25:23,c(-112.06063530207, 38.4951587368096),2974.36,"meters"
"1664",2023-10-09 18:25:24,c(-112.060634907029, 38.4951583091698),2974.36,"meters"
"1665",2023-10-09 18:25:25,c(-112.060634798029, 38.4951588003815),2974.36,"meters"
"1666",2023-10-09 18:25:26,c(-112.060634194242, 38.4951598929666),2974.36,"meters"
"1667",2023-10-09 18:25:27,c(-112.060633480866, 38.4951602294311),2974.36,"meters"
"1668",2023-10-09 18:25:28,c(-112.060633280316, 38.4951598592077),2974.36,"meters"
"1669",2023-10-09 18:25:29,c(-112.0606336626, 38.4951594669108),2974.36,"meters"
"1670",2023-10-09 18:25:30,c(-112.060634232501, 38.495158790442),2974.36,"meters"
"1671",2023-10-09 18:25:31,c(-112.060634649612, 38.4951580004182),2974.36,"meters"
"1672",2023-10-09 18:25:32,c(-112.060634868696, 38.4951574577016),2974.36,"meters"
"1673",2023-10-09 18:25:33,c(-112.060634818639, 38.4951574009055),2974.36,"meters"
"1674",2023-10-09 18:25:34,c(-112.060634606932, 38.4951570786548),2974.36,"meters"
"1675",2023-10-09 18:25:35,c(-112.06063424431, 38.4951565955093),2974.36,"meters"
"1676",2023-10-09 18:25:36,c(-112.060633756705, 38.4951561918681),2974.36,"meters"
"1677",2023-10-09 18:25:37,c(-112.060633459264, 38.4951560345706),2974.36,"meters"
"1678",2023-10-09 18:25:38,c(-112.060633515322, 38.4951556421942),2974.36,"meters"
"1679",2023-10-09 18:25:39,c(-112.060633587409, 38.4951554539301),2974.36,"meters"
"1680",2023-10-09 18:25:40,c(-112.060633761175, 38.495155448395),2974.36,"meters"
"1681",2023-10-09 18:25:41,c(-112.060633970373, 38.4951557788038),2974.36,"meters"
"1682",2023-10-09 18:25:42,c(-112.060634027934, 38.495155794849),2974.36,"meters"
"1683",2023-10-09 18:25:43,c(-112.060633973104, 38.4951557218084),2974.36,"meters"
"1684",2023-10-09 18:25:44,c(-112.060634000019, 38.4951557098513),2974.36,"meters"
"1685",2023-10-09 18:25:45,c(-112.06063414603, 38.4951557117246),2974.36,"meters"
"1686",2023-10-09 18:25:46,c(-112.060634302955, 38.4951558314149),2974.36,"meters"
"1687",2023-10-09 18:25:47,c(-112.060634442759, 38.4951559180041),2974.36,"meters"
"1688",2023-10-09 18:25:48,c(-112.060634273545, 38.4951560689596),2974.36,"meters"
"1689",2023-10-09 18:25:49,c(-112.060634164167, 38.4951561980487),2974.36,"meters"
"1690",2023-10-09 18:25:50,c(-112.060634176561, 38.4951561946509),2974.36,"meters"
"1691",2023-10-09 18:25:51,c(-112.060634146275, 38.4951560464928),2974.36,"meters"
"1692",2023-10-09 18:25:52,c(-112.060633983555, 38.4951560542244),2974.36,"meters"
"1693",2023-10-09 18:25:53,c(-112.060633855005, 38.4951561959812),2974.36,"meters"
"1694",2023-10-09 18:25:54,c(-112.060633536711, 38.4951562653745),2974.36,"meters"
"1695",2023-10-09 18:25:55,c(-112.060632718649, 38.4951562770476),2974.36,"meters"
"1696",2023-10-09 18:25:56,c(-112.060632189554, 38.4951562241107),2974.36,"meters"
"1697",2023-10-09 18:25:57,c(-112.060632251346, 38.4951562279414),2974.36,"meters"
"1698",2023-10-09 18:25:58,c(-112.060631935318, 38.4951558196596),2974.36,"meters"
"1699",2023-10-09 18:25:59,c(-112.060631786586, 38.4951559001656),2974.36,"meters"
"1700",2023-10-09 18:26:00,c(-112.06063185402, 38.4951562065432),2974.36,"meters"
"1701",2023-10-09 18:26:01,c(-112.060631761307, 38.4951561502329),2974.36,"meters"
"1702",2023-10-09 18:26:02,c(-112.060631596504, 38.4951562521669),2974.36,"meters"
"1703",2023-10-09 18:26:03,c(-112.060631706198, 38.4951562833226),2974.36,"meters"
"1704",2023-10-09 18:26:04,c(-112.060632102362, 38.4951559489405),2974.36,"meters"
"1705",2023-10-09 18:26:05,c(-112.060632042386, 38.4951562419735),2974.36,"meters"
"1706",2023-10-09 18:26:06,c(-112.060631968335, 38.4951561428892),2974.36,"meters"
"1707",2023-10-09 18:26:07,c(-112.060632051734, 38.4951561908695),2974.36,"meters"
"1708",2023-10-09 18:26:08,c(-112.060632539176, 38.4951564035335),2974.36,"meters"
"1709",2023-10-09 18:26:09,c(-112.060632835415, 38.4951562624973),2974.36,"meters"
"1710",2023-10-09 18:26:10,c(-112.060632719209, 38.4951559409118),2974.36,"meters"
"1711",2023-10-09 18:26:11,c(-112.06063329067, 38.4951561265554),2974.36,"meters"
"1712",2023-10-09 18:26:12,c(-112.060633549315, 38.4951560469972),2974.36,"meters"
"1713",2023-10-09 18:26:13,c(-112.060633603521, 38.4951557853304),2974.36,"meters"
"1714",2023-10-09 18:26:14,c(-112.060633734951, 38.4951554059772),2974.36,"meters"
"1715",2023-10-09 18:26:15,c(-112.060633642483, 38.4951551750089),2974.36,"meters"
"1716",2023-10-09 18:26:16,c(-112.060633087468, 38.495155012709),2974.36,"meters"
"1717",2023-10-09 18:26:17,c(-112.060632533025, 38.4951546974746),2974.36,"meters"
"1718",2023-10-09 18:26:18,c(-112.060632525938, 38.4951546717282),2974.36,"meters"
"1719",2023-10-09 18:26:19,c(-112.060632805304, 38.4951554205275),2974.36,"meters"
"1720",2023-10-09 18:26:20,c(-112.060632894395, 38.4951561220964),2974.36,"meters"
"1721",2023-10-09 18:26:21,c(-112.060632886455, 38.4951566436906),2974.36,"meters"
"1722",2023-10-09 18:26:22,c(-112.060632752856, 38.4951567547676),2974.36,"meters"
"1723",2023-10-09 18:26:23,c(-112.060632814898, 38.4951568771707),2974.36,"meters"
"1724",2023-10-09 18:26:24,c(-112.060632985442, 38.4951569480861),2974.36,"meters"
"1725",2023-10-09 18:26:25,c(-112.060633284692, 38.4951569914355),2974.36,"meters"
"1726",2023-10-09 18:26:26,c(-112.060633764571, 38.4951567461087),2974.36,"meters"
"1727",2023-10-09 18:26:27,c(-112.060633974365, 38.4951567064311),2974.36,"meters"
"1728",2023-10-09 18:26:28,c(-112.060634151597, 38.4951566095116),2974.36,"meters"
"1729",2023-10-09 18:26:29,c(-112.060634095612, 38.495156458967),2974.36,"meters"
"1730",2023-10-09 18:26:30,c(-112.060633909697, 38.4951566523951),2974.36,"meters"
"1731",2023-10-09 18:26:31,c(-112.060633843594, 38.4951569516209),2974.36,"meters"
"1732",2023-10-09 18:26:32,c(-112.060633742653, 38.4951569585809),2974.36,"meters"
"1733",2023-10-09 18:26:33,c(-112.060633870063, 38.4951567632073),2974.36,"meters"
"1734",2023-10-09 18:26:34,c(-112.060634519261, 38.4951566129916),2974.36,"meters"
"1735",2023-10-09 18:26:35,c(-112.060635063831, 38.4951565754909),2974.36,"meters"
"1736",2023-10-09 18:26:36,c(-112.060635518662, 38.4951566011765),2974.36,"meters"
"1737",2023-10-09 18:26:37,c(-112.060636086482, 38.4951567971305),2974.36,"meters"
"1738",2023-10-09 18:26:38,c(-112.060636298726, 38.4951569403588),2974.36,"meters"
"1739",2023-10-09 18:26:39,c(-112.060636318964, 38.4951572151698),2974.36,"meters"
"1740",2023-10-09 18:26:40,c(-112.060635763494, 38.4951573096506),2974.36,"meters"
"1741",2023-10-09 18:26:41,c(-112.06063487068, 38.4951576986715),2974.36,"meters"
"1742",2023-10-09 18:26:42,c(-112.06063468718, 38.4951581286853),2974.36,"meters"
"1743",2023-10-09 18:26:43,c(-112.060635329376, 38.4951585265844),2974.36,"meters"
"1744",2023-10-09 18:26:44,c(-112.060640778771, 38.4951624780154),2974.34,"meters"
"1745",2023-10-09 18:26:45,c(-112.060655324577, 38.4951730915771),2974.32,"meters"
"1746",2023-10-09 18:26:46,c(-112.060682042399, 38.4951862899975),2974.3,"meters"
"1747",2023-10-09 18:26:47,c(-112.060717672177, 38.4951961909729),2974.2,"meters"
"1748",2023-10-09 18:26:48,c(-112.060757782331, 38.4952004170921),2974.1,"meters"
"1749",2023-10-09 18:26:49,c(-112.060801994321, 38.4951921115688),2974.06,"meters"
"1750",2023-10-09 18:26:50,c(-112.060830454507, 38.4951651584888),2974.02,"meters"
"1751",2023-10-09 18:26:51,c(-112.060822910482, 38.4951346346915),2974.04,"meters"
"1752",2023-10-09 18:26:52,c(-112.060791259394, 38.4951192143746),2974.1,"meters"
"1753",2023-10-09 18:26:53,c(-112.060754709263, 38.4951261513668),2974.1,"meters"
"1754",2023-10-09 18:26:54,c(-112.06073044879, 38.4951522792939),2974.12,"meters"
"1755",2023-10-09 18:26:55,c(-112.060727665796, 38.4951821987371),2974.16,"meters"
"1756",2023-10-09 18:26:56,c(-112.060736843179, 38.495214756876),2974.14,"meters"
"1757",2023-10-09 18:26:57,c(-112.060752850579, 38.495252417363),2974.2,"meters"
"1758",2023-10-09 18:26:58,c(-112.060782412592, 38.495281168628),2974.29,"meters"
"1759",2023-10-09 18:26:59,c(-112.060821165434, 38.495308284538),2974.39,"meters"
"1760",2023-10-09 18:27:00,c(-112.060859117571, 38.49533489547),2974.43,"meters"
"1761",2023-10-09 18:27:01,c(-112.060885636263, 38.4953542156451),2974.36,"meters"
"1762",2023-10-09 18:27:02,c(-112.060891772509, 38.4953599042837),2974.34,"meters"
"1763",2023-10-09 18:27:03,c(-112.060891959919, 38.495360601731),2974.34,"meters"
"1764",2023-10-09 18:27:04,c(-112.060891465405, 38.4953601896927),2974.34,"meters"
"1765",2023-10-09 18:27:05,c(-112.060890719573, 38.4953597801479),2974.34,"meters"
"1766",2023-10-09 18:27:06,c(-112.060890286238, 38.4953596538935),2974.34,"meters"
"1767",2023-10-09 18:27:07,c(-112.060890689749, 38.4953597776768),2974.34,"meters"
"1768",2023-10-09 18:27:08,c(-112.060890944562, 38.4953593907434),2974.34,"meters"
"1769",2023-10-09 18:27:09,c(-112.060891189403, 38.4953581192256),2974.36,"meters"
"1770",2023-10-09 18:27:10,c(-112.060891885798, 38.4953576923083),2974.36,"meters"
"1771",2023-10-09 18:27:11,c(-112.060892197131, 38.4953578887414),2974.36,"meters"
"1772",2023-10-09 18:27:12,c(-112.060892416206, 38.4953580582247),2974.36,"meters"
"1773",2023-10-09 18:27:13,c(-112.060892445015, 38.4953585333739),2974.36,"meters"
"1774",2023-10-09 18:27:14,c(-112.060892429224, 38.4953588903349),2974.36,"meters"
"1775",2023-10-09 18:27:15,c(-112.060892574175, 38.4953589566438),2974.36,"meters"
"1776",2023-10-09 18:27:16,c(-112.060893151633, 38.4953585278935),2974.36,"meters"
"1777",2023-10-09 18:27:17,c(-112.060894048384, 38.4953584169119),2974.36,"meters"
"1778",2023-10-09 18:27:18,c(-112.060894539871, 38.4953586045085),2974.36,"meters"
"1779",2023-10-09 18:27:19,c(-112.060894943037, 38.4953588777575),2974.36,"meters"
"1780",2023-10-09 18:27:20,c(-112.06089474167, 38.4953594282867),2974.34,"meters"
"1781",2023-10-09 18:27:21,c(-112.060894267974, 38.4953597446952),2974.34,"meters"
"1782",2023-10-09 18:27:22,c(-112.060894056105, 38.4953601889254),2974.34,"meters"
"1783",2023-10-09 18:27:23,c(-112.060894512421, 38.4953605512572),2974.34,"meters"
"1784",2023-10-09 18:27:24,c(-112.060895139911, 38.4953614169021),2974.34,"meters"
"1785",2023-10-09 18:27:25,c(-112.060895834481, 38.4953619259756),2974.32,"meters"
"1786",2023-10-09 18:27:26,c(-112.060896199762, 38.495362165679),2974.32,"meters"
"1787",2023-10-09 18:27:27,c(-112.060895783508, 38.495362725412),2974.34,"meters"
"1788",2023-10-09 18:27:28,c(-112.060895410241, 38.4953634393889),2974.34,"meters"
"1789",2023-10-09 18:27:29,c(-112.060895038515, 38.495364067352),2974.34,"meters"
"1790",2023-10-09 18:27:30,c(-112.06089520822, 38.4953643755655),2974.34,"meters"
"1791",2023-10-09 18:27:31,c(-112.06089546269, 38.4953642205545),2974.34,"meters"
"1792",2023-10-09 18:27:32,c(-112.060895598782, 38.495363956485),2974.34,"meters"
"1793",2023-10-09 18:27:33,c(-112.060895309861, 38.4953636553959),2974.34,"meters"
"1794",2023-10-09 18:27:34,c(-112.060894922625, 38.4953633603626),2974.34,"meters"
"1795",2023-10-09 18:27:35,c(-112.060894610918, 38.4953631068336),2974.34,"meters"
"1796",2023-10-09 18:27:36,c(-112.060894363112, 38.4953633639771),2974.34,"meters"
"1797",2023-10-09 18:27:37,c(-112.060894058766, 38.4953637324767),2974.34,"meters"
"1798",2023-10-09 18:27:38,c(-112.060893991512, 38.4953642849514),2974.34,"meters"
"1799",2023-10-09 18:27:39,c(-112.060893953437, 38.4953649761395),2974.34,"meters"
"1800",2023-10-09 18:27:40,c(-112.060893896835, 38.4953656262854),2974.34,"meters"
"1801",2023-10-09 18:27:41,c(-112.060894092763, 38.4953657230406),2974.34,"meters"
"1802",2023-10-09 18:27:42,c(-112.060894743922, 38.495365396605),2974.34,"meters"
"1803",2023-10-09 18:27:43,c(-112.060895255417, 38.4953654528088),2974.34,"meters"
"1804",2023-10-09 18:27:44,c(-112.060894996071, 38.4953656020674),2974.34,"meters"
"1805",2023-10-09 18:27:45,c(-112.060894326436, 38.4953656126394),2974.34,"meters"
"1806",2023-10-09 18:27:46,c(-112.060894329902, 38.4953652357574),2974.34,"meters"
"1807",2023-10-09 18:27:47,c(-112.060894191082, 38.4953652086298),2974.34,"meters"
"1808",2023-10-09 18:27:48,c(-112.060894068564, 38.4953656165654),2974.34,"meters"
"1809",2023-10-09 18:27:49,c(-112.06089415456, 38.495365568331),2974.34,"meters"
"1810",2023-10-09 18:27:50,c(-112.060894377658, 38.4953652708041),2974.34,"meters"
"1811",2023-10-09 18:27:51,c(-112.060895374669, 38.4953649407515),2974.34,"meters"
"1812",2023-10-09 18:27:52,c(-112.060896347451, 38.4953652140828),2974.32,"meters"
"1813",2023-10-09 18:27:53,c(-112.060896659235, 38.4953654375156),2974.32,"meters"
"1814",2023-10-09 18:27:54,c(-112.060896723168, 38.4953655717562),2974.32,"meters"
"1815",2023-10-09 18:27:55,c(-112.060896695928, 38.4953655244062),2974.32,"meters"
"1816",2023-10-09 18:27:56,c(-112.060896874911, 38.4953652667487),2974.32,"meters"
"1817",2023-10-09 18:27:57,c(-112.060897168699, 38.4953654029622),2974.32,"meters"
"1818",2023-10-09 18:27:58,c(-112.060897302026, 38.4953657711579),2974.32,"meters"
"1819",2023-10-09 18:27:59,c(-112.060901600415, 38.495369037268),2974.3,"meters"
"1820",2023-10-09 18:28:00,c(-112.060912280458, 38.4953765489772),2974.26,"meters"
"1821",2023-10-09 18:28:01,c(-112.060930339204, 38.4953891536437),2974.14,"meters"
"1822",2023-10-09 18:28:02,c(-112.06096018394, 38.4954098178253),2974.03,"meters"
"1823",2023-10-09 18:28:03,c(-112.061004494212, 38.4954409203735),2973.9,"meters"
"1824",2023-10-09 18:28:04,c(-112.061061225584, 38.4954805595033),2973.71,"meters"
"1825",2023-10-09 18:28:05,c(-112.061132573309, 38.4955307834231),2973.78,"meters"
"1826",2023-10-09 18:28:06,c(-112.061217590911, 38.4955899149773),2973.67,"meters"
"1827",2023-10-09 18:28:07,c(-112.06130484983, 38.4956506558938),2973.49,"meters"
"1828",2023-10-09 18:28:08,c(-112.061396112195, 38.4957144117841),2973.4,"meters"
"1829",2023-10-09 18:28:09,c(-112.061489390149, 38.4957794299577),2973.44,"meters"
"1830",2023-10-09 18:28:10,c(-112.061584841929, 38.4958458802774),2973.55,"meters"
"1831",2023-10-09 18:28:11,c(-112.061680622913, 38.4959125575373),2973.62,"meters"
"1832",2023-10-09 18:28:12,c(-112.061770766665, 38.4959752375603),2973.63,"meters"
"1833",2023-10-09 18:28:13,c(-112.061863389014, 38.4960396694952),2973.69,"meters"
"1834",2023-10-09 18:28:14,c(-112.061958260523, 38.4961057687775),2973.61,"meters"
"1835",2023-10-09 18:28:15,c(-112.062046852991, 38.4961673099446),2973.65,"meters"
"1836",2023-10-09 18:28:16,c(-112.062133685705, 38.4962274304469),2973.77,"meters"
"1837",2023-10-09 18:28:17,c(-112.062216827493, 38.4962893560591),2973.76,"meters"
"1838",2023-10-09 18:28:18,c(-112.062296855094, 38.4963514261187),2973.77,"meters"
"1839",2023-10-09 18:28:19,c(-112.062379705245, 38.4964155685623),2973.59,"meters"
"1840",2023-10-09 18:28:20,c(-112.062453541119, 38.4964730974985),2973.79,"meters"
"1841",2023-10-09 18:28:21,c(-112.062526175375, 38.4965295067887),2973.9,"meters"
"1842",2023-10-09 18:28:22,c(-112.062605107269, 38.4965912525164),2974.24,"meters"
"1843",2023-10-09 18:28:23,c(-112.062679237537, 38.4966498437338),2974.91,"meters"
"1844",2023-10-09 18:28:24,c(-112.062753133662, 38.4967080026084),2976.17,"meters"
"1845",2023-10-09 18:28:25,c(-112.062826896126, 38.4967659829887),2977.27,"meters"
"1846",2023-10-09 18:28:26,c(-112.062900850966, 38.4968236683219),2978.25,"meters"
"1847",2023-10-09 18:28:27,c(-112.062974406499, 38.4968808296813),2979.13,"meters"
"1848",2023-10-09 18:28:28,c(-112.0630485006, 38.4969380001859),2979.58,"meters"
"1849",2023-10-09 18:28:29,c(-112.063122893793, 38.4969943534574),2979.7,"meters"
"1850",2023-10-09 18:28:30,c(-112.063197720535, 38.4970487235155),2979.79,"meters"
"1851",2023-10-09 18:28:31,c(-112.063271984753, 38.4971020782817),2979.9,"meters"
"1852",2023-10-09 18:28:32,c(-112.063345845881, 38.4971547773405),2980.06,"meters"
"1853",2023-10-09 18:28:33,c(-112.063417344582, 38.4972058866664),2980.72,"meters"
"1854",2023-10-09 18:28:34,c(-112.063485775618, 38.4972559996692),2981.17,"meters"
"1855",2023-10-09 18:28:35,c(-112.063547936595, 38.4973021250453),2981.71,"meters"
"1856",2023-10-09 18:28:36,c(-112.06361072811, 38.4973466890695),2982.46,"meters"
"1857",2023-10-09 18:28:37,c(-112.063672030779, 38.497393216099),2983.12,"meters"
"1858",2023-10-09 18:28:38,c(-112.063722891731, 38.4974344519668),2983.58,"meters"
"1859",2023-10-09 18:28:39,c(-112.063746084129, 38.4974555764493),2983.74,"meters"
"1860",2023-10-09 18:28:40,c(-112.063757238055, 38.4974671172071),2983.92,"meters"
"1861",2023-10-09 18:28:41,c(-112.063776887116, 38.4974844458401),2984.28,"meters"
"1862",2023-10-09 18:28:42,c(-112.06380647687, 38.4975081421532),2984.66,"meters"
"1863",2023-10-09 18:28:43,c(-112.063846594755, 38.4975356606828),2985.12,"meters"
"1864",2023-10-09 18:28:44,c(-112.063887147966, 38.497566537976),2985.56,"meters"
"1865",2023-10-09 18:28:45,c(-112.063918987931, 38.4975987033266),2986.19,"meters"
"1866",2023-10-09 18:28:46,c(-112.063946070769, 38.4976320996267),2986.89,"meters"
"1867",2023-10-09 18:28:47,c(-112.063971561028, 38.4976619808249),2987.35,"meters"
"1868",2023-10-09 18:28:48,c(-112.063997408978, 38.4976841276256),2987.75,"meters"
"1869",2023-10-09 18:28:49,c(-112.064021130999, 38.4977005698159),2987.93,"meters"
"1870",2023-10-09 18:28:50,c(-112.064043061059, 38.4977153439661),2988.28,"meters"
"1871",2023-10-09 18:28:51,c(-112.064059374325, 38.4977291280115),2988.54,"meters"
"1872",2023-10-09 18:28:52,c(-112.064072675919, 38.4977411036603),2988.68,"meters"
"1873",2023-10-09 18:28:53,c(-112.064085841855, 38.4977521153576),2988.88,"meters"
"1874",2023-10-09 18:28:54,c(-112.064098866945, 38.4977622839463),2988.98,"meters"
"1875",2023-10-09 18:28:55,c(-112.064111449806, 38.4977720986675),2989.12,"meters"
"1876",2023-10-09 18:28:56,c(-112.064121657774, 38.4977804734705),2989.25,"meters"
"1877",2023-10-09 18:28:57,c(-112.064124477308, 38.4977828374191),2989.31,"meters"
"1878",2023-10-09 18:28:58,c(-112.064124508843, 38.4977829848808),2989.31,"meters"
"1879",2023-10-09 18:28:59,c(-112.064123922496, 38.4977823862424),2989.31,"meters"
"1880",2023-10-09 18:29:00,c(-112.06412359179, 38.4977832599026),2989.31,"meters"
"1881",2023-10-09 18:29:01,c(-112.064133634951, 38.4977916196932),2989.47,"meters"
"1882",2023-10-09 18:29:02,c(-112.064152082386, 38.4978040403599),2989.63,"meters"
"1883",2023-10-09 18:29:03,c(-112.064172430338, 38.497819578507),2989.95,"meters"
"1884",2023-10-09 18:29:04,c(-112.064188245874, 38.4978402769594),2990.19,"meters"
"1885",2023-10-09 18:29:05,c(-112.064201155155, 38.4978600890013),2990.47,"meters"
"1886",2023-10-09 18:29:06,c(-112.064215598369, 38.4978792776342),2990.67,"meters"
"1887",2023-10-09 18:29:07,c(-112.064232383597, 38.4978991848129),2990.97,"meters"
"1888",2023-10-09 18:29:08,c(-112.064250226077, 38.4979177661141),2991.31,"meters"
"1889",2023-10-09 18:29:09,c(-112.064268061898, 38.4979344846321),2991.73,"meters"
"1890",2023-10-09 18:29:10,c(-112.064281271298, 38.4979525796534),2992.19,"meters"
"1891",2023-10-09 18:29:11,c(-112.064294539289, 38.4979705959767),2992.46,"meters"
"1892",2023-10-09 18:29:12,c(-112.064308737456, 38.4979860813561),2992.52,"meters"
"1893",2023-10-09 18:29:13,c(-112.064321568056, 38.4979990562904),2992.58,"meters"
"1894",2023-10-09 18:29:14,c(-112.064333218653, 38.4980095002021),2992.68,"meters"
"1895",2023-10-09 18:29:15,c(-112.06433840285, 38.4980167998225),2992.84,"meters"
"1896",2023-10-09 18:29:16,c(-112.06434121482, 38.4980227826972),2993.1,"meters"
"1897",2023-10-09 18:29:17,c(-112.064348965039, 38.4980310446515),2993.1,"meters"
"1898",2023-10-09 18:29:18,c(-112.0643595843, 38.4980412796349),2993.4,"meters"
"1899",2023-10-09 18:29:19,c(-112.064369843577, 38.4980543944708),2993.54,"meters"
"1900",2023-10-09 18:29:20,c(-112.064380803758, 38.4980689178084),2993.73,"meters"
"1901",2023-10-09 18:29:21,c(-112.064391170782, 38.4980816156019),2993.83,"meters"
"1902",2023-10-09 18:29:22,c(-112.064394134671, 38.4980881158504),2993.89,"meters"
"1903",2023-10-09 18:29:23,c(-112.064392569789, 38.4980948290714),2993.95,"meters"
"1904",2023-10-09 18:29:24,c(-112.064392321343, 38.498098784889),2993.95,"meters"
"1905",2023-10-09 18:29:25,c(-112.064394594176, 38.4981027864373),2993.95,"meters"
"1906",2023-10-09 18:29:26,c(-112.064400097555, 38.4981077690717),2994.09,"meters"
"1907",2023-10-09 18:29:27,c(-112.064403263122, 38.4981144885475),2994.15,"meters"
"1908",2023-10-09 18:29:28,c(-112.064404492983, 38.498122842222),2994.23,"meters"
"1909",2023-10-09 18:29:29,c(-112.064405591431, 38.4981283092352),2994.23,"meters"
"1910",2023-10-09 18:29:30,c(-112.064408474934, 38.4981323728888),2994.28,"meters"
"1911",2023-10-09 18:29:31,c(-112.064409768633, 38.4981338276307),2994.28,"meters"
"1912",2023-10-09 18:29:32,c(-112.064410710034, 38.4981343040186),2994.28,"meters"
"1913",2023-10-09 18:29:33,c(-112.064412137427, 38.498134773875),2994.36,"meters"
"1914",2023-10-09 18:29:34,c(-112.064411482646, 38.4981356462259),2994.36,"meters"
"1915",2023-10-09 18:29:35,c(-112.064411400767, 38.4981361358184),2994.36,"meters"
"1916",2023-10-09 18:29:36,c(-112.064410901303, 38.4981374640406),2994.28,"meters"
"1917",2023-10-09 18:29:37,c(-112.064410801176, 38.4981380794457),2994.28,"meters"
"1918",2023-10-09 18:29:38,c(-112.064410488756, 38.4981379174674),2994.28,"meters"
"1919",2023-10-09 18:29:39,c(-112.064410855147, 38.4981373674531),2994.28,"meters"
"1920",2023-10-09 18:29:40,c(-112.064411780961, 38.4981377054801),2994.36,"meters"
"1921",2023-10-09 18:29:41,c(-112.064412852123, 38.4981390533943),2994.42,"meters"
"1922",2023-10-09 18:29:42,c(-112.064413889478, 38.4981396739457),2994.42,"meters"
"1923",2023-10-09 18:29:43,c(-112.064414011537, 38.4981395595657),2994.42,"meters"
"1924",2023-10-09 18:29:44,c(-112.064413429749, 38.4981393918482),2994.42,"meters"
"1925",2023-10-09 18:29:45,c(-112.064412583508, 38.4981392982027),2994.42,"meters"
"1926",2023-10-09 18:29:46,c(-112.064412340996, 38.498138904977),2994.36,"meters"
"1927",2023-10-09 18:29:47,c(-112.064412587833, 38.4981386746477),2994.36,"meters"
"1928",2023-10-09 18:29:48,c(-112.064413075438, 38.4981392153079),2994.42,"meters"
"1929",2023-10-09 18:29:49,c(-112.064413043572, 38.4981395544964),2994.42,"meters"
"1930",2023-10-09 18:29:50,c(-112.064412803498, 38.4981394351709),2994.42,"meters"
"1931",2023-10-09 18:29:51,c(-112.064412396099, 38.4981396594066),2994.42,"meters"
"1932",2023-10-09 18:29:52,c(-112.064411658214, 38.4981397298274),2994.42,"meters"
"1933",2023-10-09 18:29:53,c(-112.064410955309, 38.4981394956297),2994.34,"meters"
"1934",2023-10-09 18:29:54,c(-112.064411049778, 38.4981394977699),2994.34,"meters"
"1935",2023-10-09 18:29:55,c(-112.064410969138, 38.498139541945),2994.34,"meters"
"1936",2023-10-09 18:29:56,c(-112.064410920577, 38.4981395845744),2994.34,"meters"
"1937",2023-10-09 18:29:57,c(-112.064410769053, 38.4981396469351),2994.34,"meters"
"1938",2023-10-09 18:29:58,c(-112.064410717295, 38.4981396253758),2994.34,"meters"
"1939",2023-10-09 18:35:03,c(-112.064412145942, 38.4981393610246),2994.42,"meters"
"1940",2023-10-09 18:35:04,c(-112.064412210775, 38.4981393619026),2994.42,"meters"
"1941",2023-10-09 18:35:05,c(-112.064412299969, 38.498139359021),2994.42,"meters"
"1942",2023-10-09 18:35:06,c(-112.064412277902, 38.4981393025365),2994.42,"meters"
"1943",2023-10-09 18:35:07,c(-112.064412386285, 38.4981392200974),2994.42,"meters"
"1944",2023-10-09 18:35:08,c(-112.064412276977, 38.4981390825563),2994.42,"meters"
"1945",2023-10-09 18:35:09,c(-112.064409008911, 38.4981364792328),2994.28,"meters"
"1946",2023-10-09 18:35:10,c(-112.064405991911, 38.4981335678325),2994.28,"meters"
"1947",2023-10-09 18:35:11,c(-112.064404424893, 38.4981319468335),2994.28,"meters"
"1948",2023-10-09 18:35:12,c(-112.064404503178, 38.4981277341312),2994.23,"meters"
"1949",2023-10-09 18:35:13,c(-112.064401303658, 38.4981110776755),2994.09,"meters"
"1950",2023-10-09 18:35:14,c(-112.06439259689, 38.49807264613),2993.77,"meters"
"1951",2023-10-09 18:35:15,c(-112.064361140569, 38.4980257197405),2993.16,"meters"
"1952",2023-10-09 18:35:16,c(-112.064288917147, 38.4979853464163),2992.44,"meters"
"1953",2023-10-09 18:35:17,c(-112.064188889872, 38.4979398285332),2991.08,"meters"
"1954",2023-10-09 18:35:18,c(-112.064064503069, 38.4978805964773),2989.65,"meters"
"1955",2023-10-09 18:35:19,c(-112.063935296873, 38.4978171464096),2988.48,"meters"
"1956",2023-10-09 18:35:20,c(-112.063808215029, 38.4977479898207),2987.46,"meters"
"1957",2023-10-09 18:35:21,c(-112.06366799813, 38.4976717565118),2987.23,"meters"
"1958",2023-10-09 18:35:22,c(-112.063512264252, 38.4975874690361),2987.87,"meters"
"1959",2023-10-09 18:35:23,c(-112.063358833318, 38.4975046738522),2985.77,"meters"
"1960",2023-10-09 18:35:24,c(-112.063212572752, 38.4974255496069),2984.07,"meters"
"1961",2023-10-09 18:35:25,c(-112.063054576643, 38.4973412468076),2981.28,"meters"
"1962",2023-10-09 18:35:26,c(-112.062897552616, 38.4972578798073),2980.13,"meters"
"1963",2023-10-09 18:35:27,c(-112.062739105094, 38.4971748819888),2977.85,"meters"
"1964",2023-10-09 18:35:28,c(-112.062580658474, 38.4970915425339),2976.25,"meters"
"1965",2023-10-09 18:35:29,c(-112.062421400498, 38.497008061077),2974.98,"meters"
"1966",2023-10-09 18:35:30,c(-112.062269504944, 38.496928474923),2974.98,"meters"
"1967",2023-10-09 18:35:31,c(-112.062109186314, 38.4968444412989),2974.96,"meters"
"1968",2023-10-09 18:35:32,c(-112.061939781449, 38.4967548217091),2974.59,"meters"
"1969",2023-10-09 18:35:33,c(-112.061778000961, 38.4966693296598),2974.67,"meters"
"1970",2023-10-09 18:35:34,c(-112.061624176054, 38.4965880328215),2974.77,"meters"
"1971",2023-10-09 18:35:35,c(-112.061461676958, 38.4965020913152),2974.63,"meters"
"1972",2023-10-09 18:35:36,c(-112.06129109112, 38.4964112513404),2974.2,"meters"
"1973",2023-10-09 18:35:37,c(-112.061129555385, 38.4963250471646),2975.45,"meters"
"1974",2023-10-09 18:35:38,c(-112.060976143672, 38.4962430926103),2977.43,"meters"
"1975",2023-10-09 18:35:39,c(-112.060815461466, 38.4961568663308),2975.88,"meters"
"1976",2023-10-09 18:35:40,c(-112.060645714983, 38.4960662192744),2975.75,"meters"
"1977",2023-10-09 18:35:41,c(-112.060483328975, 38.4959801244037),2976.17,"meters"
"1978",2023-10-09 18:35:42,c(-112.060321084522, 38.495894258761),2977.02,"meters"
"1979",2023-10-09 18:35:43,c(-112.060159482298, 38.4958086213599),2978.35,"meters"
"1980",2023-10-09 18:35:44,c(-112.059997676478, 38.4957222402657),2979.74,"meters"
"1981",2023-10-09 18:35:45,c(-112.05983725991, 38.4956367715763),2980.3,"meters"
"1982",2023-10-09 18:35:46,c(-112.059674968295, 38.4955506126132),2980.47,"meters"
"1983",2023-10-09 18:35:47,c(-112.059512803949, 38.495464781291),2980.44,"meters"
"1984",2023-10-09 18:35:48,c(-112.059351968705, 38.4953794279898),2980.77,"meters"
"1985",2023-10-09 18:35:49,c(-112.059190685443, 38.49529346303),2981.1,"meters"
"1986",2023-10-09 18:35:50,c(-112.059029983315, 38.4952074119197),2981.93,"meters"
"1987",2023-10-09 18:35:51,c(-112.058868976265, 38.4951223293737),2982.92,"meters"
"1988",2023-10-09 18:35:52,c(-112.058708837558, 38.4950381234868),2984.33,"meters"
"1989",2023-10-09 18:35:53,c(-112.05854814495, 38.4949535743681),2986.92,"meters"
"1990",2023-10-09 18:35:54,c(-112.058388530828, 38.4948694752107),2989.39,"meters"
"1991",2023-10-09 18:35:55,c(-112.058228290022, 38.4947848484903),2991.75,"meters"
"1992",2023-10-09 18:35:56,c(-112.058066990024, 38.4946996561734),2995.59,"meters"
"1993",2023-10-09 18:35:57,c(-112.057906809369, 38.4946152338141),2997.58,"meters"
"1994",2023-10-09 18:35:58,c(-112.057746012568, 38.4945305281496),2997.38,"meters"
"1995",2023-10-09 18:35:59,c(-112.057585449789, 38.4944455539494),2996.02,"meters"
"1996",2023-10-09 18:36:00,c(-112.057424080817, 38.4943600827117),2996.17,"meters"
"1997",2023-10-09 18:36:01,c(-112.057263088507, 38.4942742188363),2996.68,"meters"
"1998",2023-10-09 18:36:02,c(-112.057102309702, 38.4941883111732),2997.65,"meters"
"1999",2023-10-09 18:36:03,c(-112.056941374462, 38.4941022343326),2999.07,"meters"
"2000",2023-10-09 18:36:04,c(-112.056781526283, 38.4940168589457),3000.65,"meters"
"2001",2023-10-09 18:36:05,c(-112.056620754761, 38.4939310212937),3002.03,"meters"
"2002",2023-10-09 18:36:06,c(-112.05646794082, 38.493849261481),3004.09,"meters"
"2003",2023-10-09 18:36:07,c(-112.056315029841, 38.4937678367868),3006.77,"meters"
"2004",2023-10-09 18:36:08,c(-112.056146050098, 38.4936775897514),3009.64,"meters"
"2005",2023-10-09 18:36:09,c(-112.055977282556, 38.4935881777799),3012.89,"meters"
"2006",2023-10-09 18:36:10,c(-112.055817412599, 38.4935030175503),3015.23,"meters"
"2007",2023-10-09 18:36:11,c(-112.055658659464, 38.4934191576363),3018.53,"meters"
"2008",2023-10-09 18:36:12,c(-112.055513238299, 38.4933419699573),3021.54,"meters"
"2009",2023-10-09 18:36:13,c(-112.05539231697, 38.4932771186984),3026.27,"meters"
"2010",2023-10-09 18:36:14,c(-112.055299643108, 38.4932287617934),3029.68,"meters"
"2011",2023-10-09 18:36:15,c(-112.05524622055, 38.4932048724359),3030.46,"meters"
"2012",2023-10-09 18:36:16,c(-112.055222632219, 38.4931955594234),3030.92,"meters"
"2013",2023-10-09 18:36:17,c(-112.055211294334, 38.4931918154332),3031,"meters"
"2014",2023-10-09 18:36:18,c(-112.05520560946, 38.4931904348857),3031.28,"meters"
"2015",2023-10-09 18:36:19,c(-112.055202520171, 38.4931898821163),3031.28,"meters"
"2016",2023-10-09 18:36:20,c(-112.055200956233, 38.4931895936466),3031.28,"meters"
"2017",2023-10-09 18:36:21,c(-112.05520044655, 38.4931899875272),3031.28,"meters"
"2018",2023-10-09 18:36:22,c(-112.055200774233, 38.4931898882387),3031.28,"meters"
"2019",2023-10-09 18:36:23,c(-112.055200992625, 38.4931892845787),3031.28,"meters"
"2020",2023-10-09 18:36:24,c(-112.055201300149, 38.4931889623237),3031.28,"meters"
"2021",2023-10-09 18:36:25,c(-112.055201596493, 38.4931889800799),3031.28,"meters"
"2022",2023-10-09 18:36:26,c(-112.055201240214, 38.4931892942717),3031.28,"meters"
"2023",2023-10-09 18:36:27,c(-112.055200887354, 38.4931894597663),3031.28,"meters"
"2024",2023-10-09 18:36:28,c(-112.055201117875, 38.4931895363872),3031.28,"meters"
"2025",2023-10-09 18:36:29,c(-112.055201336211, 38.4931894790631),3031.28,"meters"
"2026",2023-10-09 18:36:30,c(-112.055201833386, 38.4931894345629),3031.28,"meters"
"2027",2023-10-09 18:36:31,c(-112.055201949704, 38.4931892217986),3031.28,"meters"
"2028",2023-10-09 18:36:32,c(-112.055201698175, 38.4931889862279),3031.28,"meters"
"2029",2023-10-09 18:36:33,c(-112.055202040238, 38.4931889776686),3031.28,"meters"
"2030",2023-10-09 18:36:34,c(-112.055202028125, 38.4931875523469),3031.28,"meters"
"2031",2023-10-09 18:36:35,c(-112.055190663494, 38.493178733032),3031.5,"meters"
"2032",2023-10-09 18:36:36,c(-112.055163794736, 38.4931622659911),3032.17,"meters"
"2033",2023-10-09 18:36:37,c(-112.055118380752, 38.4931377645646),3032.77,"meters"
"2034",2023-10-09 18:36:38,c(-112.055057192447, 38.4931056865567),3033.81,"meters"
"2035",2023-10-09 18:36:39,c(-112.054989407499, 38.4930695242255),3034.91,"meters"
"2036",2023-10-09 18:36:40,c(-112.054916161896, 38.4930291783825),3035.99,"meters"
"2037",2023-10-09 18:36:41,c(-112.054836861902, 38.4929865467526),3037.07,"meters"
"2038",2023-10-09 18:36:42,c(-112.054752900863, 38.4929418788551),3038.12,"meters"
"2039",2023-10-09 18:36:43,c(-112.054667060015, 38.492895529102),3039.7,"meters"
"2040",2023-10-09 18:36:44,c(-112.05457731971, 38.4928476740694),3040.84,"meters"
"2041",2023-10-09 18:36:45,c(-112.054483057501, 38.4927972173096),3042.69,"meters"
"2042",2023-10-09 18:36:46,c(-112.054384244116, 38.4927443739252),3045.03,"meters"
"2043",2023-10-09 18:36:47,c(-112.054277088567, 38.4926866615254),3047.04,"meters"
"2044",2023-10-09 18:36:48,c(-112.054178492783, 38.49263330255),3049.04,"meters"
"2045",2023-10-09 18:36:49,c(-112.054078759896, 38.4925793754397),3050.73,"meters"
"2046",2023-10-09 18:36:50,c(-112.05396720846, 38.4925192405092),3052.54,"meters"
"2047",2023-10-09 18:36:51,c(-112.053861444368, 38.4924625762456),3054.09,"meters"
"2048",2023-10-09 18:36:52,c(-112.053761811011, 38.4924094531639),3055.44,"meters"
"2049",2023-10-09 18:36:53,c(-112.053657642407, 38.4923541291989),3056.61,"meters"
"2050",2023-10-09 18:36:54,c(-112.053549041416, 38.4922964145273),3057.42,"meters"
"2051",2023-10-09 18:36:55,c(-112.053448740639, 38.4922428021444),3058.13,"meters"
"2052",2023-10-09 18:36:56,c(-112.053353248215, 38.4921919129509),3058.28,"meters"
"2053",2023-10-09 18:36:57,c(-112.053252650615, 38.4921384431775),3058.58,"meters"
"2054",2023-10-09 18:36:58,c(-112.053146964893, 38.4920824306037),3058.96,"meters"
"2055",2023-10-09 18:36:59,c(-112.053047049811, 38.4920298552069),3058.38,"meters"
"2056",2023-10-09 18:37:00,c(-112.052940736848, 38.4919740517073),3058.39,"meters"
"2057",2023-10-09 18:37:01,c(-112.052844417634, 38.4919232665829),3057.43,"meters"
"2058",2023-10-09 18:37:02,c(-112.052748570336, 38.4918724234045),3055.64,"meters"
"2059",2023-10-09 18:37:03,c(-112.052643729582, 38.4918165542955),3054.93,"meters"
"2060",2023-10-09 18:37:04,c(-112.052543175246, 38.4917630795782),3054.03,"meters"
"2061",2023-10-09 18:37:05,c(-112.052448253024, 38.4917127167998),3053.43,"meters"
"2062",2023-10-09 18:37:06,c(-112.052347886136, 38.4916589007145),3053.06,"meters"
"2063",2023-10-09 18:37:07,c(-112.052243470475, 38.4916018319534),3053.55,"meters"
"2064",2023-10-09 18:37:08,c(-112.052143988006, 38.4915471330422),3053.71,"meters"
"2065",2023-10-09 18:37:09,c(-112.052042671593, 38.4914918769468),3053.27,"meters"
"2066",2023-10-09 18:37:10,c(-112.051940200056, 38.491437043987),3052.42,"meters"
"2067",2023-10-09 18:37:11,c(-112.051834890144, 38.4913814653748),3051.45,"meters"
"2068",2023-10-09 18:37:12,c(-112.051727563245, 38.4913245780621),3050.62,"meters"
"2069",2023-10-09 18:37:13,c(-112.051619718584, 38.4912670011607),3049.76,"meters"
"2070",2023-10-09 18:37:14,c(-112.05151092271, 38.4912088888869),3049.47,"meters"
"2071",2023-10-09 18:37:15,c(-112.051401438494, 38.4911508222093),3049.02,"meters"
"2072",2023-10-09 18:37:16,c(-112.051296904329, 38.4910953536176),3049.13,"meters"
"2073",2023-10-09 18:37:17,c(-112.051186665806, 38.4910366780659),3048.95,"meters"
"2074",2023-10-09 18:37:18,c(-112.051071693194, 38.4909756419666),3049.09,"meters"
"2075",2023-10-09 18:37:19,c(-112.05096272884, 38.490918047857),3049.24,"meters"
"2076",2023-10-09 18:37:20,c(-112.050848613659, 38.4908573467447),3048.63,"meters"
"2077",2023-10-09 18:37:21,c(-112.050741448167, 38.4908002419082),3047.88,"meters"
"2078",2023-10-09 18:37:22,c(-112.050640295923, 38.4907462780175),3049.39,"meters"
"2079",2023-10-09 18:37:23,c(-112.050534354669, 38.4906896725578),3050.46,"meters"
"2080",2023-10-09 18:37:24,c(-112.050423536664, 38.4906301032761),3051.3,"meters"
"2081",2023-10-09 18:37:25,c(-112.050324008534, 38.4905764306333),3051.98,"meters"
"2082",2023-10-09 18:37:26,c(-112.050223664206, 38.4905227006589),3052.79,"meters"
"2083",2023-10-09 18:37:27,c(-112.050111346899, 38.4904631703771),3053.33,"meters"
"2084",2023-10-09 18:37:28,c(-112.050003996057, 38.4904063918488),3053.61,"meters"
"2085",2023-10-09 18:37:29,c(-112.049896682176, 38.4903493069158),3053.43,"meters"
"2086",2023-10-09 18:37:30,c(-112.049789134419, 38.4902921484369),3053.46,"meters"
"2087",2023-10-09 18:37:31,c(-112.049681745338, 38.4902348903257),3054.12,"meters"
"2088",2023-10-09 18:37:32,c(-112.049569669844, 38.4901747695793),3054.06,"meters"
"2089",2023-10-09 18:37:33,c(-112.049465245707, 38.4901190786045),3055.74,"meters"
"2090",2023-10-09 18:37:34,c(-112.049367155869, 38.4900669177453),3057.55,"meters"
"2091",2023-10-09 18:37:35,c(-112.049263265775, 38.4900114002936),3059.4,"meters"
"2092",2023-10-09 18:37:36,c(-112.04915789116, 38.4899542770532),3060.71,"meters"
"2093",2023-10-09 18:37:37,c(-112.049055979944, 38.4898992811086),3058.56,"meters"
"2094",2023-10-09 18:37:38,c(-112.048944326473, 38.4898401370947),3056.63,"meters"
"2095",2023-10-09 18:37:39,c(-112.048827385815, 38.4897769559233),3053.68,"meters"
"2096",2023-10-09 18:37:40,c(-112.048712389648, 38.4897143089436),3050.55,"meters"
"2097",2023-10-09 18:37:41,c(-112.04860835551, 38.4896577886081),3046.5,"meters"
"2098",2023-10-09 18:37:42,c(-112.048515135442, 38.4896072078287),3041.54,"meters"
"2099",2023-10-09 18:37:43,c(-112.048420897675, 38.4895565195802),3037.28,"meters"
"2100",2023-10-09 18:37:44,c(-112.048330407891, 38.4895085161405),3034.1,"meters"
"2101",2023-10-09 18:37:45,c(-112.048248110189, 38.489465018407),3031.68,"meters"
"2102",2023-10-09 18:37:46,c(-112.048173470698, 38.489424881084),3029.45,"meters"
"2103",2023-10-09 18:37:47,c(-112.048096250672, 38.4893838727399),3026.96,"meters"
"2104",2023-10-09 18:37:48,c(-112.048022851262, 38.4893455317474),3024.36,"meters"
"2105",2023-10-09 18:37:49,c(-112.047954488959, 38.4893101795173),3021.97,"meters"
"2106",2023-10-09 18:37:50,c(-112.0478889031, 38.4892758065168),3019.75,"meters"
"2107",2023-10-09 18:37:51,c(-112.047818149721, 38.4892379986239),3018.03,"meters"
"2108",2023-10-09 18:37:52,c(-112.047738593209, 38.4891952804399),3016.05,"meters"
"2109",2023-10-09 18:37:53,c(-112.047652014165, 38.4891484746146),3013.37,"meters"
"2110",2023-10-09 18:37:54,c(-112.047549251278, 38.4890928539385),3010.78,"meters"
"2111",2023-10-09 18:37:55,c(-112.047443971669, 38.4890364405024),3006.66,"meters"
"2112",2023-10-09 18:37:56,c(-112.047338831637, 38.4889806575108),3005.18,"meters"
"2113",2023-10-09 18:37:57,c(-112.047224709136, 38.4889196915247),3003.55,"meters"
"2114",2023-10-09 18:37:58,c(-112.047103463955, 38.4888545278674),3001.71,"meters"
"2115",2023-10-09 18:37:59,c(-112.046989138757, 38.4887926945553),2998.88,"meters"
"2116",2023-10-09 18:38:00,c(-112.046878914771, 38.4887343411779),2996.56,"meters"
"2117",2023-10-09 18:38:01,c(-112.046762822059, 38.4886725684338),2994.8,"meters"
"2118",2023-10-09 18:38:02,c(-112.046648527716, 38.4886113504077),2992.7,"meters"
"2119",2023-10-09 18:38:03,c(-112.046536090425, 38.4885520307645),2990.48,"meters"
"2120",2023-10-09 18:38:04,c(-112.046421373697, 38.4884992707357),2986.77,"meters"
"2121",2023-10-09 18:38:05,c(-112.046305568506, 38.4884508568201),2984.44,"meters"
"2122",2023-10-09 18:38:06,c(-112.046189127912, 38.4884052026841),2983.55,"meters"
"2123",2023-10-09 18:38:07,c(-112.046073359273, 38.4883599076187),2983.05,"meters"
"2124",2023-10-09 18:38:08,c(-112.045958284998, 38.4883149638418),2981.94,"meters"
"2125",2023-10-09 18:38:09,c(-112.045843681985, 38.4882747034368),2981.94,"meters"
"2126",2023-10-09 18:38:10,c(-112.045764777749, 38.4882464854874),2982.42,"meters"
"2127",2023-10-09 18:38:11,c(-112.045728881476, 38.4882336801712),2982.72,"meters"
"2128",2023-10-09 18:38:12,c(-112.045715936313, 38.4882287247561),2982.8,"meters"
"2129",2023-10-09 18:38:13,c(-112.045711410766, 38.4882266786238),2982.92,"meters"
"2130",2023-10-09 18:38:14,c(-112.045709674856, 38.4882259852537),2982.92,"meters"
"2131",2023-10-09 18:38:15,c(-112.045708013391, 38.4882251814501),2982.92,"meters"
"2132",2023-10-09 18:38:16,c(-112.04570037063, 38.4882182105701),2983.05,"meters"
"2133",2023-10-09 18:38:17,c(-112.045688223822, 38.4882057390055),2983.15,"meters"
"2134",2023-10-09 18:38:18,c(-112.045680241723, 38.4881933686898),2983.01,"meters"
"2135",2023-10-09 18:38:19,c(-112.045675295465, 38.4881636147164),2982.83,"meters"
"2136",2023-10-09 18:38:20,c(-112.045682533492, 38.4881272666622),2982,"meters"
"2137",2023-10-09 18:38:21,c(-112.045695700721, 38.4881003922571),2981.46,"meters"
"2138",2023-10-09 18:38:22,c(-112.045710046516, 38.4880743562635),2980.62,"meters"
"2139",2023-10-09 18:38:23,c(-112.04572379166, 38.4880490226465),2979.64,"meters"
"2140",2023-10-09 18:38:24,c(-112.045730216133, 38.4880373472627),2979.36,"meters"
"2141",2023-10-09 18:38:25,c(-112.045733098346, 38.4880305729968),2979.12,"meters"
"2142",2023-10-09 18:38:26,c(-112.045732992434, 38.4880290638957),2979.12,"meters"
"2143",2023-10-09 18:38:27,c(-112.045732468253, 38.4880287408682),2979.12,"meters"
"2144",2023-10-09 18:38:28,c(-112.045732427978, 38.4880284931356),2979.12,"meters"
"2145",2023-10-09 18:38:29,c(-112.045732721869, 38.4880289913687),2979.12,"meters"
"2146",2023-10-09 18:38:30,c(-112.045732815167, 38.4880290725273),2979.12,"meters"
"2147",2023-10-09 18:38:31,c(-112.045731849809, 38.488028993501),2979.12,"meters"
"2148",2023-10-09 18:38:32,c(-112.045730954895, 38.4880284271647),2979.12,"meters"
"2149",2023-10-09 18:38:33,c(-112.04573665923, 38.4880277889267),2979,"meters"
"2150",2023-10-09 18:38:34,c(-112.045756451663, 38.4880265192461),2978.9,"meters"
"2151",2023-10-09 18:38:35,c(-112.04578597751, 38.4880248265944),2978.58,"meters"
"2152",2023-10-09 18:38:36,c(-112.045820072863, 38.4880229226946),2977.76,"meters"
"2153",2023-10-09 18:38:37,c(-112.045847153174, 38.488021613662),2977.5,"meters"
"2154",2023-10-09 18:38:38,c(-112.045855437527, 38.4880212708531),2977.58,"meters"
"2155",2023-10-09 18:38:39,c(-112.045858087536, 38.4880215250303),2977.58,"meters"
"2156",2023-10-09 18:38:40,c(-112.0458681105, 38.4880214774512),2977.8,"meters"
"2157",2023-10-09 18:38:41,c(-112.045892408531, 38.4880207211891),2978.41,"meters"
"2158",2023-10-09 18:38:42,c(-112.045927243903, 38.4880190930834),2978.94,"meters"
"2159",2023-10-09 18:38:43,c(-112.045972671763, 38.4880169494014),2979.22,"meters"
"2160",2023-10-09 18:38:44,c(-112.046025567297, 38.4880140735386),2979.53,"meters"
"2161",2023-10-09 18:38:45,c(-112.04607545918, 38.4880110724157),2979.74,"meters"
"2162",2023-10-09 18:38:46,c(-112.046127509283, 38.4880080867372),2980,"meters"
"2163",2023-10-09 18:38:47,c(-112.046179128775, 38.4880056292521),2980.17,"meters"
"2164",2023-10-09 18:38:48,c(-112.046196122885, 38.4880053208805),2980.27,"meters"
"2165",2023-10-09 18:38:49,c(-112.046201831443, 38.4880044763023),2980.27,"meters"
"2166",2023-10-09 18:38:50,c(-112.046202525948, 38.488004305974),2980.27,"meters"
"2167",2023-10-09 18:38:51,c(-112.046202152437, 38.4880044418859),2980.27,"meters"
"2168",2023-10-09 18:38:52,c(-112.046201882499, 38.48800465237),2980.27,"meters"
"2169",2023-10-09 18:38:53,c(-112.046202017554, 38.4880047220642),2980.27,"meters"
"2170",2023-10-09 18:38:54,c(-112.046202151457, 38.4880049393893),2980.27,"meters"
"2171",2023-10-09 18:38:55,c(-112.04620253211, 38.4880049092476),2980.27,"meters"
"2172",2023-10-09 18:38:56,c(-112.046202998894, 38.4880046893772),2980.27,"meters"
"2173",2023-10-09 18:38:57,c(-112.04620324263, 38.4880046742913),2980.27,"meters"
"2174",2023-10-09 18:38:58,c(-112.046203686939, 38.4880044172366),2980.29,"meters"
"2175",2023-10-09 18:38:59,c(-112.04620367127, 38.4880034998189),2980.29,"meters"
"2176",2023-10-09 18:39:00,c(-112.046202312934, 38.4880036676263),2980.27,"meters"
"2177",2023-10-09 18:39:01,c(-112.046200002124, 38.4880041981212),2980.27,"meters"
"2178",2023-10-09 18:39:02,c(-112.046199106556, 38.4880042804722),2980.27,"meters"
"2179",2023-10-09 18:39:03,c(-112.046199840455, 38.4880044667367),2980.27,"meters"
"2180",2023-10-09 18:39:04,c(-112.046201717304, 38.4880045600416),2980.27,"meters"
"2181",2023-10-09 18:39:05,c(-112.046203372264, 38.4880047293834),2980.27,"meters"
"2182",2023-10-09 18:39:06,c(-112.046203459095, 38.488005468021),2980.29,"meters"
"2183",2023-10-09 18:39:07,c(-112.046202766506, 38.488007590342),2980.27,"meters"
"2184",2023-10-09 18:39:08,c(-112.046201372339, 38.4880098720262),2980.27,"meters"
"2185",2023-10-09 18:39:09,c(-112.04619441585, 38.4880117085712),2980.33,"meters"
"2186",2023-10-09 18:39:10,c(-112.046170952159, 38.4880125448282),2980.25,"meters"
"2187",2023-10-09 18:39:11,c(-112.046134762417, 38.4880127861727),2980.14,"meters"
"2188",2023-10-09 18:39:12,c(-112.046092601434, 38.4880129185163),2979.94,"meters"
"2189",2023-10-09 18:39:13,c(-112.046047191917, 38.4880129914046),2979.59,"meters"
"2190",2023-10-09 18:39:14,c(-112.046002882688, 38.4880130078654),2979.35,"meters"
"2191",2023-10-09 18:39:15,c(-112.04596618416, 38.488012635403),2979.15,"meters"
"2192",2023-10-09 18:39:16,c(-112.045933889665, 38.4880122931321),2978.94,"meters"
"2193",2023-10-09 18:39:17,c(-112.045903129154, 38.4880118441543),2978.54,"meters"
"2194",2023-10-09 18:39:18,c(-112.045877763042, 38.4880114934139),2978.12,"meters"
"2195",2023-10-09 18:39:19,c(-112.045853081631, 38.4880113468701),2977.56,"meters"
"2196",2023-10-09 18:39:20,c(-112.045824824208, 38.4880110755942),2977.46,"meters"
"2197",2023-10-09 18:39:21,c(-112.045792992172, 38.4880108430094),2977.92,"meters"
"2198",2023-10-09 18:39:22,c(-112.045758328763, 38.4880107522553),2978.44,"meters"
"2199",2023-10-09 18:39:23,c(-112.045722098204, 38.4880106347573),2978.7,"meters"
"2200",2023-10-09 18:39:24,c(-112.045685240925, 38.4880106779422),2979.22,"meters"
"2201",2023-10-09 18:39:25,c(-112.045648390788, 38.4880105306312),2979.52,"meters"
"2202",2023-10-09 18:39:26,c(-112.045612877699, 38.4880103137201),2979.92,"meters"
"2203",2023-10-09 18:39:27,c(-112.045575580668, 38.4880102526694),2980.4,"meters"
"2204",2023-10-09 18:39:28,c(-112.045537243911, 38.4880099349448),2981,"meters"
"2205",2023-10-09 18:39:29,c(-112.045497913923, 38.4880099736613),2981.63,"meters"
"2206",2023-10-09 18:39:30,c(-112.045472403132, 38.4880100504455),2981.99,"meters"
"2207",2023-10-09 18:39:31,c(-112.045465754999, 38.4880098120516),2982.07,"meters"
"2208",2023-10-09 18:39:32,c(-112.045464480458, 38.4880095564373),2982.07,"meters"
"2209",2023-10-09 18:39:33,c(-112.045464810507, 38.488009396753),2982.07,"meters"
"2210",2023-10-09 18:39:34,c(-112.045465339511, 38.4880092225585),2982.07,"meters"
"2211",2023-10-09 18:39:35,c(-112.045465069878, 38.4880091132012),2981.85,"meters"
"2212",2023-10-09 18:39:36,c(-112.045464438444, 38.4880091530857),2981.85,"meters"
"2213",2023-10-09 18:39:37,c(-112.045463523583, 38.4880097634163),2982.07,"meters"
"2214",2023-10-09 18:39:38,c(-112.045463134898, 38.4880102860506),2982.07,"meters"
"2215",2023-10-09 18:39:39,c(-112.045463413097, 38.4880101991814),2982.07,"meters"
"2216",2023-10-09 18:39:40,c(-112.045464028053, 38.4880099475251),2982.07,"meters"
"2217",2023-10-09 18:39:41,c(-112.045464224593, 38.4880095701104),2982.07,"meters"
"2218",2023-10-09 18:39:42,c(-112.045463970213, 38.4880094044254),2982.07,"meters"
"2219",2023-10-09 18:39:43,c(-112.045463778696, 38.4880093169321),2982.07,"meters"
"2220",2023-10-09 18:39:44,c(-112.045464007326, 38.4880093187132),2982.07,"meters"
"2221",2023-10-09 18:39:45,c(-112.045465605886, 38.4880080104042),2981.85,"meters"
"2222",2023-10-09 18:39:46,c(-112.045468692246, 38.4880075647915),2981.85,"meters"
"2223",2023-10-09 18:39:47,c(-112.045477741375, 38.4880130181485),2981.99,"meters"
"2224",2023-10-09 18:39:48,c(-112.045496993079, 38.4880279404026),2982.03,"meters"
"2225",2023-10-09 18:39:49,c(-112.045524539565, 38.4880506227901),2982.08,"meters"
"2226",2023-10-09 18:39:50,c(-112.04556102269, 38.4880814904444),2982.44,"meters"
"2227",2023-10-09 18:39:51,c(-112.045589150742, 38.4881058205749),2982.42,"meters"
"2228",2023-10-09 18:39:52,c(-112.045615430897, 38.4881287759138),2982.8,"meters"
"2229",2023-10-09 18:39:53,c(-112.045630159879, 38.488142294517),2982.81,"meters"
"2230",2023-10-09 18:39:54,c(-112.045643636101, 38.4881544349607),2983.05,"meters"
"2231",2023-10-09 18:39:55,c(-112.045657049581, 38.4881661813693),2982.97,"meters"
"2232",2023-10-09 18:39:56,c(-112.045674494102, 38.4881815222926),2983.05,"meters"
"2233",2023-10-09 18:39:57,c(-112.045677549835, 38.4881845714606),2983.05,"meters"
"2234",2023-10-09 18:39:58,c(-112.04567795249, 38.4881846342551),2983.05,"meters"
"2235",2023-10-09 18:39:59,c(-112.045677460281, 38.4881839690439),2983.05,"meters"
"2236",2023-10-09 18:40:00,c(-112.04567699118, 38.4881836700575),2983.05,"meters"
"2237",2023-10-09 18:40:01,c(-112.045677156718, 38.4881835612184),2983.05,"meters"
"2238",2023-10-09 18:40:02,c(-112.04567742099, 38.4881835301998),2983.05,"meters"
"2239",2023-10-09 18:40:03,c(-112.045677612858, 38.4881836536166),2983.05,"meters"
"2240",2023-10-09 18:40:04,c(-112.045677766072, 38.4881838876262),2983.05,"meters"
"2241",2023-10-09 18:40:05,c(-112.045677880211, 38.4881839777227),2983.05,"meters"
"2242",2023-10-09 18:40:06,c(-112.045678157088, 38.4881840249432),2983.05,"meters"
"2243",2023-10-09 18:40:07,c(-112.045678381789, 38.4881841579765),2983.05,"meters"
"2244",2023-10-09 18:40:08,c(-112.045678546425, 38.4881841593405),2983.05,"meters"
"2245",2023-10-09 18:40:09,c(-112.04567901839, 38.4881841739082),2982.93,"meters"
"2246",2023-10-09 18:40:10,c(-112.04567924278, 38.4881845490278),2982.93,"meters"
"2247",2023-10-09 18:40:11,c(-112.045679266787, 38.4881849449394),2982.93,"meters"
"2248",2023-10-09 18:40:12,c(-112.045678971085, 38.4881848126921),2982.93,"meters"
"2249",2023-10-09 18:40:13,c(-112.045678582663, 38.4881847389666),2982.93,"meters"
"2250",2023-10-09 18:40:14,c(-112.045678377082, 38.4881846330594),2983.05,"meters"
"2251",2023-10-09 18:40:15,c(-112.0456784173, 38.488184501751),2983.05,"meters"
"2252",2023-10-09 18:40:16,c(-112.04567897332, 38.488184473333),2982.93,"meters"
"2253",2023-10-09 18:40:17,c(-112.045679455904, 38.4881841643824),2982.93,"meters"
"2254",2023-10-09 18:40:18,c(-112.045679371874, 38.4881841470646),2982.93,"meters"
"2255",2023-10-09 18:40:19,c(-112.045679314734, 38.4881843233117),2982.93,"meters"
"2256",2023-10-09 18:40:20,c(-112.045679257874, 38.4881845972546),2982.93,"meters"
"2257",2023-10-09 18:40:21,c(-112.045679255073, 38.488184652679),2982.93,"meters"
"2258",2023-10-09 18:40:22,c(-112.045678853413, 38.4881847914407),2982.93,"meters"
"2259",2023-10-09 18:40:23,c(-112.045678554191, 38.4881850018351),2983.05,"meters"
"2260",2023-10-09 18:40:24,c(-112.045678267416, 38.4881849477516),2983.05,"meters"
"2261",2023-10-09 18:40:25,c(-112.045678147705, 38.4881848552316),2983.05,"meters"
"2262",2023-10-09 18:40:26,c(-112.045678072779, 38.4881848807699),2983.05,"meters"
"2263",2023-10-09 18:40:27,c(-112.045678329731, 38.4881847474486),2983.05,"meters"
"2264",2023-10-09 18:40:28,c(-112.045678492086, 38.4881843930214),2983.05,"meters"
"2265",2023-10-09 18:40:31,c(-112.045678973574, 38.4881839121781),2982.93,"meters"
"2266",2023-10-09 18:40:32,c(-112.045679175525, 38.4881839642411),2982.93,"meters"
"2267",2023-10-09 18:40:33,c(-112.045679303468, 38.4881840148793),2982.93,"meters"
"2268",2023-10-09 18:40:34,c(-112.045679386719, 38.4881838438933),2982.93,"meters"
"2269",2023-10-09 18:40:35,c(-112.045678995283, 38.4881837294916),2982.93,"meters"
"2270",2023-10-09 18:40:36,c(-112.045678529747, 38.488183437951),2983.05,"meters"
"2271",2023-10-09 18:40:37,c(-112.045678145107, 38.4881831608018),2983.05,"meters"
"2272",2023-10-09 18:40:38,c(-112.045677881828, 38.4881828777627),2983.05,"meters"
"2273",2023-10-09 18:40:39,c(-112.04567787808, 38.4881829219817),2983.05,"meters"
"2274",2023-10-09 18:40:40,c(-112.045677900519, 38.4881830080349),2983.05,"meters"
"2275",2023-10-09 18:40:41,c(-112.045677679288, 38.4881832017824),2983.05,"meters"
"2276",2023-10-09 18:40:42,c(-112.045677758228, 38.4881824950769),2983.05,"meters"
"2277",2023-10-09 18:40:46,c(-112.045684933128, 38.4881815633494),2982.93,"meters"
"2278",2023-10-09 18:40:47,c(-112.045698441395, 38.4881815858448),2982.79,"meters"
"2279",2023-10-09 18:40:52,c(-112.045713323275, 38.4881840852466),2982.55,"meters"
"2280",2023-10-09 18:40:53,c(-112.045714271547, 38.4881843335903),2982.55,"meters"
"2281",2023-10-09 18:40:54,c(-112.045713999343, 38.4881848467919),2982.55,"meters"
"2282",2023-10-09 18:40:55,c(-112.045714082481, 38.4881849730585),2982.55,"meters"
"2283",2023-10-09 18:40:56,c(-112.045714256453, 38.488184476444),2982.55,"meters"
"2284",2023-10-09 18:40:57,c(-112.045714432604, 38.488184348282),2982.55,"meters"
"2285",2023-10-09 18:40:58,c(-112.0457144235, 38.4881843228733),2982.55,"meters"
"2286",2023-10-09 18:41:00,c(-112.045714434219, 38.4881843002775),2982.55,"meters"
"2287",2023-10-09 18:41:01,c(-112.045714598116, 38.4881843678119),2982.55,"meters"
"2288",2023-10-09 18:41:02,c(-112.045714361051, 38.4881846581692),2982.55,"meters"
"2289",2023-10-09 18:41:03,c(-112.045713611294, 38.4881848934355),2982.55,"meters"
"2290",2023-10-09 18:41:04,c(-112.045713063702, 38.488184706861),2982.55,"meters"
"2291",2023-10-09 18:41:05,c(-112.045713327616, 38.4881849348424),2982.55,"meters"
"2292",2023-10-09 18:41:32,c(-112.045651056179, 38.4880979930337),2982.02,"meters"
"2293",2023-10-09 18:41:33,c(-112.04561330174, 38.4880112575134),2979.92,"meters"
"2294",2023-10-09 18:41:34,c(-112.045630873993, 38.48801232434),2979.6,"meters"
"2295",2023-10-09 18:41:35,c(-112.045633441452, 38.4880128628861),2979.6,"meters"
"2296",2023-10-09 18:41:36,c(-112.045631382092, 38.4880150184653),2979.6,"meters"
"2297",2023-10-09 18:41:37,c(-112.045646354478, 38.4880233987517),2979.76,"meters"
"2298",2023-10-09 18:41:38,c(-112.045679221446, 38.4880398124324),2979.78,"meters"
"2299",2023-10-09 18:41:39,c(-112.045728962535, 38.4880667540029),2980.18,"meters"
"2300",2023-10-09 18:41:40,c(-112.045801076605, 38.4881056105689),2980.35,"meters"
"2301",2023-10-09 18:41:41,c(-112.045892074754, 38.4881548565067),2979.89,"meters"
"2302",2023-10-09 18:41:42,c(-112.046002684958, 38.4882144975158),2981.23,"meters"
"2303",2023-10-09 18:41:43,c(-112.046131392027, 38.4882836401944),2982.27,"meters"
"2304",2023-10-09 18:41:44,c(-112.046272876057, 38.4883596206685),2983.55,"meters"
"2305",2023-10-09 18:41:45,c(-112.046417353219, 38.488437270777),2985.66,"meters"
"2306",2023-10-09 18:41:46,c(-112.046562230781, 38.4885152246048),2990.42,"meters"
"2307",2023-10-09 18:41:47,c(-112.046700543409, 38.4885900156303),2993.09,"meters"
"2308",2023-10-09 18:41:48,c(-112.046794332765, 38.488639424005),2994.78,"meters"
"2309",2023-10-09 18:41:49,c(-112.046830312677, 38.4886589196961),2995.34,"meters"
"2310",2023-10-09 18:41:50,c(-112.046837198372, 38.4886646307987),2995.58,"meters"
"2311",2023-10-09 18:41:51,c(-112.046836379304, 38.4886646724978),2995.58,"meters"
"2312",2023-10-09 18:41:52,c(-112.046834444806, 38.4886627246825),2995.52,"meters"
"2313",2023-10-09 18:41:53,c(-112.046833179882, 38.4886612111276),2995.52,"meters"
"2314",2023-10-09 18:41:54,c(-112.046832540838, 38.4886605806716),2995.52,"meters"
"2315",2023-10-09 18:41:55,c(-112.046832724162, 38.4886613218301),2995.52,"meters"
"2316",2023-10-09 18:41:56,c(-112.046832883258, 38.4886623288937),2995.52,"meters"
"2317",2023-10-09 18:41:57,c(-112.046832710438, 38.4886635742417),2995.52,"meters"
"2318",2023-10-09 18:41:58,c(-112.046832079338, 38.4886655715095),2995.46,"meters"
"2319",2023-10-09 18:41:59,c(-112.04683164138, 38.4886664600078),2995.46,"meters"
"2320",2023-10-09 18:42:00,c(-112.046832587754, 38.4886651895112),2995.58,"meters"
"2321",2023-10-09 18:42:01,c(-112.046835408762, 38.4886611174142),2995.52,"meters"
"2322",2023-10-09 18:42:02,c(-112.046842952746, 38.4886505005295),2995.42,"meters"
"2323",2023-10-09 18:42:03,c(-112.046854064908, 38.4886356986206),2995.42,"meters"
"2324",2023-10-09 18:42:04,c(-112.04686853933, 38.4886167478354),2995.58,"meters"
"2325",2023-10-09 18:42:05,c(-112.046887060682, 38.4885928411742),2995.42,"meters"
"2326",2023-10-09 18:42:06,c(-112.046906147692, 38.4885686274756),2995.46,"meters"
"2327",2023-10-09 18:42:07,c(-112.046924948022, 38.4885435316647),2995.54,"meters"
"2328",2023-10-09 18:42:08,c(-112.046944691581, 38.4885191173863),2995.76,"meters"
"2329",2023-10-09 18:42:09,c(-112.046966109989, 38.4884954042602),2995.72,"meters"
"2330",2023-10-09 18:42:10,c(-112.046987528957, 38.488472019186),2995.72,"meters"
"2331",2023-10-09 18:42:11,c(-112.04700518865, 38.4884493956084),2995.84,"meters"
"2332",2023-10-09 18:42:12,c(-112.047022743436, 38.4884247983261),2995.82,"meters"
"2333",2023-10-09 18:42:13,c(-112.047041679498, 38.4883988333463),2995.92,"meters"
"2334",2023-10-09 18:42:14,c(-112.047060565398, 38.488373511527),2996.04,"meters"
"2335",2023-10-09 18:42:15,c(-112.047079005101, 38.4883479714447),2995.86,"meters"
"2336",2023-10-09 18:42:16,c(-112.047098331239, 38.4883212476764),2995.57,"meters"
"2337",2023-10-09 18:42:17,c(-112.047117850517, 38.4882944377409),2995.18,"meters"
"2338",2023-10-09 18:42:18,c(-112.04713643055, 38.4882688278759),2994.94,"meters"
"2339",2023-10-09 18:42:19,c(-112.04715500442, 38.4882425769231),2994.76,"meters"
"2340",2023-10-09 18:42:20,c(-112.047174098713, 38.4882155806467),2994.69,"meters"
"2341",2023-10-09 18:42:21,c(-112.047193397336, 38.4881878249075),2994.79,"meters"
"2342",2023-10-09 18:42:22,c(-112.047214170678, 38.4881584992061),2994.97,"meters"
"2343",2023-10-09 18:42:23,c(-112.047234204701, 38.4881310969077),2995.31,"meters"
"2344",2023-10-09 18:42:24,c(-112.047252907276, 38.4881057813359),2995.27,"meters"
"2345",2023-10-09 18:42:25,c(-112.047271706626, 38.4880802270414),2994.79,"meters"
"2346",2023-10-09 18:42:26,c(-112.047289827744, 38.4880568667681),2994.27,"meters"
"2347",2023-10-09 18:42:27,c(-112.047298645805, 38.4880465416567),2993.92,"meters"
"2348",2023-10-09 18:42:28,c(-112.047299846976, 38.4880441601775),2993.92,"meters"
"2349",2023-10-09 18:42:29,c(-112.047299296863, 38.4880422422847),2993.92,"meters"
"2350",2023-10-09 18:42:30,c(-112.047300504583, 38.4880446941799),2993.92,"meters"
"2351",2023-10-09 18:42:31,c(-112.047300799295, 38.48804500327),2993.92,"meters"
"2352",2023-10-09 18:42:32,c(-112.047300303116, 38.4880443620725),2993.92,"meters"
"2353",2023-10-09 18:42:33,c(-112.047299922603, 38.4880451304134),2993.92,"meters"
"2354",2023-10-09 18:42:34,c(-112.047298684709, 38.4880462166129),2993.92,"meters"
"2355",2023-10-09 18:42:35,c(-112.047298058223, 38.4880483031534),2994.15,"meters"
"2356",2023-10-09 18:42:36,c(-112.047299140288, 38.4880475376988),2994.15,"meters"
"2357",2023-10-09 18:42:37,c(-112.047301598429, 38.488045071774),2993.92,"meters"
"2358",2023-10-09 18:42:38,c(-112.047303287982, 38.4880440190044),2993.92,"meters"
"2359",2023-10-09 18:42:39,c(-112.047301807524, 38.4880458255372),2993.92,"meters"
"2360",2023-10-09 18:42:40,c(-112.047300509549, 38.4880447729869),2993.92,"meters"
"2361",2023-10-09 18:42:41,c(-112.047300156905, 38.4880439914932),2993.92,"meters"
"2362",2023-10-09 18:42:42,c(-112.047300322863, 38.4880436025001),2993.92,"meters"
"2363",2023-10-09 18:42:43,c(-112.047300249757, 38.4880437446596),2993.92,"meters"
"2364",2023-10-09 18:42:44,c(-112.047300121472, 38.4880444144644),2993.92,"meters"
"2365",2023-10-09 18:42:45,c(-112.0473000852, 38.4880446653169),2993.92,"meters"
"2366",2023-10-09 18:42:46,c(-112.047299595168, 38.4880448869776),2993.92,"meters"
"2367",2023-10-09 18:42:47,c(-112.047299512819, 38.4880443170242),2993.92,"meters"
"2368",2023-10-09 18:42:48,c(-112.047299490691, 38.4880440309516),2993.92,"meters"
"2369",2023-10-09 18:42:49,c(-112.047299611694, 38.4880443434394),2993.92,"meters"
"2370",2023-10-09 18:42:50,c(-112.047299398337, 38.4880443910573),2993.92,"meters"
"2371",2023-10-09 18:42:51,c(-112.047299021718, 38.4880447024502),2993.92,"meters"
"2372",2023-10-09 18:42:52,c(-112.047299511138, 38.4880440196621),2993.92,"meters"
"2373",2023-10-09 18:42:53,c(-112.047305498094, 38.4880355311841),2993.86,"meters"
"2374",2023-10-09 18:42:54,c(-112.047315637297, 38.4880208778044),2993.68,"meters"
"2375",2023-10-09 18:42:55,c(-112.047328670232, 38.4880014812574),2993.74,"meters"
"2376",2023-10-09 18:42:56,c(-112.047344462969, 38.4879777673041),2993.7,"meters"
"2377",2023-10-09 18:42:57,c(-112.04736067155, 38.4879542859955),2993.44,"meters"
"2378",2023-10-09 18:42:58,c(-112.047375610557, 38.4879328672724),2993.44,"meters"
"2379",2023-10-09 18:42:59,c(-112.047384531871, 38.487918649307),2993.4,"meters"
"2380",2023-10-09 18:43:00,c(-112.04738670206, 38.4879140182471),2993.4,"meters"
"2381",2023-10-09 18:43:01,c(-112.047387175706, 38.4879132678817),2993.4,"meters"
"2382",2023-10-09 18:43:02,c(-112.047387051172, 38.4879131224096),2993.4,"meters"
"2383",2023-10-09 18:43:03,c(-112.047389440208, 38.4879126997718),2993.4,"meters"
"2384",2023-10-09 18:43:04,c(-112.0474021251, 38.4879110681908),2993.58,"meters"
"2385",2023-10-09 18:43:05,c(-112.047422921407, 38.487908254704),2993.68,"meters"
"2386",2023-10-09 18:43:06,c(-112.047449743812, 38.4879049543854),2993.86,"meters"
"2387",2023-10-09 18:43:07,c(-112.047471059301, 38.4879035853129),2994.12,"meters"
"2388",2023-10-09 18:43:08,c(-112.047480995849, 38.4879044342632),2994.24,"meters"
"2389",2023-10-09 18:43:09,c(-112.047486994713, 38.4879049656351),2994.38,"meters"
"2390",2023-10-09 18:43:10,c(-112.047489654869, 38.4879053975939),2994.38,"meters"
"2391",2023-10-09 18:43:11,c(-112.04749082493, 38.4879067330981),2994.38,"meters"
"2392",2023-10-09 18:43:12,c(-112.047490194556, 38.4879071685046),2994.38,"meters"
"2393",2023-10-09 18:43:13,c(-112.047490530114, 38.4879076598701),2994.38,"meters"
"2394",2023-10-09 18:43:14,c(-112.047489551731, 38.4879071950293),2994.38,"meters"
"2395",2023-10-09 18:43:15,c(-112.047489100492, 38.4879051114116),2994.38,"meters"
"2396",2023-10-09 18:43:16,c(-112.047490806989, 38.4879055097213),2994.38,"meters"
"2397",2023-10-09 18:43:17,c(-112.047495034791, 38.4879060195006),2994.38,"meters"
"2398",2023-10-09 18:43:18,c(-112.047494672206, 38.4879078007143),2994.38,"meters"
"2399",2023-10-09 18:43:19,c(-112.047491565281, 38.4879073349369),2994.38,"meters"
"2400",2023-10-09 18:43:20,c(-112.047490283067, 38.4879065887719),2994.38,"meters"
"2401",2023-10-09 18:43:21,c(-112.047488898542, 38.4879058355811),2994.38,"meters"
"2402",2023-10-09 18:43:22,c(-112.047490079015, 38.4879063410858),2994.38,"meters"
"2403",2023-10-09 18:43:23,c(-112.047491241512, 38.4879071908543),2994.38,"meters"
"2404",2023-10-09 18:43:24,c(-112.047491505228, 38.4879068548719),2994.38,"meters"
"2405",2023-10-09 18:43:25,c(-112.047493866502, 38.4879058182633),2994.38,"meters"
"2406",2023-10-09 18:43:26,c(-112.047493175922, 38.487904845068),2994.38,"meters"
"2407",2023-10-09 18:43:27,c(-112.0474901468, 38.4879059582307),2994.38,"meters"
"2408",2023-10-09 18:43:28,c(-112.047489298382, 38.4879059819056),2994.38,"meters"
"2409",2023-10-09 18:43:29,c(-112.047491305284, 38.4879055708816),2994.38,"meters"
"2410",2023-10-09 18:43:30,c(-112.047493098894, 38.4879054504242),2994.38,"meters"
"2411",2023-10-09 18:43:31,c(-112.047492891927, 38.487905177584),2994.38,"meters"
"2412",2023-10-09 18:43:32,c(-112.047491179538, 38.4879038079357),2994.38,"meters"
"2413",2023-10-09 18:43:33,c(-112.047488808631, 38.4879038677077),2994.38,"meters"
"2414",2023-10-09 18:43:34,c(-112.047486667, 38.4879038929172),2994.38,"meters"
"2415",2023-10-09 18:43:35,c(-112.047487215737, 38.4879038658942),2994.38,"meters"
"2416",2023-10-09 18:43:36,c(-112.04748949459, 38.4879039703968),2994.38,"meters"
"2417",2023-10-09 18:43:37,c(-112.047489837851, 38.4879048064866),2994.38,"meters"
"2418",2023-10-09 18:43:38,c(-112.047490857408, 38.487905255544),2994.38,"meters"
"2419",2023-10-09 18:43:39,c(-112.047489778612, 38.4879076789416),2994.38,"meters"
"2420",2023-10-09 18:43:40,c(-112.047486334944, 38.4879066194861),2994.38,"meters"
"2421",2023-10-09 18:43:41,c(-112.047485314265, 38.4879042842121),2994.24,"meters"
"2422",2023-10-09 18:43:42,c(-112.047487116556, 38.4879031524164),2994.38,"meters"
"2423",2023-10-09 18:43:43,c(-112.047488367616, 38.4879043185189),2994.38,"meters"
"2424",2023-10-09 18:43:44,c(-112.0474882644, 38.4879049187236),2994.38,"meters"
"2425",2023-10-09 18:43:45,c(-112.047488307254, 38.4879052069884),2994.38,"meters"
"2426",2023-10-09 18:43:46,c(-112.047488990554, 38.4879055898435),2994.38,"meters"
"2427",2023-10-09 18:43:47,c(-112.047490111697, 38.4879063809626),2994.38,"meters"
"2428",2023-10-09 18:43:48,c(-112.047492563415, 38.4879058282101),2994.38,"meters"
"2429",2023-10-09 18:43:49,c(-112.047493926508, 38.4879047632718),2994.38,"meters"
"2430",2023-10-09 18:43:50,c(-112.047493128445, 38.4879052274848),2994.38,"meters"
"2431",2023-10-09 18:43:51,c(-112.047490993956, 38.4879057784762),2994.38,"meters"
"2432",2023-10-09 18:43:52,c(-112.047491600164, 38.4879060107919),2994.38,"meters"
"2433",2023-10-09 18:43:53,c(-112.047493496143, 38.48790627102),2994.38,"meters"
"2434",2023-10-09 18:43:54,c(-112.04749401563, 38.4879061879557),2994.38,"meters"
"2435",2023-10-09 18:43:55,c(-112.047492992877, 38.4879060917313),2994.38,"meters"
"2436",2023-10-09 18:43:56,c(-112.047493323659, 38.4879070189716),2994.38,"meters"
"2437",2023-10-09 18:43:57,c(-112.047495263037, 38.4879066131289),2994.38,"meters"
"2438",2023-10-09 18:43:58,c(-112.047494195276, 38.4879058483752),2994.38,"meters"
"2439",2023-10-09 18:43:59,c(-112.047490730385, 38.4879056051884),2994.38,"meters"
"2440",2023-10-09 18:44:00,c(-112.047487443028, 38.4879055377683),2994.38,"meters"
"2441",2023-10-09 18:44:01,c(-112.047486897699, 38.4879055196556),2994.38,"meters"
"2442",2023-10-09 18:44:02,c(-112.047488201062, 38.4879066553274),2994.38,"meters"
"2443",2023-10-09 18:44:03,c(-112.047490683861, 38.4879080279483),2994.38,"meters"
"2444",2023-10-09 18:44:04,c(-112.047492024297, 38.4879081545238),2994.38,"meters"
"2445",2023-10-09 18:44:05,c(-112.047495020786, 38.4879068034056),2994.38,"meters"
"2446",2023-10-09 18:44:06,c(-112.047496673087, 38.4879060120474),2994.38,"meters"
"2447",2023-10-09 18:44:07,c(-112.047495889232, 38.4879063218195),2994.38,"meters"
"2448",2023-10-09 18:44:08,c(-112.047495271362, 38.4879061320565),2994.38,"meters"
"2449",2023-10-09 18:44:09,c(-112.047491787959, 38.4879061728101),2994.38,"meters"
"2450",2023-10-09 18:44:10,c(-112.047491486964, 38.4879063289743),2994.38,"meters"
"2451",2023-10-09 18:44:11,c(-112.047491295113, 38.487907277543),2994.38,"meters"
"2452",2023-10-09 18:44:12,c(-112.047490876735, 38.4879070182342),2994.38,"meters"
"2453",2023-10-09 18:44:13,c(-112.047491673334, 38.487906169771),2994.38,"meters"
"2454",2023-10-09 18:44:14,c(-112.047492638382, 38.4879067601233),2994.38,"meters"
"2455",2023-10-09 18:44:15,c(-112.047493260128, 38.4879065759624),2994.38,"meters"
"2456",2023-10-09 18:44:16,c(-112.04749317088, 38.4879057065744),2994.38,"meters"
"2457",2023-10-09 18:44:17,c(-112.047489981402, 38.4879047538755),2994.38,"meters"
"2458",2023-10-09 18:44:18,c(-112.047486813072, 38.4879043431803),2994.38,"meters"
"2459",2023-10-09 18:44:19,c(-112.047485828385, 38.487904166166),2994.24,"meters"
"2460",2023-10-09 18:44:20,c(-112.04748644012, 38.4879042805951),2994.38,"meters"
"2461",2023-10-09 18:44:21,c(-112.04748666826, 38.4879043493183),2994.38,"meters"
"2462",2023-10-09 18:44:22,c(-112.047487500164, 38.4879043377),2994.38,"meters"
"2463",2023-10-09 18:44:23,c(-112.047488644492, 38.4879040706257),2994.38,"meters"
"2464",2023-10-09 18:44:24,c(-112.047489936725, 38.4879039955088),2994.38,"meters"
"2465",2023-10-09 18:44:25,c(-112.047489866701, 38.4879045451849),2994.38,"meters"
"2466",2023-10-09 18:44:26,c(-112.047489367528, 38.4879048435834),2994.38,"meters"
"2467",2023-10-09 18:44:27,c(-112.047487204945, 38.4879049773142),2994.38,"meters"
"2468",2023-10-09 18:44:28,c(-112.047486954519, 38.4879044161782),2994.38,"meters"
"2469",2023-10-09 18:44:29,c(-112.04749095152, 38.4879041615625),2994.38,"meters"
"2470",2023-10-09 18:44:30,c(-112.047493019066, 38.4879051952605),2994.38,"meters"
"2471",2023-10-09 18:44:31,c(-112.047492440663, 38.487905217949),2994.38,"meters"
"2472",2023-10-09 18:44:32,c(-112.047494206261, 38.4879055205723),2994.38,"meters"
"2473",2023-10-09 18:44:33,c(-112.047496030261, 38.4879055560848),2994.38,"meters"
"2474",2023-10-09 18:44:34,c(-112.047495060142, 38.4879043840635),2994.38,"meters"
"2475",2023-10-09 18:44:35,c(-112.047492966408, 38.487903681058),2994.38,"meters"
"2476",2023-10-09 18:44:36,c(-112.047491498382, 38.4879038121982),2994.38,"meters"
"2477",2023-10-09 18:44:37,c(-112.047490723242, 38.4879040645608),2994.38,"meters"
"2478",2023-10-09 18:44:38,c(-112.047489956612, 38.4879043314524),2994.38,"meters"
"2479",2023-10-09 18:44:39,c(-112.047489750244, 38.4879041238679),2994.38,"meters"
"2480",2023-10-09 18:44:40,c(-112.047489964377, 38.4879040431023),2994.38,"meters"
"2481",2023-10-09 18:44:41,c(-112.047490256878, 38.4879043025163),2994.38,"meters"
"2482",2023-10-09 18:44:42,c(-112.047490452246, 38.4879047691108),2994.38,"meters"
"2483",2023-10-09 18:44:43,c(-112.0474904339, 38.487905025809),2994.38,"meters"
"2484",2023-10-09 18:44:44,c(-112.047490446924, 38.4879050408749),2994.38,"meters"
"2485",2023-10-09 18:44:45,c(-112.047490472911, 38.48790534547),2994.38,"meters"
"2486",2023-10-09 18:44:46,c(-112.047490316259, 38.4879055628804),2994.38,"meters"
"2487",2023-10-09 18:44:47,c(-112.047490212622, 38.4879056850915),2994.38,"meters"
"2488",2023-10-09 18:44:48,c(-112.047490010952, 38.4879054974453),2994.38,"meters"
"2489",2023-10-09 18:44:49,c(-112.04748977679, 38.4879053235),2994.38,"meters"
"2490",2023-10-09 18:44:50,c(-112.04748943619, 38.4879055751563),2994.38,"meters"
"2491",2023-10-09 18:44:51,c(-112.047489912497, 38.4879057459231),2994.38,"meters"
"2492",2023-10-09 18:44:52,c(-112.047490788504, 38.487905521778),2994.38,"meters"
"2493",2023-10-09 18:44:53,c(-112.047491362973, 38.4879054899622),2994.38,"meters"
"2494",2023-10-09 18:44:54,c(-112.047491949651, 38.4879054192716),2994.38,"meters"
"2495",2023-10-09 18:44:55,c(-112.047492105106, 38.4879051930684),2994.38,"meters"
"2496",2023-10-09 18:44:56,c(-112.047493473104, 38.4879050424692),2994.38,"meters"
"2497",2023-10-09 18:44:57,c(-112.047496322365, 38.4879052214265),2994.38,"meters"
"2498",2023-10-09 18:44:58,c(-112.047498873833, 38.4879051890982),2994.48,"meters"
"2499",2023-10-09 18:44:59,c(-112.047501637826, 38.4879054123908),2994.48,"meters"
"2500",2023-10-09 18:45:00,c(-112.047506693317, 38.4879050963955),2994.48,"meters"
"2501",2023-10-09 18:45:01,c(-112.04751535157, 38.4879046110584),2994.58,"meters"
"2502",2023-10-09 18:45:02,c(-112.04752868242, 38.4879063923816),2994.72,"meters"
"2503",2023-10-09 18:45:03,c(-112.047558187395, 38.4879092899365),2995.14,"meters"
"2504",2023-10-09 18:45:04,c(-112.047608274539, 38.4879136780289),2996.1,"meters"
"2505",2023-10-09 18:45:05,c(-112.047677423216, 38.4879197028737),2997.51,"meters"
"2506",2023-10-09 18:45:06,c(-112.047758518358, 38.4879270675472),2999.16,"meters"
"2507",2023-10-09 18:45:07,c(-112.04784771492, 38.4879356935711),3000.86,"meters"
"2508",2023-10-09 18:45:08,c(-112.047938365893, 38.4879446210979),3004.46,"meters"
"2509",2023-10-09 18:45:09,c(-112.048036445453, 38.4879543112451),3008.15,"meters"
"2510",2023-10-09 18:45:10,c(-112.048135386954, 38.4879640668328),3012.13,"meters"
"2511",2023-10-09 18:45:11,c(-112.048225457662, 38.4879731627271),3015.64,"meters"
"2512",2023-10-09 18:45:12,c(-112.048293915218, 38.4879801697427),3019.48,"meters"
"2513",2023-10-09 18:45:13,c(-112.048352745192, 38.4879858951273),3025.44,"meters"
"2514",2023-10-09 18:45:14,c(-112.04838569896, 38.4879894355636),3026.58,"meters"
"2515",2023-10-09 18:45:15,c(-112.048394187478, 38.4879896726422),3027.08,"meters"
"2516",2023-10-09 18:45:16,c(-112.048397039159, 38.4879891371054),3027.08,"meters"
"2517",2023-10-09 18:45:17,c(-112.048397393157, 38.4879888666455),3027.08,"meters"
"2518",2023-10-09 18:45:18,c(-112.04839673934, 38.4879890082481),3027.08,"meters"
"2519",2023-10-09 18:45:19,c(-112.048396955549, 38.4879895219334),3027.08,"meters"
"2520",2023-10-09 18:45:20,c(-112.048402525019, 38.4879903682643),3027.08,"meters"
"2521",2023-10-09 18:45:21,c(-112.048414882422, 38.4879919676085),3027.18,"meters"
"2522",2023-10-09 18:45:22,c(-112.048440496392, 38.4879948800624),3028.88,"meters"
"2523",2023-10-09 18:45:23,c(-112.048485118535, 38.4879996700615),3031.46,"meters"
"2524",2023-10-09 18:45:24,c(-112.048540429659, 38.4880049082612),3032.68,"meters"
"2525",2023-10-09 18:45:25,c(-112.048605891261, 38.4880110850204),3033.66,"meters"
"2526",2023-10-09 18:45:26,c(-112.048678547886, 38.488017894099),3034.35,"meters"
"2527",2023-10-09 18:45:27,c(-112.048756864035, 38.4880252013387),3034.56,"meters"
"2528",2023-10-09 18:45:28,c(-112.048843609346, 38.4880328117497),3034.32,"meters"
"2529",2023-10-09 18:45:29,c(-112.048926995295, 38.4880398890352),3033.49,"meters"
"2530",2023-10-09 18:45:30,c(-112.049004074767, 38.4880465812734),3033.06,"meters"
"2531",2023-10-09 18:45:31,c(-112.049080057838, 38.4880535805191),3032.02,"meters"
"2532",2023-10-09 18:45:32,c(-112.049148647258, 38.4880596518004),3031.23,"meters"
"2533",2023-10-09 18:45:33,c(-112.049220099115, 38.4880660436141),3030.42,"meters"
"2534",2023-10-09 18:45:34,c(-112.049295213018, 38.488072740376),3029.59,"meters"
"2535",2023-10-09 18:45:35,c(-112.049365849298, 38.4880791610096),3028.71,"meters"
"2536",2023-10-09 18:45:36,c(-112.049431852618, 38.4880855277167),3027.79,"meters"
"2537",2023-10-09 18:45:37,c(-112.049465546203, 38.4880889727555),3027.29,"meters"
"2538",2023-10-09 18:45:38,c(-112.04947657059, 38.4880893025612),3027.15,"meters"
"2539",2023-10-09 18:45:39,c(-112.049480335811, 38.488089162265),3027.15,"meters"
"2540",2023-10-09 18:45:40,c(-112.049481139413, 38.4880889916079),3027.15,"meters"
"2541",2023-10-09 18:45:41,c(-112.049480571795, 38.4880890960628),3027.15,"meters"
"2542",2023-10-09 18:45:42,c(-112.049484214187, 38.4880894971126),3027.01,"meters"
"2543",2023-10-09 18:45:43,c(-112.049514385804, 38.4880923215501),3026.81,"meters"
"2544",2023-10-09 18:45:44,c(-112.049573040348, 38.4880976651279),3026.14,"meters"
"2545",2023-10-09 18:45:45,c(-112.049651467784, 38.4881050186946),3025.16,"meters"
"2546",2023-10-09 18:45:46,c(-112.049751940396, 38.4881146945287),3024.05,"meters"
"2547",2023-10-09 18:45:47,c(-112.049859213685, 38.4881251581893),3022.95,"meters"
"2548",2023-10-09 18:45:48,c(-112.049980098908, 38.4881450630554),3021.55,"meters"
"2549",2023-10-09 18:45:49,c(-112.050110920658, 38.4881755172046),3020.56,"meters"
"2550",2023-10-09 18:45:50,c(-112.050246655611, 38.4882071989256),3019.51,"meters"
"2551",2023-10-09 18:45:51,c(-112.05037836803, 38.4882377318817),3018.53,"meters"
"2552",2023-10-09 18:45:52,c(-112.050503843082, 38.4882665354581),3017.53,"meters"
"2553",2023-10-09 18:45:53,c(-112.050637010019, 38.4882968813061),3016.26,"meters"
"2554",2023-10-09 18:45:54,c(-112.050771062767, 38.4883279025489),3014.94,"meters"
"2555",2023-10-09 18:45:55,c(-112.050897432437, 38.4883600864842),3013.9,"meters"
"2556",2023-10-09 18:45:56,c(-112.051030113007, 38.488397543299),3013.06,"meters"
"2557",2023-10-09 18:45:57,c(-112.051168228261, 38.4884380733157),3012.31,"meters"
"2558",2023-10-09 18:45:58,c(-112.051299103015, 38.4884767716101),3011.77,"meters"
"2559",2023-10-09 18:45:59,c(-112.051434441987, 38.4885163840419),3011.14,"meters"
"2560",2023-10-09 18:46:00,c(-112.051560077197, 38.4885531079884),3010.68,"meters"
"2561",2023-10-09 18:46:01,c(-112.051676975769, 38.4885878240508),3010.41,"meters"
"2562",2023-10-09 18:46:02,c(-112.051794960826, 38.488629770531),3010.17,"meters"
"2563",2023-10-09 18:46:03,c(-112.051903292236, 38.4886737323929),3009.88,"meters"
"2564",2023-10-09 18:46:04,c(-112.052013847609, 38.4887192542949),3009.42,"meters"
"2565",2023-10-09 18:46:05,c(-112.052137214051, 38.4887699338446),3009.38,"meters"
"2566",2023-10-09 18:46:06,c(-112.052265540269, 38.4888224491621),3009.08,"meters"
"2567",2023-10-09 18:46:07,c(-112.052386550729, 38.4888717039781),3008.73,"meters"
"2568",2023-10-09 18:46:08,c(-112.052493056383, 38.4889169465664),3008.45,"meters"
"2569",2023-10-09 18:46:09,c(-112.052592396979, 38.488969505498),3008.13,"meters"
"2570",2023-10-09 18:46:10,c(-112.052694517981, 38.4890260876115),3007.72,"meters"
"2571",2023-10-09 18:46:11,c(-112.052800485081, 38.4890851881664),3007.34,"meters"
"2572",2023-10-09 18:46:12,c(-112.05289995291, 38.4891406724779),3006.8,"meters"
"2573",2023-10-09 18:46:13,c(-112.052993514736, 38.4891931131927),3006.81,"meters"
"2574",2023-10-09 18:46:14,c(-112.053092407879, 38.4892485435074),3006.58,"meters"
"2575",2023-10-09 18:46:15,c(-112.053191686648, 38.4893039635192),3006.24,"meters"
"2576",2023-10-09 18:46:16,c(-112.053281109349, 38.4893621461604),3006,"meters"
"2577",2023-10-09 18:46:17,c(-112.053369941044, 38.4894282154556),3005.73,"meters"
"2578",2023-10-09 18:46:18,c(-112.053463414096, 38.4894976015352),3005.43,"meters"
"2579",2023-10-09 18:46:19,c(-112.053552234205, 38.4895635798222),3005.11,"meters"
"2580",2023-10-09 18:46:20,c(-112.053640592581, 38.4896292598153),3004.75,"meters"
"2581",2023-10-09 18:46:21,c(-112.053727937978, 38.4896946405282),3004.3,"meters"
"2582",2023-10-09 18:46:22,c(-112.05381467353, 38.4897591402796),3003.87,"meters"
"2583",2023-10-09 18:46:23,c(-112.053901157484, 38.4898238942632),3003.33,"meters"
"2584",2023-10-09 18:46:24,c(-112.053985243883, 38.4898867654584),3002.9,"meters"
"2585",2023-10-09 18:46:25,c(-112.054074986993, 38.489953208755),3002.49,"meters"
"2586",2023-10-09 18:46:26,c(-112.054170086888, 38.4900228086768),3001.98,"meters"
"2587",2023-10-09 18:46:27,c(-112.054265613729, 38.4900923568743),3001.22,"meters"
"2588",2023-10-09 18:46:28,c(-112.054355669213, 38.490158347109),3000.82,"meters"
"2589",2023-10-09 18:46:29,c(-112.054441297553, 38.4902216761788),3000.35,"meters"
"2590",2023-10-09 18:46:30,c(-112.054530509378, 38.4902878063258),2999.88,"meters"
"2591",2023-10-09 18:46:31,c(-112.054621865014, 38.4903557130825),2999.21,"meters"
"2592",2023-10-09 18:46:32,c(-112.054717014645, 38.4904263729879),2998.77,"meters"
"2593",2023-10-09 18:46:33,c(-112.054816201471, 38.4904996152749),2998.37,"meters"
"2594",2023-10-09 18:46:34,c(-112.054919588369, 38.4905762055444),2998.1,"meters"
"2595",2023-10-09 18:46:35,c(-112.055027756823, 38.4906566163643),2997.68,"meters"
"2596",2023-10-09 18:46:36,c(-112.055135584381, 38.4907359027685),2997.32,"meters"
"2597",2023-10-09 18:46:37,c(-112.055254031372, 38.4908228837532),2996.66,"meters"
"2598",2023-10-09 18:46:38,c(-112.055378225677, 38.4909137900337),2996.16,"meters"
"2599",2023-10-09 18:46:39,c(-112.05548585307, 38.4909924287614),2995.5,"meters"
"2600",2023-10-09 18:46:40,c(-112.055591562669, 38.4910699270206),2994.83,"meters"
"2601",2023-10-09 18:46:41,c(-112.055694358493, 38.4911447355481),2994.37,"meters"
"2602",2023-10-09 18:46:42,c(-112.055785834498, 38.491210957216),2993.83,"meters"
"2603",2023-10-09 18:46:43,c(-112.055869117249, 38.491271318601),2993.5,"meters"
"2604",2023-10-09 18:46:44,c(-112.055954446479, 38.4913333634203),2993.22,"meters"
"2605",2023-10-09 18:46:45,c(-112.056045183634, 38.491399256578),2992.86,"meters"
"2606",2023-10-09 18:46:46,c(-112.056139122401, 38.4914678660714),2992.43,"meters"
"2607",2023-10-09 18:46:47,c(-112.056225162522, 38.4915309996525),2991.96,"meters"
"2608",2023-10-09 18:46:48,c(-112.056313655523, 38.4915955031268),2991.4,"meters"
"2609",2023-10-09 18:46:49,c(-112.056409696123, 38.4916691476594),2990.86,"meters"
"2610",2023-10-09 18:46:50,c(-112.056499314592, 38.4917490858115),2990.46,"meters"
"2611",2023-10-09 18:46:51,c(-112.056580422861, 38.4918222824375),2990.14,"meters"
"2612",2023-10-09 18:46:52,c(-112.056663577978, 38.4918969912332),2989.78,"meters"
"2613",2023-10-09 18:46:53,c(-112.056758073204, 38.4919820422651),2989.35,"meters"
"2614",2023-10-09 18:46:54,c(-112.056853526461, 38.4920680406002),2988.88,"meters"
"2615",2023-10-09 18:46:55,c(-112.056958558599, 38.4921632167677),2988.43,"meters"
"2616",2023-10-09 18:46:56,c(-112.057063449191, 38.4922582816398),2988.01,"meters"
"2617",2023-10-09 18:46:57,c(-112.057165306404, 38.492350259881),2987.29,"meters"
"2618",2023-10-09 18:46:58,c(-112.05727538884, 38.4924492351757),2986.89,"meters"
"2619",2023-10-09 18:46:59,c(-112.05739173909, 38.4925542204735),2986.45,"meters"
"2620",2023-10-09 18:47:00,c(-112.057502846597, 38.492654804482),2986.02,"meters"
"2621",2023-10-09 18:47:01,c(-112.057609471812, 38.4927514042467),2985.47,"meters"
"2622",2023-10-09 18:47:02,c(-112.057722864588, 38.49285355314),2984.84,"meters"
"2623",2023-10-09 18:47:03,c(-112.057846999657, 38.4929569325345),2984.38,"meters"
"2624",2023-10-09 18:47:04,c(-112.057967463108, 38.4930542660543),2983.92,"meters"
"2625",2023-10-09 18:47:05,c(-112.058084789107, 38.4931443548758),2983.52,"meters"
"2626",2023-10-09 18:47:06,c(-112.058209801267, 38.4932363852896),2982.96,"meters"
"2627",2023-10-09 18:47:07,c(-112.058339538237, 38.493333143461),2982.52,"meters"
"2628",2023-10-09 18:47:08,c(-112.058460864532, 38.493425833954),2981.86,"meters"
"2629",2023-10-09 18:47:09,c(-112.058577133434, 38.4935157804517),2981.49,"meters"
"2630",2023-10-09 18:47:10,c(-112.058700961793, 38.4936111466268),2981.04,"meters"
"2631",2023-10-09 18:47:11,c(-112.058825902002, 38.4937066023778),2980.33,"meters"
"2632",2023-10-09 18:47:12,c(-112.058951137609, 38.4938028551866),2979.78,"meters"
"2633",2023-10-09 18:47:13,c(-112.059076412256, 38.4939001982777),2979.11,"meters"
"2634",2023-10-09 18:47:14,c(-112.0592036068, 38.4939984313179),2978.88,"meters"
"2635",2023-10-09 18:47:15,c(-112.05933845333, 38.4941016679652),2978.27,"meters"
"2636",2023-10-09 18:47:16,c(-112.059467015395, 38.4942000257542),2977.81,"meters"
"2637",2023-10-09 18:47:17,c(-112.059590058118, 38.4942943808011),2977.15,"meters"
"2638",2023-10-09 18:47:18,c(-112.059720033897, 38.4943937046169),2976.45,"meters"
"2639",2023-10-09 18:47:19,c(-112.059855002563, 38.4944981918483),2976,"meters"
"2640",2023-10-09 18:47:20,c(-112.059981191819, 38.4945966782974),2975.73,"meters"
"2641",2023-10-09 18:47:21,c(-112.060099004845, 38.4946889644016),2975.58,"meters"
"2642",2023-10-09 18:47:22,c(-112.060219464779, 38.4947840179792),2975.31,"meters"
"2643",2023-10-09 18:47:23,c(-112.060331044133, 38.4948724385701),2974.98,"meters"
"2644",2023-10-09 18:47:24,c(-112.06044188136, 38.4949595674312),2974.69,"meters"
"2645",2023-10-09 18:47:25,c(-112.060564632099, 38.4950564188305),2974.43,"meters"
"2646",2023-10-09 18:47:26,c(-112.060695598782, 38.4951605389104),2974.22,"meters"
"2647",2023-10-09 18:47:27,c(-112.060818543149, 38.4952577005724),2974.23,"meters"
"2648",2023-10-09 18:47:28,c(-112.06093703486, 38.4953526044307),2974.22,"meters"
"2649",2023-10-09 18:47:29,c(-112.061062283947, 38.4954540672702),2973.81,"meters"
"2650",2023-10-09 18:47:30,c(-112.06119562601, 38.4955619759751),2973.7,"meters"
"2651",2023-10-09 18:47:31,c(-112.06132464718, 38.4956649727588),2973.48,"meters"
"2652",2023-10-09 18:47:32,c(-112.061446852971, 38.495761794564),2973.45,"meters"
"2653",2023-10-09 18:47:33,c(-112.061575436697, 38.495863608692),2973.57,"meters"
"2654",2023-10-09 18:47:34,c(-112.061711401074, 38.4959699083649),2973.61,"meters"
"2655",2023-10-09 18:47:35,c(-112.061841269873, 38.4960713000148),2973.72,"meters"
"2656",2023-10-09 18:47:36,c(-112.061968831877, 38.4961696001904),2973.71,"meters"
"2657",2023-10-09 18:47:37,c(-112.06210521077, 38.4962734098948),2973.85,"meters"
"2658",2023-10-09 18:47:38,c(-112.062248797712, 38.4963827145281),2973.83,"meters"
"2659",2023-10-09 18:47:39,c(-112.062381804799, 38.4964837036677),2973.83,"meters"
"2660",2023-10-09 18:47:40,c(-112.062506333754, 38.4965786212968),2973.95,"meters"
"2661",2023-10-09 18:47:41,c(-112.062634669874, 38.4966765834035),2974.81,"meters"
"2662",2023-10-09 18:47:42,c(-112.062763353426, 38.4967759783549),2976.83,"meters"
"2663",2023-10-09 18:47:43,c(-112.062874535289, 38.4968614877686),2978.38,"meters"
"2664",2023-10-09 18:47:44,c(-112.062982613732, 38.4969431630819),2979.32,"meters"
"2665",2023-10-09 18:47:45,c(-112.06309769305, 38.4970309651078),2979.86,"meters"
"2666",2023-10-09 18:47:46,c(-112.063204465416, 38.4971125612934),2980.03,"meters"
"2667",2023-10-09 18:47:47,c(-112.063302888339, 38.4971879645946),2980.24,"meters"
"2668",2023-10-09 18:47:48,c(-112.063402891271, 38.4972637453831),2981.42,"meters"
"2669",2023-10-09 18:47:49,c(-112.06350150144, 38.4973382385967),2982.48,"meters"
"2670",2023-10-09 18:47:50,c(-112.063595624818, 38.4974052518488),2983.4,"meters"
"2671",2023-10-09 18:47:51,c(-112.063686576619, 38.4974609109507),2984.3,"meters"
"2672",2023-10-09 18:47:52,c(-112.063776920368, 38.4975207256918),2984.78,"meters"
"2673",2023-10-09 18:47:53,c(-112.063861823978, 38.4975888076412),2985.92,"meters"
"2674",2023-10-09 18:47:54,c(-112.063941408513, 38.4976546061115),2987.11,"meters"
"2675",2023-10-09 18:47:55,c(-112.064010864135, 38.4977110865505),2988.08,"meters"
"2676",2023-10-09 18:47:56,c(-112.064071665298, 38.4977593682133),2988.8,"meters"
"2677",2023-10-09 18:47:57,c(-112.064126682429, 38.4978072586179),2989.47,"meters"
"2678",2023-10-09 18:47:58,c(-112.064175240792, 38.4978555091184),2990.26,"meters"
"2679",2023-10-09 18:47:59,c(-112.064215458495, 38.4979000858154),2990.89,"meters"
"2680",2023-10-09 18:48:00,c(-112.064250326484, 38.4979419012063),2991.55,"meters"
"2681",2023-10-09 18:48:01,c(-112.064284710555, 38.4979806120912),2992.44,"meters"
"2682",2023-10-09 18:48:02,c(-112.06430171866, 38.4979979965977),2992.54,"meters"
"2683",2023-10-09 18:48:03,c(-112.064312993063, 38.4980076756848),2992.64,"meters"
"2684",2023-10-09 18:48:04,c(-112.064326759509, 38.4980182231365),2992.78,"meters"
"2685",2023-10-09 18:48:05,c(-112.06434027345, 38.4980278217391),2993.02,"meters"
"2686",2023-10-09 18:48:06,c(-112.064349889107, 38.4980338467215),2993.24,"meters"
"2687",2023-10-09 18:48:07,c(-112.064356538383, 38.4980342004195),2993.28,"meters"
"2688",2023-10-09 18:48:08,c(-112.064357723492, 38.4980358770397),2993.28,"meters"
"2689",2023-10-09 18:48:09,c(-112.064356507614, 38.4980369419831),2993.28,"meters"
"2690",2023-10-09 18:48:10,c(-112.064359131313, 38.4980394667179),2993.28,"meters"
"2691",2023-10-09 18:48:11,c(-112.064365023515, 38.4980450681739),2993.42,"meters"
"2692",2023-10-09 18:48:12,c(-112.064369572568, 38.4980535657974),2993.54,"meters"
"2693",2023-10-09 18:48:13,c(-112.064375335686, 38.4980640821912),2993.63,"meters"
"2694",2023-10-09 18:48:14,c(-112.064381916998, 38.4980748131242),2993.73,"meters"
"2695",2023-10-09 18:48:15,c(-112.064387272284, 38.4980849936315),2993.79,"meters"
"2696",2023-10-09 18:48:16,c(-112.064392121997, 38.4980941050562),2993.89,"meters"
"2697",2023-10-09 18:48:17,c(-112.064396393468, 38.4981015881251),2993.95,"meters"
"2698",2023-10-09 18:48:18,c(-112.06440032064, 38.4981076599911),2994.09,"meters"
"2699",2023-10-09 18:48:19,c(-112.064404374205, 38.4981125260955),2994.15,"meters"
"2700",2023-10-09 18:48:20,c(-112.064407874026, 38.4981177126482),2994.15,"meters"
"2701",2023-10-09 18:48:21,c(-112.064408832006, 38.4981229168274),2994.23,"meters"
"2702",2023-10-09 18:48:22,c(-112.064408950072, 38.4981247943308),2994.23,"meters"
"2703",2023-10-09 18:48:23,c(-112.064409299951, 38.4981247621518),2994.23,"meters"
"2704",2023-10-09 18:48:24,c(-112.064409324734, 38.4981246127689),2994.23,"meters"
"2705",2023-10-09 18:48:25,c(-112.064410282537, 38.4981250089163),2994.23,"meters"
"2706",2023-10-09 18:48:26,c(-112.064410186499, 38.498125367816),2994.23,"meters"
"2707",2023-10-09 18:48:27,c(-112.064409764834, 38.4981259250171),2994.23,"meters"
"2708",2023-10-09 18:48:28,c(-112.064407181761, 38.4981277516504),2994.23,"meters"
"2709",2023-10-09 18:48:29,c(-112.06440689845, 38.4981287875647),2994.23,"meters"
"2710",2023-10-09 18:48:30,c(-112.064409187958, 38.4981310457065),2994.28,"meters"
"2711",2023-10-09 18:48:31,c(-112.064410375637, 38.4981322221907),2994.28,"meters"
"2712",2023-10-09 18:48:32,c(-112.064411875286, 38.4981321250077),2994.36,"meters"
"2713",2023-10-09 18:48:33,c(-112.064412947985, 38.4981320112665),2994.36,"meters"
"2714",2023-10-09 18:48:34,c(-112.064414396082, 38.4981331947881),2994.36,"meters"
"2715",2023-10-09 18:48:35,c(-112.064412430404, 38.4981364125456),2994.36,"meters"
"2716",2023-10-09 18:48:36,c(-112.064411867052, 38.4981373164583),2994.36,"meters"
"2717",2023-10-09 18:48:37,c(-112.064412462139, 38.4981383604769),2994.36,"meters"
"2718",2023-10-09 18:48:38,c(-112.064412605238, 38.498138611899),2994.36,"meters"
"2719",2023-10-09 18:48:39,c(-112.064414096825, 38.4981391259412),2994.42,"meters"
"2720",2023-10-09 18:48:40,c(-112.064415347485, 38.4981418547156),2994.42,"meters"
"2721",2023-10-09 18:48:41,c(-112.064414496941, 38.4981436942822),2994.42,"meters"
"2722",2023-10-09 18:48:42,c(-112.064414349433, 38.4981437372318),2994.42,"meters"
"2723",2023-10-09 18:48:43,c(-112.064414804479, 38.4981432559618),2994.42,"meters"
"2724",2023-10-09 18:48:44,c(-112.064414514002, 38.4981431726216),2994.42,"meters"
"2725",2023-10-09 18:48:45,c(-112.064415059715, 38.4981430335626),2994.42,"meters"
"2726",2023-10-09 18:48:46,c(-112.064415202196, 38.4981429735626),2994.42,"meters"
"2727",2023-10-09 18:48:47,c(-112.064415160352, 38.4981428768829),2994.42,"meters"
"2728",2023-10-09 18:48:48,c(-112.064414878796, 38.4981431477114),2994.42,"meters"
"2729",2023-10-09 18:48:49,c(-112.064415012267, 38.4981433542549),2994.42,"meters"
"2730",2023-10-09 18:48:50,c(-112.064414962874, 38.4981433201282),2994.42,"meters"
"2731",2023-10-09 18:48:51,c(-112.064414706856, 38.4981431779953),2994.42,"meters"
"2732",2023-10-09 18:48:52,c(-112.064414522924, 38.4981431162977),2994.42,"meters"
"2733",2023-10-09 18:48:53,c(-112.064414548583, 38.4981429996849),2994.42,"meters"
"2734",2023-10-09 20:54:46,c(-112.064395367786, 38.4981285954856),2994.13,"meters"
"2735",2023-10-09 20:54:47,c(-112.064395385211, 38.4981287353053),2994.13,"meters"
"2736",2023-10-09 20:54:48,c(-112.064395368729, 38.4981287226876),2994.13,"meters"
"2737",2023-10-09 20:54:49,c(-112.064395470462, 38.4981287649915),2994.13,"meters"
"2738",2023-10-09 20:54:50,c(-112.064395716469, 38.4981288239594),2994.13,"meters"
"2739",2023-10-09 20:54:51,c(-112.064395809722, 38.4981287997026),2994.13,"meters"
"2740",2023-10-09 20:54:52,c(-112.064394249397, 38.4981277333398),2994.13,"meters"
"2741",2023-10-09 20:54:53,c(-112.064392588618, 38.4981260997132),2994.13,"meters"
"2742",2023-10-09 20:54:54,c(-112.06439030609, 38.4981257906037),2994.13,"meters"
"2743",2023-10-09 20:54:55,c(-112.064389931111, 38.4981206216047),2994.07,"meters"
"2744",2023-10-09 20:54:56,c(-112.064384094982, 38.4981081019009),2993.95,"meters"
"2745",2023-10-09 20:54:57,c(-112.064366852014, 38.4980825977298),2993.77,"meters"
"2746",2023-10-09 20:54:58,c(-112.064330587122, 38.4980432628412),2993.32,"meters"
"2747",2023-10-09 20:54:59,c(-112.064278570732, 38.4979884807387),2992.35,"meters"
"2748",2023-10-09 20:55:00,c(-112.064216606011, 38.4979290682762),2991.17,"meters"
"2749",2023-10-09 20:55:01,c(-112.064161859194, 38.4978719608949),2990.32,"meters"
"2750",2023-10-09 20:55:02,c(-112.064114005841, 38.4978181279908),2989.57,"meters"
"2751",2023-10-09 20:55:03,c(-112.064068691014, 38.4977688650781),2988.88,"meters"
"2752",2023-10-09 20:55:04,c(-112.064023786335, 38.4977224066788),2988.22,"meters"
"2753",2023-10-09 20:55:05,c(-112.063976556641, 38.4976749898965),2987.57,"meters"
"2754",2023-10-09 20:55:06,c(-112.063930115271, 38.4976295380133),2986.65,"meters"
"2755",2023-10-09 20:55:07,c(-112.063884959244, 38.4975861310223),2985.96,"meters"
"2756",2023-10-09 20:55:08,c(-112.063836124888, 38.4975400820067),2985.1,"meters"
"2757",2023-10-09 20:55:09,c(-112.063784748804, 38.497491723569),2984.42,"meters"
"2758",2023-10-09 20:55:10,c(-112.063734576995, 38.4974446524557),2983.66,"meters"
"2759",2023-10-09 20:55:11,c(-112.063686543039, 38.4973974133969),2983.06,"meters"
"2760",2023-10-09 20:55:12,c(-112.063638435253, 38.4973447318693),2982.48,"meters"
"2761",2023-10-09 20:55:13,c(-112.06359329752, 38.4972927513978),2981.55,"meters"
"2762",2023-10-09 20:55:14,c(-112.063544809868, 38.4972372880015),2980.83,"meters"
"2763",2023-10-09 20:55:15,c(-112.063492831831, 38.4971784600106),2980.19,"meters"
"2764",2023-10-09 20:55:16,c(-112.063442255717, 38.4971219418584),2979.75,"meters"
"2765",2023-10-09 20:55:17,c(-112.063390844823, 38.4970651542111),2979.43,"meters"
"2766",2023-10-09 20:55:18,c(-112.063338232701, 38.4970078769243),2979.18,"meters"
"2767",2023-10-09 20:55:19,c(-112.063280183239, 38.4969456795089),2979.17,"meters"
"2768",2023-10-09 20:55:20,c(-112.063222509909, 38.4968819360741),2979.26,"meters"
"2769",2023-10-09 20:55:21,c(-112.063172222448, 38.496816949145),2979.11,"meters"
"2770",2023-10-09 20:55:22,c(-112.063128553947, 38.4967449690506),2978.63,"meters"
"2771",2023-10-09 20:55:23,c(-112.063094037423, 38.4966727231025),2977.94,"meters"
"2772",2023-10-09 20:55:24,c(-112.063054436221, 38.4965934740976),2977.27,"meters"
"2773",2023-10-09 20:55:25,c(-112.063004132185, 38.4965089666268),2976.02,"meters"
"2774",2023-10-09 20:55:26,c(-112.062955685313, 38.4964318911074),2974.78,"meters"
"2775",2023-10-09 20:55:27,c(-112.062907252624, 38.4963561889379),2973.86,"meters"
"2776",2023-10-09 20:55:28,c(-112.062853043469, 38.4962723617088),2973.4,"meters"
"2777",2023-10-09 20:55:29,c(-112.062797878179, 38.4961857919358),2973.33,"meters"
"2778",2023-10-09 20:55:30,c(-112.062744782265, 38.4961017490709),2973.3,"meters"
"2779",2023-10-09 20:55:31,c(-112.062691778504, 38.4960176537457),2973.1,"meters"
"2780",2023-10-09 20:55:32,c(-112.062638136731, 38.4959339246707),2972.94,"meters"
"2781",2023-10-09 20:55:33,c(-112.062583129408, 38.4958496386576),2972.86,"meters"
"2782",2023-10-09 20:55:34,c(-112.062529822966, 38.4957661176158),2972.82,"meters"
"2783",2023-10-09 20:55:35,c(-112.062472348117, 38.4956858583949),2972.9,"meters"
"2784",2023-10-09 20:55:36,c(-112.06240706843, 38.4956091961029),2972.94,"meters"
"2785",2023-10-09 20:55:37,c(-112.0623452865, 38.495536904166),2972.96,"meters"
"2786",2023-10-09 20:55:38,c(-112.062281023481, 38.4954610938325),2972.99,"meters"
"2787",2023-10-09 20:55:39,c(-112.062214093636, 38.4953810517942),2973,"meters"
"2788",2023-10-09 20:55:40,c(-112.062147621844, 38.4952998151199),2972.98,"meters"
"2789",2023-10-09 20:55:41,c(-112.062083926169, 38.4952219093399),2972.98,"meters"
"2790",2023-10-09 20:55:42,c(-112.062022693783, 38.4951471061233),2972.96,"meters"
"2791",2023-10-09 20:55:43,c(-112.06195489743, 38.4950649657857),2973.04,"meters"
"2792",2023-10-09 20:55:44,c(-112.061894022582, 38.4949914087435),2973.12,"meters"
"2793",2023-10-09 20:55:45,c(-112.06183287804, 38.4949166775853),2973.2,"meters"
"2794",2023-10-09 20:55:46,c(-112.061765312456, 38.4948341518139),2973.24,"meters"
"2795",2023-10-09 20:55:47,c(-112.061697014943, 38.4947517703495),2973.35,"meters"
"2796",2023-10-09 20:55:48,c(-112.061631022102, 38.4946733766186),2973.4,"meters"
"2797",2023-10-09 20:55:49,c(-112.061569377196, 38.4946002208302),2973.49,"meters"
"2798",2023-10-09 20:55:50,c(-112.061507126702, 38.494527736683),2973.52,"meters"
"2799",2023-10-09 20:55:51,c(-112.061448893561, 38.4944583398434),2973.67,"meters"
"2800",2023-10-09 20:55:52,c(-112.061388806692, 38.4943852557612),2973.81,"meters"
"2801",2023-10-09 20:55:53,c(-112.061326018103, 38.4943089406029),2974.03,"meters"
"2802",2023-10-09 20:55:54,c(-112.061267982233, 38.4942384192342),2974.24,"meters"
"2803",2023-10-09 20:55:55,c(-112.061213325004, 38.4941728460629),2974.47,"meters"
"2804",2023-10-09 20:55:56,c(-112.061157031861, 38.4941055077194),2974.68,"meters"
"2805",2023-10-09 20:55:57,c(-112.061097908322, 38.4940334693867),2975.07,"meters"
"2806",2023-10-09 20:55:58,c(-112.06104118937, 38.4939647845844),2975.62,"meters"
"2807",2023-10-09 20:55:59,c(-112.060983863164, 38.4938965533338),2976.16,"meters"
"2808",2023-10-09 20:56:00,c(-112.060925707624, 38.4938289546771),2976.52,"meters"
"2809",2023-10-09 20:56:01,c(-112.060864849922, 38.4937556665463),2976.99,"meters"
"2810",2023-10-09 20:56:02,c(-112.060810704548, 38.4936893011882),2977.64,"meters"
"2811",2023-10-09 20:56:03,c(-112.060757039939, 38.4936244097011),2978.5,"meters"
"2812",2023-10-09 20:56:04,c(-112.060695172645, 38.4935531521752),2979.36,"meters"
"2813",2023-10-09 20:56:05,c(-112.060636644935, 38.4934875351492),2979.81,"meters"
"2814",2023-10-09 20:56:06,c(-112.060574251111, 38.4934176030399),2980.42,"meters"
"2815",2023-10-09 20:56:07,c(-112.060511227525, 38.4933437132293),2981.11,"meters"
"2816",2023-10-09 20:56:08,c(-112.060456037001, 38.4932755503062),2981.58,"meters"
"2817",2023-10-09 20:56:09,c(-112.060399629536, 38.4932041549474),2982.61,"meters"
"2818",2023-10-09 20:56:10,c(-112.060339785927, 38.4931301963188),2983.96,"meters"
"2819",2023-10-09 20:56:11,c(-112.060279117063, 38.4930588137717),2984.52,"meters"
"2820",2023-10-09 20:56:12,c(-112.060219305354, 38.4929907099935),2985.29,"meters"
"2821",2023-10-09 20:56:13,c(-112.060158429547, 38.4929216697921),2985.44,"meters"
"2822",2023-10-09 20:56:14,c(-112.060090628005, 38.492845625865),2985.55,"meters"
"2823",2023-10-09 20:56:15,c(-112.060020257668, 38.4927664798597),2985.88,"meters"
"2824",2023-10-09 20:56:16,c(-112.059962178914, 38.4926982192992),2986.32,"meters"
"2825",2023-10-09 20:56:17,c(-112.059904685361, 38.4926297157112),2986.75,"meters"
"2826",2023-10-09 20:56:18,c(-112.059840201386, 38.4925545852446),2987.24,"meters"
"2827",2023-10-09 20:56:19,c(-112.05977840593, 38.4924842178728),2987.5,"meters"
"2828",2023-10-09 20:56:20,c(-112.059721245021, 38.4924192104475),2988.04,"meters"
"2829",2023-10-09 20:56:21,c(-112.059662696611, 38.492352549973),2989.19,"meters"
"2830",2023-10-09 20:56:22,c(-112.059602466371, 38.4922842814262),2990.34,"meters"
"2831",2023-10-09 20:56:23,c(-112.059547937151, 38.4922217150657),2991.24,"meters"
"2832",2023-10-09 20:56:24,c(-112.059490154641, 38.4921547992247),2992.44,"meters"
"2833",2023-10-09 20:56:25,c(-112.059428940071, 38.4920836404293),2993.72,"meters"
"2834",2023-10-09 20:56:26,c(-112.059369217274, 38.4920127436582),2995.27,"meters"
"2835",2023-10-09 20:56:27,c(-112.059309015684, 38.4919401723739),2997.02,"meters"
"2836",2023-10-09 20:56:28,c(-112.059248809332, 38.4918680578746),2998.46,"meters"
"2837",2023-10-09 20:56:29,c(-112.05918883399, 38.4917988375347),3000.45,"meters"
"2838",2023-10-09 20:56:30,c(-112.059132797181, 38.491732570542),3002.32,"meters"
"2839",2023-10-09 20:56:31,c(-112.05907877008, 38.4916668511982),3003.54,"meters"
"2840",2023-10-09 20:56:32,c(-112.05902288508, 38.4915979991613),3005.04,"meters"
"2841",2023-10-09 20:56:33,c(-112.058968144175, 38.4915319414009),3006.3,"meters"
"2842",2023-10-09 20:56:34,c(-112.058915099289, 38.4914692190642),3007.03,"meters"
"2843",2023-10-09 20:56:35,c(-112.058858327575, 38.4914031130835),3008.16,"meters"
"2844",2023-10-09 20:56:36,c(-112.058802855201, 38.4913375685621),3009.03,"meters"
"2845",2023-10-09 20:56:37,c(-112.058748380712, 38.4912725692234),3009.98,"meters"
"2846",2023-10-09 20:56:38,c(-112.058693261087, 38.4912086203533),3010.42,"meters"
"2847",2023-10-09 20:56:39,c(-112.058637125264, 38.4911452873622),3011.45,"meters"
"2848",2023-10-09 20:56:40,c(-112.058581197765, 38.491082944611),3012.2,"meters"
"2849",2023-10-09 20:56:41,c(-112.058527192404, 38.4910197947722),3013.1,"meters"
"2850",2023-10-09 20:56:42,c(-112.058473946989, 38.4909537063835),3014.24,"meters"
"2851",2023-10-09 20:56:43,c(-112.05842002398, 38.49088598705),3015.41,"meters"
"2852",2023-10-09 20:56:44,c(-112.058367717489, 38.490819991443),3016.75,"meters"
"2853",2023-10-09 20:56:45,c(-112.058318368625, 38.4907540821511),3017.86,"meters"
"2854",2023-10-09 20:56:46,c(-112.0582692353, 38.490687462664),3018.84,"meters"
"2855",2023-10-09 20:56:47,c(-112.058215227563, 38.4906220005666),3019.64,"meters"
"2856",2023-10-09 20:56:48,c(-112.058158974273, 38.4905556350378),3020.74,"meters"
"2857",2023-10-09 20:56:49,c(-112.058104637278, 38.4904848121416),3022.12,"meters"
"2858",2023-10-09 20:56:50,c(-112.058049158323, 38.4904137938169),3023.33,"meters"
"2859",2023-10-09 20:56:51,c(-112.057996949898, 38.4903484321739),3024.34,"meters"
"2860",2023-10-09 20:56:52,c(-112.05794363164, 38.4902789250139),3025.1,"meters"
"2861",2023-10-09 20:56:53,c(-112.057887691941, 38.4902054064903),3025.85,"meters"
"2862",2023-10-09 20:56:54,c(-112.057834109953, 38.4901361092616),3026.7,"meters"
"2863",2023-10-09 20:56:55,c(-112.057784235602, 38.4900707045311),3027.37,"meters"
"2864",2023-10-09 20:56:56,c(-112.057731728457, 38.4900022678003),3028.27,"meters"
"2865",2023-10-09 20:56:57,c(-112.057677808164, 38.4899321435706),3028.43,"meters"
"2866",2023-10-09 20:56:58,c(-112.057624670691, 38.489865579051),3028.8,"meters"
"2867",2023-10-09 20:56:59,c(-112.057572317253, 38.4898019652298),3029.23,"meters"
"2868",2023-10-09 20:57:00,c(-112.057515991044, 38.4897346884956),3029.72,"meters"
"2869",2023-10-09 20:57:01,c(-112.05745753918, 38.4896636351068),3030.5,"meters"
"2870",2023-10-09 20:57:02,c(-112.057401995451, 38.4895948038702),3031.62,"meters"
"2871",2023-10-09 20:57:03,c(-112.057349986868, 38.4895295703694),3033.59,"meters"
"2872",2023-10-09 20:57:04,c(-112.057298065869, 38.4894624708932),3034.49,"meters"
"2873",2023-10-09 20:57:05,c(-112.05724592061, 38.489393791855),3035.36,"meters"
"2874",2023-10-09 20:57:06,c(-112.057195742167, 38.4893297406125),3036.14,"meters"
"2875",2023-10-09 20:57:07,c(-112.057147738136, 38.4892697582129),3036.41,"meters"
"2876",2023-10-09 20:57:08,c(-112.057096558705, 38.4892061947862),3036.86,"meters"
"2877",2023-10-09 20:57:09,c(-112.057050994361, 38.489148944255),3037.41,"meters"
"2878",2023-10-09 20:57:10,c(-112.057027476091, 38.4891180444835),3038.01,"meters"
"2879",2023-10-09 20:57:11,c(-112.057019374519, 38.4891074527263),3038.14,"meters"
"2880",2023-10-09 20:57:12,c(-112.057017005711, 38.4891037036635),3038.34,"meters"
"2881",2023-10-09 20:57:13,c(-112.057016691943, 38.4891028985639),3038.34,"meters"
"2882",2023-10-09 20:57:14,c(-112.057016505537, 38.4891036140751),3038.34,"meters"
"2883",2023-10-09 20:57:15,c(-112.057015529044, 38.4891051052715),3038.14,"meters"
"2884",2023-10-09 20:57:16,c(-112.05701378207, 38.4891072176627),3038.14,"meters"
"2885",2023-10-09 20:57:17,c(-112.057012087825, 38.4891093659501),3038.14,"meters"
"2886",2023-10-09 20:57:18,c(-112.05701167422, 38.4891098758213),3038.14,"meters"
"2887",2023-10-09 20:57:19,c(-112.05701238956, 38.4891086773573),3038.14,"meters"
"2888",2023-10-09 20:57:20,c(-112.057013752379, 38.4891064072872),3038.14,"meters"
"2889",2023-10-09 20:57:21,c(-112.057014424126, 38.489104744173),3038.14,"meters"
"2890",2023-10-09 20:57:22,c(-112.057013888024, 38.4891042755105),3038.14,"meters"
"2891",2023-10-09 20:57:23,c(-112.057013565585, 38.4891049767153),3038.14,"meters"
"2892",2023-10-09 20:57:24,c(-112.057013356251, 38.4891059958791),3038.14,"meters"
"2893",2023-10-09 20:57:25,c(-112.057013304292, 38.4891065492823),3038.14,"meters"
"2894",2023-10-09 20:57:26,c(-112.057011894108, 38.4891044340415),3038.14,"meters"
"2895",2023-10-09 20:57:27,c(-112.057000419568, 38.4890898597345),3038.44,"meters"
"2896",2023-10-09 20:57:28,c(-112.05697312978, 38.4890561814758),3038.94,"meters"
"2897",2023-10-09 20:57:29,c(-112.056924395275, 38.4889969257424),3039.7,"meters"
"2898",2023-10-09 20:57:30,c(-112.05686585331, 38.4889249719754),3040.62,"meters"
"2899",2023-10-09 20:57:31,c(-112.056793761773, 38.4888365715561),3040.85,"meters"
"2900",2023-10-09 20:57:32,c(-112.056711464044, 38.4887339373369),3041.43,"meters"
"2901",2023-10-09 20:57:33,c(-112.05663317317, 38.4886289516299),3043.89,"meters"
"2902",2023-10-09 20:57:34,c(-112.056559951364, 38.4885255007424),3045.45,"meters"
"2903",2023-10-09 20:57:35,c(-112.056480854079, 38.488415423634),3047.87,"meters"
"2904",2023-10-09 20:57:36,c(-112.056397823335, 38.4883005548881),3050.13,"meters"
"2905",2023-10-09 20:57:37,c(-112.056324008176, 38.4881997426568),3052.01,"meters"
"2906",2023-10-09 20:57:38,c(-112.056273793311, 38.4881378992818),3053.22,"meters"
"2907",2023-10-09 20:57:39,c(-112.056243013174, 38.4881074170561),3053.64,"meters"
"2908",2023-10-09 20:57:40,c(-112.056225759413, 38.4880961845418),3053.48,"meters"
"2909",2023-10-09 20:57:41,c(-112.05621723052, 38.4880936211047),3053.48,"meters"
"2910",2023-10-09 20:57:42,c(-112.056213210685, 38.488092597928),3053.5,"meters"
"2911",2023-10-09 20:57:43,c(-112.056211059303, 38.4880928644057),3053.5,"meters"
"2912",2023-10-09 20:57:44,c(-112.056209664695, 38.4880940122404),3053.24,"meters"
"2913",2023-10-09 20:57:45,c(-112.056209314444, 38.4880949312311),3053.24,"meters"
"2914",2023-10-09 20:57:46,c(-112.056210076031, 38.4880951753248),3053.24,"meters"
"2915",2023-10-09 20:57:47,c(-112.05621084091, 38.4880944417285),3053.24,"meters"
"2916",2023-10-09 20:57:48,c(-112.056211442492, 38.4880938316587),3053.24,"meters"
"2917",2023-10-09 20:57:49,c(-112.056211486327, 38.4880942562743),3053.24,"meters"
"2918",2023-10-09 20:57:50,c(-112.056211111066, 38.4880950791999),3053.24,"meters"
"2919",2023-10-09 20:57:51,c(-112.056207820126, 38.4880905691124),3053.5,"meters"
"2920",2023-10-09 20:57:52,c(-112.056190600316, 38.4880661731184),3053.54,"meters"
"2921",2023-10-09 20:57:53,c(-112.056161809778, 38.4880264734386),3054.51,"meters"
"2922",2023-10-09 20:57:54,c(-112.056120727238, 38.4879703988323),3055.33,"meters"
"2923",2023-10-09 20:57:55,c(-112.056071391352, 38.4879021779048),3056.68,"meters"
"2924",2023-10-09 20:57:56,c(-112.056020053308, 38.4878317114388),3058.65,"meters"
"2925",2023-10-09 20:57:57,c(-112.055974130061, 38.4877654263223),3059.87,"meters"
"2926",2023-10-09 20:57:58,c(-112.055939482203, 38.4877018828807),3061.94,"meters"
"2927",2023-10-09 20:57:59,c(-112.055914195051, 38.4876341957167),3064.74,"meters"
"2928",2023-10-09 20:58:00,c(-112.055892023578, 38.4875659056073),3067.1,"meters"
"2929",2023-10-09 20:58:01,c(-112.055871153514, 38.4874982903451),3068.87,"meters"
"2930",2023-10-09 20:58:02,c(-112.055850779294, 38.4874316468541),3070.85,"meters"
"2931",2023-10-09 20:58:03,c(-112.055830550305, 38.4873643693991),3072.9,"meters"
"2932",2023-10-09 20:58:04,c(-112.055810522917, 38.4872977353343),3075.14,"meters"
"2933",2023-10-09 20:58:05,c(-112.055791412034, 38.487234637979),3078.2,"meters"
"2934",2023-10-09 20:58:06,c(-112.055770700496, 38.4871683084443),3081.28,"meters"
"2935",2023-10-09 20:58:07,c(-112.055748249614, 38.487098563777),3083.99,"meters"
"2936",2023-10-09 20:58:08,c(-112.055726652765, 38.4870322728902),3085.3,"meters"
"2937",2023-10-09 20:58:09,c(-112.055705150519, 38.486966002719),3084.46,"meters"
"2938",2023-10-09 20:58:10,c(-112.055683807788, 38.4868996907877),3082.88,"meters"
"2939",2023-10-09 20:58:11,c(-112.055662263527, 38.486834446314),3080.32,"meters"
"2940",2023-10-09 20:58:12,c(-112.055642948914, 38.4867770629269),3078.64,"meters"
"2941",2023-10-09 20:58:13,c(-112.055634978282, 38.4867501910285),3078.16,"meters"
"2942",2023-10-09 20:58:14,c(-112.055635385683, 38.4867455529194),3078.03,"meters"
"2943",2023-10-09 20:58:15,c(-112.055635799879, 38.4867451382779),3078.03,"meters"
"2944",2023-10-09 20:58:16,c(-112.05563871416, 38.4867469327553),3078.16,"meters"
"2945",2023-10-09 20:58:17,c(-112.055641506254, 38.4867489446924),3078.16,"meters"
"2946",2023-10-09 20:58:18,c(-112.055641616474, 38.4867480330952),3078.16,"meters"
"2947",2023-10-09 20:58:19,c(-112.055640534454, 38.4867467966243),3078.16,"meters"
"2948",2023-10-09 20:58:20,c(-112.055639346627, 38.4867465903448),3078.16,"meters"
"2949",2023-10-09 20:58:21,c(-112.055638124417, 38.4867459320482),3078.03,"meters"
"2950",2023-10-09 20:58:22,c(-112.055637156607, 38.4867442010328),3078.03,"meters"
"2951",2023-10-09 20:58:23,c(-112.055636620218, 38.4867431522083),3078.03,"meters"
"2952",2023-10-09 20:58:24,c(-112.05563676867, 38.4867424379026),3078.03,"meters"
"2953",2023-10-09 20:58:25,c(-112.055636068495, 38.4867432703639),3078.03,"meters"
"2954",2023-10-09 20:58:26,c(-112.055635212513, 38.4867436751408),3078.03,"meters"
"2955",2023-10-09 20:58:27,c(-112.055634540369, 38.4867419885859),3078.03,"meters"
"2956",2023-10-09 20:58:28,c(-112.055623381104, 38.4867360266904),3077.77,"meters"
"2957",2023-10-09 20:58:29,c(-112.055593602485, 38.4867233501014),3076.97,"meters"
"2958",2023-10-09 20:58:30,c(-112.055545905552, 38.4867044201227),3075.43,"meters"
"2959",2023-10-09 20:58:31,c(-112.055493512229, 38.4866840987491),3073.98,"meters"
"2960",2023-10-09 20:58:32,c(-112.05546100232, 38.4866721013794),3073.5,"meters"
"2961",2023-10-09 20:58:33,c(-112.055450620992, 38.4866673982751),3073.34,"meters"
"2962",2023-10-09 20:58:34,c(-112.055447688153, 38.486665737577),3073.06,"meters"
"2963",2023-10-09 20:58:35,c(-112.055448336975, 38.4866670372708),3073.34,"meters"
"2964",2023-10-09 20:58:36,c(-112.055448698311, 38.4866689066844),3073.34,"meters"
"2965",2023-10-09 20:58:37,c(-112.055447200605, 38.4866684017723),3073.2,"meters"
"2966",2023-10-09 20:58:38,c(-112.055447175642, 38.4866677190433),3073.2,"meters"
"2967",2023-10-09 20:58:39,c(-112.055447905114, 38.4866681849506),3073.2,"meters"
"2968",2023-10-09 20:58:40,c(-112.055448209977, 38.4866677367722),3073.2,"meters"
"2969",2023-10-09 20:58:41,c(-112.055447605156, 38.4866685766443),3073.2,"meters"
"2970",2023-10-09 20:58:42,c(-112.055446686382, 38.486671724503),3073.2,"meters"
"2971",2023-10-09 20:58:43,c(-112.055446693243, 38.4866716271727),3073.2,"meters"
"2972",2023-10-09 20:58:44,c(-112.055447528559, 38.4866694848285),3073.2,"meters"
"2973",2023-10-09 20:58:45,c(-112.055449092158, 38.486665021807),3073.18,"meters"
"2974",2023-10-09 20:58:46,c(-112.055451029376, 38.4866594106518),3073.18,"meters"
"2975",2023-10-09 20:58:47,c(-112.055451625425, 38.4866577364125),3073.06,"meters"
"2976",2023-10-09 20:58:48,c(-112.055452629441, 38.4866584681451),3073.18,"meters"
"2977",2023-10-09 20:58:49,c(-112.055449667472, 38.4866644672373),3073.18,"meters"
"2978",2023-10-09 20:58:50,c(-112.055448740972, 38.4866679100874),3073.34,"meters"
"2979",2023-10-09 20:58:51,c(-112.055450712235, 38.4866663499486),3073.18,"meters"
"2980",2023-10-09 20:58:52,c(-112.055451842081, 38.4866655412719),3073.18,"meters"
"2981",2023-10-09 20:58:53,c(-112.055452655769, 38.4866645855032),3073.18,"meters"
"2982",2023-10-09 20:58:54,c(-112.055452102645, 38.4866641295401),3073.18,"meters"
"2983",2023-10-09 20:58:55,c(-112.055451952722, 38.4866642626024),3073.18,"meters"
"2984",2023-10-09 20:58:56,c(-112.055451571547, 38.4866648930467),3073.18,"meters"
"2985",2023-10-09 20:58:57,c(-112.055452001426, 38.4866662193075),3073.18,"meters"
"2986",2023-10-09 20:58:58,c(-112.055452251868, 38.4866664930946),3073.18,"meters"
"2987",2023-10-09 20:58:59,c(-112.055451734525, 38.486668499551),3073.34,"meters"
"2988",2023-10-09 20:59:00,c(-112.055450781515, 38.4866694620546),3073.34,"meters"
"2989",2023-10-09 20:59:01,c(-112.055450022722, 38.4866681827586),3073.34,"meters"
"2990",2023-10-09 20:59:02,c(-112.05545072351, 38.4866682371532),3073.34,"meters"
"2991",2023-10-09 20:59:03,c(-112.05545032451, 38.4866690277449),3073.34,"meters"
"2992",2023-10-09 20:59:04,c(-112.055449847292, 38.4866689185768),3073.34,"meters"
"2993",2023-10-09 20:59:05,c(-112.055449112384, 38.4866696406643),3073.34,"meters"
"2994",2023-10-09 20:59:06,c(-112.055449089205, 38.4866700405089),3073.34,"meters"
"2995",2023-10-09 20:59:07,c(-112.055448523898, 38.4866693926249),3073.34,"meters"
"2996",2023-10-09 20:59:08,c(-112.055447516733, 38.4866695644758),3073.2,"meters"
"2997",2023-10-09 20:59:09,c(-112.055446289483, 38.4866690174418),3073.2,"meters"
"2998",2023-10-09 20:59:10,c(-112.055448790093, 38.4866698980005),3073.34,"meters"
"2999",2023-10-09 20:59:11,c(-112.055453275066, 38.4866708966452),3073.34,"meters"
"3000",2023-10-09 20:59:12,c(-112.055452699746, 38.4866727709163),3073.34,"meters"
"3001",2023-10-09 20:59:13,c(-112.055451416614, 38.4866719472236),3073.34,"meters"
"3002",2023-10-09 20:59:14,c(-112.055452030658, 38.4866699307929),3073.34,"meters"
"3003",2023-10-09 20:59:15,c(-112.055451275866, 38.486668165361),3073.34,"meters"
"3004",2023-10-09 20:59:16,c(-112.055448313997, 38.4866676128047),3073.34,"meters"
"3005",2023-10-09 20:59:17,c(-112.055448038804, 38.4866695609438),3073.2,"meters"
"3006",2023-10-09 20:59:18,c(-112.055450309453, 38.4866717102542),3073.34,"meters"
"3007",2023-10-09 20:59:19,c(-112.055450881415, 38.4866719190547),3073.34,"meters"
"3008",2023-10-09 20:59:20,c(-112.05544998272, 38.4866718654572),3073.34,"meters"
"3009",2023-10-09 20:59:21,c(-112.055450032226, 38.4866708589407),3073.34,"meters"
"3010",2023-10-09 20:59:22,c(-112.055449315596, 38.4866710927313),3073.34,"meters"
"3011",2023-10-09 20:59:23,c(-112.055447198963, 38.4866723152821),3073.2,"meters"
"3012",2023-10-09 20:59:24,c(-112.055446036552, 38.4866745818347),3073.2,"meters"
"3013",2023-10-09 20:59:25,c(-112.055447192237, 38.4866768004897),3073.32,"meters"
"3014",2023-10-09 20:59:26,c(-112.055449688053, 38.4866747084306),3073.34,"meters"
"3015",2023-10-09 20:59:27,c(-112.055453577281, 38.4866725474776),3073.34,"meters"
"3016",2023-10-09 20:59:28,c(-112.055456742263, 38.4866706669102),3073.34,"meters"
"3017",2023-10-09 20:59:29,c(-112.055458091593, 38.4866707354938),3073.34,"meters"
"3018",2023-10-09 20:59:30,c(-112.055459765174, 38.4866710627813),3073.34,"meters"
"3019",2023-10-09 20:59:31,c(-112.05545918767, 38.4866702776377),3073.34,"meters"
"3020",2023-10-09 20:59:32,c(-112.055459610053, 38.4866703191285),3073.34,"meters"
"3021",2023-10-09 20:59:33,c(-112.055458164955, 38.4866707026418),3073.34,"meters"
"3022",2023-10-09 20:59:34,c(-112.055458318798, 38.4866703806179),3073.34,"meters"
"3023",2023-10-09 20:59:35,c(-112.055459246065, 38.4866705302307),3073.34,"meters"
"3024",2023-10-09 20:59:36,c(-112.055457301763, 38.4866728160741),3073.34,"meters"
"3025",2023-10-09 20:59:37,c(-112.055454807207, 38.4866753199249),3073.34,"meters"
"3026",2023-10-09 20:59:38,c(-112.055453094682, 38.4866776260456),3073.46,"meters"
"3027",2023-10-09 20:59:39,c(-112.055455777673, 38.4866789479003),3073.46,"meters"
"3028",2023-10-09 20:59:40,c(-112.055457860767, 38.4866764388981),3073.46,"meters"
"3029",2023-10-09 20:59:41,c(-112.055458194505, 38.4866736706763),3073.34,"meters"
"3030",2023-10-09 20:59:42,c(-112.055457319618, 38.4866718711567),3073.34,"meters"
"3031",2023-10-09 20:59:43,c(-112.055456633307, 38.4866717698802),3073.34,"meters"
"3032",2023-10-09 20:59:44,c(-112.055456846811, 38.4866727066172),3073.34,"meters"
"3033",2023-10-09 20:59:45,c(-112.055454699316, 38.4866742608704),3073.34,"meters"
"3034",2023-10-09 20:59:46,c(-112.055452084298, 38.4866762479632),3073.46,"meters"
"3035",2023-10-09 20:59:47,c(-112.055452060138, 38.4866768078334),3073.46,"meters"
"3036",2023-10-09 20:59:48,c(-112.055452774626, 38.4866765716413),3073.46,"meters"
"3037",2023-10-09 20:59:49,c(-112.055452823353, 38.4866767652573),3073.46,"meters"
"3038",2023-10-09 20:59:50,c(-112.05545540661, 38.486677261385),3073.46,"meters"
"3039",2023-10-09 20:59:51,c(-112.055460191814, 38.4866761873512),3073.64,"meters"
"3040",2023-10-09 20:59:52,c(-112.055460430183, 38.486673476892),3073.5,"meters"
"3041",2023-10-09 20:59:53,c(-112.055459552816, 38.4866732995884),3073.34,"meters"
"3042",2023-10-09 20:59:54,c(-112.055459384193, 38.4866743983657),3073.34,"meters"
"3043",2023-10-09 20:59:55,c(-112.055459013582, 38.4866760787308),3073.46,"meters"
"3044",2023-10-09 20:59:56,c(-112.055460168427, 38.4866765442297),3073.64,"meters"
"3045",2023-10-09 20:59:57,c(-112.055461134208, 38.4866767935845),3073.64,"meters"
"3046",2023-10-09 20:59:58,c(-112.055460530668, 38.486677519289),3073.64,"meters"
"3047",2023-10-09 20:59:59,c(-112.055457547761, 38.4866793423495),3073.46,"meters"
"3048",2023-10-09 21:00:00,c(-112.055456032234, 38.4866807917903),3073.46,"meters"
"3049",2023-10-09 21:00:01,c(-112.055457278161, 38.4866820689451),3073.46,"meters"
"3050",2023-10-09 21:00:02,c(-112.055460010312, 38.4866823207114),3073.64,"meters"
"3051",2023-10-09 21:00:03,c(-112.055459778602, 38.4866820476816),3073.46,"meters"
"3052",2023-10-09 21:00:04,c(-112.055459502215, 38.4866797695107),3073.46,"meters"
"3053",2023-10-09 21:00:05,c(-112.05545935026, 38.4866796463127),3073.46,"meters"
"3054",2023-10-09 21:00:06,c(-112.055459213854, 38.4866810020355),3073.46,"meters"
"3055",2023-10-09 21:00:07,c(-112.05545903739, 38.486681828359),3073.46,"meters"
"3056",2023-10-09 21:00:08,c(-112.055460724494, 38.4866809356141),3073.64,"meters"
"3057",2023-10-09 21:00:09,c(-112.055460153163, 38.4866806449376),3073.64,"meters"
"3058",2023-10-09 21:00:10,c(-112.055459907938, 38.4866801175112),3073.46,"meters"
"3059",2023-10-09 21:00:11,c(-112.055458240723, 38.4866785761151),3073.46,"meters"
"3060",2023-10-09 21:00:12,c(-112.055455218601, 38.4866775005463),3073.46,"meters"
"3061",2023-10-09 21:00:13,c(-112.055453843736, 38.4866787665013),3073.46,"meters"
"3062",2023-10-09 21:00:14,c(-112.055453993308, 38.4866809060202),3073.46,"meters"
"3063",2023-10-09 21:00:15,c(-112.055454769725, 38.4866817810942),3073.46,"meters"
"3064",2023-10-09 21:00:16,c(-112.055455516344, 38.4866814580983),3073.46,"meters"
"3065",2023-10-09 21:00:17,c(-112.055456169252, 38.4866808729191),3073.46,"meters"
"3066",2023-10-09 21:00:18,c(-112.055457181738, 38.4866817596356),3073.46,"meters"
"3067",2023-10-09 21:00:19,c(-112.055458434829, 38.486682980652),3073.46,"meters"
"3068",2023-10-09 21:00:20,c(-112.055458272444, 38.4866831458291),3073.46,"meters"
"3069",2023-10-09 21:00:21,c(-112.055457871341, 38.4866813265806),3073.46,"meters"
"3070",2023-10-09 21:00:22,c(-112.055459014631, 38.48667927387),3073.46,"meters"
"3071",2023-10-09 21:00:23,c(-112.055461103115, 38.4866786912018),3073.64,"meters"
"3072",2023-10-09 21:00:24,c(-112.055462470628, 38.4866786813372),3073.64,"meters"
"3073",2023-10-09 21:00:25,c(-112.055461490635, 38.4866787108213),3073.64,"meters"
"3074",2023-10-09 21:00:26,c(-112.055460090431, 38.4866791136374),3073.64,"meters"
"3075",2023-10-09 21:00:27,c(-112.055456313611, 38.4866782288916),3073.46,"meters"
"3076",2023-10-09 21:00:28,c(-112.055452063922, 38.4866775017521),3073.46,"meters"
"3077",2023-10-09 21:00:29,c(-112.055452205197, 38.4866771280437),3073.46,"meters"
"3078",2023-10-09 21:00:30,c(-112.055453320138, 38.4866771047939),3073.46,"meters"
"3079",2023-10-09 21:00:31,c(-112.055453703477, 38.4866771128682),3073.46,"meters"
"3080",2023-10-09 21:00:32,c(-112.055455638744, 38.4866779162837),3073.46,"meters"
"3081",2023-10-09 21:00:33,c(-112.055457767285, 38.4866792371517),3073.46,"meters"
"3082",2023-10-09 21:00:34,c(-112.055459285207, 38.4866823965588),3073.46,"meters"
"3083",2023-10-09 21:00:35,c(-112.055458104036, 38.4866850956189),3073.6,"meters"
"3084",2023-10-09 21:00:36,c(-112.055452826564, 38.4866876087862),3073.6,"meters"
"3085",2023-10-09 21:00:37,c(-112.055445776137, 38.4866908622358),3073.44,"meters"
"3086",2023-10-09 21:00:38,c(-112.055437910764, 38.486694849501),3073.56,"meters"
"3087",2023-10-09 21:00:39,c(-112.055429128768, 38.4866991493639),3073.38,"meters"
"3088",2023-10-09 21:00:40,c(-112.055419836292, 38.4867041378845),3073.32,"meters"
"3089",2023-10-09 21:00:41,c(-112.055416020996, 38.4867056591134),3073.32,"meters"
"3090",2023-10-09 21:00:42,c(-112.055415260107, 38.486704926394),3073.32,"meters"
"3091",2023-10-09 21:00:43,c(-112.055416138548, 38.4867043618596),3073.32,"meters"
"3092",2023-10-09 21:00:44,c(-112.055417768432, 38.4867039843262),3073.32,"meters"
"3093",2023-10-09 21:00:45,c(-112.055420275477, 38.4867021089591),3073.2,"meters"
"3094",2023-10-09 21:00:46,c(-112.055420475191, 38.4867010518041),3073.2,"meters"
"3095",2023-10-09 21:00:47,c(-112.055418289321, 38.4867026138793),3073.2,"meters"
"3096",2023-10-09 21:00:48,c(-112.055415713848, 38.48670469627),3073.32,"meters"
"3097",2023-10-09 21:00:49,c(-112.05541520605, 38.486706209886),3073.32,"meters"
"3098",2023-10-09 21:00:50,c(-112.055414232634, 38.4867066058942),3073.12,"meters"
"3099",2023-10-09 21:00:51,c(-112.055416079674, 38.4867066102786),3073.32,"meters"
"3100",2023-10-09 21:00:52,c(-112.055416094521, 38.486706457487),3073.32,"meters"
"3101",2023-10-09 21:00:53,c(-112.055415367736, 38.4867070194396),3073.32,"meters"
"3102",2023-10-09 21:00:54,c(-112.05541373084, 38.4867063972036),3073.12,"meters"
"3103",2023-10-09 21:00:55,c(-112.055413697507, 38.4867060994027),3073.12,"meters"
"3104",2023-10-09 21:00:56,c(-112.055413107972, 38.4867060049218),3073.12,"meters"
"3105",2023-10-09 21:00:57,c(-112.055413708771, 38.4867050610274),3073.12,"meters"
"3106",2023-10-09 21:00:58,c(-112.055418007022, 38.4867039825326),3073.32,"meters"
"3107",2023-10-09 21:00:59,c(-112.055421262016, 38.4867040334054),3073.32,"meters"
"3108",2023-10-09 21:01:00,c(-112.055421364584, 38.4867043962638),3073.32,"meters"
"3109",2023-10-09 21:01:01,c(-112.055420494626, 38.4867044952142),3073.32,"meters"
"3110",2023-10-09 21:01:02,c(-112.055418217179, 38.486703499427),3073.32,"meters"
"3111",2023-10-09 21:01:03,c(-112.055416554723, 38.4867029100728),3073.2,"meters"
"3112",2023-10-09 21:01:04,c(-112.055415464439, 38.4867025582359),3073.2,"meters"
"3113",2023-10-09 21:01:05,c(-112.055415593423, 38.486704018304),3073.32,"meters"
"3114",2023-10-09 21:01:06,c(-112.055415607149, 38.486704928038),3073.32,"meters"
"3115",2023-10-09 21:01:07,c(-112.055414054425, 38.4867059387194),3073.12,"meters"
"3116",2023-10-09 21:01:08,c(-112.055412848319, 38.4867077133582),3073.12,"meters"
"3117",2023-10-09 21:01:09,c(-112.055412725497, 38.4867094016272),3073.12,"meters"
"3118",2023-10-09 21:01:10,c(-112.055412427961, 38.4867097007434),3073.12,"meters"
"3119",2023-10-09 21:01:11,c(-112.055413037245, 38.4867089865475),3073.12,"meters"
"3120",2023-10-09 21:01:12,c(-112.055414089995, 38.4867081126549),3073.12,"meters"
"3121",2023-10-09 21:01:13,c(-112.05541569443, 38.4867077814937),3073.32,"meters"
"3122",2023-10-09 21:01:14,c(-112.055416735626, 38.4867077893765),3073.32,"meters"
"3123",2023-10-09 21:01:15,c(-112.055417064012, 38.4867076713791),3073.32,"meters"
"3124",2023-10-09 21:01:16,c(-112.055413223375, 38.4867068927347),3073.12,"meters"
"3125",2023-10-09 21:01:17,c(-112.055409279027, 38.4867036530954),3073.12,"meters"
"3126",2023-10-09 21:01:18,c(-112.055407998907, 38.4867023337618),3073,"meters"
"3127",2023-10-09 21:01:19,c(-112.055407591852, 38.4867025893641),3073,"meters"
"3128",2023-10-09 21:01:20,c(-112.055410480924, 38.4867032338504),3073,"meters"
"3129",2023-10-09 21:01:21,c(-112.05541205361, 38.486702811975),3073,"meters"
"3130",2023-10-09 21:01:22,c(-112.055411318072, 38.4867025477137),3073,"meters"
"3131",2023-10-09 21:01:23,c(-112.055410752553, 38.4867022962764),3073,"meters"
"3132",2023-10-09 21:01:24,c(-112.055410191376, 38.4867023447225),3073,"meters"
"3133",2023-10-09 21:01:25,c(-112.055409198568, 38.4867025048575),3073,"meters"
"3134",2023-10-09 21:01:26,c(-112.055407536418, 38.4867029023881),3073,"meters"
"3135",2023-10-09 21:01:27,c(-112.055406455353, 38.486703552038),3073.12,"meters"
"3136",2023-10-09 21:01:28,c(-112.05540597438, 38.4867040961247),3073.12,"meters"
"3137",2023-10-09 21:01:29,c(-112.055406028616, 38.4867041416612),3073.12,"meters"
"3138",2023-10-09 21:01:30,c(-112.055406972094, 38.4867043170426),3073.12,"meters"
"3139",2023-10-09 21:01:31,c(-112.055408367864, 38.4867045611851),3073.12,"meters"
"3140",2023-10-09 21:01:32,c(-112.05540989342, 38.4867044173814),3073.12,"meters"
"3141",2023-10-09 21:01:33,c(-112.055410995678, 38.4867041529009),3073.12,"meters"
"3142",2023-10-09 21:01:34,c(-112.055410566847, 38.486703298887),3073,"meters"
"3143",2023-10-09 21:01:35,c(-112.05541183375, 38.4867017434822),3073,"meters"
"3144",2023-10-09 21:01:36,c(-112.055408428369, 38.4867019345749),3073,"meters"
"3145",2023-10-09 21:01:37,c(-112.05540596252, 38.4867027311949),3073,"meters"
"3146",2023-10-09 21:01:38,c(-112.055405603376, 38.486703735021),3073.12,"meters"
"3147",2023-10-09 21:01:39,c(-112.055406077395, 38.4867042473816),3073.12,"meters"
"3148",2023-10-09 21:01:40,c(-112.055406770558, 38.4867045601587),3073.12,"meters"
"3149",2023-10-09 21:01:41,c(-112.055408247, 38.4867047122228),3073.12,"meters"
"3150",2023-10-09 21:01:42,c(-112.055411506646, 38.4867051733373),3073.12,"meters"
"3151",2023-10-09 21:01:43,c(-112.055412009846, 38.4867055827176),3073.12,"meters"
"3152",2023-10-09 21:01:44,c(-112.055410339199, 38.4867051205072),3073.12,"meters"
"3153",2023-10-09 21:01:45,c(-112.055409511507, 38.486702674419),3073,"meters"
"3154",2023-10-09 21:01:46,c(-112.055409337005, 38.4867008083683),3073,"meters"
"3155",2023-10-09 21:01:47,c(-112.055410009871, 38.4867018444782),3073,"meters"
"3156",2023-10-09 21:01:48,c(-112.05541094246, 38.4867040007669),3073.12,"meters"
"3157",2023-10-09 21:01:49,c(-112.055410593808, 38.4867042301735),3073.12,"meters"
"3158",2023-10-09 21:01:50,c(-112.055409585314, 38.4867028689704),3073,"meters"
"3159",2023-10-09 21:01:51,c(-112.055407506144, 38.4867022797258),3073,"meters"
"3160",2023-10-09 21:01:52,c(-112.055406221681, 38.4867025368626),3073,"meters"
"3161",2023-10-09 21:01:53,c(-112.055406649531, 38.4867033562808),3073,"meters"
"3162",2023-10-09 21:01:54,c(-112.055407869148, 38.4867042240354),3073.12,"meters"
"3163",2023-10-09 21:01:55,c(-112.055409786518, 38.4867051560195),3073.12,"meters"
"3164",2023-10-09 21:01:56,c(-112.055411052972, 38.486705256614),3073.12,"meters"
"3165",2023-10-09 21:01:57,c(-112.0554111108, 38.4867055332851),3073.12,"meters"
"3166",2023-10-09 21:01:58,c(-112.055408959505, 38.4867052694623),3073.12,"meters"
"3167",2023-10-09 21:01:59,c(-112.055406147597, 38.4867049399729),3073.12,"meters"
"3168",2023-10-09 21:02:00,c(-112.055405055465, 38.4867052501815),3073.12,"meters"
"3169",2023-10-09 21:02:01,c(-112.055407951915, 38.4867067934306),3073.12,"meters"
"3170",2023-10-09 21:02:02,c(-112.055410612226, 38.4867150780373),3073.22,"meters"
"3171",2023-10-09 21:02:03,c(-112.055401070901, 38.4867324775079),3073.23,"meters"
"3172",2023-10-09 21:02:04,c(-112.055391979901, 38.486748283087),3073.15,"meters"
"3173",2023-10-09 21:02:05,c(-112.055389577252, 38.4867538078229),3073.3,"meters"
"3174",2023-10-09 21:02:06,c(-112.055388340059, 38.4867570321171),3073.3,"meters"
"3175",2023-10-09 21:02:07,c(-112.055383915176, 38.4867646308186),3073.42,"meters"
"3176",2023-10-09 21:02:08,c(-112.055376992028, 38.4867757350306),3073.28,"meters"
"3177",2023-10-09 21:02:09,c(-112.055368074173, 38.4867893182449),3073.32,"meters"
"3178",2023-10-09 21:02:10,c(-112.05535722064, 38.486805798349),3073.38,"meters"
"3179",2023-10-09 21:02:11,c(-112.055352389236, 38.4868136861817),3073.56,"meters"
"3180",2023-10-09 21:02:12,c(-112.055349295573, 38.4868158714363),3073.56,"meters"
"3181",2023-10-09 21:02:13,c(-112.055347596028, 38.4868169851181),3073.56,"meters"
"3182",2023-10-09 21:02:14,c(-112.055348203141, 38.4868164422372),3073.56,"meters"
"3183",2023-10-09 21:02:15,c(-112.055349242407, 38.4868162417182),3073.56,"meters"
"3184",2023-10-09 21:02:16,c(-112.055350006383, 38.4868168549056),3073.56,"meters"
"3185",2023-10-09 21:02:17,c(-112.055351039487, 38.4868167939644),3073.56,"meters"
"3186",2023-10-09 21:02:18,c(-112.055351675591, 38.4868154310078),3073.56,"meters"
"3187",2023-10-09 21:02:19,c(-112.05535300973, 38.4868119776603),3073.38,"meters"
"3188",2023-10-09 21:02:20,c(-112.055354074685, 38.4868097924608),3073.38,"meters"
"3189",2023-10-09 21:02:21,c(-112.055354129255, 38.4868101073102),3073.38,"meters"
"3190",2023-10-09 21:02:22,c(-112.05535032125, 38.4868127704194),3073.56,"meters"
"3191",2023-10-09 21:02:23,c(-112.055347765122, 38.4868147776188),3073.56,"meters"
"3192",2023-10-09 21:02:24,c(-112.055349377433, 38.4868151104684),3073.56,"meters"
"3193",2023-10-09 21:02:25,c(-112.055351224562, 38.4868149156379),3073.56,"meters"
"3194",2023-10-09 21:02:26,c(-112.055351614461, 38.486814354891),3073.56,"meters"
"3195",2023-10-09 21:02:27,c(-112.055350874307, 38.4868144315059),3073.56,"meters"
"3196",2023-10-09 21:02:28,c(-112.055350397814, 38.4868155158795),3073.56,"meters"
"3197",2023-10-09 21:02:29,c(-112.055350347295, 38.4868165950286),3073.56,"meters"
"3198",2023-10-09 21:02:30,c(-112.055350657224, 38.4868171409786),3073.56,"meters"
"3199",2023-10-09 21:02:31,c(-112.055348446304, 38.4868174680045),3073.56,"meters"
"3200",2023-10-09 21:02:32,c(-112.055336666044, 38.4868208600636),3073.38,"meters"
"3201",2023-10-09 21:02:33,c(-112.055311528016, 38.4868317158519),3073.6,"meters"
"3202",2023-10-09 21:02:34,c(-112.055275379398, 38.4868463973634),3073.26,"meters"
"3203",2023-10-09 21:02:35,c(-112.055253395925, 38.4868545434285),3073.04,"meters"
"3204",2023-10-09 21:02:36,c(-112.055244472753, 38.4868563283706),3072.82,"meters"
"3205",2023-10-09 21:02:37,c(-112.05524228357, 38.4868566768096),3072.82,"meters"
"3206",2023-10-09 21:02:38,c(-112.055241282638, 38.4868570241527),3072.82,"meters"
"3207",2023-10-09 21:02:39,c(-112.05524266051, 38.4868559066049),3072.82,"meters"
"3208",2023-10-09 21:02:40,c(-112.05524610334, 38.4868536490399),3073.04,"meters"
"3209",2023-10-09 21:02:41,c(-112.055247775038, 38.4868527062169),3073.04,"meters"
"3210",2023-10-09 21:02:42,c(-112.05524785525, 38.4868532351956),3073.04,"meters"
"3211",2023-10-09 21:02:43,c(-112.055247274224, 38.4868529517233),3073.04,"meters"
"3212",2023-10-09 21:02:44,c(-112.055247212181, 38.4868508021207),3073.04,"meters"
"3213",2023-10-09 21:02:45,c(-112.055243782707, 38.4868508939342),3072.82,"meters"
"3214",2023-10-09 21:02:46,c(-112.055240616807, 38.4868505858072),3072.82,"meters"
"3215",2023-10-09 21:02:47,c(-112.055238946478, 38.4868517652329),3072.82,"meters"
"3216",2023-10-09 21:02:48,c(-112.055240557739, 38.4868505832365),3072.82,"meters"
"3217",2023-10-09 21:02:49,c(-112.055242287631, 38.4868498942499),3072.82,"meters"
"3218",2023-10-09 21:02:50,c(-112.055245293994, 38.4868514019968),3073.04,"meters"
"3219",2023-10-09 21:02:51,c(-112.055248080136, 38.4868540517338),3073.04,"meters"
"3220",2023-10-09 21:02:52,c(-112.05524629052, 38.4868545129583),3073.04,"meters"
"3221",2023-10-09 21:02:53,c(-112.055245851112, 38.4868540526109),3073.04,"meters"
"3222",2023-10-09 21:02:54,c(-112.05524761419, 38.4868541968531),3073.04,"meters"
"3223",2023-10-09 21:02:55,c(-112.05524911461, 38.4868540836297),3073.04,"meters"
"3224",2023-10-09 21:02:56,c(-112.055247975381, 38.4868506291618),3073.04,"meters"
"3225",2023-10-09 21:02:57,c(-112.055247822374, 38.4868508113273),3073.04,"meters"
"3226",2023-10-09 21:02:58,c(-112.055248511068, 38.4868526043802),3073.04,"meters"
"3227",2023-10-09 21:02:59,c(-112.055249011532, 38.4868525393836),3073.04,"meters"
"3228",2023-10-09 21:03:00,c(-112.055250186688, 38.4868568152422),3073.04,"meters"
"3229",2023-10-09 21:03:01,c(-112.055248499407, 38.4868634427818),3073.16,"meters"
"3230",2023-10-09 21:03:02,c(-112.055246256398, 38.4868688230329),3073.2,"meters"
"3231",2023-10-09 21:03:03,c(-112.055245083924, 38.4868706835336),3073.2,"meters"
"3232",2023-10-09 21:03:04,c(-112.055242934801, 38.4868714307212),3072.96,"meters"
"3233",2023-10-09 21:03:05,c(-112.055240142437, 38.4868711297297),3072.96,"meters"
"3234",2023-10-09 21:03:06,c(-112.055239184038, 38.4868705972634),3072.96,"meters"
"3235",2023-10-09 21:03:07,c(-112.055240219173, 38.4868713102636),3072.96,"meters"
"3236",2023-10-09 21:03:08,c(-112.055241250496, 38.4868721708938),3072.96,"meters"
"3237",2023-10-09 21:03:09,c(-112.055241229909, 38.486873047965),3072.96,"meters"
"3238",2023-10-09 21:03:10,c(-112.05524263278, 38.4868768553654),3072.8,"meters"
"3239",2023-10-09 21:03:11,c(-112.055245433274, 38.4868888499327),3072.88,"meters"
"3240",2023-10-09 21:03:12,c(-112.055246506053, 38.4869079313277),3072.48,"meters"
"3241",2023-10-09 21:03:13,c(-112.055247324271, 38.4869293694621),3072.2,"meters"
"3242",2023-10-09 21:03:14,c(-112.055247332484, 38.486939277813),3071.78,"meters"
"3243",2023-10-09 21:03:15,c(-112.055246917098, 38.4869402992241),3071.78,"meters"
"3244",2023-10-09 21:03:16,c(-112.055246231907, 38.4869391646873),3072.02,"meters"
"3245",2023-10-09 21:03:17,c(-112.055246883243, 38.4869390118459),3072.02,"meters"
"3246",2023-10-09 21:03:18,c(-112.055248301467, 38.4869394319931),3071.78,"meters"
"3247",2023-10-09 21:03:19,c(-112.055248570241, 38.4869387976151),3072.02,"meters"
"3248",2023-10-09 21:03:20,c(-112.055245569265, 38.4869378221172),3071.6,"meters"
"3249",2023-10-09 21:03:21,c(-112.055245281321, 38.4869382350048),3071.6,"meters"
"3250",2023-10-09 21:03:22,c(-112.055246881454, 38.4869394314693),3071.78,"meters"
"3251",2023-10-09 21:03:23,c(-112.055248264371, 38.4869403620286),3071.78,"meters"
"3252",2023-10-09 21:03:24,c(-112.055246447374, 38.4869408913183),3071.78,"meters"
"3253",2023-10-09 21:03:25,c(-112.055244485564, 38.486941344322),3071.38,"meters"
"3254",2023-10-09 21:03:26,c(-112.055244243697, 38.486942329867),3071.38,"meters"
"3255",2023-10-09 21:03:27,c(-112.055246441068, 38.486943680146),3071.78,"meters"
"3256",2023-10-09 21:03:28,c(-112.055247921899, 38.4869450744803),3071.78,"meters"
"3257",2023-10-09 21:03:29,c(-112.055247243553, 38.4869434604949),3071.78,"meters"
"3258",2023-10-09 21:03:30,c(-112.055247057415, 38.486939194889),3071.78,"meters"
"3259",2023-10-09 21:03:31,c(-112.05524520078, 38.4869370744792),3071.6,"meters"
"3260",2023-10-09 21:03:32,c(-112.055244574984, 38.486936272391),3071.6,"meters"
"3261",2023-10-09 21:03:33,c(-112.055247432405, 38.4869375363729),3072.02,"meters"
"3262",2023-10-09 21:03:34,c(-112.05524922644, 38.4869403508485),3071.78,"meters"
"3263",2023-10-09 21:03:35,c(-112.055247783793, 38.486942616963),3071.78,"meters"
"3264",2023-10-09 21:03:36,c(-112.055247240891, 38.4869434482188),3071.78,"meters"
"3265",2023-10-09 21:03:37,c(-112.055247174229, 38.4869429885292),3071.78,"meters"
"3266",2023-10-09 21:03:38,c(-112.055246617659, 38.4869412077624),3071.78,"meters"
"3267",2023-10-09 21:03:39,c(-112.055250081908, 38.4869395127977),3071.78,"meters"
"3268",2023-10-09 21:03:40,c(-112.055250298601, 38.4869347306164),3072.02,"meters"
"3269",2023-10-09 21:03:41,c(-112.055247818736, 38.4869364599274),3072.02,"meters"
"3270",2023-10-09 21:03:42,c(-112.055248525771, 38.4869398191475),3071.78,"meters"
"3271",2023-10-09 21:03:43,c(-112.055250170791, 38.4869413571459),3071.78,"meters"
"3272",2023-10-09 21:03:44,c(-112.055247297684, 38.4869408942778),3071.78,"meters"
"3273",2023-10-09 21:03:45,c(-112.055245573255, 38.4869402094565),3071.38,"meters"
"3274",2023-10-09 21:03:46,c(-112.055247566441, 38.4869378813049),3072.02,"meters"
"3275",2023-10-09 21:03:47,c(-112.055248079393, 38.4869364597084),3072.02,"meters"
"3276",2023-10-09 21:03:48,c(-112.055245898102, 38.4869373775532),3072.02,"meters"
"3277",2023-10-09 21:03:49,c(-112.055243956315, 38.4869357862863),3071.6,"meters"
"3278",2023-10-09 21:03:50,c(-112.055247772375, 38.486934318984),3072.02,"meters"
"3279",2023-10-09 21:03:51,c(-112.055249918633, 38.4869352089886),3072.02,"meters"
"3280",2023-10-09 21:03:52,c(-112.055249366068, 38.4869364030417),3072.02,"meters"
"3281",2023-10-09 21:03:53,c(-112.055249101236, 38.4869396160466),3071.78,"meters"
"3282",2023-10-09 21:03:54,c(-112.05524771944, 38.4869389369251),3072.02,"meters"
"3283",2023-10-09 21:03:55,c(-112.055247928937, 38.4869371133286),3072.02,"meters"
"3284",2023-10-09 21:03:56,c(-112.055248770151, 38.4869364006206),3072.02,"meters"
"3285",2023-10-09 21:03:57,c(-112.05525088476, 38.4869371572441),3072.02,"meters"
"3286",2023-10-09 21:03:58,c(-112.055249647692, 38.4869372468824),3072.02,"meters"
"3287",2023-10-09 21:03:59,c(-112.055247132136, 38.4869370708257),3072.02,"meters"
"3288",2023-10-09 21:04:00,c(-112.055248671281, 38.4869380548117),3072.02,"meters"
"3289",2023-10-09 21:04:01,c(-112.055250397321, 38.4869394567884),3071.78,"meters"
"3290",2023-10-09 21:04:02,c(-112.055249840415, 38.4869391730174),3071.78,"meters"
"3291",2023-10-09 21:04:03,c(-112.055248811482, 38.4869381765116),3072.02,"meters"
"3292",2023-10-09 21:04:04,c(-112.055249665128, 38.4869382380241),3072.02,"meters"
"3293",2023-10-09 21:04:05,c(-112.055249738954, 38.4869376221949),3072.02,"meters"
"3294",2023-10-09 21:04:06,c(-112.055244484776, 38.4869404395201),3071.38,"meters"
"3295",2023-10-09 21:04:07,c(-112.055243810333, 38.4869425625982),3071.38,"meters"
"3296",2023-10-09 21:04:08,c(-112.055245730253, 38.4869442432643),3071.38,"meters"
"3297",2023-10-09 21:04:09,c(-112.05524894816, 38.4869458399422),3071.78,"meters"
"3298",2023-10-09 21:04:10,c(-112.055249218386, 38.4869444603254),3071.78,"meters"
"3299",2023-10-09 21:04:11,c(-112.055249702536, 38.4869400372649),3071.78,"meters"
"3300",2023-10-09 21:04:12,c(-112.055250103847, 38.4869359766728),3072.02,"meters"
"3301",2023-10-09 21:04:13,c(-112.055248376412, 38.4869348251468),3072.02,"meters"
"3302",2023-10-09 21:04:14,c(-112.05524937179, 38.4869362274421),3072.02,"meters"
"3303",2023-10-09 21:04:15,c(-112.055249568837, 38.4869390167062),3072.02,"meters"
"3304",2023-10-09 21:04:16,c(-112.055249804072, 38.486939494274),3071.78,"meters"
"3305",2023-10-09 21:04:17,c(-112.055247815656, 38.4869386396721),3072.02,"meters"
"3306",2023-10-09 21:04:18,c(-112.055244689829, 38.486938922128),3071.6,"meters"
"3307",2023-10-09 21:04:19,c(-112.055241790659, 38.4869384899862),3071.6,"meters"
"3308",2023-10-09 21:04:20,c(-112.055244141329, 38.4869393310996),3071.38,"meters"
"3309",2023-10-09 21:04:21,c(-112.055249833131, 38.4869412667207),3071.78,"meters"
"3310",2023-10-09 21:04:22,c(-112.055250524484, 38.486940089547),3071.78,"meters"
"3311",2023-10-09 21:04:23,c(-112.055250099413, 38.4869389758751),3072.02,"meters"
"3312",2023-10-09 21:04:24,c(-112.055248656882, 38.4869396128437),3071.78,"meters"
"3313",2023-10-09 21:04:25,c(-112.055247678266, 38.4869416398211),3071.78,"meters"
"3314",2023-10-09 21:04:26,c(-112.055246420693, 38.486942814145),3071.78,"meters"
"3315",2023-10-09 21:04:27,c(-112.055248595413, 38.4869448846727),3071.78,"meters"
"3316",2023-10-09 21:04:28,c(-112.055251776245, 38.4869444819078),3071.78,"meters"
"3317",2023-10-09 21:04:29,c(-112.055253583368, 38.4869408198553),3071.78,"meters"
"3318",2023-10-09 21:04:30,c(-112.05525474725, 38.4869374966956),3072.02,"meters"
"3319",2023-10-09 21:04:31,c(-112.055255318089, 38.486937088728),3072.02,"meters"
"3320",2023-10-09 21:04:32,c(-112.055255335725, 38.4869371938727),3072.02,"meters"
"3321",2023-10-09 21:04:33,c(-112.055254556222, 38.4869357501162),3072.02,"meters"
"3322",2023-10-09 21:04:34,c(-112.055254473314, 38.4869346605177),3072.02,"meters"
"3323",2023-10-09 21:04:35,c(-112.05525659871, 38.4869358938399),3072.02,"meters"
"3324",2023-10-09 21:04:36,c(-112.055256831558, 38.4869376201977),3072.02,"meters"
"3325",2023-10-09 21:04:37,c(-112.055254044765, 38.4869379504664),3072.02,"meters"
"3326",2023-10-09 21:04:38,c(-112.055252440218, 38.4869406890941),3071.78,"meters"
"3327",2023-10-09 21:04:39,c(-112.055252776274, 38.4869449797866),3071.78,"meters"
"3328",2023-10-09 21:04:40,c(-112.055252327977, 38.4869472802612),3071.78,"meters"
"3329",2023-10-09 21:04:41,c(-112.055250083822, 38.4869468048082),3071.78,"meters"
"3330",2023-10-09 21:04:42,c(-112.055248662952, 38.4869452707557),3071.78,"meters"
"3331",2023-10-09 21:04:43,c(-112.055248645763, 38.486943896609),3071.78,"meters"
"3332",2023-10-09 21:04:44,c(-112.055248186633, 38.4869423486223),3071.78,"meters"
"3333",2023-10-09 21:04:45,c(-112.055236071633, 38.486935207455),3071.6,"meters"
"3334",2023-10-09 21:04:46,c(-112.055211893473, 38.4869219721419),3071,"meters"
"3335",2023-10-09 21:04:47,c(-112.055187496166, 38.4869062852843),3070.34,"meters"
"3336",2023-10-09 21:04:48,c(-112.055170997839, 38.4868957447809),3070.12,"meters"
"3337",2023-10-09 21:04:49,c(-112.055164483363, 38.4868926629248),3069.95,"meters"
"3338",2023-10-09 21:04:50,c(-112.055161713257, 38.4868919909273),3069.95,"meters"
"3339",2023-10-09 21:04:51,c(-112.055161298022, 38.486891443124),3069.95,"meters"
"3340",2023-10-09 21:04:52,c(-112.055163114275, 38.4868903354674),3069.95,"meters"
"3341",2023-10-09 21:04:53,c(-112.055166128305, 38.486889810306),3070.21,"meters"
"3342",2023-10-09 21:04:54,c(-112.055167521657, 38.4868888269166),3070.21,"meters"
"3343",2023-10-09 21:04:55,c(-112.055166892417, 38.4868887840603),3070.21,"meters"
"3344",2023-10-09 21:04:56,c(-112.055166156807, 38.4868901426328),3070.21,"meters"
"3345",2023-10-09 21:04:57,c(-112.055166112692, 38.4868915504187),3070.21,"meters"
"3346",2023-10-09 21:04:58,c(-112.055166044488, 38.4868919560724),3070.21,"meters"
"3347",2023-10-09 21:04:59,c(-112.055165531838, 38.4868915346952),3070.21,"meters"
"3348",2023-10-09 21:05:00,c(-112.055165522112, 38.4868914065663),3070.21,"meters"
"3349",2023-10-09 21:05:01,c(-112.055164606112, 38.4868920896583),3069.95,"meters"
"3350",2023-10-09 21:05:02,c(-112.055165335705, 38.4868951856875),3070.12,"meters"
"3351",2023-10-09 21:05:03,c(-112.055163284609, 38.4868974678544),3069.86,"meters"
"3352",2023-10-09 21:05:04,c(-112.055162785083, 38.4868974706067),3069.86,"meters"
"3353",2023-10-09 21:05:05,c(-112.055164467952, 38.4868975514841),3069.86,"meters"
"3354",2023-10-09 21:05:06,c(-112.055165439469, 38.4868988608931),3070.12,"meters"
"3355",2023-10-09 21:05:07,c(-112.055164741189, 38.4869005998601),3069.86,"meters"
"3356",2023-10-09 21:05:08,c(-112.055165780844, 38.4868988220428),3070.12,"meters"
"3357",2023-10-09 21:05:09,c(-112.05516744974, 38.486896961034),3070.12,"meters"
"3358",2023-10-09 21:05:10,c(-112.055167367885, 38.4868974214907),3070.12,"meters"
"3359",2023-10-09 21:05:11,c(-112.05516535232, 38.4869000108645),3070.12,"meters"
"3360",2023-10-09 21:05:12,c(-112.055165659894, 38.4869018262471),3070.12,"meters"
"3361",2023-10-09 21:05:13,c(-112.055167843278, 38.4869009676996),3070.12,"meters"
"3362",2023-10-09 21:05:14,c(-112.055167746272, 38.4868999459975),3070.12,"meters"
"3363",2023-10-09 21:05:15,c(-112.05516605321, 38.4868999876591),3070.12,"meters"
"3364",2023-10-09 21:05:16,c(-112.055165630572, 38.4868993593039),3070.12,"meters"
"3365",2023-10-09 21:05:17,c(-112.05516653606, 38.4868989713267),3070.12,"meters"
"3366",2023-10-09 21:05:18,c(-112.055164924535, 38.4869001720857),3069.86,"meters"
"3367",2023-10-09 21:05:19,c(-112.055164173533, 38.4869003694399),3069.86,"meters"
"3368",2023-10-09 21:05:20,c(-112.055166731803, 38.4868973531066),3070.12,"meters"
"3369",2023-10-09 21:05:21,c(-112.055169401466, 38.4868947534495),3070.21,"meters"
"3370",2023-10-09 21:05:22,c(-112.05516800413, 38.486896516689),3070.12,"meters"
"3371",2023-10-09 21:05:23,c(-112.055163751604, 38.4868991751947),3069.86,"meters"
"3372",2023-10-09 21:05:24,c(-112.055163585221, 38.4868995775603),3069.86,"meters"
"3373",2023-10-09 21:05:25,c(-112.055165700674, 38.486898931296),3070.12,"meters"
"3374",2023-10-09 21:05:26,c(-112.055166159895, 38.4868985253977),3070.12,"meters"
"3375",2023-10-09 21:05:27,c(-112.055165843237, 38.4868980661963),3070.12,"meters"
"3376",2023-10-09 21:05:28,c(-112.055165625812, 38.4868968114211),3070.12,"meters"
"3377",2023-10-09 21:05:29,c(-112.055165251738, 38.4868971155791),3070.12,"meters"
"3378",2023-10-09 21:05:30,c(-112.055167313611, 38.4868957784896),3070.12,"meters"
"3379",2023-10-09 21:05:31,c(-112.055171583361, 38.486893723836),3070.21,"meters"
"3380",2023-10-09 21:05:32,c(-112.055173447769, 38.4868942025671),3070.21,"meters"
"3381",2023-10-09 21:05:33,c(-112.055169012378, 38.4868963387368),3070.12,"meters"
"3382",2023-10-09 21:05:34,c(-112.055165147404, 38.4868976740241),3070.12,"meters"
"3383",2023-10-09 21:05:35,c(-112.055163719671, 38.4868985402443),3069.86,"meters"
"3384",2023-10-09 21:05:36,c(-112.055164414244, 38.486898769023),3069.86,"meters"
"3385",2023-10-09 21:05:37,c(-112.055165085003, 38.4868997772145),3070.12,"meters"
"3386",2023-10-09 21:05:38,c(-112.055164305568, 38.4869013576793),3069.86,"meters"
"3387",2023-10-09 21:05:39,c(-112.05516180814, 38.4869020794382),3069.86,"meters"
"3388",2023-10-09 21:05:40,c(-112.055161533782, 38.4869016895679),3069.86,"meters"
"3389",2023-10-09 21:05:41,c(-112.055162446762, 38.4869009161845),3069.86,"meters"
"3390",2023-10-09 21:05:42,c(-112.055163756782, 38.4869005371652),3069.86,"meters"
"3391",2023-10-09 21:05:43,c(-112.055165123032, 38.4869005219298),3070.12,"meters"
"3392",2023-10-09 21:05:44,c(-112.055167288683, 38.4868996845364),3070.12,"meters"
"3393",2023-10-09 21:05:45,c(-112.05516827407, 38.4868987022427),3070.12,"meters"
"3394",2023-10-09 21:05:46,c(-112.055170816732, 38.4868976717227),3070.12,"meters"
"3395",2023-10-09 21:05:47,c(-112.055171818156, 38.4868944559776),3070.21,"meters"
"3396",2023-10-09 21:05:48,c(-112.055171945391, 38.4868928239367),3070.21,"meters"
"3397",2023-10-09 21:05:49,c(-112.055171312578, 38.4868935957856),3070.21,"meters"
"3398",2023-10-09 21:05:50,c(-112.05516996762, 38.4868960948136),3070.12,"meters"
"3399",2023-10-09 21:05:51,c(-112.05516530405, 38.4868973882799),3070.12,"meters"
"3400",2023-10-09 21:05:52,c(-112.055165135287, 38.48689889241),3070.12,"meters"
"3401",2023-10-09 21:05:53,c(-112.055165998512, 38.4868999016788),3070.12,"meters"
"3402",2023-10-09 21:05:54,c(-112.055166872043, 38.4869004399243),3070.12,"meters"
"3403",2023-10-09 21:05:55,c(-112.055168194452, 38.4869001249351),3070.12,"meters"
"3404",2023-10-09 21:05:56,c(-112.055168153279, 38.4868997673987),3070.12,"meters"
"3405",2023-10-09 21:05:57,c(-112.0551680175, 38.4869000273854),3070.12,"meters"
"3406",2023-10-09 21:05:58,c(-112.055168531481, 38.4869003580681),3070.12,"meters"
"3407",2023-10-09 21:05:59,c(-112.055167745876, 38.4869014604902),3070.12,"meters"
"3408",2023-10-09 21:06:00,c(-112.055168546185, 38.4869016466022),3070.12,"meters"
"3409",2023-10-09 21:06:01,c(-112.055170216763, 38.4869006303308),3070.12,"meters"
"3410",2023-10-09 21:06:02,c(-112.055171388904, 38.4868977925091),3070.12,"meters"
"3411",2023-10-09 21:06:03,c(-112.055172582069, 38.4868946098773),3070.21,"meters"
"3412",2023-10-09 21:06:04,c(-112.055171688531, 38.4868949083831),3070.12,"meters"
"3413",2023-10-09 21:06:05,c(-112.055168245503, 38.4868974684022),3070.12,"meters"
"3414",2023-10-09 21:06:06,c(-112.055167404645, 38.4868994752974),3070.12,"meters"
"3415",2023-10-09 21:06:07,c(-112.05516906699, 38.4868989527302),3070.12,"meters"
"3416",2023-10-09 21:06:08,c(-112.055169050892, 38.4868989372192),3070.12,"meters"
"3417",2023-10-09 21:06:09,c(-112.05516869758, 38.4868992694564),3070.12,"meters"
"3418",2023-10-09 21:06:10,c(-112.055168780435, 38.4868986418132),3070.12,"meters"
"3419",2023-10-09 21:06:11,c(-112.055167835903, 38.4868983062843),3070.12,"meters"
"3420",2023-10-09 21:06:12,c(-112.055166711682, 38.486897859917),3070.12,"meters"
"3421",2023-10-09 21:06:13,c(-112.055168349204, 38.4868957572259),3070.12,"meters"
"3422",2023-10-09 21:06:14,c(-112.055170213365, 38.4868955602429),3070.12,"meters"
"3423",2023-10-09 21:06:15,c(-112.055168209493, 38.4868965752738),3070.12,"meters"
"3424",2023-10-09 21:06:16,c(-112.055167572927, 38.4868965177056),3070.12,"meters"
"3425",2023-10-09 21:06:17,c(-112.05516944544, 38.4868953873038),3070.12,"meters"
"3426",2023-10-09 21:06:18,c(-112.055173444196, 38.4868962027761),3070.12,"meters"
"3427",2023-10-09 21:06:19,c(-112.055174140173, 38.4868974292728),3070.12,"meters"
"3428",2023-10-09 21:06:20,c(-112.055173223131, 38.486898469329),3070.12,"meters"
"3429",2023-10-09 21:06:21,c(-112.055174576774, 38.4868977506393),3070.12,"meters"
"3430",2023-10-09 21:06:22,c(-112.055174381478, 38.4868957844083),3070.12,"meters"
"3431",2023-10-09 21:06:23,c(-112.055174636784, 38.4868958654074),3070.12,"meters"
"3432",2023-10-09 21:06:24,c(-112.055175448093, 38.486895594241),3070.12,"meters"
"3433",2023-10-09 21:06:25,c(-112.055170918836, 38.4868943868158),3070.21,"meters"
"3434",2023-10-09 21:06:26,c(-112.055164513406, 38.486892203345),3069.95,"meters"
"3435",2023-10-09 21:06:27,c(-112.055158555213, 38.4868863608927),3069.95,"meters"
"3436",2023-10-09 21:06:28,c(-112.055155466628, 38.4868786149792),3070.07,"meters"
"3437",2023-10-09 21:06:29,c(-112.055156725261, 38.4868727125696),3070.17,"meters"
"3438",2023-10-09 21:06:30,c(-112.055159134037, 38.4868678241196),3070.25,"meters"
"3439",2023-10-09 21:06:31,c(-112.05516078879, 38.4868676593808),3070.25,"meters"
"3440",2023-10-09 21:06:32,c(-112.055159464768, 38.4868670180734),3070.25,"meters"
"3441",2023-10-09 21:06:33,c(-112.05515734743, 38.4868644779426),3070.25,"meters"
"3442",2023-10-09 21:06:34,c(-112.055160703638, 38.486863644166),3070.25,"meters"
"3443",2023-10-09 21:06:35,c(-112.055161864718, 38.4868647356273),3070.25,"meters"
"3444",2023-10-09 21:06:36,c(-112.055163567646, 38.4868657420344),3070.25,"meters"
"3445",2023-10-09 21:06:37,c(-112.055163983657, 38.4868652103033),3070.25,"meters"
"3446",2023-10-09 21:06:38,c(-112.055165260375, 38.4868657766698),3070.55,"meters"
"3447",2023-10-09 21:06:39,c(-112.055163644046, 38.4868662316467),3070.25,"meters"
"3448",2023-10-09 21:06:40,c(-112.055161600236, 38.4868641115283),3070.25,"meters"
"3449",2023-10-09 21:06:41,c(-112.055163752018, 38.4868615973743),3070.25,"meters"
"3450",2023-10-09 21:06:42,c(-112.05516855921, 38.4868611451378),3070.55,"meters"
"3451",2023-10-09 21:06:43,c(-112.055167435459, 38.4868626571592),3070.55,"meters"
"3452",2023-10-09 21:06:44,c(-112.055165141802, 38.4868668714195),3070.55,"meters"
"3453",2023-10-09 21:06:45,c(-112.055166019487, 38.4868675999741),3070.55,"meters"
"3454",2023-10-09 21:06:46,c(-112.055168603184, 38.4868669904524),3070.55,"meters"
"3455",2023-10-09 21:06:47,c(-112.055170878916, 38.4868660788552),3070.55,"meters"
"3456",2023-10-09 21:06:48,c(-112.055170045484, 38.4868668078477),3070.55,"meters"
"3457",2023-10-09 21:06:49,c(-112.055170767085, 38.486870549375),3070.45,"meters"
"3458",2023-10-09 21:06:50,c(-112.055172389277, 38.4868738406391),3070.45,"meters"
"3459",2023-10-09 21:06:51,c(-112.055172096294, 38.4868747594706),3070.45,"meters"
"3460",2023-10-09 21:06:52,c(-112.055172605092, 38.4868750204435),3070.45,"meters"
"3461",2023-10-09 21:06:53,c(-112.055172865725, 38.4868771161197),3070.35,"meters"
"3462",2023-10-09 21:06:54,c(-112.055172708449, 38.4868774743139),3070.35,"meters"
"3463",2023-10-09 21:06:55,c(-112.05517148337, 38.4868759752259),3070.45,"meters"
"3464",2023-10-09 21:06:56,c(-112.05517094831, 38.48687547268),3070.45,"meters"
"3465",2023-10-09 21:06:57,c(-112.055172064852, 38.4868767753531),3070.45,"meters"
"3466",2023-10-09 21:06:58,c(-112.055173426341, 38.4868792398552),3070.35,"meters"
"3467",2023-10-09 21:06:59,c(-112.055174038971, 38.486880510219),3070.35,"meters"
"3468",2023-10-09 21:07:00,c(-112.055173654693, 38.4868809296687),3070.35,"meters"
"3469",2023-10-09 21:07:01,c(-112.0551728242, 38.4868809636368),3070.35,"meters"
"3470",2023-10-09 21:07:02,c(-112.05516996048, 38.4868801010338),3070.35,"meters"
"3471",2023-10-09 21:07:03,c(-112.055155836667, 38.4868755497339),3070.17,"meters"
"3472",2023-10-09 21:07:04,c(-112.055132554395, 38.48686819459),3069.63,"meters"
"3473",2023-10-09 21:07:05,c(-112.055104816833, 38.486859399366),3069.01,"meters"
"3474",2023-10-09 21:07:06,c(-112.05507709071, 38.4868503894527),3068.63,"meters"
"3475",2023-10-09 21:07:07,c(-112.055051271866, 38.4868432094597),3068.17,"meters"
"3476",2023-10-09 21:07:08,c(-112.055029264746, 38.4868375469079),3067.71,"meters"
"3477",2023-10-09 21:07:09,c(-112.05500859716, 38.4868335597334),3067.21,"meters"
"3478",2023-10-09 21:07:10,c(-112.054990028893, 38.4868296390789),3066.93,"meters"
"3479",2023-10-09 21:07:11,c(-112.054984314806, 38.486828022931),3066.93,"meters"
"3480",2023-10-09 21:07:12,c(-112.05498375534, 38.4868268145493),3066.93,"meters"
"3481",2023-10-09 21:07:13,c(-112.054983325941, 38.4868264894385),3066.93,"meters"
"3482",2023-10-09 21:07:14,c(-112.054984817019, 38.4868279106939),3066.93,"meters"
"3483",2023-10-09 21:07:15,c(-112.054985617891, 38.4868280698424),3066.93,"meters"
"3484",2023-10-09 21:07:16,c(-112.054987296661, 38.4868299266861),3066.93,"meters"
"3485",2023-10-09 21:07:17,c(-112.054987327754, 38.4868314088948),3066.93,"meters"
"3486",2023-10-09 21:07:18,c(-112.054985684628, 38.4868322576875),3066.93,"meters"
"3487",2023-10-09 21:07:19,c(-112.054984598894, 38.4868327083895),3066.93,"meters"
"3488",2023-10-09 21:07:20,c(-112.054984756699, 38.4868310058354),3066.93,"meters"
"3489",2023-10-09 21:07:21,c(-112.054985230503, 38.4868281140839),3066.93,"meters"
"3490",2023-10-09 21:07:22,c(-112.054984888026, 38.4868240240476),3066.91,"meters"
"3491",2023-10-09 21:07:23,c(-112.054983933801, 38.4868234688905),3066.91,"meters"
"3492",2023-10-09 21:07:24,c(-112.054982859854, 38.4868249621993),3066.93,"meters"
"3493",2023-10-09 21:07:25,c(-112.054980895154, 38.4868262599955),3066.93,"meters"
"3494",2023-10-09 21:07:26,c(-112.054981437703, 38.486827949604),3066.93,"meters"
"3495",2023-10-09 21:07:27,c(-112.054981852249, 38.4868292051466),3066.93,"meters"
"3496",2023-10-09 21:07:28,c(-112.05498139982, 38.4868295093047),3066.93,"meters"
"3497",2023-10-09 21:07:29,c(-112.054981010483, 38.486829153522),3066.93,"meters"
"3498",2023-10-09 21:07:30,c(-112.054981564447, 38.4868289157855),3066.93,"meters"
"3499",2023-10-09 21:07:31,c(-112.054982847297, 38.4868285024594),3066.93,"meters"
"3500",2023-10-09 21:07:32,c(-112.054985788819, 38.4868279366706),3066.93,"meters"
"3501",2023-10-09 21:07:33,c(-112.054988375251, 38.4868290481901),3066.93,"meters"
"3502",2023-10-09 21:07:34,c(-112.0549874865, 38.486829461297),3066.93,"meters"
"3503",2023-10-09 21:07:35,c(-112.054986681635, 38.4868284512732),3066.93,"meters"
"3504",2023-10-09 21:07:36,c(-112.054989737927, 38.4868301919336),3066.93,"meters"
"3505",2023-10-09 21:07:37,c(-112.054993398325, 38.4868360097366),3067.03,"meters"
"3506",2023-10-09 21:07:38,c(-112.05499229166, 38.4868512946907),3066.93,"meters"
"3507",2023-10-09 21:07:39,c(-112.054987769192, 38.4868723885708),3066.99,"meters"
"3508",2023-10-09 21:07:40,c(-112.054981585322, 38.4868927177266),3066.95,"meters"
"3509",2023-10-09 21:07:41,c(-112.054970352468, 38.4869086542925),3066.79,"meters"
"3510",2023-10-09 21:07:42,c(-112.054958598906, 38.4869214562221),3066.49,"meters"
"3511",2023-10-09 21:07:43,c(-112.054948736638, 38.4869317413673),3066.47,"meters"
"3512",2023-10-09 21:07:44,c(-112.054943148739, 38.4869374253416),3066.27,"meters"
"3513",2023-10-09 21:07:45,c(-112.054942177216, 38.4869379411499),3066.27,"meters"
"3514",2023-10-09 21:07:46,c(-112.054942148717, 38.4869369322221),3066.27,"meters"
"3515",2023-10-09 21:07:47,c(-112.054940881692, 38.4869362378649),3066.27,"meters"
"3516",2023-10-09 21:07:48,c(-112.054940893102, 38.4869363085609),3066.27,"meters"
"3517",2023-10-09 21:07:49,c(-112.054949645647, 38.4869436067819),3066.29,"meters"
"3518",2023-10-09 21:07:50,c(-112.054968696973, 38.4869608816289),3066.27,"meters"
"3519",2023-10-09 21:07:51,c(-112.054997480244, 38.4869890868278),3066.13,"meters"
"3520",2023-10-09 21:07:52,c(-112.055030803132, 38.4870220561334),3066.13,"meters"
"3521",2023-10-09 21:07:53,c(-112.055062828351, 38.4870539273038),3065.83,"meters"
"3522",2023-10-09 21:07:54,c(-112.055088389532, 38.487080817643),3065.53,"meters"
"3523",2023-10-09 21:07:55,c(-112.055100124576, 38.4870907298676),3065.49,"meters"
"3524",2023-10-09 21:07:56,c(-112.055104266886, 38.4870934477802),3065.49,"meters"
"3525",2023-10-09 21:07:57,c(-112.055105544976, 38.4870953261068),3065.23,"meters"
"3526",2023-10-09 21:07:58,c(-112.055105201717, 38.4870964189932),3065.23,"meters"
"3527",2023-10-09 21:07:59,c(-112.055103693247, 38.4870973806807),3065.23,"meters"
"3528",2023-10-09 21:08:00,c(-112.055103683441, 38.4870985565391),3065.23,"meters"
"3529",2023-10-09 21:08:01,c(-112.055104458685, 38.4870989921154),3065.23,"meters"
"3530",2023-10-09 21:08:02,c(-112.05510435687, 38.4870995460666),3065.23,"meters"
"3531",2023-10-09 21:08:03,c(-112.055103419871, 38.4871008697842),3065.23,"meters"
"3532",2023-10-09 21:08:04,c(-112.055103822714, 38.4871006862135),3065.23,"meters"
"3533",2023-10-09 21:08:05,c(-112.055106074175, 38.4870976572546),3065.23,"meters"
"3534",2023-10-09 21:08:06,c(-112.055103463289, 38.4870975193328),3065.23,"meters"
"3535",2023-10-09 21:08:07,c(-112.055101311638, 38.4870996600572),3065.23,"meters"
"3536",2023-10-09 21:08:08,c(-112.055102105713, 38.4871011057074),3065.23,"meters"
"3537",2023-10-09 21:08:09,c(-112.055101290095, 38.4871015570536),3065.23,"meters"
"3538",2023-10-09 21:08:10,c(-112.055100909838, 38.4871023177957),3065.23,"meters"
"3539",2023-10-09 21:08:11,c(-112.05510105801, 38.4871025627664),3065.23,"meters"
"3540",2023-10-09 21:08:12,c(-112.055098612263, 38.4871007635758),3065.01,"meters"
"3541",2023-10-09 21:08:13,c(-112.055099723335, 38.4870990247782),3065.23,"meters"
"3542",2023-10-09 21:08:14,c(-112.055111676808, 38.4870988467772),3065.41,"meters"
"3543",2023-10-09 21:08:15,c(-112.055129308723, 38.4871003836793),3065.59,"meters"
"3544",2023-10-09 21:08:16,c(-112.055143531434, 38.48710337227),3065.52,"meters"
"3545",2023-10-09 21:08:17,c(-112.055150303193, 38.4871035296053),3065.66,"meters"
"3546",2023-10-09 21:08:18,c(-112.055154439796, 38.4871013113891),3065.94,"meters"
"3547",2023-10-09 21:08:19,c(-112.055156124801, 38.4871011414987),3065.94,"meters"
"3548",2023-10-09 21:08:20,c(-112.055155051327, 38.4871027900901),3065.66,"meters"
"3549",2023-10-09 21:08:21,c(-112.055150941092, 38.487102967543),3065.66,"meters"
"3550",2023-10-09 21:08:22,c(-112.05514999947, 38.4871042007258),3065.66,"meters"
"3551",2023-10-09 21:08:23,c(-112.055149698153, 38.4871047841612),3065.66,"meters"
"3552",2023-10-09 21:08:24,c(-112.055149169328, 38.4871053397565),3065.66,"meters"
"3553",2023-10-09 21:08:25,c(-112.055150714628, 38.4871063743321),3065.66,"meters"
"3554",2023-10-09 21:08:26,c(-112.055151745953, 38.4871071531961),3065.66,"meters"
"3555",2023-10-09 21:08:27,c(-112.05515068904, 38.4871068970157),3065.66,"meters"
"3556",2023-10-09 21:08:28,c(-112.055150253557, 38.4871072816792),3065.66,"meters"
"3557",2023-10-09 21:08:29,c(-112.055150336848, 38.4871072575415),3065.66,"meters"
"3558",2023-10-09 21:08:30,c(-112.055149283818, 38.4871063630428),3065.66,"meters"
"3559",2023-10-09 21:08:31,c(-112.055146896255, 38.4871067387838),3065.66,"meters"
"3560",2023-10-09 21:08:32,c(-112.05514526228, 38.4871068286392),3065.66,"meters"
"3561",2023-10-09 21:08:33,c(-112.055146654461, 38.487103918051),3065.66,"meters"
"3562",2023-10-09 21:08:34,c(-112.055151579638, 38.4870943515965),3065.94,"meters"
"3563",2023-10-09 21:08:35,c(-112.05515830574, 38.4870821074144),3066.68,"meters"
"3564",2023-10-09 21:08:36,c(-112.055162883115, 38.4870744206772),3066.92,"meters"
"3565",2023-10-09 21:08:37,c(-112.055165528055, 38.4870722389231),3066.92,"meters"
"3566",2023-10-09 21:08:38,c(-112.055165270717, 38.4870700048139),3066.92,"meters"
"3567",2023-10-09 21:08:39,c(-112.05516485239, 38.487066294853),3066.92,"meters"
"3568",2023-10-09 21:08:40,c(-112.055161345909, 38.487067037985),3066.92,"meters"
"3569",2023-10-09 21:08:41,c(-112.055159856693, 38.4870675805371),3066.92,"meters"
"3570",2023-10-09 21:08:42,c(-112.055160785503, 38.487068940385),3066.92,"meters"
"3571",2023-10-09 21:08:43,c(-112.055163568114, 38.4870695680318),3066.92,"meters"
"3572",2023-10-09 21:08:44,c(-112.055162181863, 38.4870695279159),3066.92,"meters"
"3573",2023-10-09 21:08:45,c(-112.055155239002, 38.4870672564311),3066.74,"meters"
"3574",2023-10-09 21:08:46,c(-112.055140407461, 38.4870629883539),3066.74,"meters"
"3575",2023-10-09 21:08:47,c(-112.055135046188, 38.487061440025),3066.74,"meters"
"3576",2023-10-09 21:08:48,c(-112.055134159095, 38.4870607952274),3066.74,"meters"
"3577",2023-10-09 21:08:49,c(-112.055134600847, 38.4870602871015),3066.74,"meters"
"3578",2023-10-09 21:08:50,c(-112.05513578532, 38.487060189502),3066.74,"meters"
"3579",2023-10-09 21:08:51,c(-112.05513715305, 38.4870612735599),3066.74,"meters"
"3580",2023-10-09 21:08:52,c(-112.055139733178, 38.4870623360954),3066.74,"meters"
"3581",2023-10-09 21:08:53,c(-112.055141408359, 38.4870625030161),3066.74,"meters"
"3582",2023-10-09 21:08:54,c(-112.05514042956, 38.4870614872929),3066.74,"meters"
"3583",2023-10-09 21:08:55,c(-112.055138485688, 38.4870599207114),3066.74,"meters"
"3584",2023-10-09 21:08:56,c(-112.055137869635, 38.4870606237429),3066.74,"meters"
"3585",2023-10-09 21:08:57,c(-112.05513884973, 38.4870602782236),3066.74,"meters"
"3586",2023-10-09 21:08:58,c(-112.055140922527, 38.4870597480568),3066.74,"meters"
"3587",2023-10-09 21:08:59,c(-112.05514336298, 38.4870604809223),3066.74,"meters"
"3588",2023-10-09 21:09:00,c(-112.055142482729, 38.4870627520021),3066.74,"meters"
"3589",2023-10-09 21:09:01,c(-112.055142152583, 38.4870646895561),3066.74,"meters"
"3590",2023-10-09 21:09:02,c(-112.055140678985, 38.4870648958357),3066.74,"meters"
"3591",2023-10-09 21:09:03,c(-112.055138974879, 38.4870642623798),3066.74,"meters"
"3592",2023-10-09 21:09:04,c(-112.055136012343, 38.4870643078941),3066.74,"meters"
"3593",2023-10-09 21:09:05,c(-112.05513417454, 38.4870645195565),3066.74,"meters"
"3594",2023-10-09 21:09:06,c(-112.055134340495, 38.4870640562499),3066.74,"meters"
"3595",2023-10-09 21:09:07,c(-112.055134680461, 38.4870626342252),3066.74,"meters"
"3596",2023-10-09 21:09:08,c(-112.055132955846, 38.4870615195049),3066.51,"meters"
"3597",2023-10-09 21:09:09,c(-112.055132766342, 38.4870611342502),3066.51,"meters"
"3598",2023-10-09 21:09:10,c(-112.055134434748, 38.487061464933),3066.74,"meters"
"3599",2023-10-09 21:09:11,c(-112.055135352141, 38.4870614270091),3066.74,"meters"
"3600",2023-10-09 21:09:12,c(-112.055136562797, 38.4870613487501),3066.74,"meters"
"3601",2023-10-09 21:09:13,c(-112.055136839535, 38.4870610153272),3066.74,"meters"
"3602",2023-10-09 21:09:14,c(-112.055136574281, 38.4870599776825),3066.74,"meters"
"3603",2023-10-09 21:09:15,c(-112.055136772521, 38.4870591633062),3066.74,"meters"
"3604",2023-10-09 21:09:16,c(-112.055137289301, 38.4870587015341),3066.74,"meters"
"3605",2023-10-09 21:09:17,c(-112.055139149293, 38.487055770547),3066.9,"meters"
"3606",2023-10-09 21:09:18,c(-112.055146398584, 38.4870478321871),3067.3,"meters"
"3607",2023-10-09 21:09:19,c(-112.055162310898, 38.4870422670263),3067.52,"meters"
"3608",2023-10-09 21:09:20,c(-112.055186006662, 38.4870364700485),3068.28,"meters"
"3609",2023-10-09 21:09:21,c(-112.055211718155, 38.4870290228351),3068.88,"meters"
"3610",2023-10-09 21:09:22,c(-112.055240901679, 38.4870214566985),3069.53,"meters"
"3611",2023-10-09 21:09:23,c(-112.055268696761, 38.4870098586875),3070.53,"meters"
"3612",2023-10-09 21:09:24,c(-112.055287025152, 38.4869902131481),3071.67,"meters"
"3613",2023-10-09 21:09:25,c(-112.055295602542, 38.4869682685022),3072.67,"meters"
"3614",2023-10-09 21:09:26,c(-112.055301654629, 38.486949449066),3073.1,"meters"
"3615",2023-10-09 21:09:27,c(-112.055304620315, 38.4869398717592),3073.66,"meters"
"3616",2023-10-09 21:09:28,c(-112.055305052508, 38.4869344097384),3073.86,"meters"
"3617",2023-10-09 21:09:29,c(-112.055305788606, 38.4869318542627),3073.86,"meters"
"3618",2023-10-09 21:09:30,c(-112.055305737839, 38.4869337153807),3073.86,"meters"
"3619",2023-10-09 21:09:31,c(-112.055305959396, 38.4869353789884),3073.86,"meters"
"3620",2023-10-09 21:09:32,c(-112.055303754186, 38.4869338563351),3073.86,"meters"
"3621",2023-10-09 21:09:33,c(-112.055294366833, 38.4869295323589),3073.52,"meters"
"3622",2023-10-09 21:09:34,c(-112.055285791714, 38.4869262548564),3073.08,"meters"
"3623",2023-10-09 21:09:35,c(-112.05528468522, 38.4869256037329),3073.08,"meters"
"3624",2023-10-09 21:09:36,c(-112.055285679358, 38.486924782561),3073.08,"meters"
"3625",2023-10-09 21:09:37,c(-112.055286205373, 38.4869258338566),3073.08,"meters"
"3626",2023-10-09 21:09:38,c(-112.055285874574, 38.4869254068675),3073.08,"meters"
"3627",2023-10-09 21:09:39,c(-112.055284126851, 38.4869249701574),3073.08,"meters"
"3628",2023-10-09 21:09:40,c(-112.055283280878, 38.4869256594129),3073.08,"meters"
"3629",2023-10-09 21:09:41,c(-112.055282076033, 38.4869283139725),3073.08,"meters"
"3630",2023-10-09 21:09:42,c(-112.055284116199, 38.4869309131811),3072.96,"meters"
"3631",2023-10-09 21:09:43,c(-112.055286587718, 38.4869289633915),3073.08,"meters"
"3632",2023-10-09 21:09:44,c(-112.055288561151, 38.486925863062),3073.08,"meters"
"3633",2023-10-09 21:09:45,c(-112.055289987062, 38.4869228824229),3073.08,"meters"
"3634",2023-10-09 21:09:46,c(-112.055290054288, 38.4869214561135),3073.08,"meters"
"3635",2023-10-09 21:09:47,c(-112.055289443883, 38.4869148177967),3073.26,"meters"
"3636",2023-10-09 21:09:48,c(-112.055287419404, 38.4868980019684),3073.7,"meters"
"3637",2023-10-09 21:09:49,c(-112.055284376764, 38.4868755965371),3073.82,"meters"
"3638",2023-10-09 21:09:50,c(-112.055281960285, 38.4868521986186),3073.62,"meters"
"3639",2023-10-09 21:09:51,c(-112.055281380829, 38.4868361618718),3073.22,"meters"
"3640",2023-10-09 21:09:52,c(-112.055284074673, 38.4868306126038),3072.98,"meters"
"3641",2023-10-09 21:09:53,c(-112.05528790691, 38.486828891453),3072.98,"meters"
"3642",2023-10-09 21:09:54,c(-112.055289155241, 38.4868286288355),3072.98,"meters"
"3643",2023-10-09 21:09:55,c(-112.055287911746, 38.4868305925455),3072.98,"meters"
"3644",2023-10-09 21:09:56,c(-112.055285260406, 38.4868320223624),3073.22,"meters"
"3645",2023-10-09 21:09:57,c(-112.055280842272, 38.486832639447),3073.22,"meters"
"3646",2023-10-09 21:09:58,c(-112.05528073639, 38.4868322490288),3073.22,"meters"
"3647",2023-10-09 21:09:59,c(-112.055282075684, 38.4868302590132),3072.98,"meters"
"3648",2023-10-09 21:10:00,c(-112.055282476178, 38.4868292867737),3072.98,"meters"
"3649",2023-10-09 21:10:01,c(-112.055285171991, 38.486828997357),3072.98,"meters"
"3650",2023-10-09 21:10:02,c(-112.055285374333, 38.4868306989734),3072.98,"meters"
"3651",2023-10-09 21:10:03,c(-112.055283480589, 38.4868327323811),3073.22,"meters"
"3652",2023-10-09 21:10:04,c(-112.055281360536, 38.4868325124679),3073.22,"meters"
"3653",2023-10-09 21:10:05,c(-112.05527975271, 38.4868321257701),3073.22,"meters"
"3654",2023-10-09 21:10:06,c(-112.055280924687, 38.4868324899438),3073.22,"meters"
"3655",2023-10-09 21:10:07,c(-112.055282830197, 38.4868310996952),3073.22,"meters"
"3656",2023-10-09 21:10:08,c(-112.055282983285, 38.4868285018915),3072.98,"meters"
"3657",2023-10-09 21:10:09,c(-112.055284513915, 38.4868277732961),3072.98,"meters"
"3658",2023-10-09 21:10:10,c(-112.055285247448, 38.4868279682373),3072.98,"meters"
"3659",2023-10-09 21:10:11,c(-112.05528428398, 38.4868293405105),3072.98,"meters"
"3660",2023-10-09 21:10:12,c(-112.05528240312, 38.4868293834765),3072.98,"meters"
"3661",2023-10-09 21:10:13,c(-112.055281729271, 38.4868287735162),3072.98,"meters"
"3662",2023-10-09 21:10:14,c(-112.05528266599, 38.4868286710342),3072.98,"meters"
"3663",2023-10-09 21:10:15,c(-112.055283294321, 38.4868287726394),3072.98,"meters"
"3664",2023-10-09 21:10:16,c(-112.055285671909, 38.4868303599207),3072.98,"meters"
"3665",2023-10-09 21:10:17,c(-112.055288576975, 38.4868312788467),3073.22,"meters"
"3666",2023-10-09 21:10:18,c(-112.055292096794, 38.4868323545597),3073.42,"meters"
"3667",2023-10-09 21:10:19,c(-112.055294295258, 38.4868324354695),3073.42,"meters"
"3668",2023-10-09 21:10:20,c(-112.055291138672, 38.4868296531584),3073.16,"meters"
"3669",2023-10-09 21:10:21,c(-112.055289217081, 38.4868290170861),3072.98,"meters"
"3670",2023-10-09 21:10:22,c(-112.05528787246, 38.4868302530943),3072.98,"meters"
"3671",2023-10-09 21:10:23,c(-112.055288693761, 38.4868297060241),3072.98,"meters"
"3672",2023-10-09 21:10:24,c(-112.05529090434, 38.4868284795716),3073.16,"meters"
"3673",2023-10-09 21:10:25,c(-112.055290327876, 38.486826819342),3073.16,"meters"
"3674",2023-10-09 21:10:26,c(-112.055288620534, 38.4868273894054),3072.98,"meters"
"3675",2023-10-09 21:10:27,c(-112.055288485874, 38.4868281995069),3072.98,"meters"
"3676",2023-10-09 21:10:28,c(-112.055290707335, 38.4868302883875),3073.16,"meters"
"3677",2023-10-09 21:10:29,c(-112.055291315852, 38.4868323807756),3073.42,"meters"
"3678",2023-10-09 21:10:30,c(-112.055291333495, 38.4868330820381),3073.42,"meters"
"3679",2023-10-09 21:10:31,c(-112.055288308158, 38.4868320171015),3073.22,"meters"
"3680",2023-10-09 21:10:32,c(-112.055285491485, 38.4868305291932),3072.98,"meters"
"3681",2023-10-09 21:10:33,c(-112.055283244886, 38.4868296987048),3072.98,"meters"
"3682",2023-10-09 21:10:34,c(-112.055282253055, 38.4868297193107),3072.98,"meters"
"3683",2023-10-09 21:10:35,c(-112.055284031834, 38.4868292007381),3072.98,"meters"
"3684",2023-10-09 21:10:36,c(-112.055285007823, 38.4868286117968),3072.98,"meters"
"3685",2023-10-09 21:10:37,c(-112.055286776224, 38.4868294802588),3072.98,"meters"
"3686",2023-10-09 21:10:38,c(-112.055287479302, 38.4868308293687),3073.22,"meters"
"3687",2023-10-09 21:10:39,c(-112.055289308543, 38.4868301773764),3072.98,"meters"
"3688",2023-10-09 21:10:40,c(-112.055289835811, 38.4868278574252),3072.98,"meters"
"3689",2023-10-09 21:10:41,c(-112.055289510546, 38.486827537703),3072.98,"meters"
"3690",2023-10-09 21:10:42,c(-112.055290335995, 38.486827562474),3073.16,"meters"
"3691",2023-10-09 21:10:43,c(-112.055289907517, 38.4868284281462),3072.98,"meters"
"3692",2023-10-09 21:10:44,c(-112.055288547568, 38.4868282357868),3072.98,"meters"
"3693",2023-10-09 21:10:45,c(-112.055288111735, 38.4868280102166),3072.98,"meters"
"3694",2023-10-09 21:10:46,c(-112.055288792965, 38.4868286239642),3072.98,"meters"
"3695",2023-10-09 21:10:47,c(-112.055288693346, 38.4868297369573),3072.98,"meters"
"3696",2023-10-09 21:10:48,c(-112.055287222494, 38.4868316020214),3073.22,"meters"
"3697",2023-10-09 21:10:49,c(-112.055285201652, 38.4868316942007),3073.22,"meters"
"3698",2023-10-09 21:10:50,c(-112.055287485922, 38.4868296847848),3072.98,"meters"
"3699",2023-10-09 21:10:51,c(-112.055288246954, 38.4868291667843),3072.98,"meters"
"3700",2023-10-09 21:10:52,c(-112.055284327539, 38.4868309986375),3073.22,"meters"
"3701",2023-10-09 21:10:53,c(-112.055280581151, 38.4868311614037),3073.22,"meters"
"3702",2023-10-09 21:10:54,c(-112.055280074378, 38.4868277397079),3072.98,"meters"
"3703",2023-10-09 21:10:55,c(-112.055282356552, 38.4868261556747),3072.98,"meters"
"3704",2023-10-09 21:10:56,c(-112.055278180013, 38.4868211852398),3072.59,"meters"
"3705",2023-10-09 21:10:57,c(-112.055266401244, 38.4868105781806),3072.31,"meters"
"3706",2023-10-09 21:10:58,c(-112.055259802958, 38.4868049613951),3072.31,"meters"
"3707",2023-10-09 21:10:59,c(-112.055259455773, 38.4868045291068),3072.31,"meters"
"3708",2023-10-09 21:11:00,c(-112.055259188073, 38.4868076898291),3072.31,"meters"
"3709",2023-10-09 21:11:01,c(-112.05525078891, 38.48681751912),3072.41,"meters"
"3710",2023-10-09 21:11:02,c(-112.05523558951, 38.4868332875491),3072.68,"meters"
"3711",2023-10-09 21:11:03,c(-112.055225666034, 38.4868441109723),3072.54,"meters"
"3712",2023-10-09 21:11:04,c(-112.055222064105, 38.486847956955),3072.54,"meters"
"3713",2023-10-09 21:11:05,c(-112.05522265497, 38.486848308792),3072.54,"meters"
"3714",2023-10-09 21:11:06,c(-112.055223916953, 38.4868481524931),3072.54,"meters"
"3715",2023-10-09 21:11:07,c(-112.055223643511, 38.4868490279202),3072.54,"meters"
"3716",2023-10-09 21:11:08,c(-112.055223628383, 38.4868487962121),3072.54,"meters"
"3717",2023-10-09 21:11:09,c(-112.055223308232, 38.4868492596283),3072.54,"meters"
"3718",2023-10-09 21:11:10,c(-112.055222707281, 38.4868503288397),3072.5,"meters"
"3719",2023-10-09 21:11:11,c(-112.05522176447, 38.4868514475932),3072.5,"meters"
"3720",2023-10-09 21:11:12,c(-112.055219012225, 38.486854235215),3072.21,"meters"
"3721",2023-10-09 21:11:13,c(-112.05520915228, 38.4868637485103),3071.71,"meters"
"3722",2023-10-09 21:11:14,c(-112.0551966444, 38.486883642649),3071.05,"meters"
"3723",2023-10-09 21:11:15,c(-112.055191228351, 38.4869132240051),3070.56,"meters"
"3724",2023-10-09 21:11:16,c(-112.055190135742, 38.4869548517752),3069.9,"meters"
"3725",2023-10-09 21:11:17,c(-112.055208705978, 38.4870038891841),3069.24,"meters"
"3726",2023-10-09 21:11:18,c(-112.055240598886, 38.4870541499011),3068.98,"meters"
"3727",2023-10-09 21:11:19,c(-112.055281621256, 38.4871095122524),3068.32,"meters"
"3728",2023-10-09 21:11:20,c(-112.055328945284, 38.4871704810858),3067.36,"meters"
"3729",2023-10-09 21:11:21,c(-112.055376717613, 38.4872347635431),3066.81,"meters"
"3730",2023-10-09 21:11:22,c(-112.055424685939, 38.4872977310516),3066.15,"meters"
"3731",2023-10-09 21:11:23,c(-112.055473514519, 38.4873565705602),3065.85,"meters"
"3732",2023-10-09 21:11:24,c(-112.055520589403, 38.4874124001646),3065.88,"meters"
"3733",2023-10-09 21:11:25,c(-112.055567865509, 38.4874712429611),3065.57,"meters"
"3734",2023-10-09 21:11:26,c(-112.055609730104, 38.4875261298766),3064.86,"meters"
"3735",2023-10-09 21:11:27,c(-112.055648962861, 38.4875758849427),3064.27,"meters"
"3736",2023-10-09 21:11:28,c(-112.055689880271, 38.4876266465618),3062.87,"meters"
"3737",2023-10-09 21:11:29,c(-112.055732263494, 38.4876788771272),3060.93,"meters"
"3738",2023-10-09 21:11:30,c(-112.055772045592, 38.4877279037485),3059.05,"meters"
"3739",2023-10-09 21:11:31,c(-112.055809824584, 38.4877739967153),3057.42,"meters"
"3740",2023-10-09 21:11:32,c(-112.055849699886, 38.4878223944509),3055.78,"meters"
"3741",2023-10-09 21:11:33,c(-112.055889460979, 38.4878711359125),3054.19,"meters"
"3742",2023-10-09 21:11:34,c(-112.055927738305, 38.487918261616),3053.39,"meters"
"3743",2023-10-09 21:11:35,c(-112.055967887697, 38.4879679324795),3052.17,"meters"
"3744",2023-10-09 21:11:36,c(-112.05601765196, 38.4880276203915),3051.53,"meters"
"3745",2023-10-09 21:11:37,c(-112.056073403289, 38.4880943924007),3050.55,"meters"
"3746",2023-10-09 21:11:38,c(-112.056130055995, 38.488163416654),3049.6,"meters"
"3747",2023-10-09 21:11:39,c(-112.056191916641, 38.4882384410959),3047.97,"meters"
"3748",2023-10-09 21:11:40,c(-112.056257044007, 38.4883168561054),3047.1,"meters"
"3749",2023-10-09 21:11:41,c(-112.056325109465, 38.4883992534478),3046.47,"meters"
"3750",2023-10-09 21:11:42,c(-112.056395174966, 38.4884852513636),3045.13,"meters"
"3751",2023-10-09 21:11:43,c(-112.056463404361, 38.4885695211384),3043.19,"meters"
"3752",2023-10-09 21:11:44,c(-112.056540086188, 38.4886648147937),3041.28,"meters"
"3753",2023-10-09 21:11:45,c(-112.056619222104, 38.488762298752),3039.63,"meters"
"3754",2023-10-09 21:11:46,c(-112.056695076913, 38.4888544838695),3039.19,"meters"
"3755",2023-10-09 21:11:47,c(-112.056777610296, 38.4889550131958),3038.91,"meters"
"3756",2023-10-09 21:11:48,c(-112.056860821379, 38.489056233646),3037.78,"meters"
"3757",2023-10-09 21:11:49,c(-112.05694417279, 38.4891584213735),3036.7,"meters"
"3758",2023-10-09 21:11:50,c(-112.057029100246, 38.4892621991077),3036.05,"meters"
"3759",2023-10-09 21:11:51,c(-112.057114228322, 38.4893661732019),3035.4,"meters"
"3760",2023-10-09 21:11:52,c(-112.057200779718, 38.4894721169248),3034.14,"meters"
"3761",2023-10-09 21:11:53,c(-112.057288182262, 38.4895786035287),3032.08,"meters"
"3762",2023-10-09 21:11:54,c(-112.057377688906, 38.4896867608097),3029.89,"meters"
"3763",2023-10-09 21:11:55,c(-112.057469057995, 38.4897971669967),3029.06,"meters"
"3764",2023-10-09 21:11:56,c(-112.057556492223, 38.48990334831),3028.52,"meters"
"3765",2023-10-09 21:11:57,c(-112.057649850247, 38.4900172494563),3027.93,"meters"
"3766",2023-10-09 21:11:58,c(-112.057749025412, 38.4901391663981),3026.82,"meters"
"3767",2023-10-09 21:11:59,c(-112.057844866202, 38.4902558780826),3025.39,"meters"
"3768",2023-10-09 21:12:00,c(-112.057941984032, 38.4903739836876),3023.84,"meters"
"3769",2023-10-09 21:12:01,c(-112.058039020563, 38.4904924820677),3022.3,"meters"
"3770",2023-10-09 21:12:02,c(-112.058135456494, 38.4906104794364),3020.24,"meters"
"3771",2023-10-09 21:12:03,c(-112.058236535132, 38.4907354634221),3018.55,"meters"
"3772",2023-10-09 21:12:04,c(-112.058332791645, 38.4908546707851),3016.7,"meters"
"3773",2023-10-09 21:12:05,c(-112.058425579931, 38.4909685600841),3014.42,"meters"
"3774",2023-10-09 21:12:06,c(-112.058521501847, 38.4910861275216),3013.06,"meters"
"3775",2023-10-09 21:12:07,c(-112.058621470019, 38.4912100342003),3011.59,"meters"
"3776",2023-10-09 21:12:08,c(-112.05871814403, 38.4913306787759),3010.11,"meters"
"3777",2023-10-09 21:12:09,c(-112.05881160249, 38.4914462878983),3008.76,"meters"
"3778",2023-10-09 21:12:10,c(-112.058911692794, 38.4915693198773),3007.06,"meters"
"3779",2023-10-09 21:12:11,c(-112.059012892814, 38.4916932180765),3004.76,"meters"
"3780",2023-10-09 21:12:12,c(-112.059113936854, 38.491817157378),3001.59,"meters"
"3781",2023-10-09 21:12:13,c(-112.059215904904, 38.4919428297775),2998.52,"meters"
"3782",2023-10-09 21:12:14,c(-112.059321262855, 38.4920732921405),2995.82,"meters"
"3783",2023-10-09 21:12:15,c(-112.059416044454, 38.4921909124681),2992.66,"meters"
"3784",2023-10-09 21:12:16,c(-112.059511873085, 38.4923067292208),2990.25,"meters"
"3785",2023-10-09 21:12:17,c(-112.059621857481, 38.4924321598782),2988.03,"meters"
"3786",2023-10-09 21:12:18,c(-112.059729224252, 38.4925510677483),2986.76,"meters"
"3787",2023-10-09 21:12:19,c(-112.059836566445, 38.4926697560217),2985.65,"meters"
"3788",2023-10-09 21:12:20,c(-112.059944908974, 38.4927895118623),2984.71,"meters"
"3789",2023-10-09 21:12:21,c(-112.06005174013, 38.4929107407047),2984.13,"meters"
"3790",2023-10-09 21:12:22,c(-112.060153610566, 38.493031618861),2983.57,"meters"
"3791",2023-10-09 21:12:23,c(-112.0602543375, 38.4931525893608),2982.54,"meters"
"3792",2023-10-09 21:12:24,c(-112.060350803823, 38.493269894455),2981.23,"meters"
"3793",2023-10-09 21:12:25,c(-112.06044532325, 38.4933854683692),2980.09,"meters"
"3794",2023-10-09 21:12:26,c(-112.060534397594, 38.493495544519),2979.04,"meters"
"3795",2023-10-09 21:12:27,c(-112.060628731889, 38.4936122666182),2977.74,"meters"
"3796",2023-10-09 21:12:28,c(-112.060727460661, 38.4937331630615),2976.35,"meters"
"3797",2023-10-09 21:12:29,c(-112.060820943374, 38.4938477952643),2975.7,"meters"
"3798",2023-10-09 21:12:30,c(-112.060909304292, 38.4939564269954),2975.17,"meters"
"3799",2023-10-09 21:12:31,c(-112.061005448242, 38.4940720709351),2974.69,"meters"
"3800",2023-10-09 21:12:32,c(-112.061106863339, 38.4941914887445),2974.33,"meters"
"3801",2023-10-09 21:12:33,c(-112.061203583184, 38.4943040845407),2974.08,"meters"
"3802",2023-10-09 21:12:34,c(-112.061302327265, 38.4944161411004),2973.79,"meters"
"3803",2023-10-09 21:12:35,c(-112.061402342818, 38.494528557553),2973.6,"meters"
"3804",2023-10-09 21:12:36,c(-112.061502751367, 38.4946407109501),2973.47,"meters"
"3805",2023-10-09 21:12:37,c(-112.061602856009, 38.4947527102677),2973.36,"meters"
"3806",2023-10-09 21:12:38,c(-112.061705198445, 38.4948657108134),2973.26,"meters"
"3807",2023-10-09 21:12:39,c(-112.061811090112, 38.4949818165933),2973.12,"meters"
"3808",2023-10-09 21:12:40,c(-112.061919419513, 38.495100478616),2972.97,"meters"
"3809",2023-10-09 21:12:41,c(-112.062029270389, 38.4952219282881),2972.98,"meters"
"3810",2023-10-09 21:12:42,c(-112.062138433625, 38.4953457003028),2972.98,"meters"
"3811",2023-10-09 21:12:43,c(-112.062249401675, 38.4954735214008),2973.01,"meters"
"3812",2023-10-09 21:12:44,c(-112.062361015317, 38.4956033881397),2972.96,"meters"
"3813",2023-10-09 21:12:45,c(-112.062470013208, 38.4957330642455),2972.92,"meters"
"3814",2023-10-09 21:12:46,c(-112.062578483428, 38.4958631050395),2972.86,"meters"
"3815",2023-10-09 21:12:47,c(-112.062686291093, 38.495991270617),2973.06,"meters"
"3816",2023-10-09 21:12:48,c(-112.062797913412, 38.4961229504204),2973.29,"meters"
"3817",2023-10-09 21:12:49,c(-112.062902086537, 38.4962468403615),2973.32,"meters"
"3818",2023-10-09 21:12:50,c(-112.06299012894, 38.4963673837813),2974.4,"meters"
"3819",2023-10-09 21:12:51,c(-112.06307738924, 38.4964920225641),2976.32,"meters"
"3820",2023-10-09 21:12:52,c(-112.06316662917, 38.4966176248155),2977.48,"meters"
"3821",2023-10-09 21:12:53,c(-112.063258169479, 38.4967416094256),2977.69,"meters"
"3822",2023-10-09 21:12:54,c(-112.063345414899, 38.4968557752525),2978.1,"meters"
"3823",2023-10-09 21:12:55,c(-112.063422491929, 38.4969547537485),2978.45,"meters"
"3824",2023-10-09 21:12:56,c(-112.063479705261, 38.4970287373213),2978.91,"meters"
"3825",2023-10-09 21:12:57,c(-112.063521823346, 38.4970847031235),2979.49,"meters"
"3826",2023-10-09 21:12:58,c(-112.063557341558, 38.4971329424202),2979.67,"meters"
"3827",2023-10-09 21:12:59,c(-112.06358683985, 38.497167520718),2979.95,"meters"
"3828",2023-10-09 21:13:00,c(-112.063611323251, 38.4971917903153),2980.29,"meters"
"3829",2023-10-09 21:13:01,c(-112.063632836203, 38.4972125300294),2980.62,"meters"
"3830",2023-10-09 21:13:02,c(-112.063654490218, 38.4972350913602),2980.86,"meters"
"3831",2023-10-09 21:13:03,c(-112.063681061145, 38.4972642370812),2981.36,"meters"
"3832",2023-10-09 21:13:04,c(-112.063712694573, 38.4973005253125),2981.81,"meters"
"3833",2023-10-09 21:13:05,c(-112.063749527981, 38.4973454672377),2982.4,"meters"
"3834",2023-10-09 21:13:06,c(-112.06378887999, 38.4973950590131),2982.88,"meters"
"3835",2023-10-09 21:13:07,c(-112.063831552072, 38.4974451760432),2983.8,"meters"
"3836",2023-10-09 21:13:08,c(-112.063875866703, 38.4974951867892),2984.74,"meters"
"3837",2023-10-09 21:13:09,c(-112.063919616888, 38.4975434360764),2985.44,"meters"
"3838",2023-10-09 21:13:10,c(-112.063958798965, 38.4975870353868),2986.29,"meters"
"3839",2023-10-09 21:13:11,c(-112.063993844981, 38.4976270152782),2986.93,"meters"
"3840",2023-10-09 21:13:12,c(-112.064025148364, 38.4976646365201),2987.53,"meters"
"3841",2023-10-09 21:13:13,c(-112.064055127858, 38.4977013518198),2988.26,"meters"
"3842",2023-10-09 21:13:14,c(-112.064086029986, 38.4977378339351),2988.82,"meters"
"3843",2023-10-09 21:13:15,c(-112.064116670127, 38.4977734364822),2989.19,"meters"
"3844",2023-10-09 21:13:16,c(-112.064147073501, 38.4978079283233),2989.63,"meters"
"3845",2023-10-09 21:13:17,c(-112.064178337895, 38.4978465063943),2990.26,"meters"
"3846",2023-10-09 21:13:18,c(-112.064209673524, 38.4978861683345),2990.67,"meters"
"3847",2023-10-09 21:13:19,c(-112.064240810911, 38.4979250964994),2991.29,"meters"
"3848",2023-10-09 21:13:20,c(-112.06427000434, 38.497961265783),2992.13,"meters"
"3849",2023-10-09 21:13:21,c(-112.064295707687, 38.4979930137236),2992.52,"meters"
"3850",2023-10-09 21:13:22,c(-112.064316448016, 38.498018504911),2992.76,"meters"
"3851",2023-10-09 21:13:23,c(-112.064333339367, 38.4980375103366),2993.18,"meters"
"3852",2023-10-09 21:13:24,c(-112.064345545599, 38.4980522376793),2993.5,"meters"
"3853",2023-10-09 21:13:25,c(-112.064354384967, 38.4980668503956),2993.63,"meters"
"3854",2023-10-09 21:13:26,c(-112.06436608949, 38.4980859889273),2993.81,"meters"
"3855",2023-10-09 21:13:27,c(-112.064379345447, 38.4981062257215),2993.95,"meters"
"3856",2023-10-09 21:13:28,c(-112.06438464488, 38.4981144656994),2994.01,"meters"
"3857",2023-10-09 21:13:29,c(-112.064387088385, 38.4981181637767),2994.01,"meters"
"3858",2023-10-09 21:13:30,c(-112.064388630332, 38.4981208950611),2994.07,"meters"
"3859",2023-10-09 21:13:31,c(-112.064391785197, 38.4981259999381),2994.13,"meters"
"3860",2023-10-09 21:13:32,c(-112.064397058777, 38.4981325417733),2994.22,"meters"
"3861",2023-10-09 21:13:33,c(-112.06440410477, 38.4981359021966),2994.28,"meters"
"3862",2023-10-09 21:13:34,c(-112.064403589447, 38.4981398937609),2994.34,"meters"
"3863",2023-10-09 21:13:35,c(-112.064400827722, 38.4981416978562),2994.34,"meters"
"3864",2023-10-09 21:13:36,c(-112.064400039981, 38.4981414261567),2994.34,"meters"
"3865",2023-10-09 21:13:37,c(-112.064398561701, 38.4981417017231),2994.28,"meters"
"3866",2023-10-09 21:13:38,c(-112.064395188962, 38.4981434162247),2994.28,"meters"
"3867",2023-10-09 21:13:39,c(-112.064394962387, 38.498147635832),2994.28,"meters"
"3868",2023-10-09 21:13:40,c(-112.0643966431, 38.4981516033258),2994.34,"meters"
"3869",2023-10-09 21:13:41,c(-112.064397667561, 38.49815346269),2994.34,"meters"
"3870",2023-10-09 21:13:42,c(-112.064397296785, 38.4981538142693),2994.34,"meters"
"3871",2023-10-09 21:13:43,c(-112.064397083988, 38.4981534175449),2994.34,"meters"
"3872",2023-10-09 21:13:44,c(-112.064397157195, 38.4981527626041),2994.34,"meters"
"3873",2023-10-09 21:13:45,c(-112.064397194276, 38.4981529267628),2994.34,"meters"
"3874",2023-10-09 21:13:46,c(-112.064398922921, 38.4981545260302),2994.34,"meters"
"3875",2023-10-09 21:13:47,c(-112.064399463851, 38.4981547467913),2994.34,"meters"
"3876",2023-10-09 21:13:48,c(-112.06439928972, 38.4981544899964),2994.34,"meters"
"3877",2023-10-09 21:13:49,c(-112.064399208731, 38.4981543663213),2994.34,"meters"
"3878",2023-10-09 21:13:50,c(-112.064400632945, 38.4981550132501),2994.4,"meters"
"3879",2023-10-09 21:13:51,c(-112.064400912119, 38.4981548092446),2994.4,"meters"
"3880",2023-10-09 21:13:52,c(-112.0644006357, 38.4981548550881),2994.4,"meters"
"3881",2023-10-09 21:13:53,c(-112.064400695499, 38.4981551456366),2994.4,"meters"
"3882",2023-10-09 21:13:54,c(-112.064400769876, 38.4981552244237),2994.4,"meters"
"3883",2023-10-09 21:13:55,c(-112.06440038845, 38.49815564174),2994.4,"meters"
"3884",2023-10-09 21:13:56,c(-112.064399720877, 38.4981560628031),2994.34,"meters"
"3885",2023-10-09 21:13:57,c(-112.064399252073, 38.4981557397),2994.34,"meters"
"3886",2023-10-09 21:13:58,c(-112.064399242801, 38.4981553117146),2994.34,"meters"
"3887",2023-10-09 21:13:59,c(-112.064399473171, 38.4981554775736),2994.34,"meters"
"3888",2023-10-09 21:14:00,c(-112.064399564229, 38.4981552544836),2994.34,"meters"
"3889",2023-10-09 21:14:01,c(-112.064399632177, 38.4981550542281),2994.34,"meters"
"3890",2023-10-09 21:14:02,c(-112.064399596344, 38.4981548686464),2994.34,"meters"
"3891",2023-10-09 21:19:05,c(-112.064407573714, 38.4981520393357),2994.4,"meters"
"3892",2023-10-09 21:19:06,c(-112.064407596216, 38.4981520606028),2994.4,"meters"
"3893",2023-10-09 21:19:07,c(-112.064407749633, 38.4981519046148),2994.4,"meters"
"3894",2023-10-09 21:19:08,c(-112.064407919335, 38.4981517963358),2994.4,"meters"
"3895",2023-10-09 21:19:09,c(-112.064408057133, 38.4981516780793),2994.4,"meters"
"3896",2023-10-09 21:19:10,c(-112.064408013978, 38.4981515898455),2994.4,"meters"
"3897",2023-10-09 21:19:11,c(-112.064407949258, 38.498151239),2994.4,"meters"
"3898",2023-10-09 21:19:12,c(-112.064405583885, 38.4981481506524),2994.4,"meters"
"3899",2023-10-09 21:19:13,c(-112.06440394392, 38.4981451549341),2994.34,"meters"
"3900",2023-10-09 21:19:14,c(-112.064403150369, 38.4981430239216),2994.34,"meters"
"3901",2023-10-09 21:19:15,c(-112.06440163556, 38.4981371711445),2994.28,"meters"
"3902",2023-10-09 21:19:16,c(-112.064393129527, 38.4981191478829),2994.07,"meters"
"3903",2023-10-09 21:19:17,c(-112.064373179729, 38.4980828938183),2993.77,"meters"
"3904",2023-10-09 21:19:18,c(-112.064341260142, 38.4980273272845),2993.1,"meters"
"3905",2023-10-09 21:19:19,c(-112.064292683817, 38.4979563588291),2992.3,"meters"
"3906",2023-10-09 21:19:20,c(-112.064228743285, 38.4978782242436),2990.75,"meters"
"3907",2023-10-09 21:19:21,c(-112.064145761803, 38.4977866161396),2989.49,"meters"
"3908",2023-10-09 21:19:22,c(-112.064051276038, 38.4976799914782),2987.91,"meters"
"3909",2023-10-09 21:19:23,c(-112.063965395778, 38.4975703408935),2986.05,"meters"
"3910",2023-10-09 21:19:24,c(-112.063896428452, 38.4974626397571),2984.16,"meters"
"3911",2023-10-09 21:19:25,c(-112.063821006291, 38.4973531804211),2982.51,"meters"
"3912",2023-10-09 21:19:26,c(-112.063732913904, 38.4972284156956),2981.07,"meters"
"3913",2023-10-09 21:19:27,c(-112.063629062324, 38.4971056936196),2979.34,"meters"
"3914",2023-10-09 21:19:28,c(-112.063530308216, 38.4969931910621),2978.53,"meters"
"3915",2023-10-09 21:19:29,c(-112.063425755022, 38.496872614021),2977.88,"meters"
"3916",2023-10-09 21:19:30,c(-112.063330520828, 38.4967444860821),2977.29,"meters"
"3917",2023-10-09 21:19:31,c(-112.063249071147, 38.4966183805209),2977,"meters"
"3918",2023-10-09 21:19:32,c(-112.063167409406, 38.4964991245315),2976.62,"meters"
"3919",2023-10-09 21:19:33,c(-112.063080043927, 38.4963705807214),2975.11,"meters"
"3920",2023-10-09 21:19:34,c(-112.062989679609, 38.4962315414134),2973.38,"meters"
"3921",2023-10-09 21:19:35,c(-112.062907674922, 38.496103746343),2973.18,"meters"
"3922",2023-10-09 21:19:36,c(-112.062820907064, 38.4959695174515),2973,"meters"
"3923",2023-10-09 21:19:37,c(-112.062728801799, 38.4958290538312),2972.74,"meters"
"3924",2023-10-09 21:19:38,c(-112.062636984468, 38.4956962155829),2972.8,"meters"
"3925",2023-10-09 21:19:39,c(-112.062539904734, 38.4955639617015),2972.83,"meters"
"3926",2023-10-09 21:19:40,c(-112.062447432243, 38.4954390436809),2972.89,"meters"
"3927",2023-10-09 21:19:41,c(-112.0623493151, 38.4953073201264),2972.92,"meters"
"3928",2023-10-09 21:19:42,c(-112.06224768608, 38.4951689097542),2972.96,"meters"
"3929",2023-10-09 21:19:43,c(-112.062150457142, 38.4950371214812),2973.04,"meters"
"3930",2023-10-09 21:19:44,c(-112.062057401039, 38.4949123172078),2973.15,"meters"
"3931",2023-10-09 21:19:45,c(-112.061957850112, 38.4947807405702),2973.17,"meters"
"3932",2023-10-09 21:19:46,c(-112.061854015777, 38.4946432091673),2973.29,"meters"
"3933",2023-10-09 21:19:47,c(-112.061754703414, 38.4945107277704),2973.52,"meters"
"3934",2023-10-09 21:19:48,c(-112.061661152661, 38.4943859617525),2973.65,"meters"
"3935",2023-10-09 21:19:49,c(-112.061562459877, 38.4942545638176),2974.01,"meters"
"3936",2023-10-09 21:19:50,c(-112.06145949681, 38.494116772874),2974.7,"meters"
"3937",2023-10-09 21:19:51,c(-112.061361075965, 38.4939848270966),2975.45,"meters"
"3938",2023-10-09 21:19:52,c(-112.061266833461, 38.49385784483),2976.53,"meters"
"3939",2023-10-09 21:19:53,c(-112.061167628727, 38.4937238588486),2978.53,"meters"
"3940",2023-10-09 21:19:54,c(-112.061064412378, 38.4935854286229),2980.11,"meters"
"3941",2023-10-09 21:19:55,c(-112.060965520092, 38.4934540116419),2981.97,"meters"
"3942",2023-10-09 21:19:56,c(-112.060872503505, 38.4933308478425),2983.73,"meters"
"3943",2023-10-09 21:19:57,c(-112.060777983271, 38.4932050998392),2985.57,"meters"
"3944",2023-10-09 21:19:58,c(-112.06067410628, 38.4930674273603),2987.06,"meters"
"3945",2023-10-09 21:19:59,c(-112.06057565772, 38.4929362474955),2988.81,"meters"
"3946",2023-10-09 21:20:00,c(-112.060482003404, 38.4928118398758),2990.68,"meters"
"3947",2023-10-09 21:20:01,c(-112.060378399401, 38.4926730370703),2993.29,"meters"
"3948",2023-10-09 21:20:02,c(-112.060274842713, 38.4925323204112),2994.76,"meters"
"3949",2023-10-09 21:20:03,c(-112.060176653789, 38.4923988062475),2994,"meters"
"3950",2023-10-09 21:20:04,c(-112.06007891985, 38.4922670586112),2992.15,"meters"
"3951",2023-10-09 21:20:05,c(-112.059981916758, 38.4921367658363),2992.36,"meters"
"3952",2023-10-09 21:20:06,c(-112.059885718178, 38.4920082204625),2993.79,"meters"
"3953",2023-10-09 21:20:07,c(-112.05978819946, 38.4918795496988),2994.99,"meters"
"3954",2023-10-09 21:20:08,c(-112.059694919651, 38.4917555998929),2995.97,"meters"
"3955",2023-10-09 21:20:09,c(-112.059596420804, 38.4916240998498),2997.94,"meters"
"3956",2023-10-09 21:20:10,c(-112.059492791379, 38.4914844512509),3000.37,"meters"
"3957",2023-10-09 21:20:11,c(-112.059394593913, 38.4913512600427),3002.4,"meters"
"3958",2023-10-09 21:20:12,c(-112.059300552932, 38.4912245011877),3005,"meters"
"3959",2023-10-09 21:20:13,c(-112.059205793849, 38.4910974835762),3006.71,"meters"
"3960",2023-10-09 21:20:14,c(-112.059101641067, 38.4909610475082),3009.31,"meters"
"3961",2023-10-09 21:20:15,c(-112.05899877149, 38.4908268819133),3012.21,"meters"
"3962",2023-10-09 21:20:16,c(-112.058908543822, 38.490709357714),3014.69,"meters"
"3963",2023-10-09 21:20:17,c(-112.058813387221, 38.4905846292417),3016.46,"meters"
"3964",2023-10-09 21:20:18,c(-112.05871213196, 38.4904525180506),3018.73,"meters"
"3965",2023-10-09 21:20:19,c(-112.058613755336, 38.4903261160863),3021.08,"meters"
"3966",2023-10-09 21:20:20,c(-112.058519400941, 38.490204639581),3024.5,"meters"
"3967",2023-10-09 21:20:21,c(-112.058419308982, 38.4900760959676),3025.89,"meters"
"3968",2023-10-09 21:20:22,c(-112.058313381391, 38.4899417892691),3027.77,"meters"
"3969",2023-10-09 21:20:23,c(-112.05820987403, 38.4898132512391),3030.14,"meters"
"3970",2023-10-09 21:20:24,c(-112.058106337468, 38.4896849152685),3032.02,"meters"
"3971",2023-10-09 21:20:25,c(-112.058006756984, 38.4895614161342),3033.69,"meters"
"3972",2023-10-09 21:20:26,c(-112.057902214248, 38.4894309692155),3035.31,"meters"
"3973",2023-10-09 21:20:27,c(-112.057793849999, 38.4892943750799),3037.54,"meters"
"3974",2023-10-09 21:20:28,c(-112.05768967166, 38.4891632625582),3039.8,"meters"
"3975",2023-10-09 21:20:29,c(-112.057591730008, 38.4890398033206),3042.68,"meters"
"3976",2023-10-09 21:20:30,c(-112.057489274049, 38.4889097483945),3044.98,"meters"
"3977",2023-10-09 21:20:31,c(-112.05738233408, 38.4887730979909),3047.31,"meters"
"3978",2023-10-09 21:20:32,c(-112.05728159612, 38.4886435303177),3049.49,"meters"
"3979",2023-10-09 21:20:33,c(-112.057185324696, 38.4885193955693),3051.94,"meters"
"3980",2023-10-09 21:20:34,c(-112.057084776525, 38.4883894904665),3053.8,"meters"
"3981",2023-10-09 21:20:35,c(-112.056980228838, 38.488253938499),3056.92,"meters"
"3982",2023-10-09 21:20:36,c(-112.056880760355, 38.4881244459062),3060.66,"meters"
"3983",2023-10-09 21:20:37,c(-112.056781016116, 38.487994679078),3065.8,"meters"
"3984",2023-10-09 21:20:38,c(-112.056681059841, 38.4878646434948),3069.31,"meters"
"3985",2023-10-09 21:20:39,c(-112.056580180572, 38.4877343576799),3071.65,"meters"
"3986",2023-10-09 21:20:40,c(-112.056480087399, 38.4876058614099),3073.86,"meters"
"3987",2023-10-09 21:20:41,c(-112.056384920954, 38.4874827100386),3077.12,"meters"
"3988",2023-10-09 21:20:42,c(-112.056285837714, 38.4873540308564),3082.21,"meters"
"3989",2023-10-09 21:20:43,c(-112.056179653757, 38.4872181489037),3088.43,"meters"
"3990",2023-10-09 21:20:44,c(-112.056078561893, 38.4870894184045),3089.73,"meters"
"3991",2023-10-09 21:20:45,c(-112.05598338142, 38.4869682814417),3089.49,"meters"
"3992",2023-10-09 21:20:46,c(-112.055883227164, 38.4868403261492),3086.49,"meters"
"3993",2023-10-09 21:20:47,c(-112.055776271478, 38.4867044397026),3081.52,"meters"
"3994",2023-10-09 21:20:48,c(-112.055680857055, 38.4865815501313),3077.93,"meters"
"3995",2023-10-09 21:20:49,c(-112.055612434665, 38.486493437828),3075.97,"meters"
"3996",2023-10-09 21:20:50,c(-112.055567836341, 38.4864319986939),3074.94,"meters"
"3997",2023-10-09 21:20:51,c(-112.055542897384, 38.4864000720607),3074.3,"meters"
"3998",2023-10-09 21:20:52,c(-112.055534337849, 38.4863915274685),3074.06,"meters"
"3999",2023-10-09 21:20:53,c(-112.055530886137, 38.486388965685),3074.06,"meters"
"4000",2023-10-09 21:20:54,c(-112.055531954238, 38.4863882583357),3074.06,"meters"
"4001",2023-10-09 21:20:55,c(-112.055531818429, 38.4863901208881),3074.06,"meters"
"4002",2023-10-09 21:20:56,c(-112.055531686081, 38.4863936980051),3074.06,"meters"
"4003",2023-10-09 21:20:57,c(-112.055533673502, 38.4863939301274),3074.06,"meters"
"4004",2023-10-09 21:20:58,c(-112.055536352991, 38.486391729772),3074.44,"meters"
"4005",2023-10-09 21:20:59,c(-112.055537376422, 38.4863887764555),3074.44,"meters"
"4006",2023-10-09 21:21:00,c(-112.055536217866, 38.4863881635359),3074.44,"meters"
"4007",2023-10-09 21:21:01,c(-112.055534803298, 38.486390034628),3074.06,"meters"
"4008",2023-10-09 21:21:02,c(-112.055534320128, 38.4863896004769),3074.06,"meters"
"4009",2023-10-09 21:21:03,c(-112.055534569413, 38.4863895027078),3074.06,"meters"
"4010",2023-10-09 21:21:04,c(-112.055535065191, 38.4863912237487),3074.06,"meters"
"4011",2023-10-09 21:21:05,c(-112.055530945575, 38.486390273899),3074.06,"meters"
"4012",2023-10-09 21:21:06,c(-112.055527865587, 38.4863888339135),3074.06,"meters"
"4013",2023-10-09 21:21:07,c(-112.055530225008, 38.4863889203587),3074.06,"meters"
"4014",2023-10-09 21:21:08,c(-112.055533218429, 38.4863894872534),3074.06,"meters"
"4015",2023-10-09 21:21:09,c(-112.055532326178, 38.486389993964),3074.06,"meters"
"4016",2023-10-09 21:21:10,c(-112.055532090792, 38.4863905722722),3074.06,"meters"
"4017",2023-10-09 21:21:11,c(-112.05553287455, 38.4863895000774),3074.06,"meters"
"4018",2023-10-09 21:21:12,c(-112.055535435547, 38.4863879500227),3074.06,"meters"
"4019",2023-10-09 21:21:13,c(-112.055536569809, 38.4863868095673),3074.58,"meters"
"4020",2023-10-09 21:21:14,c(-112.055534483846, 38.4863866107411),3074.2,"meters"
"4021",2023-10-09 21:21:15,c(-112.055533746977, 38.4863875017321),3074.06,"meters"
"4022",2023-10-09 21:21:16,c(-112.055532628824, 38.4863883461402),3074.06,"meters"
"4023",2023-10-09 21:21:17,c(-112.055529642347, 38.4863909212347),3074.06,"meters"
"4024",2023-10-09 21:21:18,c(-112.055527278734, 38.4863906558776),3074.06,"meters"
"4025",2023-10-09 21:21:19,c(-112.055527653433, 38.4863885319235),3074.06,"meters"
"4026",2023-10-09 21:21:20,c(-112.055531416218, 38.486386717778),3074.2,"meters"
"4027",2023-10-09 21:21:21,c(-112.055536073527, 38.486386490184),3074.58,"meters"
"4028",2023-10-09 21:21:22,c(-112.05553728308, 38.4863862424633),3074.58,"meters"
"4029",2023-10-09 21:21:23,c(-112.055536263101, 38.486387971615),3074.44,"meters"
"4030",2023-10-09 21:21:24,c(-112.055534737335, 38.4863894461509),3074.06,"meters"
"4031",2023-10-09 21:21:25,c(-112.055533179638, 38.4863896012441),3074.06,"meters"
"4032",2023-10-09 21:21:26,c(-112.055532723286, 38.486388300325),3074.06,"meters"
"4033",2023-10-09 21:21:27,c(-112.055532869567, 38.4863869633452),3074.06,"meters"
"4034",2023-10-09 21:21:28,c(-112.055533750546, 38.4863862514511),3074.2,"meters"
"4035",2023-10-09 21:21:29,c(-112.055535224145, 38.4863867092773),3074.2,"meters"
"4036",2023-10-09 21:21:30,c(-112.055537545529, 38.4863864269311),3074.58,"meters"
"4037",2023-10-09 21:21:31,c(-112.055537434754, 38.4863861554359),3074.58,"meters"
"4038",2023-10-09 21:21:32,c(-112.055534445754, 38.4863829803559),3074.2,"meters"
"4039",2023-10-09 21:21:33,c(-112.05553187683, 38.4863795654687),3074.2,"meters"
"4040",2023-10-09 21:21:34,c(-112.055531133677, 38.4863792771813),3074.2,"meters"
"4041",2023-10-09 21:21:35,c(-112.055531578594, 38.486380579645),3074.2,"meters"
"4042",2023-10-09 21:21:36,c(-112.055530119565, 38.4863793110602),3074.2,"meters"
"4043",2023-10-09 21:21:37,c(-112.055523202749, 38.4863689617986),3073.94,"meters"
"4044",2023-10-09 21:21:38,c(-112.055511802535, 38.4863527922137),3073.38,"meters"
"4045",2023-10-09 21:21:39,c(-112.055504744258, 38.4863391229707),3073.5,"meters"
"4046",2023-10-09 21:21:40,c(-112.055501972472, 38.4863342386866),3073.5,"meters"
"4047",2023-10-09 21:21:41,c(-112.055500371988, 38.4863341539606),3073.06,"meters"
"4048",2023-10-09 21:21:42,c(-112.055500669584, 38.4863344888328),3073.06,"meters"
"4049",2023-10-09 21:21:43,c(-112.055501429639, 38.4863344211813),3073.5,"meters"
"4050",2023-10-09 21:21:44,c(-112.055501779043, 38.486334297575),3073.5,"meters"
"4051",2023-10-09 21:21:45,c(-112.055501611213, 38.4863341543991),3073.5,"meters"
"4052",2023-10-09 21:21:46,c(-112.055501442594, 38.4863338236068),3073.5,"meters"
"4053",2023-10-09 21:21:47,c(-112.055500910617, 38.4863331354974),3073.5,"meters"
"4054",2023-10-09 21:21:48,c(-112.055501497072, 38.4863324748992),3073.64,"meters"
"4055",2023-10-09 21:21:49,c(-112.055502838253, 38.4863324881615),3073.64,"meters"
"4056",2023-10-09 21:21:50,c(-112.055503742342, 38.4863330884761),3073.5,"meters"
"4057",2023-10-09 21:21:51,c(-112.055503898964, 38.4863340607586),3073.5,"meters"
"4058",2023-10-09 21:21:52,c(-112.055503500567, 38.4863337175576),3073.5,"meters"
"4059",2023-10-09 21:21:53,c(-112.055502218958, 38.4863331060132),3073.5,"meters"
"4060",2023-10-09 21:21:54,c(-112.055500663292, 38.4863338107827),3073.06,"meters"
"4061",2023-10-09 21:21:55,c(-112.055498600857, 38.4863352329267),3073.06,"meters"
"4062",2023-10-09 21:21:56,c(-112.055497894797, 38.4863361365225),3073.06,"meters"
"4063",2023-10-09 21:21:57,c(-112.05549881618, 38.4863353116244),3073.06,"meters"
"4064",2023-10-09 21:21:58,c(-112.055501371096, 38.4863334589461),3073.5,"meters"
"4065",2023-10-09 21:21:59,c(-112.055504606793, 38.4863326793153),3073.64,"meters"
"4066",2023-10-09 21:22:00,c(-112.055507737594, 38.4863326815073),3073.64,"meters"
"4067",2023-10-09 21:22:01,c(-112.055509983705, 38.4863338949604),3073.5,"meters"
"4068",2023-10-09 21:22:02,c(-112.055510152255, 38.4863361421124),3073.5,"meters"
"4069",2023-10-09 21:22:03,c(-112.055508579364, 38.48633739612),3073.5,"meters"
"4070",2023-10-09 21:22:04,c(-112.055500777862, 38.4863387652145),3073.06,"meters"
"4071",2023-10-09 21:22:05,c(-112.055483617568, 38.4863381467054),3072.74,"meters"
"4072",2023-10-09 21:22:06,c(-112.055461514303, 38.4863325173175),3072.3,"meters"
"4073",2023-10-09 21:22:07,c(-112.055440995478, 38.4863195801373),3071.92,"meters"
"4074",2023-10-09 21:22:08,c(-112.055428514993, 38.4863038186293),3071.7,"meters"
"4075",2023-10-09 21:22:09,c(-112.055423092064, 38.4862942669603),3071.72,"meters"
"4076",2023-10-09 21:22:10,c(-112.055421074156, 38.4862902122581),3071.72,"meters"
"4077",2023-10-09 21:22:11,c(-112.055421235148, 38.4862866841652),3071.74,"meters"
"4078",2023-10-09 21:22:12,c(-112.055421093419, 38.4862856977068),3071.74,"meters"
"4079",2023-10-09 21:22:13,c(-112.055420861847, 38.4862867357896),3071.74,"meters"
"4080",2023-10-09 21:22:14,c(-112.055420445691, 38.4862874890053),3071.74,"meters"
"4081",2023-10-09 21:22:15,c(-112.055419804266, 38.486287641468),3071.52,"meters"
"4082",2023-10-09 21:22:16,c(-112.055419473609, 38.4862878416094),3071.52,"meters"
"4083",2023-10-09 21:22:17,c(-112.055419370743, 38.4862883535812),3071.52,"meters"
"4084",2023-10-09 21:22:18,c(-112.055419527948, 38.4862889956924),3071.48,"meters"
"4085",2023-10-09 21:22:19,c(-112.055419857955, 38.4862895060933),3071.72,"meters"
"4086",2023-10-09 21:22:20,c(-112.055419764142, 38.4862900166402),3071.48,"meters"
"4087",2023-10-09 21:22:21,c(-112.055419551337, 38.4862906298884),3071.48,"meters"
"4088",2023-10-09 21:22:22,c(-112.055419609737, 38.486291433523),3071.48,"meters"
"4089",2023-10-09 21:22:23,c(-112.055419763161, 38.4862917181711),3071.48,"meters"
"4090",2023-10-09 21:22:24,c(-112.055419792361, 38.486291520441),3071.48,"meters"
"4091",2023-10-09 21:22:25,c(-112.055419835356, 38.4862917726455),3071.48,"meters"
"4092",2023-10-09 21:22:26,c(-112.055420125118, 38.486292088641),3071.72,"meters"
"4093",2023-10-09 21:22:27,c(-112.055420849382, 38.4862921077125),3071.72,"meters"
"4094",2023-10-09 21:22:28,c(-112.055421342146, 38.4862922358424),3071.72,"meters"
"4095",2023-10-09 21:22:29,c(-112.055421087116, 38.4862924182276),3071.72,"meters"
"4096",2023-10-09 21:22:30,c(-112.055421005887, 38.4862926490589),3071.72,"meters"
"4097",2023-10-09 21:22:31,c(-112.055421373797, 38.4862922151269),3071.72,"meters"
"4098",2023-10-09 21:22:32,c(-112.055421422884, 38.4862920203561),3071.72,"meters"
"4099",2023-10-09 21:22:33,c(-112.055421287317, 38.4862923721929),3071.72,"meters"
"4100",2023-10-09 21:22:34,c(-112.055421119047, 38.4862927150419),3071.72,"meters"
"4101",2023-10-09 21:22:35,c(-112.055420972136, 38.486293028626),3071.72,"meters"
"4102",2023-10-09 21:22:36,c(-112.055421105672, 38.4862933608433),3071.72,"meters"
"4103",2023-10-09 21:22:37,c(-112.055422044702, 38.486293482068),3071.72,"meters"
"4104",2023-10-09 21:22:38,c(-112.055422973392, 38.4862931179919),3071.72,"meters"
"4105",2023-10-09 21:22:39,c(-112.055423408082, 38.486292610039),3071.72,"meters"
"4106",2023-10-09 21:22:40,c(-112.055423300683, 38.4862921716231),3071.72,"meters"
"4107",2023-10-09 21:22:41,c(-112.055422982333, 38.4862915642836),3071.72,"meters"
"4108",2023-10-09 21:22:42,c(-112.055422503364, 38.4862911816474),3071.72,"meters"
"4109",2023-10-09 21:22:43,c(-112.055422192463, 38.4862908913973),3071.72,"meters"
"4110",2023-10-09 21:22:44,c(-112.055421643201, 38.4862911478986),3071.72,"meters"
"4111",2023-10-09 21:22:45,c(-112.055421080674, 38.4862914748447),3071.72,"meters"
"4112",2023-10-09 21:22:46,c(-112.055420658986, 38.4862921786277),3071.72,"meters"
"4113",2023-10-09 21:22:47,c(-112.055421441789, 38.4862945976426),3071.72,"meters"
"4114",2023-10-09 21:22:48,c(-112.055424790925, 38.4862948657402),3071.72,"meters"
"4115",2023-10-09 21:22:49,c(-112.055427748345, 38.4862950049404),3071.72,"meters"
"4116",2023-10-09 21:22:50,c(-112.055428843183, 38.4862927699551),3071.72,"meters"
"4117",2023-10-09 21:22:51,c(-112.05542672564, 38.486290147072),3071.72,"meters"
"4118",2023-10-09 21:22:52,c(-112.055424210776, 38.4862904610944),3071.72,"meters"
"4119",2023-10-09 21:22:53,c(-112.055422695653, 38.486291426837),3071.72,"meters"
"4120",2023-10-09 21:22:54,c(-112.05542189492, 38.4862920652947),3071.72,"meters"
"4121",2023-10-09 21:22:55,c(-112.055421643252, 38.4862924334629),3071.72,"meters"
"4122",2023-10-09 21:22:56,c(-112.055421711945, 38.4862924367511),3071.72,"meters"
"4123",2023-10-09 21:22:57,c(-112.055422400279, 38.4862924094469),3071.72,"meters"
"4124",2023-10-09 21:22:58,c(-112.055423067762, 38.4862925347393),3071.72,"meters"
"4125",2023-10-09 21:22:59,c(-112.055423055852, 38.4862926425323),3071.72,"meters"
"4126",2023-10-09 21:23:00,c(-112.05542208882, 38.4862926193555),3071.72,"meters"
"4127",2023-10-09 21:23:01,c(-112.05542091109, 38.486292237852),3071.72,"meters"
"4128",2023-10-09 21:23:02,c(-112.055421241196, 38.4862894631477),3071.72,"meters"
"4129",2023-10-09 21:23:03,c(-112.055421090197, 38.4862874371616),3071.74,"meters"
"4130",2023-10-09 21:23:04,c(-112.055422812941, 38.486287902112),3071.74,"meters"
"4131",2023-10-09 21:23:05,c(-112.055423904719, 38.4862906478272),3071.72,"meters"
"4132",2023-10-09 21:23:06,c(-112.055424683859, 38.4862926059635),3071.72,"meters"
"4133",2023-10-09 21:23:07,c(-112.055425079711, 38.4862926726244),3071.72,"meters"
"4134",2023-10-09 21:23:08,c(-112.055422934507, 38.4862906983926),3071.72,"meters"
"4135",2023-10-09 21:23:09,c(-112.055421024095, 38.4862903622294),3071.72,"meters"
"4136",2023-10-09 21:23:10,c(-112.055420291847, 38.4862911386816),3071.72,"meters"
"4137",2023-10-09 21:23:11,c(-112.055420563192, 38.486291832381),3071.72,"meters"
"4138",2023-10-09 21:23:12,c(-112.055421153997, 38.4862922183663),3071.72,"meters"
"4139",2023-10-09 21:23:13,c(-112.055421395059, 38.4862924753326),3071.72,"meters"
"4140",2023-10-09 21:23:14,c(-112.055421532208, 38.4862926243974),3071.72,"meters"
"4141",2023-10-09 21:23:15,c(-112.055421663279, 38.4862926319602),3071.72,"meters"
"4142",2023-10-09 21:23:16,c(-112.055421896944, 38.4862929231248),3071.72,"meters"
"4143",2023-10-09 21:23:17,c(-112.055421663349, 38.4862929992515),3071.72,"meters"
"4144",2023-10-09 21:23:18,c(-112.055422371086, 38.4862922212649),3071.72,"meters"
"4145",2023-10-09 21:23:19,c(-112.05542351487, 38.4862884045488),3071.74,"meters"
"4146",2023-10-09 21:23:20,c(-112.055420384278, 38.4862765626664),3071.78,"meters"
"4147",2023-10-09 21:23:21,c(-112.055406895782, 38.4862542985037),3071.2,"meters"
"4148",2023-10-09 21:23:22,c(-112.055378338035, 38.4862261145348),3070.4,"meters"
"4149",2023-10-09 21:23:23,c(-112.055338291181, 38.4862037773928),3069.54,"meters"
"4150",2023-10-09 21:23:24,c(-112.055296743492, 38.4861902274754),3069.18,"meters"
"4151",2023-10-09 21:23:25,c(-112.055263888354, 38.4861693540858),3068.87,"meters"
"4152",2023-10-09 21:23:26,c(-112.055234105754, 38.4861456243644),3068.83,"meters"
"4153",2023-10-09 21:23:27,c(-112.055207528164, 38.4861236365512),3068.77,"meters"
"4154",2023-10-09 21:23:28,c(-112.055181809485, 38.4861040703586),3068.79,"meters"
"4155",2023-10-09 21:23:29,c(-112.055155856994, 38.4860860490815),3068.79,"meters"
"4156",2023-10-09 21:23:30,c(-112.055137439147, 38.486071679563),3068.73,"meters"
"4157",2023-10-09 21:23:31,c(-112.055135252618, 38.4860668475611),3068.73,"meters"
"4158",2023-10-09 21:23:32,c(-112.055139542721, 38.4860667988956),3068.73,"meters"
"4159",2023-10-09 21:23:33,c(-112.055141139801, 38.4860693686192),3068.73,"meters"
"4160",2023-10-09 21:23:34,c(-112.055139822917, 38.4860721082331),3068.73,"meters"
"4161",2023-10-09 21:23:35,c(-112.055139582108, 38.486071742347),3068.73,"meters"
"4162",2023-10-09 21:23:36,c(-112.055139476156, 38.4860697816168),3068.73,"meters"
"4163",2023-10-09 21:23:37,c(-112.055137816994, 38.4860684307169),3068.73,"meters"
"4164",2023-10-09 21:23:38,c(-112.05513561745, 38.4860687609612),3068.73,"meters"
"4165",2023-10-09 21:23:39,c(-112.055136129538, 38.4860690822177),3068.73,"meters"
"4166",2023-10-09 21:23:40,c(-112.055138608268, 38.4860694567431),3068.73,"meters"
"4167",2023-10-09 21:23:41,c(-112.055139935517, 38.4860695355501),3068.73,"meters"
"4168",2023-10-09 21:23:42,c(-112.055139953372, 38.486068688621),3068.73,"meters"
"4169",2023-10-09 21:23:43,c(-112.05513974393, 38.4860670858455),3068.73,"meters"
"4170",2023-10-09 21:23:44,c(-112.055138714777, 38.4860691688065),3068.73,"meters"
"4171",2023-10-09 21:23:45,c(-112.055140289964, 38.4860723742114),3068.73,"meters"
"4172",2023-10-09 21:23:46,c(-112.055140952746, 38.4860722616825),3068.73,"meters"
"4173",2023-10-09 21:23:47,c(-112.055138076156, 38.4860700657166),3068.73,"meters"
"4174",2023-10-09 21:23:48,c(-112.055135741955, 38.4860702687077),3068.73,"meters"
"4175",2023-10-09 21:23:49,c(-112.055134085708, 38.4860712849668),3068.73,"meters"
"4176",2023-10-09 21:23:50,c(-112.055134673866, 38.4860710609434),3068.73,"meters"
"4177",2023-10-09 21:23:51,c(-112.055133404671, 38.4860688352847),3068.73,"meters"
"4178",2023-10-09 21:23:52,c(-112.055116388365, 38.4860572959063),3068.74,"meters"
"4179",2023-10-09 21:23:53,c(-112.055083769024, 38.4860371099021),3068.78,"meters"
"4180",2023-10-09 21:23:54,c(-112.055041865884, 38.4860121587563),3068.8,"meters"
"4181",2023-10-09 21:23:55,c(-112.054999123697, 38.4859857181678),3068.96,"meters"
"4182",2023-10-09 21:23:56,c(-112.054978038352, 38.4859692623991),3069,"meters"
"4183",2023-10-09 21:23:57,c(-112.054971982759, 38.4859622957018),3069.2,"meters"
"4184",2023-10-09 21:23:58,c(-112.054968964497, 38.4859596470003),3069.2,"meters"
"4185",2023-10-09 21:23:59,c(-112.054966017144, 38.4859586446103),3069.39,"meters"
"4186",2023-10-09 21:24:00,c(-112.054965964001, 38.4859584414994),3069.39,"meters"
"4187",2023-10-09 21:24:01,c(-112.054966763891, 38.4859588608538),3069.39,"meters"
"4188",2023-10-09 21:24:02,c(-112.054967653134, 38.4859596157135),3069.16,"meters"
"4189",2023-10-09 21:24:03,c(-112.054968320048, 38.4859598864416),3069.2,"meters"
"4190",2023-10-09 21:24:04,c(-112.054969740521, 38.4859604769646),3069.2,"meters"
"4191",2023-10-09 21:24:05,c(-112.054971215705, 38.485961221558),3069.2,"meters"
"4192",2023-10-09 21:24:06,c(-112.054972032505, 38.485961202803),3069.2,"meters"
"4193",2023-10-09 21:24:07,c(-112.054972330433, 38.485961823995),3069.2,"meters"
"4194",2023-10-09 21:24:08,c(-112.054972170533, 38.4859624763085),3069.2,"meters"
"4195",2023-10-09 21:24:09,c(-112.054971772784, 38.4859629829339),3069.2,"meters"
"4196",2023-10-09 21:24:10,c(-112.054971412686, 38.4859642189661),3069.2,"meters"
"4197",2023-10-09 21:24:11,c(-112.054972147103, 38.4859651951214),3069.2,"meters"
"4198",2023-10-09 21:24:12,c(-112.054974643337, 38.4859648976495),3069.2,"meters"
"4199",2023-10-09 21:24:13,c(-112.054977858029, 38.485965882573),3069.2,"meters"
"4200",2023-10-09 21:24:14,c(-112.054979551854, 38.4859668840476),3069.2,"meters"
"4201",2023-10-09 21:24:15,c(-112.054980192512, 38.4859663554156),3069.2,"meters"
"4202",2023-10-09 21:24:16,c(-112.054978172583, 38.4859644541818),3069.2,"meters"
"4203",2023-10-09 21:24:17,c(-112.054977423598, 38.4859625758557),3069.2,"meters"
"4204",2023-10-09 21:24:18,c(-112.054976905628, 38.4859606237645),3069.2,"meters"
"4205",2023-10-09 21:24:19,c(-112.054976419305, 38.485958664768),3069.43,"meters"
"4206",2023-10-09 21:24:20,c(-112.054976297041, 38.4859562480549),3069.43,"meters"
"4207",2023-10-09 21:24:21,c(-112.054978139809, 38.4859549903206),3069.43,"meters"
"4208",2023-10-09 21:24:22,c(-112.054977479688, 38.4859556899384),3069.43,"meters"
"4209",2023-10-09 21:24:23,c(-112.054977208623, 38.485957096628),3069.43,"meters"
"4210",2023-10-09 21:24:24,c(-112.054976901984, 38.4859584260448),3069.43,"meters"
"4211",2023-10-09 21:24:25,c(-112.054977598059, 38.4859597715862),3069.2,"meters"
"4212",2023-10-09 21:24:26,c(-112.054977245017, 38.4859593689098),3069.2,"meters"
"4213",2023-10-09 21:24:27,c(-112.05497697173, 38.4859584979469),3069.43,"meters"
"4214",2023-10-09 21:24:28,c(-112.054973517349, 38.4859567462163),3069.43,"meters"
"4215",2023-10-09 21:24:29,c(-112.054972678657, 38.4859560576684),3069.43,"meters"
"4216",2023-10-09 21:24:30,c(-112.054976910244, 38.4859564580607),3069.43,"meters"
"4217",2023-10-09 21:24:31,c(-112.054980328987, 38.4859576487158),3069.43,"meters"
"4218",2023-10-09 21:24:32,c(-112.054980879454, 38.4859585869472),3069.43,"meters"
"4219",2023-10-09 21:24:33,c(-112.054978595912, 38.4859594934293),3069.2,"meters"
"4220",2023-10-09 21:24:34,c(-112.054976736238, 38.4859598429278),3069.2,"meters"
"4221",2023-10-09 21:24:35,c(-112.054977626326, 38.4859605272506),3069.2,"meters"
"4222",2023-10-09 21:24:36,c(-112.054990829372, 38.485967420132),3069.2,"meters"
"4223",2023-10-09 21:24:37,c(-112.055012000958, 38.4859802311554),3069,"meters"
"4224",2023-10-09 21:24:38,c(-112.055033339349, 38.4859926139467),3068.96,"meters"
"4225",2023-10-09 21:24:39,c(-112.055052051327, 38.4860035414927),3068.98,"meters"
"4226",2023-10-09 21:24:40,c(-112.055063708475, 38.4860102213502),3068.94,"meters"
"4227",2023-10-09 21:24:41,c(-112.05506779224, 38.4860118454989),3068.94,"meters"
"4228",2023-10-09 21:24:42,c(-112.055073211131, 38.4860135261315),3068.92,"meters"
"4229",2023-10-09 21:24:43,c(-112.055076768761, 38.4860138673399),3068.92,"meters"
"4230",2023-10-09 21:24:44,c(-112.055076047027, 38.4860132676431),3068.92,"meters"
"4231",2023-10-09 21:24:45,c(-112.055074697022, 38.4860131509122),3068.92,"meters"
"4232",2023-10-09 21:24:46,c(-112.055074574547, 38.4860136088479),3068.92,"meters"
"4233",2023-10-09 21:24:47,c(-112.055076820748, 38.4860153984536),3068.92,"meters"
"4234",2023-10-09 21:24:48,c(-112.05507750383, 38.4860150637445),3068.92,"meters"
"4235",2023-10-09 21:24:49,c(-112.055075931907, 38.4860127029506),3068.92,"meters"
"4236",2023-10-09 21:24:50,c(-112.055074524551, 38.4860126313774),3068.92,"meters"
"4237",2023-10-09 21:24:51,c(-112.05507352158, 38.4860131532261),3068.92,"meters"
"4238",2023-10-09 21:24:52,c(-112.055073497531, 38.4860122855192),3069,"meters"
"4239",2023-10-09 21:24:53,c(-112.055074261537, 38.4860143806966),3068.92,"meters"
"4240",2023-10-09 21:24:54,c(-112.055074077304, 38.4860145715217),3068.92,"meters"
"4241",2023-10-09 21:24:55,c(-112.055074057891, 38.4860138769941),3068.92,"meters"
"4242",2023-10-09 21:24:56,c(-112.055076315507, 38.4860142307351),3068.92,"meters"
"4243",2023-10-09 21:24:57,c(-112.0550815011, 38.4860135505375),3068.92,"meters"
"4244",2023-10-09 21:24:58,c(-112.05508257822, 38.4860129415637),3068.92,"meters"
"4245",2023-10-09 21:24:59,c(-112.055082764907, 38.4860132632587),3068.92,"meters"
"4246",2023-10-09 21:25:00,c(-112.055078679466, 38.48601295099),3068.92,"meters"
"4247",2023-10-09 21:25:01,c(-112.055071853815, 38.486012811132),3068.92,"meters"
"4248",2023-10-09 21:25:02,c(-112.055072308198, 38.4860142834758),3068.92,"meters"
"4249",2023-10-09 21:25:03,c(-112.05507612671, 38.4860139657268),3068.92,"meters"
"4250",2023-10-09 21:25:04,c(-112.055078497046, 38.4860120751247),3069,"meters"
"4251",2023-10-09 21:25:05,c(-112.055078800814, 38.4860117711859),3069,"meters"
"4252",2023-10-09 21:25:06,c(-112.055076631242, 38.4860117232879),3069,"meters"
"4253",2023-10-09 21:25:07,c(-112.055076563945, 38.4860104568948),3069,"meters"
"4254",2023-10-09 21:25:08,c(-112.055078869297, 38.4860105342768),3069,"meters"
"4255",2023-10-09 21:25:09,c(-112.055077102174, 38.4860108658607),3069,"meters"
"4256",2023-10-09 21:25:10,c(-112.055075240508, 38.486010237373),3069,"meters"
"4257",2023-10-09 21:25:11,c(-112.055075788003, 38.4860097503713),3069,"meters"
"4258",2023-10-09 21:25:12,c(-112.05507668285, 38.4860103904731),3069,"meters"
"4259",2023-10-09 21:25:13,c(-112.055074576162, 38.4860107253209),3069,"meters"
"4260",2023-10-09 21:25:14,c(-112.055072519397, 38.4860107796857),3069,"meters"
"4261",2023-10-09 21:25:15,c(-112.05507445025, 38.4860113832885),3069,"meters"
"4262",2023-10-09 21:25:16,c(-112.055076729274, 38.4860118368402),3069,"meters"
"4263",2023-10-09 21:25:17,c(-112.055076603163, 38.4860117620885),3069,"meters"
"4264",2023-10-09 21:25:18,c(-112.055074021947, 38.4860121460644),3069,"meters"
"4265",2023-10-09 21:25:19,c(-112.05507247311, 38.4860115132819),3069,"meters"
"4266",2023-10-09 21:25:20,c(-112.055071154383, 38.4860106533792),3068.94,"meters"
"4267",2023-10-09 21:25:21,c(-112.055068908368, 38.4860103356699),3068.94,"meters"
"4268",2023-10-09 21:25:22,c(-112.055068761804, 38.4860110049269),3068.94,"meters"
"4269",2023-10-09 21:25:23,c(-112.055070558136, 38.4860114028108),3068.94,"meters"
"4270",2023-10-09 21:25:24,c(-112.055073324396, 38.4860099639944),3069,"meters"
"4271",2023-10-09 21:25:25,c(-112.055074995675, 38.4860094501991),3069,"meters"
"4272",2023-10-09 21:25:26,c(-112.055075966076, 38.4860106171392),3069,"meters"
"4273",2023-10-09 21:25:27,c(-112.055078494033, 38.4860118876975),3069,"meters"
"4274",2023-10-09 21:25:28,c(-112.055077494157, 38.4860111698362),3069,"meters"
"4275",2023-10-09 21:25:29,c(-112.055075156874, 38.4860095182251),3069,"meters"
"4276",2023-10-09 21:25:30,c(-112.055069648988, 38.4860018121234),3069.04,"meters"
"4277",2023-10-09 21:25:31,c(-112.055051121929, 38.4859910060212),3069.06,"meters"
"4278",2023-10-09 21:25:32,c(-112.055025064888, 38.4859894494866),3068.9,"meters"
"4279",2023-10-09 21:25:33,c(-112.054999456971, 38.4859928488043),3068.82,"meters"
"4280",2023-10-09 21:25:34,c(-112.054974806942, 38.4859904693877),3068.7,"meters"
"4281",2023-10-09 21:25:35,c(-112.054947117885, 38.485983483181),3068.66,"meters"
"4282",2023-10-09 21:25:36,c(-112.054919358588, 38.4859763218229),3068.66,"meters"
"4283",2023-10-09 21:25:37,c(-112.054893352148, 38.4859688803108),3068.74,"meters"
"4284",2023-10-09 21:25:38,c(-112.054866372789, 38.4859614848333),3068.52,"meters"
"4285",2023-10-09 21:25:39,c(-112.054838957524, 38.4859537622902),3068.42,"meters"
"4286",2023-10-09 21:25:40,c(-112.054812050849, 38.4859463343691),3068.26,"meters"
"4287",2023-10-09 21:25:41,c(-112.054785880971, 38.4859394474656),3068.14,"meters"
"4288",2023-10-09 21:25:42,c(-112.054761921908, 38.4859370162839),3067.9,"meters"
"4289",2023-10-09 21:25:43,c(-112.054742173635, 38.4859389460156),3067.68,"meters"
"4290",2023-10-09 21:25:44,c(-112.054725044354, 38.4859367014945),3067.52,"meters"
"4291",2023-10-09 21:25:45,c(-112.054708860361, 38.4859330554963),3067.48,"meters"
"4292",2023-10-09 21:25:46,c(-112.0546916815, 38.4859257878788),3067.32,"meters"
"4293",2023-10-09 21:25:47,c(-112.054674167416, 38.4859179940814),3067.22,"meters"
"4294",2023-10-09 21:25:48,c(-112.054657696157, 38.4859111306337),3067.18,"meters"
"4295",2023-10-09 21:25:49,c(-112.054642633576, 38.4859064747088),3067.02,"meters"
"4296",2023-10-09 21:25:50,c(-112.054627982277, 38.4859065518428),3066.92,"meters"
"4297",2023-10-09 21:25:51,c(-112.054613283396, 38.4859020426133),3066.84,"meters"
"4298",2023-10-09 21:25:52,c(-112.054606740077, 38.4858911595678),3066.76,"meters"
"4299",2023-10-09 21:25:53,c(-112.054611055956, 38.4858809969285),3066.79,"meters"
"4300",2023-10-09 21:25:54,c(-112.054621792973, 38.4858768429888),3066.91,"meters"
"4301",2023-10-09 21:25:55,c(-112.054642050437, 38.4858765033282),3067.21,"meters"
"4302",2023-10-09 21:25:56,c(-112.054675762527, 38.4858818144088),3067.47,"meters"
"4303",2023-10-09 21:25:57,c(-112.05471548531, 38.4858906847512),3067.88,"meters"
"4304",2023-10-09 21:25:58,c(-112.054761253564, 38.4858899180426),3068.34,"meters"
"4305",2023-10-09 21:25:59,c(-112.054810193728, 38.4858841169131),3069.5,"meters"
"4306",2023-10-09 21:26:00,c(-112.05484418825, 38.4858800393328),3070.01,"meters"
"4307",2023-10-09 21:26:01,c(-112.054856788979, 38.4858791981031),3070.39,"meters"
"4308",2023-10-09 21:26:02,c(-112.054861625513, 38.4858805714719),3070.19,"meters"
"4309",2023-10-09 21:26:03,c(-112.054865601367, 38.4858830021051),3070.29,"meters"
"4310",2023-10-09 21:26:04,c(-112.054868654866, 38.4858837149857),3070.29,"meters"
"4311",2023-10-09 21:26:05,c(-112.05486555089, 38.4858821003729),3070.29,"meters"
"4312",2023-10-09 21:26:06,c(-112.054862663631, 38.4858813745587),3070.19,"meters"
"4313",2023-10-09 21:26:07,c(-112.054862850836, 38.485882282977),3070.19,"meters"
"4314",2023-10-09 21:26:08,c(-112.054862664326, 38.4858841116116),3070.19,"meters"
"4315",2023-10-09 21:26:09,c(-112.054863140424, 38.4858837762559),3070.19,"meters"
"4316",2023-10-09 21:26:10,c(-112.054866916292, 38.4858822573293),3070.29,"meters"
"4317",2023-10-09 21:26:11,c(-112.054867822482, 38.4858807647084),3070.29,"meters"
"4318",2023-10-09 21:26:12,c(-112.05486718505, 38.4858815718502),3070.29,"meters"
"4319",2023-10-09 21:26:13,c(-112.05486695978, 38.4858824305075),3070.29,"meters"
"4320",2023-10-09 21:26:14,c(-112.054864762059, 38.4858835002665),3070.29,"meters"
"4321",2023-10-09 21:26:15,c(-112.05486554129, 38.4858842611548),3070.29,"meters"
"4322",2023-10-09 21:26:16,c(-112.054866392719, 38.4858831444842),3070.29,"meters"
"4323",2023-10-09 21:26:17,c(-112.054869402166, 38.4858818093674),3070.29,"meters"
"4324",2023-10-09 21:26:18,c(-112.054869444253, 38.4858855980246),3070.29,"meters"
"4325",2023-10-09 21:26:19,c(-112.054867065731, 38.485887080562),3070.29,"meters"
"4326",2023-10-09 21:26:20,c(-112.05486368445, 38.4858855649239),3070.29,"meters"
"4327",2023-10-09 21:26:21,c(-112.054863056048, 38.4858826959744),3070.19,"meters"
"4328",2023-10-09 21:26:22,c(-112.054863435861, 38.4858820918235),3070.19,"meters"
"4329",2023-10-09 21:26:23,c(-112.054864206201, 38.4858816380527),3070.29,"meters"
"4330",2023-10-09 21:26:24,c(-112.054864753483, 38.4858802763263),3070.29,"meters"
"4331",2023-10-09 21:26:25,c(-112.054864815607, 38.4858794393867),3070.29,"meters"
"4332",2023-10-09 21:26:26,c(-112.054864225809, 38.4858793454141),3070.29,"meters"
"4333",2023-10-09 21:26:27,c(-112.054864573691, 38.4858808779316),3070.29,"meters"
"4334",2023-10-09 21:26:28,c(-112.054864494984, 38.4858825379217),3070.29,"meters"
"4335",2023-10-09 21:26:29,c(-112.054864670814, 38.4858826750395),3070.29,"meters"
"4336",2023-10-09 21:26:30,c(-112.054865089563, 38.4858821597795),3070.29,"meters"
"4337",2023-10-09 21:26:31,c(-112.054863709518, 38.4858821466267),3070.29,"meters"
"4338",2023-10-09 21:26:32,c(-112.054863917489, 38.4858814622439),3070.29,"meters"
"4339",2023-10-09 21:26:33,c(-112.054865605436, 38.4858803669464),3070.29,"meters"
"4340",2023-10-09 21:26:34,c(-112.054862690801, 38.4858810298463),3070.19,"meters"
"4341",2023-10-09 21:26:35,c(-112.054863868191, 38.4858823346017),3070.29,"meters"
"4342",2023-10-09 21:26:36,c(-112.054866098826, 38.4858821560529),3070.29,"meters"
"4343",2023-10-09 21:26:37,c(-112.054867418789, 38.485880933612),3070.29,"meters"
"4344",2023-10-09 21:26:38,c(-112.054867479776, 38.4858802117802),3070.29,"meters"
"4345",2023-10-09 21:26:39,c(-112.054867353236, 38.4858796961647),3070.29,"meters"
"4346",2023-10-09 21:26:40,c(-112.054866309322, 38.4858802259925),3070.29,"meters"
"4347",2023-10-09 21:26:41,c(-112.054867101018, 38.4858805630324),3070.29,"meters"
"4348",2023-10-09 21:26:42,c(-112.054867292576, 38.485880632669),3070.29,"meters"
"4349",2023-10-09 21:26:43,c(-112.054866610848, 38.4858806905945),3070.29,"meters"
"4350",2023-10-09 21:26:44,c(-112.054866494747, 38.4858799814605),3070.29,"meters"
"4351",2023-10-09 21:26:45,c(-112.054866467716, 38.4858801037812),3070.29,"meters"
"4352",2023-10-09 21:26:46,c(-112.054865226252, 38.48588130178),3070.29,"meters"
"4353",2023-10-09 21:26:47,c(-112.054863786615, 38.4858817765953),3070.29,"meters"
"4354",2023-10-09 21:26:48,c(-112.05486520027, 38.4858810012391),3070.29,"meters"
"4355",2023-10-09 21:26:49,c(-112.054863728847, 38.4858808323355),3070.29,"meters"
"4356",2023-10-09 21:26:50,c(-112.054860792716, 38.4858799015574),3070.19,"meters"
"4357",2023-10-09 21:26:51,c(-112.054858433794, 38.4858798426986),3070.19,"meters"
"4358",2023-10-09 21:26:52,c(-112.054858371611, 38.4858798344782),3070.19,"meters"
"4359",2023-10-09 21:26:53,c(-112.054859369671, 38.4858779695244),3070.39,"meters"
"4360",2023-10-09 21:26:54,c(-112.054863038957, 38.4858694572672),3070.57,"meters"
"4361",2023-10-09 21:26:55,c(-112.054868486451, 38.4858546782597),3070.77,"meters"
"4362",2023-10-09 21:26:56,c(-112.054874441274, 38.485837105383),3071.05,"meters"
"4363",2023-10-09 21:26:57,c(-112.054878814103, 38.4858240142045),3071.23,"meters"
"4364",2023-10-09 21:26:58,c(-112.054879408476, 38.4858203387702),3071.23,"meters"
"4365",2023-10-09 21:26:59,c(-112.054877948532, 38.4858198582554),3071.23,"meters"
"4366",2023-10-09 21:27:00,c(-112.054878196418, 38.4858195274265),3071.23,"meters"
"4367",2023-10-09 21:27:01,c(-112.05487831553, 38.485819847185),3071.23,"meters"
"4368",2023-10-09 21:27:02,c(-112.054880105478, 38.4858219207002),3071.23,"meters"
"4369",2023-10-09 21:27:03,c(-112.054882519948, 38.4858236350751),3071.23,"meters"
"4370",2023-10-09 21:27:04,c(-112.054881276942, 38.4858238781823),3071.23,"meters"
"4371",2023-10-09 21:27:05,c(-112.054879878901, 38.4858236792466),3071.23,"meters"
"4372",2023-10-09 21:27:06,c(-112.054879175292, 38.4858235358813),3071.23,"meters"
"4373",2023-10-09 21:27:07,c(-112.054878893234, 38.4858223772314),3071.23,"meters"
"4374",2023-10-09 21:27:08,c(-112.05487852499, 38.4858215883935),3071.23,"meters"
"4375",2023-10-09 21:27:09,c(-112.054878717847, 38.4858219818807),3071.23,"meters"
"4376",2023-10-09 21:27:10,c(-112.054878986296, 38.4858225805756),3071.23,"meters"
"4377",2023-10-09 21:27:11,c(-112.054878855987, 38.4858233239621),3071.23,"meters"
"4378",2023-10-09 21:27:12,c(-112.054878164488, 38.485823850671),3071.23,"meters"
"4379",2023-10-09 21:27:13,c(-112.054877644134, 38.4858243835776),3071.23,"meters"
"4380",2023-10-09 21:27:14,c(-112.054877846434, 38.4858257866501),3071.13,"meters"
"4381",2023-10-09 21:27:15,c(-112.054878885251, 38.4858262834963),3071.13,"meters"
"4382",2023-10-09 21:27:16,c(-112.054879835553, 38.4858262374617),3071.13,"meters"
"4383",2023-10-09 21:27:17,c(-112.054881738752, 38.485826065489),3071.13,"meters"
"4384",2023-10-09 21:27:18,c(-112.05488278359, 38.4858258154767),3071.13,"meters"
"4385",2023-10-09 21:27:19,c(-112.054884211142, 38.4858252325653),3071.13,"meters"
"4386",2023-10-09 21:27:20,c(-112.054885008412, 38.4858232202147),3071.23,"meters"
"4387",2023-10-09 21:27:21,c(-112.054884562802, 38.485820436928),3071.23,"meters"
"4388",2023-10-09 21:27:22,c(-112.054882242305, 38.4858164413834),3071.23,"meters"
"4389",2023-10-09 21:27:23,c(-112.054878361291, 38.4858155132719),3071.32,"meters"
"4390",2023-10-09 21:27:24,c(-112.054875979694, 38.4858199734912),3071.23,"meters"
"4391",2023-10-09 21:27:25,c(-112.054877404158, 38.485822974696),3071.23,"meters"
"4392",2023-10-09 21:27:26,c(-112.054879221367, 38.4858233153532),3071.23,"meters"
"4393",2023-10-09 21:27:27,c(-112.054880264946, 38.4858203398663),3071.23,"meters"
"4394",2023-10-09 21:27:28,c(-112.054878232063, 38.4858201203244),3071.23,"meters"
"4395",2023-10-09 21:27:29,c(-112.054876991857, 38.4858215218622),3071.23,"meters"
"4396",2023-10-09 21:27:30,c(-112.05487486745, 38.4858240403997),3071.23,"meters"
"4397",2023-10-09 21:27:31,c(-112.054874136236, 38.4858239583291),3071.17,"meters"
"4398",2023-10-09 21:27:32,c(-112.054875024863, 38.4858199853995),3071.23,"meters"
"4399",2023-10-09 21:27:33,c(-112.054873955985, 38.48580222701),3071.4,"meters"
"4400",2023-10-09 21:27:34,c(-112.054871607105, 38.4857706018769),3071.56,"meters"
"4401",2023-10-09 21:27:35,c(-112.054868163226, 38.4857327419384),3071.55,"meters"
"4402",2023-10-09 21:27:36,c(-112.054865160989, 38.4857060112201),3071.61,"meters"
"4403",2023-10-09 21:27:37,c(-112.054864171471, 38.4856963901825),3071.65,"meters"
"4404",2023-10-09 21:27:38,c(-112.054863611483, 38.4856937599557),3071.65,"meters"
"4405",2023-10-09 21:27:39,c(-112.054863353303, 38.485693329945),3071.65,"meters"
"4406",2023-10-09 21:27:40,c(-112.054863465469, 38.4856943134582),3071.65,"meters"
"4407",2023-10-09 21:27:41,c(-112.054864347301, 38.4856948906559),3071.65,"meters"
"4408",2023-10-09 21:27:42,c(-112.054864357595, 38.4856952291207),3071.65,"meters"
"4409",2023-10-09 21:27:43,c(-112.054864543931, 38.4856953637175),3071.65,"meters"
"4410",2023-10-09 21:27:44,c(-112.054864574462, 38.4856948286187),3071.65,"meters"
"4411",2023-10-09 21:27:45,c(-112.054864423629, 38.4856942407992),3071.65,"meters"
"4412",2023-10-09 21:27:46,c(-112.054864093953, 38.4856942897933),3071.65,"meters"
"4413",2023-10-09 21:27:47,c(-112.054863524653, 38.4856947201082),3071.65,"meters"
"4414",2023-10-09 21:27:48,c(-112.054863078596, 38.4856951408875),3071.65,"meters"
"4415",2023-10-09 21:27:49,c(-112.054862920621, 38.4856950289793),3071.65,"meters"
"4416",2023-10-09 21:27:50,c(-112.054862621266, 38.4856947399471),3071.65,"meters"
"4417",2023-10-09 21:27:51,c(-112.054862262249, 38.4856936652556),3071.65,"meters"
"4418",2023-10-09 21:27:52,c(-112.054863653496, 38.4856947065169),3071.65,"meters"
"4419",2023-10-09 21:27:53,c(-112.054864465853, 38.4856958262568),3071.65,"meters"
"4420",2023-10-09 21:27:54,c(-112.054863802861, 38.4856957109508),3071.65,"meters"
"4421",2023-10-09 21:27:55,c(-112.054862990925, 38.4856956527497),3071.65,"meters"
"4422",2023-10-09 21:27:56,c(-112.054863568697, 38.485695066684),3071.65,"meters"
"4423",2023-10-09 21:27:57,c(-112.054864437438, 38.4856950790208),3071.65,"meters"
"4424",2023-10-09 21:27:58,c(-112.054864971571, 38.4856942942274),3071.65,"meters"
"4425",2023-10-09 21:27:59,c(-112.054865347603, 38.485694011332),3071.65,"meters"
"4426",2023-10-09 21:28:00,c(-112.054864097602, 38.4856932734922),3071.65,"meters"
"4427",2023-10-09 21:28:01,c(-112.054863216404, 38.4856940145713),3071.65,"meters"
"4428",2023-10-09 21:28:02,c(-112.054864399748, 38.4856966116966),3071.65,"meters"
"4429",2023-10-09 21:28:03,c(-112.05486638801, 38.4856969720464),3071.65,"meters"
"4430",2023-10-09 21:28:04,c(-112.054868457969, 38.4856933750279),3071.65,"meters"
"4431",2023-10-09 21:28:05,c(-112.054865863127, 38.4856916507981),3071.65,"meters"
"4432",2023-10-09 21:28:06,c(-112.054864575793, 38.4856950430087),3071.65,"meters"
"4433",2023-10-09 21:28:07,c(-112.054863833182, 38.4856961960691),3071.65,"meters"
"4434",2023-10-09 21:28:08,c(-112.054863336186, 38.4856947280366),3071.65,"meters"
"4435",2023-10-09 21:28:09,c(-112.05486248748, 38.4856930220948),3071.65,"meters"
"4436",2023-10-09 21:28:10,c(-112.054862390884, 38.4856925987846),3071.65,"meters"
"4437",2023-10-09 21:28:11,c(-112.0548624364, 38.4856916231775),3071.65,"meters"
"4438",2023-10-09 21:28:12,c(-112.05486217815, 38.4856914073622),3071.65,"meters"
"4439",2023-10-09 21:28:13,c(-112.05486135305, 38.4856933084864),3071.65,"meters"
"4440",2023-10-09 21:28:14,c(-112.054860877652, 38.485694591759),3071.65,"meters"
"4441",2023-10-09 21:28:15,c(-112.054860752799, 38.4856956026596),3071.67,"meters"
"4442",2023-10-09 21:28:16,c(-112.054860692647, 38.4856946981871),3071.67,"meters"
"4443",2023-10-09 21:28:17,c(-112.0548609565, 38.4856942403608),3071.65,"meters"
"4444",2023-10-09 21:28:18,c(-112.054862071921, 38.4856943855893),3071.65,"meters"
"4445",2023-10-09 21:28:19,c(-112.054862955282, 38.4856951375993),3071.65,"meters"
"4446",2023-10-09 21:28:20,c(-112.054862684988, 38.4856956245809),3071.65,"meters"
"4447",2023-10-09 21:28:21,c(-112.054862864809, 38.4856951370514),3071.65,"meters"
"4448",2023-10-09 21:28:22,c(-112.054865939937, 38.485694211644),3071.65,"meters"
"4449",2023-10-09 21:28:23,c(-112.054871240029, 38.4856924949874),3071.65,"meters"
"4450",2023-10-09 21:28:24,c(-112.054876624712, 38.4856929452505),3071.67,"meters"
"4451",2023-10-09 21:28:25,c(-112.054876690822, 38.4856954403322),3071.67,"meters"
"4452",2023-10-09 21:28:26,c(-112.054874369109, 38.4856973449518),3071.67,"meters"
"4453",2023-10-09 21:28:27,c(-112.054874232322, 38.4856986349426),3071.67,"meters"
"4454",2023-10-09 21:28:28,c(-112.054880384959, 38.4856934953662),3071.67,"meters"
"4455",2023-10-09 21:28:29,c(-112.054889021235, 38.485681195767),3071.75,"meters"
"4456",2023-10-09 21:28:30,c(-112.054896708398, 38.4856624239053),3071.83,"meters"
"4457",2023-10-09 21:28:31,c(-112.054900980883, 38.4856450307825),3071.83,"meters"
"4458",2023-10-09 21:28:32,c(-112.05490167609, 38.4856384005768),3071.85,"meters"
"4459",2023-10-09 21:28:33,c(-112.054901498998, 38.4856377611323),3071.85,"meters"
"4460",2023-10-09 21:28:34,c(-112.054901636105, 38.4856394934625),3071.85,"meters"
"4461",2023-10-09 21:28:35,c(-112.0549018765, 38.4856419727609),3071.85,"meters"
"4462",2023-10-09 21:28:36,c(-112.05490239069, 38.4856433721069),3071.85,"meters"
"4463",2023-10-09 21:28:37,c(-112.054901218831, 38.4856420636249),3071.85,"meters"
"4464",2023-10-09 21:28:38,c(-112.054901420987, 38.4856405394373),3071.85,"meters"
"4465",2023-10-09 21:28:39,c(-112.054904267208, 38.4856396093167),3071.85,"meters"
"4466",2023-10-09 21:28:40,c(-112.054905203353, 38.485639282385),3071.85,"meters"
"4467",2023-10-09 21:28:41,c(-112.054904611547, 38.4856395695096),3071.85,"meters"
"4468",2023-10-09 21:28:42,c(-112.054904099012, 38.4856404160203),3071.85,"meters"
"4469",2023-10-09 21:28:43,c(-112.054902619322, 38.4856407119578),3071.85,"meters"
"4470",2023-10-09 21:28:44,c(-112.054901031445, 38.4856404544435),3071.85,"meters"
"4471",2023-10-09 21:28:45,c(-112.054898668114, 38.4856400443449),3071.85,"meters"
"4472",2023-10-09 21:28:46,c(-112.054897434343, 38.485638844712),3071.85,"meters"
"4473",2023-10-09 21:28:47,c(-112.05489738288, 38.485639145462),3071.85,"meters"
"4474",2023-10-09 21:28:48,c(-112.05489837751, 38.4856408146589),3071.85,"meters"
"4475",2023-10-09 21:28:49,c(-112.054898995546, 38.4856409893718),3071.85,"meters"
"4476",2023-10-09 21:28:50,c(-112.054900958686, 38.4856408559807),3071.85,"meters"
"4477",2023-10-09 21:28:51,c(-112.054902300848, 38.485640787915),3071.85,"meters"
"4478",2023-10-09 21:28:52,c(-112.054904393462, 38.4856412775273),3071.85,"meters"
"4479",2023-10-09 21:28:53,c(-112.054904664181, 38.4856394214514),3071.85,"meters"
"4480",2023-10-09 21:28:54,c(-112.054902387751, 38.4856373029775),3071.85,"meters"
"4481",2023-10-09 21:28:55,c(-112.054900551845, 38.485636070343),3071.85,"meters"
"4482",2023-10-09 21:28:56,c(-112.05490002834, 38.4856359771774),3071.85,"meters"
"4483",2023-10-09 21:28:57,c(-112.054900918562, 38.4856368163245),3071.85,"meters"
"4484",2023-10-09 21:28:58,c(-112.054905676514, 38.4856378583532),3071.85,"meters"
"4485",2023-10-09 21:28:59,c(-112.05492564164, 38.48563899071),3072.01,"meters"
"4486",2023-10-09 21:29:00,c(-112.054963223376, 38.4856378482895),3072.38,"meters"
"4487",2023-10-09 21:29:01,c(-112.055005722752, 38.4856370079167),3072.2,"meters"
"4488",2023-10-09 21:29:02,c(-112.055023572957, 38.4856366838104),3072.08,"meters"
"4489",2023-10-09 21:29:03,c(-112.055029903482, 38.4856359863966),3072.08,"meters"
"4490",2023-10-09 21:29:04,c(-112.05503183499, 38.4856361239804),3072.08,"meters"
"4491",2023-10-09 21:29:05,c(-112.055031498632, 38.4856365809995),3072.08,"meters"
"4492",2023-10-09 21:29:06,c(-112.055029570575, 38.4856364893685),3072.08,"meters"
"4493",2023-10-09 21:29:07,c(-112.055029852523, 38.4856358347742),3072.08,"meters"
"4494",2023-10-09 21:29:08,c(-112.055030060394, 38.4856364466219),3072.08,"meters"
"4495",2023-10-09 21:29:09,c(-112.055031538848, 38.4856354996222),3072.08,"meters"
"4496",2023-10-09 21:29:10,c(-112.055034423555, 38.485633793159),3072.02,"meters"
"4497",2023-10-09 21:29:11,c(-112.05503417189, 38.4856345487858),3071.98,"meters"
"4498",2023-10-09 21:29:12,c(-112.055034899866, 38.4856379446136),3071.98,"meters"
"4499",2023-10-09 21:29:13,c(-112.05503445262, 38.4856360549982),3071.98,"meters"
"4500",2023-10-09 21:29:14,c(-112.055033260521, 38.4856345297145),3071.98,"meters"
"4501",2023-10-09 21:29:15,c(-112.055032543888, 38.4856353733552),3071.98,"meters"
"4502",2023-10-09 21:29:16,c(-112.055032687741, 38.4856379431155),3071.98,"meters"
"4503",2023-10-09 21:29:17,c(-112.055032109315, 38.4856378608743),3071.98,"meters"
"4504",2023-10-09 21:29:18,c(-112.055032068873, 38.4856375675973),3071.98,"meters"
"4505",2023-10-09 21:29:19,c(-112.055032537935, 38.4856365614896),3071.98,"meters"
"4506",2023-10-09 21:29:20,c(-112.055031873052, 38.4856358828064),3072.08,"meters"
"4507",2023-10-09 21:29:21,c(-112.055032056656, 38.4856357615814),3071.98,"meters"
"4508",2023-10-09 21:29:22,c(-112.055032573789, 38.4856363615674),3071.98,"meters"
"4509",2023-10-09 21:29:23,c(-112.055031144377, 38.4856356424393),3072.08,"meters"
"4510",2023-10-09 21:29:24,c(-112.055029548867, 38.4856354282682),3072.08,"meters"
"4511",2023-10-09 21:29:25,c(-112.055027694211, 38.4856356598911),3072.08,"meters"
"4512",2023-10-09 21:29:26,c(-112.055025560475, 38.4856355448896),3072.08,"meters"
"4513",2023-10-09 21:29:27,c(-112.055027016212, 38.4856355064973),3072.08,"meters"
"4514",2023-10-09 21:29:28,c(-112.055030252331, 38.4856366669309),3072.08,"meters"
"4515",2023-10-09 21:29:29,c(-112.055030384751, 38.4856370671042),3072.08,"meters"
"4516",2023-10-09 21:29:30,c(-112.055028128558, 38.4856368600577),3072.08,"meters"
"4517",2023-10-09 21:29:31,c(-112.055026652508, 38.4856349838141),3072.08,"meters"
"4518",2023-10-09 21:29:32,c(-112.055026658599, 38.4856343406432),3072.12,"meters"
"4519",2023-10-09 21:29:33,c(-112.055027553163, 38.4856341907016),3072.12,"meters"
"4520",2023-10-09 21:29:34,c(-112.055028549675, 38.4856343651951),3072.12,"meters"
"4521",2023-10-09 21:29:35,c(-112.055029646911, 38.4856345380743),3072.08,"meters"
"4522",2023-10-09 21:29:36,c(-112.055031099629, 38.485634909172),3072.08,"meters"
"4523",2023-10-09 21:29:37,c(-112.055032401175, 38.4856366223208),3071.98,"meters"
"4524",2023-10-09 21:29:38,c(-112.055042275961, 38.4856482480591),3071.94,"meters"
"4525",2023-10-09 21:29:39,c(-112.055067146029, 38.4856719051903),3071.68,"meters"
"4526",2023-10-09 21:29:40,c(-112.055098213703, 38.4857037045602),3071.5,"meters"
"4527",2023-10-09 21:29:41,c(-112.055134383701, 38.4857429955684),3070.95,"meters"
"4528",2023-10-09 21:29:42,c(-112.055173262924, 38.4857830925155),3070.73,"meters"
"4529",2023-10-09 21:29:43,c(-112.055211513351, 38.4858121305713),3070.41,"meters"
"4530",2023-10-09 21:29:44,c(-112.055258190956, 38.4858221418064),3070.02,"meters"
"4531",2023-10-09 21:29:45,c(-112.05530276517, 38.4858209351389),3069.73,"meters"
"4532",2023-10-09 21:29:46,c(-112.05533601323, 38.4858276726475),3069.49,"meters"
"4533",2023-10-09 21:29:47,c(-112.055351745271, 38.4858516894174),3069.33,"meters"
"4534",2023-10-09 21:29:48,c(-112.055339545727, 38.4858817374641),3069.41,"meters"
"4535",2023-10-09 21:29:49,c(-112.055302597396, 38.4858929753077),3069.55,"meters"
"4536",2023-10-09 21:29:50,c(-112.055263449906, 38.4858856164762),3069.86,"meters"
"4537",2023-10-09 21:29:51,c(-112.055219740082, 38.4858684911963),3070.2,"meters"
"4538",2023-10-09 21:29:52,c(-112.055169601981, 38.4858451718715),3070.57,"meters"
"4539",2023-10-09 21:29:53,c(-112.055113222162, 38.485821501916),3070.91,"meters"
"4540",2023-10-09 21:29:54,c(-112.055059858741, 38.4857931251783),3071.26,"meters"
"4541",2023-10-09 21:29:55,c(-112.055009587514, 38.4857581103061),3071.63,"meters"
"4542",2023-10-09 21:29:56,c(-112.05497818548, 38.4857342699604),3071.77,"meters"
"4543",2023-10-09 21:29:57,c(-112.05496982383, 38.485726929943),3071.83,"meters"
"4544",2023-10-09 21:29:58,c(-112.05496835149, 38.4857267295822),3071.83,"meters"
"4545",2023-10-09 21:29:59,c(-112.054968198269, 38.4857274767451),3071.83,"meters"
"4546",2023-10-09 21:30:00,c(-112.054967068212, 38.4857301193017),3071.83,"meters"
"4547",2023-10-09 21:30:01,c(-112.054969733492, 38.4857312592889),3071.83,"meters"
"4548",2023-10-09 21:30:02,c(-112.054972868986, 38.4857307866657),3071.83,"meters"
"4549",2023-10-09 21:30:03,c(-112.054970925653, 38.4857314795736),3071.83,"meters"
"4550",2023-10-09 21:30:04,c(-112.054967786533, 38.4857305350094),3071.83,"meters"
"4551",2023-10-09 21:30:05,c(-112.054968194144, 38.485729304029),3071.83,"meters"
"4552",2023-10-09 21:30:06,c(-112.054969506334, 38.4857289949288),3071.83,"meters"
"4553",2023-10-09 21:30:07,c(-112.054971349685, 38.4857284567489),3071.83,"meters"
"4554",2023-10-09 21:30:08,c(-112.054972634614, 38.4857283229315),3071.83,"meters"
"4555",2023-10-09 21:30:09,c(-112.054972983955, 38.4857280473411),3071.83,"meters"
"4556",2023-10-09 21:30:10,c(-112.054973408666, 38.4857269649073),3071.83,"meters"
"4557",2023-10-09 21:30:11,c(-112.054974450563, 38.4857278784773),3071.83,"meters"
"4558",2023-10-09 21:30:12,c(-112.054974971514, 38.4857277430889),3071.83,"meters"
"4559",2023-10-09 21:30:13,c(-112.054976304323, 38.4857295141345),3071.81,"meters"
"4560",2023-10-09 21:30:14,c(-112.054977536127, 38.485731530784),3071.81,"meters"
"4561",2023-10-09 21:30:15,c(-112.054976978161, 38.4857317245385),3071.81,"meters"
"4562",2023-10-09 21:30:16,c(-112.054974802787, 38.4857307346028),3071.83,"meters"
"4563",2023-10-09 21:30:17,c(-112.05497579866, 38.4857283506744),3071.83,"meters"
"4564",2023-10-09 21:30:18,c(-112.054977127113, 38.4857244687299),3071.85,"meters"
"4565",2023-10-09 21:30:19,c(-112.054976317001, 38.485722224248),3071.85,"meters"
"4566",2023-10-09 21:30:20,c(-112.054974051564, 38.4857250949111),3071.83,"meters"
"4567",2023-10-09 21:30:21,c(-112.054972399278, 38.4857263932243),3071.83,"meters"
"4568",2023-10-09 21:30:22,c(-112.054975927027, 38.4857267198273),3071.83,"meters"
"4569",2023-10-09 21:30:23,c(-112.05498034532, 38.4857267974286),3071.81,"meters"
"4570",2023-10-09 21:30:24,c(-112.054984001007, 38.4857280691925),3071.81,"meters"
"4571",2023-10-09 21:30:25,c(-112.054983684429, 38.4857275309153),3071.81,"meters"
"4572",2023-10-09 21:30:26,c(-112.054980779826, 38.4857280275787),3071.81,"meters"
"4573",2023-10-09 21:30:27,c(-112.054979766602, 38.4857255705338),3071.81,"meters"
"4574",2023-10-09 21:30:28,c(-112.05497973049, 38.4857269367381),3071.81,"meters"
"4575",2023-10-09 21:30:29,c(-112.054979174354, 38.4857298154426),3071.81,"meters"
"4576",2023-10-09 21:30:30,c(-112.054978587477, 38.4857311225),3071.81,"meters"
"4577",2023-10-09 21:30:31,c(-112.054977859782, 38.4857294904598),3071.81,"meters"
"4578",2023-10-09 21:30:32,c(-112.054976916551, 38.4857277495801),3071.81,"meters"
"4579",2023-10-09 21:30:33,c(-112.054975556043, 38.4857283913258),3071.83,"meters"
"4580",2023-10-09 21:30:34,c(-112.054975119228, 38.485729975249),3071.83,"meters"
"4581",2023-10-09 21:30:35,c(-112.054975278604, 38.4857300040756),3071.83,"meters"
"4582",2023-10-09 21:30:36,c(-112.054975529291, 38.4857295490991),3071.83,"meters"
"4583",2023-10-09 21:30:37,c(-112.054975985712, 38.4857284744077),3071.81,"meters"
"4584",2023-10-09 21:30:38,c(-112.0549762051, 38.4857272809029),3071.81,"meters"
"4585",2023-10-09 21:30:39,c(-112.054975632019, 38.4857270714448),3071.83,"meters"
"4586",2023-10-09 21:30:40,c(-112.054974819407, 38.4857271747185),3071.83,"meters"
"4587",2023-10-09 21:30:41,c(-112.054976094446, 38.4857262610545),3071.81,"meters"
"4588",2023-10-09 21:30:42,c(-112.054976899394, 38.4857260307313),3071.81,"meters"
"4589",2023-10-09 21:30:43,c(-112.054976057349, 38.485727235964),3071.81,"meters"
"4590",2023-10-09 21:30:44,c(-112.054974924841, 38.485728674001),3071.83,"meters"
"4591",2023-10-09 21:30:45,c(-112.05497307332, 38.4857291179072),3071.83,"meters"
"4592",2023-10-09 21:30:46,c(-112.054973463495, 38.4857289196292),3071.83,"meters"
"4593",2023-10-09 21:30:47,c(-112.05497461463, 38.4857287863477),3071.83,"meters"
"4594",2023-10-09 21:30:48,c(-112.054975656735, 38.4857285022478),3071.83,"meters"
"4595",2023-10-09 21:30:49,c(-112.054978098424, 38.4857270046946),3071.81,"meters"
"4596",2023-10-09 21:30:50,c(-112.054977372661, 38.4857264841977),3071.81,"meters"
"4597",2023-10-09 21:30:51,c(-112.054975206983, 38.4857271781617),3071.83,"meters"
"4598",2023-10-09 21:30:52,c(-112.054973938613, 38.48572734853),3071.83,"meters"
"4599",2023-10-09 21:30:53,c(-112.054974442929, 38.48572714521),3071.83,"meters"
"4600",2023-10-09 21:30:54,c(-112.054974520518, 38.4857273583945),3071.83,"meters"
"4601",2023-10-09 21:30:55,c(-112.054973645841, 38.4857276910502),3071.83,"meters"
"4602",2023-10-09 21:30:56,c(-112.054973546755, 38.4857277091353),3071.83,"meters"
"4603",2023-10-09 21:30:57,c(-112.054973858575, 38.4857272528435),3071.83,"meters"
"4604",2023-10-09 21:30:58,c(-112.054974543835, 38.4857266109881),3071.83,"meters"
"4605",2023-10-09 21:30:59,c(-112.054975712686, 38.4857262229811),3071.83,"meters"
"4606",2023-10-09 21:31:00,c(-112.054975026446, 38.4857267348433),3071.83,"meters"
"4607",2023-10-09 21:31:01,c(-112.054974334533, 38.4857268597948),3071.83,"meters"
"4608",2023-10-09 21:31:02,c(-112.054972861426, 38.4857265577193),3071.83,"meters"
"4609",2023-10-09 21:31:03,c(-112.054972046898, 38.4857267148949),3071.83,"meters"
"4610",2023-10-09 21:31:04,c(-112.054972430072, 38.4857280117586),3071.83,"meters"
"4611",2023-10-09 21:31:05,c(-112.054973483802, 38.4857290672569),3071.83,"meters"
"4612",2023-10-09 21:31:06,c(-112.054974381238, 38.4857277264532),3071.83,"meters"
"4613",2023-10-09 21:31:07,c(-112.054976076877, 38.4857249000412),3071.85,"meters"
"4614",2023-10-09 21:31:08,c(-112.054976431, 38.4857217595865),3071.85,"meters"
"4615",2023-10-09 21:31:09,c(-112.054973684708, 38.48571967805),3071.89,"meters"
"4616",2023-10-09 21:31:10,c(-112.054972219391, 38.4857198712739),3071.89,"meters"
"4617",2023-10-09 21:31:11,c(-112.054972766878, 38.4857224444572),3071.89,"meters"
"4618",2023-10-09 21:31:12,c(-112.054972623132, 38.485727454848),3071.83,"meters"
"4619",2023-10-09 21:31:13,c(-112.054970923076, 38.4857297478156),3071.83,"meters"
"4620",2023-10-09 21:31:14,c(-112.054969985304, 38.4857294910077),3071.83,"meters"
"4621",2023-10-09 21:31:15,c(-112.054969954704, 38.4857289634718),3071.83,"meters"
"4622",2023-10-09 21:31:16,c(-112.054968606661, 38.4857279135515),3071.83,"meters"
"4623",2023-10-09 21:31:17,c(-112.0549685297, 38.4857268165),3071.83,"meters"
"4624",2023-10-09 21:31:18,c(-112.054979089464, 38.4857339574705),3071.81,"meters"
"4625",2023-10-09 21:31:19,c(-112.055009191413, 38.4857535532188),3071.63,"meters"
"4626",2023-10-09 21:31:20,c(-112.055052247436, 38.4857811194899),3071.38,"meters"
"4627",2023-10-09 21:31:21,c(-112.055108902809, 38.4858119708221),3070.96,"meters"
"4628",2023-10-09 21:31:22,c(-112.055172704453, 38.4858402901053),3070.53,"meters"
"4629",2023-10-09 21:31:23,c(-112.055236465819, 38.4858683147261),3070.08,"meters"
"4630",2023-10-09 21:31:24,c(-112.055311838622, 38.48590358838),3069.47,"meters"
"4631",2023-10-09 21:31:25,c(-112.055399531151, 38.4859448614739),3069.49,"meters"
"4632",2023-10-09 21:31:26,c(-112.055489794895, 38.4859873919632),3069.73,"meters"
"4633",2023-10-09 21:31:27,c(-112.055586736116, 38.4860336040243),3070.92,"meters"
"4634",2023-10-09 21:31:28,c(-112.05568900222, 38.4860824934428),3074.28,"meters"
"4635",2023-10-09 21:31:29,c(-112.055792198257, 38.486131761223),3078.02,"meters"
"4636",2023-10-09 21:31:30,c(-112.055890290974, 38.4861787163069),3081.28,"meters"
"4637",2023-10-09 21:31:31,c(-112.055980994627, 38.4862226124934),3085.89,"meters"
"4638",2023-10-09 21:31:32,c(-112.056063173268, 38.4862622909131),3089.75,"meters"
"4639",2023-10-09 21:31:33,c(-112.056145023001, 38.4863013564133),3089.19,"meters"
"4640",2023-10-09 21:31:34,c(-112.056226725477, 38.4863418683897),3088.47,"meters"
"4641",2023-10-09 21:31:35,c(-112.056287243994, 38.4863956769455),3088.6,"meters"
"4642",2023-10-09 21:31:36,c(-112.056328071776, 38.4864630858018),3088.97,"meters"
"4643",2023-10-09 21:31:37,c(-112.056366479433, 38.4865357769231),3089.34,"meters"
"4644",2023-10-09 21:31:38,c(-112.05640791684, 38.486614286394),3089.58,"meters"
"4645",2023-10-09 21:31:39,c(-112.056454920783, 38.4867041193092),3089.73,"meters"
"4646",2023-10-09 21:31:40,c(-112.056508740779, 38.4868051073137),3089.58,"meters"
"4647",2023-10-09 21:31:41,c(-112.056576036652, 38.4869099181737),3088.91,"meters"
"4648",2023-10-09 21:31:42,c(-112.056659169299, 38.4870157926542),3088.18,"meters"
"4649",2023-10-09 21:31:43,c(-112.056750269136, 38.4871271188511),3087.22,"meters"
"4650",2023-10-09 21:31:44,c(-112.056847935815, 38.4872428636136),3085.93,"meters"
"4651",2023-10-09 21:31:45,c(-112.056947929412, 38.487362242598),3083.92,"meters"
"4652",2023-10-09 21:31:46,c(-112.057049520132, 38.4874847201574),3081.52,"meters"
"4653",2023-10-09 21:31:47,c(-112.057152404487, 38.4876093021612),3079.3,"meters"
"4654",2023-10-09 21:31:48,c(-112.057255259293, 38.4877350577216),3076.7,"meters"
"4655",2023-10-09 21:31:49,c(-112.05735897519, 38.4878628955857),3073.61,"meters"
"4656",2023-10-09 21:31:50,c(-112.057462005688, 38.4879904997689),3070.47,"meters"
"4657",2023-10-09 21:31:51,c(-112.057560080994, 38.4881114441655),3066.83,"meters"
"4658",2023-10-09 21:31:52,c(-112.057663795148, 38.4882392941141),3063.3,"meters"
"4659",2023-10-09 21:31:53,c(-112.05777303861, 38.4883743852563),3059.5,"meters"
"4660",2023-10-09 21:31:54,c(-112.057877692557, 38.4885021842102),3055.28,"meters"
"4661",2023-10-09 21:31:55,c(-112.057983161311, 38.488630335549),3051.46,"meters"
"4662",2023-10-09 21:31:56,c(-112.058081694068, 38.4887524602002),3048.66,"meters"
"4663",2023-10-09 21:31:57,c(-112.058181209273, 38.4888834199612),3045.16,"meters"
"4664",2023-10-09 21:31:58,c(-112.05828768769, 38.4890197186778),3041.57,"meters"
"4665",2023-10-09 21:31:59,c(-112.058390632057, 38.4891491008972),3039.23,"meters"
"4666",2023-10-09 21:32:00,c(-112.058490670057, 38.4892801622328),3037.13,"meters"
"4667",2023-10-09 21:32:01,c(-112.058583032902, 38.4894123452264),3033.74,"meters"
"4668",2023-10-09 21:32:02,c(-112.058676663575, 38.489543737245),3031.58,"meters"
"4669",2023-10-09 21:32:03,c(-112.05877105083, 38.489674544787),3029.94,"meters"
"4670",2023-10-09 21:32:04,c(-112.058865332977, 38.4898053383542),3027.42,"meters"
"4671",2023-10-09 21:32:05,c(-112.058961971277, 38.4899373089305),3025.02,"meters"
"4672",2023-10-09 21:32:06,c(-112.059059078147, 38.4900686818775),3022.39,"meters"
"4673",2023-10-09 21:32:07,c(-112.059155129958, 38.4901998253633),3020.42,"meters"
"4674",2023-10-09 21:32:08,c(-112.05925124654, 38.4903321009196),3018.55,"meters"
"4675",2023-10-09 21:32:09,c(-112.05934731176, 38.4904640514928),3016.04,"meters"
"4676",2023-10-09 21:32:10,c(-112.059442956516, 38.4905952345466),3013.77,"meters"
"4677",2023-10-09 21:32:11,c(-112.059539005595, 38.4907266365392),3011.87,"meters"
"4678",2023-10-09 21:32:12,c(-112.059635580453, 38.4908590765052),3009.81,"meters"
"4679",2023-10-09 21:32:13,c(-112.059731965685, 38.4909908810825),3007.32,"meters"
"4680",2023-10-09 21:32:14,c(-112.059828482388, 38.4911226597926),3006.66,"meters"
"4681",2023-10-09 21:32:15,c(-112.059924950284, 38.4912542555696),3005.22,"meters"
"4682",2023-10-09 21:32:16,c(-112.060021154817, 38.4913855549158),3005.18,"meters"
"4683",2023-10-09 21:32:17,c(-112.060116665477, 38.4915168967346),3004.86,"meters"
"4684",2023-10-09 21:32:18,c(-112.060212224979, 38.4916485490137),3004.03,"meters"
"4685",2023-10-09 21:32:19,c(-112.060307962343, 38.4917800441719),3002.99,"meters"
"4686",2023-10-09 21:32:20,c(-112.060404067266, 38.4919129169191),3002.02,"meters"
"4687",2023-10-09 21:32:21,c(-112.060501215416, 38.4920472631061),3000.99,"meters"
"4688",2023-10-09 21:32:22,c(-112.060598247395, 38.492180240089),2999.41,"meters"
"4689",2023-10-09 21:32:23,c(-112.060695999367, 38.4923135815135),2997.39,"meters"
"4690",2023-10-09 21:32:24,c(-112.060788942602, 38.4924405570976),2994.82,"meters"
"4691",2023-10-09 21:32:25,c(-112.060880995419, 38.4925670080077),2991.22,"meters"
"4692",2023-10-09 21:32:26,c(-112.060982573612, 38.4927071156638),2988.07,"meters"
"4693",2023-10-09 21:32:27,c(-112.061083851212, 38.4928467313414),2985.28,"meters"
"4694",2023-10-09 21:32:28,c(-112.061180725951, 38.4929796422316),2982.96,"meters"
"4695",2023-10-09 21:32:29,c(-112.061275912329, 38.4931132692357),2981.1,"meters"
"4696",2023-10-09 21:32:30,c(-112.061359655635, 38.4932484439929),2979.65,"meters"
"4697",2023-10-09 21:32:31,c(-112.061445058942, 38.4933832379223),2978.4,"meters"
"4698",2023-10-09 21:32:32,c(-112.061531519744, 38.4935185530305),2977.22,"meters"
"4699",2023-10-09 21:32:33,c(-112.061618801356, 38.493654611983),2976.42,"meters"
"4700",2023-10-09 21:32:34,c(-112.061705638033, 38.4937900389994),2975.61,"meters"
"4701",2023-10-09 21:32:35,c(-112.0617929201, 38.4939250574576),2975.1,"meters"
"4702",2023-10-09 21:32:36,c(-112.061875157792, 38.4940524677167),2974.71,"meters"
"4703",2023-10-09 21:32:37,c(-112.061960709109, 38.4941866308764),2974.25,"meters"
"4704",2023-10-09 21:32:38,c(-112.062049913529, 38.494327578594),2973.73,"meters"
"4705",2023-10-09 21:32:39,c(-112.062135980705, 38.4944635111156),2973.23,"meters"
"4706",2023-10-09 21:32:40,c(-112.062222961422, 38.4945998577851),2973.07,"meters"
"4707",2023-10-09 21:32:41,c(-112.062305742687, 38.494730088508),2973,"meters"
"4708",2023-10-09 21:32:42,c(-112.062393572765, 38.4948679214889),2973,"meters"
"4709",2023-10-09 21:32:43,c(-112.062486478167, 38.4950109459278),2972.93,"meters"
"4710",2023-10-09 21:32:44,c(-112.062573073451, 38.4951452699196),2972.87,"meters"
"4711",2023-10-09 21:32:45,c(-112.062656052071, 38.4952733915612),2972.83,"meters"
"4712",2023-10-09 21:32:46,c(-112.062745674541, 38.4954055846523),2972.75,"meters"
"4713",2023-10-09 21:32:47,c(-112.062849557685, 38.4955302209737),2972.68,"meters"
"4714",2023-10-09 21:32:48,c(-112.062932039945, 38.4956541005102),2972.69,"meters"
"4715",2023-10-09 21:32:49,c(-112.063012492705, 38.4957856108491),2972.65,"meters"
"4716",2023-10-09 21:32:50,c(-112.063088215964, 38.4959138151127),2972.82,"meters"
"4717",2023-10-09 21:32:51,c(-112.063166871424, 38.4960505999319),2972.96,"meters"
"4718",2023-10-09 21:32:52,c(-112.0632471262, 38.4961950744319),2973.6,"meters"
"4719",2023-10-09 21:32:53,c(-112.063325538863, 38.496334091074),2974.46,"meters"
"4720",2023-10-09 21:32:54,c(-112.063404403185, 38.4964727566739),2975.16,"meters"
"4721",2023-10-09 21:32:55,c(-112.063482305238, 38.4966107728829),2975.8,"meters"
"4722",2023-10-09 21:32:56,c(-112.063560956825, 38.4967481751039),2976.75,"meters"
"4723",2023-10-09 21:32:57,c(-112.063643562251, 38.4968844962351),2977.94,"meters"
"4724",2023-10-09 21:32:58,c(-112.063728356227, 38.4970211726762),2978.85,"meters"
"4725",2023-10-09 21:32:59,c(-112.063813688118, 38.4971589573621),2980.33,"meters"
"4726",2023-10-09 21:33:00,c(-112.06389701155, 38.4972971456119),2982.03,"meters"
"4727",2023-10-09 21:33:01,c(-112.063975596067, 38.4974246983747),2983.77,"meters"
"4728",2023-10-09 21:33:02,c(-112.064036167766, 38.4975223610478),2985.56,"meters"
"4729",2023-10-09 21:33:03,c(-112.0640682083, 38.4975831494459),2986.73,"meters"
"4730",2023-10-09 21:33:04,c(-112.064083183681, 38.4976152555611),2987.41,"meters"
"4731",2023-10-09 21:33:05,c(-112.064097527393, 38.4976423823341),2987.8,"meters"
"4732",2023-10-09 21:33:06,c(-112.064116182227, 38.497674156706),2988.24,"meters"
"4733",2023-10-09 21:33:07,c(-112.064140613254, 38.4977140042454),2988.8,"meters"
"4734",2023-10-09 21:33:08,c(-112.064167791966, 38.4977596768309),2989.4,"meters"
"4735",2023-10-09 21:33:09,c(-112.064196794783, 38.4978073386672),2989.91,"meters"
"4736",2023-10-09 21:33:10,c(-112.064223753143, 38.4978515177355),2990.55,"meters"
"4737",2023-10-09 21:33:11,c(-112.064247175682, 38.4978912302357),2991.09,"meters"
"4738",2023-10-09 21:33:12,c(-112.064269061754, 38.4979281689883),2991.57,"meters"
"4739",2023-10-09 21:33:13,c(-112.064289662391, 38.4979621783651),2992.36,"meters"
"4740",2023-10-09 21:33:14,c(-112.064308467946, 38.4979968168778),2992.56,"meters"
"4741",2023-10-09 21:33:15,c(-112.064324087328, 38.4980286836758),2992.96,"meters"
"4742",2023-10-09 21:33:16,c(-112.06432981139, 38.4980410640513),2993.32,"meters"
"4743",2023-10-09 21:33:17,c(-112.064335707595, 38.4980520455753),2993.46,"meters"
"4744",2023-10-09 21:33:18,c(-112.064341784736, 38.4980644463968),2993.61,"meters"
"4745",2023-10-09 21:33:19,c(-112.06434918325, 38.4980772450028),2993.77,"meters"
"4746",2023-10-09 21:33:20,c(-112.064358472562, 38.4980905124034),2993.81,"meters"
"4747",2023-10-09 21:33:21,c(-112.06436758848, 38.4981043013644),2993.89,"meters"
"4748",2023-10-09 21:33:22,c(-112.064377040654, 38.4981183116685),2994.01,"meters"
"4749",2023-10-09 21:33:23,c(-112.06438661964, 38.4981331400646),2994.16,"meters"
"4750",2023-10-09 21:33:24,c(-112.064392951568, 38.498143975058),2994.28,"meters"
"4751",2023-10-09 21:33:25,c(-112.064394086923, 38.4981471161204),2994.28,"meters"
"4752",2023-10-09 21:33:26,c(-112.064395273133, 38.4981492168792),2994.34,"meters"
"4753",2023-10-09 21:33:27,c(-112.064397740115, 38.4981526404736),2994.34,"meters"
"4754",2023-10-09 21:33:28,c(-112.064400056986, 38.4981561012629),2994.4,"meters"
"4755",2023-10-09 21:33:29,c(-112.064400217344, 38.4981562199808),2994.4,"meters"
"4756",2023-10-09 21:33:30,c(-112.064400604654, 38.4981566607219),2994.4,"meters"
"4757",2023-10-09 21:33:31,c(-112.064402017639, 38.4981579545904),2994.46,"meters"
"4758",2023-10-09 21:33:32,c(-112.064402803575, 38.4981587632714),2994.46,"meters"
"4759",2023-10-09 21:33:33,c(-112.064404335182, 38.4981610898748),2994.46,"meters"
"4760",2023-10-09 21:33:34,c(-112.064404547012, 38.498161127495),2994.46,"meters"
"4761",2023-10-09 21:33:35,c(-112.064404739343, 38.498160875497),2994.46,"meters"
"4762",2023-10-09 21:33:36,c(-112.064404497032, 38.4981604764268),2994.46,"meters"
"4763",2023-10-09 21:33:37,c(-112.064403559558, 38.4981598302082),2994.46,"meters"
"4764",2023-10-09 21:33:38,c(-112.064402812107, 38.4981597567774),2994.46,"meters"
"4765",2023-10-09 21:33:39,c(-112.064403211784, 38.4981597137713),2994.46,"meters"
"4766",2023-10-09 21:33:40,c(-112.064403790856, 38.4981599530881),2994.46,"meters"
"4767",2023-10-09 21:33:41,c(-112.06440382703, 38.4981601267948),2994.46,"meters"
"4768",2023-10-09 21:33:42,c(-112.064403618877, 38.4981600401841),2994.46,"meters"
"4769",2023-10-09 21:33:43,c(-112.064403237748, 38.4981596410046),2994.46,"meters"
"4770",2023-10-09 21:33:44,c(-112.064403223877, 38.4981594823881),2994.46,"meters"
"4771",2023-10-09 21:33:45,c(-112.064403433403, 38.4981593765069),2994.46,"meters"
"4772",2023-10-09 21:33:46,c(-112.064403351434, 38.4981592846446),2994.46,"meters"
"4773",2023-10-09 21:33:47,c(-112.064403319243, 38.4981593481758),2994.46,"meters"
"4774",2023-10-09 21:33:48,c(-112.064403219956, 38.498159350702),2994.46,"meters"
"4775",2023-10-09 21:33:49,c(-112.064403157519, 38.4981593455184),2994.46,"meters"
"4776",2023-10-10 00:18:45,c(-112.064416687198, 38.498136126995),2994.36,"meters"
"4777",2023-10-10 00:18:46,c(-112.064416555569, 38.4981361716391),2994.36,"meters"
"4778",2023-10-10 00:18:47,c(-112.064416413143, 38.4981362743197),2994.36,"meters"
"4779",2023-10-10 00:18:48,c(-112.064416308528, 38.4981363599228),2994.36,"meters"
"4780",2023-10-10 00:18:49,c(-112.064416273981, 38.498136401507),2994.36,"meters"
"4781",2023-10-10 00:18:50,c(-112.064416216656, 38.4981364626417),2994.36,"meters"
"4782",2023-10-10 00:18:51,c(-112.064416187318, 38.49813643015),2994.36,"meters"
"4783",2023-10-10 00:18:52,c(-112.064415125967, 38.4981356594051),2994.36,"meters"
"4784",2023-10-10 00:18:53,c(-112.064413575752, 38.4981344950201),2994.36,"meters"
"4785",2023-10-10 00:18:54,c(-112.064412551307, 38.4981345996334),2994.36,"meters"
"4786",2023-10-10 00:18:55,c(-112.064412138936, 38.4981351111725),2994.36,"meters"
"4787",2023-10-10 00:18:56,c(-112.064406950314, 38.4981278700582),2994.23,"meters"
"4788",2023-10-10 00:18:57,c(-112.06438628825, 38.4980987314842),2993.89,"meters"
"4789",2023-10-10 00:18:58,c(-112.064349569035, 38.4980488908636),2993.36,"meters"
"4790",2023-10-10 00:18:59,c(-112.06430583958, 38.4979894128358),2992.54,"meters"
"4791",2023-10-10 00:19:00,c(-112.064254290121, 38.4979177804033),2991.31,"meters"
"4792",2023-10-10 00:19:01,c(-112.064200384233, 38.4978373577217),2990.35,"meters"
"4793",2023-10-10 00:19:02,c(-112.064156600221, 38.4977601626287),2989.32,"meters"
"4794",2023-10-10 00:19:03,c(-112.064110657768, 38.4976784076856),2988.24,"meters"
"4795",2023-10-10 00:19:04,c(-112.06406426177, 38.4975915143014),2986.85,"meters"
"4796",2023-10-10 00:19:05,c(-112.064030920774, 38.4975092685074),2985.14,"meters"
"4797",2023-10-10 00:19:06,c(-112.064000419888, 38.4974216775497),2983.68,"meters"
"4798",2023-10-10 00:19:07,c(-112.063973736449, 38.4973280025607),2982.33,"meters"
"4799",2023-10-10 00:19:08,c(-112.063968805226, 38.4972416324373),2981.4,"meters"
"4800",2023-10-10 00:19:09,c(-112.063964945627, 38.4971485025996),2980.33,"meters"
"4801",2023-10-10 00:19:10,c(-112.063959481738, 38.4970518370637),2979.13,"meters"
"4802",2023-10-10 00:19:11,c(-112.063953531582, 38.4969620471505),2978.34,"meters"
"4803",2023-10-10 00:19:12,c(-112.063948415023, 38.4968783603426),2977.79,"meters"
"4804",2023-10-10 00:19:13,c(-112.063942364749, 38.4967908998588),2976.98,"meters"
"4805",2023-10-10 00:19:14,c(-112.063936615345, 38.4967011349303),2976.6,"meters"
"4806",2023-10-10 00:19:15,c(-112.063931511549, 38.4966174901167),2976.02,"meters"
"4807",2023-10-10 00:19:16,c(-112.063927739051, 38.496540719263),2975.5,"meters"
"4808",2023-10-10 00:19:17,c(-112.063925415929, 38.4964619145162),2974.96,"meters"
"4809",2023-10-10 00:19:18,c(-112.063928986872, 38.4963809755817),2974.47,"meters"
"4810",2023-10-10 00:19:19,c(-112.063935304881, 38.4963092953378),2974.08,"meters"
"4811",2023-10-10 00:19:20,c(-112.063941939437, 38.4962353249803),2973.66,"meters"
"4812",2023-10-10 00:19:21,c(-112.063944247158, 38.4961581851022),2973.19,"meters"
"4813",2023-10-10 00:19:22,c(-112.063917936175, 38.4960964109894),2972.83,"meters"
"4814",2023-10-10 00:19:23,c(-112.063881080503, 38.4960329912813),2972.56,"meters"
"4815",2023-10-10 00:19:24,c(-112.063843927188, 38.4959579558259),2972.3,"meters"
"4816",2023-10-10 00:19:25,c(-112.063806079776, 38.4958801771979),2972.27,"meters"
"4817",2023-10-10 00:19:26,c(-112.063773509305, 38.4958070728874),2972.22,"meters"
"4818",2023-10-10 00:19:27,c(-112.063747535815, 38.4957304120889),2972.31,"meters"
"4819",2023-10-10 00:19:28,c(-112.063724078618, 38.4956437974792),2972.33,"meters"
"4820",2023-10-10 00:19:29,c(-112.063727745511, 38.4955603953984),2972.35,"meters"
"4821",2023-10-10 00:19:30,c(-112.063756782358, 38.4954796881497),2972.38,"meters"
"4822",2023-10-10 00:19:31,c(-112.063793275648, 38.4953971876237),2972.36,"meters"
"4823",2023-10-10 00:19:32,c(-112.063828334536, 38.4953214772401),2972.35,"meters"
"4824",2023-10-10 00:19:33,c(-112.063848441459, 38.4952473500865),2972.36,"meters"
"4825",2023-10-10 00:19:34,c(-112.063861012172, 38.4951694593275),2972.33,"meters"
"4826",2023-10-10 00:19:35,c(-112.063871238755, 38.4950904169546),2972.28,"meters"
"4827",2023-10-10 00:19:36,c(-112.063879523861, 38.4950137935989),2972.31,"meters"
"4828",2023-10-10 00:19:37,c(-112.063889936028, 38.4949268008173),2972.3,"meters"
"4829",2023-10-10 00:19:38,c(-112.063901784468, 38.4948399727492),2972.32,"meters"
"4830",2023-10-10 00:19:39,c(-112.063913481477, 38.4947577776712),2972.23,"meters"
"4831",2023-10-10 00:19:40,c(-112.063924629858, 38.4946823564686),2972.36,"meters"
"4832",2023-10-10 00:19:41,c(-112.063935067574, 38.494608565773),2972.7,"meters"
"4833",2023-10-10 00:19:42,c(-112.063932722895, 38.4945276579668),2973.2,"meters"
"4834",2023-10-10 00:19:43,c(-112.063927034936, 38.4944437611072),2973.45,"meters"
"4835",2023-10-10 00:19:44,c(-112.063922919063, 38.4943615095332),2973.32,"meters"
"4836",2023-10-10 00:19:45,c(-112.063918272894, 38.4942770603462),2972.86,"meters"
"4837",2023-10-10 00:19:46,c(-112.063913728468, 38.4941901056804),2972.54,"meters"
"4838",2023-10-10 00:19:47,c(-112.063908880974, 38.4941091431072),2972.5,"meters"
"4839",2023-10-10 00:19:48,c(-112.063904014739, 38.4940375199227),2972.48,"meters"
"4840",2023-10-10 00:19:49,c(-112.063900844733, 38.493990670554),2972.54,"meters"
"4841",2023-10-10 00:19:50,c(-112.06390000091, 38.4939753293625),2972.56,"meters"
"4842",2023-10-10 00:19:51,c(-112.063899956004, 38.4939701808334),2972.58,"meters"
"4843",2023-10-10 00:19:52,c(-112.063900536728, 38.4939689611764),2972.58,"meters"
"4844",2023-10-10 00:19:53,c(-112.063902207996, 38.4939710817975),2972.58,"meters"
"4845",2023-10-10 00:19:54,c(-112.063902657712, 38.4939693654687),2972.54,"meters"
"4846",2023-10-10 00:19:55,c(-112.063901579086, 38.4939473484012),2972.61,"meters"
"4847",2023-10-10 00:19:56,c(-112.063899126525, 38.4939020426028),2972.67,"meters"
"4848",2023-10-10 00:19:57,c(-112.063895746908, 38.4938458086222),2972.8,"meters"
"4849",2023-10-10 00:19:58,c(-112.063891867738, 38.4937778256615),2972.96,"meters"
"4850",2023-10-10 00:19:59,c(-112.063886949642, 38.4936923967432),2973.35,"meters"
"4851",2023-10-10 00:20:00,c(-112.063880924182, 38.4936036417381),2973.71,"meters"
"4852",2023-10-10 00:20:01,c(-112.06387398386, 38.4935141615138),2974.03,"meters"
"4853",2023-10-10 00:20:02,c(-112.06386647552, 38.4934120608569),2974.46,"meters"
"4854",2023-10-10 00:20:03,c(-112.063859865026, 38.4933132848462),2974.99,"meters"
"4855",2023-10-10 00:20:04,c(-112.063854547962, 38.4932192136082),2975.88,"meters"
"4856",2023-10-10 00:20:05,c(-112.063848683249, 38.4931183237723),2977.14,"meters"
"4857",2023-10-10 00:20:06,c(-112.063842242417, 38.4930113479201),2978.47,"meters"
"4858",2023-10-10 00:20:07,c(-112.06383610343, 38.4929084748578),2979.56,"meters"
"4859",2023-10-10 00:20:08,c(-112.063830559562, 38.4928108834846),2980.65,"meters"
"4860",2023-10-10 00:20:09,c(-112.063824299401, 38.492702358945),2981.97,"meters"
"4861",2023-10-10 00:20:10,c(-112.063816989205, 38.4925978911828),2983.37,"meters"
"4862",2023-10-10 00:20:11,c(-112.06380996448, 38.4924927281621),2984.95,"meters"
"4863",2023-10-10 00:20:12,c(-112.063803436227, 38.4923823669442),2986.48,"meters"
"4864",2023-10-10 00:20:13,c(-112.063797430537, 38.4922778442615),2988.52,"meters"
"4865",2023-10-10 00:20:14,c(-112.063791646679, 38.4921784556916),2990.48,"meters"
"4866",2023-10-10 00:20:15,c(-112.063786052238, 38.4920743150988),2992.41,"meters"
"4867",2023-10-10 00:20:16,c(-112.063779702883, 38.4919644921376),2994.63,"meters"
"4868",2023-10-10 00:20:17,c(-112.063770120239, 38.4918658867416),2996.46,"meters"
"4869",2023-10-10 00:20:18,c(-112.063756809972, 38.4917678665398),2998.52,"meters"
"4870",2023-10-10 00:20:19,c(-112.063741116692, 38.4916649073366),3000.59,"meters"
"4871",2023-10-10 00:20:20,c(-112.063723539655, 38.4915573203547),3002.63,"meters"
"4872",2023-10-10 00:20:21,c(-112.063707738162, 38.4914545874504),3004.93,"meters"
"4873",2023-10-10 00:20:22,c(-112.063693096455, 38.4913569641209),3007.99,"meters"
"4874",2023-10-10 00:20:23,c(-112.063677477544, 38.4912541546947),3012.05,"meters"
"4875",2023-10-10 00:20:24,c(-112.063656420391, 38.4911466245734),3016.3,"meters"
"4876",2023-10-10 00:20:25,c(-112.063629620921, 38.4910446340637),3020.17,"meters"
"4877",2023-10-10 00:20:26,c(-112.063600201127, 38.4909431096743),3023.67,"meters"
"4878",2023-10-10 00:20:27,c(-112.063570317607, 38.4908415274371),3026.87,"meters"
"4879",2023-10-10 00:20:28,c(-112.0635403759, 38.4907400420189),3029.63,"meters"
"4880",2023-10-10 00:20:29,c(-112.063509219658, 38.4906331101888),3033.21,"meters"
"4881",2023-10-10 00:20:30,c(-112.063479510804, 38.4905313231157),3036.8,"meters"
"4882",2023-10-10 00:20:31,c(-112.063449772742, 38.4904296447173),3039.88,"meters"
"4883",2023-10-10 00:20:32,c(-112.063421012726, 38.4903328701366),3043.16,"meters"
"4884",2023-10-10 00:20:33,c(-112.063391385678, 38.4902316819119),3046.13,"meters"
"4885",2023-10-10 00:20:34,c(-112.063361597085, 38.4901271822013),3048.5,"meters"
"4886",2023-10-10 00:20:35,c(-112.06334045198, 38.49003091047),3050.76,"meters"
"4887",2023-10-10 00:20:36,c(-112.063321040149, 38.4899277888837),3053.14,"meters"
"4888",2023-10-10 00:20:37,c(-112.063299939893, 38.4898195960824),3055.06,"meters"
"4889",2023-10-10 00:20:38,c(-112.063279393228, 38.4897164321891),3057.2,"meters"
"4890",2023-10-10 00:20:39,c(-112.063259846282, 38.4896185731449),3059.05,"meters"
"4891",2023-10-10 00:20:40,c(-112.063239463683, 38.4895151363794),3061.83,"meters"
"4892",2023-10-10 00:20:41,c(-112.063218666691, 38.4894068056934),3064.74,"meters"
"4893",2023-10-10 00:20:42,c(-112.063199993099, 38.489308580491),3067.28,"meters"
"4894",2023-10-10 00:20:43,c(-112.063180777138, 38.4892099847218),3070.3,"meters"
"4895",2023-10-10 00:20:44,c(-112.063159832856, 38.4891015242717),3073.76,"meters"
"4896",2023-10-10 00:20:45,c(-112.063140030338, 38.4889978476289),3076.96,"meters"
"4897",2023-10-10 00:20:46,c(-112.063121654864, 38.4888997397175),3080.76,"meters"
"4898",2023-10-10 00:20:47,c(-112.063100934404, 38.488790624858),3084.8,"meters"
"4899",2023-10-10 00:20:48,c(-112.063080520437, 38.4886823979192),3088.59,"meters"
"4900",2023-10-10 00:20:49,c(-112.063061999634, 38.4885837612912),3089.59,"meters"
"4901",2023-10-10 00:20:50,c(-112.063042528017, 38.488480900972),3093.17,"meters"
"4902",2023-10-10 00:20:51,c(-112.063022231436, 38.4883726397863),3097.67,"meters"
"4903",2023-10-10 00:20:52,c(-112.063003843864, 38.4882745585335),3102.82,"meters"
"4904",2023-10-10 00:20:53,c(-112.062985213715, 38.488176856129),3108.48,"meters"
"4905",2023-10-10 00:20:54,c(-112.062964708763, 38.4880690134202),3109.31,"meters"
"4906",2023-10-10 00:20:55,c(-112.06294395673, 38.4879614781473),3105.4,"meters"
"4907",2023-10-10 00:20:56,c(-112.062916250384, 38.4878654452176),3103.21,"meters"
"4908",2023-10-10 00:20:57,c(-112.062879670125, 38.4877707460266),3101.4,"meters"
"4909",2023-10-10 00:20:58,c(-112.062861944069, 38.4876694980316),3100.42,"meters"
"4910",2023-10-10 00:20:59,c(-112.062875579594, 38.4875821322058),3099.94,"meters"
"4911",2023-10-10 00:21:00,c(-112.062883287612, 38.4875260636919),3099.56,"meters"
"4912",2023-10-10 00:21:01,c(-112.062885744633, 38.4875019055776),3099.44,"meters"
"4913",2023-10-10 00:21:02,c(-112.062886997931, 38.4874930535503),3099.4,"meters"
"4914",2023-10-10 00:21:03,c(-112.062887297093, 38.4874898860267),3099.36,"meters"
"4915",2023-10-10 00:21:04,c(-112.062887634517, 38.4874892052716),3099.36,"meters"
"4916",2023-10-10 00:21:05,c(-112.062888140311, 38.4874891116678),3099.36,"meters"
"4917",2023-10-10 00:21:06,c(-112.062887964602, 38.4874893716739),3099.36,"meters"
"4918",2023-10-10 00:21:07,c(-112.06288643077, 38.4874893144395),3099.36,"meters"
"4919",2023-10-10 00:21:08,c(-112.06288694812, 38.4874893346071),3099.36,"meters"
"4920",2023-10-10 00:21:09,c(-112.062889060642, 38.4874891495916),3099.36,"meters"
"4921",2023-10-10 00:21:10,c(-112.062890822745, 38.4874890449474),3099.34,"meters"
"4922",2023-10-10 00:21:11,c(-112.062891957469, 38.4874892579922),3099.34,"meters"
"4923",2023-10-10 00:21:12,c(-112.062892518242, 38.4874884401099),3099.34,"meters"
"4924",2023-10-10 00:21:13,c(-112.062893958465, 38.487483097033),3099.34,"meters"
"4925",2023-10-10 00:21:14,c(-112.062899297677, 38.4874600244801),3099.06,"meters"
"4926",2023-10-10 00:21:15,c(-112.062908332533, 38.4874162531616),3098.6,"meters"
"4927",2023-10-10 00:21:16,c(-112.062909656496, 38.48735779572),3098.28,"meters"
"4928",2023-10-10 00:21:17,c(-112.062900930701, 38.4872909270515),3097.99,"meters"
"4929",2023-10-10 00:21:18,c(-112.062887414538, 38.4872118691654),3098.22,"meters"
"4930",2023-10-10 00:21:19,c(-112.062873694791, 38.4871261294224),3099.05,"meters"
"4931",2023-10-10 00:21:20,c(-112.062857591972, 38.4870354254866),3097.81,"meters"
"4932",2023-10-10 00:21:21,c(-112.062830438734, 38.4869424044838),3096.34,"meters"
"4933",2023-10-10 00:21:22,c(-112.062790835193, 38.486849541314),3095.12,"meters"
"4934",2023-10-10 00:21:23,c(-112.062737387445, 38.4867540926902),3093.14,"meters"
"4935",2023-10-10 00:21:24,c(-112.06268058771, 38.4866632355058),3090.82,"meters"
"4936",2023-10-10 00:21:25,c(-112.062625397818, 38.4865757745832),3089.81,"meters"
"4937",2023-10-10 00:21:26,c(-112.062570951376, 38.4864886453294),3089.64,"meters"
"4938",2023-10-10 00:21:27,c(-112.062510642714, 38.486391714559),3088.45,"meters"
"4939",2023-10-10 00:21:28,c(-112.062449513467, 38.4862946888097),3086.03,"meters"
"4940",2023-10-10 00:21:29,c(-112.062387341455, 38.4862094594962),3084.5,"meters"
"4941",2023-10-10 00:21:30,c(-112.062320086069, 38.4861259057959),3082.65,"meters"
"4942",2023-10-10 00:21:31,c(-112.062247158855, 38.4860347594098),3079.86,"meters"
"4943",2023-10-10 00:21:32,c(-112.062193254648, 38.4859657400299),3078.07,"meters"
"4944",2023-10-10 00:21:33,c(-112.062165855629, 38.4859349981674),3077.21,"meters"
"4945",2023-10-10 00:21:34,c(-112.062153108338, 38.4859232401715),3077.01,"meters"
"4946",2023-10-10 00:21:35,c(-112.062146480544, 38.4859183906589),3076.91,"meters"
"4947",2023-10-10 00:21:36,c(-112.062142616421, 38.4859168869496),3076.75,"meters"
"4948",2023-10-10 00:21:37,c(-112.062140199554, 38.4859167161951),3076.75,"meters"
"4949",2023-10-10 00:21:38,c(-112.062138996994, 38.4859171962586),3076.75,"meters"
"4950",2023-10-10 00:21:39,c(-112.062133608478, 38.4859089310651),3076.57,"meters"
"4951",2023-10-10 00:21:40,c(-112.062116042647, 38.4858800487708),3075.65,"meters"
"4952",2023-10-10 00:21:41,c(-112.062088946241, 38.4858363466225),3074.75,"meters"
"4953",2023-10-10 00:21:42,c(-112.06205536359, 38.4857838338506),3073.48,"meters"
"4954",2023-10-10 00:21:43,c(-112.062014319911, 38.4857210641666),3071.34,"meters"
"4955",2023-10-10 00:21:44,c(-112.061969868067, 38.4856531298319),3069.7,"meters"
"4956",2023-10-10 00:21:45,c(-112.061923626678, 38.485581307322),3067.99,"meters"
"4957",2023-10-10 00:21:46,c(-112.061859975188, 38.4855147428158),3066.63,"meters"
"4958",2023-10-10 00:21:47,c(-112.061773312242, 38.4854817102349),3064.91,"meters"
"4959",2023-10-10 00:21:48,c(-112.061688535292, 38.4854729622845),3063.05,"meters"
"4960",2023-10-10 00:21:49,c(-112.061599121583, 38.485479748798),3061.72,"meters"
"4961",2023-10-10 00:21:50,c(-112.061504500814, 38.4854940934472),3061.99,"meters"
"4962",2023-10-10 00:21:51,c(-112.061427201501, 38.4855055380171),3062.5,"meters"
"4963",2023-10-10 00:21:52,c(-112.061347287897, 38.4855126483754),3062.74,"meters"
"4964",2023-10-10 00:21:53,c(-112.061252581602, 38.4855092467532),3063.24,"meters"
"4965",2023-10-10 00:21:54,c(-112.061153670391, 38.4855005935426),3063.62,"meters"
"4966",2023-10-10 00:21:55,c(-112.061062657347, 38.4854915662553),3064.37,"meters"
"4967",2023-10-10 00:21:56,c(-112.060970341419, 38.4854823530457),3065.01,"meters"
"4968",2023-10-10 00:21:57,c(-112.060875639394, 38.4854734166519),3066,"meters"
"4969",2023-10-10 00:21:58,c(-112.060787846604, 38.4854653056735),3068.07,"meters"
"4970",2023-10-10 00:21:59,c(-112.06070196051, 38.4854571653206),3069.74,"meters"
"4971",2023-10-10 00:22:00,c(-112.060622564598, 38.4854497403561),3071.48,"meters"
"4972",2023-10-10 00:22:01,c(-112.060541126849, 38.48544210271),3072.6,"meters"
"4973",2023-10-10 00:22:02,c(-112.060459532695, 38.4854312501088),3073.02,"meters"
"4974",2023-10-10 00:22:03,c(-112.060384870897, 38.485417097739),3074.34,"meters"
"4975",2023-10-10 00:22:04,c(-112.060316213731, 38.4854023145483),3075.7,"meters"
"4976",2023-10-10 00:22:05,c(-112.060245692801, 38.4853845985443),3076.76,"meters"
"4977",2023-10-10 00:22:06,c(-112.060173807686, 38.485364724983),3078.41,"meters"
"4978",2023-10-10 00:22:07,c(-112.060110272236, 38.4853444068428),3079.17,"meters"
"4979",2023-10-10 00:22:08,c(-112.060047570679, 38.4853231086636),3080.48,"meters"
"4980",2023-10-10 00:22:09,c(-112.059977027534, 38.4852989946024),3081.96,"meters"
"4981",2023-10-10 00:22:10,c(-112.059906245812, 38.4852748537076),3083.45,"meters"
"4982",2023-10-10 00:22:11,c(-112.059842536154, 38.485253130341),3084.77,"meters"
"4983",2023-10-10 00:22:12,c(-112.059776300732, 38.4852303940902),3086.04,"meters"
"4984",2023-10-10 00:22:13,c(-112.059707377614, 38.4852067003792),3086.56,"meters"
"4985",2023-10-10 00:22:14,c(-112.0596437626, 38.4851926529013),3087.2,"meters"
"4986",2023-10-10 00:22:15,c(-112.059589280036, 38.4852026077862),3088.7,"meters"
"4987",2023-10-10 00:22:16,c(-112.059533309716, 38.4852091827721),3090.64,"meters"
"4988",2023-10-10 00:22:17,c(-112.059470094819, 38.4852079350934),3092.19,"meters"
"4989",2023-10-10 00:22:18,c(-112.059407470283, 38.4852059535814),3093.12,"meters"
"4990",2023-10-10 00:22:19,c(-112.059335639084, 38.4852032918304),3095.2,"meters"
"4991",2023-10-10 00:22:20,c(-112.059256515893, 38.4852003457317),3097,"meters"
"4992",2023-10-10 00:22:21,c(-112.059180491773, 38.4851977279914),3099.24,"meters"
"4993",2023-10-10 00:22:22,c(-112.059103202345, 38.4851951480897),3101.75,"meters"
"4994",2023-10-10 00:22:23,c(-112.059016702192, 38.485191970094),3104.51,"meters"
"4995",2023-10-10 00:22:24,c(-112.058935109522, 38.4851775035533),3106.87,"meters"
"4996",2023-10-10 00:22:25,c(-112.058865386795, 38.485158509628),3108.43,"meters"
"4997",2023-10-10 00:22:26,c(-112.058802018262, 38.4851410204271),3106.87,"meters"
"4998",2023-10-10 00:22:27,c(-112.058740046312, 38.4851242251096),3104.88,"meters"
"4999",2023-10-10 00:22:28,c(-112.058681285526, 38.4851083004152),3101.37,"meters"
"5000",2023-10-10 00:22:29,c(-112.058627233636, 38.4850936682254),3099.21,"meters"
"5001",2023-10-10 00:22:30,c(-112.058571504595, 38.4850786528883),3096.3,"meters"
"5002",2023-10-10 00:22:31,c(-112.058510678903, 38.4850620210039),3094.12,"meters"
"5003",2023-10-10 00:22:32,c(-112.058462900544, 38.4850484769686),3092.34,"meters"
"5004",2023-10-10 00:22:33,c(-112.058446081625, 38.4850437983167),3092,"meters"
"5005",2023-10-10 00:22:34,c(-112.058441061268, 38.485042304358),3092,"meters"
"5006",2023-10-10 00:22:35,c(-112.058440684354, 38.4850411734996),3092,"meters"
"5007",2023-10-10 00:22:36,c(-112.058442122198, 38.4850396599468),3092,"meters"
"5008",2023-10-10 00:22:37,c(-112.05844325191, 38.4850390768898),3092,"meters"
"5009",2023-10-10 00:22:38,c(-112.058445146441, 38.4850384774827),3092,"meters"
"5010",2023-10-10 00:22:39,c(-112.058443978491, 38.4850307302586),3091.88,"meters"
"5011",2023-10-10 00:22:40,c(-112.058431910001, 38.4850133567417),3091.5,"meters"
"5012",2023-10-10 00:22:41,c(-112.058408834409, 38.4849875421852),3090.78,"meters"
"5013",2023-10-10 00:22:42,c(-112.058374325873, 38.4849532365386),3089.82,"meters"
"5014",2023-10-10 00:22:43,c(-112.058327819591, 38.4849198978687),3088.64,"meters"
"5015",2023-10-10 00:22:44,c(-112.058284175617, 38.484890796035),3087.48,"meters"
"5016",2023-10-10 00:22:45,c(-112.058243557741, 38.4848631699242),3086.6,"meters"
"5017",2023-10-10 00:22:46,c(-112.058204166271, 38.4848360429942),3085.17,"meters"
"5018",2023-10-10 00:22:47,c(-112.058166446389, 38.4848101033643),3083.85,"meters"
"5019",2023-10-10 00:22:48,c(-112.058137828687, 38.4847902406984),3082.79,"meters"
"5020",2023-10-10 00:22:49,c(-112.058126980105, 38.4847829396805),3082.73,"meters"
"5021",2023-10-10 00:22:50,c(-112.058124996121, 38.4847805031614),3082.53,"meters"
"5022",2023-10-10 00:22:51,c(-112.058126347679, 38.484780305541),3082.53,"meters"
"5023",2023-10-10 00:22:52,c(-112.058120708748, 38.4847791588399),3082.53,"meters"
"5024",2023-10-10 00:22:53,c(-112.058088191093, 38.4847685378073),3081.65,"meters"
"5025",2023-10-10 00:22:54,c(-112.05803075225, 38.4847478038665),3080.39,"meters"
"5026",2023-10-10 00:22:55,c(-112.057962131139, 38.4847220321172),3078.91,"meters"
"5027",2023-10-10 00:22:56,c(-112.057882212677, 38.4846916153853),3076.92,"meters"
"5028",2023-10-10 00:22:57,c(-112.057783734261, 38.4846540698352),3074.33,"meters"
"5029",2023-10-10 00:22:58,c(-112.057682021968, 38.4846151062181),3071.3,"meters"
"5030",2023-10-10 00:22:59,c(-112.057600692321, 38.4845836944306),3068.38,"meters"
"5031",2023-10-10 00:23:00,c(-112.057544247317, 38.4845622456327),3067.11,"meters"
"5032",2023-10-10 00:23:01,c(-112.057516719621, 38.4845526539519),3066.51,"meters"
"5033",2023-10-10 00:23:02,c(-112.05750644954, 38.4845492597724),3066.17,"meters"
"5034",2023-10-10 00:23:03,c(-112.057501667191, 38.4845480573909),3065.73,"meters"
"5035",2023-10-10 00:23:04,c(-112.057499394986, 38.4845460671592),3065.73,"meters"
"5036",2023-10-10 00:23:05,c(-112.057499489341, 38.4845432660995),3065.73,"meters"
"5037",2023-10-10 00:23:06,c(-112.057501164572, 38.4845430752349),3065.73,"meters"
"5038",2023-10-10 00:23:07,c(-112.057509227561, 38.4845376289578),3065.89,"meters"
"5039",2023-10-10 00:23:08,c(-112.057528090252, 38.4845137534996),3066.31,"meters"
"5040",2023-10-10 00:23:09,c(-112.057538539099, 38.4844713595935),3065.82,"meters"
"5041",2023-10-10 00:23:10,c(-112.057526681593, 38.4844282228393),3064.68,"meters"
"5042",2023-10-10 00:23:11,c(-112.057505151297, 38.4843916872962),3063.97,"meters"
"5043",2023-10-10 00:23:12,c(-112.05749509811, 38.4843751253993),3063.57,"meters"
"5044",2023-10-10 00:23:13,c(-112.057492460671, 38.4843703902359),3063.57,"meters"
"5045",2023-10-10 00:23:14,c(-112.057493274517, 38.4843697999813),3063.57,"meters"
"5046",2023-10-10 00:23:15,c(-112.057494820424, 38.4843701287151),3063.57,"meters"
"5047",2023-10-10 00:23:16,c(-112.057495899184, 38.4843704077429),3063.57,"meters"
"5048",2023-10-10 00:23:17,c(-112.057496715708, 38.4843714906833),3063.57,"meters"
"5049",2023-10-10 00:23:18,c(-112.057497491392, 38.484371681435),3063.57,"meters"
"5050",2023-10-10 00:23:19,c(-112.057498383831, 38.4843712004458),3063.57,"meters"
"5051",2023-10-10 00:23:20,c(-112.057499136481, 38.4843707293877),3063.57,"meters"
"5052",2023-10-10 00:23:21,c(-112.057498668762, 38.4843708436772),3063.57,"meters"
"5053",2023-10-10 00:23:22,c(-112.057499532137, 38.4843711352301),3063.57,"meters"
"5054",2023-10-10 00:23:23,c(-112.057504018349, 38.4843710487506),3063.93,"meters"
"5055",2023-10-10 00:23:24,c(-112.057506458623, 38.4843714446189),3063.93,"meters"
"5056",2023-10-10 00:23:25,c(-112.05750698326, 38.4843712817737),3063.93,"meters"
"5057",2023-10-10 00:23:26,c(-112.057506816322, 38.4843714328113),3063.93,"meters"
"5058",2023-10-10 00:23:27,c(-112.05750679936, 38.484372405811),3063.93,"meters"
"5059",2023-10-10 00:23:28,c(-112.057507746818, 38.4843772642165),3063.93,"meters"
"5060",2023-10-10 00:23:29,c(-112.057510667526, 38.4843922427785),3063.97,"meters"
"5061",2023-10-10 00:23:30,c(-112.057513646585, 38.4844120260641),3064.25,"meters"
"5062",2023-10-10 00:23:31,c(-112.057518272813, 38.4844348556384),3064.5,"meters"
"5063",2023-10-10 00:23:32,c(-112.057524382732, 38.4844641387243),3065,"meters"
"5064",2023-10-10 00:23:33,c(-112.057523710816, 38.4844814710441),3065.3,"meters"
"5065",2023-10-10 00:23:34,c(-112.05752137566, 38.4844865813898),3065.46,"meters"
"5066",2023-10-10 00:23:35,c(-112.057520033509, 38.4844886001394),3065.46,"meters"
"5067",2023-10-10 00:23:36,c(-112.057518623573, 38.4844888479394),3065.46,"meters"
"5068",2023-10-10 00:23:37,c(-112.057519584515, 38.4844885034467),3065.46,"meters"
"5069",2023-10-10 00:23:38,c(-112.057521437979, 38.484488095906),3065.46,"meters"
"5070",2023-10-10 00:23:39,c(-112.057522654601, 38.484487184773),3065.46,"meters"
"5071",2023-10-10 00:23:40,c(-112.057522908206, 38.4844862533682),3065.46,"meters"
"5072",2023-10-10 00:23:41,c(-112.057522196712, 38.4844868526656),3065.46,"meters"
"5073",2023-10-10 00:23:42,c(-112.057521679876, 38.4844881611826),3065.46,"meters"
"5074",2023-10-10 00:23:43,c(-112.057521251662, 38.4844903686176),3065.46,"meters"
"5075",2023-10-10 00:23:44,c(-112.0575191738, 38.4844928974051),3065.46,"meters"
"5076",2023-10-10 00:23:45,c(-112.05751678291, 38.4844940973399),3065.46,"meters"
"5077",2023-10-10 00:23:46,c(-112.057514408938, 38.4844944112281),3065.08,"meters"
"5078",2023-10-10 00:23:47,c(-112.057514529239, 38.4844934002193),3065.08,"meters"
"5079",2023-10-10 00:23:48,c(-112.057515260129, 38.4844917143544),3065.46,"meters"
"5080",2023-10-10 00:23:49,c(-112.057515649756, 38.484489756442),3065.46,"meters"
"5081",2023-10-10 00:23:50,c(-112.057516178947, 38.4844875838496),3065.46,"meters"
"5082",2023-10-10 00:23:51,c(-112.057516254712, 38.4844873892983),3065.46,"meters"
"5083",2023-10-10 00:23:52,c(-112.057516473337, 38.4844879986995),3065.46,"meters"
"5084",2023-10-10 00:23:53,c(-112.057516369297, 38.4844878301715),3065.46,"meters"
"5085",2023-10-10 00:23:54,c(-112.057516662256, 38.4844867208093),3065.46,"meters"
"5086",2023-10-10 00:23:55,c(-112.057517200381, 38.4844860356501),3065.46,"meters"
"5087",2023-10-10 00:23:56,c(-112.05751764757, 38.4844861110692),3065.46,"meters"
"5088",2023-10-10 00:23:57,c(-112.057517726137, 38.4844866733375),3065.46,"meters"
"5089",2023-10-10 00:23:58,c(-112.05752057004, 38.4844861640091),3065.46,"meters"
"5090",2023-10-10 00:23:59,c(-112.057520164675, 38.4844867759411),3065.46,"meters"
"5091",2023-10-10 00:24:00,c(-112.057515677288, 38.4844882350506),3065.46,"meters"
"5092",2023-10-10 00:24:01,c(-112.057512390195, 38.4844907192725),3065.08,"meters"
"5093",2023-10-10 00:24:02,c(-112.057510615362, 38.4844915874401),3065.08,"meters"
"5094",2023-10-10 00:24:03,c(-112.057509865679, 38.484491496138),3065.08,"meters"
"5095",2023-10-10 00:24:04,c(-112.05751112098, 38.4844910369871),3065.08,"meters"
"5096",2023-10-10 00:24:05,c(-112.057513283238, 38.4844906997871),3065.08,"meters"
"5097",2023-10-10 00:24:06,c(-112.057514821647, 38.4844905390755),3065.46,"meters"
"5098",2023-10-10 00:24:07,c(-112.0575165081, 38.4844900924462),3065.46,"meters"
"5099",2023-10-10 00:24:08,c(-112.057517665985, 38.4844893707616),3065.46,"meters"
"5100",2023-10-10 00:24:09,c(-112.057518659756, 38.484487869962),3065.46,"meters"
"5101",2023-10-10 00:24:10,c(-112.057517434908, 38.4844873681442),3065.46,"meters"
"5102",2023-10-10 00:24:11,c(-112.057515778478, 38.4844887106026),3065.46,"meters"
"5103",2023-10-10 00:24:12,c(-112.057515238634, 38.4844895691369),3065.46,"meters"
"5104",2023-10-10 00:24:13,c(-112.057515979726, 38.4844899231875),3065.46,"meters"
"5105",2023-10-10 00:24:14,c(-112.057516364371, 38.484489341168),3065.46,"meters"
"5106",2023-10-10 00:24:15,c(-112.057515537486, 38.4844874262113),3065.46,"meters"
"5107",2023-10-10 00:24:16,c(-112.057514754439, 38.4844878746351),3065.46,"meters"
"5108",2023-10-10 00:24:17,c(-112.057514799751, 38.4844885089668),3065.46,"meters"
"5109",2023-10-10 00:24:18,c(-112.057514841339, 38.4844883267613),3065.46,"meters"
"5110",2023-10-10 00:24:19,c(-112.057514368542, 38.4844883013569),3065.08,"meters"
"5111",2023-10-10 00:24:20,c(-112.057514621601, 38.484488069296),3065.08,"meters"
"5112",2023-10-10 00:24:21,c(-112.057514660886, 38.4844891799369),3065.46,"meters"
"5113",2023-10-10 00:24:22,c(-112.057514720304, 38.4844887486063),3065.46,"meters"
"5114",2023-10-10 00:24:23,c(-112.057515394533, 38.4844872908718),3065.46,"meters"
"5115",2023-10-10 00:24:24,c(-112.057515104655, 38.4844863320965),3065.46,"meters"
"5116",2023-10-10 00:24:25,c(-112.057514652203, 38.4844855415547),3065.3,"meters"
"5117",2023-10-10 00:24:26,c(-112.057514187482, 38.484486479456),3065.08,"meters"
"5118",2023-10-10 00:24:27,c(-112.057514360527, 38.4844879875174),3065.08,"meters"
"5119",2023-10-10 00:24:28,c(-112.057514622092, 38.4844884768123),3065.08,"meters"
"5120",2023-10-10 00:24:29,c(-112.057515323317, 38.4844878848286),3065.46,"meters"
"5121",2023-10-10 00:24:30,c(-112.057516129962, 38.4844871081978),3065.46,"meters"
"5122",2023-10-10 00:24:31,c(-112.057514487928, 38.4844889820974),3065.08,"meters"
"5123",2023-10-10 00:24:32,c(-112.057512507773, 38.4844903497653),3065.08,"meters"
"5124",2023-10-10 00:24:33,c(-112.057512638002, 38.4844895523307),3065.08,"meters"
"5125",2023-10-10 00:24:34,c(-112.057512807617, 38.4844875850552),3065.08,"meters"
"5126",2023-10-10 00:24:35,c(-112.057514435055, 38.4844884065546),3065.08,"meters"
"5127",2023-10-10 00:24:36,c(-112.057516631208, 38.4844890248141),3065.46,"meters"
"5128",2023-10-10 00:24:37,c(-112.057517104009, 38.4844893784218),3065.46,"meters"
"5129",2023-10-10 00:24:38,c(-112.057518216028, 38.4844895960026),3065.46,"meters"
"5130",2023-10-10 00:24:39,c(-112.057519167732, 38.484489021775),3065.46,"meters"
"5131",2023-10-10 00:24:40,c(-112.057519254262, 38.4844887960358),3065.46,"meters"
"5132",2023-10-10 00:24:41,c(-112.057520921703, 38.4844887126852),3065.46,"meters"
"5133",2023-10-10 00:24:42,c(-112.05752169925, 38.4844885784174),3065.46,"meters"
"5134",2023-10-10 00:24:43,c(-112.057521639597, 38.4844886025308),3065.46,"meters"
"5135",2023-10-10 00:24:44,c(-112.057520651254, 38.4844886972904),3065.46,"meters"
"5136",2023-10-10 00:24:45,c(-112.057516203391, 38.4844878832942),3065.46,"meters"
"5137",2023-10-10 00:24:46,c(-112.057508512324, 38.4844836455237),3064.94,"meters"
"5138",2023-10-10 00:24:47,c(-112.057501880744, 38.4844799390469),3064.56,"meters"
"5139",2023-10-10 00:24:48,c(-112.057500562154, 38.4844796473644),3064.56,"meters"
"5140",2023-10-10 00:24:49,c(-112.057501253505, 38.4844800034754),3064.56,"meters"
"5141",2023-10-10 00:24:50,c(-112.057502492619, 38.4844809302091),3064.56,"meters"
"5142",2023-10-10 00:24:51,c(-112.057503693999, 38.4844816196208),3064.94,"meters"
"5143",2023-10-10 00:24:52,c(-112.057504163234, 38.4844816425286),3064.94,"meters"
"5144",2023-10-10 00:24:53,c(-112.057503697922, 38.4844815689827),3064.94,"meters"
"5145",2023-10-10 00:24:54,c(-112.057502365184, 38.4844810201639),3064.56,"meters"
"5146",2023-10-10 00:24:55,c(-112.057502427575, 38.484481356456),3064.56,"meters"
"5147",2023-10-10 00:24:56,c(-112.057503612, 38.4844809922342),3064.94,"meters"
"5148",2023-10-10 00:24:57,c(-112.057502656588, 38.4844809207708),3064.56,"meters"
"5149",2023-10-10 00:24:58,c(-112.057501684099, 38.4844823730049),3064.56,"meters"
"5150",2023-10-10 00:24:59,c(-112.057502041507, 38.4844826163199),3064.56,"meters"
"5151",2023-10-10 00:25:00,c(-112.057502321099, 38.4844819432884),3064.56,"meters"
"5152",2023-10-10 00:25:01,c(-112.057502253137, 38.4844814597296),3064.56,"meters"
"5153",2023-10-10 00:25:02,c(-112.057501925175, 38.4844810551383),3064.56,"meters"
"5154",2023-10-10 00:25:03,c(-112.057502321658, 38.4844804219524),3064.56,"meters"
"5155",2023-10-10 00:25:04,c(-112.05750277843, 38.4844796868228),3064.56,"meters"
"5156",2023-10-10 00:25:05,c(-112.057502013692, 38.484479815939),3064.56,"meters"
"5157",2023-10-10 00:25:06,c(-112.057501700402, 38.4844803214434),3064.56,"meters"
"5158",2023-10-10 00:25:07,c(-112.057501089401, 38.4844805404867),3064.56,"meters"
"5159",2023-10-10 00:25:08,c(-112.057500985452, 38.4844804883738),3064.56,"meters"
"5160",2023-10-10 00:25:09,c(-112.05750153274, 38.4844799678656),3064.56,"meters"
"5161",2023-10-10 00:25:10,c(-112.057500726356, 38.4844796525758),3064.56,"meters"
"5162",2023-10-10 00:25:11,c(-112.057499749662, 38.4844788101913),3064.56,"meters"
"5163",2023-10-10 00:25:12,c(-112.057498957542, 38.4844782093294),3064.56,"meters"
"5164",2023-10-10 00:25:13,c(-112.057499754973, 38.4844781320812),3064.56,"meters"
"5165",2023-10-10 00:25:14,c(-112.057499698963, 38.4844784884967),3064.56,"meters"
"5166",2023-10-10 00:25:15,c(-112.057498085989, 38.4844780129647),3064.56,"meters"
"5167",2023-10-10 00:25:16,c(-112.057495878777, 38.4844783563114),3064.56,"meters"
"5168",2023-10-10 00:25:17,c(-112.057495451347, 38.4844781213154),3064.56,"meters"
"5169",2023-10-10 00:25:18,c(-112.05749581026, 38.4844791944101),3064.56,"meters"
"5170",2023-10-10 00:25:19,c(-112.05749654737, 38.4844798248171),3064.56,"meters"
"5171",2023-10-10 00:25:20,c(-112.057496678596, 38.4844796137154),3064.56,"meters"
"5172",2023-10-10 00:25:21,c(-112.057496658823, 38.4844790376842),3064.56,"meters"
"5173",2023-10-10 00:25:22,c(-112.057497532084, 38.4844787687723),3064.56,"meters"
"5174",2023-10-10 00:25:23,c(-112.057498688323, 38.484478146784),3064.56,"meters"
"5175",2023-10-10 00:25:24,c(-112.057499845522, 38.4844779211743),3064.56,"meters"
"5176",2023-10-10 00:25:25,c(-112.057501330951, 38.4844785477937),3064.56,"meters"
"5177",2023-10-10 00:25:26,c(-112.057502420261, 38.4844793393341),3064.56,"meters"
"5178",2023-10-10 00:25:27,c(-112.057502724651, 38.4844797307748),3064.56,"meters"
"5179",2023-10-10 00:25:28,c(-112.057502594965, 38.4844798302974),3064.56,"meters"
"5180",2023-10-10 00:25:29,c(-112.057501869856, 38.4844797252149),3064.56,"meters"
"5181",2023-10-10 00:25:30,c(-112.057500638902, 38.4844794620201),3064.56,"meters"
"5182",2023-10-10 00:25:31,c(-112.057499941473, 38.484479978339),3064.56,"meters"
"5183",2023-10-10 00:25:32,c(-112.057499152396, 38.4844798598314),3064.56,"meters"
"5184",2023-10-10 00:25:33,c(-112.057498621776, 38.4844792129946),3064.56,"meters"
"5185",2023-10-10 00:25:34,c(-112.057498107096, 38.4844790745617),3064.56,"meters"
"5186",2023-10-10 00:25:35,c(-112.057498080144, 38.4844786283544),3064.56,"meters"
"5187",2023-10-10 00:25:36,c(-112.057498697401, 38.484478495073),3064.56,"meters"
"5188",2023-10-10 00:25:37,c(-112.057500204818, 38.4844794396604),3064.56,"meters"
"5189",2023-10-10 00:25:38,c(-112.057501987686, 38.4844798163874),3064.56,"meters"
"5190",2023-10-10 00:25:39,c(-112.057502512757, 38.4844796695049),3064.56,"meters"
"5191",2023-10-10 00:25:40,c(-112.057501866446, 38.4844796089657),3064.56,"meters"
"5192",2023-10-10 00:25:41,c(-112.057503892095, 38.4844789122348),3064.94,"meters"
"5193",2023-10-10 00:25:42,c(-112.057506774796, 38.4844786242989),3064.94,"meters"
"5194",2023-10-10 00:25:43,c(-112.057507061175, 38.4844796856901),3064.94,"meters"
"5195",2023-10-10 00:25:44,c(-112.057506155781, 38.4844803952085),3064.94,"meters"
"5196",2023-10-10 00:25:45,c(-112.05750466195, 38.4844802299221),3064.94,"meters"
"5197",2023-10-10 00:25:46,c(-112.057503040028, 38.4844800904032),3064.56,"meters"
"5198",2023-10-10 00:25:47,c(-112.057503389041, 38.4844802124947),3064.94,"meters"
"5199",2023-10-10 00:25:48,c(-112.057504197249, 38.4844806993051),3064.94,"meters"
"5200",2023-10-10 00:25:49,c(-112.057505140507, 38.484480885946),3064.94,"meters"
"5201",2023-10-10 00:25:50,c(-112.057505516597, 38.4844805539184),3064.94,"meters"
"5202",2023-10-10 00:25:51,c(-112.057504770626, 38.4844817829342),3064.94,"meters"
"5203",2023-10-10 00:25:52,c(-112.057505169188, 38.4844824515451),3064.94,"meters"
"5204",2023-10-10 00:25:53,c(-112.057505238039, 38.4844824516426),3064.94,"meters"
"5205",2023-10-10 00:25:54,c(-112.057504972894, 38.4844825293435),3064.94,"meters"
"5206",2023-10-10 00:25:55,c(-112.05750590236, 38.4844820729527),3064.94,"meters"
"5207",2023-10-10 00:25:56,c(-112.057507268211, 38.4844825196228),3064.94,"meters"
"5208",2023-10-10 00:25:57,c(-112.057507931951, 38.4844832433291),3064.94,"meters"
"5209",2023-10-10 00:25:58,c(-112.057507895271, 38.4844829754413),3064.94,"meters"
"5210",2023-10-10 00:25:59,c(-112.057507482044, 38.4844833104081),3064.94,"meters"
"5211",2023-10-10 00:26:00,c(-112.057506423555, 38.4844842476519),3064.94,"meters"
"5212",2023-10-10 00:26:01,c(-112.057505459247, 38.4844825772272),3064.94,"meters"
"5213",2023-10-10 00:26:02,c(-112.057505478153, 38.4844813485644),3064.94,"meters"
"5214",2023-10-10 00:26:03,c(-112.057505692747, 38.4844810761627),3064.94,"meters"
"5215",2023-10-10 00:26:04,c(-112.057505420873, 38.4844813681839),3064.94,"meters"
"5216",2023-10-10 00:26:05,c(-112.057504691078, 38.4844813822135),3064.94,"meters"
"5217",2023-10-10 00:26:06,c(-112.057504372466, 38.4844819188583),3064.94,"meters"
"5218",2023-10-10 00:26:07,c(-112.057504741304, 38.4844824154525),3064.94,"meters"
"5219",2023-10-10 00:26:08,c(-112.057505606087, 38.4844824794826),3064.94,"meters"
"5220",2023-10-10 00:26:09,c(-112.057505655082, 38.4844821625498),3064.94,"meters"
"5221",2023-10-10 00:26:10,c(-112.057505362052, 38.4844822491997),3064.94,"meters"
"5222",2023-10-10 00:26:11,c(-112.057506361415, 38.4844821413371),3064.94,"meters"
"5223",2023-10-10 00:26:12,c(-112.057507636377, 38.4844824333383),3064.94,"meters"
"5224",2023-10-10 00:26:13,c(-112.057507894776, 38.4844824925866),3064.94,"meters"
"5225",2023-10-10 00:26:14,c(-112.057507452844, 38.4844835232736),3064.94,"meters"
"5226",2023-10-10 00:26:15,c(-112.057508233126, 38.4844842065496),3064.94,"meters"
"5227",2023-10-10 00:26:16,c(-112.057508712164, 38.4844841086711),3064.94,"meters"
"5228",2023-10-10 00:26:17,c(-112.057508537446, 38.4844840112433),3064.94,"meters"
"5229",2023-10-10 00:26:18,c(-112.057508452793, 38.4844836280474),3064.94,"meters"
"5230",2023-10-10 00:26:19,c(-112.057508960025, 38.4844824660708),3064.94,"meters"
"5231",2023-10-10 00:26:20,c(-112.057509165783, 38.4844821045192),3064.94,"meters"
"5232",2023-10-10 00:26:21,c(-112.057507888164, 38.4844837174982),3064.94,"meters"
"5233",2023-10-10 00:26:22,c(-112.05750738408, 38.4844834194665),3064.94,"meters"
"5234",2023-10-10 00:26:23,c(-112.057507480714, 38.4844825640987),3064.94,"meters"
"5235",2023-10-10 00:26:24,c(-112.057508023605, 38.4844822228443),3064.94,"meters"
"5236",2023-10-10 00:26:25,c(-112.057509312227, 38.4844835852399),3064.94,"meters"
"5237",2023-10-10 00:26:26,c(-112.057508740595, 38.4844825739633),3064.94,"meters"
"5238",2023-10-10 00:26:27,c(-112.057509097592, 38.4844817204488),3064.94,"meters"
"5239",2023-10-10 00:26:28,c(-112.057508494599, 38.484481666642),3064.94,"meters"
"5240",2023-10-10 00:26:29,c(-112.05750887497, 38.4844819420827),3064.94,"meters"
"5241",2023-10-10 00:26:30,c(-112.057510233827, 38.4844816976971),3064.94,"meters"
"5242",2023-10-10 00:26:31,c(-112.057509749903, 38.4844817955789),3064.94,"meters"
"5243",2023-10-10 00:26:32,c(-112.057508145599, 38.4844820799674),3064.94,"meters"
"5244",2023-10-10 00:26:33,c(-112.057505979997, 38.484481648009),3064.94,"meters"
"5245",2023-10-10 00:26:34,c(-112.057505856495, 38.4844800777887),3064.94,"meters"
"5246",2023-10-10 00:26:35,c(-112.057506157811, 38.4844785386964),3064.94,"meters"
"5247",2023-10-10 00:26:36,c(-112.057506489097, 38.4844782205092),3064.94,"meters"
"5248",2023-10-10 00:26:37,c(-112.057506422434, 38.484478223496),3064.94,"meters"
"5249",2023-10-10 00:26:38,c(-112.057506689965, 38.4844786124006),3064.94,"meters"
"5250",2023-10-10 00:26:39,c(-112.057507095719, 38.4844789325119),3064.94,"meters"
"5251",2023-10-10 00:26:40,c(-112.057507634208, 38.4844792072128),3064.94,"meters"
"5252",2023-10-10 00:26:41,c(-112.057508714747, 38.4844796694153),3064.94,"meters"
"5253",2023-10-10 00:26:42,c(-112.057509654569, 38.484480373409),3064.94,"meters"
"5254",2023-10-10 00:26:43,c(-112.057509573048, 38.4844803206762),3064.94,"meters"
"5255",2023-10-10 00:26:44,c(-112.05750587362, 38.4844810016968),3064.94,"meters"
"5256",2023-10-10 00:26:45,c(-112.057503606787, 38.4844826580921),3064.94,"meters"
"5257",2023-10-10 00:26:46,c(-112.057503708914, 38.4844845445755),3064.94,"meters"
"5258",2023-10-10 00:26:47,c(-112.057503267341, 38.4844827807905),3064.94,"meters"
"5259",2023-10-10 00:26:48,c(-112.05750299916, 38.4844802264149),3064.56,"meters"
"5260",2023-10-10 00:26:49,c(-112.057501490104, 38.4844791483756),3064.56,"meters"
"5261",2023-10-10 00:26:50,c(-112.057501524429, 38.4844799165576),3064.56,"meters"
"5262",2023-10-10 00:26:51,c(-112.057503532783, 38.4844809895488),3064.94,"meters"
"5263",2023-10-10 00:26:52,c(-112.057504745277, 38.4844808521573),3064.94,"meters"
"5264",2023-10-10 00:26:53,c(-112.057503937336, 38.4844786079678),3064.94,"meters"
"5265",2023-10-10 00:26:54,c(-112.057501412674, 38.4844756190029),3064.46,"meters"
"5266",2023-10-10 00:26:55,c(-112.057501581171, 38.4844766163473),3064.46,"meters"
"5267",2023-10-10 00:26:56,c(-112.05750315383, 38.4844779674281),3064.94,"meters"
"5268",2023-10-10 00:26:57,c(-112.05750327582, 38.4844798316325),3064.94,"meters"
"5269",2023-10-10 00:26:58,c(-112.057502188334, 38.4844819458092),3064.56,"meters"
"5270",2023-10-10 00:26:59,c(-112.057502027268, 38.4844825196228),3064.56,"meters"
"5271",2023-10-10 00:27:00,c(-112.057502851534, 38.4844824025389),3064.56,"meters"
"5272",2023-10-10 00:27:01,c(-112.057503633007, 38.4844828037579),3064.94,"meters"
"5273",2023-10-10 00:27:02,c(-112.057504175558, 38.4844828434852),3064.94,"meters"
"5274",2023-10-10 00:27:03,c(-112.057501884079, 38.4844813360694),3064.56,"meters"
"5275",2023-10-10 00:27:04,c(-112.05749973599, 38.4844794625804),3064.56,"meters"
"5276",2023-10-10 00:27:05,c(-112.057500811578, 38.4844804774131),3064.56,"meters"
"5277",2023-10-10 00:27:06,c(-112.05750310935, 38.4844818933278),3064.94,"meters"
"5278",2023-10-10 00:27:07,c(-112.05750527501, 38.4844812747994),3064.94,"meters"
"5279",2023-10-10 00:27:08,c(-112.057507029738, 38.4844798407223),3064.94,"meters"
"5280",2023-10-10 00:27:09,c(-112.057508210367, 38.4844807674315),3064.94,"meters"
"5281",2023-10-10 00:27:10,c(-112.057508702274, 38.4844813413104),3064.94,"meters"
"5282",2023-10-10 00:27:11,c(-112.057505831289, 38.4844817221028),3064.94,"meters"
"5283",2023-10-10 00:27:12,c(-112.057503587494, 38.4844805185766),3064.94,"meters"
"5284",2023-10-10 00:27:13,c(-112.057503615182, 38.4844804359621),3064.94,"meters"
"5285",2023-10-10 00:27:14,c(-112.057504519516, 38.4844797450237),3064.94,"meters"
"5286",2023-10-10 00:27:15,c(-112.057504996735, 38.4844796849594),3064.94,"meters"
"5287",2023-10-10 00:27:16,c(-112.057505053026, 38.4844807869901),3064.94,"meters"
"5288",2023-10-10 00:27:17,c(-112.057505508823, 38.4844816659843),3064.94,"meters"
"5289",2023-10-10 00:27:18,c(-112.057507237804, 38.4844814768237),3064.94,"meters"
"5290",2023-10-10 00:27:19,c(-112.057506514797, 38.4844822007536),3064.94,"meters"
"5291",2023-10-10 00:27:20,c(-112.057506033291, 38.4844819061928),3064.94,"meters"
"5292",2023-10-10 00:27:21,c(-112.057506004738, 38.4844810681914),3064.94,"meters"
"5293",2023-10-10 00:27:22,c(-112.057506221113, 38.4844804199197),3064.94,"meters"
"5294",2023-10-10 00:27:23,c(-112.057504219396, 38.4844819127081),3064.94,"meters"
"5295",2023-10-10 00:27:24,c(-112.057500546489, 38.4844836896094),3064.56,"meters"
"5296",2023-10-10 00:27:25,c(-112.057496619147, 38.4844850049221),3064.56,"meters"
"5297",2023-10-10 00:27:26,c(-112.057494731559, 38.4844837369064),3064.56,"meters"
"5298",2023-10-10 00:27:27,c(-112.057494219693, 38.484482016408),3064.56,"meters"
"5299",2023-10-10 00:27:28,c(-112.057494527093, 38.4844805355046),3064.56,"meters"
"5300",2023-10-10 00:27:29,c(-112.057494035943, 38.4844796601886),3064.56,"meters"
"5301",2023-10-10 00:27:30,c(-112.05748921459, 38.4844745701304),3064.08,"meters"
"5302",2023-10-10 00:27:31,c(-112.057480631722, 38.4844661845285),3063.94,"meters"
"5303",2023-10-10 00:27:32,c(-112.057470769753, 38.4844567553148),3063.49,"meters"
"5304",2023-10-10 00:27:33,c(-112.057465581156, 38.4844516370639),3063.25,"meters"
"5305",2023-10-10 00:27:34,c(-112.057464982988, 38.4844505791966),3063.25,"meters"
"5306",2023-10-10 00:27:35,c(-112.057466371853, 38.484450930176),3063.25,"meters"
"5307",2023-10-10 00:27:36,c(-112.057468522336, 38.4844514463487),3063.49,"meters"
"5308",2023-10-10 00:27:37,c(-112.057469221152, 38.4844515503287),3063.49,"meters"
"5309",2023-10-10 00:27:38,c(-112.057469262631, 38.4844510979335),3063.49,"meters"
"5310",2023-10-10 00:27:39,c(-112.057469463016, 38.4844512001364),3063.49,"meters"
"5311",2023-10-10 00:27:40,c(-112.057468782986, 38.484451152482),3063.49,"meters"
"5312",2023-10-10 00:27:41,c(-112.05746692505, 38.4844515629333),3063.25,"meters"
"5313",2023-10-10 00:27:42,c(-112.0574652974, 38.4844514354214),3063.25,"meters"
"5314",2023-10-10 00:27:43,c(-112.057464716055, 38.4844507788097),3063.25,"meters"
"5315",2023-10-10 00:27:44,c(-112.05746561741, 38.484451266777),3063.25,"meters"
"5316",2023-10-10 00:27:45,c(-112.057466692675, 38.4844512233608),3063.25,"meters"
"5317",2023-10-10 00:27:46,c(-112.057466855508, 38.484450857796),3063.25,"meters"
"5318",2023-10-10 00:27:47,c(-112.057466564531, 38.4844502028041),3063.25,"meters"
"5319",2023-10-10 00:27:48,c(-112.05746661596, 38.4844498368628),3063.09,"meters"
"5320",2023-10-10 00:27:49,c(-112.057466224602, 38.4844494009728),3063.09,"meters"
"5321",2023-10-10 00:27:50,c(-112.0574644904, 38.4844491125642),3063.09,"meters"
"5322",2023-10-10 00:27:51,c(-112.057463659603, 38.4844500724942),3063.25,"meters"
"5323",2023-10-10 00:27:52,c(-112.057464987698, 38.4844513735435),3063.25,"meters"
"5324",2023-10-10 00:27:53,c(-112.057466846183, 38.4844522615763),3063.25,"meters"
"5325",2023-10-10 00:27:54,c(-112.057468085214, 38.4844523051875),3063.25,"meters"
"5326",2023-10-10 00:27:55,c(-112.057468045861, 38.4844519788894),3063.25,"meters"
"5327",2023-10-10 00:27:56,c(-112.057467609672, 38.4844516002295),3063.25,"meters"
"5328",2023-10-10 00:27:57,c(-112.057467002707, 38.4844515818952),3063.25,"meters"
"5329",2023-10-10 00:27:58,c(-112.057465440873, 38.4844517940444),3063.25,"meters"
"5330",2023-10-10 00:27:59,c(-112.057464317197, 38.4844512484729),3063.25,"meters"
"5331",2023-10-10 00:28:00,c(-112.057459003607, 38.4844466741226),3063.09,"meters"
"5332",2023-10-10 00:28:01,c(-112.057446280438, 38.4844355519695),3062.77,"meters"
"5333",2023-10-10 00:28:02,c(-112.057441049864, 38.4844296950936),3062.51,"meters"
"5334",2023-10-10 00:28:03,c(-112.057440774471, 38.4844288242224),3062.51,"meters"
"5335",2023-10-10 00:28:04,c(-112.057441730273, 38.4844290678574),3062.51,"meters"
"5336",2023-10-10 00:28:05,c(-112.057441805863, 38.4844265800331),3062.51,"meters"
"5337",2023-10-10 00:28:06,c(-112.057440691182, 38.4844192230612),3062.42,"meters"
"5338",2023-10-10 00:28:07,c(-112.057440923903, 38.4844144482557),3062.42,"meters"
"5339",2023-10-10 00:28:08,c(-112.057440906914, 38.4844134118879),3062.34,"meters"
"5340",2023-10-10 00:28:09,c(-112.057440889802, 38.4844132316253),3062.34,"meters"
"5341",2023-10-10 00:28:10,c(-112.057440188928, 38.4844128527162),3062.34,"meters"
"5342",2023-10-10 00:28:11,c(-112.057439612571, 38.4844125803079),3062.34,"meters"
"5343",2023-10-10 00:28:12,c(-112.05744017317, 38.4844135057507),3062.34,"meters"
"5344",2023-10-10 00:28:13,c(-112.057440715173, 38.4844148763281),3062.42,"meters"
"5345",2023-10-10 00:28:14,c(-112.057441132016, 38.4844154446868),3062.42,"meters"
"5346",2023-10-10 00:28:15,c(-112.057440614544, 38.4844154452958),3062.42,"meters"
"5347",2023-10-10 00:28:16,c(-112.057440578543, 38.4844153629205),3062.42,"meters"
"5348",2023-10-10 00:28:17,c(-112.057440444178, 38.4844150115425),3062.42,"meters"
"5349",2023-10-10 00:28:18,c(-112.057440526655, 38.48441482848),3062.42,"meters"
"5350",2023-10-10 00:28:19,c(-112.057440508028, 38.4844157793149),3062.42,"meters"
"5351",2023-10-10 00:28:20,c(-112.057441175595, 38.4844165554861),3062.42,"meters"
"5352",2023-10-10 00:28:21,c(-112.0574410281, 38.4844157652855),3062.42,"meters"
"5353",2023-10-10 00:28:22,c(-112.057440143902, 38.4844142605399),3062.42,"meters"
"5354",2023-10-10 00:28:23,c(-112.057439725573, 38.4844138751241),3062.34,"meters"
"5355",2023-10-10 00:28:24,c(-112.057440726349, 38.4844135318127),3062.34,"meters"
"5356",2023-10-10 00:28:25,c(-112.05744184473, 38.4844124188546),3062.34,"meters"
"5357",2023-10-10 00:28:26,c(-112.057444564265, 38.4844103497461),3062.34,"meters"
"5358",2023-10-10 00:28:27,c(-112.057446682785, 38.4844094761835),3062.52,"meters"
"5359",2023-10-10 00:28:28,c(-112.057447838191, 38.4844100246535),3062.52,"meters"
"5360",2023-10-10 00:28:29,c(-112.057448181801, 38.4844113987881),3062.52,"meters"
"5361",2023-10-10 00:28:30,c(-112.057449515341, 38.4844128681408),3062.52,"meters"
"5362",2023-10-10 00:28:31,c(-112.057450590784, 38.4844126070885),3062.52,"meters"
"5363",2023-10-10 00:28:32,c(-112.057450886218, 38.4844118945377),3062.52,"meters"
"5364",2023-10-10 00:28:33,c(-112.057450540826, 38.4844132236969),3062.52,"meters"
"5365",2023-10-10 00:28:34,c(-112.057450898197, 38.4844176717877),3062.58,"meters"
"5366",2023-10-10 00:28:35,c(-112.057451498861, 38.4844191043327),3062.58,"meters"
"5367",2023-10-10 00:28:36,c(-112.057451816773, 38.4844202450058),3062.58,"meters"
"5368",2023-10-10 00:28:37,c(-112.057452161892, 38.4844213417512),3062.58,"meters"
"5369",2023-10-10 00:28:38,c(-112.057452485589, 38.4844207660744),3062.58,"meters"
"5370",2023-10-10 00:28:39,c(-112.057453084582, 38.4844198536626),3062.58,"meters"
"5371",2023-10-10 00:28:40,c(-112.057452725457, 38.4844190745497),3062.58,"meters"
"5372",2023-10-10 00:28:41,c(-112.05745126418, 38.4844190476906),3062.58,"meters"
"5373",2023-10-10 00:28:42,c(-112.057449912573, 38.4844187584849),3062.58,"meters"
"5374",2023-10-10 00:28:43,c(-112.05744909114, 38.484418596965),3062.58,"meters"
"5375",2023-10-10 00:28:44,c(-112.057448674355, 38.4844193054603),3062.58,"meters"
"5376",2023-10-10 00:28:45,c(-112.057448760343, 38.4844202819432),3062.58,"meters"
"5377",2023-10-10 00:28:46,c(-112.057450048396, 38.4844205535598),3062.58,"meters"
"5378",2023-10-10 00:28:47,c(-112.057451114956, 38.4844207904867),3062.58,"meters"
"5379",2023-10-10 00:28:48,c(-112.057450709336, 38.4844202754764),3062.58,"meters"
"5380",2023-10-10 00:28:49,c(-112.057451273802, 38.4844198089918),3062.58,"meters"
"5381",2023-10-10 00:28:50,c(-112.057451496349, 38.4844201156216),3062.58,"meters"
"5382",2023-10-10 00:28:51,c(-112.057452143226, 38.4844211795094),3062.58,"meters"
"5383",2023-10-10 00:28:52,c(-112.057452973469, 38.4844217480474),3062.58,"meters"
"5384",2023-10-10 00:28:53,c(-112.057453283156, 38.4844222534323),3062.58,"meters"
"5385",2023-10-10 00:28:54,c(-112.057452390018, 38.4844214759581),3062.58,"meters"
"5386",2023-10-10 00:28:55,c(-112.057451898911, 38.4844206461651),3062.58,"meters"
"5387",2023-10-10 00:28:56,c(-112.057452298815, 38.4844203047314),3062.58,"meters"
"5388",2023-10-10 00:28:57,c(-112.057452268011, 38.4844203479262),3062.58,"meters"
"5389",2023-10-10 00:28:58,c(-112.057452226626, 38.4844197180187),3062.58,"meters"
"5390",2023-10-10 00:28:59,c(-112.057452611839, 38.484418354735),3062.58,"meters"
"5391",2023-10-10 00:29:00,c(-112.057452759443, 38.4844172089105),3062.58,"meters"
"5392",2023-10-10 00:29:01,c(-112.057451920367, 38.4844157913418),3062.58,"meters"
"5393",2023-10-10 00:29:02,c(-112.057451115571, 38.484415672668),3062.58,"meters"
"5394",2023-10-10 00:29:03,c(-112.057450865071, 38.4844168591565),3062.58,"meters"
"5395",2023-10-10 00:29:04,c(-112.057450565072, 38.4844178994701),3062.58,"meters"
"5396",2023-10-10 00:29:05,c(-112.057451185712, 38.4844182246323),3062.58,"meters"
"5397",2023-10-10 00:29:06,c(-112.05745185783, 38.4844180357806),3062.58,"meters"
"5398",2023-10-10 00:29:07,c(-112.057452551189, 38.4844182479784),3062.58,"meters"
"5399",2023-10-10 00:29:08,c(-112.057453919181, 38.484418284288),3062.58,"meters"
"5400",2023-10-10 00:29:09,c(-112.057455356791, 38.484417661475),3062.58,"meters"
"5401",2023-10-10 00:29:10,c(-112.057454209442, 38.4844166167075),3062.58,"meters"
"5402",2023-10-10 00:29:11,c(-112.057452448839, 38.4844144937911),3062.58,"meters"
"5403",2023-10-10 00:29:12,c(-112.057451168876, 38.4844134109911),3062.52,"meters"
"5404",2023-10-10 00:29:13,c(-112.057448703978, 38.4844155818042),3062.58,"meters"
"5405",2023-10-10 00:29:14,c(-112.057445480236, 38.4844171898632),3062.58,"meters"
"5406",2023-10-10 00:29:15,c(-112.057443927675, 38.4844181643487),3062.42,"meters"
"5407",2023-10-10 00:29:16,c(-112.057443198509, 38.484418675772),3062.42,"meters"
"5408",2023-10-10 00:29:17,c(-112.057441854793, 38.4844181082205),3062.42,"meters"
"5409",2023-10-10 00:29:18,c(-112.05743637561, 38.4844137341708),3062.34,"meters"
"5410",2023-10-10 00:29:19,c(-112.057427959728, 38.4844050417067),3062.08,"meters"
"5411",2023-10-10 00:29:20,c(-112.057415800671, 38.4843908524241),3061.74,"meters"
"5412",2023-10-10 00:29:21,c(-112.057400151524, 38.484373346389),3061.36,"meters"
"5413",2023-10-10 00:29:22,c(-112.057391036362, 38.4843646076253),3061.1,"meters"
"5414",2023-10-10 00:29:23,c(-112.057382937245, 38.4843566562338),3060.85,"meters"
"5415",2023-10-10 00:29:24,c(-112.057372770196, 38.4843465156751),3060.57,"meters"
"5416",2023-10-10 00:29:25,c(-112.057358778829, 38.4843326000351),3060.05,"meters"
"5417",2023-10-10 00:29:26,c(-112.057339934319, 38.4843180817094),3059.45,"meters"
"5418",2023-10-10 00:29:27,c(-112.057321603734, 38.4843087107695),3059.07,"meters"
"5419",2023-10-10 00:29:28,c(-112.057305478538, 38.4843001435066),3058.49,"meters"
"5420",2023-10-10 00:29:29,c(-112.057293462624, 38.4842915838298),3058.02,"meters"
"5421",2023-10-10 00:29:30,c(-112.057284676018, 38.4842835877189),3057.88,"meters"
"5422",2023-10-10 00:29:31,c(-112.057277545555, 38.4842772642248),3057.4,"meters"
"5423",2023-10-10 00:29:32,c(-112.05727282584, 38.484273216548),3057.4,"meters"
"5424",2023-10-10 00:29:33,c(-112.057270145185, 38.48427145634),3056.88,"meters"
"5425",2023-10-10 00:29:34,c(-112.057269258927, 38.4842702305425),3056.88,"meters"
"5426",2023-10-10 00:29:35,c(-112.057269968508, 38.4842704543829),3056.88,"meters"
"5427",2023-10-10 00:29:36,c(-112.057272317735, 38.4842728820292),3057.4,"meters"
"5428",2023-10-10 00:29:37,c(-112.057274008338, 38.4842740323478),3057.4,"meters"
"5429",2023-10-10 00:29:38,c(-112.057274454172, 38.4842742644542),3057.4,"meters"
"5430",2023-10-10 00:29:39,c(-112.057275264539, 38.4842741125553),3057.4,"meters"
"5431",2023-10-10 00:29:40,c(-112.05727520863, 38.4842737546054),3057.4,"meters"
"5432",2023-10-10 00:29:41,c(-112.057273334355, 38.484274025612),3057.4,"meters"
"5433",2023-10-10 00:29:42,c(-112.057272329852, 38.4842734805896),3057.4,"meters"
"5434",2023-10-10 00:29:43,c(-112.057272317948, 38.4842725476204),3057.4,"meters"
"5435",2023-10-10 00:29:44,c(-112.057271939388, 38.4842716164538),3057.4,"meters"
"5436",2023-10-10 00:29:45,c(-112.057271667841, 38.4842707815336),3057.22,"meters"
"5437",2023-10-10 00:29:46,c(-112.057271969321, 38.4842706861063),3057.22,"meters"
"5438",2023-10-10 00:29:47,c(-112.057271920209, 38.4842715990871),3057.4,"meters"
"5439",2023-10-10 00:29:48,c(-112.057271562034, 38.4842724909905),3057.4,"meters"
"5440",2023-10-10 00:29:49,c(-112.057270688549, 38.4842725328235),3057.04,"meters"
"5441",2023-10-10 00:29:50,c(-112.057269174773, 38.4842724191818),3057.04,"meters"
"5442",2023-10-10 00:29:51,c(-112.057268373189, 38.4842710674965),3056.88,"meters"
"5443",2023-10-10 00:29:52,c(-112.0572672658, 38.4842695517141),3056.88,"meters"
"5444",2023-10-10 00:29:53,c(-112.05726621057, 38.4842683736119),3056.88,"meters"
"5445",2023-10-10 00:29:54,c(-112.05726668117, 38.4842696967596),3056.88,"meters"
"5446",2023-10-10 00:29:55,c(-112.057267274369, 38.4842711505381),3056.88,"meters"
"5447",2023-10-10 00:29:56,c(-112.057268100722, 38.4842722622785),3057.04,"meters"
"5448",2023-10-10 00:29:57,c(-112.057269006839, 38.484272900772),3057.04,"meters"
"5449",2023-10-10 00:29:58,c(-112.057269546588, 38.4842726031909),3057.04,"meters"
"5450",2023-10-10 00:29:59,c(-112.057269811294, 38.4842720723275),3057.04,"meters"
"5451",2023-10-10 00:30:00,c(-112.057270051535, 38.4842712656648),3056.88,"meters"
"5452",2023-10-10 00:30:01,c(-112.057269573339, 38.4842702583095),3056.88,"meters"
"5453",2023-10-10 00:30:02,c(-112.057269299052, 38.484270042458),3056.88,"meters"
"5454",2023-10-10 00:30:03,c(-112.057269531253, 38.4842702727409),3056.88,"meters"
"5455",2023-10-10 00:30:04,c(-112.057269629549, 38.4842704805446),3056.88,"meters"
"5456",2023-10-10 00:30:05,c(-112.057268221244, 38.4842707248671),3056.88,"meters"
"5457",2023-10-10 00:30:06,c(-112.057267350551, 38.4842707671751),3056.88,"meters"
"5458",2023-10-10 00:30:07,c(-112.05726712248, 38.4842706178913),3056.88,"meters"
"5459",2023-10-10 00:30:08,c(-112.057267268068, 38.4842703239072),3056.88,"meters"
"5460",2023-10-10 00:30:09,c(-112.057267260849, 38.4842702886339),3056.88,"meters"
"5461",2023-10-10 00:30:10,c(-112.057267415183, 38.4842702832753),3056.88,"meters"
"5462",2023-10-10 00:30:11,c(-112.057267536185, 38.4842705178207),3056.88,"meters"
"5463",2023-10-10 00:30:12,c(-112.057267651936, 38.4842706982327),3056.88,"meters"
"5464",2023-10-10 00:30:13,c(-112.057267913948, 38.4842708451351),3056.88,"meters"
"5465",2023-10-10 00:30:14,c(-112.057268213322, 38.4842708991411),3056.88,"meters"
"5466",2023-10-10 00:30:15,c(-112.05726858249, 38.4842710786519),3056.88,"meters"
"5467",2023-10-10 00:30:16,c(-112.057269838793, 38.48427220804),3057.04,"meters"
"5468",2023-10-10 00:30:17,c(-112.057271375627, 38.4842727956595),3057.4,"meters"
"5469",2023-10-10 00:30:18,c(-112.057272356111, 38.4842726241257),3057.4,"meters"
"5470",2023-10-10 00:30:19,c(-112.057272508555, 38.4842719497179),3057.4,"meters"
"5471",2023-10-10 00:30:20,c(-112.057272531873, 38.4842718395635),3057.4,"meters"
"5472",2023-10-10 00:30:21,c(-112.0572725804, 38.4842725909149),3057.4,"meters"
"5473",2023-10-10 00:30:22,c(-112.057272547208, 38.4842729016489),3057.4,"meters"
"5474",2023-10-10 00:30:23,c(-112.057271711823, 38.4842729513703),3057.4,"meters"
"5475",2023-10-10 00:30:24,c(-112.057270697091, 38.4842725478396),3057.04,"meters"
"5476",2023-10-10 00:30:25,c(-112.057270106855, 38.4842726636935),3057.04,"meters"
"5477",2023-10-10 00:30:26,c(-112.057269792047, 38.4842733829424),3057.04,"meters"
"5478",2023-10-10 00:30:27,c(-112.057270281075, 38.4842738874482),3057.04,"meters"
"5479",2023-10-10 00:30:28,c(-112.057270737354, 38.4842740535019),3057.04,"meters"
"5480",2023-10-10 00:30:29,c(-112.057271186702, 38.4842737696314),3057.4,"meters"
"5481",2023-10-10 00:30:30,c(-112.057271979169, 38.4842733074115),3057.4,"meters"
"5482",2023-10-10 00:30:31,c(-112.057272024039, 38.4842735511273),3057.4,"meters"
"5483",2023-10-10 00:30:32,c(-112.057271480946, 38.4842738202596),3057.4,"meters"
"5484",2023-10-10 00:30:33,c(-112.057270061619, 38.4842735596157),3057.04,"meters"
"5485",2023-10-10 00:30:34,c(-112.057269777045, 38.4842731778568),3057.04,"meters"
"5486",2023-10-10 00:30:35,c(-112.057270621323, 38.4842736391899),3057.04,"meters"
"5487",2023-10-10 00:30:36,c(-112.0572718531, 38.484274465853),3057.4,"meters"
"5488",2023-10-10 00:30:37,c(-112.057272531172, 38.4842746839475),3057.4,"meters"
"5489",2023-10-10 00:30:38,c(-112.057272330762, 38.4842738199308),3057.4,"meters"
"5490",2023-10-10 00:30:39,c(-112.057272833607, 38.4842734850834),3057.4,"meters"
"5491",2023-10-10 00:30:40,c(-112.057273763992, 38.4842740804041),3057.4,"meters"
"5492",2023-10-10 00:30:41,c(-112.057274093354, 38.4842744600517),3057.4,"meters"
"5493",2023-10-10 00:30:42,c(-112.057275250292, 38.484274344397),3057.4,"meters"
"5494",2023-10-10 00:30:43,c(-112.057275701252, 38.4842747501596),3057.4,"meters"
"5495",2023-10-10 00:30:44,c(-112.057274313455, 38.4842752253033),3057.4,"meters"
"5496",2023-10-10 00:30:45,c(-112.057271439073, 38.4842728180194),3057.4,"meters"
"5497",2023-10-10 00:30:46,c(-112.057268918547, 38.4842717286618),3057.04,"meters"
"5498",2023-10-10 00:30:47,c(-112.05726769108, 38.4842722603422),3057.04,"meters"
"5499",2023-10-10 00:30:48,c(-112.057267639648, 38.4842718382238),3057.04,"meters"
"5500",2023-10-10 00:30:49,c(-112.057269517737, 38.4842722387498),3057.04,"meters"
"5501",2023-10-10 00:30:50,c(-112.057270970885, 38.4842725129848),3057.4,"meters"
"5502",2023-10-10 00:30:51,c(-112.057270432731, 38.4842741696944),3057.04,"meters"
"5503",2023-10-10 00:30:52,c(-112.057268854343, 38.4842749923288),3057.04,"meters"
"5504",2023-10-10 00:30:53,c(-112.057268500982, 38.484275049933),3057.04,"meters"
"5505",2023-10-10 00:30:54,c(-112.057269593134, 38.4842744488918),3057.04,"meters"
"5506",2023-10-10 00:30:55,c(-112.057270232034, 38.4842736062959),3057.04,"meters"
"5507",2023-10-10 00:30:56,c(-112.05727009257, 38.4842727695733),3057.04,"meters"
"5508",2023-10-10 00:30:57,c(-112.057268763156, 38.4842724604834),3057.04,"meters"
"5509",2023-10-10 00:30:58,c(-112.05726724738, 38.4842724528608),3057.04,"meters"
"5510",2023-10-10 00:30:59,c(-112.057267222846, 38.4842725730734),3057.04,"meters"
"5511",2023-10-10 00:31:00,c(-112.057268764694, 38.4842737696214),3057.04,"meters"
"5512",2023-10-10 00:31:01,c(-112.057269107286, 38.4842738605825),3057.04,"meters"
"5513",2023-10-10 00:31:02,c(-112.057269081639, 38.4842734210833),3057.04,"meters"
"5514",2023-10-10 00:31:03,c(-112.057269409868, 38.4842731481413),3057.04,"meters"
"5515",2023-10-10 00:31:04,c(-112.057270909403, 38.4842731484624),3057.4,"meters"
"5516",2023-10-10 00:31:05,c(-112.057272735642, 38.4842733140122),3057.4,"meters"
"5517",2023-10-10 00:31:06,c(-112.057272757002, 38.4842730393145),3057.4,"meters"
"5518",2023-10-10 00:31:07,c(-112.057271965026, 38.4842723866087),3057.4,"meters"
"5519",2023-10-10 00:31:08,c(-112.05727073269, 38.4842718008027),3057.4,"meters"
"5520",2023-10-10 00:31:09,c(-112.057269870032, 38.4842716783326),3057.04,"meters"
"5521",2023-10-10 00:31:10,c(-112.057269638383, 38.4842717853693),3057.04,"meters"
"5522",2023-10-10 00:31:11,c(-112.057269286237, 38.4842713670506),3056.88,"meters"
"5523",2023-10-10 00:31:12,c(-112.057269081766, 38.4842712425378),3056.88,"meters"
"5524",2023-10-10 00:31:13,c(-112.057269320231, 38.4842716789403),3057.04,"meters"
"5525",2023-10-10 00:31:14,c(-112.057269172938, 38.4842727257307),3057.04,"meters"
"5526",2023-10-10 00:31:15,c(-112.057269059708, 38.4842733873145),3057.04,"meters"
"5527",2023-10-10 00:31:16,c(-112.057269354627, 38.4842736799756),3057.04,"meters"
"5528",2023-10-10 00:31:17,c(-112.05726995189, 38.484273515554),3057.04,"meters"
"5529",2023-10-10 00:31:18,c(-112.057270259896, 38.4842731698855),3057.04,"meters"
"5530",2023-10-10 00:31:19,c(-112.0572704651, 38.4842727435966),3057.04,"meters"
"5531",2023-10-10 00:31:20,c(-112.057270402039, 38.4842725208278),3057.04,"meters"
"5532",2023-10-10 00:31:21,c(-112.057270159933, 38.4842721368159),3057.04,"meters"
"5533",2023-10-10 00:31:22,c(-112.057270774466, 38.4842718504146),3057.4,"meters"
"5534",2023-10-10 00:31:23,c(-112.057272253304, 38.4842719810551),3057.4,"meters"
"5535",2023-10-10 00:31:24,c(-112.057265383084, 38.4842787547362),3057.04,"meters"
"5536",2023-10-10 00:31:25,c(-112.057251842763, 38.4842897788315),3057.1,"meters"
"5537",2023-10-10 00:31:26,c(-112.057241006341, 38.4842990389729),3056.76,"meters"
"5538",2023-10-10 00:31:27,c(-112.057238931179, 38.484301933517),3056.76,"meters"
"5539",2023-10-10 00:31:28,c(-112.057239872308, 38.4843021290548),3056.76,"meters"
"5540",2023-10-10 00:31:29,c(-112.057239913529, 38.4843014202429),3056.76,"meters"
"5541",2023-10-10 00:31:30,c(-112.057240179646, 38.4843008433725),3056.76,"meters"
"5542",2023-10-10 00:31:31,c(-112.057239341664, 38.4843009656932),3056.76,"meters"
"5543",2023-10-10 00:31:32,c(-112.057237585577, 38.4843010340078),3056.76,"meters"
"5544",2023-10-10 00:31:33,c(-112.057236274358, 38.4843013157515),3056.26,"meters"
"5545",2023-10-10 00:31:34,c(-112.057235434997, 38.4843003322284),3056.26,"meters"
"5546",2023-10-10 00:31:35,c(-112.05723599706, 38.4842992700102),3056.26,"meters"
"5547",2023-10-10 00:31:36,c(-112.057236193235, 38.4842977364515),3056.24,"meters"
"5548",2023-10-10 00:31:37,c(-112.057237295079, 38.4842962255116),3056.7,"meters"
"5549",2023-10-10 00:31:38,c(-112.057239410145, 38.4842961176954),3056.7,"meters"
"5550",2023-10-10 00:31:39,c(-112.057241535739, 38.4842979706999),3056.7,"meters"
"5551",2023-10-10 00:31:40,c(-112.057239521568, 38.4843033527792),3056.76,"meters"
"5552",2023-10-10 00:31:41,c(-112.057228802221, 38.4843158870603),3056.36,"meters"
"5553",2023-10-10 00:31:42,c(-112.057212121529, 38.4843328795736),3056.02,"meters"
"5554",2023-10-10 00:31:43,c(-112.057190933334, 38.484354079935),3055.98,"meters"
"5555",2023-10-10 00:31:44,c(-112.057164146524, 38.4843808623922),3056.16,"meters"
"5556",2023-10-10 00:31:45,c(-112.057134855132, 38.4844102800348),3055.3,"meters"
"5557",2023-10-10 00:31:46,c(-112.057116903535, 38.4844287423703),3055.16,"meters"
"5558",2023-10-10 00:31:47,c(-112.057110615711, 38.4844355150313),3054.98,"meters"
"5559",2023-10-10 00:31:48,c(-112.057108198583, 38.4844376683675),3054.98,"meters"
"5560",2023-10-10 00:31:49,c(-112.057108925524, 38.4844372212734),3054.98,"meters"
"5561",2023-10-10 00:31:50,c(-112.057111542759, 38.4844364015276),3054.98,"meters"
"5562",2023-10-10 00:31:51,c(-112.057113016076, 38.4844367292627),3055.36,"meters"
"5563",2023-10-10 00:31:52,c(-112.057113736069, 38.4844364538098),3055.36,"meters"
"5564",2023-10-10 00:31:53,c(-112.057113189801, 38.484435626003),3055.36,"meters"
"5565",2023-10-10 00:31:54,c(-112.057113225449, 38.4844348464329),3055.16,"meters"
"5566",2023-10-10 00:31:55,c(-112.057113998831, 38.4844347620725),3055.16,"meters"
"5567",2023-10-10 00:31:56,c(-112.057113304579, 38.4844349741243),3055.16,"meters"
"5568",2023-10-10 00:31:57,c(-112.057112421498, 38.4844345012826),3054.74,"meters"
"5569",2023-10-10 00:31:58,c(-112.057116053157, 38.4844309203045),3055.16,"meters"
"5570",2023-10-10 00:31:59,c(-112.057132393792, 38.484418942445),3055.46,"meters"
"5571",2023-10-10 00:32:00,c(-112.057157240015, 38.4844011617647),3056.04,"meters"
"5572",2023-10-10 00:32:01,c(-112.05718979949, 38.48437804611),3056.68,"meters"
"5573",2023-10-10 00:32:02,c(-112.057226622453, 38.4843522911015),3057.3,"meters"
"5574",2023-10-10 00:32:03,c(-112.057264577189, 38.4843262356542),3058,"meters"
"5575",2023-10-10 00:32:04,c(-112.057303745071, 38.4842993167765),3058.49,"meters"
"5576",2023-10-10 00:32:05,c(-112.05731934503, 38.4842886342989),3058.63,"meters"
"5577",2023-10-10 00:32:06,c(-112.057322465217, 38.4842857617602),3058.63,"meters"
"5578",2023-10-10 00:32:07,c(-112.057323325921, 38.4842845982391),3058.63,"meters"
"5579",2023-10-10 00:32:08,c(-112.057322900173, 38.4842852947374),3058.63,"meters"
"5580",2023-10-10 00:32:09,c(-112.057322405628, 38.4842862339442),3058.63,"meters"
"5581",2023-10-10 00:32:10,c(-112.057323018761, 38.4842868188036),3058.63,"meters"
"5582",2023-10-10 00:32:11,c(-112.057324327044, 38.4842867628313),3058.63,"meters"
"5583",2023-10-10 00:32:12,c(-112.057325310523, 38.4842863903524),3058.63,"meters"
"5584",2023-10-10 00:32:13,c(-112.057325105213, 38.4842869117497),3058.63,"meters"
"5585",2023-10-10 00:32:14,c(-112.057325210668, 38.4842878655441),3058.63,"meters"
"5586",2023-10-10 00:32:15,c(-112.057325854569, 38.4842875644854),3058.63,"meters"
"5587",2023-10-10 00:32:16,c(-112.057326667808, 38.4842868405057),3058.63,"meters"
"5588",2023-10-10 00:32:17,c(-112.05732674577, 38.4842858068815),3058.63,"meters"
"5589",2023-10-10 00:32:18,c(-112.057325770396, 38.4842849553707),3058.63,"meters"
"5590",2023-10-10 00:32:19,c(-112.057324787397, 38.4842845423398),3058.63,"meters"
"5591",2023-10-10 00:32:20,c(-112.057323741231, 38.484284556489),3058.63,"meters"
"5592",2023-10-10 00:32:21,c(-112.05732355641, 38.4842853988535),3058.63,"meters"
"5593",2023-10-10 00:32:22,c(-112.057323426686, 38.4842859696468),3058.63,"meters"
"5594",2023-10-10 00:32:23,c(-112.057322624175, 38.4842857238364),3058.63,"meters"
"5595",2023-10-10 00:32:24,c(-112.057322778711, 38.4842842718115),3058.63,"meters"
"5596",2023-10-10 00:32:25,c(-112.057322611291, 38.4842832872875),3058.63,"meters"
"5597",2023-10-10 00:32:26,c(-112.05732219939, 38.4842839254886),3058.63,"meters"
"5598",2023-10-10 00:32:27,c(-112.057322217928, 38.4842840680683),3058.63,"meters"
"5599",2023-10-10 00:32:29,c(-112.05732232874, 38.4842831514853),3058.63,"meters"
"5600",2023-10-10 00:32:30,c(-112.057322420923, 38.4842828573488),3058.63,"meters"
"5601",2023-10-10 00:32:32,c(-112.057322422223, 38.4842831701183),3058.63,"meters"
"5602",2023-10-10 00:32:33,c(-112.057323208948, 38.4842835570286),3058.63,"meters"
"5603",2023-10-10 00:32:34,c(-112.057323914444, 38.4842838019988),3058.63,"meters"
"5604",2023-10-10 00:32:35,c(-112.057324557055, 38.4842838709665),3058.63,"meters"
"5605",2023-10-10 00:32:36,c(-112.057324151051, 38.4842837944482),3058.63,"meters"
"5606",2023-10-10 00:32:37,c(-112.057323838246, 38.4842839429924),3058.63,"meters"
"5607",2023-10-10 00:32:38,c(-112.057324376466, 38.4842838007932),3058.63,"meters"
"5608",2023-10-10 00:32:39,c(-112.057325839354, 38.4842829566351),3058.63,"meters"
"5609",2023-10-10 00:32:40,c(-112.057326661926, 38.4842821923202),3058.63,"meters"
"5610",2023-10-10 00:32:41,c(-112.05732617297, 38.4842822620298),3058.63,"meters"
"5611",2023-10-10 00:32:42,c(-112.057325595034, 38.4842827540405),3058.63,"meters"
"5612",2023-10-10 00:32:43,c(-112.057325293088, 38.4842833918519),3058.63,"meters"
"5613",2023-10-10 00:32:44,c(-112.057325074892, 38.4842837798583),3058.63,"meters"
"5614",2023-10-10 00:32:45,c(-112.057324575897, 38.4842838842036),3058.63,"meters"
"5615",2023-10-10 00:32:46,c(-112.057324421168, 38.4842838398628),3058.63,"meters"
"5616",2023-10-10 00:32:47,c(-112.057324826047, 38.4842838885879),3058.63,"meters"
"5617",2023-10-10 00:32:48,c(-112.057324897823, 38.4842837503621),3058.63,"meters"
"5618",2023-10-10 00:32:49,c(-112.057324314987, 38.4842837559641),3058.63,"meters"
"5619",2023-10-10 00:32:50,c(-112.057322817792, 38.4842843275612),3058.63,"meters"
"5620",2023-10-10 00:32:51,c(-112.057322830232, 38.4842842130226),3058.63,"meters"
"5621",2023-10-10 00:32:52,c(-112.057323861388, 38.4842841709506),3058.63,"meters"
"5622",2023-10-10 00:32:53,c(-112.057324227718, 38.4842842626195),3058.63,"meters"
"5623",2023-10-10 00:32:54,c(-112.057323663886, 38.4842840482145),3058.63,"meters"
"5624",2023-10-10 00:32:55,c(-112.057323447382, 38.4842836965028),3058.63,"meters"
"5625",2023-10-10 00:32:56,c(-112.057323857181, 38.4842828456227),3058.63,"meters"
"5626",2023-10-10 00:32:57,c(-112.057323774719, 38.4842820854793),3058.63,"meters"
"5627",2023-10-10 00:32:58,c(-112.057323627275, 38.484282136421),3058.63,"meters"
"5628",2023-10-10 00:32:59,c(-112.057323683965, 38.4842827472727),3058.63,"meters"
"5629",2023-10-10 00:33:00,c(-112.057323883734, 38.4842830983262),3058.63,"meters"
"5630",2023-10-10 00:33:01,c(-112.057324513218, 38.4842829131912),3058.63,"meters"
"5631",2023-10-10 00:33:02,c(-112.057324818929, 38.4842819804329),3058.63,"meters"
"5632",2023-10-10 00:33:03,c(-112.057324042941, 38.4842817686918),3058.63,"meters"
"5633",2023-10-10 00:33:04,c(-112.057323268247, 38.4842817135),3058.63,"meters"
"5634",2023-10-10 00:33:05,c(-112.057322843211, 38.4842821057312),3058.63,"meters"
"5635",2023-10-10 00:33:06,c(-112.057322736867, 38.4842825661265),3058.63,"meters"
"5636",2023-10-10 00:33:07,c(-112.057322470463, 38.4842829443901),3058.63,"meters"
"5637",2023-10-10 00:33:08,c(-112.057322340104, 38.4842833786194),3058.63,"meters"
"5638",2023-10-10 00:33:09,c(-112.057321993464, 38.4842836540303),3058.63,"meters"
"5639",2023-10-10 00:33:10,c(-112.05732215816, 38.4842835561518),3058.63,"meters"
"5640",2023-10-10 00:33:11,c(-112.057322486569, 38.4842836361279),3058.63,"meters"
"5641",2023-10-10 00:33:12,c(-112.05732235633, 38.484284005757),3058.63,"meters"
"5642",2023-10-10 00:33:13,c(-112.057324425749, 38.4842840739222),3058.63,"meters"
"5643",2023-10-10 00:33:14,c(-112.057328335926, 38.4842862901719),3058.87,"meters"
"5644",2023-10-10 00:33:15,c(-112.057337237292, 38.4843002895915),3059.17,"meters"
"5645",2023-10-10 00:33:16,c(-112.05735295944, 38.4843292544486),3060.05,"meters"
"5646",2023-10-10 00:33:17,c(-112.057375288241, 38.4843702080679),3061.05,"meters"
"5647",2023-10-10 00:33:18,c(-112.057399735611, 38.4844155693068),3061.94,"meters"
"5648",2023-10-10 00:33:19,c(-112.057423935694, 38.4844613741227),3062.85,"meters"
"5649",2023-10-10 00:33:20,c(-112.057448295637, 38.4845079791745),3063.9,"meters"
"5650",2023-10-10 00:33:21,c(-112.057474205509, 38.484558641574),3065.42,"meters"
"5651",2023-10-10 00:33:22,c(-112.057499258134, 38.4846059472895),3066.74,"meters"
"5652",2023-10-10 00:33:23,c(-112.057521056202, 38.484645830514),3067.72,"meters"
"5653",2023-10-10 00:33:24,c(-112.057537494426, 38.4846772893469),3068.42,"meters"
"5654",2023-10-10 00:33:25,c(-112.057548652704, 38.4846988023699),3069.08,"meters"
"5655",2023-10-10 00:33:26,c(-112.057552554428, 38.4847048506771),3069.6,"meters"
"5656",2023-10-10 00:33:27,c(-112.057553639179, 38.4847055078767),3069.6,"meters"
"5657",2023-10-10 00:33:28,c(-112.057557339919, 38.4847070777924),3069.6,"meters"
"5658",2023-10-10 00:33:29,c(-112.057568500953, 38.4847150742074),3069.99,"meters"
"5659",2023-10-10 00:33:30,c(-112.05758563129, 38.4847291107133),3070.53,"meters"
"5660",2023-10-10 00:33:31,c(-112.057607934256, 38.4847472922218),3071.37,"meters"
"5661",2023-10-10 00:33:32,c(-112.057634924423, 38.4847693266022),3072.63,"meters"
"5662",2023-10-10 00:33:33,c(-112.057662893187, 38.4847923376362),3073.38,"meters"
"5663",2023-10-10 00:33:34,c(-112.057688361359, 38.4848130120705),3074.34,"meters"
"5664",2023-10-10 00:33:35,c(-112.057698903771, 38.4848241021617),3074.88,"meters"
"5665",2023-10-10 00:33:36,c(-112.057702198471, 38.4848272584037),3074.98,"meters"
"5666",2023-10-10 00:33:37,c(-112.057702527498, 38.4848276031954),3074.98,"meters"
"5667",2023-10-10 00:33:38,c(-112.057701751284, 38.4848272091362),3074.98,"meters"
"5668",2023-10-10 00:33:39,c(-112.057701263416, 38.4848279427558),3074.98,"meters"
"5669",2023-10-10 00:33:40,c(-112.057700714144, 38.4848273600387),3074.98,"meters"
"5670",2023-10-10 00:33:41,c(-112.057699792342, 38.484826045799),3074.88,"meters"
"5671",2023-10-10 00:33:42,c(-112.057699741425, 38.4848259593804),3074.88,"meters"
"5672",2023-10-10 00:33:43,c(-112.057700566602, 38.4848264593436),3074.98,"meters"
"5673",2023-10-10 00:33:44,c(-112.05770074279, 38.4848271680283),3074.98,"meters"
"5674",2023-10-10 00:33:45,c(-112.057700627033, 38.4848275931116),3074.98,"meters"
"5675",2023-10-10 00:33:46,c(-112.057700668207, 38.4848275883985),3074.98,"meters"
"5676",2023-10-10 00:33:47,c(-112.057700886637, 38.4848276214996),3074.98,"meters"
"5677",2023-10-10 00:33:48,c(-112.057701226093, 38.4848274007525),3074.98,"meters"
"5678",2023-10-10 00:33:49,c(-112.057701310962, 38.4848273280835),3074.98,"meters"
"5679",2023-10-10 00:33:50,c(-112.05770144087, 38.4848275621129),3074.98,"meters"
"5680",2023-10-10 00:33:51,c(-112.057701527338, 38.4848280861208),3074.98,"meters"
"5681",2023-10-10 00:33:52,c(-112.057701427771, 38.4848283391775),3074.98,"meters"
"5682",2023-10-10 00:33:53,c(-112.057701566278, 38.4848282298148),3074.98,"meters"
"5683",2023-10-10 00:33:54,c(-112.057701751487, 38.4848279340969),3074.98,"meters"
"5684",2023-10-10 00:33:55,c(-112.057701744204, 38.4848275595721),3074.98,"meters"
"5685",2023-10-10 00:33:56,c(-112.057704235511, 38.4848295018568),3075.16,"meters"
"5686",2023-10-10 00:33:57,c(-112.057722619248, 38.4848441551756),3075.68,"meters"
"5687",2023-10-10 00:33:58,c(-112.057763248517, 38.4848760687929),3077.27,"meters"
"5688",2023-10-10 00:33:59,c(-112.057820807, 38.4849217948214),3079.03,"meters"
"5689",2023-10-10 00:34:00,c(-112.057883699359, 38.4849715273069),3081.04,"meters"
"5690",2023-10-10 00:34:01,c(-112.057956865513, 38.4850305515467),3083.38,"meters"
"5691",2023-10-10 00:34:02,c(-112.058035750378, 38.4850946812274),3085.89,"meters"
"5692",2023-10-10 00:34:03,c(-112.058117902493, 38.4851629376641),3089.65,"meters"
"5693",2023-10-10 00:34:04,c(-112.058191861522, 38.4852388355994),3094.05,"meters"
"5694",2023-10-10 00:34:05,c(-112.058247712452, 38.4853213808237),3097.27,"meters"
"5695",2023-10-10 00:34:06,c(-112.058308949002, 38.4854155271547),3100.92,"meters"
"5696",2023-10-10 00:34:07,c(-112.05837244953, 38.4855116706825),3105.23,"meters"
"5697",2023-10-10 00:34:08,c(-112.058432475227, 38.4856035068707),3106.61,"meters"
"5698",2023-10-10 00:34:09,c(-112.058488857347, 38.4856907936653),3107.12,"meters"
"5699",2023-10-10 00:34:10,c(-112.058547885021, 38.4857817358677),3109.01,"meters"
"5700",2023-10-10 00:34:11,c(-112.058610019986, 38.4858764880229),3110.61,"meters"
"5701",2023-10-10 00:34:12,c(-112.05866599687, 38.4859630046503),3111.64,"meters"
"5702",2023-10-10 00:34:13,c(-112.058721894478, 38.4860500905365),3112.83,"meters"
"5703",2023-10-10 00:34:14,c(-112.058783436692, 38.4861461714493),3112.52,"meters"
"5704",2023-10-10 00:34:15,c(-112.058845284219, 38.4862423237158),3111.39,"meters"
"5705",2023-10-10 00:34:16,c(-112.058904080706, 38.4863336671139),3110,"meters"
"5706",2023-10-10 00:34:17,c(-112.058957544167, 38.4864221274391),3108.05,"meters"
"5707",2023-10-10 00:34:18,c(-112.059005489205, 38.4865127263788),3105.5,"meters"
"5708",2023-10-10 00:34:19,c(-112.059056176574, 38.4866083415743),3102.86,"meters"
"5709",2023-10-10 00:34:20,c(-112.059109889266, 38.4867085617503),3100.09,"meters"
"5710",2023-10-10 00:34:21,c(-112.05916108277, 38.4868038371008),3097.74,"meters"
"5711",2023-10-10 00:34:22,c(-112.059212159435, 38.4868994756579),3095.58,"meters"
"5712",2023-10-10 00:34:23,c(-112.059262832639, 38.4869951411959),3093.67,"meters"
"5713",2023-10-10 00:34:24,c(-112.059313526033, 38.487090996386),3091.63,"meters"
"5714",2023-10-10 00:34:25,c(-112.059364022, 38.4871872483401),3089.68,"meters"
"5715",2023-10-10 00:34:26,c(-112.059414140728, 38.4872835139339),3088.35,"meters"
"5716",2023-10-10 00:34:27,c(-112.059465967617, 38.487385790265),3085.99,"meters"
"5717",2023-10-10 00:34:28,c(-112.059514554077, 38.4874828455781),3083.74,"meters"
"5718",2023-10-10 00:34:29,c(-112.059561187324, 38.4875750768363),3081.89,"meters"
"5719",2023-10-10 00:34:30,c(-112.05960830735, 38.4876667705972),3079.43,"meters"
"5720",2023-10-10 00:34:31,c(-112.05965805226, 38.4877633360796),3076.01,"meters"
"5721",2023-10-10 00:34:32,c(-112.059710432249, 38.4878647416781),3072.3,"meters"
"5722",2023-10-10 00:34:33,c(-112.059760722002, 38.4879612143505),3068.59,"meters"
"5723",2023-10-10 00:34:34,c(-112.059811367464, 38.4880575717037),3065.01,"meters"
"5724",2023-10-10 00:34:35,c(-112.059864689604, 38.4881589967523),3061.73,"meters"
"5725",2023-10-10 00:34:36,c(-112.059915345113, 38.4882553268003),3059.61,"meters"
"5726",2023-10-10 00:34:37,c(-112.059963546587, 38.4883467655925),3057,"meters"
"5727",2023-10-10 00:34:38,c(-112.060011327127, 38.4884375714448),3052.37,"meters"
"5728",2023-10-10 00:34:39,c(-112.060061459658, 38.4885331003801),3048.99,"meters"
"5729",2023-10-10 00:34:40,c(-112.060114089654, 38.4886335682365),3046.4,"meters"
"5730",2023-10-10 00:34:41,c(-112.060164197573, 38.4887295675424),3043.71,"meters"
"5731",2023-10-10 00:34:42,c(-112.060208289508, 38.4888219753276),3042.05,"meters"
"5732",2023-10-10 00:34:43,c(-112.060249502635, 38.4889203766612),3040.61,"meters"
"5733",2023-10-10 00:34:44,c(-112.060292982921, 38.4890237460116),3038.63,"meters"
"5734",2023-10-10 00:34:45,c(-112.060337384285, 38.4891270933311),3036.45,"meters"
"5735",2023-10-10 00:34:46,c(-112.060377424769, 38.4892207383101),3033.89,"meters"
"5736",2023-10-10 00:34:47,c(-112.060419675787, 38.4893190316544),3031.99,"meters"
"5737",2023-10-10 00:34:48,c(-112.060464031739, 38.4894222678481),3030.15,"meters"
"5738",2023-10-10 00:34:49,c(-112.060505543916, 38.48951569468),3028.31,"meters"
"5739",2023-10-10 00:34:50,c(-112.060547596343, 38.4896090089827),3026.71,"meters"
"5740",2023-10-10 00:34:51,c(-112.060591975452, 38.4897064936238),3024.26,"meters"
"5741",2023-10-10 00:34:52,c(-112.060638145714, 38.4898086980034),3021.13,"meters"
"5742",2023-10-10 00:34:53,c(-112.060681949543, 38.4899063470008),3018.93,"meters"
"5743",2023-10-10 00:34:54,c(-112.060723615619, 38.4899990081047),3017.27,"meters"
"5744",2023-10-10 00:34:55,c(-112.060769580448, 38.4901013809939),3015.41,"meters"
"5745",2023-10-10 00:34:56,c(-112.06081583385, 38.4902040219305),3013.34,"meters"
"5746",2023-10-10 00:34:57,c(-112.060857695617, 38.4902968588429),3010.91,"meters"
"5747",2023-10-10 00:34:58,c(-112.060899628171, 38.4903903315451),3009.29,"meters"
"5748",2023-10-10 00:34:59,c(-112.060943346809, 38.4904883077705),3008.11,"meters"
"5749",2023-10-10 00:35:00,c(-112.060989460669, 38.4905914253352),3006.27,"meters"
"5750",2023-10-10 00:35:01,c(-112.061033726069, 38.4906892948241),3004.76,"meters"
"5751",2023-10-10 00:35:02,c(-112.061078021919, 38.4907867632535),3003.44,"meters"
"5752",2023-10-10 00:35:03,c(-112.06112237735, 38.4908844461625),3001.71,"meters"
"5753",2023-10-10 00:35:04,c(-112.061166866514, 38.4909823949166),3000.42,"meters"
"5754",2023-10-10 00:35:05,c(-112.061211251699, 38.491080864002),2999.03,"meters"
"5755",2023-10-10 00:35:06,c(-112.061253321855, 38.4911737761409),2997.68,"meters"
"5756",2023-10-10 00:35:07,c(-112.061297040493, 38.4912709827658),2995.85,"meters"
"5757",2023-10-10 00:35:08,c(-112.061343043144, 38.4913735516264),2994.02,"meters"
"5758",2023-10-10 00:35:09,c(-112.061389435431, 38.491476893994),2992.51,"meters"
"5759",2023-10-10 00:35:10,c(-112.061431404935, 38.4915703466506),2991.19,"meters"
"5760",2023-10-10 00:35:11,c(-112.061473578019, 38.4916639709629),2990.44,"meters"
"5761",2023-10-10 00:35:12,c(-112.06152024533, 38.4917672857794),2988.98,"meters"
"5762",2023-10-10 00:35:13,c(-112.061567285742, 38.4918709635672),2987.93,"meters"
"5763",2023-10-10 00:35:14,c(-112.061609899879, 38.4919650650628),2986.88,"meters"
"5764",2023-10-10 00:35:15,c(-112.061652360986, 38.4920594074915),2986.65,"meters"
"5765",2023-10-10 00:35:16,c(-112.061697167279, 38.4921585102511),2985.58,"meters"
"5766",2023-10-10 00:35:17,c(-112.061743527644, 38.4922622707768),2985.27,"meters"
"5767",2023-10-10 00:35:18,c(-112.061787622084, 38.4923607224361),2984.3,"meters"
"5768",2023-10-10 00:35:19,c(-112.061829332262, 38.4924543094153),2983.52,"meters"
"5769",2023-10-10 00:35:20,c(-112.061875859169, 38.4925566878399),2982.69,"meters"
"5770",2023-10-10 00:35:21,c(-112.061924010541, 38.4926591159213),2981.78,"meters"
"5771",2023-10-10 00:35:22,c(-112.061969885687, 38.4927511476292),2980.94,"meters"
"5772",2023-10-10 00:35:23,c(-112.062020395707, 38.4928479317997),2980.46,"meters"
"5773",2023-10-10 00:35:24,c(-112.062073234399, 38.4929500952564),2979.8,"meters"
"5774",2023-10-10 00:35:25,c(-112.062123538316, 38.4930474496854),2979.24,"meters"
"5775",2023-10-10 00:35:26,c(-112.062170972342, 38.4931400587934),2978.77,"meters"
"5776",2023-10-10 00:35:27,c(-112.062217867156, 38.4932323161686),2978.2,"meters"
"5777",2023-10-10 00:35:28,c(-112.062266786653, 38.4933293066498),2978.15,"meters"
"5778",2023-10-10 00:35:29,c(-112.062318073476, 38.4934309375094),2978.34,"meters"
"5779",2023-10-10 00:35:30,c(-112.062367909989, 38.4935327711906),2978.03,"meters"
"5780",2023-10-10 00:35:31,c(-112.062409300146, 38.4936263222128),2977.32,"meters"
"5781",2023-10-10 00:35:32,c(-112.062450438127, 38.4937202009548),2976.77,"meters"
"5782",2023-10-10 00:35:33,c(-112.062496359468, 38.4938242658198),2976.25,"meters"
"5783",2023-10-10 00:35:34,c(-112.06254295778, 38.4939278491144),2975.82,"meters"
"5784",2023-10-10 00:35:35,c(-112.062584621035, 38.494021250125),2975.11,"meters"
"5785",2023-10-10 00:35:36,c(-112.062626212089, 38.4941146878811),2974.57,"meters"
"5786",2023-10-10 00:35:37,c(-112.0626729646, 38.4942179432758),2974.08,"meters"
"5787",2023-10-10 00:35:38,c(-112.062719668004, 38.4943209710581),2973.54,"meters"
"5788",2023-10-10 00:35:39,c(-112.062761479779, 38.4944139466043),2972.87,"meters"
"5789",2023-10-10 00:35:40,c(-112.062805782476, 38.4945116160617),2972.73,"meters"
"5790",2023-10-10 00:35:41,c(-112.062849824237, 38.4946097774716),2972.74,"meters"
"5791",2023-10-10 00:35:42,c(-112.062893873656, 38.4947082217516),2972.74,"meters"
"5792",2023-10-10 00:35:43,c(-112.062938063745, 38.4948061783831),2972.75,"meters"
"5793",2023-10-10 00:35:44,c(-112.062982373786, 38.4949037562888),2972.76,"meters"
"5794",2023-10-10 00:35:45,c(-112.063026458378, 38.4950015220504),2972.73,"meters"
"5795",2023-10-10 00:35:46,c(-112.063070216944, 38.4950991143849),2972.66,"meters"
"5796",2023-10-10 00:35:47,c(-112.063114422651, 38.495197417403),2972.66,"meters"
"5797",2023-10-10 00:35:48,c(-112.063156399298, 38.4952913685766),2972.69,"meters"
"5798",2023-10-10 00:35:49,c(-112.063202516703, 38.4953950785163),2972.65,"meters"
"5799",2023-10-10 00:35:50,c(-112.063248074595, 38.4954994963186),2972.58,"meters"
"5800",2023-10-10 00:35:51,c(-112.06328882868, 38.4955935084819),2972.55,"meters"
"5801",2023-10-10 00:35:52,c(-112.063331544735, 38.4956921871367),2972.52,"meters"
"5802",2023-10-10 00:35:53,c(-112.063376915874, 38.4957954546852),2972.49,"meters"
"5803",2023-10-10 00:35:54,c(-112.063420579253, 38.4958938106967),2972.62,"meters"
"5804",2023-10-10 00:35:55,c(-112.063461841057, 38.4959868744425),2972.62,"meters"
"5805",2023-10-10 00:35:56,c(-112.063505016127, 38.4960846954542),2972.85,"meters"
"5806",2023-10-10 00:35:57,c(-112.063551072602, 38.4961881500821),2973.1,"meters"
"5807",2023-10-10 00:35:58,c(-112.063595173302, 38.4962868314738),2973.76,"meters"
"5808",2023-10-10 00:35:59,c(-112.063639038212, 38.4963858145158),2974.4,"meters"
"5809",2023-10-10 00:36:00,c(-112.063680857163, 38.4964794166905),2975.05,"meters"
"5810",2023-10-10 00:36:01,c(-112.063722629571, 38.4965727242526),2975.65,"meters"
"5811",2023-10-10 00:36:02,c(-112.06376868348, 38.4966758482642),2976.35,"meters"
"5812",2023-10-10 00:36:03,c(-112.063812898962, 38.4967741378486),2976.95,"meters"
"5813",2023-10-10 00:36:04,c(-112.063854889183, 38.4968674149813),2977.76,"meters"
"5814",2023-10-10 00:36:05,c(-112.063900935516, 38.4969710682496),2978.44,"meters"
"5815",2023-10-10 00:36:06,c(-112.063945894954, 38.4970743906306),2979.33,"meters"
"5816",2023-10-10 00:36:07,c(-112.063985575524, 38.4971727807503),2980.73,"meters"
"5817",2023-10-10 00:36:08,c(-112.064015085658, 38.4972681962339),2981.71,"meters"
"5818",2023-10-10 00:36:09,c(-112.064043673775, 38.4973649800955),2982.9,"meters"
"5819",2023-10-10 00:36:10,c(-112.064086560023, 38.4974644515107),2984.58,"meters"
"5820",2023-10-10 00:36:11,c(-112.064141616347, 38.4975323727674),2986.22,"meters"
"5821",2023-10-10 00:36:12,c(-112.064161115681, 38.4975571625873),2986.78,"meters"
"5822",2023-10-10 00:36:13,c(-112.064168856518, 38.4975667709945),2986.98,"meters"
"5823",2023-10-10 00:36:14,c(-112.064175877482, 38.4975746021682),2987.2,"meters"
"5824",2023-10-10 00:36:15,c(-112.064186764628, 38.4975858089403),2987.43,"meters"
"5825",2023-10-10 00:36:16,c(-112.064201947957, 38.497600817782),2987.83,"meters"
"5826",2023-10-10 00:36:17,c(-112.064222239873, 38.4976221380255),2988.29,"meters"
"5827",2023-10-10 00:36:18,c(-112.064246438962, 38.497652847332),2988.84,"meters"
"5828",2023-10-10 00:36:19,c(-112.06426963078, 38.4976896427863),2989.6,"meters"
"5829",2023-10-10 00:36:20,c(-112.06428816027, 38.4977272916188),2990.23,"meters"
"5830",2023-10-10 00:36:21,c(-112.064306865977, 38.4977655805953),2990.73,"meters"
"5831",2023-10-10 00:36:22,c(-112.064322681403, 38.4977999349547),2991.01,"meters"
"5832",2023-10-10 00:36:23,c(-112.064333222049, 38.4978294275582),2991.35,"meters"
"5833",2023-10-10 00:36:24,c(-112.064341990241, 38.4978551408376),2991.71,"meters"
"5834",2023-10-10 00:36:25,c(-112.064349956194, 38.4978779257273),2991.83,"meters"
"5835",2023-10-10 00:36:26,c(-112.064358395496, 38.4979016508961),2992.05,"meters"
"5836",2023-10-10 00:36:27,c(-112.064365277445, 38.4979268406519),2992.26,"meters"
"5837",2023-10-10 00:36:28,c(-112.064370996614, 38.4979501949017),2992.46,"meters"
"5838",2023-10-10 00:36:29,c(-112.06437617298, 38.4979719325305),2992.64,"meters"
"5839",2023-10-10 00:36:30,c(-112.064381629574, 38.4979934754992),2992.88,"meters"
"5840",2023-10-10 00:36:31,c(-112.06438689222, 38.4980137067984),2993.3,"meters"
"5841",2023-10-10 00:36:32,c(-112.064391326899, 38.4980299209465),2993.36,"meters"
"5842",2023-10-10 00:36:33,c(-112.064394678984, 38.498042497423),2993.54,"meters"
"5843",2023-10-10 00:36:34,c(-112.06439722815, 38.4980530963866),2993.62,"meters"
"5844",2023-10-10 00:36:35,c(-112.06439860409, 38.4980616686972),2993.77,"meters"
"5845",2023-10-10 00:36:36,c(-112.06440029307, 38.4980691289503),2993.85,"meters"
"5846",2023-10-10 00:36:37,c(-112.064402565379, 38.4980756522151),2993.85,"meters"
"5847",2023-10-10 00:36:38,c(-112.064404444011, 38.4980794172012),2993.91,"meters"
"5848",2023-10-10 00:36:39,c(-112.064405270394, 38.4980813487771),2993.91,"meters"
"5849",2023-10-10 00:36:40,c(-112.064405783366, 38.49808373088),2993.91,"meters"
"5850",2023-10-10 00:36:41,c(-112.064406525731, 38.4980870238665),2993.97,"meters"
"5851",2023-10-10 00:36:42,c(-112.064407300441, 38.4980919925009),2993.97,"meters"
"5852",2023-10-10 00:36:43,c(-112.064408320764, 38.4980988812582),2994.01,"meters"
"5853",2023-10-10 00:36:44,c(-112.06440915942, 38.4981064523622),2994.09,"meters"
"5854",2023-10-10 00:36:45,c(-112.064410130192, 38.4981124713277),2994.15,"meters"
"5855",2023-10-10 00:36:46,c(-112.064410412027, 38.4981146328381),2994.15,"meters"
"5856",2023-10-10 00:36:47,c(-112.064410899531, 38.498115881364),2994.23,"meters"
"5857",2023-10-10 00:36:48,c(-112.06441086015, 38.4981167780126),2994.15,"meters"
"5858",2023-10-10 00:36:49,c(-112.064411178789, 38.4981187061397),2994.23,"meters"
"5859",2023-10-10 00:36:50,c(-112.064412022709, 38.4981211699924),2994.31,"meters"
"5860",2023-10-10 00:36:51,c(-112.064412738325, 38.4981241095838),2994.31,"meters"
"5861",2023-10-10 00:36:52,c(-112.064413719786, 38.4981280896144),2994.31,"meters"
"5862",2023-10-10 00:36:53,c(-112.064414771319, 38.4981327030157),2994.36,"meters"
"5863",2023-10-10 00:36:54,c(-112.064415533991, 38.4981349701171),2994.36,"meters"
"5864",2023-10-10 00:36:55,c(-112.064416048561, 38.498136999763),2994.36,"meters"
"5865",2023-10-10 00:36:56,c(-112.064416407831, 38.4981397243652),2994.42,"meters"
"5866",2023-10-10 00:36:57,c(-112.064416220116, 38.4981399998648),2994.42,"meters"
"5867",2023-10-10 00:36:58,c(-112.064416321436, 38.4981404514506),2994.42,"meters"
"5868",2023-10-10 00:36:59,c(-112.064417167728, 38.4981410287385),2994.42,"meters"
"5869",2023-10-10 00:37:00,c(-112.064418013163, 38.4981417648147),2994.42,"meters"
"5870",2023-10-10 00:37:01,c(-112.064418504902, 38.4981432784952),2994.42,"meters"
"5871",2023-10-10 00:37:02,c(-112.064418471452, 38.4981449147497),2994.42,"meters"
"5872",2023-10-10 00:37:03,c(-112.064418690025, 38.4981461199417),2994.42,"meters"
"5873",2023-10-10 00:37:04,c(-112.064419012517, 38.4981462885455),2994.42,"meters"
"5874",2023-10-10 00:37:05,c(-112.064419216002, 38.4981462653758),2994.42,"meters"
"5875",2023-10-10 00:37:06,c(-112.064419326128, 38.4981463795261),2994.42,"meters"
"5876",2023-10-10 00:37:07,c(-112.064419313589, 38.4981463380133),2994.42,"meters"
"5877",2023-10-10 00:37:08,c(-112.064419329968, 38.4981463450624),2994.42,"meters"
"5878",2023-10-10 00:44:57,c(-112.064417817022, 38.4981373567044),2994.36,"meters"
"5879",2023-10-10 00:44:58,c(-112.064417880123, 38.4981374125181),2994.36,"meters"
"5880",2023-10-10 00:44:59,c(-112.064417902762, 38.4981374461689),2994.36,"meters"
"5881",2023-10-10 00:45:00,c(-112.06441798117, 38.4981374213203),2994.36,"meters"
"5882",2023-10-10 00:45:01,c(-112.064417930218, 38.4981373090701),2994.36,"meters"
"5883",2023-10-10 00:45:02,c(-112.064417868737, 38.4981371769478),2994.36,"meters"
"5884",2023-10-10 00:45:03,c(-112.064416361407, 38.4981357218725),2994.36,"meters"
"5885",2023-10-10 00:45:04,c(-112.064414419031, 38.4981343612745),2994.36,"meters"
"5886",2023-10-10 00:45:05,c(-112.064413286021, 38.498133812655),2994.36,"meters"
"5887",2023-10-10 00:45:06,c(-112.064413965089, 38.4981344135294),2994.36,"meters"
"5888",2023-10-10 00:45:07,c(-112.064411826659, 38.4981268059845),2994.31,"meters"
"5889",2023-10-10 00:45:08,c(-112.064398375991, 38.4981014338385),2993.95,"meters"
"5890",2023-10-10 00:45:09,c(-112.064374078125, 38.4980602627835),2993.63,"meters"
"5891",2023-10-10 00:45:10,c(-112.064336843849, 38.4979974180996),2992.62,"meters"
"5892",2023-10-10 00:45:11,c(-112.064287963848, 38.4979132453562),2991.59,"meters"
"5893",2023-10-10 00:45:12,c(-112.06423292102, 38.497817888683),2990.33,"meters"
"5894",2023-10-10 00:45:13,c(-112.064180786249, 38.4977060888561),2989,"meters"
"5895",2023-10-10 00:45:14,c(-112.0641482596, 38.4975937275411),2987.46,"meters"
"5896",2023-10-10 00:45:15,c(-112.064114305542, 38.4974760477838),2984.96,"meters"
"5897",2023-10-10 00:45:16,c(-112.064082989553, 38.4973458260098),2982.74,"meters"
"5898",2023-10-10 00:45:17,c(-112.064059354994, 38.4972166882914),2981.27,"meters"
"5899",2023-10-10 00:45:18,c(-112.064037142438, 38.4970778696108),2979.46,"meters"
"5900",2023-10-10 00:45:19,c(-112.064036160701, 38.4969374527069),2978.26,"meters"
"5901",2023-10-10 00:45:20,c(-112.064032759128, 38.4968004875561),2977.14,"meters"
"5902",2023-10-10 00:45:21,c(-112.064028650563, 38.4966655192227),2976.33,"meters"
"5903",2023-10-10 00:45:22,c(-112.064023548544, 38.4965301946578),2975.4,"meters"
"5904",2023-10-10 00:45:23,c(-112.064017015416, 38.4963828688712),2974.48,"meters"
"5905",2023-10-10 00:45:24,c(-112.064008973001, 38.4962350230248),2973.65,"meters"
"5906",2023-10-10 00:45:25,c(-112.064001248789, 38.4960995567611),2972.89,"meters"
"5907",2023-10-10 00:45:26,c(-112.063993064802, 38.4959561738887),2972.27,"meters"
"5908",2023-10-10 00:45:27,c(-112.06398451406, 38.4958036517675),2972.17,"meters"
"5909",2023-10-10 00:45:28,c(-112.063976217419, 38.495656054504),2972.22,"meters"
"5910",2023-10-10 00:45:29,c(-112.063967904914, 38.495515546505),2972.26,"meters"
"5911",2023-10-10 00:45:30,c(-112.063958857274, 38.4953661546668),2972.29,"meters"
"5912",2023-10-10 00:45:31,c(-112.06394926863, 38.4952077431756),2972.25,"meters"
"5913",2023-10-10 00:45:32,c(-112.063941632663, 38.4950612520613),2972.21,"meters"
"5914",2023-10-10 00:45:33,c(-112.063933783138, 38.4949163564618),2972.28,"meters"
"5915",2023-10-10 00:45:34,c(-112.06392664658, 38.4947906920728),2972.21,"meters"
"5916",2023-10-10 00:45:35,c(-112.063920695889, 38.494665245209),2972.48,"meters"
"5917",2023-10-10 00:45:36,c(-112.063914090406, 38.4945297287239),2973.3,"meters"
"5918",2023-10-10 00:45:37,c(-112.063907083605, 38.4944084287956),2973.71,"meters"
"5919",2023-10-10 00:45:38,c(-112.063899474634, 38.4942831864485),2972.98,"meters"
"5920",2023-10-10 00:45:39,c(-112.063891463866, 38.4941394927737),2972.62,"meters"
"5921",2023-10-10 00:45:40,c(-112.063882845667, 38.4939891885779),2972.62,"meters"
"5922",2023-10-10 00:45:41,c(-112.063873959945, 38.4938442077042),2972.92,"meters"
"5923",2023-10-10 00:45:42,c(-112.063865746657, 38.4937052643624),2973.37,"meters"
"5924",2023-10-10 00:45:43,c(-112.063857043321, 38.4935565844989),2973.95,"meters"
"5925",2023-10-10 00:45:44,c(-112.063843403423, 38.4933996710324),2974.52,"meters"
"5926",2023-10-10 00:45:45,c(-112.063825843906, 38.4932506647496),2975.73,"meters"
"5927",2023-10-10 00:45:46,c(-112.063802181933, 38.4931100101973),2977.35,"meters"
"5928",2023-10-10 00:45:47,c(-112.063780321125, 38.4929616051832),2979.13,"meters"
"5929",2023-10-10 00:45:48,c(-112.06376103971, 38.4928045168343),2980.75,"meters"
"5930",2023-10-10 00:45:49,c(-112.063756889186, 38.4926562808661),2982.77,"meters"
"5931",2023-10-10 00:45:50,c(-112.063752905134, 38.4925211910608),2984.57,"meters"
"5932",2023-10-10 00:45:51,c(-112.063749577136, 38.4924012013925),2986.3,"meters"
"5933",2023-10-10 00:45:52,c(-112.063745787863, 38.4922892918746),2988.14,"meters"
"5934",2023-10-10 00:45:53,c(-112.063741723257, 38.4921898633975),2990.1,"meters"
"5935",2023-10-10 00:45:54,c(-112.063737763364, 38.4920823180278),2992.08,"meters"
"5936",2023-10-10 00:45:55,c(-112.063734155079, 38.4919716791469),2994.57,"meters"
"5937",2023-10-10 00:45:56,c(-112.063730678794, 38.4918517385353),2997.03,"meters"
"5938",2023-10-10 00:45:57,c(-112.063726747357, 38.4917334517269),2999.13,"meters"
"5939",2023-10-10 00:45:58,c(-112.06371478626, 38.4916184416784),3001.19,"meters"
"5940",2023-10-10 00:45:59,c(-112.063693667409, 38.4914954878908),3003.81,"meters"
"5941",2023-10-10 00:46:00,c(-112.063671356423, 38.4913632103831),3007.42,"meters"
"5942",2023-10-10 00:46:01,c(-112.063649750886, 38.4912326701139),3012.73,"meters"
"5943",2023-10-10 00:46:02,c(-112.06362878602, 38.4911039181054),3017.53,"meters"
"5944",2023-10-10 00:46:03,c(-112.063606335711, 38.4909678319399),3022.77,"meters"
"5945",2023-10-10 00:46:04,c(-112.063582697299, 38.4908254101545),3027.69,"meters"
"5946",2023-10-10 00:46:05,c(-112.063559232056, 38.4906877748906),3032.09,"meters"
"5947",2023-10-10 00:46:06,c(-112.06353798239, 38.4905619099654),3036.69,"meters"
"5948",2023-10-10 00:46:07,c(-112.063522215551, 38.490463917953),3039.82,"meters"
"5949",2023-10-10 00:46:08,c(-112.063509097435, 38.4904082646125),3041.76,"meters"
"5950",2023-10-10 00:46:09,c(-112.063502180933, 38.4903867715949),3042.66,"meters"
"5951",2023-10-10 00:46:10,c(-112.063498463955, 38.490378113631),3043.02,"meters"
"5952",2023-10-10 00:46:11,c(-112.063496494411, 38.4903745492891),3043.02,"meters"
"5953",2023-10-10 00:46:12,c(-112.063493749206, 38.4903639646157),3043.14,"meters"
"5954",2023-10-10 00:46:13,c(-112.063486682656, 38.4903275617606),3044.56,"meters"
"5955",2023-10-10 00:46:14,c(-112.06347247909, 38.4902653437947),3046.74,"meters"
"5956",2023-10-10 00:46:15,c(-112.063452954337, 38.4901812647582),3048.56,"meters"
"5957",2023-10-10 00:46:16,c(-112.06343268097, 38.4900874534181),3050.21,"meters"
"5958",2023-10-10 00:46:17,c(-112.063413605976, 38.4899894093265),3052.82,"meters"
"5959",2023-10-10 00:46:18,c(-112.063393519797, 38.4898801435731),3055.17,"meters"
"5960",2023-10-10 00:46:19,c(-112.063372820081, 38.4897608220691),3057.6,"meters"
"5961",2023-10-10 00:46:20,c(-112.063353273401, 38.4896505323949),3059.98,"meters"
"5962",2023-10-10 00:46:21,c(-112.063335613711, 38.4895484412006),3063.1,"meters"
"5963",2023-10-10 00:46:22,c(-112.063318883625, 38.4894502413702),3065.95,"meters"
"5964",2023-10-10 00:46:23,c(-112.063305199823, 38.4893678444489),3068.13,"meters"
"5965",2023-10-10 00:46:24,c(-112.063286424316, 38.4892913306573),3069.83,"meters"
"5966",2023-10-10 00:46:25,c(-112.063239597316, 38.4892365485867),3070.81,"meters"
"5967",2023-10-10 00:46:26,c(-112.063179869682, 38.4891922331543),3070.92,"meters"
"5968",2023-10-10 00:46:27,c(-112.063115737216, 38.4891413595073),3071,"meters"
"5969",2023-10-10 00:46:28,c(-112.063053922266, 38.489088590867),3071.78,"meters"
"5970",2023-10-10 00:46:29,c(-112.06298618488, 38.4890273410608),3072.78,"meters"
"5971",2023-10-10 00:46:30,c(-112.06290969001, 38.488957885098),3073.99,"meters"
"5972",2023-10-10 00:46:31,c(-112.062827273112, 38.488884188967),3075.04,"meters"
"5973",2023-10-10 00:46:32,c(-112.062743295781, 38.4888114159505),3075.98,"meters"
"5974",2023-10-10 00:46:33,c(-112.062660234355, 38.4887401952048),3078.08,"meters"
"5975",2023-10-10 00:46:34,c(-112.062570994009, 38.488665417362),3079.97,"meters"
"5976",2023-10-10 00:46:35,c(-112.062483390813, 38.4885889001735),3081.45,"meters"
"5977",2023-10-10 00:46:36,c(-112.062410167966, 38.4885102878685),3082.77,"meters"
"5978",2023-10-10 00:46:37,c(-112.062334259867, 38.4884260643029),3083.52,"meters"
"5979",2023-10-10 00:46:38,c(-112.062254544655, 38.4883371975681),3084.52,"meters"
"5980",2023-10-10 00:46:39,c(-112.06217480892, 38.4882480317271),3085.05,"meters"
"5981",2023-10-10 00:46:40,c(-112.062102069478, 38.4881668395513),3085.16,"meters"
"5982",2023-10-10 00:46:41,c(-112.062033311929, 38.4880896277861),3083.54,"meters"
"5983",2023-10-10 00:46:42,c(-112.061953274681, 38.4879994552988),3085.56,"meters"
"5984",2023-10-10 00:46:43,c(-112.061873209056, 38.4879096973933),3087.12,"meters"
"5985",2023-10-10 00:46:44,c(-112.061801287804, 38.4878286641602),3087.8,"meters"
"5986",2023-10-10 00:46:45,c(-112.061725230378, 38.4877432548403),3088.8,"meters"
"5987",2023-10-10 00:46:46,c(-112.061647344092, 38.4876552989056),3089.17,"meters"
"5988",2023-10-10 00:46:47,c(-112.061577350991, 38.4875766270717),3088.77,"meters"
"5989",2023-10-10 00:46:48,c(-112.061505645043, 38.4875004779413),3088.47,"meters"
"5990",2023-10-10 00:46:49,c(-112.061425721406, 38.4874295441086),3088.28,"meters"
"5991",2023-10-10 00:46:50,c(-112.061341493618, 38.4873567584741),3088.12,"meters"
"5992",2023-10-10 00:46:51,c(-112.061246132777, 38.4872743021467),3088.32,"meters"
"5993",2023-10-10 00:46:52,c(-112.061150280218, 38.4871917110763),3089.1,"meters"
"5994",2023-10-10 00:46:53,c(-112.061054128523, 38.4871091440829),3090.35,"meters"
"5995",2023-10-10 00:46:54,c(-112.06095103004, 38.4870197992047),3091.92,"meters"
"5996",2023-10-10 00:46:55,c(-112.060842924041, 38.4869254008781),3093.52,"meters"
"5997",2023-10-10 00:46:56,c(-112.060739886621, 38.4868361382692),3095.67,"meters"
"5998",2023-10-10 00:46:57,c(-112.060640988092, 38.4867516518949),3097.71,"meters"
"5999",2023-10-10 00:46:58,c(-112.060536998335, 38.4866625497953),3100.52,"meters"
"6000",2023-10-10 00:46:59,c(-112.060428134531, 38.4865684107479),3103.54,"meters"
"6001",2023-10-10 00:47:00,c(-112.060334912709, 38.486473722362),3106.28,"meters"
"6002",2023-10-10 00:47:01,c(-112.06025927483, 38.4863780516044),3108.31,"meters"
"6003",2023-10-10 00:47:02,c(-112.060179876322, 38.4862768395185),3110.97,"meters"
"6004",2023-10-10 00:47:03,c(-112.060095409917, 38.4861707920712),3112.36,"meters"
"6005",2023-10-10 00:47:04,c(-112.060020887747, 38.4860759750202),3110.03,"meters"
"6006",2023-10-10 00:47:05,c(-112.059955213597, 38.4859783642735),3108.48,"meters"
"6007",2023-10-10 00:47:06,c(-112.059886627769, 38.4858698149378),3102.4,"meters"
"6008",2023-10-10 00:47:07,c(-112.059813154199, 38.4857701358082),3099.94,"meters"
"6009",2023-10-10 00:47:08,c(-112.059728738743, 38.4856754837821),3099.08,"meters"
"6010",2023-10-10 00:47:09,c(-112.059644024664, 38.4855809754503),3099.18,"meters"
"6011",2023-10-10 00:47:10,c(-112.059558832633, 38.4854857414136),3099.03,"meters"
"6012",2023-10-10 00:47:11,c(-112.059467181367, 38.4853961240529),3098.67,"meters"
"6013",2023-10-10 00:47:12,c(-112.059361713219, 38.4853085749676),3097.33,"meters"
"6014",2023-10-10 00:47:13,c(-112.059260213446, 38.4852329685266),3097.6,"meters"
"6015",2023-10-10 00:47:14,c(-112.05915643463, 38.4851588023405),3099.32,"meters"
"6016",2023-10-10 00:47:15,c(-112.059040157897, 38.4850759198926),3103.55,"meters"
"6017",2023-10-10 00:47:16,c(-112.058933894771, 38.4850002866561),3106.45,"meters"
"6018",2023-10-10 00:47:17,c(-112.058821986348, 38.4849205897068),3099.52,"meters"
"6019",2023-10-10 00:47:18,c(-112.058705596401, 38.4848380318734),3094.76,"meters"
"6020",2023-10-10 00:47:19,c(-112.058598933377, 38.4847623668751),3093.18,"meters"
"6021",2023-10-10 00:47:20,c(-112.058498327029, 38.4846906296265),3092.16,"meters"
"6022",2023-10-10 00:47:21,c(-112.058406558656, 38.484625001967),3087.88,"meters"
"6023",2023-10-10 00:47:22,c(-112.058319759759, 38.4845628631183),3084.51,"meters"
"6024",2023-10-10 00:47:23,c(-112.058237704829, 38.4845039441827),3081.71,"meters"
"6025",2023-10-10 00:47:24,c(-112.05816558639, 38.4844523151271),3079.23,"meters"
"6026",2023-10-10 00:47:25,c(-112.058096727743, 38.4844031852099),3076.93,"meters"
"6027",2023-10-10 00:47:26,c(-112.058029085123, 38.484354888266),3074.55,"meters"
"6028",2023-10-10 00:47:27,c(-112.057957100037, 38.4843024422103),3071.53,"meters"
"6029",2023-10-10 00:47:28,c(-112.057887527755, 38.4842509754019),3069.39,"meters"
"6030",2023-10-10 00:47:29,c(-112.05784749618, 38.4842191134424),3068.11,"meters"
"6031",2023-10-10 00:47:30,c(-112.057832748278, 38.4842062133022),3067.78,"meters"
"6032",2023-10-10 00:47:31,c(-112.057827957981, 38.4842007699254),3067.48,"meters"
"6033",2023-10-10 00:47:32,c(-112.057827058756, 38.4841985185852),3067.48,"meters"
"6034",2023-10-10 00:47:33,c(-112.057827021866, 38.4841980486023),3067.48,"meters"
"6035",2023-10-10 00:47:34,c(-112.057827421635, 38.4841976331936),3067.48,"meters"
"6036",2023-10-10 00:47:35,c(-112.05782882955, 38.4841978887461),3067.48,"meters"
"6037",2023-10-10 00:47:36,c(-112.05782750697, 38.4841982203558),3067.48,"meters"
"6038",2023-10-10 00:47:37,c(-112.0578046667, 38.4841952429449),3067,"meters"
"6039",2023-10-10 00:47:38,c(-112.057756957732, 38.4841820981147),3066.1,"meters"
"6040",2023-10-10 00:47:39,c(-112.057684938635, 38.484159315523),3064.5,"meters"
"6041",2023-10-10 00:47:40,c(-112.057603856449, 38.4841341426047),3062.88,"meters"
"6042",2023-10-10 00:47:41,c(-112.057510116067, 38.484106041872),3060.7,"meters"
"6043",2023-10-10 00:47:42,c(-112.057398387508, 38.4840727155214),3057.37,"meters"
"6044",2023-10-10 00:47:43,c(-112.057288315587, 38.4840401649057),3053.49,"meters"
"6045",2023-10-10 00:47:44,c(-112.057175416045, 38.4840071825698),3048.82,"meters"
"6046",2023-10-10 00:47:45,c(-112.057080928558, 38.4839793285853),3042.5,"meters"
"6047",2023-10-10 00:47:46,c(-112.057033867644, 38.4839644916855),3040.54,"meters"
"6048",2023-10-10 00:47:47,c(-112.057012972067, 38.4839583828754),3039.67,"meters"
"6049",2023-10-10 00:47:48,c(-112.057001578916, 38.4839544374791),3039.07,"meters"
"6050",2023-10-10 00:47:49,c(-112.056991029866, 38.4839498700051),3039.07,"meters"
"6051",2023-10-10 00:47:50,c(-112.056969120421, 38.4839374481106),3037.79,"meters"
"6052",2023-10-10 00:47:51,c(-112.05692826527, 38.4839144574062),3035.14,"meters"
"6053",2023-10-10 00:47:52,c(-112.056877645105, 38.4838861314646),3032.11,"meters"
"6054",2023-10-10 00:47:53,c(-112.056825292741, 38.4838569574118),3029.46,"meters"
"6055",2023-10-10 00:47:54,c(-112.056774250519, 38.4838284192472),3027.17,"meters"
"6056",2023-10-10 00:47:55,c(-112.056722050573, 38.4837989423371),3024.45,"meters"
"6057",2023-10-10 00:47:56,c(-112.056672658083, 38.4837712147272),3021.97,"meters"
"6058",2023-10-10 00:47:57,c(-112.056624235969, 38.4837432586376),3020.04,"meters"
"6059",2023-10-10 00:47:58,c(-112.056579858278, 38.4837172357689),3018.26,"meters"
"6060",2023-10-10 00:47:59,c(-112.056542036085, 38.4836947021413),3017.25,"meters"
"6061",2023-10-10 00:48:00,c(-112.056523237744, 38.4836828963127),3016.35,"meters"
"6062",2023-10-10 00:48:01,c(-112.056515330441, 38.4836781561492),3016.21,"meters"
"6063",2023-10-10 00:48:02,c(-112.056512647261, 38.4836759044576),3016.21,"meters"
"6064",2023-10-10 00:48:03,c(-112.056512160166, 38.4836750035666),3016.21,"meters"
"6065",2023-10-10 00:48:04,c(-112.056512768138, 38.4836760471102),3016.21,"meters"
"6066",2023-10-10 00:48:05,c(-112.056515737251, 38.4836767859679),3016.21,"meters"
"6067",2023-10-10 00:48:06,c(-112.056517084457, 38.4836760137901),3016.35,"meters"
"6068",2023-10-10 00:48:07,c(-112.056519473277, 38.483674076714),3016.05,"meters"
"6069",2023-10-10 00:48:08,c(-112.056519860934, 38.4836747994592),3016.35,"meters"
"6070",2023-10-10 00:48:09,c(-112.056519631113, 38.4836759504373),3016.35,"meters"
"6071",2023-10-10 00:48:10,c(-112.056519812777, 38.483676792046),3016.35,"meters"
"6072",2023-10-10 00:48:11,c(-112.056519792133, 38.4836773946951),3016.35,"meters"
"6073",2023-10-10 00:48:12,c(-112.056520161181, 38.4836768384795),3016.35,"meters"
"6074",2023-10-10 00:48:13,c(-112.056519640987, 38.4836768423057),3016.35,"meters"
"6075",2023-10-10 00:48:14,c(-112.05651888031, 38.4836764087024),3016.35,"meters"
"6076",2023-10-10 00:48:15,c(-112.056523146592, 38.483678488522),3016.35,"meters"
"6077",2023-10-10 00:48:16,c(-112.05654625506, 38.4836921524022),3016.89,"meters"
"6078",2023-10-10 00:48:17,c(-112.056588524582, 38.4837170336995),3018.42,"meters"
"6079",2023-10-10 00:48:18,c(-112.05664189125, 38.4837486011442),3020.64,"meters"
"6080",2023-10-10 00:48:19,c(-112.056705480528, 38.4837863002171),3023.61,"meters"
"6081",2023-10-10 00:48:20,c(-112.056767262197, 38.4838227427577),3026.53,"meters"
"6082",2023-10-10 00:48:21,c(-112.05682329404, 38.4838562692733),3029.46,"meters"
"6083",2023-10-10 00:48:22,c(-112.056882107304, 38.4838915130307),3032.35,"meters"
"6084",2023-10-10 00:48:23,c(-112.056939875386, 38.483926623178),3035.99,"meters"
"6085",2023-10-10 00:48:24,c(-112.056992003913, 38.4839579196272),3039.07,"meters"
"6086",2023-10-10 00:48:25,c(-112.057044912637, 38.483989255124),3041.48,"meters"
"6087",2023-10-10 00:48:26,c(-112.057098800486, 38.4840214224059),3045.36,"meters"
"6088",2023-10-10 00:48:27,c(-112.057150017968, 38.4840522662287),3048.36,"meters"
"6089",2023-10-10 00:48:28,c(-112.05719791034, 38.4840813567859),3051.12,"meters"
"6090",2023-10-10 00:48:29,c(-112.057229290015, 38.4841007820217),3052.99,"meters"
"6091",2023-10-10 00:48:30,c(-112.057237871685, 38.4841074740482),3053.39,"meters"
"6092",2023-10-10 00:48:31,c(-112.057239748133, 38.4841104211486),3053.49,"meters"
"6093",2023-10-10 00:48:32,c(-112.057239795453, 38.4841109031738),3053.49,"meters"
"6094",2023-10-10 00:48:33,c(-112.057242840068, 38.4841106306066),3053.49,"meters"
"6095",2023-10-10 00:48:34,c(-112.057260668952, 38.4841131017951),3054.41,"meters"
"6096",2023-10-10 00:48:35,c(-112.057277095836, 38.4841143736694),3054.81,"meters"
"6097",2023-10-10 00:48:36,c(-112.057283272505, 38.4841140280801),3055.07,"meters"
"6098",2023-10-10 00:48:37,c(-112.057284330438, 38.4841135416462),3055.07,"meters"
"6099",2023-10-10 00:48:38,c(-112.057296650757, 38.4841155819714),3055.35,"meters"
"6100",2023-10-10 00:48:39,c(-112.057334174898, 38.484121328093),3056.49,"meters"
"6101",2023-10-10 00:48:40,c(-112.05739437225, 38.4841313836142),3058.09,"meters"
"6102",2023-10-10 00:48:41,c(-112.057467326623, 38.4841430607517),3060.6,"meters"
"6103",2023-10-10 00:48:42,c(-112.057551707574, 38.4841564613667),3062.39,"meters"
"6104",2023-10-10 00:48:43,c(-112.057621660734, 38.4841670849792),3063.58,"meters"
"6105",2023-10-10 00:48:44,c(-112.057648517872, 38.4841705314469),3064.26,"meters"
"6106",2023-10-10 00:48:45,c(-112.057656513771, 38.4841721272281),3064.26,"meters"
"6107",2023-10-10 00:48:46,c(-112.05765830829, 38.484172926048),3064.26,"meters"
"6108",2023-10-10 00:48:47,c(-112.057657137989, 38.4841727084517),3064.26,"meters"
"6109",2023-10-10 00:48:48,c(-112.057655588496, 38.4841723919778),3064.26,"meters"
"6110",2023-10-10 00:48:49,c(-112.057653454974, 38.4841732910103),3064.26,"meters"
"6111",2023-10-10 00:48:50,c(-112.05765257979, 38.4841732579689),3064.26,"meters"
"6112",2023-10-10 00:48:51,c(-112.057653796846, 38.4841734399047),3064.26,"meters"
"6113",2023-10-10 00:48:52,c(-112.057655864306, 38.4841733183024),3064.26,"meters"
"6114",2023-10-10 00:48:53,c(-112.057657693, 38.4841726780907),3064.26,"meters"
"6115",2023-10-10 00:48:54,c(-112.057659277773, 38.4841719977929),3064.48,"meters"
"6116",2023-10-10 00:48:55,c(-112.057660034748, 38.4841720960526),3064.48,"meters"
"6117",2023-10-10 00:48:56,c(-112.057659858915, 38.4841720834853),3064.48,"meters"
"6118",2023-10-10 00:48:57,c(-112.05766007342, 38.4841717692334),3064.48,"meters"
"6119",2023-10-10 00:48:58,c(-112.057658711722, 38.4841716857132),3064.26,"meters"
"6120",2023-10-10 00:48:59,c(-112.057657246742, 38.4841723020007),3064.26,"meters"
"6121",2023-10-10 00:49:00,c(-112.057656635665, 38.4841727610902),3064.26,"meters"
"6122",2023-10-10 00:49:01,c(-112.057656509191, 38.4841722223867),3064.26,"meters"
"6123",2023-10-10 00:49:02,c(-112.057657475295, 38.4841717303231),3064.26,"meters"
"6124",2023-10-10 00:49:03,c(-112.057658437993, 38.4841719170926),3064.26,"meters"
"6125",2023-10-10 00:49:04,c(-112.05765882255, 38.4841722415179),3064.26,"meters"
"6126",2023-10-10 00:49:05,c(-112.057659245132, 38.4841726647735),3064.48,"meters"
"6127",2023-10-10 00:49:06,c(-112.057659900317, 38.4841731800885),3064.48,"meters"
"6128",2023-10-10 00:49:07,c(-112.057660843142, 38.4841732065536),3064.48,"meters"
"6129",2023-10-10 00:49:08,c(-112.057661421463, 38.4841726600056),3064.48,"meters"
"6130",2023-10-10 00:49:09,c(-112.057661528047, 38.4841723647754),3064.48,"meters"
"6131",2023-10-10 00:49:10,c(-112.057661339278, 38.4841719445064),3064.48,"meters"
"6132",2023-10-10 00:49:11,c(-112.057661096969, 38.4841716877958),3064.48,"meters"
"6133",2023-10-10 00:49:12,c(-112.057661492818, 38.4841718595492),3064.48,"meters"
"6134",2023-10-10 00:49:13,c(-112.057661579159, 38.4841715500204),3064.48,"meters"
"6135",2023-10-10 00:49:14,c(-112.057661219373, 38.4841714840372),3064.48,"meters"
"6136",2023-10-10 00:49:15,c(-112.057661082054, 38.4841715429811),3064.48,"meters"
"6137",2023-10-10 00:49:16,c(-112.057661547654, 38.4841716546248),3064.48,"meters"
"6138",2023-10-10 00:49:17,c(-112.0576616398, 38.4841711341732),3064.48,"meters"
"6139",2023-10-10 00:49:18,c(-112.057661087657, 38.4841707034196),3064.48,"meters"
"6140",2023-10-10 00:49:19,c(-112.05766035227, 38.4841705123256),3064.48,"meters"
"6141",2023-10-10 00:49:20,c(-112.057660807557, 38.4841706991175),3064.48,"meters"
"6142",2023-10-10 00:49:21,c(-112.057660625565, 38.4841707828843),3064.48,"meters"
"6143",2023-10-10 00:49:22,c(-112.057659547816, 38.4841708979412),3064.48,"meters"
"6144",2023-10-10 00:49:23,c(-112.057658255231, 38.4841713275191),3064.26,"meters"
"6145",2023-10-10 00:49:24,c(-112.057657895863, 38.4841717504907),3064.26,"meters"
"6146",2023-10-10 00:49:25,c(-112.057658252826, 38.4841718034794),3064.26,"meters"
"6147",2023-10-10 00:49:26,c(-112.057658491397, 38.484171801099),3064.26,"meters"
"6148",2023-10-10 00:49:27,c(-112.057658715782, 38.4841717199105),3064.26,"meters"
"6149",2023-10-10 00:49:28,c(-112.057659584926, 38.4841717548749),3064.48,"meters"
"6150",2023-10-10 00:49:29,c(-112.057660732839, 38.4841719006516),3064.48,"meters"
"6151",2023-10-10 00:49:30,c(-112.057667043237, 38.4841728833836),3064.48,"meters"
"6152",2023-10-10 00:49:31,c(-112.057687889904, 38.484176093868),3064.9,"meters"
"6153",2023-10-10 00:49:32,c(-112.057716443146, 38.4841804328613),3065.38,"meters"
"6154",2023-10-10 00:49:33,c(-112.05773364182, 38.4841832038638),3065.8,"meters"
"6155",2023-10-10 00:49:34,c(-112.057739831134, 38.484183987675),3065.98,"meters"
"6156",2023-10-10 00:49:35,c(-112.057742415785, 38.4841843487538),3065.98,"meters"
"6157",2023-10-10 00:49:36,c(-112.057741429925, 38.4841844823841),3065.98,"meters"
"6158",2023-10-10 00:49:37,c(-112.057740016616, 38.4841845411332),3065.98,"meters"
"6159",2023-10-10 00:49:38,c(-112.057740696398, 38.4841853961493),3065.98,"meters"
"6160",2023-10-10 00:49:39,c(-112.057742080495, 38.4841860762522),3065.98,"meters"
"6161",2023-10-10 00:49:40,c(-112.057744892005, 38.484190488492),3066.06,"meters"
"6162",2023-10-10 00:49:41,c(-112.057752781814, 38.484205440136),3066.38,"meters"
"6163",2023-10-10 00:49:42,c(-112.057766081516, 38.4842301214413),3066.78,"meters"
"6164",2023-10-10 00:49:43,c(-112.057783830935, 38.4842631632033),3067.68,"meters"
"6165",2023-10-10 00:49:44,c(-112.057804210971, 38.4843006041329),3068.69,"meters"
"6166",2023-10-10 00:49:45,c(-112.057825314643, 38.4843422801489),3069.93,"meters"
"6167",2023-10-10 00:49:46,c(-112.057845923313, 38.4843833789772),3071.13,"meters"
"6168",2023-10-10 00:49:47,c(-112.057864908742, 38.4844216769205),3072.51,"meters"
"6169",2023-10-10 00:49:48,c(-112.057880870282, 38.4844563583235),3073.57,"meters"
"6170",2023-10-10 00:49:49,c(-112.057897258746, 38.4844926403072),3074.58,"meters"
"6171",2023-10-10 00:49:50,c(-112.057914146842, 38.4845251808793),3075.16,"meters"
"6172",2023-10-10 00:49:51,c(-112.057929583071, 38.4845516628012),3076.02,"meters"
"6173",2023-10-10 00:49:52,c(-112.057942970702, 38.4845765231744),3076.79,"meters"
"6174",2023-10-10 00:49:53,c(-112.057952198669, 38.4845969955925),3077.33,"meters"
"6175",2023-10-10 00:49:54,c(-112.057960696802, 38.4846157800452),3077.47,"meters"
"6176",2023-10-10 00:49:55,c(-112.057969869857, 38.4846350069422),3078.05,"meters"
"6177",2023-10-10 00:49:56,c(-112.057978230938, 38.4846517595316),3078.37,"meters"
"6178",2023-10-10 00:49:57,c(-112.057984819829, 38.484665689729),3078.55,"meters"
"6179",2023-10-10 00:49:58,c(-112.057990080349, 38.4846764628987),3078.85,"meters"
"6180",2023-10-10 00:49:59,c(-112.057994458799, 38.484684773077),3078.99,"meters"
"6181",2023-10-10 00:50:00,c(-112.057998148143, 38.4846912003923),3079.13,"meters"
"6182",2023-10-10 00:50:01,c(-112.058001148954, 38.4846966157517),3079.29,"meters"
"6183",2023-10-10 00:50:02,c(-112.058001781979, 38.4846983370061),3079.43,"meters"
"6184",2023-10-10 00:50:03,c(-112.058001996884, 38.48469769431),3079.43,"meters"
"6185",2023-10-10 00:50:04,c(-112.058002139944, 38.4846975773598),3079.43,"meters"
"6186",2023-10-10 00:50:05,c(-112.058003257205, 38.4846977574533),3079.43,"meters"
"6187",2023-10-10 00:50:06,c(-112.058004231877, 38.4846978864776),3079.43,"meters"
"6188",2023-10-10 00:50:07,c(-112.058005345531, 38.4846980921816),3079.43,"meters"
"6189",2023-10-10 00:50:08,c(-112.05800572392, 38.4846988470417),3079.43,"meters"
"6190",2023-10-10 00:50:09,c(-112.058004526035, 38.4846992836045),3079.43,"meters"
"6191",2023-10-10 00:50:10,c(-112.058002945535, 38.4846988575042),3079.43,"meters"
"6192",2023-10-10 00:50:11,c(-112.058002305238, 38.4846984165622),3079.43,"meters"
"6193",2023-10-10 00:50:12,c(-112.05799956984, 38.484697074804),3079.29,"meters"
"6194",2023-10-10 00:50:13,c(-112.057996727533, 38.4846949117293),3079.13,"meters"
"6195",2023-10-10 00:50:14,c(-112.057996123607, 38.4846945448862),3079.13,"meters"
"6196",2023-10-10 00:50:15,c(-112.057995183015, 38.4846948836699),3079.13,"meters"
"6197",2023-10-10 00:50:16,c(-112.057995252112, 38.4846951642627),3079.13,"meters"
"6198",2023-10-10 00:50:17,c(-112.057994693667, 38.4846951552749),3079.13,"meters"
"6199",2023-10-10 00:50:18,c(-112.057993489664, 38.4846950470933),3079.13,"meters"
"6200",2023-10-10 00:50:19,c(-112.057990197875, 38.4846918630142),3079.13,"meters"
"6201",2023-10-10 00:50:20,c(-112.057980272791, 38.4846844948905),3078.77,"meters"
"6202",2023-10-10 00:50:21,c(-112.057964641189, 38.4846733655193),3078.41,"meters"
"6203",2023-10-10 00:50:22,c(-112.057944308936, 38.4846585674135),3077.85,"meters"
"6204",2023-10-10 00:50:23,c(-112.057924080571, 38.4846440354522),3077.14,"meters"
"6205",2023-10-10 00:50:24,c(-112.057903536935, 38.4846297317613),3076.56,"meters"
"6206",2023-10-10 00:50:25,c(-112.057893849057, 38.4846228509957),3076.2,"meters"
"6207",2023-10-10 00:50:26,c(-112.057889322684, 38.4846196275342),3076.2,"meters"
"6208",2023-10-10 00:50:27,c(-112.057887793299, 38.4846187964676),3076.2,"meters"
"6209",2023-10-10 00:50:28,c(-112.057887945182, 38.4846190608384),3076.2,"meters"
"6210",2023-10-10 00:50:29,c(-112.057888426111, 38.4846194622176),3076.2,"meters"
"6211",2023-10-10 00:50:30,c(-112.05788861012, 38.4846198483857),3076.2,"meters"
"6212",2023-10-10 00:50:31,c(-112.057889087652, 38.4846202748104),3076.2,"meters"
"6213",2023-10-10 00:50:32,c(-112.057890120497, 38.4846203652657),3076.2,"meters"
"6214",2023-10-10 00:50:33,c(-112.057890315796, 38.4846200477356),3076.2,"meters"
"6215",2023-10-10 00:50:34,c(-112.057889981295, 38.484619897764),3076.2,"meters"
"6216",2023-10-10 00:50:35,c(-112.057890127009, 38.484620008533),3076.2,"meters"
"6217",2023-10-10 00:50:36,c(-112.057888535985, 38.4846177818403),3076.2,"meters"
"6218",2023-10-10 00:50:37,c(-112.057880816966, 38.4846085227203),3075.9,"meters"
"6219",2023-10-10 00:50:38,c(-112.057867238011, 38.4845925715641),3075.32,"meters"
"6220",2023-10-10 00:50:39,c(-112.057850767587, 38.4845751323821),3074.68,"meters"
"6221",2023-10-10 00:50:40,c(-112.057831229317, 38.4845560030427),3073.96,"meters"
"6222",2023-10-10 00:50:41,c(-112.05780786217, 38.4845340579142),3073.18,"meters"
"6223",2023-10-10 00:50:42,c(-112.05778459873, 38.4845126049587),3072.56,"meters"
"6224",2023-10-10 00:50:43,c(-112.057759356814, 38.4844918374824),3071.91,"meters"
"6225",2023-10-10 00:50:44,c(-112.05773391882, 38.4844736435185),3070.88,"meters"
"6226",2023-10-10 00:50:45,c(-112.057709444307, 38.484456337684),3070.1,"meters"
"6227",2023-10-10 00:50:46,c(-112.057695398774, 38.4844459326864),3069.56,"meters"
"6228",2023-10-10 00:50:47,c(-112.057692840394, 38.4844434514636),3069.56,"meters"
"6229",2023-10-10 00:50:48,c(-112.057692799499, 38.4844433980852),3069.56,"meters"
"6230",2023-10-10 00:50:49,c(-112.05769299959, 38.4844436970674),3069.56,"meters"
"6231",2023-10-10 00:50:50,c(-112.057693323703, 38.4844442428226),3069.56,"meters"
"6232",2023-10-10 00:50:51,c(-112.05769283988, 38.4844435643883),3069.56,"meters"
"6233",2023-10-10 00:50:52,c(-112.057686863661, 38.4844390820001),3069.56,"meters"
"6234",2023-10-10 00:50:53,c(-112.057673165311, 38.4844295164202),3069.2,"meters"
"6235",2023-10-10 00:50:54,c(-112.057653268589, 38.4844154567536),3069.08,"meters"
"6236",2023-10-10 00:50:55,c(-112.057628441573, 38.484397832683),3068.48,"meters"
"6237",2023-10-10 00:50:56,c(-112.05759656356, 38.4843758282575),3066.82,"meters"
"6238",2023-10-10 00:50:57,c(-112.057563976313, 38.4843539255991),3065.27,"meters"
"6239",2023-10-10 00:50:58,c(-112.057529471249, 38.4843300942396),3063.97,"meters"
"6240",2023-10-10 00:50:59,c(-112.057489869708, 38.4843015488356),3062.73,"meters"
"6241",2023-10-10 00:51:00,c(-112.057450241754, 38.4842728955235),3061.45,"meters"
"6242",2023-10-10 00:51:01,c(-112.057411885298, 38.4842467335431),3060.49,"meters"
"6243",2023-10-10 00:51:02,c(-112.057370260842, 38.4842195164061),3058.91,"meters"
"6244",2023-10-10 00:51:03,c(-112.057326951882, 38.4841909790931),3057.78,"meters"
"6245",2023-10-10 00:51:04,c(-112.057286225068, 38.4841632557679),3056.02,"meters"
"6246",2023-10-10 00:51:05,c(-112.057246755615, 38.4841358440539),3054.27,"meters"
"6247",2023-10-10 00:51:06,c(-112.057209038598, 38.4841095109777),3052.09,"meters"
"6248",2023-10-10 00:51:07,c(-112.057172186387, 38.4840841349857),3050.32,"meters"
"6249",2023-10-10 00:51:08,c(-112.057135428219, 38.484059117955),3048.04,"meters"
"6250",2023-10-10 00:51:09,c(-112.057098386102, 38.4840342350827),3045.62,"meters"
"6251",2023-10-10 00:51:10,c(-112.057064284518, 38.4840111950979),3043.04,"meters"
"6252",2023-10-10 00:51:11,c(-112.057031554524, 38.4839892845717),3041.1,"meters"
"6253",2023-10-10 00:51:12,c(-112.056996284314, 38.4839650943628),3039.21,"meters"
"6254",2023-10-10 00:51:13,c(-112.056962139598, 38.4839411890113),3037.43,"meters"
"6255",2023-10-10 00:51:14,c(-112.056931496814, 38.4839193868496),3035.14,"meters"
"6256",2023-10-10 00:51:15,c(-112.056900789342, 38.4838975183758),3033.55,"meters"
"6257",2023-10-10 00:51:16,c(-112.056866122856, 38.4838736178569),3031.43,"meters"
"6258",2023-10-10 00:51:17,c(-112.056831245573, 38.4838499559415),3029.56,"meters"
"6259",2023-10-10 00:51:18,c(-112.056800627217, 38.4838288389097),3027.79,"meters"
"6260",2023-10-10 00:51:19,c(-112.056788532326, 38.4838189744882),3027.19,"meters"
"6261",2023-10-10 00:51:20,c(-112.056786229928, 38.4838167466989),3027.19,"meters"
"6262",2023-10-10 00:51:21,c(-112.05678678536, 38.4838177033446),3027.19,"meters"
"6263",2023-10-10 00:51:22,c(-112.056788054699, 38.4838186711701),3027.19,"meters"
"6264",2023-10-10 00:51:23,c(-112.056786503788, 38.483818361544),3027.19,"meters"
"6265",2023-10-10 00:51:24,c(-112.056784868916, 38.483817530804),3027.19,"meters"
"6266",2023-10-10 00:51:25,c(-112.056785243839, 38.4838169764343),3027.19,"meters"
"6267",2023-10-10 00:51:26,c(-112.056786747898, 38.4838150964632),3026.89,"meters"
"6268",2023-10-10 00:51:27,c(-112.056787979535, 38.4838142185946),3026.89,"meters"
"6269",2023-10-10 00:51:28,c(-112.056790867005, 38.4838161424377),3026.89,"meters"
"6270",2023-10-10 00:51:29,c(-112.056796033572, 38.4838245219058),3027.49,"meters"
"6271",2023-10-10 00:51:30,c(-112.056803393095, 38.4838348874543),3028.09,"meters"
"6272",2023-10-10 00:51:31,c(-112.056811759827, 38.4838467604708),3028.81,"meters"
"6273",2023-10-10 00:51:32,c(-112.056819938249, 38.4838594238601),3029.46,"meters"
"6274",2023-10-10 00:51:33,c(-112.056830711225, 38.4838721875892),3030.21,"meters"
"6275",2023-10-10 00:51:34,c(-112.056843917251, 38.483887035277),3030.83,"meters"
"6276",2023-10-10 00:51:35,c(-112.056857356447, 38.4839015986954),3031.73,"meters"
"6277",2023-10-10 00:51:36,c(-112.056870040818, 38.483914648801),3032.59,"meters"
"6278",2023-10-10 00:51:37,c(-112.056883975074, 38.4839285039176),3033.36,"meters"
"6279",2023-10-10 00:51:38,c(-112.056897692244, 38.483943521107),3034.4,"meters"
"6280",2023-10-10 00:51:39,c(-112.056910661086, 38.4839563993251),3035.04,"meters"
"6281",2023-10-10 00:51:40,c(-112.056923085837, 38.4839698285352),3036.55,"meters"
"6282",2023-10-10 00:51:41,c(-112.056934538715, 38.4839834799177),3037.37,"meters"
"6283",2023-10-10 00:51:42,c(-112.056946768375, 38.483997589565),3038.3,"meters"
"6284",2023-10-10 00:51:43,c(-112.056959934894, 38.4840127872762),3038.94,"meters"
"6285",2023-10-10 00:51:44,c(-112.056975611083, 38.4840297345068),3039.76,"meters"
"6286",2023-10-10 00:51:45,c(-112.056992663195, 38.4840473536774),3040.94,"meters"
"6287",2023-10-10 00:51:46,c(-112.057010388684, 38.4840646424497),3041.76,"meters"
"6288",2023-10-10 00:51:47,c(-112.057029473336, 38.484083099311),3043.13,"meters"
"6289",2023-10-10 00:51:48,c(-112.057047534588, 38.4841006066809),3044.09,"meters"
"6290",2023-10-10 00:51:49,c(-112.057059718245, 38.4841127209365),3045.21,"meters"
"6291",2023-10-10 00:51:50,c(-112.057062907243, 38.4841170603442),3045.75,"meters"
"6292",2023-10-10 00:51:51,c(-112.057063456658, 38.4841176895955),3045.75,"meters"
"6293",2023-10-10 00:51:52,c(-112.057062418849, 38.4841168990933),3045.75,"meters"
"6294",2023-10-10 00:51:53,c(-112.057061114983, 38.4841163192125),3045.21,"meters"
"6295",2023-10-10 00:51:54,c(-112.057060074933, 38.4841161974122),3045.21,"meters"
"6296",2023-10-10 00:51:55,c(-112.057060229712, 38.48411623424),3045.21,"meters"
"6297",2023-10-10 00:51:56,c(-112.057060860074, 38.4841159661425),3045.21,"meters"
"6298",2023-10-10 00:51:57,c(-112.057061392775, 38.4841159230306),3045.21,"meters"
"6299",2023-10-10 00:51:58,c(-112.057061595103, 38.4841163765691),3045.21,"meters"
"6300",2023-10-10 00:51:59,c(-112.057061988801, 38.484116964877),3045.21,"meters"
"6301",2023-10-10 00:52:00,c(-112.057062499981, 38.48411747104),3045.75,"meters"
"6302",2023-10-10 00:52:01,c(-112.057063044982, 38.4841174152503),3045.75,"meters"
"6303",2023-10-10 00:52:02,c(-112.057063654266, 38.4841172322074),3045.75,"meters"
"6304",2023-10-10 00:52:03,c(-112.057064592035, 38.4841169726591),3045.75,"meters"
"6305",2023-10-10 00:52:04,c(-112.057069644446, 38.4841215490598),3045.93,"meters"
"6306",2023-10-10 00:52:05,c(-112.057080897188, 38.484133238834),3046.69,"meters"
"6307",2023-10-10 00:52:06,c(-112.05709480221, 38.484147824251),3047.62,"meters"
"6308",2023-10-10 00:52:07,c(-112.057110052078, 38.4841639082527),3048.85,"meters"
"6309",2023-10-10 00:52:08,c(-112.057127199288, 38.4841823129411),3049.63,"meters"
"6310",2023-10-10 00:52:09,c(-112.057146059618, 38.4842009318207),3051.21,"meters"
"6311",2023-10-10 00:52:10,c(-112.05716425301, 38.4842160270301),3051.86,"meters"
"6312",2023-10-10 00:52:11,c(-112.057183237538, 38.4842310085476),3053.06,"meters"
"6313",2023-10-10 00:52:12,c(-112.057202855856, 38.4842473773447),3054.4,"meters"
"6314",2023-10-10 00:52:13,c(-112.057221322189, 38.4842639939124),3055.42,"meters"
"6315",2023-10-10 00:52:14,c(-112.057242100432, 38.4842815587758),3056.6,"meters"
"6316",2023-10-10 00:52:15,c(-112.057259889237, 38.4842966990124),3057.42,"meters"
"6317",2023-10-10 00:52:16,c(-112.057275897005, 38.4843097863112),3058.12,"meters"
"6318",2023-10-10 00:52:17,c(-112.057293837665, 38.4843220853684),3058.52,"meters"
"6319",2023-10-10 00:52:18,c(-112.057312263075, 38.4843353983956),3059.35,"meters"
"6320",2023-10-10 00:52:19,c(-112.057328931496, 38.48434716904),3059.87,"meters"
"6321",2023-10-10 00:52:20,c(-112.057345089531, 38.4843571786362),3060.47,"meters"
"6322",2023-10-10 00:52:21,c(-112.057362450807, 38.4843681933242),3060.77,"meters"
"6323",2023-10-10 00:52:22,c(-112.05737971776, 38.4843802765662),3061.21,"meters"
"6324",2023-10-10 00:52:23,c(-112.057395783386, 38.4843918893527),3061.34,"meters"
"6325",2023-10-10 00:52:24,c(-112.057412542734, 38.4844034547782),3061.86,"meters"
"6326",2023-10-10 00:52:25,c(-112.057428179849, 38.4844139326734),3062.16,"meters"
"6327",2023-10-10 00:52:26,c(-112.057434326011, 38.4844188385521),3062.42,"meters"
"6328",2023-10-10 00:52:27,c(-112.057434482972, 38.4844195155095),3062.42,"meters"
"6329",2023-10-10 00:52:28,c(-112.05743351621, 38.4844193687489),3062.42,"meters"
"6330",2023-10-10 00:52:29,c(-112.057432802818, 38.4844188711053),3062.28,"meters"
"6331",2023-10-10 00:52:30,c(-112.057432321889, 38.4844187360701),3062.28,"meters"
"6332",2023-10-10 00:52:31,c(-112.057432650093, 38.4844186555093),3062.28,"meters"
"6333",2023-10-10 00:52:32,c(-112.057433494183, 38.4844192974049),3062.42,"meters"
"6334",2023-10-10 00:52:33,c(-112.057433859294, 38.4844196943355),3062.42,"meters"
"6335",2023-10-10 00:52:34,c(-112.057434567648, 38.484419731955),3062.42,"meters"
"6336",2023-10-10 00:52:35,c(-112.057434830818, 38.4844191791545),3062.42,"meters"
"6337",2023-10-10 00:52:36,c(-112.057434526334, 38.4844186982558),3062.42,"meters"
"6338",2023-10-10 00:52:37,c(-112.057434613849, 38.4844193241091),3062.42,"meters"
"6339",2023-10-10 00:52:38,c(-112.057435089726, 38.4844198028903),3062.42,"meters"
"6340",2023-10-10 00:52:39,c(-112.057434865045, 38.4844198542758),3062.42,"meters"
"6341",2023-10-10 00:52:40,c(-112.057432438482, 38.4844191345995),3062.28,"meters"
"6342",2023-10-10 00:52:41,c(-112.057430845471, 38.4844180987082),3062.28,"meters"
"6343",2023-10-10 00:52:42,c(-112.057430290762, 38.484417926017),3062.28,"meters"
"6344",2023-10-10 00:52:43,c(-112.05743082182, 38.4844176828611),3062.28,"meters"
"6345",2023-10-10 00:52:44,c(-112.057431594752, 38.4844180979409),3062.28,"meters"
"6346",2023-10-10 00:52:45,c(-112.057432343035, 38.4844178317067),3062.28,"meters"
"6347",2023-10-10 00:52:46,c(-112.057433483876, 38.484418214343),3062.42,"meters"
"6348",2023-10-10 00:52:47,c(-112.05743514689, 38.4844193055756),3062.42,"meters"
"6349",2023-10-10 00:52:48,c(-112.057436820479, 38.4844200024364),3062.42,"meters"
"6350",2023-10-10 00:52:49,c(-112.05743740856, 38.4844203540118),3062.42,"meters"
"6351",2023-10-10 00:52:50,c(-112.057436601795, 38.484420016055),3062.42,"meters"
"6352",2023-10-10 00:52:51,c(-112.05743579525, 38.4844197834701),3062.42,"meters"
"6353",2023-10-10 00:52:52,c(-112.057435643227, 38.4844194365654),3062.42,"meters"
"6354",2023-10-10 00:52:53,c(-112.057435382175, 38.484419394379),3062.42,"meters"
"6355",2023-10-10 00:52:54,c(-112.057435426735, 38.4844193879798),3062.42,"meters"
"6356",2023-10-10 00:52:55,c(-112.057436322675, 38.4844189430073),3062.42,"meters"
"6357",2023-10-10 00:52:56,c(-112.057436587439, 38.4844181797074),3062.42,"meters"
"6358",2023-10-10 00:52:57,c(-112.057437325077, 38.4844182707904),3062.42,"meters"
"6359",2023-10-10 00:52:58,c(-112.057438441084, 38.4844176820817),3062.42,"meters"
"6360",2023-10-10 00:52:59,c(-112.05743861094, 38.4844186046518),3062.42,"meters"
"6361",2023-10-10 00:53:00,c(-112.057438022868, 38.4844192731919),3062.42,"meters"
"6362",2023-10-10 00:53:01,c(-112.057435458295, 38.4844185979659),3062.42,"meters"
"6363",2023-10-10 00:53:02,c(-112.057432605934, 38.484418618852),3062.28,"meters"
"6364",2023-10-10 00:53:03,c(-112.057431702521, 38.4844184120733),3062.28,"meters"
"6365",2023-10-10 00:53:04,c(-112.057430794035, 38.4844177498605),3062.28,"meters"
"6366",2023-10-10 00:53:05,c(-112.057430297686, 38.4844176352918),3062.28,"meters"
"6367",2023-10-10 00:53:06,c(-112.05743380553, 38.4844202721055),3062.42,"meters"
"6368",2023-10-10 00:53:07,c(-112.057447550946, 38.484427638585),3062.67,"meters"
"6369",2023-10-10 00:53:08,c(-112.057470645006, 38.4844398897988),3063.13,"meters"
"6370",2023-10-10 00:53:09,c(-112.057507728144, 38.4844562829286),3064.52,"meters"
"6371",2023-10-10 00:53:10,c(-112.057551383786, 38.4844754141488),3066.16,"meters"
"6372",2023-10-10 00:53:11,c(-112.057591604013, 38.4844935347096),3067.53,"meters"
"6373",2023-10-10 00:53:12,c(-112.057632148599, 38.484513391114),3068.84,"meters"
"6374",2023-10-10 00:53:13,c(-112.0576763457, 38.4845347268403),3069.63,"meters"
"6375",2023-10-10 00:53:14,c(-112.057717976672, 38.4845545343827),3070.81,"meters"
"6376",2023-10-10 00:53:15,c(-112.057756883796, 38.4845723819413),3072.09,"meters"
"6377",2023-10-10 00:53:16,c(-112.057796253292, 38.4845905122548),3073.39,"meters"
"6378",2023-10-10 00:53:17,c(-112.057835854315, 38.4846095852441),3074.75,"meters"
"6379",2023-10-10 00:53:18,c(-112.057871587395, 38.4846271553887),3076,"meters"
"6380",2023-10-10 00:53:19,c(-112.057907168997, 38.4846442466522),3077.02,"meters"
"6381",2023-10-10 00:53:20,c(-112.057940512109, 38.4846606176261),3077.56,"meters"
"6382",2023-10-10 00:53:21,c(-112.05797236803, 38.4846756726053),3078.41,"meters"
"6383",2023-10-10 00:53:22,c(-112.058006711469, 38.4846916853508),3079.29,"meters"
"6384",2023-10-10 00:53:23,c(-112.058041071683, 38.4847076865078),3080.09,"meters"
"6385",2023-10-10 00:53:24,c(-112.058070926805, 38.4847213752911),3080.99,"meters"
"6386",2023-10-10 00:53:25,c(-112.058090205057, 38.4847302263918),3081.27,"meters"
"6387",2023-10-10 00:53:26,c(-112.05809767419, 38.4847333166482),3081.55,"meters"
"6388",2023-10-10 00:53:27,c(-112.058099486578, 38.4847340971962),3081.55,"meters"
"6389",2023-10-10 00:53:28,c(-112.058098944127, 38.4847339061944),3081.55,"meters"
"6390",2023-10-10 00:53:29,c(-112.058097568318, 38.4847342920367),3081.55,"meters"
"6391",2023-10-10 00:53:30,c(-112.058096862119, 38.484734504235),3081.55,"meters"
"6392",2023-10-10 00:53:31,c(-112.058097142707, 38.4847337068475),3081.55,"meters"
"6393",2023-10-10 00:53:32,c(-112.058097169782, 38.4847341414374),3081.55,"meters"
"6394",2023-10-10 00:53:33,c(-112.058097275788, 38.4847337320571),3081.55,"meters"
"6395",2023-10-10 00:53:34,c(-112.058097970862, 38.4847332337958),3081.55,"meters"
"6396",2023-10-10 00:53:35,c(-112.058099204441, 38.4847331402914),3081.55,"meters"
"6397",2023-10-10 00:53:36,c(-112.058100225121, 38.4847323035553),3081.45,"meters"
"6398",2023-10-10 00:53:37,c(-112.058097587323, 38.484733217554),3081.55,"meters"
"6399",2023-10-10 00:53:38,c(-112.058094555742, 38.4847321750965),3081.45,"meters"
"6400",2023-10-10 00:53:39,c(-112.058094922505, 38.4847310134866),3081.45,"meters"
"6401",2023-10-10 00:53:40,c(-112.058095440618, 38.4847309834543),3081.45,"meters"
"6402",2023-10-10 00:53:41,c(-112.058096110244, 38.4847322570023),3081.45,"meters"
"6403",2023-10-10 00:53:42,c(-112.058096905358, 38.4847331630621),3081.55,"meters"
"6404",2023-10-10 00:53:43,c(-112.058097518249, 38.4847334790154),3081.55,"meters"
"6405",2023-10-10 00:53:44,c(-112.0580976326, 38.4847333625735),3081.55,"meters"
"6406",2023-10-10 00:53:45,c(-112.058097323301, 38.4847332393757),3081.55,"meters"
"6407",2023-10-10 00:53:46,c(-112.058096995739, 38.4847330731724),3081.55,"meters"
"6408",2023-10-10 00:53:47,c(-112.058096829295, 38.4847332855474),3081.55,"meters"
"6409",2023-10-10 00:53:48,c(-112.05809679846, 38.4847338560618),3081.55,"meters"
"6410",2023-10-10 00:53:49,c(-112.058098328503, 38.4847339149903),3081.55,"meters"
"6411",2023-10-10 00:53:50,c(-112.058098480878, 38.4847336219025),3081.55,"meters"
"6412",2023-10-10 00:53:51,c(-112.058099257237, 38.4847318873795),3081.45,"meters"
"6413",2023-10-10 00:53:52,c(-112.058105276272, 38.4847273291488),3081.71,"meters"
"6414",2023-10-10 00:53:53,c(-112.058108163582, 38.484725903511),3081.71,"meters"
"6415",2023-10-10 00:53:54,c(-112.058118223673, 38.4847193702058),3081.95,"meters"
"6416",2023-10-10 00:53:55,c(-112.058145968043, 38.4847004763441),3082.26,"meters"
"6417",2023-10-10 00:53:56,c(-112.0581863516, 38.4846725931157),3083.12,"meters"
"6418",2023-10-10 00:53:57,c(-112.058239268793, 38.4846359462534),3083.93,"meters"
"6419",2023-10-10 00:53:58,c(-112.058301783809, 38.4845924924397),3084.44,"meters"
"6420",2023-10-10 00:53:59,c(-112.05835591655, 38.48455551277),3085.14,"meters"
"6421",2023-10-10 00:54:00,c(-112.058379360828, 38.4845392503276),3085.1,"meters"
"6422",2023-10-10 00:54:01,c(-112.058387560877, 38.4845320584345),3085.28,"meters"
"6423",2023-10-10 00:54:02,c(-112.058389933838, 38.4845293243163),3085.04,"meters"
"6424",2023-10-10 00:54:03,c(-112.058390076243, 38.4845290343173),3085.04,"meters"
"6425",2023-10-10 00:54:04,c(-112.058389846212, 38.4845292389527),3085.04,"meters"
"6426",2023-10-10 00:54:05,c(-112.058390075776, 38.4845291532525),3085.04,"meters"
"6427",2023-10-10 00:54:06,c(-112.058389387775, 38.4845288088666),3085.04,"meters"
"6428",2023-10-10 00:54:07,c(-112.058390091362, 38.4845282660852),3085.04,"meters"
"6429",2023-10-10 00:54:08,c(-112.058406127893, 38.4845296013116),3085.35,"meters"
"6430",2023-10-10 00:54:09,c(-112.058437483419, 38.4845333626298),3086.37,"meters"
"6431",2023-10-10 00:54:10,c(-112.058485372004, 38.4845362300251),3087.07,"meters"
"6432",2023-10-10 00:54:11,c(-112.058547112849, 38.4845364565421),3087.97,"meters"
"6433",2023-10-10 00:54:12,c(-112.058612315123, 38.4845377440893),3088.59,"meters"
"6434",2023-10-10 00:54:13,c(-112.058677983329, 38.4845556301786),3089.5,"meters"
"6435",2023-10-10 00:54:14,c(-112.058741824043, 38.4845767283267),3090.37,"meters"
"6436",2023-10-10 00:54:15,c(-112.058805164592, 38.4845973336461),3090.97,"meters"
"6437",2023-10-10 00:54:16,c(-112.058872710593, 38.4846190235709),3091.55,"meters"
"6438",2023-10-10 00:54:17,c(-112.0589434408, 38.4846413330116),3091.41,"meters"
"6439",2023-10-10 00:54:18,c(-112.059007947821, 38.4846621448099),3091.76,"meters"
"6440",2023-10-10 00:54:19,c(-112.059057171497, 38.4846780826337),3091.73,"meters"
"6441",2023-10-10 00:54:20,c(-112.059075265499, 38.4846830676485),3091.83,"meters"
"6442",2023-10-10 00:54:21,c(-112.059083737942, 38.4846838531687),3091.79,"meters"
"6443",2023-10-10 00:54:22,c(-112.059085613145, 38.4846837920381),3091.79,"meters"
"6444",2023-10-10 00:54:23,c(-112.05908500081, 38.484683987885),3091.79,"meters"
"6445",2023-10-10 00:54:24,c(-112.059083513292, 38.4846844576785),3091.79,"meters"
"6446",2023-10-10 00:54:25,c(-112.059081546721, 38.4846863802864),3091.79,"meters"
"6447",2023-10-10 00:54:26,c(-112.059079572446, 38.484687494656),3091.79,"meters"
"6448",2023-10-10 00:54:27,c(-112.059078847779, 38.4846876843483),3091.79,"meters"
"6449",2023-10-10 00:54:28,c(-112.05907881181, 38.4846873969468),3091.79,"meters"
"6450",2023-10-10 00:54:29,c(-112.059077953862, 38.4846861859542),3091.79,"meters"
"6451",2023-10-10 00:54:30,c(-112.059077084874, 38.4846855627315),3091.79,"meters"
"6452",2023-10-10 00:54:31,c(-112.059086272275, 38.484685034976),3091.79,"meters"
"6453",2023-10-10 00:54:32,c(-112.059119668236, 38.4846870371382),3091.39,"meters"
"6454",2023-10-10 00:54:33,c(-112.059173969968, 38.4846993395024),3091.04,"meters"
"6455",2023-10-10 00:54:34,c(-112.05922317183, 38.4847282558937),3090.82,"meters"
"6456",2023-10-10 00:54:35,c(-112.059273593526, 38.484764510844),3090.09,"meters"
"6457",2023-10-10 00:54:36,c(-112.059334193727, 38.4848078372716),3089.15,"meters"
"6458",2023-10-10 00:54:37,c(-112.059403173936, 38.4848579696196),3088.12,"meters"
"6459",2023-10-10 00:54:38,c(-112.059466084031, 38.4849145517931),3087.44,"meters"
"6460",2023-10-10 00:54:39,c(-112.059531139937, 38.4849772332511),3086.3,"meters"
"6461",2023-10-10 00:54:40,c(-112.059592930217, 38.4850375311858),3085.6,"meters"
"6462",2023-10-10 00:54:41,c(-112.059651888639, 38.4850949323398),3085.25,"meters"
"6463",2023-10-10 00:54:42,c(-112.059714875056, 38.485155088892),3084.91,"meters"
"6464",2023-10-10 00:54:43,c(-112.059780534973, 38.4852184930456),3085.8,"meters"
"6465",2023-10-10 00:54:44,c(-112.059843159646, 38.4852793094081),3085.56,"meters"
"6466",2023-10-10 00:54:45,c(-112.059902515256, 38.4853376177265),3085.21,"meters"
"6467",2023-10-10 00:54:46,c(-112.059964340704, 38.485398585367),3085.01,"meters"
"6468",2023-10-10 00:54:47,c(-112.060004421859, 38.4854651593805),3086.2,"meters"
"6469",2023-10-10 00:54:48,c(-112.060008054212, 38.4855321621509),3087.79,"meters"
"6470",2023-10-10 00:54:49,c(-112.059998855439, 38.4856025555879),3090.24,"meters"
"6471",2023-10-10 00:54:50,c(-112.060003736177, 38.485675514461),3092.17,"meters"
"6472",2023-10-10 00:54:51,c(-112.060029695135, 38.4857420550452),3093.65,"meters"
"6473",2023-10-10 00:54:52,c(-112.060066981796, 38.4858024245509),3095.03,"meters"
"6474",2023-10-10 00:54:53,c(-112.060112770813, 38.4858642767284),3096.86,"meters"
"6475",2023-10-10 00:54:54,c(-112.06017326583, 38.4859229476745),3097.59,"meters"
"6476",2023-10-10 00:54:55,c(-112.060244060226, 38.4859752225416),3098.29,"meters"
"6477",2023-10-10 00:54:56,c(-112.060312453574, 38.4860244091762),3097.89,"meters"
"6478",2023-10-10 00:54:57,c(-112.060377667995, 38.4860710609386),3097.31,"meters"
"6479",2023-10-10 00:54:58,c(-112.060448678214, 38.4861180741352),3096.79,"meters"
"6480",2023-10-10 00:54:59,c(-112.060535841566, 38.4861459823284),3095.56,"meters"
"6481",2023-10-10 00:55:00,c(-112.060619864871, 38.486159311864),3094.14,"meters"
"6482",2023-10-10 00:55:01,c(-112.060704330116, 38.486175810746),3092.7,"meters"
"6483",2023-10-10 00:55:02,c(-112.060785917953, 38.4862136919038),3091.72,"meters"
"6484",2023-10-10 00:55:03,c(-112.060825936371, 38.4862689841179),3091.6,"meters"
"6485",2023-10-10 00:55:04,c(-112.060821161221, 38.4863239721995),3091.94,"meters"
"6486",2023-10-10 00:55:05,c(-112.060782975656, 38.4863635982221),3093.02,"meters"
"6487",2023-10-10 00:55:06,c(-112.060724627391, 38.4863762709101),3094.52,"meters"
"6488",2023-10-10 00:55:07,c(-112.060659638845, 38.4863669785696),3095.61,"meters"
"6489",2023-10-10 00:55:08,c(-112.06059693186, 38.4863531749738),3097.09,"meters"
"6490",2023-10-10 00:55:09,c(-112.060532119031, 38.4863374489592),3098.68,"meters"
"6491",2023-10-10 00:55:10,c(-112.060449060451, 38.4863201743935),3100.36,"meters"
"6492",2023-10-10 00:55:11,c(-112.060360489169, 38.4863024823967),3103.45,"meters"
"6493",2023-10-10 00:55:12,c(-112.060275884678, 38.486285461588),3106.66,"meters"
"6494",2023-10-10 00:55:13,c(-112.060188237694, 38.4862678712881),3110.86,"meters"
"6495",2023-10-10 00:55:14,c(-112.060088724551, 38.4862471619035),3114.17,"meters"
"6496",2023-10-10 00:55:15,c(-112.059992172474, 38.4862170932191),3114.73,"meters"
"6497",2023-10-10 00:55:16,c(-112.059918998725, 38.4861648139293),3114.43,"meters"
"6498",2023-10-10 00:55:17,c(-112.059887371085, 38.4861023899606),3113.06,"meters"
"6499",2023-10-10 00:55:18,c(-112.059898367801, 38.4860463390851),3112.32,"meters"
"6500",2023-10-10 00:55:19,c(-112.059939946094, 38.4860039714506),3109.64,"meters"
"6501",2023-10-10 00:55:20,c(-112.060000703228, 38.4859788214264),3106.1,"meters"
"6502",2023-10-10 00:55:21,c(-112.060063808906, 38.4859720533717),3103.38,"meters"
"6503",2023-10-10 00:55:22,c(-112.060130445325, 38.4859783736324),3101.72,"meters"
"6504",2023-10-10 00:55:23,c(-112.060214560384, 38.4859847470124),3099.57,"meters"
"6505",2023-10-10 00:55:24,c(-112.06030470273, 38.4859907670409),3096.73,"meters"
"6506",2023-10-10 00:55:25,c(-112.060402233411, 38.485994548795),3094.89,"meters"
"6507",2023-10-10 00:55:26,c(-112.0605042282, 38.4859956756597),3092.88,"meters"
"6508",2023-10-10 00:55:27,c(-112.060609043757, 38.4859968787008),3091.47,"meters"
"6509",2023-10-10 00:55:28,c(-112.06072017632, 38.4859979638055),3090.1,"meters"
"6510",2023-10-10 00:55:29,c(-112.060821056509, 38.4859943618616),3088.89,"meters"
"6511",2023-10-10 00:55:30,c(-112.060915750997, 38.485985601506),3087.35,"meters"
"6512",2023-10-10 00:55:31,c(-112.061026068117, 38.4859732634787),3085.88,"meters"
"6513",2023-10-10 00:55:32,c(-112.061135613554, 38.4859573279564),3084.14,"meters"
"6514",2023-10-10 00:55:33,c(-112.061243881888, 38.485937219375),3081.38,"meters"
"6515",2023-10-10 00:55:34,c(-112.061341130779, 38.4859181498457),3079.39,"meters"
"6516",2023-10-10 00:55:35,c(-112.06143846381, 38.485899354806),3077.21,"meters"
"6517",2023-10-10 00:55:36,c(-112.061545958696, 38.4858785522159),3074.64,"meters"
"6518",2023-10-10 00:55:37,c(-112.061646959457, 38.485854116758),3072.81,"meters"
"6519",2023-10-10 00:55:38,c(-112.061739059921, 38.4858226465953),3071.22,"meters"
"6520",2023-10-10 00:55:39,c(-112.061837953453, 38.4857860025337),3071.01,"meters"
"6521",2023-10-10 00:55:40,c(-112.061944854495, 38.4857462358833),3071.03,"meters"
"6522",2023-10-10 00:55:41,c(-112.062048567462, 38.4857054739858),3071.64,"meters"
"6523",2023-10-10 00:55:42,c(-112.062154076332, 38.485663220453),3073.41,"meters"
"6524",2023-10-10 00:55:43,c(-112.062261310733, 38.4856198073929),3073.77,"meters"
"6525",2023-10-10 00:55:44,c(-112.062369801166, 38.4855754042571),3074.02,"meters"
"6526",2023-10-10 00:55:45,c(-112.062478258426, 38.4855281117839),3074.2,"meters"
"6527",2023-10-10 00:55:46,c(-112.062591288209, 38.4854759662428),3071.18,"meters"
"6528",2023-10-10 00:55:47,c(-112.06269461472, 38.48542818404),3068.86,"meters"
"6529",2023-10-10 00:55:48,c(-112.062792316418, 38.4853828151153),3067.06,"meters"
"6530",2023-10-10 00:55:49,c(-112.062908205426, 38.4853290330226),3066.18,"meters"
"6531",2023-10-10 00:55:50,c(-112.063001331626, 38.485286243185),3066.03,"meters"
"6532",2023-10-10 00:55:51,c(-112.063055793062, 38.4852612918086),3065.09,"meters"
"6533",2023-10-10 00:56:09,c(-112.063071984901, 38.485253749784),3065.01,"meters"
"6534",2023-10-10 00:56:10,c(-112.063203489546, 38.485192658394),3064.97,"meters"
"6535",2023-10-10 00:56:11,c(-112.063194003239, 38.4851946181589),3064.97,"meters"
"6536",2023-10-10 00:56:12,c(-112.063191354027, 38.4851944473917),3064.97,"meters"
"6537",2023-10-10 00:56:13,c(-112.063192483357, 38.4852037579166),3065.21,"meters"
"6538",2023-10-10 00:56:14,c(-112.063195309822, 38.4852315222733),3065.83,"meters"
"6539",2023-10-10 00:56:15,c(-112.063199550819, 38.4852765085966),3066.89,"meters"
"6540",2023-10-10 00:56:16,c(-112.06320532045, 38.4853371595704),3068.31,"meters"
"6541",2023-10-10 00:56:17,c(-112.063212812567, 38.4854198795005),3069.54,"meters"
"6542",2023-10-10 00:56:18,c(-112.063221703524, 38.4855149572127),3071.62,"meters"
"6543",2023-10-10 00:56:19,c(-112.063231523721, 38.4856203605678),3074.09,"meters"
"6544",2023-10-10 00:56:20,c(-112.06323836413, 38.4856860140005),3074.87,"meters"
"6545",2023-10-10 00:56:21,c(-112.063238748255, 38.4857057060193),3075.29,"meters"
"6546",2023-10-10 00:56:22,c(-112.063236676045, 38.485711756336),3075.29,"meters"
"6547",2023-10-10 00:56:23,c(-112.06323521141, 38.4857227001811),3075.51,"meters"
"6548",2023-10-10 00:56:24,c(-112.063240150387, 38.4857406509889),3075.83,"meters"
"6549",2023-10-10 00:56:25,c(-112.06326184354, 38.4857551843752),3076.35,"meters"
"6550",2023-10-10 00:56:26,c(-112.063287569661, 38.4857747268638),3076.78,"meters"
"6551",2023-10-10 00:56:27,c(-112.063293019721, 38.4858060742728),3077.38,"meters"
"6552",2023-10-10 00:56:28,c(-112.063275408106, 38.4858417058979),3077.76,"meters"
"6553",2023-10-10 00:56:29,c(-112.063242158513, 38.4858789623592),3077.94,"meters"
"6554",2023-10-10 00:56:30,c(-112.063202896467, 38.4859229568936),3078.55,"meters"
"6555",2023-10-10 00:56:31,c(-112.063153970993, 38.4859787478851),3079.26,"meters"
"6556",2023-10-10 00:56:32,c(-112.063095977255, 38.4860452743593),3080.24,"meters"
"6557",2023-10-10 00:56:33,c(-112.063035460504, 38.4861145455703),3081.28,"meters"
"6558",2023-10-10 00:56:34,c(-112.062971702286, 38.4861873299993),3082.59,"meters"
"6559",2023-10-10 00:56:35,c(-112.062906081823, 38.4862625608458),3083.45,"meters"
"6560",2023-10-10 00:56:36,c(-112.062838806469, 38.4863399435972),3084.48,"meters"
"6561",2023-10-10 00:56:37,c(-112.062764581477, 38.4864135369231),3085.97,"meters"
"6562",2023-10-10 00:56:38,c(-112.062675123855, 38.486469432195),3088.33,"meters"
"6563",2023-10-10 00:56:39,c(-112.062580321196, 38.4864964048145),3089.46,"meters"
"6564",2023-10-10 00:56:40,c(-112.062481858504, 38.4864973974749),3088.12,"meters"
"6565",2023-10-10 00:56:41,c(-112.062378441415, 38.4864833733809),3086.94,"meters"
"6566",2023-10-10 00:56:42,c(-112.062276913181, 38.4864644726134),3086.35,"meters"
"6567",2023-10-10 00:56:43,c(-112.062173450343, 38.4864450576815),3085.24,"meters"
"6568",2023-10-10 00:56:44,c(-112.062078033618, 38.4864416200659),3084.59,"meters"
"6569",2023-10-10 00:56:45,c(-112.062000000216, 38.4864691502771),3083.84,"meters"
"6570",2023-10-10 00:56:46,c(-112.061961391653, 38.4865184299259),3083.37,"meters"
"6571",2023-10-10 00:56:47,c(-112.061970577727, 38.4865694444178),3083.69,"meters"
"6572",2023-10-10 00:56:48,c(-112.062012577811, 38.486603676472),3084.59,"meters"
"6573",2023-10-10 00:56:49,c(-112.062070191965, 38.4866252288771),3085.46,"meters"
"6574",2023-10-10 00:56:50,c(-112.062144988843, 38.486653683417),3086.62,"meters"
"6575",2023-10-10 00:56:51,c(-112.062219515046, 38.4866922974344),3087.61,"meters"
"6576",2023-10-10 00:56:52,c(-112.062250367696, 38.4867421563443),3088.57,"meters"
"6577",2023-10-10 00:56:53,c(-112.062229490769, 38.4867829447682),3088.94,"meters"
"6578",2023-10-10 00:56:54,c(-112.0621779088, 38.4867935449264),3088.56,"meters"
"6579",2023-10-10 00:56:55,c(-112.06212544829, 38.4867767398368),3087.9,"meters"
"6580",2023-10-10 00:56:56,c(-112.062066905404, 38.4867442164141),3086.83,"meters"
"6581",2023-10-10 00:56:57,c(-112.062006635036, 38.4867075883442),3085.64,"meters"
"6582",2023-10-10 00:56:58,c(-112.061939363848, 38.4866662111481),3084.47,"meters"
"6583",2023-10-10 00:56:59,c(-112.061859554245, 38.486616843106),3082.98,"meters"
"6584",2023-10-10 00:57:00,c(-112.061781314732, 38.4865677203135),3082.12,"meters"
"6585",2023-10-10 00:57:01,c(-112.061706431539, 38.486520130368),3081.89,"meters"
"6586",2023-10-10 00:57:02,c(-112.061627442094, 38.4864699186246),3081.94,"meters"
"6587",2023-10-10 00:57:03,c(-112.061544125055, 38.4864168733533),3082.49,"meters"
"6588",2023-10-10 00:57:04,c(-112.061465868647, 38.4863670126895),3082.99,"meters"
"6589",2023-10-10 00:57:05,c(-112.061392294236, 38.4863103676019),3083.59,"meters"
"6590",2023-10-10 00:57:06,c(-112.061349410831, 38.4862488991698),3083.79,"meters"
"6591",2023-10-10 00:57:07,c(-112.061331807969, 38.4861820581245),3083.44,"meters"
"6592",2023-10-10 00:57:08,c(-112.061326856129, 38.4861058260523),3082.82,"meters"
"6593",2023-10-10 00:57:09,c(-112.06130696346, 38.4860391379368),3082.43,"meters"
"6594",2023-10-10 00:57:10,c(-112.061254114353, 38.4859972909453),3082.62,"meters"
"6595",2023-10-10 00:57:11,c(-112.061184910807, 38.4859654560081),3083.4,"meters"
"6596",2023-10-10 00:57:12,c(-112.061111368693, 38.4859337366879),3084.14,"meters"
"6597",2023-10-10 00:57:13,c(-112.061073767041, 38.485917200351),3084.46,"meters"
"6598",2023-10-10 00:57:14,c(-112.061059641019, 38.485912204874),3084.4,"meters"
"6599",2023-10-10 00:57:15,c(-112.061054505981, 38.4859108362123),3084.56,"meters"
"6600",2023-10-10 00:57:16,c(-112.061052760329, 38.4859106837346),3084.56,"meters"
"6601",2023-10-10 00:57:17,c(-112.061052300308, 38.4859107532949),3084.56,"meters"
"6602",2023-10-10 00:57:18,c(-112.061052294123, 38.4859106974853),3084.56,"meters"
"6603",2023-10-10 00:57:19,c(-112.061052452725, 38.4859107408546),3084.56,"meters"
"6604",2023-10-10 00:57:20,c(-112.061052941914, 38.4859106994781),3084.56,"meters"
"6605",2023-10-10 00:57:21,c(-112.061052962285, 38.4859110917598),3084.56,"meters"
"6606",2023-10-10 00:57:22,c(-112.061053519996, 38.4859109121148),3084.56,"meters"
"6607",2023-10-10 00:57:23,c(-112.061054456155, 38.4859101906847),3084.56,"meters"
"6608",2023-10-10 00:57:24,c(-112.061054768882, 38.4859108267434),3084.56,"meters"
"6609",2023-10-10 00:57:25,c(-112.061054753898, 38.485911179455),3084.56,"meters"
"6610",2023-10-10 00:57:26,c(-112.061054305078, 38.4859114924813),3084.56,"meters"
"6611",2023-10-10 00:57:27,c(-112.061053932757, 38.4859115796185),3084.56,"meters"
"6612",2023-10-10 00:57:28,c(-112.061054122978, 38.4859110768534),3084.56,"meters"
"6613",2023-10-10 00:57:29,c(-112.061054655013, 38.4859104529853),3084.56,"meters"
"6614",2023-10-10 00:57:30,c(-112.061054528388, 38.4859106356074),3084.56,"meters"
"6615",2023-10-10 00:57:31,c(-112.061051830936, 38.4859104181182),3084.56,"meters"
"6616",2023-10-10 00:57:32,c(-112.061047849859, 38.4859102839599),3084.56,"meters"
"6617",2023-10-10 00:57:33,c(-112.061048823223, 38.4859098832085),3084.56,"meters"
"6618",2023-10-10 00:57:34,c(-112.061049769075, 38.4859102562568),3084.56,"meters"
"6619",2023-10-10 00:57:35,c(-112.061050056708, 38.4859101131829),3084.56,"meters"
"6620",2023-10-10 00:57:36,c(-112.061050751713, 38.4859091232268),3084.56,"meters"
"6621",2023-10-10 00:57:37,c(-112.061050946532, 38.4859079416785),3084.56,"meters"
"6622",2023-10-10 00:57:38,c(-112.061050956464, 38.4859072060992),3084.56,"meters"
"6623",2023-10-10 00:57:39,c(-112.061054716305, 38.485905447271),3084.56,"meters"
"6624",2023-10-10 00:57:40,c(-112.061075036502, 38.4858958056468),3083.94,"meters"
"6625",2023-10-10 00:57:41,c(-112.061119722421, 38.4858750512741),3082.3,"meters"
"6626",2023-10-10 00:57:42,c(-112.061181551107, 38.4858463067454),3079.82,"meters"
"6627",2023-10-10 00:57:43,c(-112.06125222725, 38.4858129576223),3077.81,"meters"
"6628",2023-10-10 00:57:44,c(-112.061335707934, 38.4857735251268),3074.58,"meters"
"6629",2023-10-10 00:57:45,c(-112.061433043689, 38.4857336600691),3071.87,"meters"
"6630",2023-10-10 00:57:46,c(-112.061541651109, 38.4857043294335),3070.4,"meters"
"6631",2023-10-10 00:57:47,c(-112.061643762858, 38.4856795918024),3068.44,"meters"
"6632",2023-10-10 00:57:48,c(-112.06174716107, 38.4856524025476),3067.6,"meters"
"6633",2023-10-10 00:57:49,c(-112.061865118789, 38.485624561574),3067.92,"meters"
"6634",2023-10-10 00:57:50,c(-112.061972750961, 38.4856234438044),3069.16,"meters"
"6635",2023-10-10 00:57:51,c(-112.062054372791, 38.4856511395436),3070.9,"meters"
"6636",2023-10-10 00:57:52,c(-112.062102686764, 38.4857040307999),3072.6,"meters"
"6637",2023-10-10 00:57:53,c(-112.062131888921, 38.485772573227),3074.61,"meters"
"6638",2023-10-10 00:57:54,c(-112.062182466859, 38.4858262488571),3076.26,"meters"
"6639",2023-10-10 00:57:55,c(-112.062257857492, 38.4858685866572),3078.16,"meters"
"6640",2023-10-10 00:57:56,c(-112.062335693185, 38.4859127129465),3079.89,"meters"
"6641",2023-10-10 00:57:57,c(-112.062422378207, 38.4859630148658),3081.3,"meters"
"6642",2023-10-10 00:57:58,c(-112.062519402474, 38.4860197145586),3082.25,"meters"
"6643",2023-10-10 00:57:59,c(-112.062572265462, 38.486050641296),3082.56,"meters"
"6644",2023-10-10 00:58:00,c(-112.062586858228, 38.4860590895805),3082.7,"meters"
"6645",2023-10-10 00:58:01,c(-112.0625892861, 38.4860605931705),3082.7,"meters"
"6646",2023-10-10 00:58:02,c(-112.062587902794, 38.4860595739595),3082.7,"meters"
"6647",2023-10-10 00:58:03,c(-112.062586239761, 38.4860586717882),3082.7,"meters"
"6648",2023-10-10 00:58:04,c(-112.062585997775, 38.486058504967),3082.7,"meters"
"6649",2023-10-10 00:58:05,c(-112.062585952836, 38.4860588553424),3082.7,"meters"
"6650",2023-10-10 00:58:06,c(-112.062586384132, 38.4860599872855),3082.7,"meters"
"6651",2023-10-10 00:58:07,c(-112.062587395918, 38.4860611761874),3082.7,"meters"
"6652",2023-10-10 00:58:08,c(-112.062588543412, 38.4860621082813),3082.74,"meters"
"6653",2023-10-10 00:58:09,c(-112.062589499231, 38.4860627102403),3082.74,"meters"
"6654",2023-10-10 00:58:10,c(-112.062589826509, 38.486063270768),3082.74,"meters"
"6655",2023-10-10 00:58:11,c(-112.062589779505, 38.4860637825209),3082.74,"meters"
"6656",2023-10-10 00:58:12,c(-112.062589761526, 38.486064123178),3082.74,"meters"
"6657",2023-10-10 00:58:13,c(-112.062589626378, 38.4860645851695),3082.74,"meters"
"6658",2023-10-10 00:58:14,c(-112.062589469039, 38.4860651355636),3082.74,"meters"
"6659",2023-10-10 00:58:15,c(-112.06258946566, 38.4860654377012),3082.74,"meters"
"6660",2023-10-10 00:58:16,c(-112.062589380802, 38.4860656465991),3082.74,"meters"
"6661",2023-10-10 00:58:17,c(-112.062589229934, 38.4860658050901),3082.74,"meters"
"6662",2023-10-10 00:58:18,c(-112.062588806163, 38.4860660049027),3082.74,"meters"
"6663",2023-10-10 00:58:19,c(-112.062588627529, 38.4860659359602),3082.74,"meters"
"6664",2023-10-10 00:58:20,c(-112.062589360705, 38.4860686813843),3082.74,"meters"
"6665",2023-10-10 00:58:21,c(-112.062589275275, 38.4860695357672),3082.74,"meters"
"6666",2023-10-10 00:58:22,c(-112.062588951008, 38.4860695366441),3082.74,"meters"
"6667",2023-10-10 00:58:23,c(-112.062588797376, 38.4860691279313),3082.74,"meters"
"6668",2023-10-10 00:58:24,c(-112.062588996655, 38.4860684982045),3082.74,"meters"
"6669",2023-10-10 00:58:25,c(-112.062590270235, 38.4860693596293),3082.74,"meters"
"6670",2023-10-10 00:58:26,c(-112.062596835176, 38.4860780497019),3082.82,"meters"
"6671",2023-10-10 00:58:27,c(-112.062611493824, 38.4860981851166),3083.16,"meters"
"6672",2023-10-10 00:58:28,c(-112.062629117048, 38.4861225069527),3083.5,"meters"
"6673",2023-10-10 00:58:29,c(-112.062645981083, 38.4861464691912),3083.87,"meters"
"6674",2023-10-10 00:58:30,c(-112.062655976625, 38.4861699733352),3084.07,"meters"
"6675",2023-10-10 00:58:31,c(-112.062652441716, 38.4861935692444),3084.19,"meters"
"6676",2023-10-10 00:58:32,c(-112.062634108457, 38.4862099812774),3084.32,"meters"
"6677",2023-10-10 00:58:33,c(-112.062610313968, 38.4862099854259),3084.34,"meters"
"6678",2023-10-10 00:58:34,c(-112.062586791242, 38.4862022582038),3084.2,"meters"
"6679",2023-10-10 00:58:35,c(-112.062555887088, 38.4861902414831),3084.02,"meters"
"6680",2023-10-10 00:58:36,c(-112.062523959448, 38.4861771302417),3083.8,"meters"
"6681",2023-10-10 00:58:37,c(-112.062488560287, 38.4861558960417),3083.76,"meters"
"6682",2023-10-10 00:58:38,c(-112.062451761021, 38.4861283838754),3083.1,"meters"
"6683",2023-10-10 00:58:39,c(-112.062410385852, 38.4860972960322),3082.4,"meters"
"6684",2023-10-10 00:58:40,c(-112.062360818521, 38.4860603124907),3081.56,"meters"
"6685",2023-10-10 00:58:41,c(-112.062304078531, 38.4860178072716),3080.18,"meters"
"6686",2023-10-10 00:58:42,c(-112.062247977663, 38.4859772884864),3078.92,"meters"
"6687",2023-10-10 00:58:43,c(-112.062184962976, 38.4859555304089),3077.81,"meters"
"6688",2023-10-10 00:58:44,c(-112.062115958361, 38.485955634315),3076.75,"meters"
"6689",2023-10-10 00:58:45,c(-112.062049098353, 38.4859596914004),3076.02,"meters"
"6690",2023-10-10 00:58:46,c(-112.061990294949, 38.4859636106858),3075.32,"meters"
"6691",2023-10-10 00:58:47,c(-112.061937499783, 38.4859787244715),3074.88,"meters"
"6692",2023-10-10 00:58:48,c(-112.061909439296, 38.4860127542164),3075.06,"meters"
"6693",2023-10-10 00:58:49,c(-112.061917535364, 38.4860466548066),3075.78,"meters"
"6694",2023-10-10 00:58:50,c(-112.061955646418, 38.4860562864217),3076.48,"meters"
"6695",2023-10-10 00:58:51,c(-112.061990608127, 38.4860438918617),3076.86,"meters"
"6696",2023-10-10 00:58:52,c(-112.062019430844, 38.4860195864337),3076.75,"meters"
"6697",2023-10-10 00:58:53,c(-112.062051611831, 38.485988259904),3076.47,"meters"
"6698",2023-10-10 00:58:54,c(-112.062090871181, 38.4859504715021),3076.37,"meters"
"6699",2023-10-10 00:58:55,c(-112.062132189991, 38.485911689228),3076.33,"meters"
"6700",2023-10-10 00:58:56,c(-112.062178558637, 38.4858689630122),3076.9,"meters"
"6701",2023-10-10 00:58:57,c(-112.062230116394, 38.4858214354925),3077.03,"meters"
"6702",2023-10-10 00:58:58,c(-112.062275875288, 38.4857786665898),3077.27,"meters"
"6703",2023-10-10 00:58:59,c(-112.062304182998, 38.4857287449853),3077.08,"meters"
"6704",2023-10-10 00:59:00,c(-112.062306303253, 38.4856794415063),3075.9,"meters"
"6705",2023-10-10 00:59:01,c(-112.062304853589, 38.4856291825075),3074.45,"meters"
"6706",2023-10-10 00:59:02,c(-112.062311058822, 38.4855744073862),3073.32,"meters"
"6707",2023-10-10 00:59:03,c(-112.062328976625, 38.4855242803784),3072.65,"meters"
"6708",2023-10-10 00:59:04,c(-112.062357403972, 38.4854759967331),3071.85,"meters"
"6709",2023-10-10 00:59:05,c(-112.062395932458, 38.4854295754123),3070.12,"meters"
"6710",2023-10-10 00:59:06,c(-112.062446372547, 38.4853860765294),3068.58,"meters"
"6711",2023-10-10 00:59:07,c(-112.062511962383, 38.4853627531371),3067.76,"meters"
"6712",2023-10-10 00:59:08,c(-112.062579596164, 38.4853646361754),3067.4,"meters"
"6713",2023-10-10 00:59:09,c(-112.062634283865, 38.4853864578216),3067.62,"meters"
"6714",2023-10-10 00:59:10,c(-112.062678961176, 38.4854251660055),3068.84,"meters"
"6715",2023-10-10 00:59:11,c(-112.062710942764, 38.4854792814143),3069.93,"meters"
"6716",2023-10-10 00:59:12,c(-112.062728581629, 38.4855405803947),3071.21,"meters"
"6717",2023-10-10 00:59:13,c(-112.062733982522, 38.4856139106239),3073.17,"meters"
"6718",2023-10-10 00:59:14,c(-112.062736050779, 38.4856875385417),3074.98,"meters"
"6719",2023-10-10 00:59:15,c(-112.062737590892, 38.4857752282035),3076.59,"meters"
"6720",2023-10-10 00:59:16,c(-112.062739519258, 38.4858934839727),3079.34,"meters"
"6721",2023-10-10 00:59:17,c(-112.062741498498, 38.486006756295),3082.51,"meters"
"6722",2023-10-10 00:59:18,c(-112.062743529632, 38.4861285516952),3084.02,"meters"
"6723",2023-10-10 00:59:19,c(-112.06274562908, 38.486270105168),3084.94,"meters"
"6724",2023-10-10 00:59:20,c(-112.06274741779, 38.4864095293749),3085.99,"meters"
"6725",2023-10-10 00:59:21,c(-112.062748985588, 38.4865338026755),3088.01,"meters"
"6726",2023-10-10 00:59:22,c(-112.062750593652, 38.4866003944862),3089.26,"meters"
"6727",2023-10-10 00:59:23,c(-112.06275095261, 38.4866229927953),3089.87,"meters"
"6728",2023-10-10 00:59:24,c(-112.062751688155, 38.4866276928332),3089.75,"meters"
"6729",2023-10-10 00:59:25,c(-112.062752078017, 38.4866269680054),3089.75,"meters"
"6730",2023-10-10 00:59:26,c(-112.062753099045, 38.4866363744353),3089.93,"meters"
"6731",2023-10-10 00:59:27,c(-112.062755463758, 38.4866737139772),3091.17,"meters"
"6732",2023-10-10 00:59:28,c(-112.062760051648, 38.4867353273082),3092.46,"meters"
"6733",2023-10-10 00:59:29,c(-112.062766457779, 38.4868181619963),3094.6,"meters"
"6734",2023-10-10 00:59:30,c(-112.062774307136, 38.4869184285056),3095.8,"meters"
"6735",2023-10-10 00:59:31,c(-112.062783209578, 38.4870275201303),3097.51,"meters"
"6736",2023-10-10 00:59:32,c(-112.062800531127, 38.4871500744022),3098.89,"meters"
"6737",2023-10-10 00:59:33,c(-112.062824824676, 38.4872867212094),3098.18,"meters"
"6738",2023-10-10 00:59:34,c(-112.062848915598, 38.4874219408004),3098.46,"meters"
"6739",2023-10-10 00:59:35,c(-112.062872176829, 38.487554330473),3099.68,"meters"
"6740",2023-10-10 00:59:36,c(-112.062896984496, 38.4876962993923),3100.83,"meters"
"6741",2023-10-10 00:59:37,c(-112.062923071557, 38.4878476411261),3102.89,"meters"
"6742",2023-10-10 00:59:38,c(-112.062947779817, 38.4879936669339),3106.19,"meters"
"6743",2023-10-10 00:59:39,c(-112.06297286951, 38.4881412678969),3109.98,"meters"
"6744",2023-10-10 00:59:40,c(-112.062997145027, 38.4882833508415),3102.22,"meters"
"6745",2023-10-10 00:59:41,c(-112.063022175156, 38.4884313177287),3094.86,"meters"
"6746",2023-10-10 00:59:42,c(-112.063048106755, 38.4885867025483),3089.33,"meters"
"6747",2023-10-10 00:59:43,c(-112.063072755363, 38.4887342777539),3086.58,"meters"
"6748",2023-10-10 00:59:44,c(-112.063095605617, 38.4888762774219),3081.28,"meters"
"6749",2023-10-10 00:59:45,c(-112.063117391018, 38.4890174549132),3075.82,"meters"
"6750",2023-10-10 00:59:46,c(-112.063118520867, 38.4891686183727),3069.96,"meters"
"6751",2023-10-10 00:59:47,c(-112.063102095344, 38.4893144680877),3064.88,"meters"
"6752",2023-10-10 00:59:48,c(-112.063083867854, 38.4894639221032),3059.92,"meters"
"6753",2023-10-10 00:59:49,c(-112.0630673697, 38.4896080226093),3056.08,"meters"
"6754",2023-10-10 00:59:50,c(-112.063067952526, 38.4897429612429),3052.97,"meters"
"6755",2023-10-10 00:59:51,c(-112.063073589203, 38.4898916745525),3049.39,"meters"
"6756",2023-10-10 00:59:52,c(-112.063077790806, 38.49004433977),3045.5,"meters"
"6757",2023-10-10 00:59:53,c(-112.063080996365, 38.490183817873),3041.23,"meters"
"6758",2023-10-10 00:59:54,c(-112.06308395798, 38.4903253726968),3036.57,"meters"
"6759",2023-10-10 00:59:55,c(-112.063086848763, 38.4904748262841),3030.11,"meters"
"6760",2023-10-10 00:59:56,c(-112.063089683789, 38.4906245339942),3024.9,"meters"
"6761",2023-10-10 00:59:57,c(-112.063092507622, 38.4907824062393),3019.49,"meters"
"6762",2023-10-10 00:59:58,c(-112.063094889077, 38.4909317131551),3014.15,"meters"
"6763",2023-10-10 00:59:59,c(-112.06309711946, 38.4910750682541),3009.52,"meters"
"6764",2023-10-10 01:00:00,c(-112.063099483176, 38.4912264662614),3005.49,"meters"
"6765",2023-10-10 01:00:01,c(-112.063102044858, 38.4913853780647),3002.26,"meters"
"6766",2023-10-10 01:00:02,c(-112.063104317191, 38.4915300014898),2999.51,"meters"
"6767",2023-10-10 01:00:03,c(-112.063107891657, 38.4916745391976),2997.13,"meters"
"6768",2023-10-10 01:00:04,c(-112.063123184991, 38.4918314528792),2994.59,"meters"
"6769",2023-10-10 01:00:05,c(-112.063139313399, 38.4919890491302),2991.95,"meters"
"6770",2023-10-10 01:00:06,c(-112.063155222223, 38.4921481570296),2989.91,"meters"
"6771",2023-10-10 01:00:07,c(-112.06316943802, 38.4922923266086),2988.03,"meters"
"6772",2023-10-10 01:00:08,c(-112.063183700942, 38.4924364848739),2986.01,"meters"
"6773",2023-10-10 01:00:09,c(-112.063199502074, 38.4925951278523),2983.81,"meters"
"6774",2023-10-10 01:00:10,c(-112.063214423913, 38.4927477336643),2982.17,"meters"
"6775",2023-10-10 01:00:11,c(-112.06322856924, 38.4928922742736),2980.56,"meters"
"6776",2023-10-10 01:00:12,c(-112.063246027393, 38.4930449957249),2979.55,"meters"
"6777",2023-10-10 01:00:13,c(-112.063266237551, 38.4931965423586),2977.88,"meters"
"6778",2023-10-10 01:00:14,c(-112.063287503714, 38.493340603068),2976.79,"meters"
"6779",2023-10-10 01:00:15,c(-112.063310538039, 38.4934917806101),2976.38,"meters"
"6780",2023-10-10 01:00:16,c(-112.063334483116, 38.4936510174392),2976.57,"meters"
"6781",2023-10-10 01:00:17,c(-112.063356881553, 38.4938025604833),2976.85,"meters"
"6782",2023-10-10 01:00:18,c(-112.063378408174, 38.4939545616005),2975.77,"meters"
"6783",2023-10-10 01:00:19,c(-112.063400405361, 38.4941065490443),2975.14,"meters"
"6784",2023-10-10 01:00:20,c(-112.063422333626, 38.494259102414),2974.49,"meters"
"6785",2023-10-10 01:00:21,c(-112.063444147243, 38.4944114794542),2974.25,"meters"
"6786",2023-10-10 01:00:22,c(-112.063467066862, 38.4945704324048),2973.53,"meters"
"6787",2023-10-10 01:00:23,c(-112.063488025931, 38.4947150969354),2972.45,"meters"
"6788",2023-10-10 01:00:24,c(-112.063509076896, 38.4948587139703),2972.32,"meters"
"6789",2023-10-10 01:00:25,c(-112.06353233998, 38.4950174250741),2972.46,"meters"
"6790",2023-10-10 01:00:26,c(-112.063555421281, 38.4951774603194),2972.46,"meters"
"6791",2023-10-10 01:00:27,c(-112.063577420605, 38.4953295098091),2972.44,"meters"
"6792",2023-10-10 01:00:28,c(-112.063598624567, 38.4954738027868),2972.4,"meters"
"6793",2023-10-10 01:00:29,c(-112.063621209226, 38.4956247335964),2972.38,"meters"
"6794",2023-10-10 01:00:30,c(-112.06364384614, 38.4957774738178),2972.32,"meters"
"6795",2023-10-10 01:00:31,c(-112.063666785502, 38.4959368465913),2972.47,"meters"
"6796",2023-10-10 01:00:32,c(-112.063676830124, 38.4960879477174),2972.78,"meters"
"6797",2023-10-10 01:00:33,c(-112.063661092408, 38.4962251748452),2973.45,"meters"
"6798",2023-10-10 01:00:34,c(-112.06361595063, 38.4963559662373),2974.2,"meters"
"6799",2023-10-10 01:00:35,c(-112.063576332032, 38.496484155516),2974.91,"meters"
"6800",2023-10-10 01:00:36,c(-112.063571897157, 38.4966162564471),2975.86,"meters"
"6801",2023-10-10 01:00:37,c(-112.063581888501, 38.496743511122),2976.77,"meters"
"6802",2023-10-10 01:00:38,c(-112.06360881562, 38.4968593997963),2977.6,"meters"
"6803",2023-10-10 01:00:39,c(-112.06365658406, 38.4969805885155),2978.81,"meters"
"6804",2023-10-10 01:00:40,c(-112.063704316841, 38.497109648034),2979.68,"meters"
"6805",2023-10-10 01:00:41,c(-112.06375394842, 38.4972201551037),2981.03,"meters"
"6806",2023-10-10 01:00:42,c(-112.063834318606, 38.4973121110727),2982.07,"meters"
"6807",2023-10-10 01:00:43,c(-112.063935865187, 38.4973982418913),2983.26,"meters"
"6808",2023-10-10 01:00:44,c(-112.064009814997, 38.4974580060621),2984.4,"meters"
"6809",2023-10-10 01:00:45,c(-112.06404151954, 38.4974851086691),2984.84,"meters"
"6810",2023-10-10 01:00:46,c(-112.064064297336, 38.497504124535),2985.26,"meters"
"6811",2023-10-10 01:00:47,c(-112.064090821306, 38.4975257771936),2985.78,"meters"
"6812",2023-10-10 01:00:48,c(-112.064117666685, 38.4975493527753),2986.5,"meters"
"6813",2023-10-10 01:00:49,c(-112.064137615239, 38.4975781786881),2987.1,"meters"
"6814",2023-10-10 01:00:50,c(-112.064152664599, 38.4976088271552),2987.62,"meters"
"6815",2023-10-10 01:00:51,c(-112.064168181461, 38.4976386643831),2988.16,"meters"
"6816",2023-10-10 01:00:52,c(-112.064193270852, 38.497674216012),2988.82,"meters"
"6817",2023-10-10 01:00:53,c(-112.064226804894, 38.497714004988),2989.46,"meters"
"6818",2023-10-10 01:00:54,c(-112.064256343067, 38.4977456600908),2990.22,"meters"
"6819",2023-10-10 01:00:55,c(-112.06427103454, 38.4977618165098),2990.42,"meters"
"6820",2023-10-10 01:00:56,c(-112.064273496307, 38.4977706688738),2990.42,"meters"
"6821",2023-10-10 01:00:57,c(-112.064268900285, 38.4977805204927),2990.51,"meters"
"6822",2023-10-10 01:00:58,c(-112.064273938454, 38.4977968823075),2990.55,"meters"
"6823",2023-10-10 01:00:59,c(-112.064287785371, 38.4978193380647),2990.83,"meters"
"6824",2023-10-10 01:01:00,c(-112.064297297771, 38.497845372396),2991.11,"meters"
"6825",2023-10-10 01:01:01,c(-112.064305149508, 38.4978729565049),2991.37,"meters"
"6826",2023-10-10 01:01:02,c(-112.06431119513, 38.4978959105917),2991.51,"meters"
"6827",2023-10-10 01:01:03,c(-112.064316828712, 38.4979137828912),2991.79,"meters"
"6828",2023-10-10 01:01:04,c(-112.064324287079, 38.4979267646762),2992.04,"meters"
"6829",2023-10-10 01:01:05,c(-112.064329141976, 38.4979355162736),2992.2,"meters"
"6830",2023-10-10 01:01:06,c(-112.064332359011, 38.4979465529457),2992.3,"meters"
"6831",2023-10-10 01:01:07,c(-112.064348276175, 38.4979660697837),2992.5,"meters"
"6832",2023-10-10 01:01:08,c(-112.064359839633, 38.4979785778741),2992.62,"meters"
"6833",2023-10-10 01:01:09,c(-112.064362528157, 38.4979880644683),2992.68,"meters"
"6834",2023-10-10 01:01:10,c(-112.06435666071, 38.4980021935228),2992.74,"meters"
"6835",2023-10-10 01:01:11,c(-112.064358576268, 38.498020979412),2993.02,"meters"
"6836",2023-10-10 01:01:12,c(-112.064369202783, 38.4980426478289),2993.42,"meters"
"6837",2023-10-10 01:01:13,c(-112.06437820352, 38.4980577883127),2993.56,"meters"
"6838",2023-10-10 01:01:14,c(-112.064383110959, 38.4980646423632),2993.65,"meters"
"6839",2023-10-10 01:01:15,c(-112.064389764404, 38.4980711610448),2993.77,"meters"
"6840",2023-10-10 01:01:16,c(-112.064394669601, 38.4980760207709),2993.77,"meters"
"6841",2023-10-10 01:01:17,c(-112.064394750879, 38.4980809092772),2993.83,"meters"
"6842",2023-10-10 01:01:18,c(-112.064395188907, 38.498088959385),2993.89,"meters"
"6843",2023-10-10 01:01:19,c(-112.064402235644, 38.4981019947569),2994.01,"meters"
"6844",2023-10-10 01:01:20,c(-112.064409203112, 38.4981115848408),2994.09,"meters"
"6845",2023-10-10 01:01:21,c(-112.064409988522, 38.4981122591939),2994.15,"meters"
"6846",2023-10-10 01:01:22,c(-112.064407250486, 38.4981122526624),2994.15,"meters"
"6847",2023-10-10 01:01:23,c(-112.064405049673, 38.4981137202482),2994.15,"meters"
"6848",2023-10-10 01:01:24,c(-112.064405771812, 38.4981163459595),2994.15,"meters"
"6849",2023-10-10 01:01:25,c(-112.06440749994, 38.4981190297834),2994.15,"meters"
"6850",2023-10-10 01:01:26,c(-112.06440927843, 38.498121069621),2994.23,"meters"
"6851",2023-10-10 01:01:27,c(-112.064409630608, 38.4981217692541),2994.23,"meters"
"6852",2023-10-10 01:01:28,c(-112.064410418044, 38.498122284635),2994.23,"meters"
"6853",2023-10-10 01:01:29,c(-112.064412252629, 38.4981248051411),2994.31,"meters"
"6854",2023-10-10 01:01:30,c(-112.064412304923, 38.498127935842),2994.31,"meters"
"6855",2023-10-10 01:01:31,c(-112.064411721494, 38.4981290038616),2994.31,"meters"
"6856",2023-10-10 01:01:32,c(-112.064410577831, 38.4981300337164),2994.28,"meters"
"6857",2023-10-10 01:01:33,c(-112.064411702449, 38.4981339592599),2994.36,"meters"
"6858",2023-10-10 01:01:34,c(-112.064412930533, 38.4981360204174),2994.36,"meters"
"6859",2023-10-10 01:01:35,c(-112.064414654883, 38.4981373799623),2994.36,"meters"
"6860",2023-10-10 01:01:36,c(-112.064416129602, 38.4981401100758),2994.42,"meters"
"6861",2023-10-10 01:01:37,c(-112.064416470927, 38.4981414038018),2994.42,"meters"
"6862",2023-10-10 01:01:38,c(-112.064416591342, 38.4981408903212),2994.42,"meters"
"6863",2023-10-10 01:01:39,c(-112.064415841091, 38.4981406223003),2994.42,"meters"
"6864",2023-10-10 01:01:40,c(-112.064413964573, 38.4981412733006),2994.42,"meters"
"6865",2023-10-10 01:01:41,c(-112.064413003425, 38.4981414892774),2994.42,"meters"
"6866",2023-10-10 01:01:42,c(-112.064411381812, 38.4981425515167),2994.42,"meters"
"6867",2023-10-10 01:01:43,c(-112.064411212104, 38.4981426302045),2994.34,"meters"
"6868",2023-10-10 01:01:44,c(-112.064411060844, 38.4981425089619),2994.34,"meters"
"6869",2023-10-10 01:01:45,c(-112.064411038539, 38.498142292162),2994.34,"meters"
"6870",2023-10-10 01:01:46,c(-112.064411409388, 38.4981425764478),2994.42,"meters"
"6871",2023-10-10 01:01:47,c(-112.064412349488, 38.498143892816),2994.42,"meters"
"6872",2023-10-10 01:01:48,c(-112.064412913902, 38.498144631401),2994.42,"meters"
"6873",2023-10-10 01:01:49,c(-112.064412985026, 38.4981443193656),2994.42,"meters"
"6874",2023-10-10 01:01:50,c(-112.064412889556, 38.4981442607001),2994.42,"meters"
"6875",2023-10-10 01:01:51,c(-112.064412592621, 38.4981442368103),2994.42,"meters"
"6876",2023-10-10 01:01:52,c(-112.064412787721, 38.4981443115352),2994.42,"meters"
"6877",2023-10-10 01:01:53,c(-112.064413137813, 38.4981440219202),2994.42,"meters"
"6878",2023-10-10 01:01:54,c(-112.064413299842, 38.4981437953146),2994.42,"meters"
"6879",2023-10-10 01:01:55,c(-112.06441323524, 38.4981438263281),2994.42,"meters"
"6880",2023-10-10 01:01:56,c(-112.064412840872, 38.4981440451968),2994.42,"meters"
"6881",2023-10-10 01:01:57,c(-112.064412840082, 38.4981443683859),2994.42,"meters"
"6882",2023-10-10 01:01:58,c(-112.064412825578, 38.4981440434607),2994.42,"meters"
"6883",2023-10-10 01:01:59,c(-112.064412919189, 38.4981438976872),2994.42,"meters"
"6884",2023-10-10 01:02:00,c(-112.064412986662, 38.4981438002579),2994.42,"meters"
"6885",2023-10-10 01:02:01,c(-112.064412992868, 38.4981436405403),2994.42,"meters"
"6886",2023-10-10 01:02:02,c(-112.064412936672, 38.4981434525895),2994.42,"meters"
"6887",2023-10-10 21:09:18,c(-112.064421618991, 38.4982157884768),2994.9,"meters"
"6888",2023-10-10 21:09:19,c(-112.064421565277, 38.4982157723264),2994.9,"meters"
"6889",2023-10-10 21:09:20,c(-112.064421672741, 38.4982157661342),2994.9,"meters"
"6890",2023-10-10 21:09:21,c(-112.06442173496, 38.4982158842021),2994.9,"meters"
"6891",2023-10-10 21:09:22,c(-112.064421782879, 38.4982159159881),2994.9,"meters"
"6892",2023-10-10 21:09:23,c(-112.064422253338, 38.4982160855727),2994.9,"meters"
"6893",2023-10-10 21:09:24,c(-112.064425343998, 38.4982171604684),2994.98,"meters"
"6894",2023-10-10 21:09:25,c(-112.064425440536, 38.4982166062943),2994.98,"meters"
"6895",2023-10-10 21:09:26,c(-112.064419079747, 38.4982123627917),2994.9,"meters"
"6896",2023-10-10 21:09:27,c(-112.06440034855, 38.4981966008339),2994.62,"meters"
"6897",2023-10-10 21:09:28,c(-112.064367941904, 38.4981656371291),2994.34,"meters"
"6898",2023-10-10 21:09:29,c(-112.064318848887, 38.4981169984815),2993.83,"meters"
"6899",2023-10-10 21:09:30,c(-112.064250203433, 38.4980527587116),2992.75,"meters"
"6900",2023-10-10 21:09:31,c(-112.064165128535, 38.4979746154776),2991.18,"meters"
"6901",2023-10-10 21:09:32,c(-112.064077285968, 38.4978887372721),2989.81,"meters"
"6902",2023-10-10 21:09:33,c(-112.06399705903, 38.4977885291833),2988.76,"meters"
"6903",2023-10-10 21:09:34,c(-112.063907507979, 38.4976815170835),2987.32,"meters"
"6904",2023-10-10 21:09:35,c(-112.063818733372, 38.4975797483956),2985.68,"meters"
"6905",2023-10-10 21:09:36,c(-112.063725485982, 38.4974734411808),2984.06,"meters"
"6906",2023-10-10 21:09:37,c(-112.063624465713, 38.4973570827434),2982.62,"meters"
"6907",2023-10-10 21:09:38,c(-112.06352197612, 38.4972385361994),2980.82,"meters"
"6908",2023-10-10 21:09:39,c(-112.063412186201, 38.4971221006676),2979.79,"meters"
"6909",2023-10-10 21:09:40,c(-112.063295330334, 38.4970090849031),2979.34,"meters"
"6910",2023-10-10 21:09:41,c(-112.06318465049, 38.4968983365561),2979.5,"meters"
"6911",2023-10-10 21:09:42,c(-112.063066332303, 38.4967788647504),2978.81,"meters"
"6912",2023-10-10 21:09:43,c(-112.062942505367, 38.4966518865655),2977.09,"meters"
"6913",2023-10-10 21:09:44,c(-112.062825618908, 38.4965300183725),2974.63,"meters"
"6914",2023-10-10 21:09:45,c(-112.062708618148, 38.4964073537571),2973.71,"meters"
"6915",2023-10-10 21:09:46,c(-112.062610379436, 38.4962962395216),2973.55,"meters"
"6916",2023-10-10 21:09:47,c(-112.062540347696, 38.4961989651315),2973.41,"meters"
"6917",2023-10-10 21:09:48,c(-112.062486432097, 38.4960974030231),2973.3,"meters"
"6918",2023-10-10 21:09:49,c(-112.062427120309, 38.4959833282555),2973.18,"meters"
"6919",2023-10-10 21:09:50,c(-112.062363299864, 38.4958608833137),2972.97,"meters"
"6920",2023-10-10 21:09:51,c(-112.062294238885, 38.4957269145779),2973.05,"meters"
"6921",2023-10-10 21:09:52,c(-112.062228173636, 38.4955951158426),2973.06,"meters"
"6922",2023-10-10 21:09:53,c(-112.062165080645, 38.4954688015852),2973.01,"meters"
"6923",2023-10-10 21:09:54,c(-112.062094920121, 38.4953355030624),2973.04,"meters"
"6924",2023-10-10 21:09:55,c(-112.062007606981, 38.4952104183877),2972.98,"meters"
"6925",2023-10-10 21:09:56,c(-112.061918727197, 38.4950862380205),2972.99,"meters"
"6926",2023-10-10 21:09:57,c(-112.06182548705, 38.4949592702258),2973.14,"meters"
"6927",2023-10-10 21:09:58,c(-112.061734480654, 38.4948295100166),2973.25,"meters"
"6928",2023-10-10 21:09:59,c(-112.061644221227, 38.4946969414176),2973.38,"meters"
"6929",2023-10-10 21:10:00,c(-112.061555654768, 38.4945642582252),2973.45,"meters"
"6930",2023-10-10 21:10:01,c(-112.061465935892, 38.4944313460575),2973.71,"meters"
"6931",2023-10-10 21:10:02,c(-112.061388047682, 38.4943213848037),2973.93,"meters"
"6932",2023-10-10 21:10:03,c(-112.061318930398, 38.4942280868253),2974.25,"meters"
"6933",2023-10-10 21:10:04,c(-112.061248968601, 38.4941365202228),2974.61,"meters"
"6934",2023-10-10 21:10:05,c(-112.061180578962, 38.49404759982),2975.04,"meters"
"6935",2023-10-10 21:10:06,c(-112.061111257157, 38.4939567969002),2975.77,"meters"
"6936",2023-10-10 21:10:07,c(-112.061042637277, 38.4938626042383),2976.64,"meters"
"6937",2023-10-10 21:10:08,c(-112.060975900289, 38.4937682383709),2978.02,"meters"
"6938",2023-10-10 21:10:09,c(-112.060914560381, 38.4936818693065),2978.56,"meters"
"6939",2023-10-10 21:10:10,c(-112.060857517275, 38.4935872855884),2979.96,"meters"
"6940",2023-10-10 21:10:11,c(-112.060804885825, 38.4934766003735),2981.63,"meters"
"6941",2023-10-10 21:10:12,c(-112.06075089906, 38.4933702555715),2982.73,"meters"
"6942",2023-10-10 21:10:13,c(-112.060698799852, 38.4932686950584),2983.99,"meters"
"6943",2023-10-10 21:10:14,c(-112.060647733285, 38.4931731307819),2985.02,"meters"
"6944",2023-10-10 21:10:15,c(-112.060612944565, 38.4931106965707),2985.76,"meters"
"6945",2023-10-10 21:10:16,c(-112.060597964373, 38.4930887439998),2986.14,"meters"
"6946",2023-10-10 21:10:17,c(-112.060591999198, 38.4930849264739),2986.14,"meters"
"6947",2023-10-10 21:10:18,c(-112.060590925926, 38.4930860498564),2986.14,"meters"
"6948",2023-10-10 21:10:19,c(-112.060591532541, 38.4930872918246),2986.14,"meters"
"6949",2023-10-10 21:10:20,c(-112.060592279668, 38.4930873325982),2986.14,"meters"
"6950",2023-10-10 21:10:21,c(-112.060592578358, 38.4930863059152),2986.14,"meters"
"6951",2023-10-10 21:10:22,c(-112.060591997434, 38.4930848081987),2986.14,"meters"
"6952",2023-10-10 21:10:23,c(-112.060591848982, 38.4930828373114),2986.14,"meters"
"6953",2023-10-10 21:10:24,c(-112.060592110454, 38.4930813166323),2986.36,"meters"
"6954",2023-10-10 21:10:25,c(-112.060591891207, 38.4930806741745),2986.36,"meters"
"6955",2023-10-10 21:10:26,c(-112.06059138577, 38.4930805998614),2986.36,"meters"
"6956",2023-10-10 21:10:27,c(-112.060590587875, 38.4930794025212),2986.36,"meters"
"6957",2023-10-10 21:10:28,c(-112.060581529529, 38.4930672039331),2986.46,"meters"
"6958",2023-10-10 21:10:29,c(-112.0605538554, 38.4930304571808),2986.62,"meters"
"6959",2023-10-10 21:10:30,c(-112.060510163637, 38.4929725845315),2987.81,"meters"
"6960",2023-10-10 21:10:31,c(-112.060454473072, 38.4928976386848),2988.76,"meters"
"6961",2023-10-10 21:10:32,c(-112.060384632246, 38.492803404263),2990.16,"meters"
"6962",2023-10-10 21:10:33,c(-112.060305855684, 38.4926975153938),2992.04,"meters"
"6963",2023-10-10 21:10:34,c(-112.060219730039, 38.492583718588),2993.24,"meters"
"6964",2023-10-10 21:10:35,c(-112.060131106124, 38.4924655604891),2992.71,"meters"
"6965",2023-10-10 21:10:36,c(-112.060039075742, 38.4923435528444),2991.34,"meters"
"6966",2023-10-10 21:10:37,c(-112.059952200797, 38.4922320558169),2990.38,"meters"
"6967",2023-10-10 21:10:38,c(-112.059872866047, 38.4921328814227),2991.29,"meters"
"6968",2023-10-10 21:10:39,c(-112.059790091463, 38.4920318485549),2992.82,"meters"
"6969",2023-10-10 21:10:40,c(-112.059710605969, 38.4919320420182),2993.59,"meters"
"6970",2023-10-10 21:10:41,c(-112.059630383925, 38.491827287321),2995.06,"meters"
"6971",2023-10-10 21:10:42,c(-112.059552441351, 38.4917244669174),2997.04,"meters"
"6972",2023-10-10 21:10:43,c(-112.059482728123, 38.4916345748875),2998.52,"meters"
"6973",2023-10-10 21:10:44,c(-112.059413052186, 38.4915448014395),3000.18,"meters"
"6974",2023-10-10 21:10:45,c(-112.05934122973, 38.4914527404574),3001.52,"meters"
"6975",2023-10-10 21:10:46,c(-112.059271289712, 38.4913653351164),3002.88,"meters"
"6976",2023-10-10 21:10:47,c(-112.059202187467, 38.4912797086322),3004.7,"meters"
"6977",2023-10-10 21:10:48,c(-112.059133020556, 38.4911948748215),3006.26,"meters"
"6978",2023-10-10 21:10:49,c(-112.059063139673, 38.4911116225213),3007.49,"meters"
"6979",2023-10-10 21:10:50,c(-112.058990384177, 38.4910236564889),3009.15,"meters"
"6980",2023-10-10 21:10:51,c(-112.058915957961, 38.4909313191343),3010.74,"meters"
"6981",2023-10-10 21:10:52,c(-112.058846676697, 38.4908445855158),3013.04,"meters"
"6982",2023-10-10 21:10:53,c(-112.058787491649, 38.4907691096788),3014.34,"meters"
"6983",2023-10-10 21:10:54,c(-112.058751301522, 38.4907248855822),3015.16,"meters"
"6984",2023-10-10 21:10:55,c(-112.058736715323, 38.4907102232611),3015.36,"meters"
"6985",2023-10-10 21:10:56,c(-112.058730255096, 38.4907047142247),3015.36,"meters"
"6986",2023-10-10 21:10:57,c(-112.05872632486, 38.4907024593472),3015.44,"meters"
"6987",2023-10-10 21:10:58,c(-112.058723895145, 38.4907020229493),3015.44,"meters"
"6988",2023-10-10 21:10:59,c(-112.058723733413, 38.4907022355259),3015.44,"meters"
"6989",2023-10-10 21:11:00,c(-112.058724923347, 38.4907027666408),3015.44,"meters"
"6990",2023-10-10 21:11:01,c(-112.058725767183, 38.4907036056777),3015.44,"meters"
"6991",2023-10-10 21:11:02,c(-112.058726358827, 38.4907042727101),3015.44,"meters"
"6992",2023-10-10 21:11:03,c(-112.05872667022, 38.490704196992),3015.44,"meters"
"6993",2023-10-10 21:11:04,c(-112.058726994259, 38.4907037838308),3015.44,"meters"
"6994",2023-10-10 21:11:05,c(-112.058719902372, 38.490694286921),3015.56,"meters"
"6995",2023-10-10 21:11:06,c(-112.05869242451, 38.4906597810865),3016.25,"meters"
"6996",2023-10-10 21:11:07,c(-112.058648941975, 38.4906055376522),3017.08,"meters"
"6997",2023-10-10 21:11:08,c(-112.058590137273, 38.4905315026468),3018.54,"meters"
"6998",2023-10-10 21:11:09,c(-112.058521534482, 38.4904447325847),3019.94,"meters"
"6999",2023-10-10 21:11:10,c(-112.058444524431, 38.490345016912),3022.39,"meters"
"7000",2023-10-10 21:11:11,c(-112.058361147252, 38.4902324268727),3024.4,"meters"
"7001",2023-10-10 21:11:12,c(-112.058274584583, 38.4901105549259),3025.98,"meters"
"7002",2023-10-10 21:11:13,c(-112.058187352128, 38.4899839666708),3028,"meters"
"7003",2023-10-10 21:11:14,c(-112.058100578753, 38.4898573779774),3029.87,"meters"
"7004",2023-10-10 21:11:15,c(-112.058012924191, 38.4897306251485),3031.33,"meters"
"7005",2023-10-10 21:11:16,c(-112.057923367899, 38.4896024175139),3032.91,"meters"
"7006",2023-10-10 21:11:17,c(-112.057832088722, 38.4894735212772),3034.89,"meters"
"7007",2023-10-10 21:11:18,c(-112.057738722532, 38.489342823824),3036.54,"meters"
"7008",2023-10-10 21:11:19,c(-112.057644598325, 38.4892112522049),3038.99,"meters"
"7009",2023-10-10 21:11:20,c(-112.057549748383, 38.4890803485272),3041.9,"meters"
"7010",2023-10-10 21:11:21,c(-112.057454589423, 38.4889496069573),3043.8,"meters"
"7011",2023-10-10 21:11:22,c(-112.057360201502, 38.4888181031845),3046.31,"meters"
"7012",2023-10-10 21:11:23,c(-112.057261153993, 38.4886817392452),3048.79,"meters"
"7013",2023-10-10 21:11:24,c(-112.057165191987, 38.4885526198742),3051.2,"meters"
"7014",2023-10-10 21:11:25,c(-112.057074546057, 38.4884338829194),3052.54,"meters"
"7015",2023-10-10 21:11:26,c(-112.056983165623, 38.4883143825806),3054.82,"meters"
"7016",2023-10-10 21:11:27,c(-112.056892471782, 38.4881953946519),3058.4,"meters"
"7017",2023-10-10 21:11:28,c(-112.056793489364, 38.4880699897172),3062.27,"meters"
"7018",2023-10-10 21:11:29,c(-112.056695503952, 38.4879479321419),3066.82,"meters"
"7019",2023-10-10 21:11:30,c(-112.056604029499, 38.4878293915167),3069.13,"meters"
"7020",2023-10-10 21:11:31,c(-112.056507212706, 38.4877024339978),3071.39,"meters"
"7021",2023-10-10 21:11:32,c(-112.056408899766, 38.4875732464271),3074.61,"meters"
"7022",2023-10-10 21:11:33,c(-112.056306824513, 38.4874418203549),3077.97,"meters"
"7023",2023-10-10 21:11:34,c(-112.056211377229, 38.4873197679385),3083.67,"meters"
"7024",2023-10-10 21:11:35,c(-112.056122207045, 38.4872094342132),3088.06,"meters"
"7025",2023-10-10 21:11:36,c(-112.056024587912, 38.4870979826002),3089.06,"meters"
"7026",2023-10-10 21:11:37,c(-112.055923395212, 38.4869902662634),3087.95,"meters"
"7027",2023-10-10 21:11:38,c(-112.055820385583, 38.4868847461099),3085.8,"meters"
"7028",2023-10-10 21:11:39,c(-112.055714589324, 38.4867778143358),3080.65,"meters"
"7029",2023-10-10 21:11:40,c(-112.05560401668, 38.4866670860254),3076.23,"meters"
"7030",2023-10-10 21:11:41,c(-112.055493639627, 38.4865603480253),3072.91,"meters"
"7031",2023-10-10 21:11:42,c(-112.055392831502, 38.4864652226981),3070.92,"meters"
"7032",2023-10-10 21:11:43,c(-112.055291285456, 38.4863726980504),3068.78,"meters"
"7033",2023-10-10 21:11:44,c(-112.055184771654, 38.4862767250519),3068.22,"meters"
"7034",2023-10-10 21:11:45,c(-112.055082701682, 38.4861820582327),3067.99,"meters"
"7035",2023-10-10 21:11:46,c(-112.054981537061, 38.4860868240908),3067.93,"meters"
"7036",2023-10-10 21:11:47,c(-112.054880613674, 38.4859935250497),3068.16,"meters"
"7037",2023-10-10 21:11:48,c(-112.054784499017, 38.4859060128484),3068.68,"meters"
"7038",2023-10-10 21:11:49,c(-112.054683194926, 38.4858145156156),3068.32,"meters"
"7039",2023-10-10 21:11:50,c(-112.054575847182, 38.4857212542292),3068.2,"meters"
"7040",2023-10-10 21:11:51,c(-112.054476781687, 38.4856346108169),3067.77,"meters"
"7041",2023-10-10 21:11:52,c(-112.054374691455, 38.4855434371932),3066.88,"meters"
"7042",2023-10-10 21:11:53,c(-112.054275588173, 38.4854574472388),3066.11,"meters"
"7043",2023-10-10 21:11:54,c(-112.054183275641, 38.4853736817372),3065.42,"meters"
"7044",2023-10-10 21:11:55,c(-112.054087825447, 38.4852828317414),3065.02,"meters"
"7045",2023-10-10 21:11:56,c(-112.053996817052, 38.485190815424),3065.1,"meters"
"7046",2023-10-10 21:11:57,c(-112.05390962647, 38.4850945237999),3065.29,"meters"
"7047",2023-10-10 21:11:58,c(-112.053823838412, 38.4849973552148),3065.11,"meters"
"7048",2023-10-10 21:11:59,c(-112.053732369723, 38.4848981111431),3065,"meters"
"7049",2023-10-10 21:12:00,c(-112.053645801079, 38.4848041992484),3065.33,"meters"
"7050",2023-10-10 21:12:01,c(-112.053564959464, 38.4847146996276),3065.89,"meters"
"7051",2023-10-10 21:12:02,c(-112.053483523785, 38.4846189524183),3066.3,"meters"
"7052",2023-10-10 21:12:03,c(-112.053401797436, 38.4845224247019),3067.17,"meters"
"7053",2023-10-10 21:12:04,c(-112.053314846339, 38.4844200245143),3067.35,"meters"
"7054",2023-10-10 21:12:05,c(-112.053232061769, 38.4843192222751),3067.54,"meters"
"7055",2023-10-10 21:12:06,c(-112.053153544164, 38.4842181299642),3066.35,"meters"
"7056",2023-10-10 21:12:07,c(-112.053072552161, 38.4841069623418),3063.94,"meters"
"7057",2023-10-10 21:12:08,c(-112.052987252697, 38.4839830982741),3057.06,"meters"
"7058",2023-10-10 21:12:09,c(-112.052903275512, 38.4838532556658),3051.31,"meters"
"7059",2023-10-10 21:12:10,c(-112.052831802502, 38.48374223975),3046.21,"meters"
"7060",2023-10-10 21:12:11,c(-112.052770209628, 38.4836461764228),3044.82,"meters"
"7061",2023-10-10 21:12:12,c(-112.052718471099, 38.4835655018447),3043.3,"meters"
"7062",2023-10-10 21:12:13,c(-112.05267776838, 38.483502745829),3040.94,"meters"
"7063",2023-10-10 21:12:14,c(-112.052645016676, 38.4834526997704),3038.48,"meters"
"7064",2023-10-10 21:12:15,c(-112.0526197102, 38.4834137942148),3036.64,"meters"
"7065",2023-10-10 21:12:16,c(-112.052599531906, 38.4833814649332),3035.16,"meters"
"7066",2023-10-10 21:12:17,c(-112.052584019912, 38.4833545616064),3034.52,"meters"
"7067",2023-10-10 21:12:18,c(-112.052571993044, 38.4833316933291),3034.2,"meters"
"7068",2023-10-10 21:12:19,c(-112.052562555685, 38.4833131305004),3033.63,"meters"
"7069",2023-10-10 21:12:20,c(-112.052559080501, 38.4833054956476),3033.63,"meters"
"7070",2023-10-10 21:12:21,c(-112.052558642566, 38.483304263014),3033.33,"meters"
"7071",2023-10-10 21:12:22,c(-112.052560083392, 38.4833038447561),3033.33,"meters"
"7072",2023-10-10 21:12:23,c(-112.052561345096, 38.4833033484384),3033.33,"meters"
"7073",2023-10-10 21:12:24,c(-112.052562179011, 38.4833034077919),3033.33,"meters"
"7074",2023-10-10 21:12:25,c(-112.052563686157, 38.4833002689577),3033.33,"meters"
"7075",2023-10-10 21:12:26,c(-112.052567608794, 38.4832821630788),3032.61,"meters"
"7076",2023-10-10 21:12:27,c(-112.052571658319, 38.4832641968373),3032.09,"meters"
"7077",2023-10-10 21:12:28,c(-112.052572308709, 38.483259050269),3031.83,"meters"
"7078",2023-10-10 21:12:29,c(-112.052571467472, 38.4832585891747),3031.83,"meters"
"7079",2023-10-10 21:12:30,c(-112.052571040548, 38.4832593831678),3031.83,"meters"
"7080",2023-10-10 21:12:31,c(-112.052569070772, 38.4832593497135),3031.83,"meters"
"7081",2023-10-10 21:12:32,c(-112.052568108493, 38.4832585876203),3031.83,"meters"
"7082",2023-10-10 21:12:33,c(-112.05256798651, 38.4832576300989),3031.83,"meters"
"7083",2023-10-10 21:12:34,c(-112.052569018252, 38.4832579949785),3031.83,"meters"
"7084",2023-10-10 21:12:35,c(-112.052569628026, 38.4832599814846),3032.09,"meters"
"7085",2023-10-10 21:12:36,c(-112.052569947619, 38.4832622188799),3032.09,"meters"
"7086",2023-10-10 21:12:37,c(-112.052570431208, 38.4832640059025),3032.09,"meters"
"7087",2023-10-10 21:12:38,c(-112.052571356794, 38.483264690504),3032.09,"meters"
"7088",2023-10-10 21:12:39,c(-112.052571480967, 38.4832650039384),3032.09,"meters"
"7089",2023-10-10 21:12:40,c(-112.052570885249, 38.4832656049136),3032.09,"meters"
"7090",2023-10-10 21:12:41,c(-112.052570334855, 38.4832657290246),3032.09,"meters"
"7091",2023-10-10 21:12:42,c(-112.052569830538, 38.4832658874058),3032.09,"meters"
"7092",2023-10-10 21:12:43,c(-112.052569308575, 38.4832663291195),3032.09,"meters"
"7093",2023-10-10 21:12:44,c(-112.052570087387, 38.4832661244845),3032.09,"meters"
"7094",2023-10-10 21:12:45,c(-112.052570344239, 38.4832651567697),3032.09,"meters"
"7095",2023-10-10 21:12:46,c(-112.05257006358, 38.483264693025),3032.09,"meters"
"7096",2023-10-10 21:12:47,c(-112.052569840761, 38.4832647581312),3032.09,"meters"
"7097",2023-10-10 21:12:48,c(-112.052570847855, 38.4832652572786),3032.09,"meters"
"7098",2023-10-10 21:12:49,c(-112.0525721737, 38.4832654892058),3032.09,"meters"
"7099",2023-10-10 21:12:50,c(-112.052573534559, 38.4832649676986),3032.09,"meters"
"7100",2023-10-10 21:12:51,c(-112.052574551176, 38.4832641571594),3032.09,"meters"
"7101",2023-10-10 21:12:52,c(-112.052575439649, 38.4832639866118),3032.09,"meters"
"7102",2023-10-10 21:12:53,c(-112.052575805738, 38.4832643009629),3032.09,"meters"
"7103",2023-10-10 21:12:54,c(-112.052575417522, 38.4832650389427),3032.09,"meters"
"7104",2023-10-10 21:12:55,c(-112.052573433305, 38.4832657446983),3032.09,"meters"
"7105",2023-10-10 21:12:56,c(-112.052571983655, 38.4832659251104),3032.09,"meters"
"7106",2023-10-10 21:12:57,c(-112.052571195598, 38.4832655384191),3032.09,"meters"
"7107",2023-10-10 21:12:58,c(-112.052570724332, 38.4832649427084),3032.09,"meters"
"7108",2023-10-10 21:12:59,c(-112.052569988425, 38.4832644306971),3032.09,"meters"
"7109",2023-10-10 21:13:00,c(-112.052568751599, 38.4832648670799),3032.09,"meters"
"7110",2023-10-10 21:13:01,c(-112.052568962118, 38.4832667841454),3032.09,"meters"
"7111",2023-10-10 21:13:02,c(-112.052570215812, 38.4832688564236),3032.35,"meters"
"7112",2023-10-10 21:13:03,c(-112.052570378271, 38.483270165124),3032.35,"meters"
"7113",2023-10-10 21:13:04,c(-112.05257049143, 38.483269419691),3032.35,"meters"
"7114",2023-10-10 21:13:05,c(-112.052570384637, 38.4832675414261),3032.09,"meters"
"7115",2023-10-10 21:13:06,c(-112.052570440204, 38.4832667426279),3032.09,"meters"
"7116",2023-10-10 21:13:07,c(-112.052571218005, 38.4832664935292),3032.09,"meters"
"7117",2023-10-10 21:13:08,c(-112.052571079217, 38.4832663109249),3032.09,"meters"
"7118",2023-10-10 21:13:09,c(-112.052570593246, 38.4832660024925),3032.09,"meters"
"7119",2023-10-10 21:13:10,c(-112.052569839361, 38.4832655753565),3032.09,"meters"
"7120",2023-10-10 21:13:11,c(-112.052569270901, 38.4832649108129),3032.09,"meters"
"7121",2023-10-10 21:13:12,c(-112.052569415241, 38.4832652655988),3032.09,"meters"
"7122",2023-10-10 21:13:13,c(-112.052569074101, 38.4832657828413),3032.09,"meters"
"7123",2023-10-10 21:13:14,c(-112.05256903828, 38.4832661802741),3032.09,"meters"
"7124",2023-10-10 21:13:15,c(-112.05256932468, 38.4832663898415),3032.09,"meters"
"7125",2023-10-10 21:13:16,c(-112.052570575459, 38.483266183343),3032.09,"meters"
"7126",2023-10-10 21:13:17,c(-112.052572126224, 38.4832661250325),3032.09,"meters"
"7127",2023-10-10 21:13:18,c(-112.05257293991, 38.4832660857934),3032.09,"meters"
"7128",2023-10-10 21:13:19,c(-112.052573422661, 38.4832656722485),3032.09,"meters"
"7129",2023-10-10 21:13:20,c(-112.052572686562, 38.4832648564481),3032.09,"meters"
"7130",2023-10-10 21:13:21,c(-112.052571806773, 38.4832645275194),3032.09,"meters"
"7131",2023-10-10 21:13:22,c(-112.052571854249, 38.4832643673844),3032.09,"meters"
"7132",2023-10-10 21:13:23,c(-112.052572341621, 38.483264680201),3032.09,"meters"
"7133",2023-10-10 21:13:24,c(-112.052572143451, 38.4832654107276),3032.09,"meters"
"7134",2023-10-10 21:13:25,c(-112.052571666443, 38.4832657244211),3032.09,"meters"
"7135",2023-10-10 21:13:26,c(-112.052571488301, 38.4832663261602),3032.09,"meters"
"7136",2023-10-10 21:13:27,c(-112.05257063134, 38.4832665599506),3032.09,"meters"
"7137",2023-10-10 21:13:28,c(-112.052570249807, 38.483266428423),3032.09,"meters"
"7138",2023-10-10 21:13:29,c(-112.052571292635, 38.4832660074126),3032.09,"meters"
"7139",2023-10-10 21:13:30,c(-112.052572678298, 38.4832660751615),3032.09,"meters"
"7140",2023-10-10 21:13:31,c(-112.05257364786, 38.4832663712084),3032.09,"meters"
"7141",2023-10-10 21:13:32,c(-112.052573128837, 38.4832661642716),3032.09,"meters"
"7142",2023-10-10 21:13:33,c(-112.05257191181, 38.4832656564652),3032.09,"meters"
"7143",2023-10-10 21:13:34,c(-112.052571694173, 38.4832660415124),3032.09,"meters"
"7144",2023-10-10 21:13:35,c(-112.052571082336, 38.4832665323498),3032.09,"meters"
"7145",2023-10-10 21:13:36,c(-112.052570818164, 38.4832663506024),3032.09,"meters"
"7146",2023-10-10 21:13:37,c(-112.052572117681, 38.4832662145687),3032.09,"meters"
"7147",2023-10-10 21:13:38,c(-112.052571966709, 38.483266382169),3032.09,"meters"
"7148",2023-10-10 21:13:39,c(-112.052570729654, 38.4832672191234),3032.09,"meters"
"7149",2023-10-10 21:13:40,c(-112.05257017646, 38.4832667620649),3032.09,"meters"
"7150",2023-10-10 21:13:41,c(-112.052570138366, 38.4832651200515),3032.09,"meters"
"7151",2023-10-10 21:13:42,c(-112.052570557253, 38.4832640079851),3032.09,"meters"
"7152",2023-10-10 21:13:43,c(-112.052571059164, 38.4832625709756),3032.09,"meters"
"7153",2023-10-10 21:13:44,c(-112.052572866789, 38.483263228038),3032.09,"meters"
"7154",2023-10-10 21:13:45,c(-112.052573255302, 38.4832659027506),3032.09,"meters"
"7155",2023-10-10 21:13:46,c(-112.052572401002, 38.4832670814578),3032.09,"meters"
"7156",2023-10-10 21:13:47,c(-112.052564694661, 38.4832662503126),3032.19,"meters"
"7157",2023-10-10 21:13:48,c(-112.05254404371, 38.4832679382507),3032.25,"meters"
"7158",2023-10-10 21:13:49,c(-112.05251666699, 38.4832782622257),3033.11,"meters"
"7159",2023-10-10 21:13:50,c(-112.052499067548, 38.4832861936212),3033.21,"meters"
"7160",2023-10-10 21:13:51,c(-112.052494103827, 38.4832890606078),3033.53,"meters"
"7161",2023-10-10 21:13:52,c(-112.052492852486, 38.4832897032301),3033.53,"meters"
"7162",2023-10-10 21:13:53,c(-112.052492488778, 38.4832896841586),3033.53,"meters"
"7163",2023-10-10 21:13:54,c(-112.052492185152, 38.4832894984854),3033.53,"meters"
"7164",2023-10-10 21:13:55,c(-112.052492253915, 38.4832893546818),3033.53,"meters"
"7165",2023-10-10 21:13:56,c(-112.052492903553, 38.4832893324716),3033.53,"meters"
"7166",2023-10-10 21:13:57,c(-112.05249329736, 38.4832886406449),3033.53,"meters"
"7167",2023-10-10 21:13:58,c(-112.052492824757, 38.4832887291581),3033.53,"meters"
"7168",2023-10-10 21:13:59,c(-112.052492345928, 38.4832902335058),3033.53,"meters"
"7169",2023-10-10 21:14:00,c(-112.05249260866, 38.4832906198683),3033.53,"meters"
"7170",2023-10-10 21:14:01,c(-112.052492487938, 38.4832904187406),3033.53,"meters"
"7171",2023-10-10 21:14:02,c(-112.052492627007, 38.4832890415364),3033.53,"meters"
"7172",2023-10-10 21:14:03,c(-112.05249290368, 38.4832879235313),3033.53,"meters"
"7173",2023-10-10 21:14:04,c(-112.05249383935, 38.4832871423255),3033.27,"meters"
"7174",2023-10-10 21:14:05,c(-112.052494804493, 38.4832866318399),3033.27,"meters"
"7175",2023-10-10 21:14:06,c(-112.052492761876, 38.4832872893685),3033.53,"meters"
"7176",2023-10-10 21:14:07,c(-112.052488929849, 38.4832895924179),3033.53,"meters"
"7177",2023-10-10 21:14:08,c(-112.05248649923, 38.4832928486445),3033.59,"meters"
"7178",2023-10-10 21:14:09,c(-112.052486342298, 38.4832941794455),3033.59,"meters"
"7179",2023-10-10 21:14:10,c(-112.052486779625, 38.4832933271706),3033.59,"meters"
"7180",2023-10-10 21:14:11,c(-112.052487138898, 38.4832919614506),3033.53,"meters"
"7181",2023-10-10 21:14:12,c(-112.052487411014, 38.4832929771729),3033.53,"meters"
"7182",2023-10-10 21:14:13,c(-112.052487764497, 38.4832927112679),3033.53,"meters"
"7183",2023-10-10 21:14:14,c(-112.052488125404, 38.4832899506119),3033.53,"meters"
"7184",2023-10-10 21:14:15,c(-112.052489273807, 38.4832869443278),3033.27,"meters"
"7185",2023-10-10 21:14:16,c(-112.052491189541, 38.4832848152236),3033.27,"meters"
"7186",2023-10-10 21:14:17,c(-112.052493085489, 38.4832843857359),3033.27,"meters"
"7187",2023-10-10 21:14:18,c(-112.052494608531, 38.4832849204822),3033.27,"meters"
"7188",2023-10-10 21:14:19,c(-112.052496147003, 38.48328501394),3033.27,"meters"
"7189",2023-10-10 21:14:20,c(-112.052495748704, 38.4832834501857),3033.27,"meters"
"7190",2023-10-10 21:14:21,c(-112.052494863453, 38.4832819104351),3033.27,"meters"
"7191",2023-10-10 21:14:22,c(-112.052494460111, 38.4832815488436),3033.27,"meters"
"7192",2023-10-10 21:14:23,c(-112.052494645816, 38.4832819690744),3033.27,"meters"
"7193",2023-10-10 21:14:24,c(-112.052494394848, 38.4832827436628),3033.27,"meters"
"7194",2023-10-10 21:14:25,c(-112.052492798009, 38.4832840331819),3033.27,"meters"
"7195",2023-10-10 21:14:26,c(-112.052490224883, 38.4832847217293),3033.27,"meters"
"7196",2023-10-10 21:14:27,c(-112.052489634015, 38.483283714337),3033.27,"meters"
"7197",2023-10-10 21:14:28,c(-112.052490205555, 38.4832835596824),3033.27,"meters"
"7198",2023-10-10 21:14:29,c(-112.052492016672, 38.4832822761916),3033.27,"meters"
"7199",2023-10-10 21:14:30,c(-112.052492537375, 38.4832808709281),3033.27,"meters"
"7200",2023-10-10 21:14:31,c(-112.052492187812, 38.4832813012427),3033.27,"meters"
"7201",2023-10-10 21:14:32,c(-112.052491806179, 38.4832835960716),3033.27,"meters"
"7202",2023-10-10 21:14:33,c(-112.05249104151, 38.4832851902966),3033.27,"meters"
"7203",2023-10-10 21:14:34,c(-112.052490091416, 38.4832855573684),3033.27,"meters"
"7204",2023-10-10 21:14:35,c(-112.052489950246, 38.4832859541436),3033.27,"meters"
"7205",2023-10-10 21:14:36,c(-112.052488753807, 38.4832840519248),3033.27,"meters"
"7206",2023-10-10 21:14:37,c(-112.052485527037, 38.4832793768239),3033.29,"meters"
"7207",2023-10-10 21:14:38,c(-112.05247447989, 38.4832682442362),3032.91,"meters"
"7208",2023-10-10 21:14:39,c(-112.052452908925, 38.4832495648234),3032.51,"meters"
"7209",2023-10-10 21:14:40,c(-112.052418944755, 38.4832234152601),3032.07,"meters"
"7210",2023-10-10 21:14:41,c(-112.052376226388, 38.4831946945499),3031.58,"meters"
"7211",2023-10-10 21:14:42,c(-112.052323394085, 38.4831664968814),3031.27,"meters"
"7212",2023-10-10 21:14:43,c(-112.052268013583, 38.4831391642264),3030.75,"meters"
"7213",2023-10-10 21:14:44,c(-112.052211263716, 38.4831108834065),3030.26,"meters"
"7214",2023-10-10 21:14:45,c(-112.052162128761, 38.4830858879461),3029.45,"meters"
"7215",2023-10-10 21:14:46,c(-112.052122109179, 38.4830648318035),3028.93,"meters"
"7216",2023-10-10 21:14:47,c(-112.052085698761, 38.4830445836671),3028.39,"meters"
"7217",2023-10-10 21:14:48,c(-112.052051465509, 38.4830260960882),3027.71,"meters"
"7218",2023-10-10 21:14:49,c(-112.052034398717, 38.4830175620744),3027.36,"meters"
"7219",2023-10-10 21:14:50,c(-112.052030885502, 38.4830162002027),3027.36,"meters"
"7220",2023-10-10 21:14:51,c(-112.052030760467, 38.4830169465612),3027.36,"meters"
"7221",2023-10-10 21:14:52,c(-112.052033243307, 38.4830210050301),3027.62,"meters"
"7222",2023-10-10 21:14:53,c(-112.052033052968, 38.4830194240479),3027.36,"meters"
"7223",2023-10-10 21:14:54,c(-112.052032496705, 38.4830147653578),3027.36,"meters"
"7224",2023-10-10 21:14:55,c(-112.052032788147, 38.4830103575069),3027.08,"meters"
"7225",2023-10-10 21:14:56,c(-112.052033598254, 38.4830078008216),3027.08,"meters"
"7226",2023-10-10 21:14:57,c(-112.052034071253, 38.4830078368587),3027.08,"meters"
"7227",2023-10-10 21:14:58,c(-112.052033740015, 38.4830094547818),3027.08,"meters"
"7228",2023-10-10 21:14:59,c(-112.052033703509, 38.4830110156134),3027.08,"meters"
"7229",2023-10-10 21:15:00,c(-112.052032314082, 38.4830123238753),3027.36,"meters"
"7230",2023-10-10 21:15:01,c(-112.052028651656, 38.4830136909957),3027.36,"meters"
"7231",2023-10-10 21:15:02,c(-112.052027512913, 38.4830148503025),3027.36,"meters"
"7232",2023-10-10 21:15:03,c(-112.05202915625, 38.4830160625492),3027.36,"meters"
"7233",2023-10-10 21:15:04,c(-112.052029896768, 38.4830171826965),3027.36,"meters"
"7234",2023-10-10 21:15:05,c(-112.052024185865, 38.4830238470746),3027.6,"meters"
"7235",2023-10-10 21:15:06,c(-112.052007906875, 38.4830393243122),3028.15,"meters"
"7236",2023-10-10 21:15:07,c(-112.0519884588, 38.4830661980448),3028.49,"meters"
"7237",2023-10-10 21:15:08,c(-112.051972699019, 38.4831011332178),3029.31,"meters"
"7238",2023-10-10 21:15:09,c(-112.051961968905, 38.4831361682427),3030.3,"meters"
"7239",2023-10-10 21:15:10,c(-112.051954775758, 38.4831621118805),3030.9,"meters"
"7240",2023-10-10 21:15:11,c(-112.051949601296, 38.4831813341865),3031.38,"meters"
"7241",2023-10-10 21:15:12,c(-112.051946546821, 38.4831928259786),3031.72,"meters"
"7242",2023-10-10 21:15:13,c(-112.051946956463, 38.4831942057041),3032.08,"meters"
"7243",2023-10-10 21:15:14,c(-112.05194791384, 38.4831921518997),3031.76,"meters"
"7244",2023-10-10 21:15:15,c(-112.05194871002, 38.4831901799711),3031.76,"meters"
"7245",2023-10-10 21:15:16,c(-112.051948053789, 38.4831885120309),3031.76,"meters"
"7246",2023-10-10 21:15:17,c(-112.051948046544, 38.4831883706496),3031.76,"meters"
"7247",2023-10-10 21:15:18,c(-112.051948447568, 38.4831889715605),3031.76,"meters"
"7248",2023-10-10 21:15:19,c(-112.051948088343, 38.4831891046228),3031.76,"meters"
"7249",2023-10-10 21:15:20,c(-112.051945577121, 38.4831886473449),3031.72,"meters"
"7250",2023-10-10 21:15:21,c(-112.051942613386, 38.4831891345951),3031.72,"meters"
"7251",2023-10-10 21:15:22,c(-112.051934633575, 38.4831928718183),3031.72,"meters"
"7252",2023-10-10 21:15:23,c(-112.051905318045, 38.4832076722231),3032.36,"meters"
"7253",2023-10-10 21:15:24,c(-112.051861256518, 38.4832310003485),3032.58,"meters"
"7254",2023-10-10 21:15:25,c(-112.051810704992, 38.4832563692954),3031.4,"meters"
"7255",2023-10-10 21:15:26,c(-112.051760648457, 38.4832807777615),3030.11,"meters"
"7256",2023-10-10 21:15:27,c(-112.051717963132, 38.4833019795832),3029.33,"meters"
"7257",2023-10-10 21:15:28,c(-112.051683197169, 38.4833210528488),3028.95,"meters"
"7258",2023-10-10 21:15:29,c(-112.051664623334, 38.4833316321676),3028.92,"meters"
"7259",2023-10-10 21:15:30,c(-112.051656953784, 38.4833360881546),3028.78,"meters"
"7260",2023-10-10 21:15:31,c(-112.051654119855, 38.4833382209367),3028.78,"meters"
"7261",2023-10-10 21:15:32,c(-112.051652159165, 38.4833396208295),3028.78,"meters"
"7262",2023-10-10 21:15:33,c(-112.051652022196, 38.48333975992),3028.78,"meters"
"7263",2023-10-10 21:15:34,c(-112.051653876447, 38.4833390848543),3028.78,"meters"
"7264",2023-10-10 21:15:35,c(-112.051655618659, 38.4833385641143),3028.78,"meters"
"7265",2023-10-10 21:15:36,c(-112.051656738883, 38.4833389518042),3028.78,"meters"
"7266",2023-10-10 21:15:37,c(-112.051656645362, 38.4833408772674),3028.76,"meters"
"7267",2023-10-10 21:15:38,c(-112.051653858524, 38.4833414316368),3028.76,"meters"
"7268",2023-10-10 21:15:39,c(-112.051652497663, 38.4833383307625),3028.78,"meters"
"7269",2023-10-10 21:15:40,c(-112.051652708997, 38.4833348734482),3028.78,"meters"
"7270",2023-10-10 21:15:41,c(-112.051655288537, 38.4833338430284),3028.78,"meters"
"7271",2023-10-10 21:15:42,c(-112.051656831627, 38.4833345324747),3028.78,"meters"
"7272",2023-10-10 21:15:43,c(-112.051656336693, 38.4833349130159),3028.78,"meters"
"7273",2023-10-10 21:15:44,c(-112.051655287865, 38.4833356981264),3028.78,"meters"
"7274",2023-10-10 21:15:45,c(-112.051653075368, 38.4833361018068),3028.78,"meters"
"7275",2023-10-10 21:15:46,c(-112.051652191376, 38.4833379598542),3028.78,"meters"
"7276",2023-10-10 21:15:47,c(-112.051652504106, 38.483340209635),3028.76,"meters"
"7277",2023-10-10 21:15:48,c(-112.051652538278, 38.4833392343576),3028.78,"meters"
"7278",2023-10-10 21:15:49,c(-112.051650156464, 38.4833314917628),3028.62,"meters"
"7279",2023-10-10 21:15:50,c(-112.051639810614, 38.4833043273547),3028.45,"meters"
"7280",2023-10-10 21:15:51,c(-112.051619908924, 38.4832579433565),3028.05,"meters"
"7281",2023-10-10 21:15:52,c(-112.051590260781, 38.4831918383886),3027.13,"meters"
"7282",2023-10-10 21:15:53,c(-112.051537528636, 38.4831243348125),3026.95,"meters"
"7283",2023-10-10 21:15:54,c(-112.051469122153, 38.4830675187693),3025.26,"meters"
"7284",2023-10-10 21:15:55,c(-112.051383491743, 38.4830174955455),3024.36,"meters"
"7285",2023-10-10 21:15:56,c(-112.051281658323, 38.4829728998838),3023.69,"meters"
"7286",2023-10-10 21:15:57,c(-112.051171857359, 38.4829371006831),3022.77,"meters"
"7287",2023-10-10 21:15:58,c(-112.051069390616, 38.4829078884974),3022.39,"meters"
"7288",2023-10-10 21:15:59,c(-112.050999450432, 38.4828912132697),3022.13,"meters"
"7289",2023-10-10 21:16:00,c(-112.050971741677, 38.4828820779092),3022.05,"meters"
"7290",2023-10-10 21:16:01,c(-112.050962767738, 38.4828754001763),3022.01,"meters"
"7291",2023-10-10 21:16:02,c(-112.050958549314, 38.4828706194744),3022.01,"meters"
"7292",2023-10-10 21:16:03,c(-112.05095563629, 38.4828673993482),3021.97,"meters"
"7293",2023-10-10 21:16:04,c(-112.050954703026, 38.4828662231121),3021.97,"meters"
"7294",2023-10-10 21:16:05,c(-112.050955712755, 38.4828670286592),3021.97,"meters"
"7295",2023-10-10 21:16:06,c(-112.050953193088, 38.482868956197),3022.07,"meters"
"7296",2023-10-10 21:16:07,c(-112.050938068108, 38.482876331501),3022.12,"meters"
"7297",2023-10-10 21:16:08,c(-112.050907731776, 38.4828899281734),3022.28,"meters"
"7298",2023-10-10 21:16:09,c(-112.050864340331, 38.4829073143772),3022.58,"meters"
"7299",2023-10-10 21:16:10,c(-112.05082126511, 38.4829240475463),3022.82,"meters"
"7300",2023-10-10 21:16:11,c(-112.050782209444, 38.4829391454976),3023.14,"meters"
"7301",2023-10-10 21:16:12,c(-112.050745203394, 38.4829534118654),3023.59,"meters"
"7302",2023-10-10 21:16:13,c(-112.050728321008, 38.4829609967375),3023.73,"meters"
"7303",2023-10-10 21:16:14,c(-112.050724843722, 38.4829640340403),3023.79,"meters"
"7304",2023-10-10 21:16:15,c(-112.050725205393, 38.4829661834415),3023.79,"meters"
"7305",2023-10-10 21:16:16,c(-112.050724628248, 38.4829676048703),3023.79,"meters"
"7306",2023-10-10 21:16:17,c(-112.050725895771, 38.4829677156094),3023.79,"meters"
"7307",2023-10-10 21:16:18,c(-112.050727038013, 38.4829670895377),3023.79,"meters"
"7308",2023-10-10 21:16:19,c(-112.05072700118, 38.4829665328469),3023.79,"meters"
"7309",2023-10-10 21:16:20,c(-112.050726602448, 38.4829669316546),3023.79,"meters"
"7310",2023-10-10 21:16:21,c(-112.050726562126, 38.4829677721662),3023.79,"meters"
"7311",2023-10-10 21:16:22,c(-112.050727048921, 38.4829694684224),3023.79,"meters"
"7312",2023-10-10 21:16:23,c(-112.050725891432, 38.4829817714222),3023.9,"meters"
"7313",2023-10-10 21:16:24,c(-112.050722139514, 38.4830078596056),3024.26,"meters"
"7314",2023-10-10 21:16:25,c(-112.050717642674, 38.4830422390743),3024.71,"meters"
"7315",2023-10-10 21:16:26,c(-112.050712885062, 38.4830783713686),3024.85,"meters"
"7316",2023-10-10 21:16:27,c(-112.050708432464, 38.483112881329),3025.07,"meters"
"7317",2023-10-10 21:16:28,c(-112.050706300631, 38.4831420394187),3025.37,"meters"
"7318",2023-10-10 21:16:29,c(-112.050704198228, 38.4831673529047),3025.55,"meters"
"7319",2023-10-10 21:16:30,c(-112.05070255629, 38.4831932748159),3025.88,"meters"
"7320",2023-10-10 21:16:31,c(-112.05070113059, 38.483217481935),3026.18,"meters"
"7321",2023-10-10 21:16:32,c(-112.050699326755, 38.4832403497737),3026.38,"meters"
"7322",2023-10-10 21:16:33,c(-112.05069760322, 38.4832551850989),3026.62,"meters"
"7323",2023-10-10 21:16:34,c(-112.050697673754, 38.4832575918341),3026.62,"meters"
"7324",2023-10-10 21:16:35,c(-112.050697187223, 38.4832568414809),3026.62,"meters"
"7325",2023-10-10 21:16:36,c(-112.050696256877, 38.4832557482668),3026.62,"meters"
"7326",2023-10-10 21:16:37,c(-112.050695343616, 38.4832547984178),3026.62,"meters"
"7327",2023-10-10 21:16:38,c(-112.050694171124, 38.4832544396761),3026.62,"meters"
"7328",2023-10-10 21:16:39,c(-112.050693567651, 38.4832536589499),3026.62,"meters"
"7329",2023-10-10 21:16:40,c(-112.050695577979, 38.4832522213425),3026.62,"meters"
"7330",2023-10-10 21:16:41,c(-112.050699734856, 38.4832509033356),3026.44,"meters"
"7331",2023-10-10 21:16:42,c(-112.050700804166, 38.4832491868509),3026.44,"meters"
"7332",2023-10-10 21:16:43,c(-112.050699298745, 38.4832482884559),3026.38,"meters"
"7333",2023-10-10 21:16:44,c(-112.050698672585, 38.4832499510751),3026.44,"meters"
"7334",2023-10-10 21:16:45,c(-112.050697085828, 38.4832531787641),3026.62,"meters"
"7335",2023-10-10 21:16:46,c(-112.050695234378, 38.4832549729112),3026.62,"meters"
"7336",2023-10-10 21:16:47,c(-112.050693897187, 38.4832545420485),3026.62,"meters"
"7337",2023-10-10 21:16:48,c(-112.050694123225, 38.4832550496356),3026.62,"meters"
"7338",2023-10-10 21:16:49,c(-112.050695816701, 38.4832582119624),3026.62,"meters"
"7339",2023-10-10 21:16:50,c(-112.050695457541, 38.483271458857),3026.78,"meters"
"7340",2023-10-10 21:16:51,c(-112.050687434062, 38.4833032620867),3027.18,"meters"
"7341",2023-10-10 21:16:52,c(-112.050674021269, 38.4833466897817),3027.97,"meters"
"7342",2023-10-10 21:16:53,c(-112.05066073312, 38.4833990877735),3028.71,"meters"
"7343",2023-10-10 21:16:54,c(-112.050646092373, 38.4834430506782),3028.8,"meters"
"7344",2023-10-10 21:16:55,c(-112.050639900525, 38.4834628569222),3028.9,"meters"
"7345",2023-10-10 21:16:56,c(-112.050637721175, 38.4834731041787),3028.92,"meters"
"7346",2023-10-10 21:16:57,c(-112.050635856031, 38.4834797535844),3028.94,"meters"
"7347",2023-10-10 21:16:58,c(-112.05063195272, 38.483485707513),3029,"meters"
"7348",2023-10-10 21:16:59,c(-112.050628916032, 38.4834911145059),3029,"meters"
"7349",2023-10-10 21:17:00,c(-112.050625957225, 38.4834948608922),3029.04,"meters"
"7350",2023-10-10 21:17:01,c(-112.050623404877, 38.4834972071111),3029.04,"meters"
"7351",2023-10-10 21:17:02,c(-112.050621632072, 38.4834979355309),3029.04,"meters"
"7352",2023-10-10 21:17:03,c(-112.050620769788, 38.4834979217205),3029.08,"meters"
"7353",2023-10-10 21:17:04,c(-112.050619941817, 38.4834985978823),3029.08,"meters"
"7354",2023-10-10 21:17:05,c(-112.050618929402, 38.4834981146279),3029.08,"meters"
"7355",2023-10-10 21:17:06,c(-112.050619144796, 38.4834953214187),3029.08,"meters"
"7356",2023-10-10 21:17:07,c(-112.050622202885, 38.4834938512182),3029.04,"meters"
"7357",2023-10-10 21:17:08,c(-112.050624666875, 38.4834957596979),3029.04,"meters"
"7358",2023-10-10 21:17:09,c(-112.05062261606, 38.4835033019687),3029.04,"meters"
"7359",2023-10-10 21:17:10,c(-112.050611802165, 38.4835236965386),3029.1,"meters"
"7360",2023-10-10 21:17:11,c(-112.050594394049, 38.4835545024003),3029.36,"meters"
"7361",2023-10-10 21:17:12,c(-112.050572347796, 38.4835948120528),3029.55,"meters"
"7362",2023-10-10 21:17:13,c(-112.050548531294, 38.4836392670491),3029.78,"meters"
"7363",2023-10-10 21:17:14,c(-112.050526722378, 38.4836799723533),3030,"meters"
"7364",2023-10-10 21:17:15,c(-112.050506402108, 38.4837205463247),3030.25,"meters"
"7365",2023-10-10 21:17:16,c(-112.050486702784, 38.4837602459784),3030.3,"meters"
"7366",2023-10-10 21:17:17,c(-112.050470007795, 38.4837946081297),3030.3,"meters"
"7367",2023-10-10 21:17:18,c(-112.050456853949, 38.4838222497652),3030.28,"meters"
"7368",2023-10-10 21:17:19,c(-112.050446449274, 38.4838465591473),3030.24,"meters"
"7369",2023-10-10 21:17:20,c(-112.050434521001, 38.4838682251519),3030.22,"meters"
"7370",2023-10-10 21:17:21,c(-112.050427566305, 38.4838827093779),3030.16,"meters"
"7371",2023-10-10 21:17:22,c(-112.050426938699, 38.4838858974295),3030.16,"meters"
"7372",2023-10-10 21:17:23,c(-112.050427383603, 38.4838839868905),3030.16,"meters"
"7373",2023-10-10 21:17:24,c(-112.050428198052, 38.4838822905573),3030.22,"meters"
"7374",2023-10-10 21:17:25,c(-112.050427649342, 38.483881404006),3030.22,"meters"
"7375",2023-10-10 21:17:26,c(-112.05042447631, 38.4838802384516),3030.22,"meters"
"7376",2023-10-10 21:17:27,c(-112.050422687816, 38.4838788159799),3030.22,"meters"
"7377",2023-10-10 21:17:28,c(-112.050423663959, 38.4838786006033),3030.22,"meters"
"7378",2023-10-10 21:17:29,c(-112.050425523952, 38.4838804094375),3030.22,"meters"
"7379",2023-10-10 21:17:30,c(-112.050429859315, 38.4838828557424),3030.16,"meters"
"7380",2023-10-10 21:17:31,c(-112.050433674817, 38.4838851332536),3030.1,"meters"
"7381",2023-10-10 21:17:32,c(-112.050433945674, 38.483885434233),3030.1,"meters"
"7382",2023-10-10 21:17:33,c(-112.050432043526, 38.4838837523229),3030.1,"meters"
"7383",2023-10-10 21:17:34,c(-112.050429554712, 38.483882917999),3030.16,"meters"
"7384",2023-10-10 21:17:35,c(-112.050427223032, 38.4838837570358),3030.16,"meters"
"7385",2023-10-10 21:17:36,c(-112.050425509363, 38.4838859674779),3030.16,"meters"
"7386",2023-10-10 21:17:37,c(-112.050425509575, 38.483886189226),3030.16,"meters"
"7387",2023-10-10 21:17:38,c(-112.050424086631, 38.4838863607356),3030.16,"meters"
"7388",2023-10-10 21:17:39,c(-112.050407536188, 38.4838875905193),3030.33,"meters"
"7389",2023-10-10 21:17:40,c(-112.05036810142, 38.4838897890042),3030.63,"meters"
"7390",2023-10-10 21:17:41,c(-112.050308859602, 38.4838946635489),3031.23,"meters"
"7391",2023-10-10 21:17:42,c(-112.050244925483, 38.4839003378274),3031.79,"meters"
"7392",2023-10-10 21:17:43,c(-112.050180248935, 38.4839052819768),3032.3,"meters"
"7393",2023-10-10 21:17:44,c(-112.050112271705, 38.4839097787982),3033.15,"meters"
"7394",2023-10-10 21:17:45,c(-112.050048955169, 38.4839145723239),3033.84,"meters"
"7395",2023-10-10 21:17:46,c(-112.049991378134, 38.4839207427252),3034.56,"meters"
"7396",2023-10-10 21:17:47,c(-112.049937984368, 38.4839272184899),3035.2,"meters"
"7397",2023-10-10 21:17:48,c(-112.049883313303, 38.4839338035919),3035.8,"meters"
"7398",2023-10-10 21:17:49,c(-112.049837259357, 38.4839392872494),3036.36,"meters"
"7399",2023-10-10 21:17:50,c(-112.049806268902, 38.4839434524418),3036.9,"meters"
"7400",2023-10-10 21:17:51,c(-112.049793087603, 38.4839461947539),3037.16,"meters"
"7401",2023-10-10 21:17:52,c(-112.049788627733, 38.4839466804199),3037.34,"meters"
"7402",2023-10-10 21:17:53,c(-112.049786737628, 38.4839466709937),3037.34,"meters"
"7403",2023-10-10 21:17:54,c(-112.049787335497, 38.483946211195),3037.34,"meters"
"7404",2023-10-10 21:17:55,c(-112.049788173513, 38.4839456714731),3037.34,"meters"
"7405",2023-10-10 21:17:56,c(-112.049788753403, 38.4839448193887),3037.34,"meters"
"7406",2023-10-10 21:17:57,c(-112.049787888412, 38.483942999399),3037.34,"meters"
"7407",2023-10-10 21:17:58,c(-112.049788481659, 38.4839413991457),3037.26,"meters"
"7408",2023-10-10 21:17:59,c(-112.049790610827, 38.4839395235612),3037.08,"meters"
"7409",2023-10-10 21:18:00,c(-112.049793896662, 38.4839344504297),3037.08,"meters"
"7410",2023-10-10 21:18:01,c(-112.049794377454, 38.483921976675),3037.02,"meters"
"7411",2023-10-10 21:18:02,c(-112.049788369486, 38.483896845794),3037.23,"meters"
"7412",2023-10-10 21:18:03,c(-112.049771765821, 38.483858952235),3037.39,"meters"
"7413",2023-10-10 21:18:04,c(-112.049730553411, 38.4838229325062),3038.11,"meters"
"7414",2023-10-10 21:18:05,c(-112.049674545492, 38.4837892363237),3038.71,"meters"
"7415",2023-10-10 21:18:06,c(-112.049612877063, 38.4837536608299),3039.62,"meters"
"7416",2023-10-10 21:18:07,c(-112.049545939843, 38.4837192031019),3040.41,"meters"
"7417",2023-10-10 21:18:08,c(-112.049470172073, 38.4836874075337),3041.22,"meters"
"7418",2023-10-10 21:18:09,c(-112.049410116051, 38.483666290921),3041.74,"meters"
"7419",2023-10-10 21:18:10,c(-112.049384652414, 38.4836583759389),3042.02,"meters"
"7420",2023-10-10 21:18:11,c(-112.049374005446, 38.4836535878933),3042,"meters"
"7421",2023-10-10 21:18:12,c(-112.049368705142, 38.4836502892889),3042.12,"meters"
"7422",2023-10-10 21:18:13,c(-112.049364885439, 38.4836487393449),3042.12,"meters"
"7423",2023-10-10 21:18:14,c(-112.049361054956, 38.483650775612),3042.26,"meters"
"7424",2023-10-10 21:18:15,c(-112.049347456464, 38.4836635189983),3042.46,"meters"
"7425",2023-10-10 21:18:16,c(-112.04931802261, 38.4836873082975),3042.88,"meters"
"7426",2023-10-10 21:18:17,c(-112.049276718878, 38.4837161286398),3043.79,"meters"
"7427",2023-10-10 21:18:18,c(-112.049232347925, 38.4837450091562),3043.89,"meters"
"7428",2023-10-10 21:18:19,c(-112.049187350392, 38.4837721010059),3040.75,"meters"
"7429",2023-10-10 21:18:20,c(-112.049142377085, 38.4838001336072),3036.97,"meters"
"7430",2023-10-10 21:18:21,c(-112.04911250974, 38.4838190766244),3035.53,"meters"
"7431",2023-10-10 21:18:22,c(-112.049101221923, 38.4838271102416),3034.89,"meters"
"7432",2023-10-10 21:18:23,c(-112.049096105924, 38.4838304036049),3034.47,"meters"
"7433",2023-10-10 21:18:24,c(-112.049094002128, 38.4838319796551),3034.31,"meters"
"7434",2023-10-10 21:18:25,c(-112.049092698245, 38.4838325826896),3034.31,"meters"
"7435",2023-10-10 21:18:26,c(-112.049090643723, 38.4838326220383),3034.31,"meters"
"7436",2023-10-10 21:18:27,c(-112.049089048842, 38.4838307210861),3034.15,"meters"
"7437",2023-10-10 21:18:28,c(-112.049089614639, 38.48382957235),3034.47,"meters"
"7438",2023-10-10 21:18:29,c(-112.049092374448, 38.4838326327796),3034.31,"meters"
"7439",2023-10-10 21:18:30,c(-112.0490951921, 38.4838350528887),3034.31,"meters"
"7440",2023-10-10 21:18:31,c(-112.049084833118, 38.4838379439365),3033.95,"meters"
"7441",2023-10-10 21:18:32,c(-112.049049496026, 38.4838447030733),3032.61,"meters"
"7442",2023-10-10 21:18:33,c(-112.049001460846, 38.4838543734135),3030.95,"meters"
"7443",2023-10-10 21:18:34,c(-112.04894661476, 38.4838657612007),3029.31,"meters"
"7444",2023-10-10 21:18:35,c(-112.048881535853, 38.4838795448617),3026.8,"meters"
"7445",2023-10-10 21:18:36,c(-112.048812999828, 38.4838936689602),3025.13,"meters"
"7446",2023-10-10 21:18:37,c(-112.048741619546, 38.4839074396878),3023.42,"meters"
"7447",2023-10-10 21:18:38,c(-112.048667242488, 38.4839217497883),3022.3,"meters"
"7448",2023-10-10 21:18:39,c(-112.048593866643, 38.4839360492571),3020.73,"meters"
"7449",2023-10-10 21:18:40,c(-112.048524134447, 38.4839483444636),3018.35,"meters"
"7450",2023-10-10 21:18:41,c(-112.04848635237, 38.4839557982463),3016.99,"meters"
"7451",2023-10-10 21:18:42,c(-112.048472718151, 38.4839598368034),3016.47,"meters"
"7452",2023-10-10 21:18:43,c(-112.048468952224, 38.4839622080282),3015.99,"meters"
"7453",2023-10-10 21:18:44,c(-112.04846946945, 38.4839628868505),3015.99,"meters"
"7454",2023-10-10 21:18:45,c(-112.048471238526, 38.4839630144024),3015.99,"meters"
"7455",2023-10-10 21:18:46,c(-112.048472385374, 38.4839632750342),3016.17,"meters"
"7456",2023-10-10 21:18:47,c(-112.048473359713, 38.483963489327),3016.65,"meters"
"7457",2023-10-10 21:18:48,c(-112.048471312335, 38.483960356886),3015.99,"meters"
"7458",2023-10-10 21:18:49,c(-112.048467677357, 38.4839598536829),3015.99,"meters"
"7459",2023-10-10 21:18:50,c(-112.048465732072, 38.4839627538679),3015.99,"meters"
"7460",2023-10-10 21:18:51,c(-112.048465395953, 38.4839642171133),3016.17,"meters"
"7461",2023-10-10 21:18:52,c(-112.048467158612, 38.4839638118985),3016.17,"meters"
"7462",2023-10-10 21:18:53,c(-112.048469036252, 38.4839634156714),3016.17,"meters"
"7463",2023-10-10 21:18:54,c(-112.048470593881, 38.483963588411),3016.17,"meters"
"7464",2023-10-10 21:18:55,c(-112.048470040826, 38.4839651839512),3016.17,"meters"
"7465",2023-10-10 21:18:56,c(-112.048469315372, 38.4839662183068),3016.17,"meters"
"7466",2023-10-10 21:18:57,c(-112.048469044656, 38.4839660017246),3016.17,"meters"
"7467",2023-10-10 21:18:58,c(-112.048468939619, 38.4839657331889),3016.17,"meters"
"7468",2023-10-10 21:18:59,c(-112.048469356966, 38.4839655474061),3016.17,"meters"
"7469",2023-10-10 21:19:00,c(-112.048469370691, 38.4839654878898),3016.17,"meters"
"7470",2023-10-10 21:19:01,c(-112.04846723144, 38.4839639754314),3016.17,"meters"
"7471",2023-10-10 21:19:02,c(-112.048465351559, 38.4839611495594),3015.99,"meters"
"7472",2023-10-10 21:19:03,c(-112.048463997219, 38.4839594665333),3015.99,"meters"
"7473",2023-10-10 21:19:04,c(-112.048462916103, 38.4839586933898),3015.99,"meters"
"7474",2023-10-10 21:19:05,c(-112.048462755746, 38.4839583558995),3015.99,"meters"
"7475",2023-10-10 21:19:06,c(-112.048462601693, 38.4839581879947),3015.99,"meters"
"7476",2023-10-10 21:19:07,c(-112.048459385884, 38.4839569177663),3015.49,"meters"
"7477",2023-10-10 21:19:08,c(-112.048458155765, 38.4839559862315),3015.49,"meters"
"7478",2023-10-10 21:19:09,c(-112.048458894277, 38.4839568752389),3015.49,"meters"
"7479",2023-10-10 21:19:10,c(-112.048460410061, 38.483958799927),3015.49,"meters"
"7480",2023-10-10 21:19:11,c(-112.048454590744, 38.4839682722201),3015.65,"meters"
"7481",2023-10-10 21:19:12,c(-112.048434312046, 38.4839903582359),3014.81,"meters"
"7482",2023-10-10 21:19:13,c(-112.048395142111, 38.4840190375148),3014.34,"meters"
"7483",2023-10-10 21:19:14,c(-112.048338951012, 38.484047772693),3012.78,"meters"
"7484",2023-10-10 21:19:15,c(-112.048271909695, 38.4840788847855),3011.35,"meters"
"7485",2023-10-10 21:19:16,c(-112.048204682578, 38.4841075082727),3010.48,"meters"
"7486",2023-10-10 21:19:17,c(-112.048142938456, 38.4841340756433),3009.62,"meters"
"7487",2023-10-10 21:19:18,c(-112.048077450974, 38.4841714878353),3008.66,"meters"
"7488",2023-10-10 21:19:19,c(-112.048015522466, 38.4842177729694),3008.03,"meters"
"7489",2023-10-10 21:19:20,c(-112.047953367876, 38.4842561715257),3007.42,"meters"
"7490",2023-10-10 21:19:21,c(-112.047887193552, 38.484285796449),3006.72,"meters"
"7491",2023-10-10 21:19:22,c(-112.047829782956, 38.4843107763663),3005.99,"meters"
"7492",2023-10-10 21:19:23,c(-112.047779809827, 38.4843335836293),3005.09,"meters"
"7493",2023-10-10 21:19:24,c(-112.047732940393, 38.4843551767457),3003.9,"meters"
"7494",2023-10-10 21:19:25,c(-112.047692417849, 38.4843754412134),3002.59,"meters"
"7495",2023-10-10 21:19:26,c(-112.047657549093, 38.4843936436562),3001.49,"meters"
"7496",2023-10-10 21:19:27,c(-112.047624603075, 38.4844099713913),2999.73,"meters"
"7497",2023-10-10 21:19:28,c(-112.0475925159, 38.484425549867),2998.09,"meters"
"7498",2023-10-10 21:19:29,c(-112.047565573865, 38.4844398630997),2997.33,"meters"
"7499",2023-10-10 21:19:30,c(-112.047553718409, 38.4844475852355),2996.95,"meters"
"7500",2023-10-10 21:19:31,c(-112.047550808185, 38.4844500575174),2996.97,"meters"
"7501",2023-10-10 21:19:32,c(-112.047549785722, 38.4844485096163),2996.61,"meters"
"7502",2023-10-10 21:19:33,c(-112.04755071141, 38.4844474190724),2996.61,"meters"
"7503",2023-10-10 21:19:34,c(-112.047545838124, 38.4844519995718),2996.61,"meters"
"7504",2023-10-10 21:19:35,c(-112.047525715021, 38.4844662654518),2995.91,"meters"
"7505",2023-10-10 21:19:36,c(-112.047490563794, 38.484491596584),2994.95,"meters"
"7506",2023-10-10 21:19:37,c(-112.047443320158, 38.4845242883334),2993.54,"meters"
"7507",2023-10-10 21:19:38,c(-112.047383893079, 38.4845654359964),2991.83,"meters"
"7508",2023-10-10 21:19:39,c(-112.047318855765, 38.48461155694),2989.87,"meters"
"7509",2023-10-10 21:19:40,c(-112.04725028935, 38.4846588957203),2987.78,"meters"
"7510",2023-10-10 21:19:41,c(-112.047176993755, 38.4847093305521),2986.75,"meters"
"7511",2023-10-10 21:19:42,c(-112.047102843575, 38.4847633215634),2986.36,"meters"
"7512",2023-10-10 21:19:43,c(-112.047030067138, 38.4848150341867),2986.35,"meters"
"7513",2023-10-10 21:19:44,c(-112.046960904812, 38.4848664607373),2986.91,"meters"
"7514",2023-10-10 21:19:45,c(-112.046888133163, 38.4849204758222),2988.61,"meters"
"7515",2023-10-10 21:19:46,c(-112.046819776795, 38.4849714339916),2990.52,"meters"
"7516",2023-10-10 21:19:47,c(-112.046755203322, 38.4850172869112),2986.97,"meters"
"7517",2023-10-10 21:19:48,c(-112.046687602965, 38.4850650073409),2984.32,"meters"
"7518",2023-10-10 21:19:49,c(-112.046620061009, 38.4851136411208),2981.53,"meters"
"7519",2023-10-10 21:19:50,c(-112.046552207304, 38.4851614489068),2979.76,"meters"
"7520",2023-10-10 21:19:51,c(-112.046478087008, 38.4852133477812),2976.67,"meters"
"7521",2023-10-10 21:19:52,c(-112.04640239708, 38.4852627462552),2973.39,"meters"
"7522",2023-10-10 21:19:53,c(-112.046328871771, 38.4853019272146),2969.86,"meters"
"7523",2023-10-10 21:19:54,c(-112.046255458422, 38.4853415988453),2967,"meters"
"7524",2023-10-10 21:19:55,c(-112.046178504878, 38.4853849043296),2964.75,"meters"
"7525",2023-10-10 21:19:56,c(-112.046107544874, 38.4854335855685),2962.15,"meters"
"7526",2023-10-10 21:19:57,c(-112.046058631053, 38.4854978728144),2961.13,"meters"
"7527",2023-10-10 21:19:58,c(-112.046025802057, 38.4855654423835),2962.03,"meters"
"7528",2023-10-10 21:19:59,c(-112.045974110448, 38.4856143622975),2961.04,"meters"
"7529",2023-10-10 21:20:00,c(-112.045904726446, 38.4856453281248),2958.27,"meters"
"7530",2023-10-10 21:20:01,c(-112.045825223166, 38.4856696025421),2955.26,"meters"
"7531",2023-10-10 21:20:02,c(-112.045755502036, 38.4857053602011),2953.16,"meters"
"7532",2023-10-10 21:20:03,c(-112.04570403772, 38.4857552084192),2952.12,"meters"
"7533",2023-10-10 21:20:04,c(-112.045673786367, 38.4858142429884),2951.72,"meters"
"7534",2023-10-10 21:20:05,c(-112.045660719798, 38.4858616695079),2952.18,"meters"
"7535",2023-10-10 21:20:06,c(-112.045654414065, 38.4858835731763),2952.2,"meters"
"7536",2023-10-10 21:20:07,c(-112.045650587779, 38.4858938386918),2952.32,"meters"
"7537",2023-10-10 21:20:08,c(-112.045649243446, 38.4858987975043),2952.46,"meters"
"7538",2023-10-10 21:20:09,c(-112.04564407543, 38.485902648415),2952.08,"meters"
"7539",2023-10-10 21:20:10,c(-112.045626998598, 38.4859165835517),2951.94,"meters"
"7540",2023-10-10 21:20:11,c(-112.045606011442, 38.4859347912191),2951.58,"meters"
"7541",2023-10-10 21:20:12,c(-112.045596955092, 38.4859426618716),2951.34,"meters"
"7542",2023-10-10 21:20:13,c(-112.045591899595, 38.4859463754457),2951.44,"meters"
"7543",2023-10-10 21:20:14,c(-112.045591216572, 38.485949072311),2951.44,"meters"
"7544",2023-10-10 21:20:15,c(-112.045593148131, 38.4859496113553),2951.44,"meters"
"7545",2023-10-10 21:20:16,c(-112.045594077218, 38.485948758508),2951.44,"meters"
"7546",2023-10-10 21:20:17,c(-112.04559356744, 38.4859482692848),2951.44,"meters"
"7547",2023-10-10 21:20:18,c(-112.045592528742, 38.4859483769316),2951.44,"meters"
"7548",2023-10-10 21:20:19,c(-112.045591379031, 38.485947448054),2951.44,"meters"
"7549",2023-10-10 21:20:20,c(-112.045590731723, 38.4859471246055),2951.44,"meters"
"7550",2023-10-10 21:20:21,c(-112.045590102761, 38.4859466273213),2951.44,"meters"
"7551",2023-10-10 21:20:22,c(-112.045592271423, 38.4859462450142),2951.44,"meters"
"7552",2023-10-10 21:20:23,c(-112.045594573832, 38.485945893397),2951.44,"meters"
"7553",2023-10-10 21:20:24,c(-112.045594603932, 38.4859443207646),2951.34,"meters"
"7554",2023-10-10 21:20:25,c(-112.045586638901, 38.4859407791387),2951.08,"meters"
"7555",2023-10-10 21:20:26,c(-112.04556228102, 38.4859316121235),2950.38,"meters"
"7556",2023-10-10 21:20:27,c(-112.045526909352, 38.4859104875748),2949.22,"meters"
"7557",2023-10-10 21:20:28,c(-112.045483170865, 38.4858826126974),2947.62,"meters"
"7558",2023-10-10 21:20:29,c(-112.045434026476, 38.4858489703317),2945.98,"meters"
"7559",2023-10-10 21:20:30,c(-112.045380706522, 38.4858161492461),2944.46,"meters"
"7560",2023-10-10 21:20:31,c(-112.045316031099, 38.485795464547),2942.34,"meters"
"7561",2023-10-10 21:20:32,c(-112.045243196405, 38.4857878024022),2940.08,"meters"
"7562",2023-10-10 21:20:33,c(-112.045165814733, 38.4857918814038),2938.42,"meters"
"7563",2023-10-10 21:20:34,c(-112.045086952599, 38.4857975517807),2936.7,"meters"
"7564",2023-10-10 21:20:35,c(-112.045001878507, 38.4858071853351),2934.48,"meters"
"7565",2023-10-10 21:20:36,c(-112.04491991705, 38.4858234938466),2932.24,"meters"
"7566",2023-10-10 21:20:37,c(-112.044846896477, 38.4858398797583),2930.67,"meters"
"7567",2023-10-10 21:20:38,c(-112.044766178985, 38.4858549038716),2931.18,"meters"
"7568",2023-10-10 21:20:39,c(-112.044678744146, 38.4858684016792),2930.65,"meters"
"7569",2023-10-10 21:20:40,c(-112.044592988368, 38.4858893512958),2930.5,"meters"
"7570",2023-10-10 21:20:41,c(-112.044511841326, 38.4859210172493),2931.88,"meters"
"7571",2023-10-10 21:20:42,c(-112.044456731943, 38.4859426838534),2932.87,"meters"
"7572",2023-10-10 21:20:43,c(-112.044432887714, 38.4859524337196),2933.33,"meters"
"7573",2023-10-10 21:20:44,c(-112.044421766402, 38.4859565885691),2933.67,"meters"
"7574",2023-10-10 21:20:45,c(-112.04441527694, 38.485959009007),2933.83,"meters"
"7575",2023-10-10 21:20:46,c(-112.044412278624, 38.4859612481559),2933.83,"meters"
"7576",2023-10-10 21:20:47,c(-112.04441354789, 38.4859625193709),2933.83,"meters"
"7577",2023-10-10 21:20:48,c(-112.044412350966, 38.4859634049307),2933.83,"meters"
"7578",2023-10-10 21:20:49,c(-112.044411938584, 38.4859643665674),2934.01,"meters"
"7579",2023-10-10 21:20:50,c(-112.04441362322, 38.4859648725714),2934.01,"meters"
"7580",2023-10-10 21:20:51,c(-112.04441408778, 38.485965547905),2934.01,"meters"
"7581",2023-10-10 21:20:52,c(-112.04441286263, 38.4859658331009),2934.01,"meters"
"7582",2023-10-10 21:20:53,c(-112.044411675572, 38.4859652735603),2934.01,"meters"
"7583",2023-10-10 21:20:54,c(-112.044411228955, 38.4859644596232),2934.01,"meters"
"7584",2023-10-10 21:20:55,c(-112.044410928549, 38.4859642035827),2934.01,"meters"
"7585",2023-10-10 21:20:56,c(-112.044411317886, 38.4859640770969),2934.01,"meters"
"7586",2023-10-10 21:20:57,c(-112.044412431837, 38.4859635890198),2933.83,"meters"
"7587",2023-10-10 21:20:58,c(-112.044412667681, 38.4859615434357),2933.83,"meters"
"7588",2023-10-10 21:20:59,c(-112.044411520958, 38.4859604577844),2933.83,"meters"
"7589",2023-10-10 21:21:00,c(-112.04441187518, 38.4859582723626),2933.83,"meters"
"7590",2023-10-10 21:21:01,c(-112.044414476586, 38.4859554657858),2933.83,"meters"
"7591",2023-10-10 21:21:02,c(-112.044415048658, 38.4859552548786),2933.83,"meters"
"7592",2023-10-10 21:21:03,c(-112.044414377541, 38.4859569430362),2933.83,"meters"
"7593",2023-10-10 21:21:04,c(-112.044414787886, 38.4859598778568),2933.83,"meters"
"7594",2023-10-10 21:21:05,c(-112.044414295893, 38.4859616693733),2933.83,"meters"
"7595",2023-10-10 21:21:06,c(-112.044412735185, 38.4859622716605),2933.83,"meters"
"7596",2023-10-10 21:21:07,c(-112.044410763432, 38.4859613412119),2933.83,"meters"
"7597",2023-10-10 21:21:08,c(-112.044412089277, 38.485961175487),2933.83,"meters"
"7598",2023-10-10 21:21:09,c(-112.044413604278, 38.4859625966334),2933.83,"meters"
"7599",2023-10-10 21:21:10,c(-112.044414641846, 38.4859629644459),2933.83,"meters"
"7600",2023-10-10 21:21:11,c(-112.044413783593, 38.4859629698532),2933.83,"meters"
"7601",2023-10-10 21:21:12,c(-112.044412852266, 38.4859613724497),2933.83,"meters"
"7602",2023-10-10 21:21:13,c(-112.044412333944, 38.4859602630138),2933.83,"meters"
"7603",2023-10-10 21:21:14,c(-112.044412022194, 38.4859603113502),2933.83,"meters"
"7604",2023-10-10 21:21:15,c(-112.044411734113, 38.4859605430083),2933.83,"meters"
"7605",2023-10-10 21:21:16,c(-112.044411219572, 38.4859607876996),2933.83,"meters"
"7606",2023-10-10 21:21:17,c(-112.044411133021, 38.4859615895799),2933.83,"meters"
"7607",2023-10-10 21:21:18,c(-112.044411390837, 38.4859622228978),2933.83,"meters"
"7608",2023-10-10 21:21:19,c(-112.044410657415, 38.4859624913117),2933.83,"meters"
"7609",2023-10-10 21:21:20,c(-112.044410007025, 38.4859628815105),2933.83,"meters"
"7610",2023-10-10 21:21:21,c(-112.044410279981, 38.4859619369226),2933.83,"meters"
"7611",2023-10-10 21:21:22,c(-112.04440987608, 38.4859608127995),2933.83,"meters"
"7612",2023-10-10 21:21:23,c(-112.044410152702, 38.4859607792599),2933.83,"meters"
"7613",2023-10-10 21:21:24,c(-112.044410395242, 38.485960358006),2933.83,"meters"
"7614",2023-10-10 21:21:25,c(-112.044408970242, 38.4859593403473),2933.83,"meters"
"7615",2023-10-10 21:21:26,c(-112.044406168698, 38.4859575605587),2933.97,"meters"
"7616",2023-10-10 21:21:27,c(-112.04440463978, 38.4859565408904),2933.97,"meters"
"7617",2023-10-10 21:21:28,c(-112.044404207995, 38.4859569342677),2933.97,"meters"
"7618",2023-10-10 21:21:29,c(-112.044404612765, 38.4859571467824),2933.97,"meters"
"7619",2023-10-10 21:21:30,c(-112.044405282465, 38.4859576263225),2933.97,"meters"
"7620",2023-10-10 21:21:31,c(-112.044406595426, 38.4859587426635),2933.97,"meters"
"7621",2023-10-10 21:21:32,c(-112.044406782227, 38.4859591173281),2933.97,"meters"
"7622",2023-10-10 21:21:33,c(-112.044406484788, 38.4859587977956),2933.97,"meters"
"7623",2023-10-10 21:21:34,c(-112.044405364986, 38.4859589122977),2933.97,"meters"
"7624",2023-10-10 21:21:35,c(-112.04440484117, 38.4859594476519),2933.97,"meters"
"7625",2023-10-10 21:21:36,c(-112.044405311735, 38.4859596494372),2933.97,"meters"
"7626",2023-10-10 21:21:37,c(-112.044405891119, 38.4859593491157),2933.97,"meters"
"7627",2023-10-10 21:21:38,c(-112.0444060631, 38.4859592218627),2933.97,"meters"
"7628",2023-10-10 21:21:39,c(-112.044406164775, 38.4859594347183),2933.97,"meters"
"7629",2023-10-10 21:21:40,c(-112.044406955633, 38.4859599852712),2933.97,"meters"
"7630",2023-10-10 21:21:41,c(-112.044407606442, 38.4859594512689),2933.97,"meters"
"7631",2023-10-10 21:21:42,c(-112.044407752093, 38.4859593559113),2933.97,"meters"
"7632",2023-10-10 21:21:43,c(-112.044406835192, 38.4859588716105),2933.97,"meters"
"7633",2023-10-10 21:21:44,c(-112.044405852669, 38.4859584447656),2933.97,"meters"
"7634",2023-10-10 21:21:45,c(-112.044402933561, 38.4859580383329),2933.97,"meters"
"7635",2023-10-10 21:21:46,c(-112.044401834593, 38.4859568548032),2933.97,"meters"
"7636",2023-10-10 21:21:47,c(-112.044404535301, 38.4859559878166),2933.97,"meters"
"7637",2023-10-10 21:21:48,c(-112.044407594817, 38.4859543262934),2933.81,"meters"
"7638",2023-10-10 21:21:49,c(-112.044410014867, 38.4859528915458),2933.65,"meters"
"7639",2023-10-10 21:21:50,c(-112.044411620252, 38.4859525757696),2933.65,"meters"
"7640",2023-10-10 21:21:51,c(-112.044412818373, 38.4859547933261),2933.65,"meters"
"7641",2023-10-10 21:21:52,c(-112.044414125873, 38.485955076001),2933.83,"meters"
"7642",2023-10-10 21:21:53,c(-112.044414712959, 38.4859543228956),2933.65,"meters"
"7643",2023-10-10 21:21:54,c(-112.044414185394, 38.48595444138),2933.65,"meters"
"7644",2023-10-10 21:21:55,c(-112.044413989796, 38.4859553849316),2933.83,"meters"
"7645",2023-10-10 21:21:56,c(-112.044414442509, 38.4859562536121),2933.83,"meters"
"7646",2023-10-10 21:21:57,c(-112.044414015935, 38.4859559211758),2933.83,"meters"
"7647",2023-10-10 21:21:58,c(-112.04441289512, 38.485971171479),2934.01,"meters"
"7648",2023-10-10 21:21:59,c(-112.044425556257, 38.4860010358223),2934.75,"meters"
"7649",2023-10-10 21:22:00,c(-112.044459767617, 38.4860243273995),2934.73,"meters"
"7650",2023-10-10 21:22:01,c(-112.044481962041, 38.4860368803707),2934.93,"meters"
"7651",2023-10-10 21:22:02,c(-112.044491488715, 38.4860412799159),2934.81,"meters"
"7652",2023-10-10 21:22:03,c(-112.044495728349, 38.4860435806393),2934.81,"meters"
"7653",2023-10-10 21:22:04,c(-112.044506048987, 38.4860505556606),2934.87,"meters"
"7654",2023-10-10 21:22:05,c(-112.044540911707, 38.4860748959507),2935.42,"meters"
"7655",2023-10-10 21:22:06,c(-112.04459897319, 38.4861146450725),2936.35,"meters"
"7656",2023-10-10 21:22:07,c(-112.044687008315, 38.4861719699443),2938.34,"meters"
"7657",2023-10-10 21:22:08,c(-112.044800832379, 38.486243061196),2940.37,"meters"
"7658",2023-10-10 21:22:09,c(-112.044922226756, 38.4863173577772),2941.71,"meters"
"7659",2023-10-10 21:22:10,c(-112.045051481537, 38.4863958945912),2944.86,"meters"
"7660",2023-10-10 21:22:11,c(-112.045194246319, 38.4864733290244),2948.95,"meters"
"7661",2023-10-10 21:22:12,c(-112.045332178429, 38.4865452164784),2951.2,"meters"
"7662",2023-10-10 21:22:13,c(-112.045467776009, 38.4866136673611),2953.09,"meters"
"7663",2023-10-10 21:22:14,c(-112.045614787911, 38.4866904054246),2955.3,"meters"
"7664",2023-10-10 21:22:15,c(-112.045765828609, 38.4867694342618),2958.67,"meters"
"7665",2023-10-10 21:22:16,c(-112.045919769588, 38.4868496012517),2962.96,"meters"
"7666",2023-10-10 21:22:17,c(-112.046079379392, 38.4869340011906),2965.24,"meters"
"7667",2023-10-10 21:22:18,c(-112.046225588331, 38.4870111365545),2968.38,"meters"
"7668",2023-10-10 21:22:19,c(-112.046361086105, 38.4870729033357),2970.76,"meters"
"7669",2023-10-10 21:22:20,c(-112.046499003356, 38.487135972825),2974.18,"meters"
"7670",2023-10-10 21:22:21,c(-112.046631172706, 38.4871986928892),2977.72,"meters"
"7671",2023-10-10 21:22:22,c(-112.046758540608, 38.4872565679128),2979.78,"meters"
"7672",2023-10-10 21:22:23,c(-112.046883317459, 38.4873090351761),2981.67,"meters"
"7673",2023-10-10 21:22:24,c(-112.047005350186, 38.4873625023783),2984.01,"meters"
"7674",2023-10-10 21:22:25,c(-112.047125186519, 38.4874193832715),2987.34,"meters"
"7675",2023-10-10 21:22:26,c(-112.047248398598, 38.4874784110252),2989.55,"meters"
"7676",2023-10-10 21:22:27,c(-112.047376240704, 38.487538096198),2991.62,"meters"
"7677",2023-10-10 21:22:28,c(-112.047512633923, 38.4876000086723),2994.21,"meters"
"7678",2023-10-10 21:22:29,c(-112.047643402418, 38.4876580508797),2997.44,"meters"
"7679",2023-10-10 21:22:30,c(-112.047768465621, 38.4877111888001),3000.54,"meters"
"7680",2023-10-10 21:22:31,c(-112.047901753962, 38.4877666809805),3005.36,"meters"
"7681",2023-10-10 21:22:32,c(-112.048034851417, 38.4878227188911),3010.31,"meters"
"7682",2023-10-10 21:22:33,c(-112.048166429617, 38.4878774426212),3015.46,"meters"
"7683",2023-10-10 21:22:34,c(-112.04829724707, 38.4879276248108),3020.67,"meters"
"7684",2023-10-10 21:22:35,c(-112.048431249334, 38.4879755998761),3028.9,"meters"
"7685",2023-10-10 21:22:36,c(-112.048553596755, 38.4880206658384),3032.82,"meters"
"7686",2023-10-10 21:22:37,c(-112.048668872714, 38.488062909785),3034.42,"meters"
"7687",2023-10-10 21:22:38,c(-112.048789930836, 38.4881074087732),3034.33,"meters"
"7688",2023-10-10 21:22:39,c(-112.048920233339, 38.4881562808274),3034.48,"meters"
"7689",2023-10-10 21:22:40,c(-112.049055893819, 38.4882026192403),3033.73,"meters"
"7690",2023-10-10 21:22:41,c(-112.049192170807, 38.4882397126732),3032.67,"meters"
"7691",2023-10-10 21:22:42,c(-112.049330966689, 38.4882719552926),3031.48,"meters"
"7692",2023-10-10 21:22:43,c(-112.049474956221, 38.48830356815),3028.74,"meters"
"7693",2023-10-10 21:22:44,c(-112.04963052779, 38.4883370672603),3026.58,"meters"
"7694",2023-10-10 21:22:45,c(-112.049793768314, 38.488370797421),3024.83,"meters"
"7695",2023-10-10 21:22:46,c(-112.049964670651, 38.4884057734773),3023.23,"meters"
"7696",2023-10-10 21:22:47,c(-112.050151383196, 38.4884442255808),3021.52,"meters"
"7697",2023-10-10 21:22:48,c(-112.050332692821, 38.4884822785055),3020.1,"meters"
"7698",2023-10-10 21:22:49,c(-112.050507645244, 38.4885195073143),3018.65,"meters"
"7699",2023-10-10 21:22:50,c(-112.050687618434, 38.4885603750428),3017,"meters"
"7700",2023-10-10 21:22:51,c(-112.050861888958, 38.4886051205358),3015.45,"meters"
"7701",2023-10-10 21:22:52,c(-112.051036656796, 38.4886522458028),3014.49,"meters"
"7702",2023-10-10 21:22:53,c(-112.051219174195, 38.4887005300579),3013.16,"meters"
"7703",2023-10-10 21:22:54,c(-112.051388912434, 38.4887449982004),3012.08,"meters"
"7704",2023-10-10 21:22:55,c(-112.051542617091, 38.4887862892655),3011.54,"meters"
"7705",2023-10-10 21:22:56,c(-112.051692043365, 38.4888258368098),3010.9,"meters"
"7706",2023-10-10 21:22:57,c(-112.051855673189, 38.4888643393976),3010.13,"meters"
"7707",2023-10-10 21:22:58,c(-112.052037435057, 38.48890507519),3009.28,"meters"
"7708",2023-10-10 21:22:59,c(-112.052215074183, 38.4889457312687),3008.59,"meters"
"7709",2023-10-10 21:23:00,c(-112.052402879215, 38.4889938951955),3008.48,"meters"
"7710",2023-10-10 21:23:01,c(-112.052584835329, 38.489043319451),3007.99,"meters"
"7711",2023-10-10 21:23:02,c(-112.05276147417, 38.489090106284),3007.3,"meters"
"7712",2023-10-10 21:23:03,c(-112.052947505607, 38.4891383402198),3006.9,"meters"
"7713",2023-10-10 21:23:04,c(-112.053133133421, 38.4891843192781),3006.56,"meters"
"7714",2023-10-10 21:23:05,c(-112.053318803951, 38.4892290044877),3006.25,"meters"
"7715",2023-10-10 21:23:06,c(-112.053503116984, 38.4892730091513),3006.05,"meters"
"7716",2023-10-10 21:23:07,c(-112.053698372094, 38.4893178010578),3005.88,"meters"
"7717",2023-10-10 21:23:08,c(-112.053883795942, 38.4893622608302),3005.9,"meters"
"7718",2023-10-10 21:23:09,c(-112.054051987028, 38.4894158583904),3005.75,"meters"
"7719",2023-10-10 21:23:10,c(-112.054218309759, 38.4894827569788),3005.58,"meters"
"7720",2023-10-10 21:23:11,c(-112.054391197107, 38.4895545217121),3005.26,"meters"
"7721",2023-10-10 21:23:12,c(-112.054559824538, 38.4896331333275),3004.9,"meters"
"7722",2023-10-10 21:23:13,c(-112.054723768042, 38.4897090877054),3004.08,"meters"
"7723",2023-10-10 21:23:14,c(-112.054880426559, 38.4897816221813),3002.66,"meters"
"7724",2023-10-10 21:23:15,c(-112.055038342812, 38.4898549168141),3001.31,"meters"
"7725",2023-10-10 21:23:16,c(-112.055203903396, 38.4899328846067),3000.38,"meters"
"7726",2023-10-10 21:23:17,c(-112.055365791958, 38.4900111356221),2999.8,"meters"
"7727",2023-10-10 21:23:18,c(-112.055526521755, 38.4900902540625),2999.51,"meters"
"7728",2023-10-10 21:23:19,c(-112.055689631789, 38.490172049938),2999.34,"meters"
"7729",2023-10-10 21:23:20,c(-112.055843296754, 38.4902509277552),2998.36,"meters"
"7730",2023-10-10 21:23:21,c(-112.055989595543, 38.4903277920975),2997.68,"meters"
"7731",2023-10-10 21:23:22,c(-112.056143119526, 38.4904093471976),2998.26,"meters"
"7732",2023-10-10 21:23:23,c(-112.056307615193, 38.4904974681687),2998.02,"meters"
"7733",2023-10-10 21:23:24,c(-112.056471212827, 38.4905870669976),2997.29,"meters"
"7734",2023-10-10 21:23:25,c(-112.056627181789, 38.490673472016),2996.82,"meters"
"7735",2023-10-10 21:23:26,c(-112.05677260773, 38.4907545242359),2997.01,"meters"
"7736",2023-10-10 21:23:27,c(-112.05690966254, 38.4908392300869),2997.1,"meters"
"7737",2023-10-10 21:23:28,c(-112.057026247844, 38.4909403712456),2997.51,"meters"
"7738",2023-10-10 21:23:29,c(-112.057143190061, 38.4910436125726),2998.09,"meters"
"7739",2023-10-10 21:23:30,c(-112.05725931474, 38.4911484337113),2999.01,"meters"
"7740",2023-10-10 21:23:31,c(-112.05738268838, 38.4912620507527),2999.73,"meters"
"7741",2023-10-10 21:23:32,c(-112.057508246481, 38.4913766420505),2999.96,"meters"
"7742",2023-10-10 21:23:33,c(-112.057617769521, 38.4914762110566),2999.53,"meters"
"7743",2023-10-10 21:23:34,c(-112.057734246608, 38.4915814730659),2999.05,"meters"
"7744",2023-10-10 21:23:35,c(-112.057867337365, 38.4916969438704),2998.79,"meters"
"7745",2023-10-10 21:23:36,c(-112.057996371361, 38.4918076569006),2998.37,"meters"
"7746",2023-10-10 21:23:37,c(-112.058132592671, 38.4919246416532),2996.42,"meters"
"7747",2023-10-10 21:23:38,c(-112.058262888733, 38.4920384476942),2993.96,"meters"
"7748",2023-10-10 21:23:39,c(-112.058386734606, 38.4921471127108),2992.44,"meters"
"7749",2023-10-10 21:23:40,c(-112.058514602029, 38.4922592356629),2991.54,"meters"
"7750",2023-10-10 21:23:41,c(-112.058641298043, 38.4923707342421),2993.18,"meters"
"7751",2023-10-10 21:23:42,c(-112.058769442027, 38.4924822762803),2995.32,"meters"
"7752",2023-10-10 21:23:43,c(-112.058898742887, 38.4925930472376),2994.16,"meters"
"7753",2023-10-10 21:23:44,c(-112.059028085692, 38.4927033925384),2991.08,"meters"
"7754",2023-10-10 21:23:45,c(-112.059157340882, 38.4928225284758),2988.65,"meters"
"7755",2023-10-10 21:23:46,c(-112.059279322502, 38.4929360245247),2985.67,"meters"
"7756",2023-10-10 21:23:47,c(-112.059396464678, 38.4930453558141),2981.64,"meters"
"7757",2023-10-10 21:23:48,c(-112.059519591783, 38.4931593527614),2980.02,"meters"
"7758",2023-10-10 21:23:49,c(-112.059641988358, 38.4932711059015),2979.13,"meters"
"7759",2023-10-10 21:23:50,c(-112.059763017106, 38.4933821997042),2978.56,"meters"
"7760",2023-10-10 21:23:51,c(-112.059888894686, 38.4934972804046),2977.81,"meters"
"7761",2023-10-10 21:23:52,c(-112.060003826205, 38.4936021049883),2976.93,"meters"
"7762",2023-10-10 21:23:53,c(-112.060109345588, 38.4937001291486),2976.72,"meters"
"7763",2023-10-10 21:23:54,c(-112.06021950361, 38.4938009088806),2976.28,"meters"
"7764",2023-10-10 21:23:55,c(-112.060340979449, 38.4939079653819),2975.82,"meters"
"7765",2023-10-10 21:23:56,c(-112.060463689924, 38.4940147218732),2975.44,"meters"
"7766",2023-10-10 21:23:57,c(-112.060568838629, 38.4941055380954),2975.17,"meters"
"7767",2023-10-10 21:23:58,c(-112.06066675408, 38.4941908961141),2975.01,"meters"
"7768",2023-10-10 21:23:59,c(-112.060749069344, 38.4942852340318),2974.78,"meters"
"7769",2023-10-10 21:24:00,c(-112.060794008762, 38.4943882265249),2974.51,"meters"
"7770",2023-10-10 21:24:01,c(-112.06082322884, 38.4944936705295),2974.35,"meters"
"7771",2023-10-10 21:24:02,c(-112.060861395261, 38.494598078233),2974.19,"meters"
"7772",2023-10-10 21:24:03,c(-112.060912345699, 38.4947050981758),2974.06,"meters"
"7773",2023-10-10 21:24:04,c(-112.060978961176, 38.4947962328965),2973.87,"meters"
"7774",2023-10-10 21:24:05,c(-112.061048360962, 38.4948873958064),2973.74,"meters"
"7775",2023-10-10 21:24:06,c(-112.061125567855, 38.4949886266782),2973.59,"meters"
"7776",2023-10-10 21:24:07,c(-112.061203345833, 38.4950922671368),2973.53,"meters"
"7777",2023-10-10 21:24:08,c(-112.061285043894, 38.4951986623603),2973.55,"meters"
"7778",2023-10-10 21:24:09,c(-112.0613705139, 38.4953068641162),2973.43,"meters"
"7779",2023-10-10 21:24:10,c(-112.061456905186, 38.4954163629269),2973.31,"meters"
"7780",2023-10-10 21:24:11,c(-112.061540988758, 38.4955239568333),2973.32,"meters"
"7781",2023-10-10 21:24:12,c(-112.061616447208, 38.4956207191625),2973.33,"meters"
"7782",2023-10-10 21:24:13,c(-112.061667137255, 38.4956885327457),2973.42,"meters"
"7783",2023-10-10 21:24:14,c(-112.061684802243, 38.4957193793818),2973.45,"meters"
"7784",2023-10-10 21:24:15,c(-112.061687915661, 38.4957304716856),2973.45,"meters"
"7785",2023-10-10 21:24:16,c(-112.061685786208, 38.4957359401402),2973.47,"meters"
"7786",2023-10-10 21:24:17,c(-112.061682299162, 38.4957380736012),2973.47,"meters"
"7787",2023-10-10 21:24:18,c(-112.061680777008, 38.495738519209),2973.47,"meters"
"7788",2023-10-10 21:24:19,c(-112.061680281315, 38.4957389947333),2973.47,"meters"
"7789",2023-10-10 21:24:20,c(-112.061680351184, 38.495739228606),2973.47,"meters"
"7790",2023-10-10 21:24:21,c(-112.061681313027, 38.4957396930326),2973.47,"meters"
"7791",2023-10-10 21:24:22,c(-112.061682705586, 38.4957403670427),2973.47,"meters"
"7792",2023-10-10 21:24:23,c(-112.061684078532, 38.4957414287411),2973.47,"meters"
"7793",2023-10-10 21:24:24,c(-112.061685582196, 38.4957420349679),2973.47,"meters"
"7794",2023-10-10 21:24:25,c(-112.061686409239, 38.4957415485622),2973.47,"meters"
"7795",2023-10-10 21:24:26,c(-112.061686703202, 38.4957406521189),2973.47,"meters"
"7796",2023-10-10 21:24:27,c(-112.061686588414, 38.4957403795826),2973.47,"meters"
"7797",2023-10-10 21:24:28,c(-112.061687078432, 38.4957405837893),2973.47,"meters"
"7798",2023-10-10 21:24:29,c(-112.061687764744, 38.4957412043829),2973.47,"meters"
"7799",2023-10-10 21:24:30,c(-112.06168772754, 38.495741577005),2973.47,"meters"
"7800",2023-10-10 21:24:31,c(-112.061687110308, 38.495741041797),2973.47,"meters"
"7801",2023-10-10 21:24:32,c(-112.061687205804, 38.4957411016695),2973.47,"meters"
"7802",2023-10-10 21:24:33,c(-112.061687999606, 38.4957418972973),2973.47,"meters"
"7803",2023-10-10 21:24:34,c(-112.061690222586, 38.4957460399852),2973.47,"meters"
"7804",2023-10-10 21:24:35,c(-112.061700404255, 38.495763101939),2973.51,"meters"
"7805",2023-10-10 21:24:36,c(-112.061722822236, 38.4957979953912),2973.54,"meters"
"7806",2023-10-10 21:24:37,c(-112.061756938722, 38.4958501285417),2973.51,"meters"
"7807",2023-10-10 21:24:38,c(-112.06179428288, 38.4959074396811),2973.56,"meters"
"7808",2023-10-10 21:24:39,c(-112.061839923337, 38.4959690112384),2973.64,"meters"
"7809",2023-10-10 21:24:40,c(-112.061893740475, 38.4960292979548),2973.56,"meters"
"7810",2023-10-10 21:24:41,c(-112.061953843059, 38.4960790147904),2973.55,"meters"
"7811",2023-10-10 21:24:42,c(-112.062015820327, 38.4961279611189),2973.63,"meters"
"7812",2023-10-10 21:24:43,c(-112.062078068948, 38.4961819598574),2973.69,"meters"
"7813",2023-10-10 21:24:44,c(-112.062134906768, 38.496238716005),2973.75,"meters"
"7814",2023-10-10 21:24:45,c(-112.062189685234, 38.4962941851955),2973.84,"meters"
"7815",2023-10-10 21:24:46,c(-112.062240930346, 38.4963431300246),2973.78,"meters"
"7816",2023-10-10 21:24:47,c(-112.062290678475, 38.4963893215),2973.83,"meters"
"7817",2023-10-10 21:24:48,c(-112.062333538624, 38.4964307860081),2973.67,"meters"
"7818",2023-10-10 21:24:49,c(-112.062372330999, 38.4964693807744),2973.77,"meters"
"7819",2023-10-10 21:24:50,c(-112.062412695827, 38.4965095364863),2973.9,"meters"
"7820",2023-10-10 21:24:51,c(-112.062456035779, 38.4965512145089),2973.94,"meters"
"7821",2023-10-10 21:24:52,c(-112.062499219039, 38.4965931338),2973.99,"meters"
"7822",2023-10-10 21:24:53,c(-112.062538280193, 38.4966312963441),2974.22,"meters"
"7823",2023-10-10 21:24:54,c(-112.062577981335, 38.4966687782523),2974.59,"meters"
"7824",2023-10-10 21:24:55,c(-112.062619077623, 38.4967072537256),2974.99,"meters"
"7825",2023-10-10 21:24:56,c(-112.062658052707, 38.4967454611155),2975.49,"meters"
"7826",2023-10-10 21:24:57,c(-112.062697366044, 38.4967845821555),2976.15,"meters"
"7827",2023-10-10 21:24:58,c(-112.062734273646, 38.4968207775371),2976.69,"meters"
"7828",2023-10-10 21:24:59,c(-112.062770936928, 38.4968537428705),2977.18,"meters"
"7829",2023-10-10 21:25:00,c(-112.062811675144, 38.4968866524355),2977.88,"meters"
"7830",2023-10-10 21:25:01,c(-112.062853058462, 38.4969210929277),2978.34,"meters"
"7831",2023-10-10 21:25:02,c(-112.062896431302, 38.4969578236317),2978.88,"meters"
"7832",2023-10-10 21:25:03,c(-112.062942030592, 38.496996253961),2979.39,"meters"
"7833",2023-10-10 21:25:04,c(-112.06299126936, 38.4970383743611),2979.74,"meters"
"7834",2023-10-10 21:25:05,c(-112.063040152563, 38.4970800703048),2980.03,"meters"
"7835",2023-10-10 21:25:06,c(-112.063087757028, 38.4971194614619),2980.25,"meters"
"7836",2023-10-10 21:25:07,c(-112.063139863792, 38.497161514707),2980.48,"meters"
"7837",2023-10-10 21:25:08,c(-112.06319632215, 38.4972062710973),2980.72,"meters"
"7838",2023-10-10 21:25:09,c(-112.063253461791, 38.4972502794757),2981.12,"meters"
"7839",2023-10-10 21:25:10,c(-112.063305732688, 38.4972909287398),2981.97,"meters"
"7840",2023-10-10 21:25:11,c(-112.063356283318, 38.4973326084517),2982.67,"meters"
"7841",2023-10-10 21:25:12,c(-112.063408654241, 38.4973770966164),2983.37,"meters"
"7842",2023-10-10 21:25:13,c(-112.063461991959, 38.4974222100651),2984.2,"meters"
"7843",2023-10-10 21:25:14,c(-112.063519400082, 38.4974696898951),2984.86,"meters"
"7844",2023-10-10 21:25:15,c(-112.063575007905, 38.497513682231),2985.5,"meters"
"7845",2023-10-10 21:25:16,c(-112.063626144636, 38.4975547566674),2986.04,"meters"
"7846",2023-10-10 21:25:17,c(-112.063675647456, 38.4975956156276),2986.28,"meters"
"7847",2023-10-10 21:25:18,c(-112.06369536573, 38.4976161550224),2986.46,"meters"
"7848",2023-10-10 21:25:19,c(-112.063700454239, 38.4976244868617),2986.56,"meters"
"7849",2023-10-10 21:25:20,c(-112.063700545967, 38.4976282310091),2986.56,"meters"
"7850",2023-10-10 21:25:21,c(-112.063699375209, 38.4976295477008),2986.56,"meters"
"7851",2023-10-10 21:25:22,c(-112.063698198532, 38.4976315717194),2986.56,"meters"
"7852",2023-10-10 21:25:23,c(-112.063699342866, 38.4976304291892),2986.56,"meters"
"7853",2023-10-10 21:25:24,c(-112.063700543918, 38.4976304494088),2986.56,"meters"
"7854",2023-10-10 21:25:25,c(-112.063698620237, 38.4976325787931),2986.65,"meters"
"7855",2023-10-10 21:25:26,c(-112.06369549734, 38.4976345099986),2986.65,"meters"
"7856",2023-10-10 21:25:27,c(-112.063691851143, 38.4976358809254),2986.71,"meters"
"7857",2023-10-10 21:25:28,c(-112.063688503111, 38.4976353192916),2986.71,"meters"
"7858",2023-10-10 21:25:29,c(-112.06368501815, 38.4976339971615),2986.71,"meters"
"7859",2023-10-10 21:25:30,c(-112.063688431079, 38.4976366971162),2986.71,"meters"
"7860",2023-10-10 21:25:31,c(-112.063701647835, 38.4976430880147),2986.77,"meters"
"7861",2023-10-10 21:25:32,c(-112.063719886008, 38.4976514101579),2986.77,"meters"
"7862",2023-10-10 21:25:33,c(-112.063736649181, 38.4976620712046),2986.84,"meters"
"7863",2023-10-10 21:25:34,c(-112.063753114421, 38.4976724363448),2986.7,"meters"
"7864",2023-10-10 21:25:35,c(-112.063770075926, 38.497682854254),2986.72,"meters"
"7865",2023-10-10 21:25:36,c(-112.063787721472, 38.4976934926934),2986.84,"meters"
"7866",2023-10-10 21:25:37,c(-112.063807376415, 38.4977040338186),2987.04,"meters"
"7867",2023-10-10 21:25:38,c(-112.063827715874, 38.4977137138267),2987.17,"meters"
"7868",2023-10-10 21:25:39,c(-112.063849835062, 38.4977252890337),2987.3,"meters"
"7869",2023-10-10 21:25:40,c(-112.063869417677, 38.4977379675362),2987.5,"meters"
"7870",2023-10-10 21:25:41,c(-112.063884825112, 38.4977536600123),2987.71,"meters"
"7871",2023-10-10 21:25:42,c(-112.063899876065, 38.4977728876001),2987.91,"meters"
"7872",2023-10-10 21:25:43,c(-112.063918667489, 38.4977931176583),2988.22,"meters"
"7873",2023-10-10 21:25:44,c(-112.063941729498, 38.4978142136171),2988.56,"meters"
"7874",2023-10-10 21:25:45,c(-112.06396802013, 38.4978356906952),2988.76,"meters"
"7875",2023-10-10 21:25:46,c(-112.063995237106, 38.4978571217456),2989.1,"meters"
"7876",2023-10-10 21:25:47,c(-112.064022215849, 38.497877802192),2989.37,"meters"
"7877",2023-10-10 21:25:48,c(-112.064052255485, 38.4979008290558),2989.81,"meters"
"7878",2023-10-10 21:25:49,c(-112.064085780773, 38.4979252076182),2990.09,"meters"
"7879",2023-10-10 21:25:50,c(-112.06411545268, 38.497944859756),2990.58,"meters"
"7880",2023-10-10 21:25:51,c(-112.064139881536, 38.4979610660146),2990.86,"meters"
"7881",2023-10-10 21:25:52,c(-112.064159624513, 38.4979782656665),2991.18,"meters"
"7882",2023-10-10 21:25:53,c(-112.064174510201, 38.4979943801752),2991.43,"meters"
"7883",2023-10-10 21:25:54,c(-112.064188012648, 38.498008896532),2991.73,"meters"
"7884",2023-10-10 21:25:55,c(-112.064201967273, 38.498022159984),2991.91,"meters"
"7885",2023-10-10 21:25:56,c(-112.064216029199, 38.4980339251972),2992.25,"meters"
"7886",2023-10-10 21:25:57,c(-112.064231031102, 38.49804519128),2992.43,"meters"
"7887",2023-10-10 21:25:58,c(-112.064247056691, 38.4980565038668),2992.65,"meters"
"7888",2023-10-10 21:25:59,c(-112.064263491633, 38.4980684018459),2993.14,"meters"
"7889",2023-10-10 21:26:00,c(-112.064279307911, 38.4980812462975),2993.38,"meters"
"7890",2023-10-10 21:26:01,c(-112.064294373386, 38.4980946639623),2993.57,"meters"
"7891",2023-10-10 21:26:02,c(-112.064308591311, 38.4981094399697),2993.75,"meters"
"7892",2023-10-10 21:26:03,c(-112.064323035338, 38.4981239806656),2993.97,"meters"
"7893",2023-10-10 21:26:04,c(-112.064335303897, 38.4981352174674),2994.06,"meters"
"7894",2023-10-10 21:26:05,c(-112.064345629851, 38.4981448273209),2994.14,"meters"
"7895",2023-10-10 21:26:06,c(-112.064354600232, 38.498152975613),2994.24,"meters"
"7896",2023-10-10 21:26:07,c(-112.064362764237, 38.4981586772075),2994.32,"meters"
"7897",2023-10-10 21:26:08,c(-112.06437070924, 38.4981649960038),2994.34,"meters"
"7898",2023-10-10 21:26:09,c(-112.064377570545, 38.4981701819137),2994.42,"meters"
"7899",2023-10-10 21:26:10,c(-112.06438302548, 38.4981744440387),2994.42,"meters"
"7900",2023-10-10 21:26:11,c(-112.064385951983, 38.498179599717),2994.46,"meters"
"7901",2023-10-10 21:26:12,c(-112.064389732243, 38.4981847073588),2994.58,"meters"
"7902",2023-10-10 21:26:13,c(-112.06439734801, 38.4981905750144),2994.58,"meters"
"7903",2023-10-10 21:26:14,c(-112.064406770457, 38.4981974533297),2994.7,"meters"
"7904",2023-10-10 21:26:15,c(-112.064415607236, 38.4982028779839),2994.86,"meters"
"7905",2023-10-10 21:26:16,c(-112.064420460407, 38.4982053231038),2994.86,"meters"
"7906",2023-10-10 21:26:17,c(-112.064422171998, 38.4982054631916),2994.86,"meters"
"7907",2023-10-10 21:26:18,c(-112.064422123797, 38.4982054519412),2994.86,"meters"
"7908",2023-10-10 21:26:19,c(-112.064423211408, 38.4982063108574),2994.86,"meters"
"7909",2023-10-10 21:26:20,c(-112.064426203402, 38.4982093710682),2994.94,"meters"
"7910",2023-10-10 21:26:21,c(-112.064427658398, 38.4982120198368),2994.98,"meters"
"7911",2023-10-10 21:26:22,c(-112.064427303966, 38.4982118553058),2994.98,"meters"
"7912",2023-10-10 21:26:23,c(-112.064427341531, 38.4982111870129),2994.98,"meters"
"7913",2023-10-10 21:26:24,c(-112.064426486577, 38.4982114551172),2994.98,"meters"
"7914",2023-10-10 21:26:25,c(-112.064426208585, 38.4982111108828),2994.98,"meters"
"7915",2023-10-10 21:26:26,c(-112.064425958795, 38.4982105717855),2994.94,"meters"
"7916",2023-10-10 21:26:27,c(-112.064424886714, 38.4982122774412),2994.98,"meters"
"7917",2023-10-10 21:26:28,c(-112.064422678786, 38.4982120109318),2994.9,"meters"
"7918",2023-10-10 21:26:29,c(-112.06442144966, 38.4982112747118),2994.9,"meters"
"7919",2023-10-10 21:26:30,c(-112.064421437567, 38.4982112103408),2994.9,"meters"
"7920",2023-10-10 21:26:31,c(-112.064421162634, 38.4982111667348),2994.9,"meters"
"7921",2023-10-10 21:26:32,c(-112.064421017483, 38.4982111936158),2994.9,"meters"
"7922",2023-10-11 00:25:14,c(-112.064438325407, 38.4981874016061),2994.88,"meters"
"7923",2023-10-11 00:25:15,c(-112.064438378585, 38.4981873365106),2994.88,"meters"
"7924",2023-10-11 00:25:16,c(-112.064438296732, 38.4981873537087),2994.88,"meters"
"7925",2023-10-11 00:25:17,c(-112.064438317275, 38.4981872417605),2994.88,"meters"
"7926",2023-10-11 00:25:18,c(-112.06443832762, 38.4981871294958),2994.88,"meters"
"7927",2023-10-11 00:25:19,c(-112.064438191925, 38.4981870167707),2994.88,"meters"
"7928",2023-10-11 00:25:20,c(-112.064439674999, 38.4981873196361),2994.88,"meters"
"7929",2023-10-11 00:25:21,c(-112.064439964249, 38.4981867969479),2994.88,"meters"
"7930",2023-10-11 00:25:22,c(-112.064437142084, 38.4981861876097),2994.88,"meters"
"7931",2023-10-11 00:25:23,c(-112.064415563162, 38.498177291448),2994.66,"meters"
"7932",2023-10-11 00:25:24,c(-112.064354677142, 38.4981475609887),2994.16,"meters"
"7933",2023-10-11 00:25:25,c(-112.064265657309, 38.4981040535586),2993.4,"meters"
"7934",2023-10-11 00:25:26,c(-112.064155034067, 38.4980526276128),2991.95,"meters"
"7935",2023-10-11 00:25:27,c(-112.064030075419, 38.4979950535871),2990.28,"meters"
"7936",2023-10-11 00:25:28,c(-112.063890512815, 38.4979385639529),2989.27,"meters"
"7937",2023-10-11 00:25:29,c(-112.063737259253, 38.4978903954641),2988.97,"meters"
"7938",2023-10-11 00:25:30,c(-112.063573884987, 38.4978446115241),2990.33,"meters"
"7939",2023-10-11 00:25:31,c(-112.063402347509, 38.4978115909325),2989.89,"meters"
"7940",2023-10-11 00:25:32,c(-112.063222555196, 38.4977949364345),2987.54,"meters"
"7941",2023-10-11 00:25:33,c(-112.063037655731, 38.4977767047221),2985.56,"meters"
"7942",2023-10-11 00:25:34,c(-112.062849969297, 38.4977565206712),2981.9,"meters"
"7943",2023-10-11 00:25:35,c(-112.062664416512, 38.4977363449298),2980.3,"meters"
"7944",2023-10-11 00:25:36,c(-112.062486870314, 38.4977188537964),2978.9,"meters"
"7945",2023-10-11 00:25:37,c(-112.062358092245, 38.4977100631681),2978.41,"meters"
"7946",2023-10-11 00:25:38,c(-112.062253051289, 38.4977051297746),2978.35,"meters"
"7947",2023-10-11 00:25:39,c(-112.062140800929, 38.4976978128843),2978.15,"meters"
"7948",2023-10-11 00:25:40,c(-112.062015828075, 38.4976880088906),2977.91,"meters"
"7949",2023-10-11 00:25:41,c(-112.06187441232, 38.4976768995542),2977.69,"meters"
"7950",2023-10-11 00:25:42,c(-112.061719282941, 38.497662176299),2977.86,"meters"
"7951",2023-10-11 00:25:43,c(-112.061579303895, 38.4976297798718),2977.56,"meters"
"7952",2023-10-11 00:25:44,c(-112.061446529116, 38.4975907657333),2977.19,"meters"
"7953",2023-10-11 00:25:45,c(-112.06130789128, 38.4975564768325),2976.9,"meters"
"7954",2023-10-11 00:25:46,c(-112.061152534843, 38.4975196252408),2976.5,"meters"
"7955",2023-10-11 00:25:47,c(-112.060985150655, 38.4974798870464),2976.31,"meters"
"7956",2023-10-11 00:25:48,c(-112.060808697244, 38.4974385986975),2975.93,"meters"
"7957",2023-10-11 00:25:49,c(-112.060633643822, 38.4973969537538),2976.27,"meters"
"7958",2023-10-11 00:25:50,c(-112.060463291836, 38.497357466513),2976.56,"meters"
"7959",2023-10-11 00:25:51,c(-112.060282074375, 38.4973174169819),2976.87,"meters"
"7960",2023-10-11 00:25:52,c(-112.060096728373, 38.4972756208743),2977.47,"meters"
"7961",2023-10-11 00:25:53,c(-112.059911407229, 38.4972332566293),2978.31,"meters"
"7962",2023-10-11 00:25:54,c(-112.059728822119, 38.4971911294216),2979.7,"meters"
"7963",2023-10-11 00:25:55,c(-112.059562291614, 38.4971512959133),2981.67,"meters"
"7964",2023-10-11 00:25:56,c(-112.059395624265, 38.4971132137654),2983.92,"meters"
"7965",2023-10-11 00:25:57,c(-112.059213236185, 38.4970725036596),2985.54,"meters"
"7966",2023-10-11 00:25:58,c(-112.059031488169, 38.4970348274182),2986.35,"meters"
"7967",2023-10-11 00:25:59,c(-112.058864673659, 38.4970101421446),2988.9,"meters"
"7968",2023-10-11 00:26:00,c(-112.05868679826, 38.4969859129325),2990.02,"meters"
"7969",2023-10-11 00:26:01,c(-112.058496952073, 38.496959763033),2991.8,"meters"
"7970",2023-10-11 00:26:02,c(-112.058323723795, 38.4969351940468),2994.31,"meters"
"7971",2023-10-11 00:26:03,c(-112.058148390555, 38.4969105130521),2997.58,"meters"
"7972",2023-10-11 00:26:04,c(-112.057952881942, 38.4968828145674),3001.17,"meters"
"7973",2023-10-11 00:26:05,c(-112.057766746322, 38.4968568072031),3002.91,"meters"
"7974",2023-10-11 00:26:06,c(-112.057581560059, 38.4968309451474),3003.44,"meters"
"7975",2023-10-11 00:26:07,c(-112.05739921869, 38.496807057788),3005.27,"meters"
"7976",2023-10-11 00:26:08,c(-112.05725963631, 38.496795603064),3006.25,"meters"
"7977",2023-10-11 00:26:09,c(-112.057167454397, 38.4967939287217),3007.15,"meters"
"7978",2023-10-11 00:26:10,c(-112.0571164192, 38.4967983375523),3007.69,"meters"
"7979",2023-10-11 00:26:11,c(-112.057093381567, 38.4968035146796),3007.87,"meters"
"7980",2023-10-11 00:26:12,c(-112.057082956857, 38.4968075982578),3008.01,"meters"
"7981",2023-10-11 00:26:13,c(-112.057075224011, 38.4968125820639),3008.01,"meters"
"7982",2023-10-11 00:26:14,c(-112.057068588606, 38.4968180368726),3007.95,"meters"
"7983",2023-10-11 00:26:15,c(-112.057063044063, 38.4968205036726),3008.05,"meters"
"7984",2023-10-11 00:26:16,c(-112.057060063397, 38.4968214171727),3008.05,"meters"
"7985",2023-10-11 00:26:17,c(-112.05705795727, 38.4968224143438),3008.05,"meters"
"7986",2023-10-11 00:26:18,c(-112.057029848305, 38.4968166534094),3008.41,"meters"
"7987",2023-10-11 00:26:19,c(-112.056964422, 38.4968013203772),3009.39,"meters"
"7988",2023-10-11 00:26:20,c(-112.056867042444, 38.4967781449309),3011.1,"meters"
"7989",2023-10-11 00:26:21,c(-112.056744823081, 38.4967483597988),3013.26,"meters"
"7990",2023-10-11 00:26:22,c(-112.056604111075, 38.4967136096787),3015.79,"meters"
"7991",2023-10-11 00:26:23,c(-112.05645096474, 38.4966747599671),3018.54,"meters"
"7992",2023-10-11 00:26:24,c(-112.056288630414, 38.4966329455828),3021.79,"meters"
"7993",2023-10-11 00:26:25,c(-112.056119860202, 38.4965906994865),3024.84,"meters"
"7994",2023-10-11 00:26:26,c(-112.055948228646, 38.4965480978958),3027.52,"meters"
"7995",2023-10-11 00:26:27,c(-112.055773962837, 38.4965046778746),3031.92,"meters"
"7996",2023-10-11 00:26:28,c(-112.055597010957, 38.4964601266342),3035.52,"meters"
"7997",2023-10-11 00:26:29,c(-112.055416552528, 38.4964139380672),3038.76,"meters"
"7998",2023-10-11 00:26:30,c(-112.055244192755, 38.4963695498036),3042.11,"meters"
"7999",2023-10-11 00:26:31,c(-112.055060881035, 38.4963218150218),3046.08,"meters"
"8000",2023-10-11 00:26:32,c(-112.054867025052, 38.496270090616),3050.05,"meters"
"8001",2023-10-11 00:26:33,c(-112.054689480654, 38.4962225369235),3054.4,"meters"
"8002",2023-10-11 00:26:34,c(-112.054502457011, 38.4961730382367),3058.77,"meters"
"8003",2023-10-11 00:26:35,c(-112.054305197414, 38.4961228844979),3061.92,"meters"
"8004",2023-10-11 00:26:36,c(-112.054117847168, 38.4960746598976),3064.98,"meters"
"8005",2023-10-11 00:26:37,c(-112.053940517746, 38.4960285918824),3067.78,"meters"
"8006",2023-10-11 00:26:38,c(-112.053772765038, 38.4959706573636),3069.89,"meters"
"8007",2023-10-11 00:26:39,c(-112.053638357589, 38.4958992262509),3072.05,"meters"
"8008",2023-10-11 00:26:40,c(-112.053553598582, 38.4958317230948),3073.39,"meters"
"8009",2023-10-11 00:26:41,c(-112.053500539696, 38.4957610968899),3074.59,"meters"
"8010",2023-10-11 00:26:42,c(-112.053477155253, 38.495687048592),3075.26,"meters"
"8011",2023-10-11 00:26:43,c(-112.053477595843, 38.4956177255843),3075.15,"meters"
"8012",2023-10-11 00:26:44,c(-112.053492285938, 38.4955478858925),3074.75,"meters"
"8013",2023-10-11 00:26:45,c(-112.053516411212, 38.4954775993906),3074.59,"meters"
"8014",2023-10-11 00:26:46,c(-112.053547985906, 38.4954055725598),3074.37,"meters"
"8015",2023-10-11 00:26:47,c(-112.053584622676, 38.4953319818385),3073.95,"meters"
"8016",2023-10-11 00:26:48,c(-112.053623880605, 38.4952572682827),3073.45,"meters"
"8017",2023-10-11 00:26:49,c(-112.053664355071, 38.4951810807961),3072.86,"meters"
"8018",2023-10-11 00:26:50,c(-112.053708553651, 38.4951021319703),3071.76,"meters"
"8019",2023-10-11 00:26:51,c(-112.053756127135, 38.4950208897692),3070.79,"meters"
"8020",2023-10-11 00:26:52,c(-112.053795646979, 38.4949560319492),3070.17,"meters"
"8021",2023-10-11 00:26:53,c(-112.053855619755, 38.4948611160406),3069.35,"meters"
"8022",2023-10-11 00:26:54,c(-112.053897183522, 38.4947962246902),3068.33,"meters"
"8023",2023-10-11 00:26:55,c(-112.05396273813, 38.4947018614843),3066.55,"meters"
"8024",2023-10-11 00:26:56,c(-112.054028499775, 38.494615830177),3064.48,"meters"
"8025",2023-10-11 00:26:57,c(-112.054090612735, 38.4945384089887),3063.06,"meters"
"8026",2023-10-11 00:26:58,c(-112.054152129296, 38.4944630372742),3061.86,"meters"
"8027",2023-10-11 00:26:59,c(-112.054211759748, 38.4943881346748),3060.52,"meters"
"8028",2023-10-11 00:27:00,c(-112.054267580654, 38.4943129045993),3059.17,"meters"
"8029",2023-10-11 00:27:01,c(-112.054320964846, 38.4942353704348),3057.66,"meters"
"8030",2023-10-11 00:27:02,c(-112.054369621752, 38.49415540575),3056.34,"meters"
"8031",2023-10-11 00:27:03,c(-112.054413102865, 38.4940756642238),3054.97,"meters"
"8032",2023-10-11 00:27:04,c(-112.054442465002, 38.4939889808371),3053.97,"meters"
"8033",2023-10-11 00:27:05,c(-112.054461821259, 38.4938955794051),3053.08,"meters"
"8034",2023-10-11 00:27:06,c(-112.054474224149, 38.4937953134667),3052.18,"meters"
"8035",2023-10-11 00:27:07,c(-112.054478425547, 38.4936931082392),3051.52,"meters"
"8036",2023-10-11 00:27:08,c(-112.054475489358, 38.4935787344301),3051.31,"meters"
"8037",2023-10-11 00:27:09,c(-112.054471214359, 38.4934593399149),3051.15,"meters"
"8038",2023-10-11 00:27:10,c(-112.05447566546, 38.4933444028957),3050.65,"meters"
"8039",2023-10-11 00:27:11,c(-112.054501796654, 38.4932350001741),3048.16,"meters"
"8040",2023-10-11 00:27:12,c(-112.054532966187, 38.4931239924326),3046.13,"meters"
"8041",2023-10-11 00:27:13,c(-112.054563458516, 38.4930166238156),3043.86,"meters"
"8042",2023-10-11 00:27:14,c(-112.05458363756, 38.4929023238535),3041.64,"meters"
"8043",2023-10-11 00:27:15,c(-112.054580876514, 38.4927793955484),3039.74,"meters"
"8044",2023-10-11 00:27:16,c(-112.054548266302, 38.4926617682429),3038.96,"meters"
"8045",2023-10-11 00:27:17,c(-112.054516022437, 38.4925484157178),3036.74,"meters"
"8046",2023-10-11 00:27:18,c(-112.054506630389, 38.4924379867822),3033.92,"meters"
"8047",2023-10-11 00:27:19,c(-112.054526977506, 38.4923237609381),3029.75,"meters"
"8048",2023-10-11 00:27:20,c(-112.054580325867, 38.4922259417441),3025.74,"meters"
"8049",2023-10-11 00:27:21,c(-112.054655510491, 38.4921504972926),3022.52,"meters"
"8050",2023-10-11 00:27:22,c(-112.054754890998, 38.4920802205349),3018.88,"meters"
"8051",2023-10-11 00:27:23,c(-112.054868820659, 38.4920041666263),3014.96,"meters"
"8052",2023-10-11 00:27:24,c(-112.054982616281, 38.4919263472391),3011.39,"meters"
"8053",2023-10-11 00:27:25,c(-112.055094062364, 38.491849628749),3008,"meters"
"8054",2023-10-11 00:27:26,c(-112.055208471338, 38.4917827216978),3005.21,"meters"
"8055",2023-10-11 00:27:27,c(-112.055337308031, 38.4917133226609),3002.26,"meters"
"8056",2023-10-11 00:27:28,c(-112.055468317713, 38.4916419235077),2999.73,"meters"
"8057",2023-10-11 00:27:29,c(-112.055584899553, 38.4915793381125),2997.88,"meters"
"8058",2023-10-11 00:27:30,c(-112.055711138191, 38.4915139477266),2995.82,"meters"
"8059",2023-10-11 00:27:31,c(-112.055844880926, 38.4914443223924),2994.12,"meters"
"8060",2023-10-11 00:27:32,c(-112.055968161516, 38.491378804998),2993.19,"meters"
"8061",2023-10-11 00:27:33,c(-112.056084398159, 38.4913173944854),2992.38,"meters"
"8062",2023-10-11 00:27:34,c(-112.056203140123, 38.4912542059185),2992.25,"meters"
"8063",2023-10-11 00:27:35,c(-112.056321881685, 38.4911871876208),2991.35,"meters"
"8064",2023-10-11 00:27:36,c(-112.056404846017, 38.4911090415531),2991.79,"meters"
"8065",2023-10-11 00:27:37,c(-112.056444391051, 38.4910224712343),2992.81,"meters"
"8066",2023-10-11 00:27:38,c(-112.056438091838, 38.4909303896564),2993.84,"meters"
"8067",2023-10-11 00:27:39,c(-112.056394657937, 38.4908447125505),2994.6,"meters"
"8068",2023-10-11 00:27:40,c(-112.056329653954, 38.4907774036399),2995.27,"meters"
"8069",2023-10-11 00:27:41,c(-112.056246231836, 38.4907212289777),2995.43,"meters"
"8070",2023-10-11 00:27:42,c(-112.056146858825, 38.490661408866),2995.26,"meters"
"8071",2023-10-11 00:27:43,c(-112.056040007332, 38.4905956088892),2995.33,"meters"
"8072",2023-10-11 00:27:44,c(-112.055923635128, 38.4905161545083),2995.93,"meters"
"8073",2023-10-11 00:27:45,c(-112.05582601209, 38.4904210935697),2996.76,"meters"
"8074",2023-10-11 00:27:46,c(-112.055770914655, 38.4903258217876),2997.56,"meters"
"8075",2023-10-11 00:27:47,c(-112.055750948536, 38.4902315030321),2998.8,"meters"
"8076",2023-10-11 00:27:48,c(-112.055761128405, 38.4901424371587),2999.65,"meters"
"8077",2023-10-11 00:27:49,c(-112.055797766772, 38.4900618079028),3000.4,"meters"
"8078",2023-10-11 00:27:50,c(-112.055851127056, 38.4899879407601),3002.07,"meters"
"8079",2023-10-11 00:27:51,c(-112.055924073042, 38.4899167555317),3003.5,"meters"
"8080",2023-10-11 00:27:52,c(-112.056013189829, 38.4898486238374),3004.68,"meters"
"8081",2023-10-11 00:27:53,c(-112.056106027872, 38.4897829498706),3006.66,"meters"
"8082",2023-10-11 00:27:54,c(-112.056208112377, 38.4897206361042),3009.16,"meters"
"8083",2023-10-11 00:27:55,c(-112.056314715778, 38.4896594906868),3013.41,"meters"
"8084",2023-10-11 00:27:56,c(-112.056427114619, 38.4895963975103),3018.29,"meters"
"8085",2023-10-11 00:27:57,c(-112.056544184519, 38.4895398783551),3023.25,"meters"
"8086",2023-10-11 00:27:58,c(-112.05665778097, 38.4894966211927),3027.51,"meters"
"8087",2023-10-11 00:27:59,c(-112.056777369501, 38.4894573956608),3030.4,"meters"
"8088",2023-10-11 00:28:00,c(-112.05690130668, 38.4894167674445),3033.11,"meters"
"8089",2023-10-11 00:28:01,c(-112.057016278075, 38.4893814172821),3034.81,"meters"
"8090",2023-10-11 00:28:02,c(-112.057142310934, 38.4893509422201),3035.78,"meters"
"8091",2023-10-11 00:28:03,c(-112.057275662502, 38.4893201552309),3036.23,"meters"
"8092",2023-10-11 00:28:04,c(-112.057399969151, 38.4892956254952),3037.41,"meters"
"8093",2023-10-11 00:28:05,c(-112.057528949323, 38.4892774320583),3037.86,"meters"
"8094",2023-10-11 00:28:06,c(-112.057674523301, 38.4892592335188),3038.37,"meters"
"8095",2023-10-11 00:28:07,c(-112.057818449832, 38.48924088175),3038.49,"meters"
"8096",2023-10-11 00:28:08,c(-112.057949371989, 38.489221951966),3038.35,"meters"
"8097",2023-10-11 00:28:09,c(-112.058092596492, 38.4892017533768),3038.67,"meters"
"8098",2023-10-11 00:28:10,c(-112.058249550114, 38.4891797077253),3039.01,"meters"
"8099",2023-10-11 00:28:11,c(-112.058391371334, 38.4891615858007),3039.17,"meters"
"8100",2023-10-11 00:28:12,c(-112.058535012341, 38.4891436117351),3039.26,"meters"
"8101",2023-10-11 00:28:13,c(-112.058694265063, 38.4891226562782),3039.04,"meters"
"8102",2023-10-11 00:28:14,c(-112.058855828593, 38.489099914054),3039.22,"meters"
"8103",2023-10-11 00:28:15,c(-112.059012020087, 38.4890778653735),3039.21,"meters"
"8104",2023-10-11 00:28:16,c(-112.059167280118, 38.4890563511335),3039.46,"meters"
"8105",2023-10-11 00:28:17,c(-112.059316401309, 38.4890341077924),3038.88,"meters"
"8106",2023-10-11 00:28:18,c(-112.059462303853, 38.4890113095143),3038.66,"meters"
"8107",2023-10-11 00:28:19,c(-112.059609211914, 38.488989090122),3038.34,"meters"
"8108",2023-10-11 00:28:20,c(-112.059755973134, 38.4889673760149),3038.01,"meters"
"8109",2023-10-11 00:28:21,c(-112.059899309981, 38.4889441709333),3038.17,"meters"
"8110",2023-10-11 00:28:22,c(-112.060040475611, 38.4889203518368),3039.54,"meters"
"8111",2023-10-11 00:28:23,c(-112.060169553984, 38.4888989583524),3040.15,"meters"
"8112",2023-10-11 00:28:24,c(-112.060301838859, 38.4888773182349),3041.58,"meters"
"8113",2023-10-11 00:28:25,c(-112.060442682831, 38.4888567093677),3043.23,"meters"
"8114",2023-10-11 00:28:26,c(-112.060578027776, 38.4888405581094),3045.52,"meters"
"8115",2023-10-11 00:28:27,c(-112.060710008217, 38.4888309496906),3047.58,"meters"
"8116",2023-10-11 00:28:28,c(-112.060841284769, 38.4888208611968),3048.75,"meters"
"8117",2023-10-11 00:28:29,c(-112.06097263131, 38.488807344875),3049.12,"meters"
"8118",2023-10-11 00:28:30,c(-112.061105941513, 38.4887927640565),3049.38,"meters"
"8119",2023-10-11 00:28:31,c(-112.06124210462, 38.4887774113905),3050.29,"meters"
"8120",2023-10-11 00:28:32,c(-112.061383843955, 38.488759385317),3051.54,"meters"
"8121",2023-10-11 00:28:33,c(-112.061530954085, 38.4887389907604),3054.4,"meters"
"8122",2023-10-11 00:28:34,c(-112.061682958003, 38.4887179484305),3059.35,"meters"
"8123",2023-10-11 00:28:35,c(-112.061843147769, 38.488693964925),3064.04,"meters"
"8124",2023-10-11 00:28:36,c(-112.062012293729, 38.4886667971366),3069.25,"meters"
"8125",2023-10-11 00:28:37,c(-112.06218959447, 38.4886384338621),3074.13,"meters"
"8126",2023-10-11 00:28:38,c(-112.062352705011, 38.488609934172),3078.02,"meters"
"8127",2023-10-11 00:28:39,c(-112.062500649442, 38.4885853873745),3081.92,"meters"
"8128",2023-10-11 00:28:40,c(-112.062653499769, 38.4885618548985),3085.31,"meters"
"8129",2023-10-11 00:28:41,c(-112.062807265279, 38.488538368019),3087.85,"meters"
"8130",2023-10-11 00:28:42,c(-112.06295526976, 38.4885149725997),3090.65,"meters"
"8131",2023-10-11 00:28:43,c(-112.063104521598, 38.488491186147),3093.35,"meters"
"8132",2023-10-11 00:28:44,c(-112.063236086175, 38.488469670068),3097.75,"meters"
"8133",2023-10-11 00:28:45,c(-112.06331217755, 38.4884589047049),3100.61,"meters"
"8134",2023-10-11 00:28:46,c(-112.06333821639, 38.4884589693109),3101.29,"meters"
"8135",2023-10-11 00:28:47,c(-112.063342752232, 38.4884627655256),3101.33,"meters"
"8136",2023-10-11 00:28:48,c(-112.063340205361, 38.4884664068667),3101.33,"meters"
"8137",2023-10-11 00:28:49,c(-112.063337615415, 38.4884678872098),3101.05,"meters"
"8138",2023-10-11 00:28:50,c(-112.063336727485, 38.4884675711054),3101.05,"meters"
"8139",2023-10-11 00:28:51,c(-112.063336717979, 38.4884659676747),3101.05,"meters"
"8140",2023-10-11 00:28:52,c(-112.063336870579, 38.4884643952624),3101.05,"meters"
"8141",2023-10-11 00:28:53,c(-112.063338266086, 38.4884640895702),3101.05,"meters"
"8142",2023-10-11 00:28:54,c(-112.063340201092, 38.4884639622277),3101.33,"meters"
"8143",2023-10-11 00:28:55,c(-112.063346399492, 38.4884628198909),3101.33,"meters"
"8144",2023-10-11 00:28:56,c(-112.063368640306, 38.4884598486831),3101.97,"meters"
"8145",2023-10-11 00:28:57,c(-112.063403878808, 38.4884554372483),3102.81,"meters"
"8146",2023-10-11 00:28:58,c(-112.063451072242, 38.488449617153),3104.28,"meters"
"8147",2023-10-11 00:28:59,c(-112.063507961328, 38.4884435327968),3105.86,"meters"
"8148",2023-10-11 00:29:00,c(-112.063568409023, 38.4884384174799),3107.9,"meters"
"8149",2023-10-11 00:29:01,c(-112.063622256178, 38.4884345905381),3110.13,"meters"
"8150",2023-10-11 00:29:02,c(-112.063672771055, 38.488429560393),3112.73,"meters"
"8151",2023-10-11 00:29:03,c(-112.063718296555, 38.4884238232795),3114.86,"meters"
"8152",2023-10-11 00:29:04,c(-112.06375047786, 38.4884168517703),3117.1,"meters"
"8153",2023-10-11 00:29:05,c(-112.063772533106, 38.4884068132081),3118.36,"meters"
"8154",2023-10-11 00:29:06,c(-112.063791456382, 38.4883977447688),3118.61,"meters"
"8155",2023-10-11 00:29:07,c(-112.063809582176, 38.4883900694668),3118.05,"meters"
"8156",2023-10-11 00:29:08,c(-112.063824865732, 38.4883834686457),3117.47,"meters"
"8157",2023-10-11 00:29:09,c(-112.063831459454, 38.4883797969554),3117.47,"meters"
"8158",2023-10-11 00:29:10,c(-112.063832434918, 38.4883792937404),3117.29,"meters"
"8159",2023-10-11 00:29:11,c(-112.063831618336, 38.4883797921204),3117.47,"meters"
"8160",2023-10-11 00:29:12,c(-112.063831899821, 38.4883800936473),3117.29,"meters"
"8161",2023-10-11 00:29:13,c(-112.063832416574, 38.4883799757353),3117.29,"meters"
"8162",2023-10-11 00:29:14,c(-112.063832180745, 38.4883800807138),3117.29,"meters"
"8163",2023-10-11 00:29:15,c(-112.06383125792, 38.4883804276178),3117.47,"meters"
"8164",2023-10-11 00:29:16,c(-112.063830227812, 38.4883798596221),3117.47,"meters"
"8165",2023-10-11 00:29:17,c(-112.063830097761, 38.4883810044757),3117.47,"meters"
"8166",2023-10-11 00:29:18,c(-112.06382977248, 38.4883820369673),3117.47,"meters"
"8167",2023-10-11 00:29:19,c(-112.063830424355, 38.4883833475299),3117.47,"meters"
"8168",2023-10-11 00:29:20,c(-112.063830634469, 38.4883841718792),3117.47,"meters"
"8169",2023-10-11 00:29:21,c(-112.063830934248, 38.4883828365455),3117.47,"meters"
"8170",2023-10-11 00:29:22,c(-112.063831235287, 38.4883812764092),3117.47,"meters"
"8171",2023-10-11 00:29:23,c(-112.063832732924, 38.4883806753281),3117.29,"meters"
"8172",2023-10-11 00:29:24,c(-112.063832131301, 38.4883807499699),3117.29,"meters"
"8173",2023-10-11 00:29:25,c(-112.063830714726, 38.4883815909791),3117.47,"meters"
"8174",2023-10-11 00:29:26,c(-112.063830106937, 38.4883822380096),3117.47,"meters"
"8175",2023-10-11 00:29:27,c(-112.063830058985, 38.4883823448814),3117.47,"meters"
"8176",2023-10-11 00:29:28,c(-112.063830901892, 38.4883814785232),3117.47,"meters"
"8177",2023-10-11 00:29:29,c(-112.063831675011, 38.4883803008034),3117.47,"meters"
"8178",2023-10-11 00:29:30,c(-112.063832080764, 38.4883804619245),3117.29,"meters"
"8179",2023-10-11 00:29:31,c(-112.063829940174, 38.4883804338654),3117.47,"meters"
"8180",2023-10-11 00:29:32,c(-112.063826113726, 38.4883803747875),3117.47,"meters"
"8181",2023-10-11 00:29:33,c(-112.063814477017, 38.4883815914175),3117.73,"meters"
"8182",2023-10-11 00:29:34,c(-112.063790092901, 38.4883869765939),3118.49,"meters"
"8183",2023-10-11 00:29:35,c(-112.063763855326, 38.4884019221819),3118.45,"meters"
"8184",2023-10-11 00:29:36,c(-112.063737282078, 38.4884140992248),3116.4,"meters"
"8185",2023-10-11 00:29:37,c(-112.063714721732, 38.4884230383507),3114.14,"meters"
"8186",2023-10-11 00:29:38,c(-112.06369459693, 38.4884310446604),3112.74,"meters"
"8187",2023-10-11 00:29:39,c(-112.063676937957, 38.4884373185925),3112.31,"meters"
"8188",2023-10-11 00:29:40,c(-112.063660964299, 38.4884423552352),3111.53,"meters"
"8189",2023-10-11 00:29:41,c(-112.063643399646, 38.4884474329171),3110.57,"meters"
"8190",2023-10-11 00:29:42,c(-112.063622773517, 38.4884532590408),3109.29,"meters"
"8191",2023-10-11 00:29:43,c(-112.063600938087, 38.4884592694491),3107.97,"meters"
"8192",2023-10-11 00:29:44,c(-112.063580431214, 38.4884698244702),3106.82,"meters"
"8193",2023-10-11 00:29:45,c(-112.063560694525, 38.4884846417393),3106.21,"meters"
"8194",2023-10-11 00:29:46,c(-112.063540511965, 38.488498592541),3104.91,"meters"
"8195",2023-10-11 00:29:47,c(-112.063517430206, 38.48850713745),3104.05,"meters"
"8196",2023-10-11 00:29:48,c(-112.063494938541, 38.488509286587),3103.47,"meters"
"8197",2023-10-11 00:29:49,c(-112.063476710538, 38.4885027704371),3103.31,"meters"
"8198",2023-10-11 00:29:50,c(-112.063466868907, 38.4884895811508),3103.57,"meters"
"8199",2023-10-11 00:29:51,c(-112.063468380931, 38.4884770522719),3104.12,"meters"
"8200",2023-10-11 00:29:52,c(-112.063477982382, 38.4884674720219),3104.7,"meters"
"8201",2023-10-11 00:29:53,c(-112.063493784002, 38.4884622388181),3104.98,"meters"
"8202",2023-10-11 00:29:54,c(-112.063511255621, 38.4884615445115),3105.32,"meters"
"8203",2023-10-11 00:29:55,c(-112.063527390072, 38.4884625502591),3105.84,"meters"
"8204",2023-10-11 00:29:56,c(-112.063544012882, 38.4884630931392),3106.14,"meters"
"8205",2023-10-11 00:29:57,c(-112.063557185802, 38.4884627225604),3106.48,"meters"
"8206",2023-10-11 00:29:58,c(-112.063562492787, 38.4884611567246),3106.86,"meters"
"8207",2023-10-11 00:29:59,c(-112.063572720899, 38.4884606784026),3107.18,"meters"
"8208",2023-10-11 00:30:00,c(-112.063588586183, 38.4884587816656),3107.92,"meters"
"8209",2023-10-11 00:30:01,c(-112.063606742416, 38.488454162198),3108.83,"meters"
"8210",2023-10-11 00:30:02,c(-112.063626549898, 38.4884492668511),3110.13,"meters"
"8211",2023-10-11 00:30:03,c(-112.063647112107, 38.488444158868),3110.57,"meters"
"8212",2023-10-11 00:30:04,c(-112.063666963223, 38.4884383336701),3111.87,"meters"
"8213",2023-10-11 00:30:05,c(-112.063687825258, 38.4884304224569),3113.2,"meters"
"8214",2023-10-11 00:30:06,c(-112.063712294034, 38.48842229748),3114.14,"meters"
"8215",2023-10-11 00:30:07,c(-112.063736034098, 38.4884163154662),3116.4,"meters"
"8216",2023-10-11 00:30:08,c(-112.063759492757, 38.4884111983856),3118.08,"meters"
"8217",2023-10-11 00:30:09,c(-112.06378438477, 38.4884061309569),3118.53,"meters"
"8218",2023-10-11 00:30:10,c(-112.06380919146, 38.4884015257379),3118.49,"meters"
"8219",2023-10-11 00:30:11,c(-112.063832354336, 38.4883975651136),3118.07,"meters"
"8220",2023-10-11 00:30:12,c(-112.063849296427, 38.4883954763458),3117.93,"meters"
"8221",2023-10-11 00:30:13,c(-112.063853184231, 38.4883954752496),3117.93,"meters"
"8222",2023-10-11 00:30:14,c(-112.06385167552, 38.4883958768471),3117.93,"meters"
"8223",2023-10-11 00:30:15,c(-112.063849961334, 38.4883964378123),3117.93,"meters"
"8224",2023-10-11 00:30:16,c(-112.063850637092, 38.4883967972113),3117.93,"meters"
"8225",2023-10-11 00:30:17,c(-112.063851798577, 38.4883977248096),3117.93,"meters"
"8226",2023-10-11 00:30:18,c(-112.063851168878, 38.4883977035461),3117.93,"meters"
"8227",2023-10-11 00:30:19,c(-112.063850148082, 38.4883967847164),3117.93,"meters"
"8228",2023-10-11 00:30:20,c(-112.063849265652, 38.4883965169115),3117.93,"meters"
"8229",2023-10-11 00:30:21,c(-112.063849365154, 38.4883969391615),3117.93,"meters"
"8230",2023-10-11 00:30:22,c(-112.063848749766, 38.4883968157348),3117.93,"meters"
"8231",2023-10-11 00:30:23,c(-112.063848814918, 38.4883975358483),3117.93,"meters"
"8232",2023-10-11 00:30:24,c(-112.063849371968, 38.488397825209),3117.93,"meters"
"8233",2023-10-11 00:30:25,c(-112.063849491479, 38.488397385359),3117.93,"meters"
"8234",2023-10-11 00:30:26,c(-112.063848394392, 38.4883958029726),3117.93,"meters"
"8235",2023-10-11 00:30:27,c(-112.063848000683, 38.4883953375841),3117.93,"meters"
"8236",2023-10-11 00:30:28,c(-112.063846495716, 38.4883957661447),3117.93,"meters"
"8237",2023-10-11 00:30:29,c(-112.063845714785, 38.488396907597),3117.93,"meters"
"8238",2023-10-11 00:30:30,c(-112.063846125234, 38.4883982386938),3117.93,"meters"
"8239",2023-10-11 00:30:31,c(-112.063846391194, 38.4883990158623),3117.93,"meters"
"8240",2023-10-11 00:30:32,c(-112.063846997208, 38.4883999942083),3117.93,"meters"
"8241",2023-10-11 00:30:33,c(-112.063847369344, 38.4884010395115),3117.93,"meters"
"8242",2023-10-11 00:30:34,c(-112.063846832788, 38.4884014268426),3117.93,"meters"
"8243",2023-10-11 00:30:35,c(-112.063846408863, 38.4884017653368),3117.93,"meters"
"8244",2023-10-11 00:30:36,c(-112.063846120257, 38.4884023929425),3117.93,"meters"
"8245",2023-10-11 00:30:37,c(-112.06384608221, 38.4884029790562),3118.27,"meters"
"8246",2023-10-11 00:30:38,c(-112.063845715415, 38.4884026656929),3118.27,"meters"
"8247",2023-10-11 00:30:39,c(-112.063845420904, 38.4884031034106),3118.27,"meters"
"8248",2023-10-11 00:30:40,c(-112.063845136639, 38.4884037727765),3118.27,"meters"
"8249",2023-10-11 00:30:41,c(-112.063845311428, 38.4884036245156),3118.27,"meters"
"8250",2023-10-11 00:30:42,c(-112.063846547865, 38.4884032727526),3118.27,"meters"
"8251",2023-10-11 00:30:43,c(-112.063847971374, 38.4884015612599),3117.93,"meters"
"8252",2023-10-11 00:30:44,c(-112.063848867017, 38.4884008959395),3117.93,"meters"
"8253",2023-10-11 00:30:45,c(-112.063848288908, 38.488401561469),3117.93,"meters"
"8254",2023-10-11 00:30:46,c(-112.063848155608, 38.4884017924096),3117.93,"meters"
"8255",2023-10-11 00:30:47,c(-112.063847418468, 38.488401991345),3117.93,"meters"
"8256",2023-10-11 00:30:48,c(-112.063847212425, 38.4884019284311),3117.93,"meters"
"8257",2023-10-11 00:30:49,c(-112.063847406879, 38.4884003560554),3117.93,"meters"
"8258",2023-10-11 00:30:50,c(-112.063848198874, 38.4884009962889),3117.93,"meters"
"8259",2023-10-11 00:30:51,c(-112.063849454942, 38.4884030609929),3118.27,"meters"
"8260",2023-10-11 00:30:52,c(-112.063851373583, 38.4884038304294),3118.27,"meters"
"8261",2023-10-11 00:30:53,c(-112.063854333399, 38.4884040625756),3118.27,"meters"
"8262",2023-10-11 00:30:54,c(-112.063854624721, 38.4884036102004),3118.27,"meters"
"8263",2023-10-11 00:30:55,c(-112.063853755545, 38.4884048746487),3118.27,"meters"
"8264",2023-10-11 00:30:56,c(-112.06385216826, 38.4884047851005),3118.27,"meters"
"8265",2023-10-11 00:30:57,c(-112.0638508036, 38.4884032655186),3118.27,"meters"
"8266",2023-10-11 00:30:58,c(-112.063849745405, 38.4884019252525),3117.93,"meters"
"8267",2023-10-11 00:30:59,c(-112.06384889164, 38.4884018195919),3117.93,"meters"
"8268",2023-10-11 00:31:00,c(-112.063847873728, 38.4884034047183),3118.27,"meters"
"8269",2023-10-11 00:31:01,c(-112.063846868913, 38.4884044584979),3118.27,"meters"
"8270",2023-10-11 00:31:02,c(-112.063841552388, 38.4884057445342),3118.47,"meters"
"8271",2023-10-11 00:31:03,c(-112.063838524069, 38.4884061033356),3118.47,"meters"
"8272",2023-10-11 00:31:04,c(-112.063838895315, 38.4884054757298),3118.47,"meters"
"8273",2023-10-11 00:31:05,c(-112.063840381253, 38.4884061653116),3118.47,"meters"
"8274",2023-10-11 00:31:06,c(-112.063839813477, 38.4884088635313),3118.47,"meters"
"8275",2023-10-11 00:31:07,c(-112.063838899264, 38.4884076946003),3118.47,"meters"
"8276",2023-10-11 00:31:08,c(-112.063839373378, 38.4884047696462),3118.47,"meters"
"8277",2023-10-11 00:31:09,c(-112.063841057619, 38.4884017138121),3118.07,"meters"
"8278",2023-10-11 00:31:10,c(-112.063842318084, 38.4884024826612),3118.47,"meters"
"8279",2023-10-11 00:31:11,c(-112.063842146741, 38.4884041473011),3118.47,"meters"
"8280",2023-10-11 00:31:12,c(-112.06383575888, 38.4884071953428),3118.47,"meters"
"8281",2023-10-11 00:31:13,c(-112.063814655982, 38.4884144522789),3118.67,"meters"
"8282",2023-10-11 00:31:14,c(-112.063775248793, 38.4884274492736),3117.6,"meters"
"8283",2023-10-11 00:31:15,c(-112.063723093231, 38.4884437578165),3113.82,"meters"
"8284",2023-10-11 00:31:16,c(-112.063669070707, 38.4884549738313),3111.15,"meters"
"8285",2023-10-11 00:31:17,c(-112.063612357698, 38.4884629337211),3108.43,"meters"
"8286",2023-10-11 00:31:18,c(-112.063562655396, 38.4884675695708),3106.86,"meters"
"8287",2023-10-11 00:31:19,c(-112.063517729395, 38.4884595660193),3105.58,"meters"
"8288",2023-10-11 00:31:20,c(-112.063475204338, 38.488439600672),3105.16,"meters"
"8289",2023-10-11 00:31:21,c(-112.063449037895, 38.4884109272223),3105.2,"meters"
"8290",2023-10-11 00:31:22,c(-112.063433263392, 38.4883789511143),3105.63,"meters"
"8291",2023-10-11 00:31:23,c(-112.063429228616, 38.4883467111838),3105.69,"meters"
"8292",2023-10-11 00:31:24,c(-112.063438500462, 38.4883167504068),3106.46,"meters"
"8293",2023-10-11 00:31:25,c(-112.063460426589, 38.4882929493945),3107.46,"meters"
"8294",2023-10-11 00:31:26,c(-112.06348908268, 38.4882747364419),3108.44,"meters"
"8295",2023-10-11 00:31:27,c(-112.063516900001, 38.4882569045904),3108.83,"meters"
"8296",2023-10-11 00:31:28,c(-112.063542706042, 38.4882394690753),3109,"meters"
"8297",2023-10-11 00:31:29,c(-112.06356422308, 38.4882252982931),3109.22,"meters"
"8298",2023-10-11 00:31:30,c(-112.063570246651, 38.4882211309508),3109.08,"meters"
"8299",2023-10-11 00:31:31,c(-112.063571740758, 38.4882199873184),3109.08,"meters"
"8300",2023-10-11 00:31:32,c(-112.06357209644, 38.4882198564483),3109.08,"meters"
"8301",2023-10-11 00:31:33,c(-112.063571491289, 38.4882209188622),3109.08,"meters"
"8302",2023-10-11 00:31:34,c(-112.063571166698, 38.4882222882835),3109.08,"meters"
"8303",2023-10-11 00:31:35,c(-112.063570918793, 38.4882227948841),3109.08,"meters"
"8304",2023-10-11 00:31:36,c(-112.063571675286, 38.4882227734013),3109.08,"meters"
"8305",2023-10-11 00:31:37,c(-112.063571249416, 38.4882219238427),3109.08,"meters"
"8306",2023-10-11 00:31:38,c(-112.06357002985, 38.4882216572801),3109.08,"meters"
"8307",2023-10-11 00:31:39,c(-112.063569070181, 38.4882224086314),3109.08,"meters"
"8308",2023-10-11 00:31:40,c(-112.063568091274, 38.4882222431259),3109.08,"meters"
"8309",2023-10-11 00:31:41,c(-112.063566577448, 38.488221880877),3109.08,"meters"
"8310",2023-10-11 00:31:42,c(-112.063565679278, 38.4882224513778),3108.94,"meters"
"8311",2023-10-11 00:31:43,c(-112.063565783876, 38.4882235144494),3108.94,"meters"
"8312",2023-10-11 00:31:44,c(-112.063566720857, 38.4882236324955),3109.08,"meters"
"8313",2023-10-11 00:31:45,c(-112.063567976239, 38.4882231603115),3109.08,"meters"
"8314",2023-10-11 00:31:46,c(-112.063569817971, 38.4882233029095),3109.08,"meters"
"8315",2023-10-11 00:31:47,c(-112.063571517117, 38.4882225353363),3109.08,"meters"
"8316",2023-10-11 00:31:48,c(-112.063572247308, 38.4882220308184),3109.08,"meters"
"8317",2023-10-11 00:31:49,c(-112.063572084537, 38.488221960232),3109.08,"meters"
"8318",2023-10-11 00:31:50,c(-112.063570882163, 38.4882222445506),3109.08,"meters"
"8319",2023-10-11 00:31:51,c(-112.0635700269, 38.4882232346245),3109.08,"meters"
"8320",2023-10-11 00:31:52,c(-112.063569359163, 38.4882237398001),3109.08,"meters"
"8321",2023-10-11 00:31:53,c(-112.063568450914, 38.4882229209679),3109.08,"meters"
"8322",2023-10-11 00:31:54,c(-112.063567616478, 38.4882226273558),3109.08,"meters"
"8323",2023-10-11 00:31:55,c(-112.063567473376, 38.4882214516588),3109.08,"meters"
"8324",2023-10-11 00:31:56,c(-112.063567873111, 38.4882207189404),3109.08,"meters"
"8325",2023-10-11 00:31:57,c(-112.063567312528, 38.4882212869812),3109.08,"meters"
"8326",2023-10-11 00:31:58,c(-112.063566385351, 38.4882220402645),3109.08,"meters"
"8327",2023-10-11 00:31:59,c(-112.063565895163, 38.4882225741369),3109.08,"meters"
"8328",2023-10-11 00:32:00,c(-112.06356591793, 38.4882233466422),3109.08,"meters"
"8329",2023-10-11 00:32:01,c(-112.063565763228, 38.4882233680156),3108.94,"meters"
"8330",2023-10-11 00:32:02,c(-112.063563900603, 38.4882221982969),3108.94,"meters"
"8331",2023-10-11 00:32:03,c(-112.06356358128, 38.4882226479018),3108.94,"meters"
"8332",2023-10-11 00:32:04,c(-112.063565568505, 38.4882242288633),3108.94,"meters"
"8333",2023-10-11 00:32:05,c(-112.063567213636, 38.4882254500726),3109.38,"meters"
"8334",2023-10-11 00:32:06,c(-112.063569182853, 38.4882271797044),3109.38,"meters"
"8335",2023-10-11 00:32:07,c(-112.063571509537, 38.4882287823481),3109.38,"meters"
"8336",2023-10-11 00:32:08,c(-112.063572996552, 38.4882307414513),3109.38,"meters"
"8337",2023-10-11 00:32:09,c(-112.063573541668, 38.4882314639277),3109.38,"meters"
"8338",2023-10-11 00:32:10,c(-112.063572962829, 38.4882302205825),3109.38,"meters"
"8339",2023-10-11 00:32:11,c(-112.063570498999, 38.4882292414891),3109.38,"meters"
"8340",2023-10-11 00:32:12,c(-112.063568802301, 38.4882292513536),3109.38,"meters"
"8341",2023-10-11 00:32:13,c(-112.063570273167, 38.4882301501254),3109.38,"meters"
"8342",2023-10-11 00:32:14,c(-112.06357066892, 38.4882304700419),3109.38,"meters"
"8343",2023-10-11 00:32:15,c(-112.06357183727, 38.488231825129),3109.38,"meters"
"8344",2023-10-11 00:32:16,c(-112.063571738648, 38.488231236932),3109.38,"meters"
"8345",2023-10-11 00:32:17,c(-112.063572099985, 38.488228603471),3109.38,"meters"
"8346",2023-10-11 00:32:18,c(-112.063572512696, 38.4882263391019),3109.38,"meters"
"8347",2023-10-11 00:32:19,c(-112.063571840931, 38.4882246350446),3109.08,"meters"
"8348",2023-10-11 00:32:20,c(-112.063572828799, 38.4882244680244),3109.08,"meters"
"8349",2023-10-11 00:32:21,c(-112.063573667694, 38.4882244877536),3109.08,"meters"
"8350",2023-10-11 00:32:22,c(-112.063574010088, 38.4882247317372),3109.38,"meters"
"8351",2023-10-11 00:32:23,c(-112.063574338311, 38.4882252642047),3109.38,"meters"
"8352",2023-10-11 00:32:24,c(-112.063573836735, 38.488225585132),3109.38,"meters"
"8353",2023-10-11 00:32:25,c(-112.063573052459, 38.4882253058552),3109.38,"meters"
"8354",2023-10-11 00:32:26,c(-112.063572197757, 38.4882237405675),3109.08,"meters"
"8355",2023-10-11 00:32:27,c(-112.063572339863, 38.4882228074888),3109.08,"meters"
"8356",2023-10-11 00:32:28,c(-112.063572367505, 38.4882226714673),3109.08,"meters"
"8357",2023-10-11 00:32:29,c(-112.06357256865, 38.4882228358768),3109.08,"meters"
"8358",2023-10-11 00:32:30,c(-112.063573297351, 38.4882229328784),3109.08,"meters"
"8359",2023-10-11 00:32:31,c(-112.063574227767, 38.4882228013508),3109.08,"meters"
"8360",2023-10-11 00:32:32,c(-112.063574266362, 38.4882226409968),3109.08,"meters"
"8361",2023-10-11 00:32:33,c(-112.063572291626, 38.4882222734868),3109.08,"meters"
"8362",2023-10-11 00:32:34,c(-112.063571573926, 38.4882221765948),3109.08,"meters"
"8363",2023-10-11 00:32:35,c(-112.063570754639, 38.4882224074257),3109.08,"meters"
"8364",2023-10-11 00:32:36,c(-112.063568625299, 38.4882230565142),3109.08,"meters"
"8365",2023-10-11 00:32:37,c(-112.063566814375, 38.4882239689869),3109.08,"meters"
"8366",2023-10-11 00:32:38,c(-112.063567097659, 38.4882243751879),3109.08,"meters"
"8367",2023-10-11 00:32:39,c(-112.06356716037, 38.4882231496799),3109.08,"meters"
"8368",2023-10-11 00:32:40,c(-112.063568493382, 38.4882231910309),3109.08,"meters"
"8369",2023-10-11 00:32:41,c(-112.063569626736, 38.4882255483042),3109.38,"meters"
"8370",2023-10-11 00:32:42,c(-112.063568933021, 38.4882268504272),3109.38,"meters"
"8371",2023-10-11 00:32:43,c(-112.063569781563, 38.4882271369139),3109.38,"meters"
"8372",2023-10-11 00:32:44,c(-112.06357104517, 38.4882262242466),3109.38,"meters"
"8373",2023-10-11 00:32:45,c(-112.063570790969, 38.4882245241431),3109.08,"meters"
"8374",2023-10-11 00:32:46,c(-112.063571364587, 38.4882233911425),3109.08,"meters"
"8375",2023-10-11 00:32:47,c(-112.063571812556, 38.4882225937322),3109.08,"meters"
"8376",2023-10-11 00:32:48,c(-112.063572894116, 38.4882217923152),3109.08,"meters"
"8377",2023-10-11 00:32:49,c(-112.063573694957, 38.4882222978392),3109.08,"meters"
"8378",2023-10-11 00:32:50,c(-112.063574854478, 38.4882239328167),3109.08,"meters"
"8379",2023-10-11 00:32:51,c(-112.063574708408, 38.4882245939621),3109.08,"meters"
"8380",2023-10-11 00:32:52,c(-112.063573761353, 38.4882240936093),3109.08,"meters"
"8381",2023-10-11 00:32:53,c(-112.063573482759, 38.4882235106499),3109.08,"meters"
"8382",2023-10-11 00:32:54,c(-112.063574222886, 38.4882230706635),3109.08,"meters"
"8383",2023-10-11 00:32:55,c(-112.063575536701, 38.4882226271865),3109.08,"meters"
"8384",2023-10-11 00:32:56,c(-112.06357647232, 38.4882228645813),3109.08,"meters"
"8385",2023-10-11 00:32:57,c(-112.063578014055, 38.4882240275266),3109.22,"meters"
"8386",2023-10-11 00:32:58,c(-112.063578365204, 38.4882237253322),3109.22,"meters"
"8387",2023-10-11 00:32:59,c(-112.063577620501, 38.4882228659089),3109.22,"meters"
"8388",2023-10-11 00:33:00,c(-112.063579016072, 38.4882236053131),3109.22,"meters"
"8389",2023-10-11 00:33:01,c(-112.063578961772, 38.4882243827506),3109.22,"meters"
"8390",2023-10-11 00:33:02,c(-112.063578146673, 38.4882251347497),3109.52,"meters"
"8391",2023-10-11 00:33:03,c(-112.063577719131, 38.4882252617934),3109.52,"meters"
"8392",2023-10-11 00:33:04,c(-112.063577263025, 38.4882250845966),3109.38,"meters"
"8393",2023-10-11 00:33:05,c(-112.063575988711, 38.4882242754462),3109.08,"meters"
"8394",2023-10-11 00:33:06,c(-112.063575759424, 38.488224003214),3109.08,"meters"
"8395",2023-10-11 00:33:07,c(-112.063577397051, 38.4882240262014),3109.22,"meters"
"8396",2023-10-11 00:33:08,c(-112.063579098272, 38.4882242638278),3109.22,"meters"
"8397",2023-10-11 00:33:09,c(-112.063578968141, 38.4882237034109),3109.22,"meters"
"8398",2023-10-11 00:33:10,c(-112.063579252982, 38.4882227604678),3109.22,"meters"
"8399",2023-10-11 00:33:11,c(-112.063582215875, 38.4882182773508),3109.22,"meters"
"8400",2023-10-11 00:33:12,c(-112.063590491687, 38.48820958568),3109.05,"meters"
"8401",2023-10-11 00:33:13,c(-112.063602335088, 38.4881979577655),3108.91,"meters"
"8402",2023-10-11 00:33:14,c(-112.063618650167, 38.4881835283932),3108.67,"meters"
"8403",2023-10-11 00:33:15,c(-112.063638283422, 38.4881674919231),3108.53,"meters"
"8404",2023-10-11 00:33:16,c(-112.063655720884, 38.4881535836485),3108.47,"meters"
"8405",2023-10-11 00:33:17,c(-112.063665455773, 38.4881475545695),3108.37,"meters"
"8406",2023-10-11 00:33:18,c(-112.063669280122, 38.4881468177492),3108.39,"meters"
"8407",2023-10-11 00:33:19,c(-112.063669432666, 38.4881470585642),3108.39,"meters"
"8408",2023-10-11 00:33:20,c(-112.06366809511, 38.4881475252679),3108.39,"meters"
"8409",2023-10-11 00:33:21,c(-112.06366645604, 38.4881473550859),3108.37,"meters"
"8410",2023-10-11 00:33:22,c(-112.063663801747, 38.4881474551597),3108.37,"meters"
"8411",2023-10-11 00:33:23,c(-112.063661858635, 38.4881473416774),3108.37,"meters"
"8412",2023-10-11 00:33:24,c(-112.063663316159, 38.4881473507747),3108.37,"meters"
"8413",2023-10-11 00:33:25,c(-112.063665370481, 38.488147211867),3108.37,"meters"
"8414",2023-10-11 00:33:26,c(-112.063666243922, 38.4881471733719),3108.37,"meters"
"8415",2023-10-11 00:33:27,c(-112.063666473068, 38.4881474298008),3108.37,"meters"
"8416",2023-10-11 00:33:28,c(-112.063667119071, 38.4881474934821),3108.37,"meters"
"8417",2023-10-11 00:33:29,c(-112.063668671619, 38.4881476752093),3108.39,"meters"
"8418",2023-10-11 00:33:30,c(-112.06367092732, 38.4881488784675),3108.39,"meters"
"8419",2023-10-11 00:33:31,c(-112.063671549997, 38.4881488300216),3108.39,"meters"
"8420",2023-10-11 00:33:32,c(-112.063670400606, 38.4881479575554),3108.39,"meters"
"8421",2023-10-11 00:33:33,c(-112.063670684738, 38.4881474084276),3108.39,"meters"
"8422",2023-10-11 00:33:34,c(-112.063671764805, 38.4881469142128),3108.39,"meters"
"8423",2023-10-11 00:33:35,c(-112.063671921328, 38.4881477932552),3108.39,"meters"
"8424",2023-10-11 00:33:36,c(-112.06367155075, 38.4881486342645),3108.39,"meters"
"8425",2023-10-11 00:33:37,c(-112.063671663927, 38.4881498291926),3108.39,"meters"
"8426",2023-10-11 00:33:38,c(-112.063670870077, 38.488150516205),3108.39,"meters"
"8427",2023-10-11 00:33:39,c(-112.063669887085, 38.4881510511325),3108.39,"meters"
"8428",2023-10-11 00:33:40,c(-112.063670907573, 38.4881517034009),3108.55,"meters"
"8429",2023-10-11 00:33:41,c(-112.063670716408, 38.488151179981),3108.39,"meters"
"8430",2023-10-11 00:33:42,c(-112.063670181963, 38.4881498957238),3108.39,"meters"
"8431",2023-10-11 00:33:43,c(-112.063670128504, 38.4881490612909),3108.39,"meters"
"8432",2023-10-11 00:33:44,c(-112.063670990071, 38.4881495060731),3108.39,"meters"
"8433",2023-10-11 00:33:45,c(-112.063671492946, 38.4881496218176),3108.39,"meters"
"8434",2023-10-11 00:33:46,c(-112.063669330995, 38.4881480124582),3108.39,"meters"
"8435",2023-10-11 00:33:47,c(-112.063669034287, 38.4881472527867),3108.39,"meters"
"8436",2023-10-11 00:33:48,c(-112.063668807551, 38.4881472255068),3108.39,"meters"
"8437",2023-10-11 00:33:49,c(-112.063667760296, 38.4881478706374),3108.37,"meters"
"8438",2023-10-11 00:33:50,c(-112.063667021975, 38.4881487180237),3108.37,"meters"
"8439",2023-10-11 00:33:51,c(-112.063667984539, 38.4881496023076),3108.37,"meters"
"8440",2023-10-11 00:33:52,c(-112.063668647104, 38.4881498946277),3108.39,"meters"
"8441",2023-10-11 00:33:53,c(-112.063668136122, 38.4881493627083),3108.39,"meters"
"8442",2023-10-11 00:33:54,c(-112.063668707058, 38.4881484387271),3108.39,"meters"
"8443",2023-10-11 00:33:55,c(-112.063670312356, 38.4881478368787),3108.39,"meters"
"8444",2023-10-11 00:33:56,c(-112.063670555351, 38.488147553656),3108.39,"meters"
"8445",2023-10-11 00:33:57,c(-112.063670410247, 38.4881476604003),3108.39,"meters"
"8446",2023-10-11 00:33:58,c(-112.063669533008, 38.4881475651647),3108.39,"meters"
"8447",2023-10-11 00:33:59,c(-112.063667797514, 38.4881474220188),3108.37,"meters"
"8448",2023-10-11 00:34:00,c(-112.063666409173, 38.4881476961442),3108.37,"meters"
"8449",2023-10-11 00:34:01,c(-112.063665305462, 38.4881477728686),3108.37,"meters"
"8450",2023-10-11 00:34:02,c(-112.063665457713, 38.4881476142683),3108.37,"meters"
"8451",2023-10-11 00:34:03,c(-112.0636650878, 38.4881476734557),3108.37,"meters"
"8452",2023-10-11 00:34:04,c(-112.063666282898, 38.4881484283142),3108.37,"meters"
"8453",2023-10-11 00:34:05,c(-112.063667673893, 38.4881494303352),3108.37,"meters"
"8454",2023-10-11 00:34:06,c(-112.063668306469, 38.4881491822963),3108.39,"meters"
"8455",2023-10-11 00:34:07,c(-112.063668785875, 38.4881492321671),3108.39,"meters"
"8456",2023-10-11 00:34:08,c(-112.063668878044, 38.4881489388606),3108.39,"meters"
"8457",2023-10-11 00:34:09,c(-112.063668598113, 38.4881488214722),3108.39,"meters"
"8458",2023-10-11 00:34:10,c(-112.06366762584, 38.4881485766117),3108.37,"meters"
"8459",2023-10-11 00:34:11,c(-112.063666886013, 38.4881490240247),3108.37,"meters"
"8460",2023-10-11 00:34:12,c(-112.063666822131, 38.4881490254861),3108.37,"meters"
"8461",2023-10-11 00:34:13,c(-112.063666008116, 38.4881487448275),3108.37,"meters"
"8462",2023-10-11 00:34:14,c(-112.063665396766, 38.4881487562565),3108.37,"meters"
"8463",2023-10-11 00:34:15,c(-112.063664910892, 38.4881488808788),3108.37,"meters"
"8464",2023-10-11 00:34:16,c(-112.063663877444, 38.4881493618557),3108.37,"meters"
"8465",2023-10-11 00:34:17,c(-112.06366347888, 38.48814919238),3108.37,"meters"
"8466",2023-10-11 00:34:18,c(-112.063664151008, 38.4881482806947),3108.37,"meters"
"8467",2023-10-11 00:34:19,c(-112.063665081365, 38.4881469130071),3108.37,"meters"
"8468",2023-10-11 00:34:20,c(-112.063666922332, 38.4881469338322),3108.37,"meters"
"8469",2023-10-11 00:34:21,c(-112.06366752721, 38.4881474688482),3108.37,"meters"
"8470",2023-10-11 00:34:22,c(-112.06366663571, 38.4881468002122),3108.37,"meters"
"8471",2023-10-11 00:34:23,c(-112.063666959064, 38.4881471166555),3108.37,"meters"
"8472",2023-10-11 00:34:24,c(-112.063668828125, 38.4881487323621),3108.39,"meters"
"8473",2023-10-11 00:34:25,c(-112.063669090663, 38.4881501109539),3108.39,"meters"
"8474",2023-10-11 00:34:26,c(-112.063668275379, 38.4881496652218),3108.39,"meters"
"8475",2023-10-11 00:34:27,c(-112.063665607059, 38.4881467921414),3108.37,"meters"
"8476",2023-10-11 00:34:28,c(-112.063663606465, 38.4881451212727),3108.37,"meters"
"8477",2023-10-11 00:34:29,c(-112.063664091484, 38.4881446540209),3108.37,"meters"
"8478",2023-10-11 00:34:30,c(-112.063664821197, 38.488145069628),3108.37,"meters"
"8479",2023-10-11 00:34:31,c(-112.063669555357, 38.4881449644262),3108.39,"meters"
"8480",2023-10-11 00:34:32,c(-112.063687130763, 38.4881405621986),3108.28,"meters"
"8481",2023-10-11 00:34:33,c(-112.063706273944, 38.4881344915429),3108.44,"meters"
"8482",2023-10-11 00:34:34,c(-112.063711357349, 38.4881326287467),3108.26,"meters"
"8483",2023-10-11 00:34:35,c(-112.063710769066, 38.4881335930497),3108.44,"meters"
"8484",2023-10-11 00:34:36,c(-112.063708165684, 38.4881349321599),3108.44,"meters"
"8485",2023-10-11 00:34:37,c(-112.063705921979, 38.4881348288012),3108.44,"meters"
"8486",2023-10-11 00:34:38,c(-112.063704433646, 38.4881353538032),3108.44,"meters"
"8487",2023-10-11 00:34:39,c(-112.06370519384, 38.4881352516923),3108.44,"meters"
"8488",2023-10-11 00:34:40,c(-112.063706757676, 38.4881341923174),3108.44,"meters"
"8489",2023-10-11 00:34:41,c(-112.063708450952, 38.4881333639128),3108.44,"meters"
"8490",2023-10-11 00:34:42,c(-112.063708731617, 38.4881332607732),3108.26,"meters"
"8491",2023-10-11 00:34:43,c(-112.063707496856, 38.4881336025379),3108.44,"meters"
"8492",2023-10-11 00:34:44,c(-112.063705734464, 38.4881343985564),3108.44,"meters"
"8493",2023-10-11 00:34:45,c(-112.063703487471, 38.4881359066696),3108.44,"meters"
"8494",2023-10-11 00:34:46,c(-112.063702754338, 38.4881360662565),3108.44,"meters"
"8495",2023-10-11 00:34:47,c(-112.063703454452, 38.488135310521),3108.44,"meters"
"8496",2023-10-11 00:34:48,c(-112.063704912826, 38.4881346625285),3108.44,"meters"
"8497",2023-10-11 00:34:49,c(-112.063705804362, 38.4881339583079),3108.44,"meters"
"8498",2023-10-11 00:34:50,c(-112.063706626922, 38.4881331005289),3108.26,"meters"
"8499",2023-10-11 00:34:51,c(-112.063708048141, 38.4881320926988),3108.26,"meters"
"8500",2023-10-11 00:34:52,c(-112.063708497844, 38.4881318901462),3108.26,"meters"
"8501",2023-10-11 00:34:53,c(-112.063708430335, 38.4881323787711),3108.26,"meters"
"8502",2023-10-11 00:34:54,c(-112.063708905373, 38.4881328634503),3108.26,"meters"
"8503",2023-10-11 00:34:55,c(-112.063709065555, 38.488132756365),3108.26,"meters"
"8504",2023-10-11 00:34:56,c(-112.06370906684, 38.4881326510332),3108.26,"meters"
"8505",2023-10-11 00:34:57,c(-112.063710740206, 38.4881330900675),3108.26,"meters"
"8506",2023-10-11 00:34:58,c(-112.063709970539, 38.4881324034227),3108.26,"meters"
"8507",2023-10-11 00:34:59,c(-112.063708679536, 38.4881327680928),3108.26,"meters"
"8508",2023-10-11 00:35:00,c(-112.063708536913, 38.4881332360021),3108.26,"meters"
"8509",2023-10-11 00:35:01,c(-112.063708428841, 38.4881331556334),3108.26,"meters"
"8510",2023-10-11 00:35:02,c(-112.063708011394, 38.488132834563),3108.26,"meters"
"8511",2023-10-11 00:35:03,c(-112.063707616913, 38.4881330402453),3108.26,"meters"
"8512",2023-10-11 00:35:04,c(-112.063706565922, 38.4881336370916),3108.44,"meters"
"8513",2023-10-11 00:35:05,c(-112.063705828753, 38.4881335134979),3108.44,"meters"
"8514",2023-10-11 00:35:06,c(-112.063707325645, 38.4881342395276),3108.44,"meters"
"8515",2023-10-11 00:35:07,c(-112.063708889162, 38.4881357150777),3108.44,"meters"
"8516",2023-10-11 00:35:08,c(-112.063708351939, 38.4881364921866),3108.44,"meters"
"8517",2023-10-11 00:35:09,c(-112.063708032716, 38.4881353176334),3108.44,"meters"
"8518",2023-10-11 00:35:10,c(-112.063709652518, 38.4881328143469),3108.26,"meters"
"8519",2023-10-11 00:35:11,c(-112.063710001528, 38.4881322623693),3108.26,"meters"
"8520",2023-10-11 00:35:12,c(-112.063709917157, 38.4881324039808),3108.26,"meters"
"8521",2023-10-11 00:35:13,c(-112.063713865289, 38.4881295157452),3108.3,"meters"
"8522",2023-10-11 00:35:14,c(-112.06372517338, 38.488121571151),3108.18,"meters"
"8523",2023-10-11 00:35:15,c(-112.06374146261, 38.4881111047344),3108.1,"meters"
"8524",2023-10-11 00:35:16,c(-112.063757561801, 38.488101215943),3108.08,"meters"
"8525",2023-10-11 00:35:17,c(-112.063767622048, 38.4880948264422),3108,"meters"
"8526",2023-10-11 00:35:18,c(-112.063768673107, 38.4880937597898),3108,"meters"
"8527",2023-10-11 00:35:19,c(-112.063768057758, 38.4880940207857),3108,"meters"
"8528",2023-10-11 00:35:20,c(-112.0637686177, 38.4880942385136),3108,"meters"
"8529",2023-10-11 00:35:21,c(-112.063767916916, 38.4880941797647),3108,"meters"
"8530",2023-10-11 00:35:22,c(-112.06376802306, 38.4880948268802),3108,"meters"
"8531",2023-10-11 00:35:23,c(-112.063768751341, 38.4880957512999),3108,"meters"
"8532",2023-10-11 00:35:24,c(-112.063769372665, 38.4880962600925),3108,"meters"
"8533",2023-10-11 00:35:25,c(-112.063768719188, 38.4880960178626),3108,"meters"
"8534",2023-10-11 00:35:26,c(-112.063767366559, 38.488095776619),3108,"meters"
"8535",2023-10-11 00:35:27,c(-112.063766513945, 38.4880955256207),3108,"meters"
"8536",2023-10-11 00:35:28,c(-112.063766031649, 38.4880949564473),3108,"meters"
"8537",2023-10-11 00:35:29,c(-112.06376660443, 38.4880947840441),3108,"meters"
"8538",2023-10-11 00:35:30,c(-112.063767687244, 38.4880949705742),3108,"meters"
"8539",2023-10-11 00:35:31,c(-112.063770037877, 38.4880946458108),3108,"meters"
"8540",2023-10-11 00:35:32,c(-112.063780446918, 38.4880935902656),3108.07,"meters"
"8541",2023-10-11 00:35:33,c(-112.063794779926, 38.4880916986066),3108.17,"meters"
"8542",2023-10-11 00:35:34,c(-112.063798609594, 38.488090947325),3108.17,"meters"
"8543",2023-10-11 00:35:35,c(-112.063797899037, 38.4880915689421),3108.17,"meters"
"8544",2023-10-11 00:35:36,c(-112.063797028815, 38.4880924985133),3108.17,"meters"
"8545",2023-10-11 00:35:37,c(-112.063796117958, 38.4880929865903),3108.17,"meters"
"8546",2023-10-11 00:35:38,c(-112.063796008047, 38.4880927177991),3108.17,"meters"
"8547",2023-10-11 00:35:39,c(-112.063795937661, 38.4880918815694),3108.17,"meters"
"8548",2023-10-11 00:35:40,c(-112.063795535638, 38.4880909749856),3108.17,"meters"
"8549",2023-10-11 00:35:41,c(-112.063795527781, 38.4880914288653),3108.17,"meters"
"8550",2023-10-11 00:35:42,c(-112.063797312278, 38.4880917977149),3108.17,"meters"
"8551",2023-10-11 00:35:43,c(-112.063798091714, 38.4880911928432),3108.17,"meters"
"8552",2023-10-11 00:35:44,c(-112.063799620728, 38.4880900951757),3108.17,"meters"
"8553",2023-10-11 00:35:45,c(-112.06379931503, 38.4880911144045),3108.17,"meters"
"8554",2023-10-11 00:35:46,c(-112.063797173694, 38.4880962261747),3108.17,"meters"
"8555",2023-10-11 00:35:47,c(-112.063801225926, 38.4881021575694),3108.33,"meters"
"8556",2023-10-11 00:35:48,c(-112.063812612321, 38.4881079418832),3108.53,"meters"
"8557",2023-10-11 00:35:49,c(-112.063824027587, 38.4881148248807),3108.68,"meters"
"8558",2023-10-11 00:35:50,c(-112.063833768163, 38.4881222262541),3108.72,"meters"
"8559",2023-10-11 00:35:51,c(-112.063841083274, 38.4881286353563),3108.96,"meters"
"8560",2023-10-11 00:35:52,c(-112.063849489681, 38.4881352523193),3109.12,"meters"
"8561",2023-10-11 00:35:53,c(-112.063858430691, 38.4881419251518),3109.32,"meters"
"8562",2023-10-11 00:35:54,c(-112.063867113096, 38.488148094806),3109.37,"meters"
"8563",2023-10-11 00:35:55,c(-112.063877095466, 38.4881550556596),3109.63,"meters"
"8564",2023-10-11 00:35:56,c(-112.063887494446, 38.4881617261903),3109.85,"meters"
"8565",2023-10-11 00:35:57,c(-112.063900643582, 38.4881677040094),3110.07,"meters"
"8566",2023-10-11 00:35:58,c(-112.063915325686, 38.4881695161431),3110.09,"meters"
"8567",2023-10-11 00:35:59,c(-112.063929643108, 38.4881684416604),3110.11,"meters"
"8568",2023-10-11 00:36:00,c(-112.063941914364, 38.4881665478825),3109.93,"meters"
"8569",2023-10-11 00:36:01,c(-112.06394473306, 38.4881650800347),3109.95,"meters"
"8570",2023-10-11 00:36:02,c(-112.063943755171, 38.4881643686652),3109.95,"meters"
"8571",2023-10-11 00:36:03,c(-112.063943828977, 38.4881653470355),3109.95,"meters"
"8572",2023-10-11 00:36:04,c(-112.063943523995, 38.4881664771364),3109.95,"meters"
"8573",2023-10-11 00:36:05,c(-112.063943773435, 38.4881673572153),3110.09,"meters"
"8574",2023-10-11 00:36:06,c(-112.063944035296, 38.4881685423884),3110.09,"meters"
"8575",2023-10-11 00:36:07,c(-112.063944357781, 38.4881693072823),3110.09,"meters"
"8576",2023-10-11 00:36:08,c(-112.063944089021, 38.4881689766588),3110.09,"meters"
"8577",2023-10-11 00:36:09,c(-112.063944749106, 38.4881685326092),3110.09,"meters"
"8578",2023-10-11 00:36:10,c(-112.063945237941, 38.4881685664321),3110.09,"meters"
"8579",2023-10-11 00:36:11,c(-112.063945687284, 38.4881678872716),3110.09,"meters"
"8580",2023-10-11 00:36:12,c(-112.06394511834, 38.4881661823455),3109.95,"meters"
"8581",2023-10-11 00:36:13,c(-112.063943923537, 38.4881636960359),3109.95,"meters"
"8582",2023-10-11 00:36:14,c(-112.06394304163, 38.4881623534679),3109.93,"meters"
"8583",2023-10-11 00:36:15,c(-112.063943482259, 38.4881633137287),3109.95,"meters"
"8584",2023-10-11 00:36:16,c(-112.063944146023, 38.4881651113087),3109.95,"meters"
"8585",2023-10-11 00:36:17,c(-112.063945209526, 38.4881681400633),3110.09,"meters"
"8586",2023-10-11 00:36:18,c(-112.063943734458, 38.4881705505953),3110.09,"meters"
"8587",2023-10-11 00:36:19,c(-112.063942950025, 38.4881717906812),3110.09,"meters"
"8588",2023-10-11 00:36:20,c(-112.06394294969, 38.4881723622538),3110.09,"meters"
"8589",2023-10-11 00:36:21,c(-112.063941470734, 38.4881710531007),3110.09,"meters"
"8590",2023-10-11 00:36:22,c(-112.063940000452, 38.4881685409637),3110.09,"meters"
"8591",2023-10-11 00:36:23,c(-112.063939292916, 38.4881671786668),3109.93,"meters"
"8592",2023-10-11 00:36:24,c(-112.063937060641, 38.4881661163989),3109.93,"meters"
"8593",2023-10-11 00:36:25,c(-112.063936025061, 38.4881667214987),3109.93,"meters"
"8594",2023-10-11 00:36:26,c(-112.06393499688, 38.4881673654459),3110.09,"meters"
"8595",2023-10-11 00:36:27,c(-112.06393379309, 38.4881676427399),3110.09,"meters"
"8596",2023-10-11 00:36:28,c(-112.063933783626, 38.4881675672211),3110.09,"meters"
"8597",2023-10-11 00:36:29,c(-112.063936708153, 38.4881678090126),3110.09,"meters"
"8598",2023-10-11 00:36:30,c(-112.063937955203, 38.4881672174674),3109.93,"meters"
"8599",2023-10-11 00:36:31,c(-112.063939328834, 38.4881658521016),3109.93,"meters"
"8600",2023-10-11 00:36:32,c(-112.06394111347, 38.4881659935179),3109.93,"meters"
"8601",2023-10-11 00:36:33,c(-112.063942301124, 38.4881668973073),3109.93,"meters"
"8602",2023-10-11 00:36:34,c(-112.063942301542, 38.4881674374871),3110.09,"meters"
"8603",2023-10-11 00:36:35,c(-112.063941331517, 38.4881680151821),3110.09,"meters"
"8604",2023-10-11 00:36:36,c(-112.063941707486, 38.48816874798),3110.09,"meters"
"8605",2023-10-11 00:36:37,c(-112.063944177166, 38.4881693217442),3110.09,"meters"
"8606",2023-10-11 00:36:38,c(-112.063946382776, 38.488169594639),3110.09,"meters"
"8607",2023-10-11 00:36:39,c(-112.063953901404, 38.4881707490923),3110.09,"meters"
"8608",2023-10-11 00:36:40,c(-112.063966068359, 38.488172260673),3110.14,"meters"
"8609",2023-10-11 00:36:41,c(-112.063978252704, 38.4881737020083),3110.16,"meters"
"8610",2023-10-11 00:36:42,c(-112.063986646302, 38.4881750882968),3110.16,"meters"
"8611",2023-10-11 00:36:43,c(-112.063990450347, 38.4881756234846),3110.18,"meters"
"8612",2023-10-11 00:36:44,c(-112.063990300368, 38.4881749341905),3110.18,"meters"
"8613",2023-10-11 00:36:45,c(-112.063988622742, 38.4881739425821),3110.16,"meters"
"8614",2023-10-11 00:36:46,c(-112.063987547799, 38.4881742735931),3110.16,"meters"
"8615",2023-10-11 00:36:47,c(-112.063987257634, 38.4881745961644),3110.16,"meters"
"8616",2023-10-11 00:36:48,c(-112.063987060949, 38.488175516967),3110.16,"meters"
"8617",2023-10-11 00:36:49,c(-112.063987742882, 38.4881770527707),3110.36,"meters"
"8618",2023-10-11 00:36:50,c(-112.063987981132, 38.488178409697),3110.36,"meters"
"8619",2023-10-11 00:36:51,c(-112.063988692016, 38.4881781142716),3110.36,"meters"
"8620",2023-10-11 00:36:52,c(-112.063990196518, 38.4881781823935),3110.38,"meters"
"8621",2023-10-11 00:36:53,c(-112.063989131733, 38.4881777804472),3110.36,"meters"
"8622",2023-10-11 00:36:54,c(-112.063987707175, 38.4881772890821),3110.36,"meters"
"8623",2023-10-11 00:36:55,c(-112.063986456816, 38.4881770118877),3110.36,"meters"
"8624",2023-10-11 00:36:56,c(-112.063986313436, 38.48817648227),3110.36,"meters"
"8625",2023-10-11 00:36:57,c(-112.063987505459, 38.4881767368855),3110.36,"meters"
"8626",2023-10-11 00:36:58,c(-112.063988908161, 38.4881753006044),3110.16,"meters"
"8627",2023-10-11 00:36:59,c(-112.063990040295, 38.4881763073502),3110.38,"meters"
"8628",2023-10-11 00:37:00,c(-112.063994393702, 38.4881788379388),3110.38,"meters"
"8629",2023-10-11 00:37:01,c(-112.064002733729, 38.4881781013747),3110.4,"meters"
"8630",2023-10-11 00:37:02,c(-112.06400561367, 38.4881767403929),3110.4,"meters"
"8631",2023-10-11 00:37:03,c(-112.064008431287, 38.488176472856),3110.4,"meters"
"8632",2023-10-11 00:37:04,c(-112.064009550026, 38.4881763535921),3110.4,"meters"
"8633",2023-10-11 00:37:05,c(-112.06400783145, 38.4881760238466),3110.4,"meters"
"8634",2023-10-11 00:37:06,c(-112.064004979342, 38.4881748577948),3110.22,"meters"
"8635",2023-10-11 00:37:07,c(-112.06400368541, 38.4881741417367),3110.22,"meters"
"8636",2023-10-11 00:37:08,c(-112.064003456176, 38.4881745171139),3110.22,"meters"
"8637",2023-10-11 00:37:09,c(-112.064005805357, 38.4881751876001),3110.22,"meters"
"8638",2023-10-11 00:37:10,c(-112.064007135551, 38.4881755232446),3110.22,"meters"
"8639",2023-10-11 00:37:11,c(-112.064009139203, 38.4881766887681),3110.4,"meters"
"8640",2023-10-11 00:37:12,c(-112.064011165124, 38.4881780986829),3110.4,"meters"
"8641",2023-10-11 00:37:13,c(-112.064010233792, 38.4881783077433),3110.4,"meters"
"8642",2023-10-11 00:37:14,c(-112.064008123624, 38.4881774751937),3110.4,"meters"
"8643",2023-10-11 00:37:15,c(-112.064005821269, 38.4881766749579),3110.4,"meters"
"8644",2023-10-11 00:37:16,c(-112.064005141421, 38.4881766251966),3110.4,"meters"
"8645",2023-10-11 00:37:17,c(-112.064005601268, 38.4881767862083),3110.4,"meters"
"8646",2023-10-11 00:37:18,c(-112.064004588281, 38.4881764397427),3110.4,"meters"
"8647",2023-10-11 00:37:19,c(-112.064003482977, 38.4881770155046),3110.4,"meters"
"8648",2023-10-11 00:37:20,c(-112.064004176703, 38.4881778682661),3110.4,"meters"
"8649",2023-10-11 00:37:21,c(-112.064006005667, 38.4881772434859),3110.4,"meters"
"8650",2023-10-11 00:37:22,c(-112.064007046994, 38.4881771707271),3110.4,"meters"
"8651",2023-10-11 00:37:23,c(-112.06400697732, 38.4881770546341),3110.4,"meters"
"8652",2023-10-11 00:37:24,c(-112.064006409899, 38.4881765336266),3110.4,"meters"
"8653",2023-10-11 00:37:25,c(-112.064005394399, 38.4881764314125),3110.4,"meters"
"8654",2023-10-11 00:37:26,c(-112.064004838465, 38.4881761891529),3110.4,"meters"
"8655",2023-10-11 00:37:27,c(-112.064005632564, 38.4881744731864),3110.22,"meters"
"8656",2023-10-11 00:37:28,c(-112.06400653142, 38.4881731706614),3110.22,"meters"
"8657",2023-10-11 00:37:29,c(-112.064007971004, 38.4881719473089),3110.22,"meters"
"8658",2023-10-11 00:37:30,c(-112.064019947071, 38.4881670000589),3110.26,"meters"
"8659",2023-10-11 00:37:31,c(-112.064044395726, 38.4881571999992),3110.08,"meters"
"8660",2023-10-11 00:37:32,c(-112.064075418226, 38.488147091447),3110.09,"meters"
"8661",2023-10-11 00:37:33,c(-112.064109085566, 38.4881375171894),3109.99,"meters"
"8662",2023-10-11 00:37:34,c(-112.064138593625, 38.4881285195335),3109.96,"meters"
"8663",2023-10-11 00:37:35,c(-112.064148398341, 38.488125853449),3109.96,"meters"
"8664",2023-10-11 00:37:36,c(-112.064148330006, 38.4881260097674),3109.96,"meters"
"8665",2023-10-11 00:37:37,c(-112.064147677975, 38.4881259957379),3109.96,"meters"
"8666",2023-10-11 00:37:38,c(-112.064147307841, 38.4881246712065),3109.96,"meters"
"8667",2023-10-11 00:37:39,c(-112.06414824312, 38.4881229086761),3109.96,"meters"
"8668",2023-10-11 00:37:40,c(-112.064149172421, 38.4881216203908),3109.94,"meters"
"8669",2023-10-11 00:37:41,c(-112.064148145655, 38.4881210600284),3109.96,"meters"
"8670",2023-10-11 00:37:42,c(-112.06414865369, 38.4881219481451),3109.96,"meters"
"8671",2023-10-11 00:37:43,c(-112.064149161817, 38.4881235028517),3109.96,"meters"
"8672",2023-10-11 00:37:44,c(-112.064148166385, 38.488124164338),3109.96,"meters"
"8673",2023-10-11 00:37:45,c(-112.064146676658, 38.4881254977265),3109.96,"meters"
"8674",2023-10-11 00:37:46,c(-112.064145419458, 38.4881264436988),3109.96,"meters"
"8675",2023-10-11 00:37:47,c(-112.064145703879, 38.4881266965606),3109.96,"meters"
"8676",2023-10-11 00:37:48,c(-112.064146818926, 38.4881272845863),3109.96,"meters"
"8677",2023-10-11 00:37:49,c(-112.064147911803, 38.4881279207236),3109.96,"meters"
"8678",2023-10-11 00:37:50,c(-112.064148619931, 38.4881288689577),3109.96,"meters"
"8679",2023-10-11 00:37:51,c(-112.064148357889, 38.4881283358328),3109.96,"meters"
"8680",2023-10-11 00:37:52,c(-112.064150610551, 38.4881273423611),3109.94,"meters"
"8681",2023-10-11 00:37:53,c(-112.064153422802, 38.4881271684036),3109.94,"meters"
"8682",2023-10-11 00:37:54,c(-112.064154183608, 38.4881271684159),3109.94,"meters"
"8683",2023-10-11 00:37:55,c(-112.064154684736, 38.4881267452885),3109.94,"meters"
"8684",2023-10-11 00:37:56,c(-112.064153052353, 38.4881271898564),3109.94,"meters"
"8685",2023-10-11 00:37:57,c(-112.064150893781, 38.4881274923025),3109.94,"meters"
"8686",2023-10-11 00:37:58,c(-112.064149807192, 38.4881276050874),3109.94,"meters"
"8687",2023-10-11 00:37:59,c(-112.064149627808, 38.4881285987781),3109.94,"meters"
"8688",2023-10-11 00:38:00,c(-112.064150006908, 38.4881289764816),3109.94,"meters"
"8689",2023-10-11 00:38:01,c(-112.064151157912, 38.4881294827531),3110.14,"meters"
"8690",2023-10-11 00:38:02,c(-112.064152330785, 38.4881292514839),3109.94,"meters"
"8691",2023-10-11 00:38:03,c(-112.064153689237, 38.4881275381424),3109.94,"meters"
"8692",2023-10-11 00:38:04,c(-112.064155752985, 38.4881274297172),3109.94,"meters"
"8693",2023-10-11 00:38:05,c(-112.064156336303, 38.4881284880857),3109.94,"meters"
"8694",2023-10-11 00:38:06,c(-112.064155760287, 38.4881298900502),3110.14,"meters"
"8695",2023-10-11 00:38:07,c(-112.064153848848, 38.4881305002286),3110.14,"meters"
"8696",2023-10-11 00:38:08,c(-112.064151612042, 38.4881304313837),3110.14,"meters"
"8697",2023-10-11 00:38:09,c(-112.064150488749, 38.4881300022872),3110.14,"meters"
"8698",2023-10-11 00:38:10,c(-112.064151091669, 38.4881295679073),3110.14,"meters"
"8699",2023-10-11 00:38:11,c(-112.064151894545, 38.4881292970801),3110.14,"meters"
"8700",2023-10-11 00:38:12,c(-112.064151957258, 38.4881288743286),3109.94,"meters"
"8701",2023-10-11 00:38:13,c(-112.064151282151, 38.4881290171455),3109.94,"meters"
"8702",2023-10-11 00:38:14,c(-112.06415182463, 38.4881288318622),3109.94,"meters"
"8703",2023-10-11 00:38:15,c(-112.064151900453, 38.4881286057631),3109.94,"meters"
"8704",2023-10-11 00:38:16,c(-112.064152583412, 38.4881289125811),3109.94,"meters"
"8705",2023-10-11 00:38:17,c(-112.064153870109, 38.4881296242549),3110.14,"meters"
"8706",2023-10-11 00:38:18,c(-112.064154232427, 38.4881295194713),3110.14,"meters"
"8707",2023-10-11 00:38:19,c(-112.064155249736, 38.4881300730927),3110.14,"meters"
"8708",2023-10-11 00:38:20,c(-112.064155722695, 38.488130897432),3110.14,"meters"
"8709",2023-10-11 00:38:21,c(-112.064154570863, 38.4881300380188),3110.14,"meters"
"8710",2023-10-11 00:38:22,c(-112.064153926504, 38.4881296563695),3110.14,"meters"
"8711",2023-10-11 00:38:23,c(-112.064155554593, 38.4881300258524),3110.14,"meters"
"8712",2023-10-11 00:38:24,c(-112.064155815007, 38.4881299918745),3110.14,"meters"
"8713",2023-10-11 00:38:25,c(-112.064154219492, 38.4881300192761),3110.14,"meters"
"8714",2023-10-11 00:38:26,c(-112.064150297731, 38.4881300135764),3110.14,"meters"
"8715",2023-10-11 00:38:27,c(-112.064149278919, 38.4881310929185),3110.08,"meters"
"8716",2023-10-11 00:38:28,c(-112.064151329676, 38.4881308893609),3110.14,"meters"
"8717",2023-10-11 00:38:29,c(-112.064153090838, 38.4881300452041),3110.14,"meters"
"8718",2023-10-11 00:38:30,c(-112.064154987201, 38.4881302680923),3110.14,"meters"
"8719",2023-10-11 00:38:31,c(-112.064154802075, 38.4881302429826),3110.14,"meters"
"8720",2023-10-11 00:38:32,c(-112.064153676993, 38.4881306620771),3110.14,"meters"
"8721",2023-10-11 00:38:33,c(-112.064154150911, 38.4881303820732),3110.14,"meters"
"8722",2023-10-11 00:38:34,c(-112.064160673121, 38.4881223090212),3110.02,"meters"
"8723",2023-10-11 00:38:35,c(-112.064175574626, 38.4881019632405),3109.81,"meters"
"8724",2023-10-11 00:38:36,c(-112.0641963647, 38.4880720915745),3109.43,"meters"
"8725",2023-10-11 00:38:37,c(-112.06421892702, 38.4880392962936),3109.11,"meters"
"8726",2023-10-11 00:38:38,c(-112.064242187992, 38.4879998950713),3108.68,"meters"
"8727",2023-10-11 00:38:39,c(-112.064257327783, 38.4879525949348),3108.19,"meters"
"8728",2023-10-11 00:38:40,c(-112.064263065487, 38.4879030058594),3107.73,"meters"
"8729",2023-10-11 00:38:41,c(-112.064268362445, 38.4878601110363),3107.27,"meters"
"8730",2023-10-11 00:38:42,c(-112.064273385386, 38.487843024118),3107.19,"meters"
"8731",2023-10-11 00:38:43,c(-112.0642776845, 38.4878385940592),3107.13,"meters"
"8732",2023-10-11 00:38:44,c(-112.064278616362, 38.4878380456985),3107.13,"meters"
"8733",2023-10-11 00:38:45,c(-112.064279580987, 38.4878382209469),3107.13,"meters"
"8734",2023-10-11 00:38:46,c(-112.064279328662, 38.4878366075543),3107.13,"meters"
"8735",2023-10-11 00:38:47,c(-112.064279009807, 38.4878349738323),3107.13,"meters"
"8736",2023-10-11 00:38:48,c(-112.064278271452, 38.4878352527103),3107.13,"meters"
"8737",2023-10-11 00:38:49,c(-112.06427799855, 38.4878364515843),3107.13,"meters"
"8738",2023-10-11 00:38:50,c(-112.064277158168, 38.4878355712753),3107.13,"meters"
"8739",2023-10-11 00:38:51,c(-112.06427662526, 38.4878346428211),3107.13,"meters"
"8740",2023-10-11 00:38:52,c(-112.064277220606, 38.487835403419),3107.13,"meters"
"8741",2023-10-11 00:38:53,c(-112.064278743367, 38.4878365787276),3107.13,"meters"
"8742",2023-10-11 00:38:54,c(-112.06427885046, 38.4878361626623),3107.13,"meters"
"8743",2023-10-11 00:38:55,c(-112.064277847252, 38.4878345525453),3107.13,"meters"
"8744",2023-10-11 00:38:56,c(-112.0642789736, 38.4878346840729),3107.13,"meters"
"8745",2023-10-11 00:38:57,c(-112.064280807747, 38.4878246187076),3107.01,"meters"
"8746",2023-10-11 00:38:58,c(-112.064282458262, 38.4877989144936),3106.87,"meters"
"8747",2023-10-11 00:38:59,c(-112.064283382733, 38.4877636661265),3106.53,"meters"
"8748",2023-10-11 00:39:00,c(-112.064283848536, 38.4877215524944),3106.07,"meters"
"8749",2023-10-11 00:39:01,c(-112.064276637807, 38.4876723882531),3105.77,"meters"
"8750",2023-10-11 00:39:02,c(-112.064242729895, 38.4876245029069),3105.35,"meters"
"8751",2023-10-11 00:39:03,c(-112.064185807542, 38.4875919325016),3104.92,"meters"
"8752",2023-10-11 00:39:04,c(-112.064122643379, 38.4875810611487),3104.84,"meters"
"8753",2023-10-11 00:39:05,c(-112.064054141365, 38.4875886857497),3104.72,"meters"
"8754",2023-10-11 00:39:06,c(-112.063988493239, 38.4876121342555),3104.93,"meters"
"8755",2023-10-11 00:39:07,c(-112.063943388026, 38.4876499221273),3104.88,"meters"
"8756",2023-10-11 00:39:08,c(-112.063916208843, 38.4876941160388),3105.17,"meters"
"8757",2023-10-11 00:39:09,c(-112.063886725979, 38.4877437816714),3105.31,"meters"
"8758",2023-10-11 00:39:10,c(-112.063857149323, 38.4877988997974),3105.69,"meters"
"8759",2023-10-11 00:39:11,c(-112.063846867563, 38.4878553906728),3106.18,"meters"
"8760",2023-10-11 00:39:12,c(-112.063846969868, 38.4879112758637),3106.46,"meters"
"8761",2023-10-11 00:39:13,c(-112.063845640247, 38.4879702377839),3107.18,"meters"
"8762",2023-10-11 00:39:14,c(-112.063843334304, 38.4880316667828),3107.56,"meters"
"8763",2023-10-11 00:39:15,c(-112.063841339427, 38.4880900337897),3108.35,"meters"
"8764",2023-10-11 00:39:16,c(-112.063838787365, 38.4881462693678),3109.18,"meters"
"8765",2023-10-11 00:39:17,c(-112.063836531473, 38.488203370775),3110.41,"meters"
"8766",2023-10-11 00:39:18,c(-112.063834756758, 38.4882705182337),3112.61,"meters"
"8767",2023-10-11 00:39:19,c(-112.063831824994, 38.488354145877),3116.49,"meters"
"8768",2023-10-11 00:39:20,c(-112.06382808872, 38.488447725336),3118.35,"meters"
"8769",2023-10-11 00:39:21,c(-112.063823561905, 38.4885543266835),3111.6,"meters"
"8770",2023-10-11 00:39:22,c(-112.063819105773, 38.4886838276002),3104.46,"meters"
"8771",2023-10-11 00:39:23,c(-112.063814442045, 38.4888234016365),3098.1,"meters"
"8772",2023-10-11 00:39:24,c(-112.063810661575, 38.4889553867112),3092.84,"meters"
"8773",2023-10-11 00:39:25,c(-112.063807210311, 38.4890903502283),3088.07,"meters"
"8774",2023-10-11 00:39:26,c(-112.063800424619, 38.4892439382394),3083.02,"meters"
"8775",2023-10-11 00:39:27,c(-112.063791238127, 38.4894029299017),3078.56,"meters"
"8776",2023-10-11 00:39:28,c(-112.06378363744, 38.4895558907756),3074.02,"meters"
"8777",2023-10-11 00:39:29,c(-112.063778298722, 38.4897009341037),3069.36,"meters"
"8778",2023-10-11 00:39:30,c(-112.063773552485, 38.4898527420833),3064.41,"meters"
"8779",2023-10-11 00:39:31,c(-112.063766936349, 38.4900126854526),3058.78,"meters"
"8780",2023-10-11 00:39:32,c(-112.063761327881, 38.4901580862738),3054.83,"meters"
"8781",2023-10-11 00:39:33,c(-112.063754608384, 38.4903091907581),3049.65,"meters"
"8782",2023-10-11 00:39:34,c(-112.063747219332, 38.4904684561328),3044,"meters"
"8783",2023-10-11 00:39:35,c(-112.063741967604, 38.4906186870972),3039.34,"meters"
"8784",2023-10-11 00:39:36,c(-112.063737645239, 38.4907621096279),3033.66,"meters"
"8785",2023-10-11 00:39:37,c(-112.063731364774, 38.4909129071757),3026.36,"meters"
"8786",2023-10-11 00:39:38,c(-112.063725706907, 38.4910722467437),3020.43,"meters"
"8787",2023-10-11 00:39:39,c(-112.063720566642, 38.4912241263516),3014.07,"meters"
"8788",2023-10-11 00:39:40,c(-112.063715460768, 38.4913682749328),3007.9,"meters"
"8789",2023-10-11 00:39:41,c(-112.063709918361, 38.4915128660494),3003.43,"meters"
"8790",2023-10-11 00:39:42,c(-112.063702243926, 38.4916731246715),3000.28,"meters"
"8791",2023-10-11 00:39:43,c(-112.063694745254, 38.4918337346464),2997.25,"meters"
"8792",2023-10-11 00:39:44,c(-112.063688563062, 38.4919793142477),2994.43,"meters"
"8793",2023-10-11 00:39:45,c(-112.063681912259, 38.4921330077604),2991.24,"meters"
"8794",2023-10-11 00:39:46,c(-112.063673324758, 38.4922941806388),2988.04,"meters"
"8795",2023-10-11 00:39:47,c(-112.063657978137, 38.4924461180097),2985.76,"meters"
"8796",2023-10-11 00:39:48,c(-112.063643286119, 38.4925893792246),2983.78,"meters"
"8797",2023-10-11 00:39:49,c(-112.063637205742, 38.4927338131054),2981.73,"meters"
"8798",2023-10-11 00:39:50,c(-112.063636503233, 38.4928929127307),2979.67,"meters"
"8799",2023-10-11 00:39:51,c(-112.063637098464, 38.4930507927616),2978.22,"meters"
"8800",2023-10-11 00:39:52,c(-112.063637154316, 38.4931947257109),2976.95,"meters"
"8801",2023-10-11 00:39:53,c(-112.063638524163, 38.4933387811636),2975.66,"meters"
"8802",2023-10-11 00:39:54,c(-112.063640568102, 38.4934982806677),2974.77,"meters"
"8803",2023-10-11 00:39:55,c(-112.063642149579, 38.4936580574283),2974.14,"meters"
"8804",2023-10-11 00:39:56,c(-112.063641238264, 38.4938103061632),2973.93,"meters"
"8805",2023-10-11 00:39:57,c(-112.063630810547, 38.4939542533615),2974.05,"meters"
"8806",2023-10-11 00:39:58,c(-112.063605194802, 38.4941049682648),2974.37,"meters"
"8807",2023-10-11 00:39:59,c(-112.063565750749, 38.4942609921254),2974.5,"meters"
"8808",2023-10-11 00:40:00,c(-112.063546387648, 38.4943937071285),2974.44,"meters"
"8809",2023-10-11 00:40:01,c(-112.063559686716, 38.4945106222375),2974.49,"meters"
"8810",2023-10-11 00:40:02,c(-112.063595186284, 38.4946337927084),2974.16,"meters"
"8811",2023-10-11 00:40:03,c(-112.06362036922, 38.4947588062565),2972.35,"meters"
"8812",2023-10-11 00:40:04,c(-112.063624259307, 38.4948779053585),2972.36,"meters"
"8813",2023-10-11 00:40:05,c(-112.063621777174, 38.4950030761511),2972.42,"meters"
"8814",2023-10-11 00:40:06,c(-112.063618434117, 38.4951468502798),2972.47,"meters"
"8815",2023-10-11 00:40:07,c(-112.063615288656, 38.4952963580171),2972.44,"meters"
"8816",2023-10-11 00:40:08,c(-112.063614212368, 38.4954419232875),2972.43,"meters"
"8817",2023-10-11 00:40:09,c(-112.063619737684, 38.4955809269333),2972.38,"meters"
"8818",2023-10-11 00:40:10,c(-112.06362862461, 38.4957294470309),2972.36,"meters"
"8819",2023-10-11 00:40:11,c(-112.063640680979, 38.4958863716223),2972.44,"meters"
"8820",2023-10-11 00:40:12,c(-112.063653256984, 38.4960368306779),2972.65,"meters"
"8821",2023-10-11 00:40:13,c(-112.06366765612, 38.4961799776175),2973.19,"meters"
"8822",2023-10-11 00:40:14,c(-112.063691352105, 38.4963283490549),2974.13,"meters"
"8823",2023-10-11 00:40:15,c(-112.063723970615, 38.4964813982646),2975.07,"meters"
"8824",2023-10-11 00:40:16,c(-112.063761450861, 38.4966263899243),2976.07,"meters"
"8825",2023-10-11 00:40:17,c(-112.063804614102, 38.4967628046036),2976.91,"meters"
"8826",2023-10-11 00:40:18,c(-112.06384352431, 38.4969067164726),2978.04,"meters"
"8827",2023-10-11 00:40:19,c(-112.063892987056, 38.4970491013064),2979.1,"meters"
"8828",2023-10-11 00:40:20,c(-112.063953970948, 38.4971715155561),2980.65,"meters"
"8829",2023-10-11 00:40:21,c(-112.064019128109, 38.4972954575168),2982.03,"meters"
"8830",2023-10-11 00:40:22,c(-112.064087622684, 38.4974261678491),2984.02,"meters"
"8831",2023-10-11 00:40:23,c(-112.064145961224, 38.4975376122094),2986.22,"meters"
"8832",2023-10-11 00:40:24,c(-112.064187594744, 38.4976176389312),2987.89,"meters"
"8833",2023-10-11 00:40:25,c(-112.064218541553, 38.4976795884382),2988.96,"meters"
"8834",2023-10-11 00:40:26,c(-112.064228532693, 38.497708346753),2989.46,"meters"
"8835",2023-10-11 00:40:27,c(-112.064229891146, 38.4977164984248),2989.46,"meters"
"8836",2023-10-11 00:40:28,c(-112.064229552582, 38.4977184917147),2989.56,"meters"
"8837",2023-10-11 00:40:29,c(-112.06422882972, 38.4977187479644),2989.56,"meters"
"8838",2023-10-11 00:40:30,c(-112.064227860066, 38.4977182211591),2989.56,"meters"
"8839",2023-10-11 00:40:31,c(-112.06422762581, 38.4977200673058),2989.56,"meters"
"8840",2023-10-11 00:40:32,c(-112.064232031623, 38.4977305698433),2989.66,"meters"
"8841",2023-10-11 00:40:33,c(-112.064242116265, 38.4977524143216),2990,"meters"
"8842",2023-10-11 00:40:34,c(-112.064252312615, 38.4977739413991),2990.25,"meters"
"8843",2023-10-11 00:40:35,c(-112.064252711951, 38.4977785149625),2990.25,"meters"
"8844",2023-10-11 00:40:36,c(-112.064249711719, 38.4977759981067),2990.25,"meters"
"8845",2023-10-11 00:40:37,c(-112.064248810952, 38.4977718496516),2990.25,"meters"
"8846",2023-10-11 00:40:38,c(-112.064250377851, 38.4977704529248),2990.22,"meters"
"8847",2023-10-11 00:40:39,c(-112.064252543965, 38.4977734332061),2990.25,"meters"
"8848",2023-10-11 00:40:40,c(-112.064253227743, 38.4977759838616),2990.25,"meters"
"8849",2023-10-11 00:40:41,c(-112.064251449886, 38.4977752048503),2990.25,"meters"
"8850",2023-10-11 00:40:42,c(-112.064248371386, 38.497773186592),2990.25,"meters"
"8851",2023-10-11 00:40:43,c(-112.064246827681, 38.4977764228473),2990.25,"meters"
"8852",2023-10-11 00:40:44,c(-112.064246556065, 38.4977820190207),2990.27,"meters"
"8853",2023-10-11 00:40:45,c(-112.064248574322, 38.4977899429388),2990.31,"meters"
"8854",2023-10-11 00:40:46,c(-112.064253235371, 38.4978003949211),2990.39,"meters"
"8855",2023-10-11 00:40:47,c(-112.064258412087, 38.4978115654453),2990.57,"meters"
"8856",2023-10-11 00:40:48,c(-112.064261992023, 38.4978209489961),2990.65,"meters"
"8857",2023-10-11 00:40:49,c(-112.064263453565, 38.4978311072169),2990.69,"meters"
"8858",2023-10-11 00:40:50,c(-112.064264976933, 38.4978438426789),2990.73,"meters"
"8859",2023-10-11 00:40:51,c(-112.064269047775, 38.4978579458474),2990.81,"meters"
"8860",2023-10-11 00:40:52,c(-112.064273660227, 38.4978726702022),2991.05,"meters"
"8861",2023-10-11 00:40:53,c(-112.06428029234, 38.4978869950634),2991.15,"meters"
"8862",2023-10-11 00:40:54,c(-112.0642888648, 38.4979007829573),2991.47,"meters"
"8863",2023-10-11 00:40:55,c(-112.06429624369, 38.4979160278506),2991.8,"meters"
"8864",2023-10-11 00:40:56,c(-112.064301531057, 38.4979296355508),2991.92,"meters"
"8865",2023-10-11 00:40:57,c(-112.064306303595, 38.4979432976193),2992.28,"meters"
"8866",2023-10-11 00:40:58,c(-112.064313772462, 38.4979589687076),2992.38,"meters"
"8867",2023-10-11 00:40:59,c(-112.064322703596, 38.4979758211167),2992.5,"meters"
"8868",2023-10-11 00:41:00,c(-112.064329806839, 38.4979949600783),2992.58,"meters"
"8869",2023-10-11 00:41:01,c(-112.064336865456, 38.4980128790242),2992.68,"meters"
"8870",2023-10-11 00:41:02,c(-112.064344624554, 38.4980317756166),2993.24,"meters"
"8871",2023-10-11 00:41:03,c(-112.064353097159, 38.4980516647668),2993.52,"meters"
"8872",2023-10-11 00:41:04,c(-112.064361191846, 38.4980706259487),2993.71,"meters"
"8873",2023-10-11 00:41:05,c(-112.064368995723, 38.4980893967514),2993.81,"meters"
"8874",2023-10-11 00:41:06,c(-112.064377121118, 38.4981057704975),2993.95,"meters"
"8875",2023-10-11 00:41:07,c(-112.06438675957, 38.4981240194774),2994.09,"meters"
"8876",2023-10-11 00:41:08,c(-112.064394678024, 38.4981438151831),2994.28,"meters"
"8877",2023-10-11 00:41:09,c(-112.064402087347, 38.498162253866),2994.46,"meters"
"8878",2023-10-11 00:41:10,c(-112.064408897991, 38.4981805796575),2994.58,"meters"
"8879",2023-10-11 00:41:11,c(-112.064412217186, 38.4981874062557),2994.72,"meters"
"8880",2023-10-11 00:41:12,c(-112.064412361618, 38.498188328236),2994.72,"meters"
"8881",2023-10-11 00:41:13,c(-112.064413141495, 38.4981874319238),2994.72,"meters"
"8882",2023-10-11 00:41:14,c(-112.064414149202, 38.498188544856),2994.72,"meters"
"8883",2023-10-11 00:41:15,c(-112.064416200736, 38.4981917505037),2994.72,"meters"
"8884",2023-10-11 00:41:16,c(-112.064419663858, 38.4981972223831),2994.78,"meters"
"8885",2023-10-11 00:41:17,c(-112.064419065534, 38.4982021534933),2994.86,"meters"
"8886",2023-10-11 00:41:18,c(-112.064418500341, 38.4982031190336),2994.86,"meters"
"8887",2023-10-11 00:41:19,c(-112.064417984973, 38.4982025484526),2994.86,"meters"
"8888",2023-10-11 00:41:20,c(-112.06441784065, 38.4982018378237),2994.78,"meters"
"8889",2023-10-11 00:41:21,c(-112.064420173688, 38.498202797125),2994.86,"meters"
"8890",2023-10-11 00:41:22,c(-112.064420077643, 38.4982036914876),2994.86,"meters"
"8891",2023-10-11 00:41:23,c(-112.064419986486, 38.4982031718702),2994.86,"meters"
"8892",2023-10-11 00:41:24,c(-112.064420505201, 38.4982026751343),2994.86,"meters"
"8893",2023-10-11 00:41:25,c(-112.064420758111, 38.4982024989985),2994.86,"meters"
"8894",2023-10-11 00:41:26,c(-112.064420224247, 38.4982023647459),2994.86,"meters"
"8895",2023-10-11 00:41:27,c(-112.064420496501, 38.4982016226167),2994.78,"meters"
"8896",2023-10-11 00:41:28,c(-112.064421518556, 38.4982012671289),2994.78,"meters"
"8897",2023-10-11 00:41:29,c(-112.064422938378, 38.4982018422508),2994.78,"meters"
"8898",2023-10-11 00:41:30,c(-112.064423304797, 38.4982016450864),2994.78,"meters"
"8899",2023-10-11 00:41:31,c(-112.064422325529, 38.4982022602966),2994.86,"meters"
"8900",2023-10-11 00:41:32,c(-112.064422106408, 38.4982043700911),2994.86,"meters"
"8901",2023-10-11 00:41:33,c(-112.0644219483, 38.4982051005439),2994.86,"meters"
"8902",2023-10-11 00:41:34,c(-112.064421819028, 38.4982047824858),2994.86,"meters"
"8903",2023-10-11 00:41:35,c(-112.064421164417, 38.4982048297469),2994.86,"meters"
"8904",2023-10-11 00:41:36,c(-112.064420909541, 38.4982054510516),2994.86,"meters"
"8905",2023-10-11 00:41:37,c(-112.064421745749, 38.4982069033903),2994.86,"meters"
"8906",2023-10-11 00:41:38,c(-112.064421747579, 38.4982074477395),2994.86,"meters"
"8907",2023-10-11 00:41:39,c(-112.064421395197, 38.4982078715869),2994.86,"meters"
"8908",2023-10-11 00:41:40,c(-112.064422101086, 38.498207052294),2994.86,"meters"
"8909",2023-10-11 00:41:41,c(-112.064422204593, 38.4982061896568),2994.86,"meters"
"8910",2023-10-11 00:41:42,c(-112.064422197668, 38.4982058368195),2994.86,"meters"
"8911",2023-10-11 00:41:43,c(-112.06442228246, 38.4982059029721),2994.86,"meters"
"8912",2023-10-11 00:41:44,c(-112.064422510975, 38.4982065347223),2994.86,"meters"
"8913",2023-10-11 00:41:45,c(-112.064422161624, 38.4982064314098),2994.86,"meters"
"8914",2023-10-11 00:41:46,c(-112.064422135187, 38.4982061619775),2994.86,"meters"
"8915",2023-10-11 00:41:47,c(-112.064422222895, 38.498206017125),2994.86,"meters"
"8916",2023-10-11 00:41:48,c(-112.064422350328, 38.4982058917385),2994.86,"meters"
"8917",2023-10-11 00:41:49,c(-112.064422472502, 38.49820582198),2994.86,"meters"
"8918",2023-10-11 00:53:35,c(-112.064425978155, 38.4982120418082),2994.98,"meters"
"8919",2023-10-11 00:53:36,c(-112.064425972245, 38.4982119315247),2994.98,"meters"
"8920",2023-10-11 00:53:37,c(-112.06442592534, 38.4982117152198),2994.98,"meters"
"8921",2023-10-11 00:53:38,c(-112.064425895814, 38.4982115282956),2994.98,"meters"
"8922",2023-10-11 00:53:39,c(-112.064426018361, 38.4982113578942),2994.98,"meters"
"8923",2023-10-11 00:53:40,c(-112.064426067577, 38.4982111902928),2994.98,"meters"
"8924",2023-10-11 00:53:41,c(-112.064426245406, 38.4982108229175),2994.94,"meters"
"8925",2023-10-11 00:53:42,c(-112.064427642583, 38.4982108121071),2994.94,"meters"
"8926",2023-10-11 00:53:43,c(-112.064427838634, 38.498210106318),2994.94,"meters"
"8927",2023-10-11 00:53:44,c(-112.064415776674, 38.4981973167321),2994.78,"meters"
"8928",2023-10-11 00:53:45,c(-112.064379276337, 38.4981559976136),2994.3,"meters"
"8929",2023-10-11 00:53:46,c(-112.064329602828, 38.4980967141678),2993.77,"meters"
"8930",2023-10-11 00:53:47,c(-112.064268408951, 38.4980235842981),2992.51,"meters"
"8931",2023-10-11 00:53:48,c(-112.064174654485, 38.4979386562051),2990.98,"meters"
"8932",2023-10-11 00:53:49,c(-112.064057607477, 38.4978541483135),2989.41,"meters"
"8933",2023-10-11 00:53:50,c(-112.063942309821, 38.4977728037631),2988.31,"meters"
"8934",2023-10-11 00:53:51,c(-112.063815933135, 38.4976816181139),2986.78,"meters"
"8935",2023-10-11 00:53:52,c(-112.063678819095, 38.4975823186303),2986.14,"meters"
"8936",2023-10-11 00:53:53,c(-112.063552419197, 38.4974889558364),2985.11,"meters"
"8937",2023-10-11 00:53:54,c(-112.063425098742, 38.4973933469689),2983.79,"meters"
"8938",2023-10-11 00:53:55,c(-112.063286099672, 38.4972854459513),2981.99,"meters"
"8939",2023-10-11 00:53:56,c(-112.063157195226, 38.4971804996679),2980.56,"meters"
"8940",2023-10-11 00:53:57,c(-112.063037604026, 38.4970808865165),2980.03,"meters"
"8941",2023-10-11 00:53:58,c(-112.062905549455, 38.4969707833601),2979.04,"meters"
"8942",2023-10-11 00:53:59,c(-112.062772874295, 38.4968619705772),2977.22,"meters"
"8943",2023-10-11 00:54:00,c(-112.062653126956, 38.4967646753667),2975.65,"meters"
"8944",2023-10-11 00:54:01,c(-112.062529734881, 38.4966669944329),2974.45,"meters"
"8945",2023-10-11 00:54:02,c(-112.062388749153, 38.4965580873884),2974,"meters"
"8946",2023-10-11 00:54:03,c(-112.062251018528, 38.4964537534634),2973.93,"meters"
"8947",2023-10-11 00:54:04,c(-112.062117401527, 38.4963544868085),2974,"meters"
"8948",2023-10-11 00:54:05,c(-112.06197246884, 38.4962433879296),2973.88,"meters"
"8949",2023-10-11 00:54:06,c(-112.061838213754, 38.4961277004116),2973.8,"meters"
"8950",2023-10-11 00:54:07,c(-112.06171378858, 38.4960244470327),2973.67,"meters"
"8951",2023-10-11 00:54:08,c(-112.061589569579, 38.4959215091957),2973.61,"meters"
"8952",2023-10-11 00:54:09,c(-112.061461132279, 38.4958143142642),2973.84,"meters"
"8953",2023-10-11 00:54:10,c(-112.061333952624, 38.4957076935475),2973.5,"meters"
"8954",2023-10-11 00:54:11,c(-112.061198837315, 38.4955941834581),2973.73,"meters"
"8955",2023-10-11 00:54:12,c(-112.061069642164, 38.4954848943559),2973.73,"meters"
"8956",2023-10-11 00:54:13,c(-112.060946414136, 38.4953801587517),2974.11,"meters"
"8957",2023-10-11 00:54:14,c(-112.060810287208, 38.495263770441),2974.25,"meters"
"8958",2023-10-11 00:54:15,c(-112.060675099151, 38.4951470420736),2974.24,"meters"
"8959",2023-10-11 00:54:16,c(-112.060557832634, 38.4950450441621),2974.47,"meters"
"8960",2023-10-11 00:54:17,c(-112.06044704587, 38.4949499691298),2974.65,"meters"
"8961",2023-10-11 00:54:18,c(-112.060333089693, 38.4948527137659),2975,"meters"
"8962",2023-10-11 00:54:19,c(-112.060213427505, 38.4947526208472),2975.32,"meters"
"8963",2023-10-11 00:54:20,c(-112.060095132583, 38.494663604692),2975.56,"meters"
"8964",2023-10-11 00:54:21,c(-112.059980383619, 38.4945797417055),2975.71,"meters"
"8965",2023-10-11 00:54:22,c(-112.059848918529, 38.4944851235682),2976,"meters"
"8966",2023-10-11 00:54:23,c(-112.059714789935, 38.4943885827166),2976.45,"meters"
"8967",2023-10-11 00:54:24,c(-112.059591626314, 38.4943001137401),2977.13,"meters"
"8968",2023-10-11 00:54:25,c(-112.059468056872, 38.4942124103861),2977.87,"meters"
"8969",2023-10-11 00:54:26,c(-112.059338601081, 38.4941208522026),2978.25,"meters"
"8970",2023-10-11 00:54:27,c(-112.059209480324, 38.4940284552009),2979.12,"meters"
"8971",2023-10-11 00:54:28,c(-112.05907901793, 38.4939336156187),2979.13,"meters"
"8972",2023-10-11 00:54:29,c(-112.058945283247, 38.4938368243287),2979.86,"meters"
"8973",2023-10-11 00:54:30,c(-112.058812365435, 38.4937400795119),2980.36,"meters"
"8974",2023-10-11 00:54:31,c(-112.058672270957, 38.4936384597724),2981.1,"meters"
"8975",2023-10-11 00:54:32,c(-112.058548492995, 38.4935490000286),2981.65,"meters"
"8976",2023-10-11 00:54:33,c(-112.058421398029, 38.4934556224095),2982.09,"meters"
"8977",2023-10-11 00:54:34,c(-112.058294426292, 38.4933611716897),2982.66,"meters"
"8978",2023-10-11 00:54:35,c(-112.058187806049, 38.4932823630718),2983.06,"meters"
"8979",2023-10-11 00:54:36,c(-112.058082558665, 38.4932053852354),2983.5,"meters"
"8980",2023-10-11 00:54:37,c(-112.057981054383, 38.4931321713404),2983.94,"meters"
"8981",2023-10-11 00:54:38,c(-112.057876595201, 38.4930562462745),2984.4,"meters"
"8982",2023-10-11 00:54:39,c(-112.057768583037, 38.492976874852),2984.71,"meters"
"8983",2023-10-11 00:54:40,c(-112.057658940136, 38.4928946358499),2985.21,"meters"
"8984",2023-10-11 00:54:41,c(-112.05755624683, 38.4928038016723),2985.7,"meters"
"8985",2023-10-11 00:54:42,c(-112.057448601957, 38.4927030679867),2986.3,"meters"
"8986",2023-10-11 00:54:43,c(-112.057339832588, 38.4926029300788),2986.76,"meters"
"8987",2023-10-11 00:54:44,c(-112.057229966255, 38.4925031963116),2987.23,"meters"
"8988",2023-10-11 00:54:45,c(-112.057103572389, 38.4923884846363),2987.75,"meters"
"8989",2023-10-11 00:54:46,c(-112.056973914905, 38.4922711289786),2988.38,"meters"
"8990",2023-10-11 00:54:47,c(-112.056854887143, 38.4921660244024),2988.96,"meters"
"8991",2023-10-11 00:54:48,c(-112.056720541888, 38.4920626836103),2989.4,"meters"
"8992",2023-10-11 00:54:49,c(-112.056576898196, 38.4919535100614),2990.16,"meters"
"8993",2023-10-11 00:54:50,c(-112.05643972558, 38.4918475734808),2990.77,"meters"
"8994",2023-10-11 00:54:51,c(-112.056308936343, 38.4917458630033),2991.51,"meters"
"8995",2023-10-11 00:54:52,c(-112.056174733967, 38.4916408069404),2992.02,"meters"
"8996",2023-10-11 00:54:53,c(-112.056034394555, 38.4915312246839),2993.08,"meters"
"8997",2023-10-11 00:54:54,c(-112.055889818488, 38.4914187350806),2993.72,"meters"
"8998",2023-10-11 00:54:55,c(-112.055754636265, 38.4913142311037),2994.27,"meters"
"8999",2023-10-11 00:54:56,c(-112.055625693939, 38.4912173793534),2994.9,"meters"
"9000",2023-10-11 00:54:57,c(-112.055485690648, 38.49111561034),2995.62,"meters"
"9001",2023-10-11 00:54:58,c(-112.055340287041, 38.4910057082717),2996.62,"meters"
"9002",2023-10-11 00:54:59,c(-112.055206588377, 38.4909008494744),2997.25,"meters"
"9003",2023-10-11 00:55:00,c(-112.055080246738, 38.4908006493255),2997.73,"meters"
"9004",2023-10-11 00:55:01,c(-112.054938765434, 38.4906907962513),2998.25,"meters"
"9005",2023-10-11 00:55:02,c(-112.054795391782, 38.4905799668724),2998.75,"meters"
"9006",2023-10-11 00:55:03,c(-112.05466597058, 38.4904783923679),2999.45,"meters"
"9007",2023-10-11 00:55:04,c(-112.054535972453, 38.4903759486597),2999.8,"meters"
"9008",2023-10-11 00:55:05,c(-112.054391636598, 38.4902620527705),3000.71,"meters"
"9009",2023-10-11 00:55:06,c(-112.054254294369, 38.4901546284674),3001.38,"meters"
"9010",2023-10-11 00:55:07,c(-112.054121750324, 38.4900521178505),3002.1,"meters"
"9011",2023-10-11 00:55:08,c(-112.053982605041, 38.4899448692256),3002.84,"meters"
"9012",2023-10-11 00:55:09,c(-112.053838389832, 38.4898322584624),3003.55,"meters"
"9013",2023-10-11 00:55:10,c(-112.053701003891, 38.489724963091),3004.19,"meters"
"9014",2023-10-11 00:55:11,c(-112.053570120083, 38.4896218461616),3004.87,"meters"
"9015",2023-10-11 00:55:12,c(-112.053431691505, 38.4895122172676),3005.47,"meters"
"9016",2023-10-11 00:55:13,c(-112.05329307295, 38.4894029290853),3005.87,"meters"
"9017",2023-10-11 00:55:14,c(-112.053153631745, 38.4892945314009),3006.18,"meters"
"9018",2023-10-11 00:55:15,c(-112.053014401103, 38.4891860583621),3006.73,"meters"
"9019",2023-10-11 00:55:16,c(-112.052875325988, 38.4890775627442),3007.11,"meters"
"9020",2023-10-11 00:55:17,c(-112.052737049851, 38.488969444885),3007.76,"meters"
"9021",2023-10-11 00:55:18,c(-112.052599815612, 38.4888626356722),3008.33,"meters"
"9022",2023-10-11 00:55:19,c(-112.052454719374, 38.4887486767494),3008.9,"meters"
"9023",2023-10-11 00:55:20,c(-112.052308864449, 38.488633249259),3009.62,"meters"
"9024",2023-10-11 00:55:21,c(-112.052177591973, 38.4885302711582),3010.05,"meters"
"9025",2023-10-11 00:55:22,c(-112.052046749728, 38.4884282591654),3010.64,"meters"
"9026",2023-10-11 00:55:23,c(-112.051901980032, 38.4883162292667),3010.86,"meters"
"9027",2023-10-11 00:55:24,c(-112.051757568507, 38.4882054493602),3011.29,"meters"
"9028",2023-10-11 00:55:25,c(-112.051626758038, 38.4881053922356),3011.74,"meters"
"9029",2023-10-11 00:55:26,c(-112.051496543792, 38.488005092552),3012.13,"meters"
"9030",2023-10-11 00:55:27,c(-112.051352017999, 38.4878903491059),3012.6,"meters"
"9031",2023-10-11 00:55:28,c(-112.051207435116, 38.4877748949414),3013.04,"meters"
"9032",2023-10-11 00:55:29,c(-112.051078699882, 38.4876715493301),3013.36,"meters"
"9033",2023-10-11 00:55:30,c(-112.050949995526, 38.4875690370935),3013.73,"meters"
"9034",2023-10-11 00:55:31,c(-112.05080728821, 38.4874554568012),3014.11,"meters"
"9035",2023-10-11 00:55:32,c(-112.050665795998, 38.4873431028458),3014.6,"meters"
"9036",2023-10-11 00:55:33,c(-112.050534465699, 38.4872435618458),3015.48,"meters"
"9037",2023-10-11 00:55:34,c(-112.05040152634, 38.4871458722332),3015.96,"meters"
"9038",2023-10-11 00:55:35,c(-112.050262919929, 38.4870441084991),3016.43,"meters"
"9039",2023-10-11 00:55:36,c(-112.050114790544, 38.4869340612686),3017.03,"meters"
"9040",2023-10-11 00:55:37,c(-112.049983048056, 38.4868295505273),3017.56,"meters"
"9041",2023-10-11 00:55:38,c(-112.049863396009, 38.4867271118001),3018.22,"meters"
"9042",2023-10-11 00:55:39,c(-112.049734965556, 38.4866167625175),3018.79,"meters"
"9043",2023-10-11 00:55:40,c(-112.049605660772, 38.4865043132843),3019.34,"meters"
"9044",2023-10-11 00:55:41,c(-112.049478606723, 38.4863949880547),3019.98,"meters"
"9045",2023-10-11 00:55:42,c(-112.049344802919, 38.4862832203844),3020.63,"meters"
"9046",2023-10-11 00:55:43,c(-112.049209569645, 38.4861710921588),3021.47,"meters"
"9047",2023-10-11 00:55:44,c(-112.04909392143, 38.4860734321756),3022.35,"meters"
"9048",2023-10-11 00:55:45,c(-112.049008707005, 38.4860036931389),3022.92,"meters"
"9049",2023-10-11 00:55:46,c(-112.048950756788, 38.485967149679),3023.56,"meters"
"9050",2023-10-11 00:55:47,c(-112.048925489617, 38.4859565841615),3023.82,"meters"
"9051",2023-10-11 00:55:48,c(-112.048915562694, 38.4859556902109),3023.82,"meters"
"9052",2023-10-11 00:55:49,c(-112.0489095577, 38.4859566020149),3024.06,"meters"
"9053",2023-10-11 00:55:50,c(-112.048906423194, 38.485957399773),3024.06,"meters"
"9054",2023-10-11 00:55:51,c(-112.048903995557, 38.4859575269719),3024.06,"meters"
"9055",2023-10-11 00:55:52,c(-112.048902753772, 38.485958005299),3024.06,"meters"
"9056",2023-10-11 00:55:53,c(-112.04890062597, 38.4859581025277),3024.36,"meters"
"9057",2023-10-11 00:55:54,c(-112.048900095009, 38.4859590744205),3024.36,"meters"
"9058",2023-10-11 00:55:55,c(-112.048900702684, 38.4859610221277),3024.36,"meters"
"9059",2023-10-11 00:55:56,c(-112.048898718185, 38.4859626331237),3024.36,"meters"
"9060",2023-10-11 00:55:57,c(-112.048897366581, 38.4859660616741),3024.36,"meters"
"9061",2023-10-11 00:55:58,c(-112.048894927828, 38.4859688725822),3024.36,"meters"
"9062",2023-10-11 00:55:59,c(-112.048893504147, 38.4859681271487),3024.36,"meters"
"9063",2023-10-11 00:56:00,c(-112.048894683081, 38.4859645057506),3024.36,"meters"
"9064",2023-10-11 00:56:01,c(-112.048895470698, 38.4859596526848),3024.36,"meters"
"9065",2023-10-11 00:56:02,c(-112.048879539697, 38.4859426277994),3024.58,"meters"
"9066",2023-10-11 00:56:03,c(-112.048837547751, 38.485904780744),3025.43,"meters"
"9067",2023-10-11 00:56:04,c(-112.048773111054, 38.4858472637583),3027.28,"meters"
"9068",2023-10-11 00:56:05,c(-112.04868965859, 38.4857744963461),3026.83,"meters"
"9069",2023-10-11 00:56:06,c(-112.048591720117, 38.4856902761525),3024.28,"meters"
"9070",2023-10-11 00:56:07,c(-112.048483108898, 38.4855980449309),3023.12,"meters"
"9071",2023-10-11 00:56:08,c(-112.048367437787, 38.4855008906245),3021.15,"meters"
"9072",2023-10-11 00:56:09,c(-112.048241338139, 38.4853936454274),3016.14,"meters"
"9073",2023-10-11 00:56:10,c(-112.04811716719, 38.4852895847258),3011.39,"meters"
"9074",2023-10-11 00:56:11,c(-112.047995806851, 38.4851894874366),3006.11,"meters"
"9075",2023-10-11 00:56:12,c(-112.047864765178, 38.4850807967192),3001.99,"meters"
"9076",2023-10-11 00:56:13,c(-112.047733527293, 38.4849711020065),2998.18,"meters"
"9077",2023-10-11 00:56:14,c(-112.047597955033, 38.4848675790141),2994.64,"meters"
"9078",2023-10-11 00:56:15,c(-112.047443817858, 38.4847813831329),2991.33,"meters"
"9079",2023-10-11 00:56:16,c(-112.047290500874, 38.4846970300161),2988.2,"meters"
"9080",2023-10-11 00:56:17,c(-112.047149041708, 38.4846183013018),2985.74,"meters"
"9081",2023-10-11 00:56:18,c(-112.047002974204, 38.4845370644013),2981.74,"meters"
"9082",2023-10-11 00:56:19,c(-112.046836334375, 38.4844544146483),2976.13,"meters"
"9083",2023-10-11 00:56:20,c(-112.046671285757, 38.4843731773948),2970.06,"meters"
"9084",2023-10-11 00:56:21,c(-112.046523283856, 38.4842991006838),2962.15,"meters"
"9085",2023-10-11 00:56:22,c(-112.046372657926, 38.4842201123848),2953.7,"meters"
"9086",2023-10-11 00:56:23,c(-112.046204247521, 38.4841367774618),2945.45,"meters"
"9087",2023-10-11 00:56:24,c(-112.046037532586, 38.4840643605047),2938.59,"meters"
"9088",2023-10-11 00:56:25,c(-112.045874815201, 38.4840005824425),2932.72,"meters"
"9089",2023-10-11 00:56:26,c(-112.045701580154, 38.4839381532221),2927.42,"meters"
"9090",2023-10-11 00:56:27,c(-112.045518611141, 38.4838755951843),2923.58,"meters"
"9091",2023-10-11 00:56:28,c(-112.045341268902, 38.4838155861904),2919.31,"meters"
"9092",2023-10-11 00:56:29,c(-112.045173163099, 38.4837580101502),2913.87,"meters"
"9093",2023-10-11 00:56:30,c(-112.04498540054, 38.483694665377),2910.22,"meters"
"9094",2023-10-11 00:56:31,c(-112.044804776334, 38.4836342777092),2906.46,"meters"
"9095",2023-10-11 00:56:32,c(-112.044635508944, 38.4835771095878),2903.14,"meters"
"9096",2023-10-11 00:56:33,c(-112.044450097086, 38.4835144164252),2902.02,"meters"
"9097",2023-10-11 00:56:34,c(-112.044263836682, 38.4834537285329),2900.2,"meters"
"9098",2023-10-11 00:56:35,c(-112.044095677113, 38.4834007971526),2897.93,"meters"
"9099",2023-10-11 00:56:36,c(-112.04392896379, 38.4833480970419),2895.66,"meters"
"9100",2023-10-11 00:56:37,c(-112.043788090416, 38.4833036412383),2893.47,"meters"
"9101",2023-10-11 00:56:38,c(-112.043558905268, 38.4832307733891),2890.47,"meters"
"9102",2023-10-11 00:56:39,c(-112.043424781742, 38.4831902572309),2887.62,"meters"
"9103",2023-10-11 00:56:40,c(-112.043336809165, 38.4831686804394),2884.95,"meters"
"9104",2023-10-11 00:56:41,c(-112.043286640639, 38.4831591185888),2882.88,"meters"
"9105",2023-10-11 00:56:42,c(-112.043264463252, 38.4831552338959),2882.08,"meters"
"9106",2023-10-11 00:56:43,c(-112.043251656803, 38.4831524120606),2881.98,"meters"
"9107",2023-10-11 00:56:44,c(-112.043225014158, 38.4831443841901),2881.91,"meters"
"9108",2023-10-11 00:56:45,c(-112.043179637198, 38.4831295941113),2880.97,"meters"
"9109",2023-10-11 00:56:46,c(-112.04311844936, 38.4831094066306),2880.98,"meters"
"9110",2023-10-11 00:56:47,c(-112.043051518218, 38.4830877938051),2879.67,"meters"
"9111",2023-10-11 00:56:48,c(-112.042982108791, 38.4830660036108),2877.95,"meters"
"9112",2023-10-11 00:56:49,c(-112.042904529146, 38.4830418163105),2876.23,"meters"
"9113",2023-10-11 00:56:50,c(-112.042821052502, 38.4830163070863),2876.18,"meters"
"9114",2023-10-11 00:56:51,c(-112.042742156482, 38.4829925099696),2877.15,"meters"
"9115",2023-10-11 00:56:52,c(-112.042666405023, 38.4829698554916),2877.27,"meters"
"9116",2023-10-11 00:56:53,c(-112.0425864584, 38.4829454878887),2876.63,"meters"
"9117",2023-10-11 00:56:54,c(-112.042505635209, 38.4829206000934),2875.64,"meters"
"9118",2023-10-11 00:56:55,c(-112.04242021147, 38.4828940644743),2874.26,"meters"
"9119",2023-10-11 00:56:56,c(-112.042342765546, 38.4828698014968),2872.74,"meters"
"9120",2023-10-11 00:56:57,c(-112.04227519432, 38.482848542163),2872.73,"meters"
"9121",2023-10-11 00:56:58,c(-112.042204653694, 38.4828258342215),2872.01,"meters"
"9122",2023-10-11 00:56:59,c(-112.042129809032, 38.4828022909689),2870.6,"meters"
"9123",2023-10-11 00:57:00,c(-112.042057846149, 38.4827798719378),2869.58,"meters"
"9124",2023-10-11 00:57:01,c(-112.041988641127, 38.4827580382297),2868.16,"meters"
"9125",2023-10-11 00:57:02,c(-112.041911469647, 38.4827334241218),2867.41,"meters"
"9126",2023-10-11 00:57:03,c(-112.041837309474, 38.4827097924777),2866.45,"meters"
"9127",2023-10-11 00:57:04,c(-112.041766516664, 38.4826872786978),2865.67,"meters"
"9128",2023-10-11 00:57:05,c(-112.041689389666, 38.4826625364301),2864.23,"meters"
"9129",2023-10-11 00:57:06,c(-112.041616377855, 38.482638640579),2862.97,"meters"
"9130",2023-10-11 00:57:07,c(-112.041546823877, 38.4826160515847),2861.55,"meters"
"9131",2023-10-11 00:57:08,c(-112.04147299489, 38.4825927437669),2860.74,"meters"
"9132",2023-10-11 00:57:09,c(-112.04139887082, 38.482569063835),2859.68,"meters"
"9133",2023-10-11 00:57:10,c(-112.041324659639, 38.4825453501443),2858.93,"meters"
"9134",2023-10-11 00:57:11,c(-112.041246034229, 38.4825202385227),2858.28,"meters"
"9135",2023-10-11 00:57:12,c(-112.041181709706, 38.4825002181899),2857.72,"meters"
"9136",2023-10-11 00:57:13,c(-112.041150706635, 38.4824929989098),2857.52,"meters"
"9137",2023-10-11 00:57:14,c(-112.041135581151, 38.4824897684779),2857.36,"meters"
"9138",2023-10-11 00:57:15,c(-112.041128016517, 38.4824884060693),2857.36,"meters"
"9139",2023-10-11 00:57:16,c(-112.04112471289, 38.4824883974103),2857.35,"meters"
"9140",2023-10-11 00:57:17,c(-112.041122998685, 38.4824896631458),2857.35,"meters"
"9141",2023-10-11 00:57:18,c(-112.041122295049, 38.4824901960826),2857.35,"meters"
"9142",2023-10-11 00:57:19,c(-112.041124433903, 38.4824887469455),2857.35,"meters"
"9143",2023-10-11 00:57:20,c(-112.041137082426, 38.4824874534185),2857.24,"meters"
"9144",2023-10-11 00:57:21,c(-112.041168697562, 38.4824869773389),2857.3,"meters"
"9145",2023-10-11 00:57:22,c(-112.041216520932, 38.4824864490456),2857.44,"meters"
"9146",2023-10-11 00:57:23,c(-112.041270217514, 38.4824859904155),2857.62,"meters"
"9147",2023-10-11 00:57:24,c(-112.041333498127, 38.4824863444809),2858.09,"meters"
"9148",2023-10-11 00:57:25,c(-112.041410484991, 38.4824909908288),2858.42,"meters"
"9149",2023-10-11 00:57:26,c(-112.041494208268, 38.482498114682),2859.16,"meters"
"9150",2023-10-11 00:57:27,c(-112.041574989347, 38.4825049950825),2859.68,"meters"
"9151",2023-10-11 00:57:28,c(-112.04165842581, 38.4825128289133),2860.59,"meters"
"9152",2023-10-11 00:57:29,c(-112.041749027808, 38.4825207154284),2861.29,"meters"
"9153",2023-10-11 00:57:30,c(-112.041845318662, 38.4825290041493),2862.72,"meters"
"9154",2023-10-11 00:57:31,c(-112.041939488834, 38.4825377067709),2863.4,"meters"
"9155",2023-10-11 00:57:32,c(-112.04202901983, 38.4825467413772),2864.3,"meters"
"9156",2023-10-11 00:57:33,c(-112.042128561767, 38.4825570160779),2866.24,"meters"
"9157",2023-10-11 00:57:34,c(-112.042225649432, 38.4825683006429),2868.27,"meters"
"9158",2023-10-11 00:57:35,c(-112.042307171978, 38.4825771775257),2870.37,"meters"
"9159",2023-10-11 00:57:36,c(-112.042383934783, 38.4825850300993),2872.52,"meters"
"9160",2023-10-11 00:57:37,c(-112.042466660319, 38.4825938224321),2874.52,"meters"
"9161",2023-10-11 00:57:38,c(-112.042543248231, 38.4826022089664),2875.97,"meters"
"9162",2023-10-11 00:57:39,c(-112.042612113032, 38.4826090406044),2877.28,"meters"
"9163",2023-10-11 00:57:40,c(-112.042684121868, 38.482615438225),2878.54,"meters"
"9164",2023-10-11 00:57:41,c(-112.042741566169, 38.482619777765),2879.87,"meters"
"9165",2023-10-11 00:57:42,c(-112.04276025356, 38.4826198252857),2880.59,"meters"
"9166",2023-10-11 00:57:43,c(-112.042767444387, 38.4826194549741),2880.85,"meters"
"9167",2023-10-11 00:57:44,c(-112.042769893524, 38.4826196085527),2880.85,"meters"
"9168",2023-10-11 00:57:45,c(-112.042770229274, 38.4826200498084),2880.85,"meters"
"9169",2023-10-11 00:57:46,c(-112.04277006512, 38.4826202704098),2880.85,"meters"
"9170",2023-10-11 00:57:47,c(-112.042770745355, 38.4826204064679),2880.85,"meters"
"9171",2023-10-11 00:57:48,c(-112.042770777708, 38.482620056056),2880.85,"meters"
"9172",2023-10-11 00:57:49,c(-112.042770393692, 38.4826199906209),2880.85,"meters"
"9173",2023-10-11 00:57:50,c(-112.042770498283, 38.4826203093366),2880.85,"meters"
"9174",2023-10-11 00:57:51,c(-112.042770644614, 38.4826207774006),2880.85,"meters"
"9175",2023-10-11 00:57:52,c(-112.042769920466, 38.4826214321653),2880.85,"meters"
"9176",2023-10-11 00:57:53,c(-112.042768744612, 38.4826215183958),2880.85,"meters"
"9177",2023-10-11 00:57:54,c(-112.042767297746, 38.4826203159574),2880.85,"meters"
"9178",2023-10-11 00:57:55,c(-112.042767303923, 38.4826202946693),2880.85,"meters"
"9179",2023-10-11 00:57:56,c(-112.042767663009, 38.4826216370198),2880.85,"meters"
"9180",2023-10-11 00:57:57,c(-112.042768569675, 38.4826225249818),2880.85,"meters"
"9181",2023-10-11 00:57:58,c(-112.042769740983, 38.482623589781),2880.85,"meters"
"9182",2023-10-11 00:57:59,c(-112.042770540183, 38.482624472101),2880.85,"meters"
"9183",2023-10-11 00:58:00,c(-112.042770801936, 38.482624608601),2880.85,"meters"
"9184",2023-10-11 00:58:01,c(-112.042770212748, 38.4826231777582),2880.85,"meters"
"9185",2023-10-11 00:58:02,c(-112.042774597728, 38.482625713467),2880.85,"meters"
"9186",2023-10-11 00:58:03,c(-112.042789194457, 38.4826353252242),2880.62,"meters"
"9187",2023-10-11 00:58:04,c(-112.042813057476, 38.482651500151),2881.1,"meters"
"9188",2023-10-11 00:58:05,c(-112.042840611066, 38.4826711245266),2880.94,"meters"
"9189",2023-10-11 00:58:06,c(-112.042873119442, 38.482694267971),2881.36,"meters"
"9190",2023-10-11 00:58:07,c(-112.042914744377, 38.4827235415),2881.54,"meters"
"9191",2023-10-11 00:58:08,c(-112.042960662895, 38.4827555960842),2882.02,"meters"
"9192",2023-10-11 00:58:09,c(-112.043007354932, 38.482788230975),2882.27,"meters"
"9193",2023-10-11 00:58:10,c(-112.043053245827, 38.4828204689564),2882.73,"meters"
"9194",2023-10-11 00:58:11,c(-112.043102724617, 38.4828555406827),2883.93,"meters"
"9195",2023-10-11 00:58:12,c(-112.043156291692, 38.4828932256522),2884.27,"meters"
"9196",2023-10-11 00:58:13,c(-112.043205473888, 38.4829280160518),2884.89,"meters"
"9197",2023-10-11 00:58:14,c(-112.043255392866, 38.4829634125997),2885.32,"meters"
"9198",2023-10-11 00:58:15,c(-112.043309834116, 38.4830012593882),2885.42,"meters"
"9199",2023-10-11 00:58:16,c(-112.043370526251, 38.4830434473405),2886.95,"meters"
"9200",2023-10-11 00:58:17,c(-112.043431265207, 38.4830855633091),2888.05,"meters"
"9201",2023-10-11 00:58:18,c(-112.043495331242, 38.4831296807364),2889.51,"meters"
"9202",2023-10-11 00:58:19,c(-112.043564775919, 38.483177554505),2890.73,"meters"
"9203",2023-10-11 00:58:20,c(-112.043626747207, 38.4832215185773),2891.66,"meters"
"9204",2023-10-11 00:58:21,c(-112.043688050738, 38.4832656293397),2892.02,"meters"
"9205",2023-10-11 00:58:22,c(-112.043742779263, 38.4833057256928),2892.61,"meters"
"9206",2023-10-11 00:58:23,c(-112.043761960875, 38.4833224663302),2892.61,"meters"
"9207",2023-10-11 00:58:24,c(-112.043766793283, 38.4833289046149),2892.87,"meters"
"9208",2023-10-11 00:58:25,c(-112.043779455436, 38.4833409317831),2892.93,"meters"
"9209",2023-10-11 00:58:26,c(-112.043807789063, 38.4833638508859),2893.24,"meters"
"9210",2023-10-11 00:58:27,c(-112.043845760325, 38.4833935217126),2894.1,"meters"
"9211",2023-10-11 00:58:28,c(-112.043892908529, 38.4834298073513),2895.08,"meters"
"9212",2023-10-11 00:58:29,c(-112.043950068972, 38.4834734919999),2895.8,"meters"
"9213",2023-10-11 00:58:30,c(-112.044017701135, 38.4835234484908),2896.45,"meters"
"9214",2023-10-11 00:58:31,c(-112.044089231147, 38.4835750781466),2897.02,"meters"
"9215",2023-10-11 00:58:32,c(-112.044164637364, 38.4836288251565),2897.26,"meters"
"9216",2023-10-11 00:58:33,c(-112.044231137155, 38.4836742500787),2898.21,"meters"
"9217",2023-10-11 00:58:34,c(-112.044256127039, 38.4836931812017),2898.64,"meters"
"9218",2023-10-11 00:58:35,c(-112.044262271248, 38.4836995393521),2898.74,"meters"
"9219",2023-10-11 00:58:36,c(-112.044261206785, 38.483701533216),2898.74,"meters"
"9220",2023-10-11 00:58:37,c(-112.044257727375, 38.4836989157138),2898.62,"meters"
"9221",2023-10-11 00:58:38,c(-112.044252902733, 38.4836953067157),2898.62,"meters"
"9222",2023-10-11 00:58:39,c(-112.044241649886, 38.4836906908339),2898.5,"meters"
"9223",2023-10-11 00:58:40,c(-112.04422513148, 38.4836851862867),2898.16,"meters"
"9224",2023-10-11 00:58:41,c(-112.04421624819, 38.4836827038193),2898.16,"meters"
"9225",2023-10-11 00:58:42,c(-112.044212530074, 38.4836823797272),2898.12,"meters"
"9226",2023-10-11 00:58:43,c(-112.044211855205, 38.4836836442328),2898.12,"meters"
"9227",2023-10-11 00:58:44,c(-112.044211504382, 38.4836843835285),2898.12,"meters"
"9228",2023-10-11 00:58:45,c(-112.044210065133, 38.4836849164751),2898.12,"meters"
"9229",2023-10-11 00:58:46,c(-112.044211153072, 38.4836849000674),2898.12,"meters"
"9230",2023-10-11 00:58:47,c(-112.044213726542, 38.4836856982583),2898.14,"meters"
"9231",2023-10-11 00:58:48,c(-112.044214993086, 38.4836866872176),2898.22,"meters"
"9232",2023-10-11 00:58:49,c(-112.044210401367, 38.4836864017128),2898.14,"meters"
"9233",2023-10-11 00:58:50,c(-112.044187276405, 38.4836820596768),2897.94,"meters"
"9234",2023-10-11 00:58:51,c(-112.044148012491, 38.4836744460577),2897.6,"meters"
"9235",2023-10-11 00:58:52,c(-112.044089390894, 38.4836635288639),2896.5,"meters"
"9236",2023-10-11 00:58:53,c(-112.044019063457, 38.4836500928135),2895.26,"meters"
"9237",2023-10-11 00:58:54,c(-112.043947817082, 38.4836365838271),2895.23,"meters"
"9238",2023-10-11 00:58:55,c(-112.043871771164, 38.4836231972467),2894.78,"meters"
"9239",2023-10-11 00:58:56,c(-112.043788394595, 38.4836090782881),2893.74,"meters"
"9240",2023-10-11 00:58:57,c(-112.043700087405, 38.4835938140613),2891.97,"meters"
"9241",2023-10-11 00:58:58,c(-112.043620099375, 38.4835793995692),2890.77,"meters"
"9242",2023-10-11 00:58:59,c(-112.043548239744, 38.4835667104513),2890.72,"meters"
"9243",2023-10-11 00:59:00,c(-112.043471315727, 38.4835537702305),2890.04,"meters"
"9244",2023-10-11 00:59:01,c(-112.043401448995, 38.4835430625853),2890.27,"meters"
"9245",2023-10-11 00:59:02,c(-112.043337602123, 38.4835326096833),2890.98,"meters"
"9246",2023-10-11 00:59:03,c(-112.043264692428, 38.4835197927402),2892.36,"meters"
"9247",2023-10-11 00:59:04,c(-112.043182816959, 38.4835056263816),2894.68,"meters"
"9248",2023-10-11 00:59:05,c(-112.04310233981, 38.4834918258188),2896.45,"meters"
"9249",2023-10-11 00:59:06,c(-112.043027612931, 38.4834783879061),2897.33,"meters"
"9250",2023-10-11 00:59:07,c(-112.042951527577, 38.4834635961828),2898.08,"meters"
"9251",2023-10-11 00:59:08,c(-112.042879892066, 38.48344952293),2898.24,"meters"
"9252",2023-10-11 00:59:09,c(-112.042816008701, 38.4834373857417),2898.59,"meters"
"9253",2023-10-11 00:59:10,c(-112.042752551893, 38.4834264389284),2899.34,"meters"
"9254",2023-10-11 00:59:11,c(-112.042689799606, 38.4834165047549),2900.08,"meters"
"9255",2023-10-11 00:59:12,c(-112.042632250591, 38.4834076350598),2900.58,"meters"
"9256",2023-10-11 00:59:13,c(-112.04258346028, 38.4834002601999),2900.95,"meters"
"9257",2023-10-11 00:59:14,c(-112.042538698863, 38.4833936622064),2901.19,"meters"
"9258",2023-10-11 00:59:15,c(-112.042491608728, 38.4833866476509),2901.62,"meters"
"9259",2023-10-11 00:59:16,c(-112.042439373613, 38.4833759619663),2901.14,"meters"
"9260",2023-10-11 00:59:17,c(-112.042398384556, 38.4833522368532),2900.72,"meters"
"9261",2023-10-11 00:59:18,c(-112.04236232222, 38.4833206626488),2899.38,"meters"
"9262",2023-10-11 00:59:19,c(-112.042319864014, 38.4832831642893),2897.81,"meters"
"9263",2023-10-11 00:59:20,c(-112.042278816943, 38.4832481026599),2896.31,"meters"
"9264",2023-10-11 00:59:21,c(-112.042246388494, 38.4832215953792),2895.01,"meters"
"9265",2023-10-11 00:59:22,c(-112.042230766249, 38.483210467142),2894.62,"meters"
"9266",2023-10-11 00:59:23,c(-112.042224546754, 38.4832072511382),2894.16,"meters"
"9267",2023-10-11 00:59:24,c(-112.042221673178, 38.4832057110122),2894.28,"meters"
"9268",2023-10-11 00:59:25,c(-112.042220899481, 38.4832048511249),2894.28,"meters"
"9269",2023-10-11 00:59:26,c(-112.042221054095, 38.4832048367664),2894.28,"meters"
"9270",2023-10-11 00:59:27,c(-112.042221943484, 38.4832052813103),2894.28,"meters"
"9271",2023-10-11 00:59:28,c(-112.042223408854, 38.4832054829088),2894.28,"meters"
"9272",2023-10-11 00:59:29,c(-112.042224092326, 38.4832051134132),2894.28,"meters"
"9273",2023-10-11 00:59:30,c(-112.042224263469, 38.4832045347907),2894.28,"meters"
"9274",2023-10-11 00:59:31,c(-112.042222589178, 38.4832040250209),2894.28,"meters"
"9275",2023-10-11 00:59:32,c(-112.042221622447, 38.4832042292542),2894.28,"meters"
"9276",2023-10-11 00:59:33,c(-112.042221893831, 38.4832048292035),2894.28,"meters"
"9277",2023-10-11 00:59:34,c(-112.042222678107, 38.4832052231293),2894.28,"meters"
"9278",2023-10-11 00:59:35,c(-112.042223287831, 38.4832049738144),2894.28,"meters"
"9279",2023-10-11 00:59:36,c(-112.0422241063, 38.4832042945311),2894.28,"meters"
"9280",2023-10-11 00:59:37,c(-112.042225020574, 38.4832024344117),2894.16,"meters"
"9281",2023-10-11 00:59:38,c(-112.042225303612, 38.4832014190172),2894.16,"meters"
"9282",2023-10-11 00:59:39,c(-112.042227327872, 38.4832021429778),2894.16,"meters"
"9283",2023-10-11 00:59:40,c(-112.04222787892, 38.4832041905265),2894.16,"meters"
"9284",2023-10-11 00:59:41,c(-112.04222762087, 38.4832068834481),2894.16,"meters"
"9285",2023-10-11 00:59:42,c(-112.042227723246, 38.483209248756),2894.62,"meters"
"9286",2023-10-11 00:59:43,c(-112.042227752352, 38.4832110658421),2894.62,"meters"
"9287",2023-10-11 00:59:44,c(-112.042227676315, 38.4832127109689),2894.62,"meters"
"9288",2023-10-11 00:59:45,c(-112.042227046528, 38.4832142222596),2894.62,"meters"
"9289",2023-10-11 00:59:46,c(-112.042227062289, 38.4832152180345),2894.62,"meters"
"9290",2023-10-11 00:59:47,c(-112.042236580926, 38.4832161366464),2894.55,"meters"
"9291",2023-10-11 00:59:48,c(-112.042265071165, 38.4832170170422),2894.79,"meters"
"9292",2023-10-11 00:59:49,c(-112.042310826271, 38.4832179114643),2894.41,"meters"
"9293",2023-10-11 00:59:50,c(-112.042367310814, 38.4832191274783),2893.98,"meters"
"9294",2023-10-11 00:59:51,c(-112.042420467257, 38.4832211550886),2893.7,"meters"
"9295",2023-10-11 00:59:52,c(-112.042468230973, 38.4832231112842),2893.3,"meters"
"9296",2023-10-11 00:59:53,c(-112.042513211598, 38.4832249642426),2893.27,"meters"
"9297",2023-10-11 00:59:54,c(-112.04255940462, 38.4832269424403),2892.35,"meters"
"9298",2023-10-11 00:59:55,c(-112.042602592098, 38.4832281311027),2891.65,"meters"
"9299",2023-10-11 00:59:56,c(-112.042622268831, 38.4832287971813),2891.1,"meters"
"9300",2023-10-11 00:59:57,c(-112.042627848498, 38.4832296511253),2890.88,"meters"
"9301",2023-10-11 00:59:58,c(-112.042629354744, 38.4832301346793),2890.88,"meters"
"9302",2023-10-11 00:59:59,c(-112.042629577271, 38.4832290786508),2890.88,"meters"
"9303",2023-10-11 01:00:00,c(-112.042629133128, 38.4832276823617),2890.88,"meters"
"9304",2023-10-11 01:00:01,c(-112.042628672272, 38.4832275481059),2890.88,"meters"
"9305",2023-10-11 01:00:02,c(-112.042628306743, 38.4832276535473),2890.88,"meters"
"9306",2023-10-11 01:00:03,c(-112.042628263251, 38.483227701814),2890.88,"meters"
"9307",2023-10-11 01:00:04,c(-112.042628924297, 38.4832278629688),2890.88,"meters"
"9308",2023-10-11 01:00:05,c(-112.042629734965, 38.4832275932638),2890.88,"meters"
"9309",2023-10-11 01:00:06,c(-112.042630354124, 38.4832271805953),2890.88,"meters"
"9310",2023-10-11 01:00:07,c(-112.042630348077, 38.4832280007407),2890.88,"meters"
"9311",2023-10-11 01:00:08,c(-112.042630307052, 38.4832290665696),2890.88,"meters"
"9312",2023-10-11 01:00:09,c(-112.042630011984, 38.4832294405713),2890.88,"meters"
"9313",2023-10-11 01:00:10,c(-112.042630166649, 38.4832298212047),2890.88,"meters"
"9314",2023-10-11 01:00:11,c(-112.042630955215, 38.4832298717633),2890.88,"meters"
"9315",2023-10-11 01:00:12,c(-112.042631834056, 38.4832297083765),2890.88,"meters"
"9316",2023-10-11 01:00:13,c(-112.042632436378, 38.4832296407128),2890.88,"meters"
"9317",2023-10-11 01:00:14,c(-112.0426326113, 38.4832295342849),2890.88,"meters"
"9318",2023-10-11 01:00:15,c(-112.042633095336, 38.483229594419),2890.88,"meters"
"9319",2023-10-11 01:00:16,c(-112.042633209654, 38.4832304180175),2890.88,"meters"
"9320",2023-10-11 01:00:17,c(-112.042632937616, 38.4832313118827),2891.38,"meters"
"9321",2023-10-11 01:00:18,c(-112.042631931017, 38.483231394556),2891.38,"meters"
"9322",2023-10-11 01:00:19,c(-112.042632003765, 38.4832308185441),2890.88,"meters"
"9323",2023-10-11 01:00:20,c(-112.042631961892, 38.4832296108999),2890.88,"meters"
"9324",2023-10-11 01:00:21,c(-112.042630887481, 38.4832288619709),2890.88,"meters"
"9325",2023-10-11 01:00:22,c(-112.042630317138, 38.4832291747258),2890.88,"meters"
"9326",2023-10-11 01:00:23,c(-112.04263116851, 38.4832289204886),2890.88,"meters"
"9327",2023-10-11 01:00:24,c(-112.042632381182, 38.4832284862643),2890.88,"meters"
"9328",2023-10-11 01:00:25,c(-112.042632974308, 38.4832280987688),2890.88,"meters"
"9329",2023-10-11 01:00:26,c(-112.042633052176, 38.4832281794392),2890.88,"meters"
"9330",2023-10-11 01:00:27,c(-112.042632089146, 38.4832293987216),2890.88,"meters"
"9331",2023-10-11 01:00:28,c(-112.042631425736, 38.4832303850138),2890.88,"meters"
"9332",2023-10-11 01:00:29,c(-112.042631395672, 38.4832304663784),2890.88,"meters"
"9333",2023-10-11 01:00:30,c(-112.042631200443, 38.4832306745211),2890.88,"meters"
"9334",2023-10-11 01:00:31,c(-112.042630558406, 38.4832312369219),2891.38,"meters"
"9335",2023-10-11 01:00:32,c(-112.042630094022, 38.4832320017094),2891.38,"meters"
"9336",2023-10-11 01:00:33,c(-112.042629888078, 38.4832325252962),2891.38,"meters"
"9337",2023-10-11 01:00:34,c(-112.042629758992, 38.483231616869),2891.38,"meters"
"9338",2023-10-11 01:00:35,c(-112.042629623385, 38.4832297581313),2890.88,"meters"
"9339",2023-10-11 01:00:36,c(-112.042630261457, 38.4832292709249),2890.88,"meters"
"9340",2023-10-11 01:00:37,c(-112.042631312202, 38.4832295736336),2890.88,"meters"
"9341",2023-10-11 01:00:38,c(-112.04263177798, 38.4832292628096),2890.88,"meters"
"9342",2023-10-11 01:00:39,c(-112.042632989433, 38.4832280796974),2890.88,"meters"
"9343",2023-10-11 01:00:40,c(-112.042633137295, 38.4832266808021),2890.88,"meters"
"9344",2023-10-11 01:00:41,c(-112.04263365477, 38.4832264114468),2890.88,"meters"
"9345",2023-10-11 01:00:42,c(-112.042632783562, 38.4832269020853),2890.88,"meters"
"9346",2023-10-11 01:00:43,c(-112.042631067835, 38.483227479346),2890.88,"meters"
"9347",2023-10-11 01:00:44,c(-112.04262857802, 38.4832279719541),2890.88,"meters"
"9348",2023-10-11 01:00:45,c(-112.042629050327, 38.4832277813286),2890.88,"meters"
"9349",2023-10-11 01:00:46,c(-112.042629023936, 38.4832282802771),2890.88,"meters"
"9350",2023-10-11 01:00:47,c(-112.042628409539, 38.4832291827525),2890.88,"meters"
"9351",2023-10-11 01:00:48,c(-112.042629289188, 38.4832298511572),2890.88,"meters"
"9352",2023-10-11 01:00:49,c(-112.042629796727, 38.4832298595969),2890.88,"meters"
"9353",2023-10-11 01:00:50,c(-112.042630579413, 38.4832299653871),2890.88,"meters"
"9354",2023-10-11 01:00:51,c(-112.042630611535, 38.48323013449),2890.88,"meters"
"9355",2023-10-11 01:00:52,c(-112.042630158757, 38.4832299957891),2890.88,"meters"
"9356",2023-10-11 01:00:53,c(-112.042629609253, 38.4832299749528),2890.88,"meters"
"9357",2023-10-11 01:00:54,c(-112.0426300026, 38.4832295671669),2890.88,"meters"
"9358",2023-10-11 01:00:55,c(-112.042629954144, 38.4832284724174),2890.88,"meters"
"9359",2023-10-11 01:00:56,c(-112.042629121302, 38.4832262109557),2890.88,"meters"
"9360",2023-10-11 01:00:57,c(-112.042628221453, 38.4832258831833),2890.88,"meters"
"9361",2023-10-11 01:00:58,c(-112.042628137971, 38.4832295627325),2890.88,"meters"
"9362",2023-10-11 01:00:59,c(-112.042628024263, 38.4832319399278),2891.38,"meters"
"9363",2023-10-11 01:01:00,c(-112.042627343765, 38.4832334683659),2891.38,"meters"
"9364",2023-10-11 01:01:01,c(-112.042625466124, 38.4832346453446),2891.6,"meters"
"9365",2023-10-11 01:01:02,c(-112.042623716206, 38.4832345199548),2891.6,"meters"
"9366",2023-10-11 01:01:03,c(-112.042622690433, 38.4832331369005),2891.6,"meters"
"9367",2023-10-11 01:01:04,c(-112.04262203667, 38.4832315662064),2891.6,"meters"
"9368",2023-10-11 01:01:05,c(-112.042621923993, 38.4832320645504),2891.6,"meters"
"9369",2023-10-11 01:01:06,c(-112.042621530315, 38.4832328589982),2891.6,"meters"
"9370",2023-10-11 01:01:07,c(-112.042620905228, 38.4832323155494),2891.6,"meters"
"9371",2023-10-11 01:01:08,c(-112.042619201855, 38.4832310901489),2891.1,"meters"
"9372",2023-10-11 01:01:09,c(-112.042617936266, 38.4832308736262),2891.1,"meters"
"9373",2023-10-11 01:01:10,c(-112.042618564767, 38.4832314075692),2891.6,"meters"
"9374",2023-10-11 01:01:11,c(-112.042619205031, 38.4832317829836),2891.6,"meters"
"9375",2023-10-11 01:01:12,c(-112.042607850314, 38.4832301293387),2891.38,"meters"
"9376",2023-10-11 01:01:13,c(-112.042578608584, 38.4832269299255),2892.11,"meters"
"9377",2023-10-11 01:01:14,c(-112.042532408678, 38.4832276664407),2893.09,"meters"
"9378",2023-10-11 01:01:15,c(-112.042479340429, 38.4832352985496),2894.12,"meters"
"9379",2023-10-11 01:01:16,c(-112.042423059696, 38.4832509752837),2895.08,"meters"
"9380",2023-10-11 01:01:17,c(-112.042357611928, 38.4832764930367),2896.98,"meters"
"9381",2023-10-11 01:01:18,c(-112.042294137746, 38.4833084426052),2900.01,"meters"
"9382",2023-10-11 01:01:19,c(-112.04223577966, 38.4833495351919),2902.96,"meters"
"9383",2023-10-11 01:01:20,c(-112.042185803012, 38.4834037443538),2907,"meters"
"9384",2023-10-11 01:01:21,c(-112.042156075632, 38.4834618067904),2910.41,"meters"
"9385",2023-10-11 01:01:22,c(-112.042141295707, 38.4835260324118),2913.15,"meters"
"9386",2023-10-11 01:01:23,c(-112.042143962327, 38.4835991092438),2916.5,"meters"
"9387",2023-10-11 01:01:24,c(-112.042167448623, 38.4836720727429),2919.63,"meters"
"9388",2023-10-11 01:01:25,c(-112.042203865696, 38.4837342899602),2921.98,"meters"
"9389",2023-10-11 01:01:26,c(-112.042247097204, 38.4837944350058),2924.23,"meters"
"9390",2023-10-11 01:01:27,c(-112.042299716545, 38.4838548939403),2925.71,"meters"
"9391",2023-10-11 01:01:28,c(-112.042364129559, 38.4839131700717),2926.25,"meters"
"9392",2023-10-11 01:01:29,c(-112.042429905669, 38.4839659890468),2926.79,"meters"
"9393",2023-10-11 01:01:30,c(-112.042492020569, 38.4840155751765),2927.45,"meters"
"9394",2023-10-11 01:01:31,c(-112.042556291607, 38.4840675161528),2928.35,"meters"
"9395",2023-10-11 01:01:32,c(-112.042623728639, 38.484122096164),2928.06,"meters"
"9396",2023-10-11 01:01:33,c(-112.042687856071, 38.4841743085834),2927.3,"meters"
"9397",2023-10-11 01:01:34,c(-112.042750433085, 38.4842244766869),2926.39,"meters"
"9398",2023-10-11 01:01:35,c(-112.042817917134, 38.4842766840069),2926.27,"meters"
"9399",2023-10-11 01:01:36,c(-112.042889754962, 38.4843316073555),2927.11,"meters"
"9400",2023-10-11 01:01:37,c(-112.042959038022, 38.4843848002767),2927.65,"meters"
"9401",2023-10-11 01:01:38,c(-112.043025968595, 38.4844363660699),2927.92,"meters"
"9402",2023-10-11 01:01:39,c(-112.043100405892, 38.4844935701599),2927.36,"meters"
"9403",2023-10-11 01:01:40,c(-112.043171981377, 38.4845486009493),2926.58,"meters"
"9404",2023-10-11 01:01:41,c(-112.043242498459, 38.4846020889448),2925.56,"meters"
"9405",2023-10-11 01:01:42,c(-112.043312754984, 38.4846545945441),2924.75,"meters"
"9406",2023-10-11 01:01:43,c(-112.043370625085, 38.4846981682472),2924.1,"meters"
"9407",2023-10-11 01:01:44,c(-112.043425793319, 38.4847399553035),2923.76,"meters"
"9408",2023-10-11 01:01:45,c(-112.04348587194, 38.4847864438555),2923.01,"meters"
"9409",2023-10-11 01:01:46,c(-112.043548199827, 38.48483325201),2922.66,"meters"
"9410",2023-10-11 01:01:47,c(-112.043607808184, 38.4848762820647),2922.31,"meters"
"9411",2023-10-11 01:01:48,c(-112.043669811126, 38.4849209435609),2921.95,"meters"
"9412",2023-10-11 01:01:49,c(-112.043734223626, 38.4849672577689),2921.27,"meters"
"9413",2023-10-11 01:01:50,c(-112.043784136127, 38.4850040565503),2921.1,"meters"
"9414",2023-10-11 01:01:51,c(-112.043802234454, 38.4850191455886),2921.16,"meters"
"9415",2023-10-11 01:01:52,c(-112.043805541168, 38.4850248110384),2921.42,"meters"
"9416",2023-10-11 01:01:53,c(-112.0438041743, 38.4850264547471),2921.42,"meters"
"9417",2023-10-11 01:01:54,c(-112.043803485539, 38.4850269820872),2921.42,"meters"
"9418",2023-10-11 01:01:55,c(-112.043803881582, 38.4850271305309),2921.42,"meters"
"9419",2023-10-11 01:01:56,c(-112.043805198466, 38.4850267665278),2921.42,"meters"
"9420",2023-10-11 01:01:57,c(-112.043806722942, 38.4850263359736),2921.42,"meters"
"9421",2023-10-11 01:01:58,c(-112.043807679706, 38.4850264607257),2921.42,"meters"
"9422",2023-10-11 01:01:59,c(-112.043808085305, 38.4850265900613),2921.42,"meters"
"9423",2023-10-11 01:02:00,c(-112.043808237678, 38.4850267573208),2921.42,"meters"
"9424",2023-10-11 01:02:01,c(-112.043809053363, 38.4850274774752),2921.42,"meters"
"9425",2023-10-11 01:02:02,c(-112.043810553362, 38.4850286455481),2921.12,"meters"
"9426",2023-10-11 01:02:03,c(-112.043812085254, 38.4850291745821),2921.12,"meters"
"9427",2023-10-11 01:02:04,c(-112.043813031008, 38.4850289745503),2921.12,"meters"
"9428",2023-10-11 01:02:05,c(-112.04381297681, 38.4850282319665),2921.12,"meters"
"9429",2023-10-11 01:02:06,c(-112.043812543077, 38.4850271764561),2921.12,"meters"
"9430",2023-10-11 01:02:07,c(-112.043811520908, 38.4850264956005),2921.12,"meters"
"9431",2023-10-11 01:02:08,c(-112.043810677074, 38.4850265175993),2921.12,"meters"
"9432",2023-10-11 01:02:09,c(-112.043812579345, 38.4850286391542),2921.12,"meters"
"9433",2023-10-11 01:02:10,c(-112.043819395824, 38.4850348379483),2921.36,"meters"
"9434",2023-10-11 01:02:11,c(-112.043829712928, 38.4850441070693),2921.34,"meters"
"9435",2023-10-11 01:02:12,c(-112.043842340666, 38.4850553399496),2921.39,"meters"
"9436",2023-10-11 01:02:13,c(-112.043860096895, 38.4850700834942),2921.31,"meters"
"9437",2023-10-11 01:02:14,c(-112.043886648326, 38.485091209855),2921.41,"meters"
"9438",2023-10-11 01:02:15,c(-112.043921745975, 38.4851186458012),2921.32,"meters"
"9439",2023-10-11 01:02:16,c(-112.043967375447, 38.4851561094044),2921.29,"meters"
"9440",2023-10-11 01:02:17,c(-112.044022457804, 38.4852032911691),2921.69,"meters"
"9441",2023-10-11 01:02:18,c(-112.044087798559, 38.4852585046533),2921.83,"meters"
"9442",2023-10-11 01:02:19,c(-112.044169859934, 38.4853233549809),2922.1,"meters"
"9443",2023-10-11 01:02:20,c(-112.044252587065, 38.4853843072442),2922.72,"meters"
"9444",2023-10-11 01:02:21,c(-112.044335031063, 38.4854375641559),2923.51,"meters"
"9445",2023-10-11 01:02:22,c(-112.044423486243, 38.4854892470094),2924.1,"meters"
"9446",2023-10-11 01:02:23,c(-112.044513976624, 38.4855382939361),2924.62,"meters"
"9447",2023-10-11 01:02:24,c(-112.044604620076, 38.4855873514945),2924.31,"meters"
"9448",2023-10-11 01:02:25,c(-112.044699521448, 38.4856382720342),2926.32,"meters"
"9449",2023-10-11 01:02:26,c(-112.044801628107, 38.4856939357844),2927.72,"meters"
"9450",2023-10-11 01:02:27,c(-112.044901475936, 38.4857491915992),2930.12,"meters"
"9451",2023-10-11 01:02:28,c(-112.045003370369, 38.4858057866059),2934.76,"meters"
"9452",2023-10-11 01:02:29,c(-112.045112713021, 38.4858656730355),2937.86,"meters"
"9453",2023-10-11 01:02:30,c(-112.045218623959, 38.4859225018031),2940.61,"meters"
"9454",2023-10-11 01:02:31,c(-112.045318221626, 38.4859761342509),2944.12,"meters"
"9455",2023-10-11 01:02:32,c(-112.045421535893, 38.4860316174052),2948.31,"meters"
"9456",2023-10-11 01:02:33,c(-112.045529528805, 38.4860888924406),2950.23,"meters"
"9457",2023-10-11 01:02:34,c(-112.045627379059, 38.4861398202024),2952.12,"meters"
"9458",2023-10-11 01:02:35,c(-112.045723969851, 38.4861896636516),2954,"meters"
"9459",2023-10-11 01:02:36,c(-112.045831326339, 38.48624514408),2956.89,"meters"
"9460",2023-10-11 01:02:37,c(-112.045938990732, 38.4863012590503),2961.25,"meters"
"9461",2023-10-11 01:02:38,c(-112.046036566755, 38.4863524654195),2964.63,"meters"
"9462",2023-10-11 01:02:39,c(-112.046133914249, 38.4864034967959),2967.44,"meters"
"9463",2023-10-11 01:02:40,c(-112.046234976257, 38.4864564247785),2970.71,"meters"
"9464",2023-10-11 01:02:41,c(-112.046335385775, 38.4865093037669),2973.43,"meters"
"9465",2023-10-11 01:02:42,c(-112.046436279162, 38.4865626395951),2975.44,"meters"
"9466",2023-10-11 01:02:43,c(-112.046543212063, 38.4866181584457),2976.93,"meters"
"9467",2023-10-11 01:02:44,c(-112.046646004044, 38.4866707297544),2978.7,"meters"
"9468",2023-10-11 01:02:45,c(-112.046742797239, 38.4867202099799),2980.45,"meters"
"9469",2023-10-11 01:02:46,c(-112.046848333175, 38.4867754666616),2983.41,"meters"
"9470",2023-10-11 01:02:47,c(-112.046953442558, 38.4868307726664),2986.28,"meters"
"9471",2023-10-11 01:02:48,c(-112.04704962151, 38.4868807402753),2988.42,"meters"
"9472",2023-10-11 01:02:49,c(-112.047146198108, 38.486931320828),2990.19,"meters"
"9473",2023-10-11 01:02:50,c(-112.047249419397, 38.4869856945199),2992.22,"meters"
"9474",2023-10-11 01:02:51,c(-112.047356619194, 38.4870437320077),2994.64,"meters"
"9475",2023-10-11 01:02:52,c(-112.047460873064, 38.4870992188709),2997.9,"meters"
"9476",2023-10-11 01:02:53,c(-112.04756541231, 38.4871542767189),3001.25,"meters"
"9477",2023-10-11 01:02:54,c(-112.047673228542, 38.4872117167816),3004.35,"meters"
"9478",2023-10-11 01:02:55,c(-112.047770627107, 38.4872645170117),3007.31,"meters"
"9479",2023-10-11 01:02:56,c(-112.047866651851, 38.487317090807),3010.26,"meters"
"9480",2023-10-11 01:02:57,c(-112.047974353037, 38.4873755853539),3015,"meters"
"9481",2023-10-11 01:02:58,c(-112.04807819062, 38.4874312639066),3019.17,"meters"
"9482",2023-10-11 01:02:59,c(-112.048183043151, 38.4874872222436),3022.41,"meters"
"9483",2023-10-11 01:03:00,c(-112.048293471634, 38.4875464487227),3026.54,"meters"
"9484",2023-10-11 01:03:01,c(-112.04839450675, 38.4875999628929),3029.39,"meters"
"9485",2023-10-11 01:03:02,c(-112.048497190108, 38.4876528560084),3033.19,"meters"
"9486",2023-10-11 01:03:03,c(-112.048611633822, 38.4877114642471),3035.29,"meters"
"9487",2023-10-11 01:03:04,c(-112.048717297056, 38.487767644731),3035.04,"meters"
"9488",2023-10-11 01:03:05,c(-112.048818182849, 38.4878215789619),3035.02,"meters"
"9489",2023-10-11 01:03:06,c(-112.048933067497, 38.4878805449961),3033.5,"meters"
"9490",2023-10-11 01:03:07,c(-112.049045585538, 38.4879369620196),3031.66,"meters"
"9491",2023-10-11 01:03:08,c(-112.049152011391, 38.487992083459),3030.57,"meters"
"9492",2023-10-11 01:03:09,c(-112.049267917396, 38.4880551922592),3029.66,"meters"
"9493",2023-10-11 01:03:10,c(-112.0493860105, 38.4881195755238),3028.72,"meters"
"9494",2023-10-11 01:03:11,c(-112.04949517872, 38.4881784535915),3027.77,"meters"
"9495",2023-10-11 01:03:12,c(-112.049604763274, 38.4882370174417),3026.29,"meters"
"9496",2023-10-11 01:03:13,c(-112.049732588597, 38.4883025623258),3025.05,"meters"
"9497",2023-10-11 01:03:14,c(-112.04985837108, 38.4883650134407),3024.05,"meters"
"9498",2023-10-11 01:03:15,c(-112.049982007253, 38.4884259636674),3023.15,"meters"
"9499",2023-10-11 01:03:16,c(-112.050116833761, 38.4884921074511),3022.37,"meters"
"9500",2023-10-11 01:03:17,c(-112.050253705131, 38.4885595505101),3021.54,"meters"
"9501",2023-10-11 01:03:18,c(-112.050391612167, 38.488628469749),3020.42,"meters"
"9502",2023-10-11 01:03:19,c(-112.050535803054, 38.4887024726262),3019.54,"meters"
"9503",2023-10-11 01:03:20,c(-112.050680233475, 38.4887772173601),3018.28,"meters"
"9504",2023-10-11 01:03:21,c(-112.050810242149, 38.4888458710712),3017.43,"meters"
"9505",2023-10-11 01:03:22,c(-112.050936606877, 38.4889157337541),3016.43,"meters"
"9506",2023-10-11 01:03:23,c(-112.05108139339, 38.4889944115769),3015.69,"meters"
"9507",2023-10-11 01:03:24,c(-112.051226757523, 38.4890728567251),3015.12,"meters"
"9508",2023-10-11 01:03:25,c(-112.051353165638, 38.4891415410046),3014.8,"meters"
"9509",2023-10-11 01:03:26,c(-112.051478467141, 38.4892119413193),3014.63,"meters"
"9510",2023-10-11 01:03:27,c(-112.051625003679, 38.4892912467986),3014.46,"meters"
"9511",2023-10-11 01:03:28,c(-112.051781271097, 38.4893714451622),3013.97,"meters"
"9512",2023-10-11 01:03:29,c(-112.051925364875, 38.4894455933366),3013.01,"meters"
"9513",2023-10-11 01:03:30,c(-112.052070259892, 38.4895203046265),3011.76,"meters"
"9514",2023-10-11 01:03:31,c(-112.052232954941, 38.4896048148442),3011.47,"meters"
"9515",2023-10-11 01:03:32,c(-112.052388758521, 38.4896857648812),3010.73,"meters"
"9516",2023-10-11 01:03:33,c(-112.052546424264, 38.489767038263),3010.02,"meters"
"9517",2023-10-11 01:03:34,c(-112.052712985321, 38.4898535438368),3009.07,"meters"
"9518",2023-10-11 01:03:35,c(-112.052860477796, 38.4899305136537),3008.49,"meters"
"9519",2023-10-11 01:03:36,c(-112.053007412937, 38.490006598051),3008.24,"meters"
"9520",2023-10-11 01:03:37,c(-112.053162877122, 38.4900873128653),3007.5,"meters"
"9521",2023-10-11 01:03:38,c(-112.05332513627, 38.4901727928812),3006.62,"meters"
"9522",2023-10-11 01:03:39,c(-112.053475989344, 38.4902540851951),3005.68,"meters"
"9523",2023-10-11 01:03:40,c(-112.053615577899, 38.4903287097379),3004.89,"meters"
"9524",2023-10-11 01:03:41,c(-112.053771516908, 38.4904096364913),3004.29,"meters"
"9525",2023-10-11 01:03:42,c(-112.053923989541, 38.4904883909057),3003.56,"meters"
"9526",2023-10-11 01:03:43,c(-112.054070236065, 38.4905647915176),3003.19,"meters"
"9527",2023-10-11 01:03:44,c(-112.054226710917, 38.4906465769681),3002.91,"meters"
"9528",2023-10-11 01:03:45,c(-112.054381924276, 38.4907275045288),3002.84,"meters"
"9529",2023-10-11 01:03:46,c(-112.054536265757, 38.4908082662548),3002.5,"meters"
"9530",2023-10-11 01:03:47,c(-112.054686814213, 38.4908885114602),3002.17,"meters"
"9531",2023-10-11 01:03:48,c(-112.054834151054, 38.4909685841999),3002.09,"meters"
"9532",2023-10-11 01:03:49,c(-112.054985246816, 38.4910479795715),3000.85,"meters"
"9533",2023-10-11 01:03:50,c(-112.055145104278, 38.4911364830915),2999.97,"meters"
"9534",2023-10-11 01:03:51,c(-112.055299977953, 38.4912281738838),2998.42,"meters"
"9535",2023-10-11 01:03:52,c(-112.055436160114, 38.4913150644691),2997.2,"meters"
"9536",2023-10-11 01:03:53,c(-112.055567402655, 38.4914010335501),2996.51,"meters"
"9537",2023-10-11 01:03:54,c(-112.05570542173, 38.4914934176731),2995.63,"meters"
"9538",2023-10-11 01:03:55,c(-112.055850697656, 38.4915894249431),2994.48,"meters"
"9539",2023-10-11 01:03:56,c(-112.055984617736, 38.491680089851),2993.42,"meters"
"9540",2023-10-11 01:03:57,c(-112.056104586046, 38.4917649813727),2993.05,"meters"
"9541",2023-10-11 01:03:58,c(-112.056229783688, 38.491856041908),2992.3,"meters"
"9542",2023-10-11 01:03:59,c(-112.056345866618, 38.4919412436691),2991.66,"meters"
"9543",2023-10-11 01:04:00,c(-112.056455483743, 38.4920217493483),2991.07,"meters"
"9544",2023-10-11 01:04:01,c(-112.056572478886, 38.492105723421),2990.35,"meters"
"9545",2023-10-11 01:04:02,c(-112.056700249693, 38.4921941434712),2989.86,"meters"
"9546",2023-10-11 01:04:03,c(-112.056828278575, 38.4922790689242),2989.38,"meters"
"9547",2023-10-11 01:04:04,c(-112.056963554474, 38.49236623232),2988.69,"meters"
"9548",2023-10-11 01:04:05,c(-112.057111255882, 38.4924594490686),2987.86,"meters"
"9549",2023-10-11 01:04:06,c(-112.057241372169, 38.4925444214005),2987.23,"meters"
"9550",2023-10-11 01:04:07,c(-112.057367575437, 38.4926292850761),2986.66,"meters"
"9551",2023-10-11 01:04:08,c(-112.057502320721, 38.4927191482454),2986.06,"meters"
"9552",2023-10-11 01:04:09,c(-112.057627260867, 38.4928038486122),2985.33,"meters"
"9553",2023-10-11 01:04:10,c(-112.057748352593, 38.4928858877104),2984.76,"meters"
"9554",2023-10-11 01:04:11,c(-112.057893009317, 38.4929776266798),2984.22,"meters"
"9555",2023-10-11 01:04:12,c(-112.058038647875, 38.4930674708289),2983.77,"meters"
"9556",2023-10-11 01:04:13,c(-112.058175656666, 38.493153032515),2983.07,"meters"
"9557",2023-10-11 01:04:14,c(-112.058321075461, 38.4932439309771),2982.49,"meters"
"9558",2023-10-11 01:04:15,c(-112.058462828747, 38.4933366994899),2981.91,"meters"
"9559",2023-10-11 01:04:16,c(-112.058604264477, 38.4934398179234),2981.38,"meters"
"9560",2023-10-11 01:04:17,c(-112.058734007875, 38.4935414063236),2980.95,"meters"
"9561",2023-10-11 01:04:18,c(-112.058856804651, 38.4936406790312),2980.17,"meters"
"9562",2023-10-11 01:04:19,c(-112.058989557044, 38.4937515002397),2979.64,"meters"
"9563",2023-10-11 01:04:20,c(-112.059114864636, 38.4938568742624),2979.03,"meters"
"9564",2023-10-11 01:04:21,c(-112.059231866605, 38.4939564061956),2978.56,"meters"
"9565",2023-10-11 01:04:22,c(-112.059361049592, 38.4940673896267),2978.13,"meters"
"9566",2023-10-11 01:04:23,c(-112.059487536958, 38.4941780221401),2977.71,"meters"
"9567",2023-10-11 01:04:24,c(-112.059601899868, 38.4942787975558),2977.13,"meters"
"9568",2023-10-11 01:04:25,c(-112.059711147631, 38.4943771795252),2976.51,"meters"
"9569",2023-10-11 01:04:26,c(-112.05982589929, 38.4944815283465),2976.05,"meters"
"9570",2023-10-11 01:04:27,c(-112.059942963267, 38.4945834274905),2975.79,"meters"
"9571",2023-10-11 01:04:28,c(-112.060068571586, 38.4946861227061),2975.66,"meters"
"9572",2023-10-11 01:04:29,c(-112.060205557329, 38.4947955084856),2975.35,"meters"
"9573",2023-10-11 01:04:30,c(-112.060347711025, 38.4949061525898),2974.96,"meters"
"9574",2023-10-11 01:04:31,c(-112.060477763385, 38.4950065044769),2974.63,"meters"
"9575",2023-10-11 01:04:32,c(-112.060612455278, 38.495111298006),2974.36,"meters"
"9576",2023-10-11 01:04:33,c(-112.060753521867, 38.4952207955818),2974.12,"meters"
"9577",2023-10-11 01:04:34,c(-112.060882232196, 38.4953201765747),2974.37,"meters"
"9578",2023-10-11 01:04:35,c(-112.06101151795, 38.4954202557548),2973.87,"meters"
"9579",2023-10-11 01:04:36,c(-112.061154973062, 38.4955322010376),2973.76,"meters"
"9580",2023-10-11 01:04:37,c(-112.061296485511, 38.4956444749629),2973.51,"meters"
"9581",2023-10-11 01:04:38,c(-112.061424376583, 38.4957461316817),2973.41,"meters"
"9582",2023-10-11 01:04:39,c(-112.061559341116, 38.4958526227275),2973.57,"meters"
"9583",2023-10-11 01:04:40,c(-112.061699715296, 38.4959626020437),2973.63,"meters"
"9584",2023-10-11 01:04:41,c(-112.061833724409, 38.4960663158326),2973.74,"meters"
"9585",2023-10-11 01:04:42,c(-112.061961768782, 38.4961637495416),2973.72,"meters"
"9586",2023-10-11 01:04:43,c(-112.062094699003, 38.4962657039667),2973.83,"meters"
"9587",2023-10-11 01:04:44,c(-112.062227598325, 38.4963695044238),2973.85,"meters"
"9588",2023-10-11 01:04:45,c(-112.06235167352, 38.4964676913089),2973.77,"meters"
"9589",2023-10-11 01:04:46,c(-112.06248258306, 38.4965726046721),2973.99,"meters"
"9590",2023-10-11 01:04:47,c(-112.062620343082, 38.4966829824365),2974.83,"meters"
"9591",2023-10-11 01:04:48,c(-112.062750415509, 38.4967860605469),2976.67,"meters"
"9592",2023-10-11 01:04:49,c(-112.062872034281, 38.4968824505175),2978.46,"meters"
"9593",2023-10-11 01:04:50,c(-112.062996941865, 38.4969843752135),2979.62,"meters"
"9594",2023-10-11 01:04:51,c(-112.063123911187, 38.4970885161051),2980.11,"meters"
"9595",2023-10-11 01:04:52,c(-112.063242859173, 38.4971844946557),2980.5,"meters"
"9596",2023-10-11 01:04:53,c(-112.06333078262, 38.4972568573851),2981.51,"meters"
"9597",2023-10-11 01:04:54,c(-112.063400758409, 38.4973159109002),2982.33,"meters"
"9598",2023-10-11 01:04:55,c(-112.063459354069, 38.4973636805348),2983.16,"meters"
"9599",2023-10-11 01:04:56,c(-112.063502194971, 38.497398213723),2983.58,"meters"
"9600",2023-10-11 01:04:57,c(-112.063516598585, 38.4974099130462),2983.86,"meters"
"9601",2023-10-11 01:04:58,c(-112.063520100583, 38.4974127961716),2983.82,"meters"
"9602",2023-10-11 01:04:59,c(-112.063519936539, 38.4974134030888),2983.82,"meters"
"9603",2023-10-11 01:05:00,c(-112.063519901125, 38.4974146811488),2983.82,"meters"
"9604",2023-10-11 01:05:01,c(-112.063521463168, 38.4974151078271),2983.82,"meters"
"9605",2023-10-11 01:05:02,c(-112.06352156357, 38.4974139176165),2983.82,"meters"
"9606",2023-10-11 01:05:03,c(-112.063520313537, 38.4974124962335),2983.82,"meters"
"9607",2023-10-11 01:05:04,c(-112.063519720179, 38.4974127770711),2983.82,"meters"
"9608",2023-10-11 01:05:05,c(-112.063519410219, 38.4974133918691),2983.82,"meters"
"9609",2023-10-11 01:05:06,c(-112.063517852494, 38.497414213171),2983.82,"meters"
"9610",2023-10-11 01:05:07,c(-112.063514621379, 38.4974125506431),2983.86,"meters"
"9611",2023-10-11 01:05:08,c(-112.063513266296, 38.4974122692582),2983.86,"meters"
"9612",2023-10-11 01:05:09,c(-112.063515858085, 38.4974139026079),2983.86,"meters"
"9613",2023-10-11 01:05:10,c(-112.063518466592, 38.4974154905797),2983.82,"meters"
"9614",2023-10-11 01:05:11,c(-112.06351905574, 38.497417030098),2983.82,"meters"
"9615",2023-10-11 01:05:12,c(-112.063517826907, 38.4974178326928),2984,"meters"
"9616",2023-10-11 01:05:13,c(-112.063516247519, 38.497416964828),2983.86,"meters"
"9617",2023-10-11 01:05:14,c(-112.063516731007, 38.4974163404553),2983.86,"meters"
"9618",2023-10-11 01:05:15,c(-112.063519805152, 38.4974178987231),2984,"meters"
"9619",2023-10-11 01:05:16,c(-112.06352054335, 38.49742262566),2984,"meters"
"9620",2023-10-11 01:05:17,c(-112.063519405688, 38.4974315853651),2984.18,"meters"
"9621",2023-10-11 01:05:18,c(-112.063526568299, 38.4974445159167),2984.5,"meters"
"9622",2023-10-11 01:05:19,c(-112.063545100868, 38.4974627351791),2984.73,"meters"
"9623",2023-10-11 01:05:20,c(-112.063573482465, 38.4974859977698),2985.05,"meters"
"9624",2023-10-11 01:05:21,c(-112.063611716666, 38.497515111649),2985.3,"meters"
"9625",2023-10-11 01:05:22,c(-112.063648491198, 38.497546883118),2985.77,"meters"
"9626",2023-10-11 01:05:23,c(-112.063681504694, 38.4975817087577),2986.08,"meters"
"9627",2023-10-11 01:05:24,c(-112.06372106305, 38.4976205851236),2986.36,"meters"
"9628",2023-10-11 01:05:25,c(-112.06376642338, 38.4976544792637),2986.38,"meters"
"9629",2023-10-11 01:05:26,c(-112.063805494746, 38.4976838774368),2986.78,"meters"
"9630",2023-10-11 01:05:27,c(-112.063838053352, 38.4977138313574),2987.21,"meters"
"9631",2023-10-11 01:05:28,c(-112.063869202748, 38.4977430447597),2987.56,"meters"
"9632",2023-10-11 01:05:29,c(-112.063897876653, 38.4977671244495),2987.91,"meters"
"9633",2023-10-11 01:05:30,c(-112.063921811045, 38.4977864509217),2988.16,"meters"
"9634",2023-10-11 01:05:31,c(-112.06394531345, 38.4978036097339),2988.52,"meters"
"9635",2023-10-11 01:05:32,c(-112.063970791112, 38.4978238499946),2988.8,"meters"
"9636",2023-10-11 01:05:33,c(-112.063992336597, 38.497844811162),2988.94,"meters"
"9637",2023-10-11 01:05:34,c(-112.064015799284, 38.4978649153295),2989.23,"meters"
"9638",2023-10-11 01:05:35,c(-112.06404179449, 38.4978828139107),2989.59,"meters"
"9639",2023-10-11 01:05:36,c(-112.064064100281, 38.4979000554929),2989.87,"meters"
"9640",2023-10-11 01:05:37,c(-112.064082592691, 38.4979180532354),2990.09,"meters"
"9641",2023-10-11 01:05:38,c(-112.064100285736, 38.4979345830205),2990.42,"meters"
"9642",2023-10-11 01:05:39,c(-112.064119187611, 38.497949769191),2990.58,"meters"
"9643",2023-10-11 01:05:40,c(-112.064135730795, 38.4979615611678),2990.92,"meters"
"9644",2023-10-11 01:05:41,c(-112.064150437444, 38.4979721858818),2991.08,"meters"
"9645",2023-10-11 01:05:42,c(-112.064163575345, 38.4979837297843),2991.24,"meters"
"9646",2023-10-11 01:05:43,c(-112.064175941678, 38.4979950801423),2991.43,"meters"
"9647",2023-10-11 01:05:44,c(-112.064190047405, 38.498007013928),2991.73,"meters"
"9648",2023-10-11 01:05:45,c(-112.064209071282, 38.4980210873015),2991.97,"meters"
"9649",2023-10-11 01:05:46,c(-112.064227771469, 38.4980367524008),2992.29,"meters"
"9650",2023-10-11 01:05:47,c(-112.064242997592, 38.4980513786771),2992.65,"meters"
"9651",2023-10-11 01:05:48,c(-112.064258818485, 38.4980658579151),2992.9,"meters"
"9652",2023-10-11 01:05:49,c(-112.064277145544, 38.4980821781326),2993.38,"meters"
"9653",2023-10-11 01:05:50,c(-112.064297433123, 38.4980973834352),2993.69,"meters"
"9654",2023-10-11 01:05:51,c(-112.064315984191, 38.4981127837083),2993.75,"meters"
"9655",2023-10-11 01:05:52,c(-112.064334548122, 38.4981294151175),2993.97,"meters"
"9656",2023-10-11 01:05:53,c(-112.064355315214, 38.4981476337678),2994.16,"meters"
"9657",2023-10-11 01:05:54,c(-112.064376218612, 38.4981642753654),2994.34,"meters"
"9658",2023-10-11 01:05:55,c(-112.064392154141, 38.4981758220952),2994.52,"meters"
"9659",2023-10-11 01:05:56,c(-112.064398523739, 38.4981794226902),2994.52,"meters"
"9660",2023-10-11 01:05:57,c(-112.064402640914, 38.4981812919604),2994.58,"meters"
"9661",2023-10-11 01:05:58,c(-112.064410809048, 38.4981873976749),2994.64,"meters"
"9662",2023-10-11 01:05:59,c(-112.064420003861, 38.498193970703),2994.78,"meters"
"9663",2023-10-11 01:06:00,c(-112.064422244632, 38.4981955891052),2994.78,"meters"
"9664",2023-10-11 01:06:01,c(-112.064422468831, 38.4981953750163),2994.78,"meters"
"9665",2023-10-11 01:06:02,c(-112.064425107148, 38.4981968526979),2994.88,"meters"
"9666",2023-10-11 01:06:03,c(-112.064427562023, 38.4982003442765),2994.88,"meters"
"9667",2023-10-11 01:06:04,c(-112.064427877179, 38.4982019607844),2994.94,"meters"
"9668",2023-10-11 01:06:05,c(-112.064427470531, 38.4982018977458),2994.88,"meters"
"9669",2023-10-11 01:06:06,c(-112.064427281786, 38.4982016051361),2994.88,"meters"
"9670",2023-10-11 01:06:07,c(-112.06442720662, 38.49820172886),2994.88,"meters"
"9671",2023-10-11 01:06:08,c(-112.064426113308, 38.4982046758844),2994.94,"meters"
"9672",2023-10-11 01:06:09,c(-112.064425933007, 38.4982052132658),2994.94,"meters"
"9673",2023-10-11 01:06:10,c(-112.064425907759, 38.4982049552812),2994.94,"meters"
"9674",2023-10-11 01:06:11,c(-112.064425926778, 38.4982047530812),2994.94,"meters"
"9675",2023-10-11 01:06:12,c(-112.064426038571, 38.4982044937744),2994.94,"meters"
"9676",2023-10-11 01:06:13,c(-112.064425881779, 38.4982042815561),2994.94,"meters"
"9677",2023-10-11 01:06:14,c(-112.064425790389, 38.4982044575421),2994.94,"meters"
"9678",2023-10-11 01:06:15,c(-112.064425654987, 38.4982044312711),2994.94,"meters"
"9679",2023-10-11 01:06:16,c(-112.064425628011, 38.498204297209),2994.94,"meters"
"9680",2023-10-11 01:06:17,c(-112.064425587364, 38.4982043042241),2994.94,"meters"
"9681",2023-10-11 01:29:59,c(-112.064432231712, 38.4981931462085),2994.88,"meters"
"9682",2023-10-11 01:30:00,c(-112.06443225251, 38.4981929993021),2994.88,"meters"
"9683",2023-10-11 01:30:01,c(-112.064432265168, 38.4981929331068),2994.88,"meters"
"9684",2023-10-11 01:30:02,c(-112.064432332987, 38.4981928225022),2994.8,"meters"
"9685",2023-10-11 01:30:03,c(-112.064432441791, 38.4981926407109),2994.8,"meters"
"9686",2023-10-11 01:30:04,c(-112.064432525856, 38.4981924968138),2994.8,"meters"
"9687",2023-10-11 01:30:05,c(-112.064432530618, 38.4981923905766),2994.8,"meters"
"9688",2023-10-11 01:30:06,c(-112.064432449475, 38.4981923700327),2994.8,"meters"
"9689",2023-10-11 01:30:07,c(-112.064432335826, 38.4981919222851),2994.8,"meters"
"9690",2023-10-11 01:30:08,c(-112.06443237514, 38.4981915531333),2994.8,"meters"
"9691",2023-10-11 01:30:09,c(-112.064427792998, 38.4981913115921),2994.8,"meters"
"9692",2023-10-11 01:30:10,c(-112.064400136906, 38.4981800419427),2994.52,"meters"
"9693",2023-10-11 01:30:11,c(-112.064368589556, 38.4981463213298),2994.18,"meters"
"9694",2023-10-11 01:30:12,c(-112.064331225516, 38.4981006303787),2993.79,"meters"
"9695",2023-10-11 01:30:13,c(-112.064275209981, 38.4980438064962),2992.87,"meters"
"9696",2023-10-11 01:30:14,c(-112.064197036535, 38.4979664611277),2991.43,"meters"
"9697",2023-10-11 01:30:15,c(-112.064096978087, 38.4978752318041),2989.79,"meters"
"9698",2023-10-11 01:30:16,c(-112.063991464271, 38.497780240254),2988.66,"meters"
"9699",2023-10-11 01:30:17,c(-112.063881303239, 38.4976806496924),2987.16,"meters"
"9700",2023-10-11 01:30:18,c(-112.063759891863, 38.4975722649968),2985.52,"meters"
"9701",2023-10-11 01:30:19,c(-112.063638148628, 38.497466493799),2984.4,"meters"
"9702",2023-10-11 01:30:20,c(-112.063520089822, 38.4973630543494),2982.82,"meters"
"9703",2023-10-11 01:30:21,c(-112.063391964924, 38.4972552259555),2981.32,"meters"
"9704",2023-10-11 01:30:22,c(-112.063240906806, 38.4971647945583),2980.4,"meters"
"9705",2023-10-11 01:30:23,c(-112.063098563412, 38.4970882331002),2980.13,"meters"
"9706",2023-10-11 01:30:24,c(-112.062947686993, 38.4970055671535),2979.45,"meters"
"9707",2023-10-11 01:30:25,c(-112.062787240204, 38.4969157726798),2977.64,"meters"
"9708",2023-10-11 01:30:26,c(-112.062633145948, 38.4968293213773),2975.75,"meters"
"9709",2023-10-11 01:30:27,c(-112.06248685639, 38.4967458250979),2974.69,"meters"
"9710",2023-10-11 01:30:28,c(-112.06233499573, 38.4966559642777),2974.19,"meters"
"9711",2023-10-11 01:30:29,c(-112.062213083753, 38.4965529141648),2974.11,"meters"
"9712",2023-10-11 01:30:30,c(-112.062131388308, 38.4964458371665),2974.07,"meters"
"9713",2023-10-11 01:30:31,c(-112.062043696543, 38.4963524343943),2974.09,"meters"
"9714",2023-10-11 01:30:32,c(-112.061935969546, 38.4962760684984),2973.94,"meters"
"9715",2023-10-11 01:30:33,c(-112.061803377525, 38.4961932976039),2973.91,"meters"
"9716",2023-10-11 01:30:34,c(-112.061675215242, 38.4961105567097),2973.75,"meters"
"9717",2023-10-11 01:30:35,c(-112.061584468759, 38.4960260874946),2973.74,"meters"
"9718",2023-10-11 01:30:36,c(-112.061509271773, 38.4959228760061),2973.63,"meters"
"9719",2023-10-11 01:30:37,c(-112.06142735695, 38.4958141320124),2973.86,"meters"
"9720",2023-10-11 01:30:38,c(-112.061339236564, 38.4957179697721),2973.48,"meters"
"9721",2023-10-11 01:30:39,c(-112.061241991207, 38.4956209950339),2973.62,"meters"
"9722",2023-10-11 01:30:40,c(-112.061113265089, 38.4955324191387),2973.82,"meters"
"9723",2023-10-11 01:30:41,c(-112.060983051852, 38.4954465445962),2974.02,"meters"
"9724",2023-10-11 01:30:42,c(-112.060849210878, 38.495356828609),2974.45,"meters"
"9725",2023-10-11 01:30:43,c(-112.06071264077, 38.4952649196282),2974.3,"meters"
"9726",2023-10-11 01:30:44,c(-112.060574638835, 38.4951704322986),2974.52,"meters"
"9727",2023-10-11 01:30:45,c(-112.060433510256, 38.4950750399513),2974.79,"meters"
"9728",2023-10-11 01:30:46,c(-112.060291151188, 38.4949807606718),2975.18,"meters"
"9729",2023-10-11 01:30:47,c(-112.060140528537, 38.4948813620619),2975.58,"meters"
"9730",2023-10-11 01:30:48,c(-112.060001469846, 38.4947894437517),2976.08,"meters"
"9731",2023-10-11 01:30:49,c(-112.059861674511, 38.4946962669671),2976.25,"meters"
"9732",2023-10-11 01:30:50,c(-112.05970669758, 38.4945922518487),2976.41,"meters"
"9733",2023-10-11 01:30:51,c(-112.059550736271, 38.49448804186),2977.14,"meters"
"9734",2023-10-11 01:30:52,c(-112.05940882667, 38.4943938475376),2978.11,"meters"
"9735",2023-10-11 01:30:53,c(-112.059267069835, 38.4943000629364),2978.8,"meters"
"9736",2023-10-11 01:30:54,c(-112.059111069977, 38.4941960430454),2979.69,"meters"
"9737",2023-10-11 01:30:55,c(-112.058955452215, 38.4940909590321),2980.75,"meters"
"9738",2023-10-11 01:30:56,c(-112.058815079204, 38.4939960387036),2981.2,"meters"
"9739",2023-10-11 01:30:57,c(-112.058669102357, 38.4938974433611),2981.58,"meters"
"9740",2023-10-11 01:30:58,c(-112.058515928809, 38.4937933648702),2982.14,"meters"
"9741",2023-10-11 01:30:59,c(-112.058368853772, 38.4936923208874),2982.69,"meters"
"9742",2023-10-11 01:31:00,c(-112.058229539327, 38.4935967998999),2983.26,"meters"
"9743",2023-10-11 01:31:01,c(-112.058083480991, 38.4934973292275),2983.82,"meters"
"9744",2023-10-11 01:31:02,c(-112.057929999627, 38.4933934858151),2984.56,"meters"
"9745",2023-10-11 01:31:03,c(-112.057790438874, 38.4932988997618),2985.46,"meters"
"9746",2023-10-11 01:31:04,c(-112.057643029118, 38.4931989504496),2986.14,"meters"
"9747",2023-10-11 01:31:05,c(-112.057487745574, 38.4930930872884),2987,"meters"
"9748",2023-10-11 01:31:06,c(-112.057339870576, 38.4929924577277),2988.06,"meters"
"9749",2023-10-11 01:31:07,c(-112.057198881274, 38.4928977235413),2989.36,"meters"
"9750",2023-10-11 01:31:08,c(-112.057057892749, 38.492802712769),2990.37,"meters"
"9751",2023-10-11 01:31:09,c(-112.056902385979, 38.4926973802078),2991.61,"meters"
"9752",2023-10-11 01:31:10,c(-112.056746583482, 38.492591848392),2992.79,"meters"
"9753",2023-10-11 01:31:11,c(-112.056606350796, 38.4924972128757),2993.94,"meters"
"9754",2023-10-11 01:31:12,c(-112.056466425246, 38.4924030169485),2994.05,"meters"
"9755",2023-10-11 01:31:13,c(-112.056313494364, 38.4922991690921),2994.6,"meters"
"9756",2023-10-11 01:31:14,c(-112.056160889932, 38.4921945203459),2995.79,"meters"
"9757",2023-10-11 01:31:15,c(-112.05602288999, 38.4921000860063),2996.53,"meters"
"9758",2023-10-11 01:31:16,c(-112.055876925359, 38.4920005393651),2997.46,"meters"
"9759",2023-10-11 01:31:17,c(-112.055723961115, 38.4918965130492),2998.16,"meters"
"9760",2023-10-11 01:31:18,c(-112.055585539375, 38.4918026605557),2999.43,"meters"
"9761",2023-10-11 01:31:19,c(-112.055447947428, 38.49171053965),3000.53,"meters"
"9762",2023-10-11 01:31:20,c(-112.055301779001, 38.4916131977363),3001.91,"meters"
"9763",2023-10-11 01:31:21,c(-112.055149376002, 38.4915084854585),3003.13,"meters"
"9764",2023-10-11 01:31:22,c(-112.055011601683, 38.4914031233792),3004.2,"meters"
"9765",2023-10-11 01:31:23,c(-112.054890194201, 38.4913007948327),3004.78,"meters"
"9766",2023-10-11 01:31:24,c(-112.054761556797, 38.4911915931123),3005.21,"meters"
"9767",2023-10-11 01:31:25,c(-112.054626389875, 38.4910778703781),3005.63,"meters"
"9768",2023-10-11 01:31:26,c(-112.054495241466, 38.4909687617214),3005.81,"meters"
"9769",2023-10-11 01:31:27,c(-112.054370215927, 38.4908647274663),3005.1,"meters"
"9770",2023-10-11 01:31:28,c(-112.054231704086, 38.4907484978721),3004.09,"meters"
"9771",2023-10-11 01:31:29,c(-112.054104673152, 38.4906409137395),3003.48,"meters"
"9772",2023-10-11 01:31:30,c(-112.053978323351, 38.4905330568858),3003.52,"meters"
"9773",2023-10-11 01:31:31,c(-112.053841955829, 38.4904170339741),3003.85,"meters"
"9774",2023-10-11 01:31:32,c(-112.053740419557, 38.4903315607332),3004.2,"meters"
"9775",2023-10-11 01:31:33,c(-112.053686242609, 38.4902884858269),3004.42,"meters"
"9776",2023-10-11 01:31:34,c(-112.053662892554, 38.490270574645),3004.52,"meters"
"9777",2023-10-11 01:31:35,c(-112.05364392589, 38.490256446861),3004.54,"meters"
"9778",2023-10-11 01:31:36,c(-112.053607121933, 38.4902276056956),3004.75,"meters"
"9779",2023-10-11 01:31:37,c(-112.053547205122, 38.4901794401326),3005.03,"meters"
"9780",2023-10-11 01:31:38,c(-112.05347483336, 38.4901198435063),3005.34,"meters"
"9781",2023-10-11 01:31:39,c(-112.053388239074, 38.4900482057537),3005.71,"meters"
"9782",2023-10-11 01:31:40,c(-112.053281905479, 38.4899592705091),3006.31,"meters"
"9783",2023-10-11 01:31:41,c(-112.053173421015, 38.4898685192802),3006.49,"meters"
"9784",2023-10-11 01:31:42,c(-112.05306381112, 38.4897769776269),3006.68,"meters"
"9785",2023-10-11 01:31:43,c(-112.052943034199, 38.4896766769956),3007.37,"meters"
"9786",2023-10-11 01:31:44,c(-112.05281322827, 38.4895685899088),3007.85,"meters"
"9787",2023-10-11 01:31:45,c(-112.052687592415, 38.4894644826356),3008.37,"meters"
"9788",2023-10-11 01:31:46,c(-112.05256580512, 38.4893640192019),3008.62,"meters"
"9789",2023-10-11 01:31:47,c(-112.052435363183, 38.4892570543858),3008.62,"meters"
"9790",2023-10-11 01:31:48,c(-112.052297293827, 38.4891423421491),3008.44,"meters"
"9791",2023-10-11 01:31:49,c(-112.052165655825, 38.4890317641011),3008.52,"meters"
"9792",2023-10-11 01:31:50,c(-112.052034404443, 38.4889206152302),3009.26,"meters"
"9793",2023-10-11 01:31:51,c(-112.051903069414, 38.4888092166336),3009.89,"meters"
"9794",2023-10-11 01:31:52,c(-112.05177161615, 38.4886982884149),3010.25,"meters"
"9795",2023-10-11 01:31:53,c(-112.051639885305, 38.4885877999398),3010.49,"meters"
"9796",2023-10-11 01:31:54,c(-112.051506171376, 38.4884766916785),3010.93,"meters"
"9797",2023-10-11 01:31:55,c(-112.051373254581, 38.4883661958188),3011.5,"meters"
"9798",2023-10-11 01:31:56,c(-112.051239987395, 38.4882556773513),3012.08,"meters"
"9799",2023-10-11 01:31:57,c(-112.051106976934, 38.4881463087443),3012.48,"meters"
"9800",2023-10-11 01:31:58,c(-112.051003812728, 38.488060814116),3012.98,"meters"
"9801",2023-10-11 01:31:59,c(-112.050934990463, 38.4880056598461),3013.22,"meters"
"9802",2023-10-11 01:32:00,c(-112.050885989766, 38.4879671851757),3013.47,"meters"
"9803",2023-10-11 01:32:01,c(-112.050830918198, 38.4879236942925),3013.74,"meters"
"9804",2023-10-11 01:32:02,c(-112.050760217514, 38.4878674526907),3014.04,"meters"
"9805",2023-10-11 01:32:03,c(-112.050668772519, 38.48779303809),3014.56,"meters"
"9806",2023-10-11 01:32:04,c(-112.050574699082, 38.48771718865),3015.16,"meters"
"9807",2023-10-11 01:32:05,c(-112.050495737541, 38.487653084133),3015.68,"meters"
"9808",2023-10-11 01:32:06,c(-112.050419289916, 38.4875902682618),3015.94,"meters"
"9809",2023-10-11 01:32:07,c(-112.05034833671, 38.4875310537391),3016.29,"meters"
"9810",2023-10-11 01:32:08,c(-112.050283085007, 38.4874774660874),3016.64,"meters"
"9811",2023-10-11 01:32:09,c(-112.0502128884, 38.4874202264358),3016.96,"meters"
"9812",2023-10-11 01:32:10,c(-112.050147941841, 38.4873664133324),3017.21,"meters"
"9813",2023-10-11 01:32:11,c(-112.050083284719, 38.4873139967155),3017.5,"meters"
"9814",2023-10-11 01:32:12,c(-112.050018640837, 38.487261943361),3017.7,"meters"
"9815",2023-10-11 01:32:13,c(-112.049955838687, 38.4872108202336),3017.94,"meters"
"9816",2023-10-11 01:32:14,c(-112.049893395375, 38.4871591539128),3018.4,"meters"
"9817",2023-10-11 01:32:15,c(-112.049836860125, 38.4871109169704),3018.6,"meters"
"9818",2023-10-11 01:32:16,c(-112.049778433842, 38.4870599902239),3019.2,"meters"
"9819",2023-10-11 01:32:17,c(-112.049707522973, 38.4869979167878),3019.55,"meters"
"9820",2023-10-11 01:32:18,c(-112.049624017387, 38.4869254605862),3019.81,"meters"
"9821",2023-10-11 01:32:19,c(-112.049536942567, 38.4868502409356),3020.34,"meters"
"9822",2023-10-11 01:32:20,c(-112.049449128268, 38.4867748933742),3021.01,"meters"
"9823",2023-10-11 01:32:21,c(-112.049352719491, 38.486692316238),3021.5,"meters"
"9824",2023-10-11 01:32:22,c(-112.049248768406, 38.4866033164599),3022.17,"meters"
"9825",2023-10-11 01:32:23,c(-112.049147217103, 38.4865167432201),3022.83,"meters"
"9826",2023-10-11 01:32:24,c(-112.049049766739, 38.4864336854261),3023.58,"meters"
"9827",2023-10-11 01:32:25,c(-112.048950405793, 38.4863510012075),3024.52,"meters"
"9828",2023-10-11 01:32:26,c(-112.048843124933, 38.4862629812716),3025.85,"meters"
"9829",2023-10-11 01:32:27,c(-112.048727806438, 38.4861694359525),3027.93,"meters"
"9830",2023-10-11 01:32:28,c(-112.048617804841, 38.4860807957389),3028.48,"meters"
"9831",2023-10-11 01:32:29,c(-112.04850757937, 38.485999977522),3025.83,"meters"
"9832",2023-10-11 01:32:30,c(-112.048378295034, 38.4859163800584),3022.85,"meters"
"9833",2023-10-11 01:32:31,c(-112.048248887245, 38.4858430065127),3020.93,"meters"
"9834",2023-10-11 01:32:32,c(-112.04812072338, 38.4857799805115),3018.35,"meters"
"9835",2023-10-11 01:32:33,c(-112.047979208964, 38.4857103479424),3015.07,"meters"
"9836",2023-10-11 01:32:34,c(-112.047843890125, 38.4856425152824),3011.99,"meters"
"9837",2023-10-11 01:32:35,c(-112.047716235447, 38.4855787622735),3006.67,"meters"
"9838",2023-10-11 01:32:36,c(-112.047575611386, 38.4855090524218),3000.41,"meters"
"9839",2023-10-11 01:32:37,c(-112.047435559517, 38.4854392782509),2998.42,"meters"
"9840",2023-10-11 01:32:38,c(-112.047308448262, 38.4853760286404),2998.17,"meters"
"9841",2023-10-11 01:32:39,c(-112.04718132476, 38.4853128535136),2995.86,"meters"
"9842",2023-10-11 01:32:40,c(-112.047041319272, 38.4852441398952),2995.02,"meters"
"9843",2023-10-11 01:32:41,c(-112.0469029497, 38.4851757737095),2993.19,"meters"
"9844",2023-10-11 01:32:42,c(-112.046779454578, 38.4851134107425),2988.79,"meters"
"9845",2023-10-11 01:32:43,c(-112.046656985272, 38.4850518684967),2983.38,"meters"
"9846",2023-10-11 01:32:44,c(-112.046523242445, 38.4849836521829),2978.81,"meters"
"9847",2023-10-11 01:32:45,c(-112.04639078848, 38.4849162328678),2973.51,"meters"
"9848",2023-10-11 01:32:46,c(-112.04627422928, 38.4848578572266),2967.68,"meters"
"9849",2023-10-11 01:32:47,c(-112.046170244382, 38.4848054825165),2961.94,"meters"
"9850",2023-10-11 01:32:48,c(-112.046091979327, 38.4847683317119),2957.04,"meters"
"9851",2023-10-11 01:32:49,c(-112.046042903833, 38.4847460712633),2954.38,"meters"
"9852",2023-10-11 01:32:50,c(-112.045993177041, 38.4847223971736),2950.69,"meters"
"9853",2023-10-11 01:32:51,c(-112.045930169702, 38.4846931194151),2947.99,"meters"
"9854",2023-10-11 01:32:52,c(-112.045851140098, 38.4846572135425),2943.62,"meters"
"9855",2023-10-11 01:32:53,c(-112.045770025528, 38.4846201747298),2939.91,"meters"
"9856",2023-10-11 01:32:54,c(-112.045676064635, 38.4845763268792),2935.86,"meters"
"9857",2023-10-11 01:32:55,c(-112.045570999912, 38.4845261464371),2931.55,"meters"
"9858",2023-10-11 01:32:56,c(-112.045469500042, 38.4844776935454),2928.07,"meters"
"9859",2023-10-11 01:32:57,c(-112.045353621019, 38.4844222303662),2924.76,"meters"
"9860",2023-10-11 01:32:58,c(-112.045235904357, 38.4843639259474),2922.11,"meters"
"9861",2023-10-11 01:32:59,c(-112.045125782302, 38.4843086712293),2919.72,"meters"
"9862",2023-10-11 01:33:00,c(-112.045049276926, 38.4842720024599),2917.02,"meters"
"9863",2023-10-11 01:33:01,c(-112.045004662585, 38.4842529227026),2915.94,"meters"
"9864",2023-10-11 01:33:02,c(-112.044984237022, 38.4842443299116),2915.37,"meters"
"9865",2023-10-11 01:33:03,c(-112.044976975161, 38.4842412524777),2915.19,"meters"
"9866",2023-10-11 01:33:04,c(-112.044973875463, 38.4842396988177),2915.19,"meters"
"9867",2023-10-11 01:33:05,c(-112.044972448779, 38.4842390579485),2915.19,"meters"
"9868",2023-10-11 01:33:06,c(-112.044972700693, 38.4842384428977),2915.19,"meters"
"9869",2023-10-11 01:33:07,c(-112.044974615791, 38.4842375271963),2915.17,"meters"
"9870",2023-10-11 01:33:08,c(-112.044975336035, 38.4842375438443),2915.17,"meters"
"9871",2023-10-11 01:33:09,c(-112.044975937037, 38.4842390317724),2915.19,"meters"
"9872",2023-10-11 01:33:10,c(-112.0449756314, 38.4842403069145),2915.19,"meters"
"9873",2023-10-11 01:33:11,c(-112.044975425946, 38.4842408302855),2915.19,"meters"
"9874",2023-10-11 01:33:12,c(-112.044975991698, 38.4842411020731),2915.19,"meters"
"9875",2023-10-11 01:33:13,c(-112.044977476178, 38.4842401951956),2915.19,"meters"
"9876",2023-10-11 01:33:14,c(-112.044979063447, 38.4842403522429),2915.19,"meters"
"9877",2023-10-11 01:33:15,c(-112.044979132073, 38.4842406522547),2915.19,"meters"
"9878",2023-10-11 01:33:16,c(-112.044976960532, 38.4842399255083),2915.19,"meters"
"9879",2023-10-11 01:33:17,c(-112.044975310267, 38.4842398431694),2915.19,"meters"
"9880",2023-10-11 01:33:18,c(-112.044973703482, 38.4842395811003),2915.19,"meters"
"9881",2023-10-11 01:33:19,c(-112.044973519173, 38.4842394720418),2915.19,"meters"
"9882",2023-10-11 01:33:20,c(-112.044976985268, 38.4842411024384),2915.19,"meters"
"9883",2023-10-11 01:33:21,c(-112.044979204477, 38.4842418803158),2915.19,"meters"
"9884",2023-10-11 01:33:22,c(-112.044978858277, 38.4842417857254),2915.19,"meters"
"9885",2023-10-11 01:33:23,c(-112.044976843668, 38.4842412650945),2915.19,"meters"
"9886",2023-10-11 01:33:24,c(-112.044974294261, 38.4842403405737),2915.19,"meters"
"9887",2023-10-11 01:33:25,c(-112.044972969062, 38.4842394808104),2915.19,"meters"
"9888",2023-10-11 01:33:26,c(-112.044971781662, 38.4842383531422),2915.19,"meters"
"9889",2023-10-11 01:33:27,c(-112.044971039882, 38.4842379425928),2915.19,"meters"
"9890",2023-10-11 01:33:28,c(-112.044970594029, 38.4842380093431),2915.19,"meters"
"9891",2023-10-11 01:33:29,c(-112.044970943387, 38.4842382320878),2915.19,"meters"
"9892",2023-10-11 01:33:30,c(-112.044971408097, 38.4842388060827),2915.19,"meters"
"9893",2023-10-11 01:33:31,c(-112.044971420956, 38.4842386999737),2915.19,"meters"
"9894",2023-10-11 01:33:32,c(-112.044971529354, 38.4842381476665),2915.19,"meters"
"9895",2023-10-11 01:33:33,c(-112.044972630747, 38.4842395761678),2915.19,"meters"
"9896",2023-10-11 01:33:34,c(-112.044974628847, 38.4842426969139),2915.19,"meters"
"9897",2023-10-11 01:33:35,c(-112.04497525613, 38.4842444000108),2915.19,"meters"
"9898",2023-10-11 01:33:36,c(-112.044974075911, 38.4842441477055),2915.19,"meters"
"9899",2023-10-11 01:33:37,c(-112.044972558314, 38.4842432132161),2915.19,"meters"
"9900",2023-10-11 01:33:38,c(-112.044970861906, 38.4842422183323),2915.19,"meters"
"9901",2023-10-11 01:33:39,c(-112.044970396884, 38.4842415186996),2915.19,"meters"
"9902",2023-10-11 01:33:40,c(-112.044970979164, 38.4842413974792),2915.19,"meters"
"9903",2023-10-11 01:33:41,c(-112.044971708835, 38.4842417513089),2915.19,"meters"
"9904",2023-10-11 01:33:42,c(-112.044972598006, 38.4842420597017),2915.19,"meters"
"9905",2023-10-11 01:33:43,c(-112.044973300729, 38.4842424439002),2915.19,"meters"
"9906",2023-10-11 01:33:44,c(-112.044973714709, 38.4842423087078),2915.19,"meters"
"9907",2023-10-11 01:33:45,c(-112.044973837274, 38.4842423400176),2915.19,"meters"
"9908",2023-10-11 01:33:46,c(-112.044973678551, 38.4842423111789),2915.19,"meters"
"9909",2023-10-11 01:33:47,c(-112.044973379406, 38.484241927337),2915.19,"meters"
"9910",2023-10-11 01:33:48,c(-112.044973258021, 38.4842417960483),2915.19,"meters"
"9911",2023-10-11 01:33:49,c(-112.04497327163, 38.4842416563166),2915.19,"meters"
"9912",2023-10-11 01:33:50,c(-112.044972967101, 38.4842413679054),2915.19,"meters"
"9913",2023-10-11 01:33:51,c(-112.044972816127, 38.4842407442445),2915.19,"meters"
"9914",2023-10-11 01:33:52,c(-112.044973401634, 38.4842401992809),2915.19,"meters"
"9915",2023-10-11 01:33:53,c(-112.044974115084, 38.4842404895189),2915.19,"meters"
"9916",2023-10-11 01:33:54,c(-112.044974078314, 38.4842409145242),2915.19,"meters"
"9917",2023-10-11 01:33:55,c(-112.044973618751, 38.4842406502021),2915.19,"meters"
"9918",2023-10-11 01:33:56,c(-112.044972685602, 38.4842405287979),2915.19,"meters"
"9919",2023-10-11 01:33:57,c(-112.044972697272, 38.484240933888),2915.19,"meters"
"9920",2023-10-11 01:33:58,c(-112.044973385007, 38.4842411461714),2915.19,"meters"
"9921",2023-10-11 01:33:59,c(-112.044974522627, 38.4842413551911),2915.19,"meters"
"9922",2023-10-11 01:34:00,c(-112.04497512512, 38.4842413534373),2915.19,"meters"
"9923",2023-10-11 01:34:01,c(-112.044975585385, 38.4842413704762),2915.19,"meters"
"9924",2023-10-11 01:34:02,c(-112.044976628767, 38.4842408363383),2915.19,"meters"
"9925",2023-10-11 01:34:03,c(-112.044977428512, 38.4842404828329),2915.19,"meters"
"9926",2023-10-11 01:34:04,c(-112.044977430332, 38.4842403004477),2915.19,"meters"
"9927",2023-10-11 01:34:05,c(-112.044977416977, 38.4842401387981),2915.19,"meters"
"9928",2023-10-11 01:34:06,c(-112.04497719505, 38.4842394799335),2915.19,"meters"
"9929",2023-10-11 01:34:07,c(-112.044976425853, 38.484239273106),2915.19,"meters"
"9930",2023-10-11 01:34:08,c(-112.044974773738, 38.4842395504104),2915.19,"meters"
"9931",2023-10-11 01:34:09,c(-112.044974001924, 38.484240829299),2915.19,"meters"
"9932",2023-10-11 01:34:10,c(-112.044975096409, 38.484241810606),2915.19,"meters"
"9933",2023-10-11 01:34:11,c(-112.044976938897, 38.4842419663812),2915.19,"meters"
"9934",2023-10-11 01:34:12,c(-112.044978343173, 38.484241927885),2915.19,"meters"
"9935",2023-10-11 01:34:13,c(-112.044978108872, 38.4842420882393),2915.19,"meters"
"9936",2023-10-11 01:34:14,c(-112.044976961817, 38.4842418974841),2915.19,"meters"
"9937",2023-10-11 01:34:15,c(-112.044976820417, 38.4842413092659),2915.19,"meters"
"9938",2023-10-11 01:34:16,c(-112.044977383789, 38.4842410643198),2915.19,"meters"
"9939",2023-10-11 01:34:17,c(-112.044977655672, 38.4842412827411),2915.19,"meters"
"9940",2023-10-11 01:34:18,c(-112.044977190288, 38.4842418984008),2915.19,"meters"
"9941",2023-10-11 01:34:19,c(-112.044976986656, 38.4842420109667),2915.19,"meters"
"9942",2023-10-11 01:34:20,c(-112.044977403443, 38.4842412350624),2915.19,"meters"
"9943",2023-10-11 01:34:21,c(-112.044977170541, 38.4842406368301),2915.19,"meters"
"9944",2023-10-11 01:34:22,c(-112.044977243315, 38.4842409942269),2915.19,"meters"
"9945",2023-10-11 01:34:23,c(-112.044977890114, 38.4842410277965),2915.19,"meters"
"9946",2023-10-11 01:34:24,c(-112.044978095987, 38.4842412142371),2915.19,"meters"
"9947",2023-10-11 01:34:25,c(-112.044977469065, 38.4842411169309),2915.19,"meters"
"9948",2023-10-11 01:34:26,c(-112.044976962568, 38.4842411095629),2915.19,"meters"
"9949",2023-10-11 01:34:27,c(-112.04497713875, 38.4842413202266),2915.19,"meters"
"9950",2023-10-11 01:34:28,c(-112.044977630615, 38.4842423141881),2915.19,"meters"
"9951",2023-10-11 01:34:29,c(-112.044978570007, 38.4842427989035),2915.19,"meters"
"9952",2023-10-11 01:34:30,c(-112.044978596804, 38.4842428806943),2915.19,"meters"
"9953",2023-10-11 01:34:31,c(-112.044977714072, 38.4842427914746),2915.19,"meters"
"9954",2023-10-11 01:34:32,c(-112.044977343897, 38.4842428687969),2915.19,"meters"
"9955",2023-10-11 01:34:33,c(-112.044976094559, 38.4842439725454),2915.19,"meters"
"9956",2023-10-11 01:34:34,c(-112.044974773178, 38.484244849227),2915.19,"meters"
"9957",2023-10-11 01:34:35,c(-112.044974209478, 38.4842451744294),2915.19,"meters"
"9958",2023-10-11 01:34:36,c(-112.044974199917, 38.4842449359755),2915.19,"meters"
"9959",2023-10-11 01:34:37,c(-112.04497399195, 38.4842443448422),2915.19,"meters"
"9960",2023-10-11 01:34:38,c(-112.044973985259, 38.4842437281717),2915.19,"meters"
"9961",2023-10-11 01:34:39,c(-112.04497373331, 38.4842434458254),2915.19,"meters"
"9962",2023-10-11 01:34:40,c(-112.044973517749, 38.48424333871),2915.19,"meters"
"9963",2023-10-11 01:34:41,c(-112.044973362973, 38.4842432355027),2915.19,"meters"
"9964",2023-10-11 01:34:42,c(-112.044973893106, 38.4842434332206),2915.19,"meters"
"9965",2023-10-11 01:34:43,c(-112.044975380009, 38.4842440051473),2915.19,"meters"
"9966",2023-10-11 01:34:44,c(-112.044977250227, 38.4842441432515),2915.19,"meters"
"9967",2023-10-11 01:34:45,c(-112.04497901061, 38.4842444893789),2915.19,"meters"
"9968",2023-10-11 01:34:46,c(-112.044979391164, 38.4842445457875),2915.19,"meters"
"9969",2023-10-11 01:34:47,c(-112.044979303632, 38.4842443713427),2915.19,"meters"
"9970",2023-10-11 01:34:48,c(-112.044979251368, 38.484244155378),2915.19,"meters"
"9971",2023-10-11 01:34:49,c(-112.044979102462, 38.4842438211494),2915.19,"meters"
"9972",2023-10-11 01:34:50,c(-112.044978654329, 38.4842432938834),2915.19,"meters"
"9973",2023-10-11 01:34:51,c(-112.044978051733, 38.4842435618986),2915.19,"meters"
"9974",2023-10-11 01:34:52,c(-112.044976646617, 38.4842434308093),2915.19,"meters"
"9975",2023-10-11 01:34:53,c(-112.044976908088, 38.48424333871),2915.19,"meters"
"9976",2023-10-11 01:34:54,c(-112.0449763093, 38.4842426657925),2915.19,"meters"
"9977",2023-10-11 01:34:55,c(-112.044975865002, 38.4842425907851),2915.19,"meters"
"9978",2023-10-11 01:34:56,c(-112.044975072182, 38.4842425823454),2915.19,"meters"
"9979",2023-10-11 01:34:57,c(-112.044975215274, 38.4842425978697),2915.19,"meters"
"9980",2023-10-11 01:34:58,c(-112.044975214736, 38.4842424594887),2915.19,"meters"
"9981",2023-10-11 01:34:59,c(-112.044975115457, 38.4842418684783),2915.19,"meters"
"9982",2023-10-11 01:35:00,c(-112.044975970648, 38.4842414973208),2915.19,"meters"
"9983",2023-10-11 01:35:01,c(-112.044976554184, 38.484241250188),2915.19,"meters"
"9984",2023-10-11 01:35:02,c(-112.044975823952, 38.4842413032619),2915.19,"meters"
"9985",2023-10-11 01:35:03,c(-112.044974995435, 38.4842415464544),2915.19,"meters"
"9986",2023-10-11 01:35:04,c(-112.044975587295, 38.4842417115517),2915.19,"meters"
"9987",2023-10-11 01:35:05,c(-112.044976352793, 38.4842415502906),2915.19,"meters"
"9988",2023-10-11 01:35:06,c(-112.044976610872, 38.4842416066283),2915.19,"meters"
"9989",2023-10-11 01:35:07,c(-112.044976134177, 38.4842417769568),2915.19,"meters"
"9990",2023-10-11 01:35:08,c(-112.044974885917, 38.4842416524439),2915.19,"meters"
"9991",2023-10-11 01:35:09,c(-112.044974397004, 38.4842418074075),2915.19,"meters"
"9992",2023-10-11 01:35:10,c(-112.044974993753, 38.4842420110763),2915.19,"meters"
"9993",2023-10-11 01:35:11,c(-112.044975497325, 38.4842417983179),2915.19,"meters"
"9994",2023-10-11 01:35:12,c(-112.044975570108, 38.4842416560509),2915.19,"meters"
"9995",2023-10-11 01:35:13,c(-112.044975800158, 38.4842420207217),2915.19,"meters"
"9996",2023-10-11 01:35:14,c(-112.044976135016, 38.4842423896571),2915.19,"meters"
"9997",2023-10-11 01:35:15,c(-112.044975801855, 38.4842423132249),2915.19,"meters"
"9998",2023-10-11 01:35:16,c(-112.044975813285, 38.4842422544028),2915.19,"meters"
"9999",2023-10-11 01:35:17,c(-112.044976134736, 38.4842422610888),2915.19,"meters"
"10000",2023-10-11 01:35:18,c(-112.044976442424, 38.4842424971811),2915.19,"meters"
"10001",2023-10-11 01:35:19,c(-112.044976361546, 38.4842425797971),2915.19,"meters"
"10002",2023-10-11 01:35:20,c(-112.044976558743, 38.4842424166204),2915.19,"meters"
"10003",2023-10-11 01:35:21,c(-112.044977066064, 38.4842421405216),2915.19,"meters"
"10004",2023-10-11 01:35:22,c(-112.044976993646, 38.48424228579),2915.19,"meters"
"10005",2023-10-11 01:35:23,c(-112.044976798227, 38.484242883544),2915.19,"meters"
"10006",2023-10-11 01:35:24,c(-112.04497710785, 38.4842432622843),2915.19,"meters"
"10007",2023-10-11 01:35:25,c(-112.04497713668, 38.4842429785364),2915.19,"meters"
"10008",2023-10-11 01:35:26,c(-112.04497741634, 38.4842425077931),2915.19,"meters"
"10009",2023-10-11 01:35:27,c(-112.044977413666, 38.4842423539011),2915.19,"meters"
"10010",2023-10-11 01:35:28,c(-112.044977386497, 38.4842421920367),2915.19,"meters"
"10011",2023-10-11 01:35:29,c(-112.04497779474, 38.4842425770842),2915.19,"meters"
"10012",2023-10-11 01:35:30,c(-112.044977809726, 38.4842434302612),2915.19,"meters"
"10013",2023-10-11 01:35:31,c(-112.04497713861, 38.4842439269979),2915.19,"meters"
"10014",2023-10-11 01:35:32,c(-112.044976318902, 38.4842435866697),2915.19,"meters"
"10015",2023-10-11 01:35:33,c(-112.044975825507, 38.4842435055111),2915.19,"meters"
"10016",2023-10-11 01:35:34,c(-112.044975406294, 38.4842436628462),2915.19,"meters"
"10017",2023-10-11 01:35:35,c(-112.044974662818, 38.4842438171722),2915.19,"meters"
"10018",2023-10-11 01:35:36,c(-112.044974445894, 38.4842435898085),2915.19,"meters"
"10019",2023-10-11 01:35:37,c(-112.044975262928, 38.484243195813),2915.19,"meters"
"10020",2023-10-11 01:35:38,c(-112.044976035891, 38.4842433632551),2915.19,"meters"
"10021",2023-10-11 01:35:39,c(-112.044976779943, 38.4842433799519),2915.19,"meters"
"10022",2023-10-11 01:35:40,c(-112.044977300627, 38.4842432458718),2915.19,"meters"
"10023",2023-10-11 01:35:41,c(-112.044977050378, 38.4842427298758),2915.19,"meters"
"10024",2023-10-11 01:35:42,c(-112.044977118474, 38.4842419320379),2915.19,"meters"
"10025",2023-10-11 01:35:43,c(-112.044976927976, 38.4842415843782),2915.19,"meters"
"10026",2023-10-11 01:35:44,c(-112.044976507268, 38.4842418531333),2915.19,"meters"
"10027",2023-10-11 01:35:45,c(-112.044976594632, 38.4842420378801),2915.19,"meters"
"10028",2023-10-11 01:35:46,c(-112.044977180873, 38.4842422223733),2915.19,"meters"
"10029",2023-10-11 01:35:47,c(-112.044978055931, 38.4842427094889),2915.19,"meters"
"10030",2023-10-11 01:35:48,c(-112.044979397528, 38.4842431468985),2915.19,"meters"
"10031",2023-10-11 01:35:49,c(-112.044979612721, 38.4842430877409),2915.37,"meters"
"10032",2023-10-11 01:35:50,c(-112.044978688536, 38.4842429890951),2915.19,"meters"
"10033",2023-10-11 01:35:51,c(-112.044977682096, 38.4842429377384),2915.19,"meters"
"10034",2023-10-11 01:35:52,c(-112.044977490973, 38.4842431856195),2915.19,"meters"
"10035",2023-10-11 01:35:53,c(-112.044978039941, 38.4842434644585),2915.19,"meters"
"10036",2023-10-11 01:35:54,c(-112.044978261525, 38.4842431199653),2915.19,"meters"
"10037",2023-10-11 01:35:55,c(-112.044978334413, 38.4842431142048),2915.19,"meters"
"10038",2023-10-11 01:35:56,c(-112.044977458764, 38.4842430848912),2915.19,"meters"
"10039",2023-10-11 01:35:57,c(-112.04497653454, 38.4842419290708),2915.19,"meters"
"10040",2023-10-11 01:35:58,c(-112.044976679107, 38.4842402634008),2915.19,"meters"
"10041",2023-10-11 01:35:59,c(-112.044977800046, 38.4842390275875),2915.19,"meters"
"10042",2023-10-11 01:36:00,c(-112.044979039359, 38.4842381345138),2915.19,"meters"
"10043",2023-10-11 01:36:01,c(-112.044978845391, 38.4842373142188),2915.17,"meters"
"10044",2023-10-11 01:36:02,c(-112.04497810029, 38.4842369456619),2915.17,"meters"
"10045",2023-10-11 01:36:03,c(-112.044978283092, 38.484236846747),2915.17,"meters"
"10046",2023-10-11 01:36:04,c(-112.044978733709, 38.4842359594581),2915.17,"meters"
"10047",2023-10-11 01:36:05,c(-112.044977284683, 38.4842353306699),2915.17,"meters"
"10048",2023-10-11 01:36:06,c(-112.044977236678, 38.4842369094418),2915.17,"meters"
"10049",2023-10-11 01:36:07,c(-112.044978933045, 38.4842390320935),2915.19,"meters"
"10050",2023-10-11 01:36:08,c(-112.044979557402, 38.4842398528148),2915.37,"meters"
"10051",2023-10-11 01:36:09,c(-112.04497839656, 38.484239619064),2915.19,"meters"
"10052",2023-10-11 01:36:10,c(-112.044977527526, 38.4842396229699),2915.19,"meters"
"10053",2023-10-11 01:36:11,c(-112.044977880871, 38.4842412965515),2915.19,"meters"
"10054",2023-10-11 01:36:12,c(-112.044977816231, 38.4842423618171),2915.19,"meters"
"10055",2023-10-11 01:36:13,c(-112.044977458992, 38.4842424081508),2915.19,"meters"
"10056",2023-10-11 01:36:14,c(-112.044976975453, 38.4842420277365),2915.19,"meters"
"10057",2023-10-11 01:36:15,c(-112.044976185434, 38.4842413255486),2915.19,"meters"
"10058",2023-10-11 01:36:16,c(-112.044976474636, 38.4842410639666),2915.19,"meters"
"10059",2023-10-11 01:36:17,c(-112.044976654879, 38.4842412239921),2915.19,"meters"
"10060",2023-10-11 01:36:18,c(-112.044976412594, 38.4842416406063),2915.19,"meters"
"10061",2023-10-11 01:36:19,c(-112.044976294532, 38.4842422853118),2915.19,"meters"
"10062",2023-10-11 01:36:20,c(-112.044976620605, 38.484242743447),2915.19,"meters"
"10063",2023-10-11 01:36:21,c(-112.044976547182, 38.4842426683865),2915.19,"meters"
"10064",2023-10-11 01:36:22,c(-112.044975478466, 38.4842429068902),2915.19,"meters"
"10065",2023-10-11 01:36:23,c(-112.044974827267, 38.4842429015682),2915.19,"meters"
"10066",2023-10-11 01:36:24,c(-112.044974416102, 38.4842425998625),2915.19,"meters"
"10067",2023-10-11 01:36:25,c(-112.044974127176, 38.4842422077591),2915.19,"meters"
"10068",2023-10-11 01:36:26,c(-112.044975192202, 38.4842419698643),2915.19,"meters"
"10069",2023-10-11 01:36:27,c(-112.044978054326, 38.4842422471288),2915.19,"meters"
"10070",2023-10-11 01:36:28,c(-112.044980460983, 38.4842430106875),2915.37,"meters"
"10071",2023-10-11 01:36:29,c(-112.044980799219, 38.4842439054054),2915.37,"meters"
"10072",2023-10-11 01:36:30,c(-112.044980383133, 38.4842451154611),2915.37,"meters"
"10073",2023-10-11 01:36:31,c(-112.044978546286, 38.4842460047385),2915.19,"meters"
"10074",2023-10-11 01:36:32,c(-112.044976807534, 38.4842473851925),2915.2,"meters"
"10075",2023-10-11 01:36:33,c(-112.044976354738, 38.4842465537786),2915.19,"meters"
"10076",2023-10-11 01:36:34,c(-112.044976583874, 38.4842445196403),2915.19,"meters"
"10077",2023-10-11 01:36:35,c(-112.044977815467, 38.4842421716499),2915.19,"meters"
"10078",2023-10-11 01:36:36,c(-112.044979154352, 38.484240596754),2915.19,"meters"
"10079",2023-10-11 01:36:37,c(-112.044980293858, 38.4842391994262),2915.37,"meters"
"10080",2023-10-11 01:36:38,c(-112.044980868123, 38.4842385877366),2915.37,"meters"
"10081",2023-10-11 01:36:39,c(-112.044981157185, 38.4842386938357),2915.37,"meters"
"10082",2023-10-11 01:36:40,c(-112.044981718655, 38.484239847444),2915.37,"meters"
"10083",2023-10-11 01:36:41,c(-112.044982548653, 38.4842406742424),2915.37,"meters"
"10084",2023-10-11 01:36:42,c(-112.044980588588, 38.4842397713772),2915.37,"meters"
"10085",2023-10-11 01:36:43,c(-112.04497721844, 38.4842398877792),2915.19,"meters"
"10086",2023-10-11 01:36:44,c(-112.044976118719, 38.4842414622466),2915.19,"meters"
"10087",2023-10-11 01:36:45,c(-112.044977289021, 38.4842428966968),2915.19,"meters"
"10088",2023-10-11 01:36:46,c(-112.044979009947, 38.4842437400092),2915.19,"meters"
"10089",2023-10-11 01:36:47,c(-112.044981150041, 38.4842448130568),2915.37,"meters"
"10090",2023-10-11 01:36:48,c(-112.044982975788, 38.4842462546413),2915.37,"meters"
"10091",2023-10-11 01:36:49,c(-112.044983364362, 38.4842472851582),2915.4,"meters"
"10092",2023-10-11 01:36:50,c(-112.044982646036, 38.4842479529442),2915.4,"meters"
"10093",2023-10-11 01:36:51,c(-112.044983041688, 38.4842478653786),2915.4,"meters"
"10094",2023-10-11 01:36:52,c(-112.044982751227, 38.4842462330091),2915.37,"meters"
"10095",2023-10-11 01:36:53,c(-112.044979705388, 38.4842424610611),2915.37,"meters"
"10096",2023-10-11 01:36:54,c(-112.044972859427, 38.4842360078071),2915.17,"meters"
"10097",2023-10-11 01:36:55,c(-112.044963176544, 38.4842280670478),2914.97,"meters"
"10098",2023-10-11 01:36:56,c(-112.044951935625, 38.4842192227899),2914.73,"meters"
"10099",2023-10-11 01:36:57,c(-112.044941041595, 38.4842107239021),2914.43,"meters"
"10100",2023-10-11 01:36:58,c(-112.044930679684, 38.4842026290969),2914.17,"meters"
"10101",2023-10-11 01:36:59,c(-112.044921759707, 38.4841950958423),2914.03,"meters"
"10102",2023-10-11 01:37:00,c(-112.044916362249, 38.4841903015809),2913.67,"meters"
"10103",2023-10-11 01:37:01,c(-112.044913636352, 38.4841881268284),2913.67,"meters"
"10104",2023-10-11 01:37:02,c(-112.044913308889, 38.4841877217726),2913.67,"meters"
"10105",2023-10-11 01:37:03,c(-112.044914082739, 38.4841875377433),2913.67,"meters"
"10106",2023-10-11 01:37:04,c(-112.044915001665, 38.4841874747196),2913.67,"meters"
"10107",2023-10-11 01:37:05,c(-112.044914980952, 38.4841875338572),2913.67,"meters"
"10108",2023-10-11 01:37:06,c(-112.044913791361, 38.4841875524306),2913.67,"meters"
"10109",2023-10-11 01:37:07,c(-112.04491262436, 38.4841876024111),2913.67,"meters"
"10110",2023-10-11 01:37:08,c(-112.044912255859, 38.4841876799029),2913.67,"meters"
"10111",2023-10-11 01:37:09,c(-112.0449130829, 38.4841874120944),2913.67,"meters"
"10112",2023-10-11 01:37:10,c(-112.044913922305, 38.4841871254037),2913.67,"meters"
"10113",2023-10-11 01:37:11,c(-112.044914767642, 38.4841872864156),2913.67,"meters"
"10114",2023-10-11 01:37:12,c(-112.044915863699, 38.4841881209716),2913.67,"meters"
"10115",2023-10-11 01:37:13,c(-112.044916622456, 38.4841891688872),2913.67,"meters"
"10116",2023-10-11 01:37:14,c(-112.04491660285, 38.4841894279074),2913.67,"meters"
"10117",2023-10-11 01:37:15,c(-112.044916163796, 38.4841896125942),2913.67,"meters"
"10118",2023-10-11 01:37:16,c(-112.04491611982, 38.4841906302906),2913.67,"meters"
"10119",2023-10-11 01:37:17,c(-112.044916098322, 38.4841909681527),2913.67,"meters"
"10120",2023-10-11 01:37:18,c(-112.044915976207, 38.4841897069777),2913.67,"meters"
"10121",2023-10-11 01:37:19,c(-112.044916093595, 38.4841888217835),2913.67,"meters"
"10122",2023-10-11 01:37:20,c(-112.044916241102, 38.4841877862213),2913.67,"meters"
"10123",2023-10-11 01:37:21,c(-112.044916432753, 38.4841864308174),2913.67,"meters"
"10124",2023-10-11 01:37:22,c(-112.044916380872, 38.4841859770564),2913.67,"meters"
"10125",2023-10-11 01:37:23,c(-112.044916102563, 38.4841867049775),2913.67,"meters"
"10126",2023-10-11 01:37:24,c(-112.044916279335, 38.4841872281049),2913.67,"meters"
"10127",2023-10-11 01:37:25,c(-112.044917244135, 38.484188107697),2913.67,"meters"
"10128",2023-10-11 01:37:26,c(-112.044918229077, 38.4841882985121),2913.67,"meters"
"10129",2023-10-11 01:37:27,c(-112.044918157398, 38.4841874476468),2913.67,"meters"
"10130",2023-10-11 01:37:28,c(-112.044917747676, 38.4841866851266),2913.67,"meters"
"10131",2023-10-11 01:37:29,c(-112.044916725114, 38.4841866839087),2913.67,"meters"
"10132",2023-10-11 01:37:30,c(-112.04491599066, 38.4841871504213),2913.67,"meters"
"10133",2023-10-11 01:37:31,c(-112.044915323691, 38.4841863304777),2913.67,"meters"
"10134",2023-10-11 01:37:32,c(-112.044916010595, 38.4841865582265),2913.67,"meters"
"10135",2023-10-11 01:37:33,c(-112.044918375364, 38.4841891124897),2913.67,"meters"
"10136",2023-10-11 01:37:34,c(-112.044918799104, 38.4841901277449),2913.67,"meters"
"10137",2023-10-11 01:37:35,c(-112.044918017349, 38.4841898917621),2913.67,"meters"
"10138",2023-10-11 01:37:36,c(-112.044917399109, 38.484189635977),2913.67,"meters"
"10139",2023-10-11 01:37:37,c(-112.044917094169, 38.484189383716),2913.67,"meters"
"10140",2023-10-11 01:37:38,c(-112.044916849757, 38.4841895749993),2913.67,"meters"
"10141",2023-10-11 01:37:39,c(-112.044916509717, 38.4841896598347),2913.67,"meters"
"10142",2023-10-11 01:37:40,c(-112.044916825248, 38.4841894386488),2913.67,"meters"
"10143",2023-10-11 01:37:41,c(-112.044917388106, 38.484190033812),2913.67,"meters"
"10144",2023-10-11 01:37:42,c(-112.044916987007, 38.4841901878093),2913.67,"meters"
"10145",2023-10-11 01:37:43,c(-112.044915274095, 38.4841885201829),2913.67,"meters"
"10146",2023-10-11 01:37:44,c(-112.044914321447, 38.4841877196901),2913.67,"meters"
"10147",2023-10-11 01:37:45,c(-112.044914291569, 38.4841877361311),2913.67,"meters"
"10148",2023-10-11 01:37:46,c(-112.044915370555, 38.4841881460593),2913.67,"meters"
"10149",2023-10-11 01:37:47,c(-112.044916783653, 38.4841887784889),2913.67,"meters"
"10150",2023-10-11 01:37:48,c(-112.04491743627, 38.484188632214),2913.67,"meters"
"10151",2023-10-11 01:37:49,c(-112.044918163154, 38.4841881115942),2913.67,"meters"
"10152",2023-10-11 01:37:50,c(-112.044918734146, 38.4841879137932),2913.67,"meters"
"10153",2023-10-11 01:37:51,c(-112.044917961174, 38.4841883410372),2913.67,"meters"
"10154",2023-10-11 01:37:52,c(-112.044917279797, 38.4841889672113),2913.67,"meters"
"10155",2023-10-11 01:37:53,c(-112.044918165099, 38.4841896874556),2913.67,"meters"
"10156",2023-10-11 01:37:54,c(-112.044918592951, 38.4841891243583),2913.67,"meters"
"10157",2023-10-11 01:37:55,c(-112.044918437917, 38.4841881668847),2913.67,"meters"
"10158",2023-10-11 01:37:56,c(-112.044917212957, 38.4841868534999),2913.67,"meters"
"10159",2023-10-11 01:37:57,c(-112.044916707607, 38.4841866021422),2913.67,"meters"
"10160",2023-10-11 01:37:58,c(-112.044916684078, 38.4841872682331),2913.67,"meters"
"10161",2023-10-11 01:37:59,c(-112.044916249227, 38.4841877367887),2913.67,"meters"
"10162",2023-10-11 01:38:00,c(-112.044915405709, 38.4841866692215),2913.67,"meters"
"10163",2023-10-11 01:38:01,c(-112.044915246281, 38.4841864712721),2913.67,"meters"
"10164",2023-10-11 01:38:02,c(-112.044914757281, 38.4841863681324),2913.67,"meters"
"10165",2023-10-11 01:38:03,c(-112.044913940979, 38.4841862670387),2913.67,"meters"
"10166",2023-10-11 01:38:04,c(-112.044913975664, 38.4841875547322),2913.67,"meters"
"10167",2023-10-11 01:38:05,c(-112.044914816711, 38.4841896994823),2913.67,"meters"
"10168",2023-10-11 01:38:06,c(-112.044915186532, 38.4841898322458),2913.67,"meters"
"10169",2023-10-11 01:38:07,c(-112.044914762602, 38.4841885227404),2913.67,"meters"
"10170",2023-10-11 01:38:08,c(-112.044915387603, 38.4841878574954),2913.67,"meters"
"10171",2023-10-11 01:38:09,c(-112.044916778191, 38.4841871935789),2913.67,"meters"
"10172",2023-10-11 01:38:10,c(-112.044917670166, 38.4841868358233),2913.67,"meters"
"10173",2023-10-11 01:38:11,c(-112.044917821746, 38.4841876273771),2913.67,"meters"
"10174",2023-10-11 01:38:12,c(-112.044917705318, 38.4841881119717),2913.67,"meters"
"10175",2023-10-11 01:38:13,c(-112.044918287897, 38.4841894295514),2913.67,"meters"
"10176",2023-10-11 01:38:14,c(-112.044918796162, 38.4841902805363),2913.67,"meters"
"10177",2023-10-11 01:38:15,c(-112.044918950232, 38.4841889729796),2913.67,"meters"
"10178",2023-10-11 01:38:16,c(-112.044919602705, 38.4841880309726),2913.67,"meters"
"10179",2023-10-11 01:38:17,c(-112.044920259677, 38.484186894134),2913.67,"meters"
"10180",2023-10-11 01:38:18,c(-112.044922114807, 38.4841865758964),2913.89,"meters"
"10181",2023-10-11 01:38:19,c(-112.044922525226, 38.4841868686566),2913.89,"meters"
"10182",2023-10-11 01:38:20,c(-112.044921834253, 38.4841866361203),2913.89,"meters"
"10183",2023-10-11 01:38:21,c(-112.044921452376, 38.4841873408501),2913.89,"meters"
"10184",2023-10-11 01:38:22,c(-112.044921581883, 38.4841890163349),2913.89,"meters"
"10185",2023-10-11 01:38:23,c(-112.044921593508, 38.4841896680552),2913.89,"meters"
"10186",2023-10-11 01:38:24,c(-112.044921232414, 38.4841890495823),2913.67,"meters"
"10187",2023-10-11 01:38:25,c(-112.044920189935, 38.4841870088921),2913.67,"meters"
"10188",2023-10-11 01:38:26,c(-112.044917954455, 38.4841854520313),2913.67,"meters"
"10189",2023-10-11 01:38:27,c(-112.044916404447, 38.4841874339824),2913.67,"meters"
"10190",2023-10-11 01:38:28,c(-112.044915741687, 38.4841887492239),2913.67,"meters"
"10191",2023-10-11 01:38:29,c(-112.044914508987, 38.4841877470919),2913.67,"meters"
"10192",2023-10-11 01:38:30,c(-112.044913640806, 38.4841849140075),2913.67,"meters"
"10193",2023-10-11 01:38:31,c(-112.044915797309, 38.4841837690733),2913.57,"meters"
"10194",2023-10-11 01:38:32,c(-112.044918209059, 38.484184731208),2913.67,"meters"
"10195",2023-10-11 01:38:33,c(-112.044918781177, 38.4841856112995),2913.67,"meters"
"10196",2023-10-11 01:38:34,c(-112.044918883554, 38.4841880158468),2913.67,"meters"
"10197",2023-10-11 01:38:35,c(-112.04491821902, 38.484189685931),2913.67,"meters"
"10198",2023-10-11 01:38:36,c(-112.044916830821, 38.4841904143049),2913.67,"meters"
"10199",2023-10-11 01:38:37,c(-112.044916311674, 38.4841921550664),2913.67,"meters"
"10200",2023-10-11 01:38:38,c(-112.044917110247, 38.4841924692685),2913.67,"meters"
"10201",2023-10-11 01:38:39,c(-112.04491788374, 38.4841916280386),2913.67,"meters"
"10202",2023-10-11 01:38:40,c(-112.044917977512, 38.4841907052493),2913.67,"meters"
"10203",2023-10-11 01:38:41,c(-112.044918031226, 38.4841898153664),2913.67,"meters"
"10204",2023-10-11 01:38:42,c(-112.044917665981, 38.4841894188344),2913.67,"meters"
"10205",2023-10-11 01:38:43,c(-112.044917540671, 38.4841888722523),2913.67,"meters"
"10206",2023-10-11 01:38:44,c(-112.044917561768, 38.4841880445638),2913.67,"meters"
"10207",2023-10-11 01:38:45,c(-112.044917020042, 38.4841877428293),2913.67,"meters"
"10208",2023-10-11 01:38:46,c(-112.044916528064, 38.4841875838877),2913.67,"meters"
"10209",2023-10-11 01:38:47,c(-112.044916278216, 38.484187701605),2913.67,"meters"
"10210",2023-10-11 01:38:48,c(-112.044916508762, 38.484188128622),2913.67,"meters"
"10211",2023-10-11 01:38:49,c(-112.044916306225, 38.4841877359119),2913.67,"meters"
"10212",2023-10-11 01:38:50,c(-112.04491714484, 38.4841871934572),2913.67,"meters"
"10213",2023-10-11 01:38:51,c(-112.044917747752, 38.4841863767913),2913.67,"meters"
"10214",2023-10-11 01:38:52,c(-112.044917838085, 38.484186213099),2913.67,"meters"
"10215",2023-10-11 01:38:53,c(-112.044917942141, 38.4841868462359),2913.67,"meters"
"10216",2023-10-11 01:38:54,c(-112.0449179392, 38.4841873984335),2913.67,"meters"
"10217",2023-10-11 01:38:55,c(-112.044918392213, 38.4841873117104),2913.67,"meters"
"10218",2023-10-11 01:38:56,c(-112.044918198992, 38.4841869309618),2913.67,"meters"
"10219",2023-10-11 01:38:57,c(-112.044918053761, 38.4841869244949),2913.67,"meters"
"10220",2023-10-11 01:38:58,c(-112.044917298896, 38.4841876167596),2913.67,"meters"
"10221",2023-10-11 01:38:59,c(-112.044916682538, 38.4841882716684),2913.67,"meters"
"10222",2023-10-11 01:39:00,c(-112.044916608452, 38.4841897847861),2913.67,"meters"
"10223",2023-10-11 01:39:01,c(-112.044916730154, 38.484190913733),2913.67,"meters"
"10224",2023-10-11 01:39:02,c(-112.044917839795, 38.4841913396273),2913.67,"meters"
"10225",2023-10-11 01:39:03,c(-112.044918804043, 38.4841907631637),2913.67,"meters"
"10226",2023-10-11 01:39:04,c(-112.044918058898, 38.4841889717617),2913.67,"meters"
"10227",2023-10-11 01:39:05,c(-112.044916425269, 38.4841883522292),2913.67,"meters"
"10228",2023-10-11 01:39:06,c(-112.044915351064, 38.4841883288033),2913.67,"meters"
"10229",2023-10-11 01:39:07,c(-112.04491582791, 38.4841883940136),2913.67,"meters"
"10230",2023-10-11 01:39:08,c(-112.044916138269, 38.4841886655942),2913.67,"meters"
"10231",2023-10-11 01:39:09,c(-112.044914802128, 38.4841882110926),2913.67,"meters"
"10232",2023-10-11 01:39:10,c(-112.04491475994, 38.484187778768),2913.67,"meters"
"10233",2023-10-11 01:39:11,c(-112.044916433949, 38.4841880269171),2913.67,"meters"
"10234",2023-10-11 01:39:12,c(-112.044917886083, 38.4841883850015),2913.67,"meters"
"10235",2023-10-11 01:39:13,c(-112.044918633565, 38.4841885462449),2913.67,"meters"
"10236",2023-10-11 01:39:14,c(-112.044919019591, 38.4841889601367),2913.67,"meters"
"10237",2023-10-11 01:39:15,c(-112.044919530658, 38.4841893417445),2913.67,"meters"
"10238",2023-10-11 01:39:16,c(-112.044920578977, 38.4841893628908),2913.67,"meters"
"10239",2023-10-11 01:39:17,c(-112.04492032088, 38.4841882829579),2913.67,"meters"
"10240",2023-10-11 01:39:18,c(-112.044919430166, 38.4841875391682),2913.67,"meters"
"10241",2023-10-11 01:39:19,c(-112.044918942763, 38.4841880285368),2913.67,"meters"
"10242",2023-10-11 01:39:20,c(-112.044919796114, 38.4841886117774),2913.67,"meters"
"10243",2023-10-11 01:39:21,c(-112.044920328162, 38.4841882540218),2913.67,"meters"
"10244",2023-10-11 01:39:22,c(-112.044920581791, 38.4841883768906),2913.67,"meters"
"10245",2023-10-11 01:39:23,c(-112.044920760405, 38.4841895528089),2913.67,"meters"
"10246",2023-10-11 01:39:24,c(-112.044921540428, 38.4841900588024),2913.89,"meters"
"10247",2023-10-11 01:39:25,c(-112.044921997705, 38.4841884702512),2913.89,"meters"
"10248",2023-10-11 01:39:26,c(-112.044921476822, 38.4841865796829),2913.89,"meters"
"10249",2023-10-11 01:39:27,c(-112.044920848834, 38.4841862782429),2913.67,"meters"
"10250",2023-10-11 01:39:28,c(-112.044920393604, 38.4841863327693),2913.67,"meters"
"10251",2023-10-11 01:39:29,c(-112.044919417843, 38.4841867494534),2913.67,"meters"
"10252",2023-10-11 01:39:30,c(-112.0449184778, 38.4841870157728),2913.67,"meters"
"10253",2023-10-11 01:39:31,c(-112.044917633894, 38.4841875107801),2913.67,"meters"
"10254",2023-10-11 01:39:32,c(-112.044917277633, 38.4841880789005),2913.67,"meters"
"10255",2023-10-11 01:39:33,c(-112.044917147221, 38.4841886698688),2913.67,"meters"
"10256",2023-10-11 01:39:34,c(-112.044918475307, 38.4841887325759),2913.67,"meters"
"10257",2023-10-11 01:39:35,c(-112.044920304492, 38.4841896243222),2913.67,"meters"
"10258",2023-10-11 01:39:36,c(-112.044920849566, 38.4841890201712),2913.67,"meters"
"10259",2023-10-11 01:39:37,c(-112.044920062489, 38.4841882235512),2913.67,"meters"
"10260",2023-10-11 01:39:38,c(-112.044919458965, 38.4841878892813),2913.67,"meters"
"10261",2023-10-11 01:39:39,c(-112.044920063468, 38.4841863055228),2913.67,"meters"
"10262",2023-10-11 01:39:40,c(-112.044921023226, 38.4841844299608),2913.67,"meters"
"10263",2023-10-11 01:39:41,c(-112.044920793381, 38.4841840458795),2913.67,"meters"
"10264",2023-10-11 01:39:42,c(-112.044921024767, 38.4841846523523),2913.67,"meters"
"10265",2023-10-11 01:39:43,c(-112.044920729964, 38.4841848699212),2913.67,"meters"
"10266",2023-10-11 01:39:44,c(-112.044920739595, 38.4841847556869),2913.67,"meters"
"10267",2023-10-11 01:39:45,c(-112.044920655242, 38.4841854520312),2913.67,"meters"
"10268",2023-10-11 01:39:46,c(-112.044919808299, 38.4841874929142),2913.67,"meters"
"10269",2023-10-11 01:39:47,c(-112.044919763903, 38.4841895153732),2913.67,"meters"
"10270",2023-10-11 01:39:48,c(-112.044919358865, 38.4841917256857),2913.67,"meters"
"10271",2023-10-11 01:39:49,c(-112.044919491227, 38.4841926404737),2913.67,"meters"
"10272",2023-10-11 01:39:50,c(-112.044920045644, 38.4841931557738),2913.81,"meters"
"10273",2023-10-11 01:39:51,c(-112.044920483616, 38.4841927187207),2913.67,"meters"
"10274",2023-10-11 01:39:52,c(-112.044920435363, 38.4841925849233),2913.67,"meters"
"10275",2023-10-11 01:39:53,c(-112.044920361463, 38.4841924696704),2913.67,"meters"
"10276",2023-10-11 01:39:54,c(-112.044919900032, 38.4841917388508),2913.67,"meters"
"10277",2023-10-11 01:39:55,c(-112.044919481004, 38.484191777761),2913.67,"meters"
"10278",2023-10-11 01:39:56,c(-112.04491904722, 38.4841922505237),2913.67,"meters"
"10279",2023-10-11 01:39:57,c(-112.044918674335, 38.4841925505355),2913.67,"meters"
"10280",2023-10-11 01:39:58,c(-112.044918838737, 38.484192684426),2913.67,"meters"
"10281",2023-10-11 01:39:59,c(-112.044918516205, 38.4841925412799),2913.67,"meters"
"10282",2023-10-11 01:40:00,c(-112.044917454351, 38.4841921070389),2913.67,"meters"
"10283",2023-10-11 01:40:01,c(-112.044916390909, 38.4841914800455),2913.67,"meters"
"10284",2023-10-11 01:40:02,c(-112.044916365275, 38.4841905908822),2913.67,"meters"
"10285",2023-10-11 01:40:03,c(-112.044916809967, 38.4841892143574),2913.67,"meters"
"10286",2023-10-11 01:40:04,c(-112.044915010239, 38.4841864414793),2913.67,"meters"
"10287",2023-10-11 01:40:05,c(-112.044906904136, 38.4841772396046),2913.37,"meters"
"10288",2023-10-11 01:40:06,c(-112.044887663647, 38.4841637155391),2912.9,"meters"
"10289",2023-10-11 01:40:07,c(-112.044851907808, 38.4841509403538),2911.28,"meters"
"10290",2023-10-11 01:40:08,c(-112.044808635425, 38.4841303487612),2910.07,"meters"
"10291",2023-10-11 01:40:09,c(-112.044778454803, 38.4840977060868),2909.4,"meters"
"10292",2023-10-11 01:40:10,c(-112.044748168108, 38.4840600050058),2908.26,"meters"
"10293",2023-10-11 01:40:11,c(-112.044714672302, 38.4840198310361),2906.5,"meters"
"10294",2023-10-11 01:40:12,c(-112.044678691935, 38.4839785003193),2905.2,"meters"
"10295",2023-10-11 01:40:13,c(-112.044642286255, 38.4839357738136),2903.54,"meters"
"10296",2023-10-11 01:40:14,c(-112.044605143379, 38.4838907331161),2902.91,"meters"
"10297",2023-10-11 01:40:15,c(-112.044567132833, 38.4838447411118),2902.34,"meters"
"10298",2023-10-11 01:40:16,c(-112.044529765649, 38.4837999239338),2901.78,"meters"
"10299",2023-10-11 01:40:17,c(-112.044495692422, 38.4837596585808),2901.18,"meters"
"10300",2023-10-11 01:40:18,c(-112.04446662822, 38.4837242909664),2900.85,"meters"
"10301",2023-10-11 01:40:19,c(-112.044449245973, 38.4837025230264),2900.69,"meters"
"10302",2023-10-11 01:40:20,c(-112.044443367087, 38.4836956909731),2900.53,"meters"
"10303",2023-10-11 01:40:21,c(-112.044440841931, 38.4836928213453),2900.53,"meters"
"10304",2023-10-11 01:40:22,c(-112.044440281874, 38.4836918732934),2900.45,"meters"
"10305",2023-10-11 01:40:23,c(-112.044440969997, 38.4836912122322),2900.45,"meters"
"10306",2023-10-11 01:40:24,c(-112.044442230582, 38.4836904932136),2900.45,"meters"
"10307",2023-10-11 01:40:25,c(-112.044443855575, 38.4836894154529),2900.45,"meters"
"10308",2023-10-11 01:40:26,c(-112.044444193233, 38.4836896745625),2900.59,"meters"
"10309",2023-10-11 01:40:27,c(-112.044441844431, 38.4836916414811),2900.45,"meters"
"10310",2023-10-11 01:40:28,c(-112.044440003099, 38.4836919749838),2900.45,"meters"
"10311",2023-10-11 01:40:29,c(-112.044439647933, 38.4836910812525),2900.45,"meters"
"10312",2023-10-11 01:40:30,c(-112.044439675927, 38.4836902345545),2900.45,"meters"
"10313",2023-10-11 01:40:31,c(-112.044440247203, 38.4836902076886),2900.45,"meters"
"10314",2023-10-11 01:40:32,c(-112.044440599644, 38.4836904590263),2900.45,"meters"
"10315",2023-10-11 01:40:33,c(-112.044440686305, 38.4836909010837),2900.45,"meters"
"10316",2023-10-11 01:40:34,c(-112.044440904697, 38.4836915377535),2900.45,"meters"
"10317",2023-10-11 01:40:35,c(-112.044440289188, 38.4836918849847),2900.45,"meters"
"10318",2023-10-11 01:40:36,c(-112.044439976297, 38.4836917095368),2900.45,"meters"
"10319",2023-10-11 01:40:37,c(-112.044440187107, 38.4836916674767),2900.45,"meters"
"10320",2023-10-11 01:40:38,c(-112.04444074872, 38.4836915837982),2900.45,"meters"
"10321",2023-10-11 01:40:39,c(-112.044440636401, 38.4836914995108),2900.45,"meters"
"10322",2023-10-11 01:40:40,c(-112.044439991067, 38.483691180536),2900.45,"meters"
"10323",2023-10-11 01:40:41,c(-112.044439343854, 38.4836899086578),2900.45,"meters"
"10324",2023-10-11 01:40:42,c(-112.044439574686, 38.4836891506436),2900.45,"meters"
"10325",2023-10-11 01:40:43,c(-112.044441100382, 38.4836892764718),2900.45,"meters"
"10326",2023-10-11 01:40:44,c(-112.044442593182, 38.4836906181549),2900.45,"meters"
"10327",2023-10-11 01:40:45,c(-112.044442264895, 38.483691270762),2900.45,"meters"
"10328",2023-10-11 01:40:46,c(-112.044441662293, 38.4836918449174),2900.45,"meters"
"10329",2023-10-11 01:40:47,c(-112.044442288282, 38.4836924546218),2900.45,"meters"
"10330",2023-10-11 01:40:48,c(-112.044442755003, 38.4836928088899),2900.53,"meters"
"10331",2023-10-11 01:40:49,c(-112.044442330159, 38.4836927629449),2900.53,"meters"
"10332",2023-10-11 01:40:50,c(-112.044441658092, 38.4836925046268),2900.45,"meters"
"10333",2023-10-11 01:40:51,c(-112.044441241835, 38.4836919757511),2900.45,"meters"
"10334",2023-10-11 01:40:52,c(-112.044441111334, 38.4836919065296),2900.45,"meters"
"10335",2023-10-11 01:40:53,c(-112.044440833731, 38.4836915753585),2900.45,"meters"
"10336",2023-10-11 01:40:54,c(-112.044439591354, 38.4836904340261),2900.45,"meters"
"10337",2023-10-11 01:40:55,c(-112.044438583387, 38.4836893540489),2900.45,"meters"
"10338",2023-10-11 01:40:56,c(-112.044438271515, 38.4836891907794),2900.45,"meters"
"10339",2023-10-11 01:40:57,c(-112.044438455475, 38.4836900226485),2900.45,"meters"
"10340",2023-10-11 01:40:58,c(-112.044440028368, 38.4836903771203),2900.45,"meters"
"10341",2023-10-11 01:40:59,c(-112.044443304445, 38.4836912957888),2900.45,"meters"
"10342",2023-10-11 01:41:00,c(-112.044446900079, 38.4836932460205),2900.67,"meters"
"10343",2023-10-11 01:41:01,c(-112.044446139642, 38.4836938876172),2900.67,"meters"
"10344",2023-10-11 01:41:02,c(-112.044442749749, 38.4836923692385),2900.45,"meters"
"10345",2023-10-11 01:41:03,c(-112.044440223521, 38.483691311012),2900.45,"meters"
"10346",2023-10-11 01:41:04,c(-112.044440165274, 38.4836910999951),2900.45,"meters"
"10347",2023-10-11 01:41:05,c(-112.044440731927, 38.4836908377666),2900.45,"meters"
"10348",2023-10-11 01:41:06,c(-112.044440445795, 38.4836897394497),2900.45,"meters"
"10349",2023-10-11 01:41:07,c(-112.044439367664, 38.4836886036098),2900.45,"meters"
"10350",2023-10-11 01:41:08,c(-112.04443890343, 38.4836891174327),2900.45,"meters"
"10351",2023-10-11 01:41:09,c(-112.04443881646, 38.4836901297584),2900.45,"meters"
"10352",2023-10-11 01:41:10,c(-112.044439608348, 38.4836901352886),2900.45,"meters"
"10353",2023-10-11 01:41:11,c(-112.044441039229, 38.4836898359521),2900.45,"meters"
"10354",2023-10-11 01:41:12,c(-112.044441155983, 38.4836897323252),2900.45,"meters"
"10355",2023-10-11 01:41:13,c(-112.044441909614, 38.4836910214072),2900.45,"meters"
"10356",2023-10-11 01:41:14,c(-112.044442534628, 38.4836919851772),2900.45,"meters"
"10357",2023-10-11 01:41:15,c(-112.044443440468, 38.483692160438),2900.45,"meters"
"10358",2023-10-11 01:41:16,c(-112.044443336972, 38.483692515222),2900.45,"meters"
"10359",2023-10-11 01:41:17,c(-112.044443112766, 38.4836928805328),2900.53,"meters"
"10360",2023-10-11 01:41:18,c(-112.044442483232, 38.4836927935251),2900.53,"meters"
"10361",2023-10-11 01:41:19,c(-112.044441267605, 38.483692342056),2900.45,"meters"
"10362",2023-10-11 01:41:20,c(-112.044440760686, 38.4836910200676),2900.45,"meters"
"10363",2023-10-11 01:41:21,c(-112.044440952951, 38.4836913256151),2900.45,"meters"
"10364",2023-10-11 01:41:22,c(-112.044440035388, 38.4836911701068),2900.45,"meters"
"10365",2023-10-11 01:41:23,c(-112.044439037204, 38.4836907606435),2900.45,"meters"
"10366",2023-10-11 01:41:24,c(-112.04443842342, 38.4836913067495),2900.45,"meters"
"10367",2023-10-11 01:41:25,c(-112.044437944564, 38.4836927357524),2900.53,"meters"
"10368",2023-10-11 01:41:26,c(-112.044438160749, 38.4836932295398),2900.53,"meters"
"10369",2023-10-11 01:41:27,c(-112.044438208506, 38.4836917316575),2900.45,"meters"
"10370",2023-10-11 01:41:28,c(-112.044437752272, 38.4836897198911),2900.45,"meters"
"10371",2023-10-11 01:41:29,c(-112.0444373738, 38.4836879148603),2900.45,"meters"
"10372",2023-10-11 01:41:30,c(-112.044437022568, 38.4836869879978),2900.45,"meters"
"10373",2023-10-11 01:41:31,c(-112.044437315129, 38.4836866803323),2900.45,"meters"
"10374",2023-10-11 01:41:32,c(-112.044439251888, 38.4836870994432),2900.45,"meters"
"10375",2023-10-11 01:41:33,c(-112.044441257492, 38.4836882635084),2900.45,"meters"
"10376",2023-10-11 01:41:34,c(-112.044442305787, 38.4836895559683),2900.45,"meters"
"10377",2023-10-11 01:41:35,c(-112.044444108503, 38.4836912841339),2900.45,"meters"
"10378",2023-10-11 01:41:36,c(-112.044444770921, 38.4836922690945),2900.59,"meters"
"10379",2023-10-11 01:41:37,c(-112.044443934983, 38.4836919369205),2900.45,"meters"
"10380",2023-10-11 01:41:38,c(-112.044443750118, 38.4836911366037),2900.45,"meters"
"10381",2023-10-11 01:41:39,c(-112.04444273196, 38.4836911652109),2900.45,"meters"
"10382",2023-10-11 01:41:40,c(-112.044440887669, 38.4836910122735),2900.45,"meters"
"10383",2023-10-11 01:41:41,c(-112.04444059226, 38.4836902048389),2900.45,"meters"
"10384",2023-10-11 01:41:42,c(-112.044438568856, 38.4836880494272),2900.45,"meters"
"10385",2023-10-11 01:41:43,c(-112.04443702775, 38.4836873934322),2900.45,"meters"
"10386",2023-10-11 01:41:44,c(-112.044437574097, 38.4836886399015),2900.45,"meters"
"10387",2023-10-11 01:41:45,c(-112.044438988311, 38.4836911377893),2900.45,"meters"
"10388",2023-10-11 01:41:46,c(-112.044440127881, 38.4836932158389),2900.53,"meters"
"10389",2023-10-11 01:41:47,c(-112.044439889659, 38.4836933200748),2900.53,"meters"
"10390",2023-10-11 01:41:48,c(-112.04443862836, 38.483692243398),2900.45,"meters"
"10391",2023-10-11 01:41:49,c(-112.044437355886, 38.4836918104645),2900.45,"meters"
"10392",2023-10-11 01:41:50,c(-112.044437933448, 38.4836915889497),2900.45,"meters"
"10393",2023-10-11 01:41:51,c(-112.044438776125, 38.4836917942427),2900.45,"meters"
"10394",2023-10-11 01:41:52,c(-112.044438997353, 38.4836920729322),2900.45,"meters"
"10395",2023-10-11 01:41:53,c(-112.044439406565, 38.4836917603986),2900.45,"meters"
"10396",2023-10-11 01:41:54,c(-112.044439520488, 38.4836915891689),2900.45,"meters"
"10397",2023-10-11 01:41:55,c(-112.044439191232, 38.4836913270998),2900.45,"meters"
"10398",2023-10-11 01:41:56,c(-112.044438278264, 38.4836910849791),2900.45,"meters"
"10399",2023-10-11 01:41:57,c(-112.04443736821, 38.4836913178928),2900.45,"meters"
"10400",2023-10-11 01:41:58,c(-112.044437398102, 38.4836916204677),2900.45,"meters"
"10401",2023-10-11 01:41:59,c(-112.044437886952, 38.4836915662612),2900.45,"meters"
"10402",2023-10-11 01:42:00,c(-112.04443840036, 38.4836911876106),2900.45,"meters"
"10403",2023-10-11 01:42:01,c(-112.044438232455, 38.4836908090995),2900.45,"meters"
"10404",2023-10-11 01:42:02,c(-112.044437715704, 38.4836904261222),2900.45,"meters"
"10405",2023-10-11 01:42:03,c(-112.044437825471, 38.4836901731626),2900.45,"meters"
"10406",2023-10-11 01:42:04,c(-112.044438691026, 38.4836899830352),2900.45,"meters"
"10407",2023-10-11 01:42:05,c(-112.044439920468, 38.4836906807502),2900.45,"meters"
"10408",2023-10-11 01:42:06,c(-112.044439996796, 38.4836910807166),2900.45,"meters"
"10409",2023-10-11 01:42:07,c(-112.044439336324, 38.4836905796931),2900.45,"meters"
"10410",2023-10-11 01:42:08,c(-112.044439294003, 38.4836896249209),2900.45,"meters"
"10411",2023-10-11 01:42:09,c(-112.044440143565, 38.4836889422816),2900.45,"meters"
"10412",2023-10-11 01:42:10,c(-112.044442073725, 38.483690457153),2900.45,"meters"
"10413",2023-10-11 01:42:11,c(-112.044443806136, 38.4836909547909),2900.45,"meters"
"10414",2023-10-11 01:42:12,c(-112.044443916905, 38.4836917316573),2900.45,"meters"
"10415",2023-10-11 01:42:13,c(-112.044442260772, 38.4836923147639),2900.45,"meters"
"10416",2023-10-11 01:42:14,c(-112.044441081542, 38.4836921847308),2900.45,"meters"
"10417",2023-10-11 01:42:15,c(-112.044440752905, 38.4836919268787),2900.45,"meters"
"10418",2023-10-11 01:42:16,c(-112.04444234206, 38.4836914916192),2900.45,"meters"
"10419",2023-10-11 01:42:17,c(-112.044443850825, 38.4836906985663),2900.45,"meters"
"10420",2023-10-11 01:42:18,c(-112.044444272781, 38.4836910730318),2900.59,"meters"
"10421",2023-10-11 01:42:19,c(-112.044444684246, 38.4836929607115),2900.67,"meters"
"10422",2023-10-11 01:42:20,c(-112.044446101672, 38.4836935584988),2900.67,"meters"
"10423",2023-10-11 01:42:21,c(-112.04444662922, 38.4836933102345),2900.67,"meters"
"10424",2023-10-11 01:42:22,c(-112.044445374055, 38.4836923792325),2900.59,"meters"
"10425",2023-10-11 01:42:23,c(-112.044443432067, 38.4836912834765),2900.45,"meters"
"10426",2023-10-11 01:42:24,c(-112.044442879321, 38.4836904808037),2900.45,"meters"
"10427",2023-10-11 01:42:25,c(-112.044443205071, 38.4836902499769),2900.45,"meters"
"10428",2023-10-11 01:42:26,c(-112.044442401583, 38.4836888607345),2900.45,"meters"
"10429",2023-10-11 01:42:27,c(-112.044441660443, 38.483688334404),2900.45,"meters"
"10430",2023-10-11 01:42:28,c(-112.04444078963, 38.4836891822101),2900.45,"meters"
"10431",2023-10-11 01:42:29,c(-112.044440891851, 38.4836913199753),2900.45,"meters"
"10432",2023-10-11 01:42:30,c(-112.044441164807, 38.4836919944938),2900.45,"meters"
"10433",2023-10-11 01:42:31,c(-112.044441338468, 38.4836913051885),2900.45,"meters"
"10434",2023-10-11 01:42:32,c(-112.044441219115, 38.4836907308283),2900.45,"meters"
"10435",2023-10-11 01:42:33,c(-112.044440492189, 38.4836901984618),2900.45,"meters"
"10436",2023-10-11 01:42:34,c(-112.044439549899, 38.4836890112242),2900.45,"meters"
"10437",2023-10-11 01:42:35,c(-112.044438294917, 38.4836867145297),2900.45,"meters"
"10438",2023-10-11 01:42:36,c(-112.044438064892, 38.4836853944533),2900.45,"meters"
"10439",2023-10-11 01:42:37,c(-112.044439336042, 38.4836870339227),2900.45,"meters"
"10440",2023-10-11 01:42:38,c(-112.044440447893, 38.4836911723352),2900.45,"meters"
"10441",2023-10-11 01:42:39,c(-112.044440691569, 38.4836925805099),2900.45,"meters"
"10442",2023-10-11 01:42:40,c(-112.044438959811, 38.483692298323),2900.45,"meters"
"10443",2023-10-11 01:42:41,c(-112.044436546682, 38.4836925780387),2900.45,"meters"
"10444",2023-10-11 01:42:42,c(-112.044436574372, 38.4836933998683),2900.53,"meters"
"10445",2023-10-11 01:42:43,c(-112.044436936717, 38.4836934393266),2900.53,"meters"
"10446",2023-10-11 01:42:44,c(-112.044437839476, 38.4836933702745),2900.53,"meters"
"10447",2023-10-11 01:42:45,c(-112.044437977129, 38.4836932592066),2900.53,"meters"
"10448",2023-10-11 01:42:46,c(-112.044437642185, 38.4836928719635),2900.53,"meters"
"10449",2023-10-11 01:42:47,c(-112.044437280461, 38.4836925233816),2900.45,"meters"
"10450",2023-10-11 01:42:48,c(-112.044437290915, 38.4836923275182),2900.45,"meters"
"10451",2023-10-11 01:42:49,c(-112.044438150945, 38.4836924624891),2900.45,"meters"
"10452",2023-10-11 01:42:50,c(-112.044438748676, 38.4836927742344),2900.53,"meters"
"10453",2023-10-11 01:42:51,c(-112.044438896288, 38.4836922617144),2900.45,"meters"
"10454",2023-10-11 01:42:52,c(-112.044438707069, 38.4836915833897),2900.45,"meters"
"10455",2023-10-11 01:42:53,c(-112.044438602527, 38.483691509278),2900.45,"meters"
"10456",2023-10-11 01:42:54,c(-112.044438588599, 38.4836925569942),2900.45,"meters"
"10457",2023-10-11 01:42:55,c(-112.044439271059, 38.4836938404863),2900.53,"meters"
"10458",2023-10-11 01:42:56,c(-112.044439748781, 38.4836939086417),2900.53,"meters"
"10459",2023-10-11 01:42:57,c(-112.044440390053, 38.4836925670782),2900.45,"meters"
"10460",2023-10-11 01:42:58,c(-112.04444126172, 38.4836914120449),2900.45,"meters"
"10461",2023-10-11 01:42:59,c(-112.04444142172, 38.4836909476056),2900.45,"meters"
"10462",2023-10-11 01:43:00,c(-112.044440726708, 38.4836912100301),2900.45,"meters"
"10463",2023-10-11 01:43:01,c(-112.044439905204, 38.4836912615551),2900.45,"meters"
"10464",2023-10-11 01:43:02,c(-112.044439085542, 38.483691340484),2900.45,"meters"
"10465",2023-10-11 01:43:03,c(-112.044438614929, 38.4836910065008),2900.45,"meters"
"10466",2023-10-11 01:43:04,c(-112.044438879201, 38.4836911561136),2900.45,"meters"
"10467",2023-10-11 01:43:05,c(-112.044439403877, 38.4836915979374),2900.45,"meters"
"10468",2023-10-11 01:43:06,c(-112.04443988211, 38.4836918167851),2900.45,"meters"
"10469",2023-10-11 01:43:07,c(-112.044440531643, 38.4836923989417),2900.45,"meters"
"10470",2023-10-11 01:43:08,c(-112.044441043346, 38.4836929502824),2900.53,"meters"
"10471",2023-10-11 01:43:09,c(-112.04444077785, 38.4836918294264),2900.45,"meters"
"10472",2023-10-11 01:43:10,c(-112.044441278386, 38.4836913371836),2900.45,"meters"
"10473",2023-10-11 01:43:11,c(-112.044442066724, 38.483691330863),2900.45,"meters"
"10474",2023-10-11 01:43:12,c(-112.044442861312, 38.4836913590949),2900.45,"meters"
"10475",2023-10-11 01:43:13,c(-112.044443430338, 38.4836913542457),2900.45,"meters"
"10476",2023-10-11 01:43:14,c(-112.04444326071, 38.4836907860523),2900.45,"meters"
"10477",2023-10-11 01:43:15,c(-112.044440525253, 38.483688210488),2900.45,"meters"
"10478",2023-10-11 01:43:16,c(-112.044439457222, 38.4836826230588),2900.39,"meters"
"10479",2023-10-11 01:43:17,c(-112.044447161284, 38.4836777832444),2900.51,"meters"
"10480",2023-10-11 01:43:18,c(-112.04446919929, 38.4836744298335),2900.83,"meters"
"10481",2023-10-11 01:43:19,c(-112.044489150675, 38.4836731107315),2900.94,"meters"
"10482",2023-10-11 01:43:20,c(-112.044497149132, 38.4836706899004),2901.06,"meters"
"10483",2023-10-11 01:43:21,c(-112.044522035405, 38.483668761095),2901.42,"meters"
"10484",2023-10-11 01:43:22,c(-112.044573107385, 38.4836705168322),2902.49,"meters"
"10485",2023-10-11 01:43:23,c(-112.04463252912, 38.4836915478455),2903.48,"meters"
"10486",2023-10-11 01:43:24,c(-112.044696247647, 38.4837365263354),2904.78,"meters"
"10487",2023-10-11 01:43:25,c(-112.044775286972, 38.4837990452926),2906.27,"meters"
"10488",2023-10-11 01:43:26,c(-112.044860709531, 38.4838707223511),2908.28,"meters"
"10489",2023-10-11 01:43:27,c(-112.04496230185, 38.4839564353289),2911.22,"meters"
"10490",2023-10-11 01:43:28,c(-112.045081554221, 38.4840534021838),2915.5,"meters"
"10491",2023-10-11 01:43:29,c(-112.045201364315, 38.4841507406447),2919.38,"meters"
"10492",2023-10-11 01:43:30,c(-112.045314138647, 38.4842469311845),2923.23,"meters"
"10493",2023-10-11 01:43:31,c(-112.045427259954, 38.4843467713164),2925.91,"meters"
"10494",2023-10-11 01:43:32,c(-112.045554571066, 38.484458972847),2929.75,"meters"
"10495",2023-10-11 01:43:33,c(-112.045679383893, 38.4845720766782),2935.6,"meters"
"10496",2023-10-11 01:43:34,c(-112.045797127561, 38.4846795939659),2942.18,"meters"
"10497",2023-10-11 01:43:35,c(-112.045911475932, 38.4847826001789),2948.86,"meters"
"10498",2023-10-11 01:43:36,c(-112.046031231901, 38.4848877721067),2955.94,"meters"
"10499",2023-10-11 01:43:37,c(-112.046168544875, 38.4850058169987),2963.74,"meters"
"10500",2023-10-11 01:43:38,c(-112.046300170997, 38.4851192979416),2970.37,"meters"
"10501",2023-10-11 01:43:39,c(-112.046423817748, 38.4852246809962),2974.85,"meters"
"10502",2023-10-11 01:43:40,c(-112.046555528032, 38.4853376172891),2978.6,"meters"
"10503",2023-10-11 01:43:41,c(-112.046681931183, 38.485448227722),2981.99,"meters"
"10504",2023-10-11 01:43:42,c(-112.046793671219, 38.4855468776372),2985.83,"meters"
"10505",2023-10-11 01:43:43,c(-112.046903435579, 38.4856406772215),2989.09,"meters"
"10506",2023-10-11 01:43:44,c(-112.047018935377, 38.4857357110967),2991.97,"meters"
"10507",2023-10-11 01:43:45,c(-112.047140429908, 38.4858284738457),2994.42,"meters"
"10508",2023-10-11 01:43:46,c(-112.047259419093, 38.4859125120035),2997.8,"meters"
"10509",2023-10-11 01:43:47,c(-112.04737841579, 38.485990810026),3002.6,"meters"
"10510",2023-10-11 01:43:48,c(-112.047516492122, 38.4860754014409),3010.11,"meters"
"10511",2023-10-11 01:43:49,c(-112.047658181394, 38.4861619747104),3015.77,"meters"
"10512",2023-10-11 01:43:50,c(-112.047790657285, 38.4862421826503),3017.89,"meters"
"10513",2023-10-11 01:43:51,c(-112.047924669484, 38.4863240475358),3021.96,"meters"
"10514",2023-10-11 01:43:52,c(-112.04806712976, 38.4864107097762),3026.71,"meters"
"10515",2023-10-11 01:43:53,c(-112.048213736971, 38.4864990671209),3028.92,"meters"
"10516",2023-10-11 01:43:54,c(-112.0483549851, 38.4865855383989),3030.99,"meters"
"10517",2023-10-11 01:43:55,c(-112.048494277531, 38.4866638882898),3031.95,"meters"
"10518",2023-10-11 01:43:56,c(-112.048653610113, 38.4867496769961),3029.83,"meters"
"10519",2023-10-11 01:43:57,c(-112.048823811896, 38.4868363599221),3027.37,"meters"
"10520",2023-10-11 01:43:58,c(-112.048983392465, 38.4869141258901),3026.18,"meters"
"10521",2023-10-11 01:43:59,c(-112.049142887951, 38.4869917545334),3024.36,"meters"
"10522",2023-10-11 01:44:00,c(-112.049316998165, 38.4870779025199),3023.19,"meters"
"10523",2023-10-11 01:44:01,c(-112.049474003007, 38.4871666877565),3021.83,"meters"
"10524",2023-10-11 01:44:02,c(-112.049618616043, 38.4872630735291),3021.12,"meters"
"10525",2023-10-11 01:44:03,c(-112.049774073045, 38.4873640274103),3020.37,"meters"
"10526",2023-10-11 01:44:04,c(-112.049922110784, 38.4874605254088),3019.69,"meters"
"10527",2023-10-11 01:44:05,c(-112.050058452339, 38.4875522579605),3019.03,"meters"
"10528",2023-10-11 01:44:06,c(-112.050198463412, 38.4876477766903),3018.09,"meters"
"10529",2023-10-11 01:44:07,c(-112.05033949912, 38.487742899951),3017.07,"meters"
"10530",2023-10-11 01:44:08,c(-112.050485786943, 38.4878385805773),3016.07,"meters"
"10531",2023-10-11 01:44:09,c(-112.050635633411, 38.4879329545725),3014.91,"meters"
"10532",2023-10-11 01:44:10,c(-112.050784207866, 38.4880283201852),3013.91,"meters"
"10533",2023-10-11 01:44:11,c(-112.050929760648, 38.4881258012365),3013.15,"meters"
"10534",2023-10-11 01:44:12,c(-112.051077471404, 38.4882248495169),3012.47,"meters"
"10535",2023-10-11 01:44:13,c(-112.051233802112, 38.4883270477409),3012.02,"meters"
"10536",2023-10-11 01:44:14,c(-112.051380514428, 38.4884227919758),3011.36,"meters"
"10537",2023-10-11 01:44:15,c(-112.051512344682, 38.4885090748195),3010.83,"meters"
"10538",2023-10-11 01:44:16,c(-112.051645303314, 38.4885970240583),3010.49,"meters"
"10539",2023-10-11 01:44:17,c(-112.051761678887, 38.4886789894909),3010.26,"meters"
"10540",2023-10-11 01:44:18,c(-112.051870744695, 38.488760603311),3009.99,"meters"
"10541",2023-10-11 01:44:19,c(-112.05198334365, 38.4888418944616),3009.57,"meters"
"10542",2023-10-11 01:44:20,c(-112.052095681452, 38.4889184489978),3009.1,"meters"
"10543",2023-10-11 01:44:21,c(-112.052224682888, 38.4889999154515),3008.63,"meters"
"10544",2023-10-11 01:44:22,c(-112.052356291435, 38.4890820934157),3008.37,"meters"
"10545",2023-10-11 01:44:23,c(-112.052486521711, 38.4891647140928),3007.96,"meters"
"10546",2023-10-11 01:44:24,c(-112.052625165028, 38.4892563861545),3007.91,"meters"
"10547",2023-10-11 01:44:25,c(-112.052765587128, 38.4893578512503),3007.73,"meters"
"10548",2023-10-11 01:44:26,c(-112.052884625776, 38.4894551233261),3007.32,"meters"
"10549",2023-10-11 01:44:27,c(-112.053004989475, 38.4895533664976),3006.81,"meters"
"10550",2023-10-11 01:44:28,c(-112.05313621464, 38.4896576423375),3006.31,"meters"
"10551",2023-10-11 01:44:29,c(-112.05327632952, 38.489768182931),3005.74,"meters"
"10552",2023-10-11 01:44:30,c(-112.053406537242, 38.4898737757545),3005.35,"meters"
"10553",2023-10-11 01:44:31,c(-112.053535336425, 38.4899801456548),3004.89,"meters"
"10554",2023-10-11 01:44:32,c(-112.053669096161, 38.4900930499274),3004.3,"meters"
"10555",2023-10-11 01:44:33,c(-112.053796785852, 38.4902015041315),3003.6,"meters"
"10556",2023-10-11 01:44:34,c(-112.053917577073, 38.4903022419835),3003.2,"meters"
"10557",2023-10-11 01:44:35,c(-112.054036136242, 38.4903983999281),3002.64,"meters"
"10558",2023-10-11 01:44:36,c(-112.054159626345, 38.4904977433661),3002.28,"meters"
"10559",2023-10-11 01:44:37,c(-112.054290569915, 38.4906030132223),3002.07,"meters"
"10560",2023-10-11 01:44:38,c(-112.054418380461, 38.49070601192),3002.29,"meters"
"10561",2023-10-11 01:44:39,c(-112.054544324817, 38.4908081290719),3002.5,"meters"
"10562",2023-10-11 01:44:40,c(-112.05468533089, 38.4909248156057),3002.85,"meters"
"10563",2023-10-11 01:44:41,c(-112.054812877704, 38.491033351541),3002.82,"meters"
"10564",2023-10-11 01:44:42,c(-112.054931585991, 38.4911383070417),3002.53,"meters"
"10565",2023-10-11 01:44:43,c(-112.055052048261, 38.4912463876615),3002.16,"meters"
"10566",2023-10-11 01:44:44,c(-112.055182169173, 38.4913572953925),3001.4,"meters"
"10567",2023-10-11 01:44:45,c(-112.055327133667, 38.4914784814224),3000.68,"meters"
"10568",2023-10-11 01:44:46,c(-112.055460261069, 38.4915897668538),2999.51,"meters"
"10569",2023-10-11 01:44:47,c(-112.055591833544, 38.4916996963249),2998.51,"meters"
"10570",2023-10-11 01:44:48,c(-112.055733227362, 38.4918181425365),2997.42,"meters"
"10571",2023-10-11 01:44:49,c(-112.055873313502, 38.4919332338477),2996.59,"meters"
"10572",2023-10-11 01:44:50,c(-112.056004350164, 38.4920390111325),2996.07,"meters"
"10573",2023-10-11 01:44:51,c(-112.056134947628, 38.4921377368836),2995.57,"meters"
"10574",2023-10-11 01:44:52,c(-112.056266103821, 38.4922305454727),2994.55,"meters"
"10575",2023-10-11 01:44:53,c(-112.056395631451, 38.4923249823759),2994.16,"meters"
"10576",2023-10-11 01:44:54,c(-112.056523958157, 38.4924201034428),2993.56,"meters"
"10577",2023-10-11 01:44:55,c(-112.056653471149, 38.4925174330805),2993.36,"meters"
"10578",2023-10-11 01:44:56,c(-112.056780144804, 38.4926130188911),2992.65,"meters"
"10579",2023-10-11 01:44:57,c(-112.056918867627, 38.4927153729532),2991.71,"meters"
"10580",2023-10-11 01:44:58,c(-112.057065425042, 38.4928268775957),2990.47,"meters"
"10581",2023-10-11 01:44:59,c(-112.057201057133, 38.4929272890334),2989.44,"meters"
"10582",2023-10-11 01:45:00,c(-112.057337170029, 38.4930285944339),2988.15,"meters"
"10583",2023-10-11 01:45:01,c(-112.057482193628, 38.4931381638245),2987.12,"meters"
"10584",2023-10-11 01:45:02,c(-112.057624320235, 38.4932443807458),2986.52,"meters"
"10585",2023-10-11 01:45:03,c(-112.057751999741, 38.4933404725853),2985.84,"meters"
"10586",2023-10-11 01:45:04,c(-112.057889218152, 38.4934409865981),2984.99,"meters"
"10587",2023-10-11 01:45:05,c(-112.058034340611, 38.4935463374935),2984.15,"meters"
"10588",2023-10-11 01:45:06,c(-112.05817238821, 38.4936466829816),2983.6,"meters"
"10589",2023-10-11 01:45:07,c(-112.058311332545, 38.4937484137587),2983.01,"meters"
"10590",2023-10-11 01:45:08,c(-112.05845027702, 38.4938509687767),2982.68,"meters"
"10591",2023-10-11 01:45:09,c(-112.058590816517, 38.4939562397067),2982.67,"meters"
"10592",2023-10-11 01:45:10,c(-112.058732811267, 38.4940642562246),2982.78,"meters"
"10593",2023-10-11 01:45:11,c(-112.058866598979, 38.4941667640297),2982.78,"meters"
"10594",2023-10-11 01:45:12,c(-112.059008750839, 38.4942730749087),2981.17,"meters"
"10595",2023-10-11 01:45:13,c(-112.059152141149, 38.494378156357),2980.32,"meters"
"10596",2023-10-11 01:45:14,c(-112.059296191638, 38.4944840187904),2979.05,"meters"
"10597",2023-10-11 01:45:15,c(-112.05943491412, 38.4945896717176),2977.96,"meters"
"10598",2023-10-11 01:45:16,c(-112.05957334903, 38.4946954659653),2977.26,"meters"
"10599",2023-10-11 01:45:17,c(-112.059716560124, 38.4948058023247),2977.05,"meters"
"10600",2023-10-11 01:45:18,c(-112.059846101233, 38.4949059339888),2976.8,"meters"
"10601",2023-10-11 01:45:19,c(-112.059979195964, 38.4950082929973),2976.51,"meters"
"10602",2023-10-11 01:45:20,c(-112.060114567106, 38.4951108313976),2976.13,"meters"
"10603",2023-10-11 01:45:21,c(-112.060245773156, 38.4952070551333),2975.79,"meters"
"10604",2023-10-11 01:45:22,c(-112.060371521678, 38.4952995202947),2975.38,"meters"
"10605",2023-10-11 01:45:23,c(-112.060501016585, 38.4953951323744),2975.23,"meters"
"10606",2023-10-11 01:45:24,c(-112.060646484586, 38.4955034714368),2974.88,"meters"
"10607",2023-10-11 01:45:25,c(-112.060792092475, 38.4956141584075),2974.6,"meters"
"10608",2023-10-11 01:45:26,c(-112.060924335263, 38.4957145700187),2974.49,"meters"
"10609",2023-10-11 01:45:27,c(-112.061055306428, 38.4958136842939),2974.31,"meters"
"10610",2023-10-11 01:45:28,c(-112.061192831678, 38.4959181831695),2974.38,"meters"
"10611",2023-10-11 01:45:29,c(-112.061340846972, 38.4960260287824),2974.83,"meters"
"10612",2023-10-11 01:45:30,c(-112.061486020137, 38.4961249553014),2974.63,"meters"
"10613",2023-10-11 01:45:31,c(-112.061633202881, 38.4962249175935),2973.87,"meters"
"10614",2023-10-11 01:45:32,c(-112.061792920326, 38.4963228804854),2974.18,"meters"
"10615",2023-10-11 01:45:33,c(-112.061923574937, 38.4964274549754),2974.35,"meters"
"10616",2023-10-11 01:45:34,c(-112.062043986772, 38.4965387029532),2974.33,"meters"
"10617",2023-10-11 01:45:35,c(-112.062160846993, 38.4966409513152),2974.35,"meters"
"10618",2023-10-11 01:45:36,c(-112.062288961963, 38.4967380965832),2974.32,"meters"
"10619",2023-10-11 01:45:37,c(-112.062422322212, 38.4968302091128),2974.56,"meters"
"10620",2023-10-11 01:45:38,c(-112.062561530684, 38.4969206543999),2975.67,"meters"
"10621",2023-10-11 01:45:39,c(-112.062708021521, 38.4970183350115),2976.95,"meters"
"10622",2023-10-11 01:45:40,c(-112.062845385015, 38.4971102716398),2979.16,"meters"
"10623",2023-10-11 01:45:41,c(-112.062965466289, 38.4971899585532),2980.4,"meters"
"10624",2023-10-11 01:45:42,c(-112.063071952863, 38.4972603403547),2981.2,"meters"
"10625",2023-10-11 01:45:43,c(-112.063159393019, 38.4973166333247),2981.7,"meters"
"10626",2023-10-11 01:45:44,c(-112.063226929817, 38.4973597566802),2983.09,"meters"
"10627",2023-10-11 01:45:45,c(-112.063269413982, 38.4973894101364),2983.65,"meters"
"10628",2023-10-11 01:45:46,c(-112.063281938418, 38.4973974152076),2983.83,"meters"
"10629",2023-10-11 01:45:47,c(-112.06328500666, 38.4973980031892),2983.83,"meters"
"10630",2023-10-11 01:45:48,c(-112.063284212951, 38.4973970445048),2983.83,"meters"
"10631",2023-10-11 01:45:49,c(-112.063283046482, 38.4973963255759),2983.83,"meters"
"10632",2023-10-11 01:45:50,c(-112.063282288218, 38.4973964985274),2983.83,"meters"
"10633",2023-10-11 01:45:51,c(-112.063287900948, 38.4974009032287),2983.83,"meters"
"10634",2023-10-11 01:45:52,c(-112.063308168517, 38.49741539112),2984.21,"meters"
"10635",2023-10-11 01:45:53,c(-112.063333192055, 38.4974331505576),2984.57,"meters"
"10636",2023-10-11 01:45:54,c(-112.063357748061, 38.4974510589013),2984.92,"meters"
"10637",2023-10-11 01:45:55,c(-112.06338469398, 38.4974700657298),2985.24,"meters"
"10638",2023-10-11 01:45:56,c(-112.063413179656, 38.4974898075295),2985.56,"meters"
"10639",2023-10-11 01:45:57,c(-112.063441426176, 38.4975100248951),2986.35,"meters"
"10640",2023-10-11 01:45:58,c(-112.063458821511, 38.4975228332708),2986.6,"meters"
"10641",2023-10-11 01:45:59,c(-112.063461949434, 38.49752527318),2986.58,"meters"
"10642",2023-10-11 01:46:00,c(-112.063460534463, 38.497525198449),2986.6,"meters"
"10643",2023-10-11 01:46:01,c(-112.063456939301, 38.4975239282535),2986.6,"meters"
"10644",2023-10-11 01:46:02,c(-112.063452539975, 38.4975231285097),2986.6,"meters"
"10645",2023-10-11 01:46:03,c(-112.063451316843, 38.4975244354157),2986.6,"meters"
"10646",2023-10-11 01:46:04,c(-112.063453824008, 38.4975261032979),2986.84,"meters"
"10647",2023-10-11 01:46:05,c(-112.063456650825, 38.4975274500952),2986.84,"meters"
"10648",2023-10-11 01:46:06,c(-112.063457426086, 38.4975277972943),2986.84,"meters"
"10649",2023-10-11 01:46:07,c(-112.063451287774, 38.4975235420239),2986.6,"meters"
"10650",2023-10-11 01:46:08,c(-112.063439124543, 38.4975144670737),2986.35,"meters"
"10651",2023-10-11 01:46:09,c(-112.063435314311, 38.4975117485672),2986.31,"meters"
"10652",2023-10-11 01:46:10,c(-112.063438580515, 38.4975128895091),2986.31,"meters"
"10653",2023-10-11 01:46:11,c(-112.063448072357, 38.4975190624716),2986.57,"meters"
"10654",2023-10-11 01:46:12,c(-112.063460961341, 38.4975282824331),2986.84,"meters"
"10655",2023-10-11 01:46:13,c(-112.063475015026, 38.4975387342224),2987.06,"meters"
"10656",2023-10-11 01:46:14,c(-112.06348983201, 38.4975499675591),2987.2,"meters"
"10657",2023-10-11 01:46:15,c(-112.063503773027, 38.4975601830494),2987.34,"meters"
"10658",2023-10-11 01:46:16,c(-112.063517097146, 38.4975698488575),2987.45,"meters"
"10659",2023-10-11 01:46:17,c(-112.063530436117, 38.4975794976856),2987.75,"meters"
"10660",2023-10-11 01:46:18,c(-112.063542716928, 38.4975875448097),2987.63,"meters"
"10661",2023-10-11 01:46:19,c(-112.063554674445, 38.4975953390441),2987.57,"meters"
"10662",2023-10-11 01:46:20,c(-112.063567290175, 38.497603821806),2987.53,"meters"
"10663",2023-10-11 01:46:21,c(-112.063582184053, 38.4976141060569),2987.49,"meters"
"10664",2023-10-11 01:46:22,c(-112.063599292793, 38.4976262972793),2987.61,"meters"
"10665",2023-10-11 01:46:23,c(-112.063617532223, 38.4976396406429),2987.27,"meters"
"10666",2023-10-11 01:46:24,c(-112.06364092088, 38.4976573508067),2987.19,"meters"
"10667",2023-10-11 01:46:25,c(-112.063669403243, 38.4976789064511),2987.37,"meters"
"10668",2023-10-11 01:46:26,c(-112.06370200936, 38.497703247113),2987.41,"meters"
"10669",2023-10-11 01:46:27,c(-112.063742479353, 38.4977334651173),2987.6,"meters"
"10670",2023-10-11 01:46:28,c(-112.063786462862, 38.4977628867585),2987.52,"meters"
"10671",2023-10-11 01:46:29,c(-112.063830805858, 38.4977864249369),2987.84,"meters"
"10672",2023-10-11 01:46:30,c(-112.063877480348, 38.4978119184183),2988.12,"meters"
"10673",2023-10-11 01:46:31,c(-112.063925531031, 38.4978402391669),2988.5,"meters"
"10674",2023-10-11 01:46:32,c(-112.063968850527, 38.4978698333355),2988.86,"meters"
"10675",2023-10-11 01:46:33,c(-112.064007050405, 38.4979001876763),2989.51,"meters"
"10676",2023-10-11 01:46:34,c(-112.064043459825, 38.497930724835),2989.93,"meters"
"10677",2023-10-11 01:46:35,c(-112.064078932272, 38.4979596845085),2990.35,"meters"
"10678",2023-10-11 01:46:36,c(-112.06411067623, 38.4979809738597),2990.8,"meters"
"10679",2023-10-11 01:46:37,c(-112.064139329999, 38.4979961939483),2991.15,"meters"
"10680",2023-10-11 01:46:38,c(-112.064166026465, 38.4980118058288),2991.53,"meters"
"10681",2023-10-11 01:46:39,c(-112.06418934949, 38.498029148487),2991.91,"meters"
"10682",2023-10-11 01:46:40,c(-112.064211966606, 38.4980472980535),2992.27,"meters"
"10683",2023-10-11 01:46:41,c(-112.064234786036, 38.4980649404113),2992.7,"meters"
"10684",2023-10-11 01:46:42,c(-112.064253703178, 38.4980799459338),2993.12,"meters"
"10685",2023-10-11 01:46:43,c(-112.064271924433, 38.4980939145592),2993.34,"meters"
"10686",2023-10-11 01:46:44,c(-112.064290606779, 38.4981074758577),2993.63,"meters"
"10687",2023-10-11 01:46:45,c(-112.064308654907, 38.4981198005961),2993.83,"meters"
"10688",2023-10-11 01:46:46,c(-112.064327303484, 38.4981322042347),2994.06,"meters"
"10689",2023-10-11 01:46:47,c(-112.064346860533, 38.4981441947266),2994.14,"meters"
"10690",2023-10-11 01:46:48,c(-112.06436563107, 38.498156003605),2994.26,"meters"
"10691",2023-10-11 01:46:49,c(-112.064385331298, 38.4981683695538),2994.42,"meters"
"10692",2023-10-11 01:46:50,c(-112.064401471908, 38.49817876383),2994.58,"meters"
"10693",2023-10-11 01:46:51,c(-112.064407524577, 38.498182519501),2994.58,"meters"
"10694",2023-10-11 01:46:52,c(-112.064409750295, 38.4981831001878),2994.58,"meters"
"10695",2023-10-11 01:46:53,c(-112.064410257159, 38.4981824939346),2994.58,"meters"
"10696",2023-10-11 01:46:54,c(-112.064409590031, 38.4981818998144),2994.58,"meters"
"10697",2023-10-11 01:46:55,c(-112.064407608448, 38.4981834110844),2994.58,"meters"
"10698",2023-10-11 01:46:56,c(-112.064406352575, 38.4981859616858),2994.64,"meters"
"10699",2023-10-11 01:46:57,c(-112.064406468052, 38.4981857941482),2994.64,"meters"
"10700",2023-10-11 01:46:58,c(-112.064407437337, 38.498185467764),2994.64,"meters"
"10701",2023-10-11 01:46:59,c(-112.064410234946, 38.4981872241376),2994.64,"meters"
"10702",2023-10-11 01:47:00,c(-112.064411681027, 38.4981882054938),2994.64,"meters"
"10703",2023-10-11 01:47:01,c(-112.064413860464, 38.4981898696137),2994.72,"meters"
"10704",2023-10-11 01:47:02,c(-112.064417848366, 38.4981925138696),2994.72,"meters"
"10705",2023-10-11 01:47:03,c(-112.064418775926, 38.4981931359146),2994.78,"meters"
"10706",2023-10-11 01:47:04,c(-112.064419368407, 38.4981936025095),2994.78,"meters"
"10707",2023-10-11 01:47:05,c(-112.064421147599, 38.498194961951),2994.78,"meters"
"10708",2023-10-11 01:47:06,c(-112.064422816273, 38.4981961158255),2994.78,"meters"
"10709",2023-10-11 01:47:07,c(-112.064422944604, 38.4981961013454),2994.78,"meters"
"10710",2023-10-11 01:47:08,c(-112.064423066014, 38.4981957965604),2994.78,"meters"
"10711",2023-10-11 01:47:09,c(-112.064424465973, 38.4981966140933),2994.88,"meters"
"10712",2023-10-11 01:47:10,c(-112.064425950953, 38.4981975408117),2994.88,"meters"
"10713",2023-10-11 01:47:11,c(-112.064426252179, 38.4981972785515),2994.88,"meters"
"10714",2023-10-11 01:47:12,c(-112.064425645112, 38.4981968762976),2994.88,"meters"
"10715",2023-10-11 01:47:13,c(-112.064426100236, 38.498197528016),2994.88,"meters"
"10716",2023-10-11 01:47:14,c(-112.064425803006, 38.4981975282427),2994.88,"meters"
"10717",2023-10-11 01:47:15,c(-112.064425885339, 38.4981985206136),2994.88,"meters"
"10718",2023-10-11 01:47:16,c(-112.064425925182, 38.4981992363432),2994.88,"meters"
"10719",2023-10-11 01:47:17,c(-112.064426106241, 38.4981991548671),2994.88,"meters"
"10720",2023-10-11 01:47:18,c(-112.06442570802, 38.4982002120303),2994.88,"meters"
"10721",2023-10-11 01:47:19,c(-112.064425309649, 38.4982013093751),2994.88,"meters"
"10722",2023-10-11 01:47:20,c(-112.064424889652, 38.4982020066091),2994.94,"meters"
"10723",2023-10-11 01:47:21,c(-112.064424919544, 38.4982017666388),2994.88,"meters"
"10724",2023-10-11 01:47:22,c(-112.06442495622, 38.4982015036822),2994.88,"meters"
"10725",2023-10-11 01:47:23,c(-112.064425202804, 38.4982012489861),2994.88,"meters"
"10726",2023-10-11 01:47:24,c(-112.064424570234, 38.4982018394973),2994.88,"meters"
"10727",2023-10-11 01:47:25,c(-112.064423953671, 38.4982018295936),2994.88,"meters"
"10728",2023-10-11 01:47:26,c(-112.064424091024, 38.498201510054),2994.88,"meters"
"10729",2023-10-11 01:47:27,c(-112.064424011215, 38.4982011430845),2994.88,"meters"
"10730",2023-10-11 01:47:28,c(-112.064423840444, 38.4982008674505),2994.88,"meters"
"10731",2023-10-11 01:47:29,c(-112.064423853647, 38.4982009230789),2994.88,"meters"
"10732",2023-10-11 01:47:30,c(-112.064423657146, 38.4982008145503),2994.88,"meters"
"10733",2023-10-11 01:47:31,c(-112.06442349072, 38.4982007195192),2994.78,"meters"
