"Project","Sampler","SampleType","StainType","StainDate","DateCounted","Who","SlideID","Sample","SlideRep","FOV","LIVECounts","DEADCounts","TotalCells","Clumps.4ormorecells.","CellsPerClump","Notes","SampleID","LB_Batch","SlideReps","Volume_L","Slide_RepVolume_L","Unit","Day","Sample_num","RepVolume_m3","TotalCells_LB","LiveCells_LB","DeadCells_LB","DeadCells_LBcorr","LiveCells_LBcorr","TotalCells_LBcorr","TotalCells_FBLB","LiveCells_FBLB","DeadCells_FBLBcorr","LiveCells_FBLBcorr","TotalCells_FBLBcorr","log_volume_offset_m3","Live.Total","TotalCells.m3","TotalCells_FBLBcorr.m3","DeadCells_FBLBcorr.m3","LiveCells_FBLBcorr.m3","Live.Total_FBLBcorr","LiveCells_Bcorr.m3","DeadCells_Bcorr.m3","TotalCells_Bcorr.m3","Live.Total_Bcorr","MeanPM2.5_ug.m3","MedianPM2.5_ug.m3","MaxPM2.5_ug.m3","MeanPM1.0ug.m3","MedianPM1.0_ug.m3","MaxPM1.0_ug.m3","MeanPM10_ug.m3","MedianPM10_ug.m3","MaxPM10_ug.m3","MeanTemp_C","MedianTemp_C","MaxTemp_C","MinTemp_C","MeanRH","MedianRH","MinRH","MaxRH","MeanMR","MedianMR","MaxMR","MinMR","AQI_PM2.5","SmokeLevel","MeanCO2_CO_mg.m3","Median_deltaCO2_CO_mg.m3","Mean_deltaCO2_mg.m3","Median_deltaCO_mg.m3","Mean_deltaCO2_ppm","Median_deltaCO2_ppm","Mean_deltaCO_ppm","Median_deltaCO_ppm","MeanMCE","MedianMCE","bcorr_TC_mg.m3","ALL_carbon_mg.m3","biomass_mg","biomass_g","biomass_kg","biomass_Mg","TC.Gas_C","Total_bacteria.Mg","Live_bacteria.Mg","Total_bacteria.kg","Live_bacteria.kg","Total_bacteria.mg","Live_bacteria.mg"
"Konza4","Bu","Smoke","S9PI",20240717,"9/17/2024","Lampman","13A_A","13A","A",1,1,0,1,0,NA,NA,"13A","K4_B",2,70,35,"HQC",3,13,0.035,2.1375,1.5375,0.6,0,0,0,2.96375,2.23875,0,0,0,-3.35240721749272,1,206428.571428571,0,0,0,NA,0,0,0,NA,924.310509113856,308.0829396,4657.88258384,177.016829268293,192.515,421.555,632.516768292683,327.7675,2457.465,26.084142394822,25.5555555555556,30,24.4444444444444,18.6699029126214,19,16,20,4.0963605135933,3.97476879791651,4.8606019041518,3.66330326646229,"Hazardous","Low",72.5851657387191,55.816627655,252.779653465417,3.395322772,139.513112242051,190.2556776,6.13047205355722,3.395322772,0.930194395563963,0.944535280058603,1.47752485013167,74.0626905888508,148.125381177702,0.148125381177702,0.000148125381177702,1.48125381177702e-07,0.0203557412192215,0,0,0,0,0,0
"Konza4","Bu","Smoke","S9PI",20240717,"9/17/2024","Lampman","13A_A","13A","A",2,2,0,2,0,NA,NA,"13A","K4_B",2,70,35,"HQC",3,13,0.035,2.1375,1.5375,0.6,0,0.4625,0.4625,4.733125,3.726875,0,0,0,-3.35240721749272,1,412857.142857143,0,0,0,NA,0,0,0,NA,924.310509113856,308.0829396,4657.88258384,177.016829268293,192.515,421.555,632.516768292683,327.7675,2457.465,26.084142394822,25.5555555555556,30,24.4444444444444,18.6699029126214,19,16,20,4.0963605135933,3.97476879791651,4.8606019041518,3.66330326646229,"Hazardous","Low",72.5851657387191,55.816627655,252.779653465417,3.395322772,139.513112242051,190.2556776,6.13047205355722,3.395322772,0.930194395563963,0.944535280058603,1.47752485013167,74.0626905888508,148.125381177702,0.148125381177702,0.000148125381177702,1.48125381177702e-07,0.0203557412192215,0,0,0,0,0,0
"Konza4","Bu","Smoke","S9PI",20240717,"9/17/2024","Lampman","13A_A","13A","A",3,0,0,0,0,NA,NA,"13A","K4_B",2,70,35,"HQC",3,13,0.035,2.1375,1.5375,0.6,0,0,0,2.96375,2.23875,0,0,0,-3.35240721749272,NA,0,0,0,0,NA,0,0,0,NA,924.310509113856,308.0829396,4657.88258384,177.016829268293,192.515,421.555,632.516768292683,327.7675,2457.465,26.084142394822,25.5555555555556,30,24.4444444444444,18.6699029126214,19,16,20,4.0963605135933,3.97476879791651,4.8606019041518,3.66330326646229,"Hazardous","Low",72.5851657387191,55.816627655,252.779653465417,3.395322772,139.513112242051,190.2556776,6.13047205355722,3.395322772,0.930194395563963,0.944535280058603,1.47752485013167,74.0626905888508,148.125381177702,0.148125381177702,0.000148125381177702,1.48125381177702e-07,0.0203557412192215,0,0,0,0,0,0
"Konza4","Bu","Smoke","S9PI",20240717,"9/17/2024","Lampman","13A_A","13A","A",4,2,1,3,0,NA,NA,"13A","K4_B",2,70,35,"HQC",3,13,0.035,2.1375,1.5375,0.6,0.4,0.4625,0.8625,4.733125,3.726875,0,0,0,-3.35240721749272,0.666666666666667,619285.714285714,0,0,0,NA,0,0,0,NA,924.310509113856,308.0829396,4657.88258384,177.016829268293,192.515,421.555,632.516768292683,327.7675,2457.465,26.084142394822,25.5555555555556,30,24.4444444444444,18.6699029126214,19,16,20,4.0963605135933,3.97476879791651,4.8606019041518,3.66330326646229,"Hazardous","Low",72.5851657387191,55.816627655,252.779653465417,3.395322772,139.513112242051,190.2556776,6.13047205355722,3.395322772,0.930194395563963,0.944535280058603,1.47752485013167,74.0626905888508,148.125381177702,0.148125381177702,0.000148125381177702,1.48125381177702e-07,0.0203557412192215,0,0,0,0,0,0
"Konza4","Bu","Smoke","S9PI",20240717,"9/17/2024","Lampman","13A_A","13A","A",5,5,0,5,0,NA,NA,"13A","K4_B",2,70,35,"HQC",3,13,0.035,2.1375,1.5375,0.6,0,3.4625,3.4625,2.96375,2.23875,0,2.76125,2.76125,-3.35240721749272,1,1032142.85714286,570000.892857143,0,570000.892857143,1,0,0,0,NA,924.310509113856,308.0829396,4657.88258384,177.016829268293,192.515,421.555,632.516768292683,327.7675,2457.465,26.084142394822,25.5555555555556,30,24.4444444444444,18.6699029126214,19,16,20,4.0963605135933,3.97476879791651,4.8606019041518,3.66330326646229,"Hazardous","Low",72.5851657387191,55.816627655,252.779653465417,3.395322772,139.513112242051,190.2556776,6.13047205355722,3.395322772,0.930194395563963,0.944535280058603,1.47752485013167,74.0626905888508,148.125381177702,0.148125381177702,0.000148125381177702,1.48125381177702e-07,0.0203557412192215,0,0,0,0,0,0
"Konza4","Bu","Smoke","S9PI",20240717,"9/17/2024","Lampman","13A_A","13A","A",6,1,2,3,0,NA,NA,"13A","K4_B",2,70,35,"HQC",3,13,0.035,2.1375,1.5375,0.6,1.4,0,1.4,4.733125,3.726875,0.99375,0,0.99375,-3.35240721749272,0.333333333333333,619285.714285714,205138.392857143,205138.392857143,0,0,0,118912.533482143,118912.533482143,0,924.310509113856,308.0829396,4657.88258384,177.016829268293,192.515,421.555,632.516768292683,327.7675,2457.465,26.084142394822,25.5555555555556,30,24.4444444444444,18.6699029126214,19,16,20,4.0963605135933,3.97476879791651,4.8606019041518,3.66330326646229,"Hazardous","Low",72.5851657387191,55.816627655,252.779653465417,3.395322772,139.513112242051,190.2556776,6.13047205355722,3.395322772,0.930194395563963,0.944535280058603,1.47752485013167,74.0626905888508,148.125381177702,0.148125381177702,0.000148125381177702,1.48125381177702e-07,0.0203557412192215,802782970323.546,0,802782970.323546,0,802.782970323546,0
"Konza4","Bu","Smoke","S9PI",20240717,"9/17/2024","Lampman","13A_A","13A","A",7,3,1,4,0,NA,NA,"13A","K4_B",2,70,35,"HQC",3,13,0.035,2.1375,1.5375,0.6,0.4,1.4625,1.8625,2.96375,2.23875,0.275,0.76125,1.03625,-3.35240721749272,0.75,825714.285714286,213911.607142857,56767.8571428571,157143.75,0.734620024125452,0,0,0,NA,924.310509113856,308.0829396,4657.88258384,177.016829268293,192.515,421.555,632.516768292683,327.7675,2457.465,26.084142394822,25.5555555555556,30,24.4444444444444,18.6699029126214,19,16,20,4.0963605135933,3.97476879791651,4.8606019041518,3.66330326646229,"Hazardous","Low",72.5851657387191,55.816627655,252.779653465417,3.395322772,139.513112242051,190.2556776,6.13047205355722,3.395322772,0.930194395563963,0.944535280058603,1.47752485013167,74.0626905888508,148.125381177702,0.148125381177702,0.000148125381177702,1.48125381177702e-07,0.0203557412192215,0,0,0,0,0,0
"Konza4","Bu","Smoke","S9PI",20240717,"9/17/2024","Lampman","13A_A","13A","A",8,3,0,3,0,NA,NA,"13A","K4_B",2,70,35,"HQC",3,13,0.035,2.1375,1.5375,0.6,0,1.4625,1.4625,4.733125,3.726875,0,0,0,-3.35240721749272,1,619285.714285714,0,0,0,NA,0,0,0,NA,924.310509113856,308.0829396,4657.88258384,177.016829268293,192.515,421.555,632.516768292683,327.7675,2457.465,26.084142394822,25.5555555555556,30,24.4444444444444,18.6699029126214,19,16,20,4.0963605135933,3.97476879791651,4.8606019041518,3.66330326646229,"Hazardous","Low",72.5851657387191,55.816627655,252.779653465417,3.395322772,139.513112242051,190.2556776,6.13047205355722,3.395322772,0.930194395563963,0.944535280058603,1.47752485013167,74.0626905888508,148.125381177702,0.148125381177702,0.000148125381177702,1.48125381177702e-07,0.0203557412192215,0,0,0,0,0,0
"Konza4","Bu","Smoke","S9PI",20240717,"9/17/2024","Lampman","13A_A","13A","A",9,5,0,5,0,NA,NA,"13A","K4_B",2,70,35,"HQC",3,13,0.035,2.1375,1.5375,0.6,0,3.4625,3.4625,2.96375,2.23875,0,2.76125,2.76125,-3.35240721749272,1,1032142.85714286,570000.892857143,0,570000.892857143,1,0,0,0,NA,924.310509113856,308.0829396,4657.88258384,177.016829268293,192.515,421.555,632.516768292683,327.7675,2457.465,26.084142394822,25.5555555555556,30,24.4444444444444,18.6699029126214,19,16,20,4.0963605135933,3.97476879791651,4.8606019041518,3.66330326646229,"Hazardous","Low",72.5851657387191,55.816627655,252.779653465417,3.395322772,139.513112242051,190.2556776,6.13047205355722,3.395322772,0.930194395563963,0.944535280058603,1.47752485013167,74.0626905888508,148.125381177702,0.148125381177702,0.000148125381177702,1.48125381177702e-07,0.0203557412192215,0,0,0,0,0,0
"Konza4","Bu","Smoke","S9PI",20240717,"9/17/2024","Lampman","13A_A","13A","A",10,0,2,2,0,NA,NA,"13A","K4_B",2,70,35,"HQC",3,13,0.035,2.1375,1.5375,0.6,1.4,0,1.4,4.733125,3.726875,0.99375,0,0.99375,-3.35240721749272,0,412857.142857143,205138.392857143,205138.392857143,0,0,0,118912.533482143,118912.533482143,0,924.310509113856,308.0829396,4657.88258384,177.016829268293,192.515,421.555,632.516768292683,327.7675,2457.465,26.084142394822,25.5555555555556,30,24.4444444444444,18.6699029126214,19,16,20,4.0963605135933,3.97476879791651,4.8606019041518,3.66330326646229,"Hazardous","Low",72.5851657387191,55.816627655,252.779653465417,3.395322772,139.513112242051,190.2556776,6.13047205355722,3.395322772,0.930194395563963,0.944535280058603,1.47752485013167,74.0626905888508,148.125381177702,0.148125381177702,0.000148125381177702,1.48125381177702e-07,0.0203557412192215,802782970323.546,0,802782970.323546,0,802.782970323546,0
"Konza4","Bu","Smoke","S9PI",20240717,"9/17/2024","Lampman","13A_A","13A","A",11,2,2,4,0,NA,NA,"13A","K4_B",2,70,35,"HQC",3,13,0.035,2.1375,1.5375,0.6,1.4,0.4625,1.8625,2.96375,2.23875,1.275,0,1.275,-3.35240721749272,0.5,825714.285714286,263196.428571429,263196.428571429,0,0,0,176970.569196429,176970.569196429,0,924.310509113856,308.0829396,4657.88258384,177.016829268293,192.515,421.555,632.516768292683,327.7675,2457.465,26.084142394822,25.5555555555556,30,24.4444444444444,18.6699029126214,19,16,20,4.0963605135933,3.97476879791651,4.8606019041518,3.66330326646229,"Hazardous","Low",72.5851657387191,55.816627655,252.779653465417,3.395322772,139.513112242051,190.2556776,6.13047205355722,3.395322772,0.930194395563963,0.944535280058603,1.47752485013167,74.0626905888508,148.125381177702,0.148125381177702,0.000148125381177702,1.48125381177702e-07,0.0203557412192215,1194734945418.45,0,1194734945.41845,0,1194.73494541845,0
"Konza4","Bu","Smoke","S9PI",20240717,"9/17/2024","Lampman","13A_A","13A","A",12,2,1,3,0,NA,NA,"13A","K4_B",2,70,35,"HQC",3,13,0.035,2.1375,1.5375,0.6,0.4,0.4625,0.8625,4.733125,3.726875,0,0,0,-3.35240721749272,0.666666666666667,619285.714285714,0,0,0,NA,0,0,0,NA,924.310509113856,308.0829396,4657.88258384,177.016829268293,192.515,421.555,632.516768292683,327.7675,2457.465,26.084142394822,25.5555555555556,30,24.4444444444444,18.6699029126214,19,16,20,4.0963605135933,3.97476879791651,4.8606019041518,3.66330326646229,"Hazardous","Low",72.5851657387191,55.816627655,252.779653465417,3.395322772,139.513112242051,190.2556776,6.13047205355722,3.395322772,0.930194395563963,0.944535280058603,1.47752485013167,74.0626905888508,148.125381177702,0.148125381177702,0.000148125381177702,1.48125381177702e-07,0.0203557412192215,0,0,0,0,0,0
"Konza4","Bu","Smoke","S9PI",20240717,"9/17/2024","Lampman","13A_A","13A","A",13,3,3,6,0,NA,NA,"13A","K4_B",2,70,35,"HQC",3,13,0.035,2.1375,1.5375,0.6,2.4,1.4625,3.8625,2.96375,2.23875,2.275,0.76125,3.03625,-3.35240721749272,0.5,1238571.42857143,626768.75,469625,157143.75,0.250720461095101,0,383399.140625,383399.140625,0,924.310509113856,308.0829396,4657.88258384,177.016829268293,192.515,421.555,632.516768292683,327.7675,2457.465,26.084142394822,25.5555555555556,30,24.4444444444444,18.6699029126214,19,16,20,4.0963605135933,3.97476879791651,4.8606019041518,3.66330326646229,"Hazardous","Low",72.5851657387191,55.816627655,252.779653465417,3.395322772,139.513112242051,190.2556776,6.13047205355722,3.395322772,0.930194395563963,0.944535280058603,1.47752485013167,74.0626905888508,148.125381177702,0.148125381177702,0.000148125381177702,1.48125381177702e-07,0.0203557412192215,2588341967978.11,0,2588341967.97811,0,2588.34196797811,0
"Konza4","Bu","Smoke","S9PI",20240717,"9/17/2024","Lampman","13A_A","13A","A",14,2,1,3,0,NA,NA,"13A","K4_B",2,70,35,"HQC",3,13,0.035,2.1375,1.5375,0.6,0.4,0.4625,0.8625,4.733125,3.726875,0,0,0,-3.35240721749272,0.666666666666667,619285.714285714,0,0,0,NA,0,0,0,NA,924.310509113856,308.0829396,4657.88258384,177.016829268293,192.515,421.555,632.516768292683,327.7675,2457.465,26.084142394822,25.5555555555556,30,24.4444444444444,18.6699029126214,19,16,20,4.0963605135933,3.97476879791651,4.8606019041518,3.66330326646229,"Hazardous","Low",72.5851657387191,55.816627655,252.779653465417,3.395322772,139.513112242051,190.2556776,6.13047205355722,3.395322772,0.930194395563963,0.944535280058603,1.47752485013167,74.0626905888508,148.125381177702,0.148125381177702,0.000148125381177702,1.48125381177702e-07,0.0203557412192215,0,0,0,0,0,0
"Konza4","Bu","Smoke","S9PI",20240717,"9/17/2024","Lampman","13A_A","13A","A",15,1,1,2,0,NA,NA,"13A","K4_B",2,70,35,"HQC",3,13,0.035,2.1375,1.5375,0.6,0.4,0,0.4,2.96375,2.23875,0.275,0,0.275,-3.35240721749272,0.5,412857.142857143,56767.8571428571,56767.8571428571,0,0,0,0,0,NA,924.310509113856,308.0829396,4657.88258384,177.016829268293,192.515,421.555,632.516768292683,327.7675,2457.465,26.084142394822,25.5555555555556,30,24.4444444444444,18.6699029126214,19,16,20,4.0963605135933,3.97476879791651,4.8606019041518,3.66330326646229,"Hazardous","Low",72.5851657387191,55.816627655,252.779653465417,3.395322772,139.513112242051,190.2556776,6.13047205355722,3.395322772,0.930194395563963,0.944535280058603,1.47752485013167,74.0626905888508,148.125381177702,0.148125381177702,0.000148125381177702,1.48125381177702e-07,0.0203557412192215,0,0,0,0,0,0
"Konza4","Bu","Smoke","S9PI",20240717,"9/17/2024","Lampman","13A_A","13A","A",16,3,2,5,0,NA,NA,"13A","K4_B",2,70,35,"HQC",3,13,0.035,2.1375,1.5375,0.6,1.4,1.4625,2.8625,4.733125,3.726875,0.99375,0,0.99375,-3.35240721749272,0.6,1032142.85714286,205138.392857143,205138.392857143,0,0,0,118912.533482143,118912.533482143,0,924.310509113856,308.0829396,4657.88258384,177.016829268293,192.515,421.555,632.516768292683,327.7675,2457.465,26.084142394822,25.5555555555556,30,24.4444444444444,18.6699029126214,19,16,20,4.0963605135933,3.97476879791651,4.8606019041518,3.66330326646229,"Hazardous","Low",72.5851657387191,55.816627655,252.779653465417,3.395322772,139.513112242051,190.2556776,6.13047205355722,3.395322772,0.930194395563963,0.944535280058603,1.47752485013167,74.0626905888508,148.125381177702,0.148125381177702,0.000148125381177702,1.48125381177702e-07,0.0203557412192215,802782970323.546,0,802782970.323546,0,802.782970323546,0
"Konza4","Bu","Smoke","S9PI",20240717,"9/17/2024","Lampman","13A_A","13A","A",17,4,1,5,0,NA,NA,"13A","K4_B",2,70,35,"HQC",3,13,0.035,2.1375,1.5375,0.6,0.4,2.4625,2.8625,2.96375,2.23875,0.275,1.76125,2.03625,-3.35240721749272,0.8,1032142.85714286,420340.178571428,56767.8571428571,363572.321428571,0.864947820748926,0,0,0,NA,924.310509113856,308.0829396,4657.88258384,177.016829268293,192.515,421.555,632.516768292683,327.7675,2457.465,26.084142394822,25.5555555555556,30,24.4444444444444,18.6699029126214,19,16,20,4.0963605135933,3.97476879791651,4.8606019041518,3.66330326646229,"Hazardous","Low",72.5851657387191,55.816627655,252.779653465417,3.395322772,139.513112242051,190.2556776,6.13047205355722,3.395322772,0.930194395563963,0.944535280058603,1.47752485013167,74.0626905888508,148.125381177702,0.148125381177702,0.000148125381177702,1.48125381177702e-07,0.0203557412192215,0,0,0,0,0,0
"Konza4","Bu","Smoke","S9PI",20240717,"9/17/2024","Lampman","13A_A","13A","A",18,1,1,2,0,NA,NA,"13A","K4_B",2,70,35,"HQC",3,13,0.035,2.1375,1.5375,0.6,0.4,0,0.4,4.733125,3.726875,0,0,0,-3.35240721749272,0.5,412857.142857143,0,0,0,NA,0,0,0,NA,924.310509113856,308.0829396,4657.88258384,177.016829268293,192.515,421.555,632.516768292683,327.7675,2457.465,26.084142394822,25.5555555555556,30,24.4444444444444,18.6699029126214,19,16,20,4.0963605135933,3.97476879791651,4.8606019041518,3.66330326646229,"Hazardous","Low",72.5851657387191,55.816627655,252.779653465417,3.395322772,139.513112242051,190.2556776,6.13047205355722,3.395322772,0.930194395563963,0.944535280058603,1.47752485013167,74.0626905888508,148.125381177702,0.148125381177702,0.000148125381177702,1.48125381177702e-07,0.0203557412192215,0,0,0,0,0,0
"Konza4","Bu","Smoke","S9PI",20240717,"9/17/2024","Lampman","13A_A","13A","A",19,4,1,5,0,NA,NA,"13A","K4_B",2,70,35,"HQC",3,13,0.035,2.1375,1.5375,0.6,0.4,2.4625,2.8625,2.96375,2.23875,0.275,1.76125,2.03625,-3.35240721749272,0.8,1032142.85714286,420340.178571428,56767.8571428571,363572.321428571,0.864947820748926,0,0,0,NA,924.310509113856,308.0829396,4657.88258384,177.016829268293,192.515,421.555,632.516768292683,327.7675,2457.465,26.084142394822,25.5555555555556,30,24.4444444444444,18.6699029126214,19,16,20,4.0963605135933,3.97476879791651,4.8606019041518,3.66330326646229,"Hazardous","Low",72.5851657387191,55.816627655,252.779653465417,3.395322772,139.513112242051,190.2556776,6.13047205355722,3.395322772,0.930194395563963,0.944535280058603,1.47752485013167,74.0626905888508,148.125381177702,0.148125381177702,0.000148125381177702,1.48125381177702e-07,0.0203557412192215,0,0,0,0,0,0
"Konza4","Bu","Smoke","S9PI",20240717,"9/17/2024","Lampman","13A_A","13A","A",20,7,1,8,0,NA,NA,"13A","K4_B",2,70,35,"HQC",3,13,0.035,2.1375,1.5375,0.6,0.4,5.4625,5.8625,4.733125,3.726875,0,3.273125,3.273125,-3.35240721749272,0.875,1651428.57142857,675666.517857143,0,675666.517857143,1,0,0,0,NA,924.310509113856,308.0829396,4657.88258384,177.016829268293,192.515,421.555,632.516768292683,327.7675,2457.465,26.084142394822,25.5555555555556,30,24.4444444444444,18.6699029126214,19,16,20,4.0963605135933,3.97476879791651,4.8606019041518,3.66330326646229,"Hazardous","Low",72.5851657387191,55.816627655,252.779653465417,3.395322772,139.513112242051,190.2556776,6.13047205355722,3.395322772,0.930194395563963,0.944535280058603,1.47752485013167,74.0626905888508,148.125381177702,0.148125381177702,0.000148125381177702,1.48125381177702e-07,0.0203557412192215,0,0,0,0,0,0
"Konza4","Bu","Smoke","S9PI",20240717,"9/17/2024","Lampman","13A_A","13A","A",21,7,0,7,0,NA,NA,"13A","K4_B",2,70,35,"HQC",3,13,0.035,2.1375,1.5375,0.6,0,5.4625,5.4625,2.96375,2.23875,0,4.76125,4.76125,-3.35240721749272,1,1445000,982858.035714286,0,982858.035714286,1,74628.1216517858,0,74628.1216517858,1,924.310509113856,308.0829396,4657.88258384,177.016829268293,192.515,421.555,632.516768292683,327.7675,2457.465,26.084142394822,25.5555555555556,30,24.4444444444444,18.6699029126214,19,16,20,4.0963605135933,3.97476879791651,4.8606019041518,3.66330326646229,"Hazardous","Low",72.5851657387191,55.816627655,252.779653465417,3.395322772,139.513112242051,190.2556776,6.13047205355722,3.395322772,0.930194395563963,0.944535280058603,1.47752485013167,74.0626905888508,148.125381177702,0.148125381177702,0.000148125381177702,1.48125381177702e-07,0.0203557412192215,503817246297.964,503817246297.964,503817246.297963,503817246.297963,503.817246297963,503.817246297963
"Konza4","Bu","Smoke","S9PI",20240717,"9/17/2024","Lampman","13A_A","13A","A",22,5,1,6,0,NA,NA,"13A","K4_B",2,70,35,"HQC",3,13,0.035,2.1375,1.5375,0.6,0.4,3.4625,3.8625,4.733125,3.726875,0,1.273125,1.273125,-3.35240721749272,0.833333333333333,1238571.42857143,262809.375,0,262809.375,1,0,0,0,NA,924.310509113856,308.0829396,4657.88258384,177.016829268293,192.515,421.555,632.516768292683,327.7675,2457.465,26.084142394822,25.5555555555556,30,24.4444444444444,18.6699029126214,19,16,20,4.0963605135933,3.97476879791651,4.8606019041518,3.66330326646229,"Hazardous","Low",72.5851657387191,55.816627655,252.779653465417,3.395322772,139.513112242051,190.2556776,6.13047205355722,3.395322772,0.930194395563963,0.944535280058603,1.47752485013167,74.0626905888508,148.125381177702,0.148125381177702,0.000148125381177702,1.48125381177702e-07,0.0203557412192215,0,0,0,0,0,0
"Konza4","Bu","Smoke","S9PI",20240717,"9/17/2024","Lampman","13A_A","13A","A",23,5,1,6,0,NA,NA,"13A","K4_B",2,70,35,"HQC",3,13,0.035,2.1375,1.5375,0.6,0.4,3.4625,3.8625,2.96375,2.23875,0.275,2.76125,3.03625,-3.35240721749272,0.833333333333333,1238571.42857143,626768.75,56767.8571428571,570000.892857143,0.909427748044463,0,0,0,NA,924.310509113856,308.0829396,4657.88258384,177.016829268293,192.515,421.555,632.516768292683,327.7675,2457.465,26.084142394822,25.5555555555556,30,24.4444444444444,18.6699029126214,19,16,20,4.0963605135933,3.97476879791651,4.8606019041518,3.66330326646229,"Hazardous","Low",72.5851657387191,55.816627655,252.779653465417,3.395322772,139.513112242051,190.2556776,6.13047205355722,3.395322772,0.930194395563963,0.944535280058603,1.47752485013167,74.0626905888508,148.125381177702,0.148125381177702,0.000148125381177702,1.48125381177702e-07,0.0203557412192215,0,0,0,0,0,0
"Konza4","Bu","Smoke","S9PI",20240717,"9/17/2024","Lampman","13A_A","13A","A",24,7,0,7,0,NA,NA,"13A","K4_B",2,70,35,"HQC",3,13,0.035,2.1375,1.5375,0.6,0,5.4625,5.4625,4.733125,3.726875,0,3.273125,3.273125,-3.35240721749272,1,1445000,675666.517857143,0,675666.517857143,1,0,0,0,NA,924.310509113856,308.0829396,4657.88258384,177.016829268293,192.515,421.555,632.516768292683,327.7675,2457.465,26.084142394822,25.5555555555556,30,24.4444444444444,18.6699029126214,19,16,20,4.0963605135933,3.97476879791651,4.8606019041518,3.66330326646229,"Hazardous","Low",72.5851657387191,55.816627655,252.779653465417,3.395322772,139.513112242051,190.2556776,6.13047205355722,3.395322772,0.930194395563963,0.944535280058603,1.47752485013167,74.0626905888508,148.125381177702,0.148125381177702,0.000148125381177702,1.48125381177702e-07,0.0203557412192215,0,0,0,0,0,0
"Konza4","Bu","Smoke","S9PI",20240717,"9/17/2024","Lampman","13A_A","13A","A",25,3,1,4,0,NA,NA,"13A","K4_B",2,70,35,"HQC",3,13,0.035,2.1375,1.5375,0.6,0.4,1.4625,1.8625,2.96375,2.23875,0.275,0.76125,1.03625,-3.35240721749272,0.75,825714.285714286,213911.607142857,56767.8571428571,157143.75,0.734620024125452,0,0,0,NA,924.310509113856,308.0829396,4657.88258384,177.016829268293,192.515,421.555,632.516768292683,327.7675,2457.465,26.084142394822,25.5555555555556,30,24.4444444444444,18.6699029126214,19,16,20,4.0963605135933,3.97476879791651,4.8606019041518,3.66330326646229,"Hazardous","Low",72.5851657387191,55.816627655,252.779653465417,3.395322772,139.513112242051,190.2556776,6.13047205355722,3.395322772,0.930194395563963,0.944535280058603,1.47752485013167,74.0626905888508,148.125381177702,0.148125381177702,0.000148125381177702,1.48125381177702e-07,0.0203557412192215,0,0,0,0,0,0
"Konza4","Bu","Smoke","S9PI",20240717,"9/17/2024","Lampman","13A_A","13A","A",26,4,2,6,0,NA,NA,"13A","K4_B",2,70,35,"HQC",3,13,0.035,2.1375,1.5375,0.6,1.4,2.4625,3.8625,4.733125,3.726875,0.99375,0.273125,1.266875,-3.35240721749272,0.666666666666667,1238571.42857143,261519.196428571,205138.392857143,56380.8035714285,0.215589541193883,0,118912.533482143,118912.533482143,0,924.310509113856,308.0829396,4657.88258384,177.016829268293,192.515,421.555,632.516768292683,327.7675,2457.465,26.084142394822,25.5555555555556,30,24.4444444444444,18.6699029126214,19,16,20,4.0963605135933,3.97476879791651,4.8606019041518,3.66330326646229,"Hazardous","Low",72.5851657387191,55.816627655,252.779653465417,3.395322772,139.513112242051,190.2556776,6.13047205355722,3.395322772,0.930194395563963,0.944535280058603,1.47752485013167,74.0626905888508,148.125381177702,0.148125381177702,0.000148125381177702,1.48125381177702e-07,0.0203557412192215,802782970323.546,0,802782970.323546,0,802.782970323546,0
"Konza4","Bu","Smoke","S9PI",20240717,"9/17/2024","Lampman","13A_A","13A","A",27,2,1,3,0,NA,NA,"13A","K4_B",2,70,35,"HQC",3,13,0.035,2.1375,1.5375,0.6,0.4,0.4625,0.8625,2.96375,2.23875,0.275,0,0.275,-3.35240721749272,0.666666666666667,619285.714285714,56767.8571428571,56767.8571428571,0,0,0,0,0,NA,924.310509113856,308.0829396,4657.88258384,177.016829268293,192.515,421.555,632.516768292683,327.7675,2457.465,26.084142394822,25.5555555555556,30,24.4444444444444,18.6699029126214,19,16,20,4.0963605135933,3.97476879791651,4.8606019041518,3.66330326646229,"Hazardous","Low",72.5851657387191,55.816627655,252.779653465417,3.395322772,139.513112242051,190.2556776,6.13047205355722,3.395322772,0.930194395563963,0.944535280058603,1.47752485013167,74.0626905888508,148.125381177702,0.148125381177702,0.000148125381177702,1.48125381177702e-07,0.0203557412192215,0,0,0,0,0,0
"Konza4","Bu","Smoke","S9PI",20240717,"9/17/2024","Lampman","13A_A","13A","A",28,2,2,4,0,NA,NA,"13A","K4_B",2,70,35,"HQC",3,13,0.035,2.1375,1.5375,0.6,1.4,0.4625,1.8625,4.733125,3.726875,0.99375,0,0.99375,-3.35240721749272,0.5,825714.285714286,205138.392857143,205138.392857143,0,0,0,118912.533482143,118912.533482143,0,924.310509113856,308.0829396,4657.88258384,177.016829268293,192.515,421.555,632.516768292683,327.7675,2457.465,26.084142394822,25.5555555555556,30,24.4444444444444,18.6699029126214,19,16,20,4.0963605135933,3.97476879791651,4.8606019041518,3.66330326646229,"Hazardous","Low",72.5851657387191,55.816627655,252.779653465417,3.395322772,139.513112242051,190.2556776,6.13047205355722,3.395322772,0.930194395563963,0.944535280058603,1.47752485013167,74.0626905888508,148.125381177702,0.148125381177702,0.000148125381177702,1.48125381177702e-07,0.0203557412192215,802782970323.546,0,802782970.323546,0,802.782970323546,0
"Konza4","Bu","Smoke","S9PI",20240717,"9/17/2024","Lampman","13A_A","13A","A",29,2,1,3,0,NA,NA,"13A","K4_B",2,70,35,"HQC",3,13,0.035,2.1375,1.5375,0.6,0.4,0.4625,0.8625,2.96375,2.23875,0.275,0,0.275,-3.35240721749272,0.666666666666667,619285.714285714,56767.8571428571,56767.8571428571,0,0,0,0,0,NA,924.310509113856,308.0829396,4657.88258384,177.016829268293,192.515,421.555,632.516768292683,327.7675,2457.465,26.084142394822,25.5555555555556,30,24.4444444444444,18.6699029126214,19,16,20,4.0963605135933,3.97476879791651,4.8606019041518,3.66330326646229,"Hazardous","Low",72.5851657387191,55.816627655,252.779653465417,3.395322772,139.513112242051,190.2556776,6.13047205355722,3.395322772,0.930194395563963,0.944535280058603,1.47752485013167,74.0626905888508,148.125381177702,0.148125381177702,0.000148125381177702,1.48125381177702e-07,0.0203557412192215,0,0,0,0,0,0
"Konza4","Bu","Smoke","S9PI",20240717,"9/17/2024","Lampman","13A_A","13A","A",30,2,0,2,0,NA,NA,"13A","K4_B",2,70,35,"HQC",3,13,0.035,2.1375,1.5375,0.6,0,0.4625,0.4625,4.733125,3.726875,0,0,0,-3.35240721749272,1,412857.142857143,0,0,0,NA,0,0,0,NA,924.310509113856,308.0829396,4657.88258384,177.016829268293,192.515,421.555,632.516768292683,327.7675,2457.465,26.084142394822,25.5555555555556,30,24.4444444444444,18.6699029126214,19,16,20,4.0963605135933,3.97476879791651,4.8606019041518,3.66330326646229,"Hazardous","Low",72.5851657387191,55.816627655,252.779653465417,3.395322772,139.513112242051,190.2556776,6.13047205355722,3.395322772,0.930194395563963,0.944535280058603,1.47752485013167,74.0626905888508,148.125381177702,0.148125381177702,0.000148125381177702,1.48125381177702e-07,0.0203557412192215,0,0,0,0,0,0
"Konza4","Bu","Smoke","S9PI",20240717,"9/17/2024","Lampman","13A_A","13A","A",31,0,3,3,0,NA,NA,"13A","K4_B",2,70,35,"HQC",3,13,0.035,2.1375,1.5375,0.6,2.4,0,2.4,2.96375,2.23875,2.275,0,2.275,-3.35240721749272,0,619285.714285714,469625,469625,0,0,0,383399.140625,383399.140625,0,924.310509113856,308.0829396,4657.88258384,177.016829268293,192.515,421.555,632.516768292683,327.7675,2457.465,26.084142394822,25.5555555555556,30,24.4444444444444,18.6699029126214,19,16,20,4.0963605135933,3.97476879791651,4.8606019041518,3.66330326646229,"Hazardous","Low",72.5851657387191,55.816627655,252.779653465417,3.395322772,139.513112242051,190.2556776,6.13047205355722,3.395322772,0.930194395563963,0.944535280058603,1.47752485013167,74.0626905888508,148.125381177702,0.148125381177702,0.000148125381177702,1.48125381177702e-07,0.0203557412192215,2588341967978.11,0,2588341967.97811,0,2588.34196797811,0
"Konza4","Bu","Smoke","S9PI",20240717,"9/17/2024","Lampman","13A_A","13A","A",32,1,0,1,0,NA,NA,"13A","K4_B",2,70,35,"HQC",3,13,0.035,2.1375,1.5375,0.6,0,0,0,4.733125,3.726875,0,0,0,-3.35240721749272,1,206428.571428571,0,0,0,NA,0,0,0,NA,924.310509113856,308.0829396,4657.88258384,177.016829268293,192.515,421.555,632.516768292683,327.7675,2457.465,26.084142394822,25.5555555555556,30,24.4444444444444,18.6699029126214,19,16,20,4.0963605135933,3.97476879791651,4.8606019041518,3.66330326646229,"Hazardous","Low",72.5851657387191,55.816627655,252.779653465417,3.395322772,139.513112242051,190.2556776,6.13047205355722,3.395322772,0.930194395563963,0.944535280058603,1.47752485013167,74.0626905888508,148.125381177702,0.148125381177702,0.000148125381177702,1.48125381177702e-07,0.0203557412192215,0,0,0,0,0,0
"Konza4","Bu","Smoke","S9PI",20240717,"9/17/2024","Lampman","13A_A","13A","A",33,2,0,2,0,NA,NA,"13A","K4_B",2,70,35,"HQC",3,13,0.035,2.1375,1.5375,0.6,0,0.4625,0.4625,2.96375,2.23875,0,0,0,-3.35240721749272,1,412857.142857143,0,0,0,NA,0,0,0,NA,924.310509113856,308.0829396,4657.88258384,177.016829268293,192.515,421.555,632.516768292683,327.7675,2457.465,26.084142394822,25.5555555555556,30,24.4444444444444,18.6699029126214,19,16,20,4.0963605135933,3.97476879791651,4.8606019041518,3.66330326646229,"Hazardous","Low",72.5851657387191,55.816627655,252.779653465417,3.395322772,139.513112242051,190.2556776,6.13047205355722,3.395322772,0.930194395563963,0.944535280058603,1.47752485013167,74.0626905888508,148.125381177702,0.148125381177702,0.000148125381177702,1.48125381177702e-07,0.0203557412192215,0,0,0,0,0,0
"Konza4","Bu","Smoke","S9PI",20240717,"9/17/2024","Lampman","13A_A","13A","A",34,8,1,9,0,NA,NA,"13A","K4_B",2,70,35,"HQC",3,13,0.035,2.1375,1.5375,0.6,0.4,6.4625,6.8625,4.733125,3.726875,0,4.273125,4.273125,-3.35240721749272,0.888888888888889,1857857.14285714,882095.089285714,0,882095.089285714,1,0,0,0,NA,924.310509113856,308.0829396,4657.88258384,177.016829268293,192.515,421.555,632.516768292683,327.7675,2457.465,26.084142394822,25.5555555555556,30,24.4444444444444,18.6699029126214,19,16,20,4.0963605135933,3.97476879791651,4.8606019041518,3.66330326646229,"Hazardous","Low",72.5851657387191,55.816627655,252.779653465417,3.395322772,139.513112242051,190.2556776,6.13047205355722,3.395322772,0.930194395563963,0.944535280058603,1.47752485013167,74.0626905888508,148.125381177702,0.148125381177702,0.000148125381177702,1.48125381177702e-07,0.0203557412192215,0,0,0,0,0,0
"Konza4","Bu","Smoke","S9PI",20240717,"9/17/2024","Lampman","13A_A","13A","A",35,1,4,5,0,NA,NA,"13A","K4_B",2,70,35,"HQC",3,13,0.035,2.1375,1.5375,0.6,3.4,0,3.4,2.96375,2.23875,3.275,0,3.275,-3.35240721749272,0.2,1032142.85714286,676053.571428571,676053.571428571,0,0,0,589827.712053571,589827.712053571,0,924.310509113856,308.0829396,4657.88258384,177.016829268293,192.515,421.555,632.516768292683,327.7675,2457.465,26.084142394822,25.5555555555556,30,24.4444444444444,18.6699029126214,19,16,20,4.0963605135933,3.97476879791651,4.8606019041518,3.66330326646229,"Hazardous","Low",72.5851657387191,55.816627655,252.779653465417,3.395322772,139.513112242051,190.2556776,6.13047205355722,3.395322772,0.930194395563963,0.944535280058603,1.47752485013167,74.0626905888508,148.125381177702,0.148125381177702,0.000148125381177702,1.48125381177702e-07,0.0203557412192215,3981948990537.77,0,3981948990.53777,0,3981.94899053777,0
"Konza4","Bu","Smoke","S9PI",20240717,"9/17/2024","Lampman","13A_A","13A","A",36,4,2,6,0,NA,NA,"13A","K4_B",2,70,35,"HQC",3,13,0.035,2.1375,1.5375,0.6,1.4,2.4625,3.8625,4.733125,3.726875,0.99375,0.273125,1.266875,-3.35240721749272,0.666666666666667,1238571.42857143,261519.196428571,205138.392857143,56380.8035714285,0.215589541193883,0,118912.533482143,118912.533482143,0,924.310509113856,308.0829396,4657.88258384,177.016829268293,192.515,421.555,632.516768292683,327.7675,2457.465,26.084142394822,25.5555555555556,30,24.4444444444444,18.6699029126214,19,16,20,4.0963605135933,3.97476879791651,4.8606019041518,3.66330326646229,"Hazardous","Low",72.5851657387191,55.816627655,252.779653465417,3.395322772,139.513112242051,190.2556776,6.13047205355722,3.395322772,0.930194395563963,0.944535280058603,1.47752485013167,74.0626905888508,148.125381177702,0.148125381177702,0.000148125381177702,1.48125381177702e-07,0.0203557412192215,802782970323.546,0,802782970.323546,0,802.782970323546,0
"Konza4","Bu","Smoke","S9PI",20240717,"9/17/2024","Lampman","13A_A","13A","A",37,1,0,1,0,NA,NA,"13A","K4_B",2,70,35,"HQC",3,13,0.035,2.1375,1.5375,0.6,0,0,0,2.96375,2.23875,0,0,0,-3.35240721749272,1,206428.571428571,0,0,0,NA,0,0,0,NA,924.310509113856,308.0829396,4657.88258384,177.016829268293,192.515,421.555,632.516768292683,327.7675,2457.465,26.084142394822,25.5555555555556,30,24.4444444444444,18.6699029126214,19,16,20,4.0963605135933,3.97476879791651,4.8606019041518,3.66330326646229,"Hazardous","Low",72.5851657387191,55.816627655,252.779653465417,3.395322772,139.513112242051,190.2556776,6.13047205355722,3.395322772,0.930194395563963,0.944535280058603,1.47752485013167,74.0626905888508,148.125381177702,0.148125381177702,0.000148125381177702,1.48125381177702e-07,0.0203557412192215,0,0,0,0,0,0
"Konza4","Bu","Smoke","S9PI",20240717,"9/17/2024","Lampman","13A_A","13A","A",38,3,2,5,0,NA,NA,"13A","K4_B",2,70,35,"HQC",3,13,0.035,2.1375,1.5375,0.6,1.4,1.4625,2.8625,4.733125,3.726875,0.99375,0,0.99375,-3.35240721749272,0.6,1032142.85714286,205138.392857143,205138.392857143,0,0,0,118912.533482143,118912.533482143,0,924.310509113856,308.0829396,4657.88258384,177.016829268293,192.515,421.555,632.516768292683,327.7675,2457.465,26.084142394822,25.5555555555556,30,24.4444444444444,18.6699029126214,19,16,20,4.0963605135933,3.97476879791651,4.8606019041518,3.66330326646229,"Hazardous","Low",72.5851657387191,55.816627655,252.779653465417,3.395322772,139.513112242051,190.2556776,6.13047205355722,3.395322772,0.930194395563963,0.944535280058603,1.47752485013167,74.0626905888508,148.125381177702,0.148125381177702,0.000148125381177702,1.48125381177702e-07,0.0203557412192215,802782970323.546,0,802782970.323546,0,802.782970323546,0
"Konza4","Bu","Smoke","S9PI",20240717,"9/17/2024","Lampman","13A_A","13A","A",39,1,0,1,0,NA,NA,"13A","K4_B",2,70,35,"HQC",3,13,0.035,2.1375,1.5375,0.6,0,0,0,2.96375,2.23875,0,0,0,-3.35240721749272,1,206428.571428571,0,0,0,NA,0,0,0,NA,924.310509113856,308.0829396,4657.88258384,177.016829268293,192.515,421.555,632.516768292683,327.7675,2457.465,26.084142394822,25.5555555555556,30,24.4444444444444,18.6699029126214,19,16,20,4.0963605135933,3.97476879791651,4.8606019041518,3.66330326646229,"Hazardous","Low",72.5851657387191,55.816627655,252.779653465417,3.395322772,139.513112242051,190.2556776,6.13047205355722,3.395322772,0.930194395563963,0.944535280058603,1.47752485013167,74.0626905888508,148.125381177702,0.148125381177702,0.000148125381177702,1.48125381177702e-07,0.0203557412192215,0,0,0,0,0,0
"Konza4","Bu","Smoke","S9PI",20240717,"9/17/2024","Lampman","13A_A","13A","A",40,3,2,5,0,NA,NA,"13A","K4_B",2,70,35,"HQC",3,13,0.035,2.1375,1.5375,0.6,1.4,1.4625,2.8625,4.733125,3.726875,0.99375,0,0.99375,-3.35240721749272,0.6,1032142.85714286,205138.392857143,205138.392857143,0,0,0,118912.533482143,118912.533482143,0,924.310509113856,308.0829396,4657.88258384,177.016829268293,192.515,421.555,632.516768292683,327.7675,2457.465,26.084142394822,25.5555555555556,30,24.4444444444444,18.6699029126214,19,16,20,4.0963605135933,3.97476879791651,4.8606019041518,3.66330326646229,"Hazardous","Low",72.5851657387191,55.816627655,252.779653465417,3.395322772,139.513112242051,190.2556776,6.13047205355722,3.395322772,0.930194395563963,0.944535280058603,1.47752485013167,74.0626905888508,148.125381177702,0.148125381177702,0.000148125381177702,1.48125381177702e-07,0.0203557412192215,802782970323.546,0,802782970.323546,0,802.782970323546,0
"Konza4","Bu","Smoke","S9PI",20240717,"9/13/2024","Lampman","12A_A","12A","A",1,0,1,1,0,NA,NA,"12A","K4_B",2,80,40,"1D",3,12,0.04,2.1375,1.5375,0.6,0.4,0,0.4,2.96375,2.23875,0.275,0,0.275,-3.2188758248682,0,180625,49671.875,49671.875,0,0,0,0,0,NA,622.881733812605,128.82971,6136.6878516461,137.246811594203,106.25,503.145,523.299492753623,169.965,6130.96,27.1035137701804,26.6666666666667,33.3333333333333,17.2222222222222,17.6068376068376,18,15,20,4.18750501160228,4.15360555843436,6.1859474870611,2.4575655039715,"Very Unhealthy","Low",113.770791378956,41.762295685,403.693340017881,1.167358855,222.804776749914,149.1473916,5.89821532395388,1.167358855,0.954531364855707,0.967099858342308,0.715751175342627,114.486542554298,228.973085108596,0.228973085108596,0.000228973085108596,2.28973085108596e-07,0.00629116811676692,0,0,0,0,0,0
"Konza4","Bu","Smoke","S9PI",20240717,"9/13/2024","Lampman","12A_A","12A","A",2,1,0,1,0,NA,NA,"12A","K4_B",2,80,40,"1D",3,12,0.04,2.1375,1.5375,0.6,0,0,0,4.733125,3.726875,0,0,0,-3.2188758248682,1,180625,0,0,0,NA,0,0,0,NA,622.881733812605,128.82971,6136.6878516461,137.246811594203,106.25,503.145,523.299492753623,169.965,6130.96,27.1035137701804,26.6666666666667,33.3333333333333,17.2222222222222,17.6068376068376,18,15,20,4.18750501160228,4.15360555843436,6.1859474870611,2.4575655039715,"Very Unhealthy","Low",113.770791378956,41.762295685,403.693340017881,1.167358855,222.804776749914,149.1473916,5.89821532395388,1.167358855,0.954531364855707,0.967099858342308,0.715751175342627,114.486542554298,228.973085108596,0.228973085108596,0.000228973085108596,2.28973085108596e-07,0.00629116811676692,0,0,0,0,0,0
"Konza4","Bu","Smoke","S9PI",20240717,"9/13/2024","Lampman","12A_A","12A","A",3,1,1,2,0,NA,NA,"12A","K4_B",2,80,40,"1D",3,12,0.04,2.1375,1.5375,0.6,0.4,0,0.4,2.96375,2.23875,0.275,0,0.275,-3.2188758248682,0.5,361250,49671.875,49671.875,0,0,0,0,0,NA,622.881733812605,128.82971,6136.6878516461,137.246811594203,106.25,503.145,523.299492753623,169.965,6130.96,27.1035137701804,26.6666666666667,33.3333333333333,17.2222222222222,17.6068376068376,18,15,20,4.18750501160228,4.15360555843436,6.1859474870611,2.4575655039715,"Very Unhealthy","Low",113.770791378956,41.762295685,403.693340017881,1.167358855,222.804776749914,149.1473916,5.89821532395388,1.167358855,0.954531364855707,0.967099858342308,0.715751175342627,114.486542554298,228.973085108596,0.228973085108596,0.000228973085108596,2.28973085108596e-07,0.00629116811676692,0,0,0,0,0,0
"Konza4","Bu","Smoke","S9PI",20240717,"9/13/2024","Lampman","12A_A","12A","A",4,0,4,4,0,NA,NA,"12A","K4_B",2,80,40,"1D",3,12,0.04,2.1375,1.5375,0.6,3.4,0,3.4,4.733125,3.726875,2.99375,0,2.99375,-3.2188758248682,0,722500,540746.09375,540746.09375,0,0,0,454520.234375,454520.234375,0,622.881733812605,128.82971,6136.6878516461,137.246811594203,106.25,503.145,523.299492753623,169.965,6130.96,27.1035137701804,26.6666666666667,33.3333333333333,17.2222222222222,17.6068376068376,18,15,20,4.18750501160228,4.15360555843436,6.1859474870611,2.4575655039715,"Very Unhealthy","Low",113.770791378956,41.762295685,403.693340017881,1.167358855,222.804776749914,149.1473916,5.89821532395388,1.167358855,0.954531364855707,0.967099858342308,0.715751175342627,114.486542554298,228.973085108596,0.228973085108596,0.000228973085108596,2.28973085108596e-07,0.00629116811676692,1985037822936.4,0,1985037822.9364,0,1985.0378229364,0
"Konza4","Bu","Smoke","S9PI",20240717,"9/13/2024","Lampman","12A_A","12A","A",5,4,0,4,0,NA,NA,"12A","K4_B",2,80,40,"1D",3,12,0.04,2.1375,1.5375,0.6,0,2.4625,2.4625,2.96375,2.23875,0,1.76125,1.76125,-3.2188758248682,1,722500,318125.78125,0,318125.78125,1,0,0,0,NA,622.881733812605,128.82971,6136.6878516461,137.246811594203,106.25,503.145,523.299492753623,169.965,6130.96,27.1035137701804,26.6666666666667,33.3333333333333,17.2222222222222,17.6068376068376,18,15,20,4.18750501160228,4.15360555843436,6.1859474870611,2.4575655039715,"Very Unhealthy","Low",113.770791378956,41.762295685,403.693340017881,1.167358855,222.804776749914,149.1473916,5.89821532395388,1.167358855,0.954531364855707,0.967099858342308,0.715751175342627,114.486542554298,228.973085108596,0.228973085108596,0.000228973085108596,2.28973085108596e-07,0.00629116811676692,0,0,0,0,0,0
"Konza4","Bu","Smoke","S9PI",20240717,"9/13/2024","Lampman","12A_A","12A","A",6,0,5,5,1,5,NA,"12A","K4_B",2,80,40,"1D",3,12,0.04,2.1375,1.5375,0.6,4.4,0,4.4,4.733125,3.726875,3.99375,0,3.99375,-3.2188758248682,0,903125,721371.09375,721371.09375,0,0,0,635145.234375,635145.234375,0,622.881733812605,128.82971,6136.6878516461,137.246811594203,106.25,503.145,523.299492753623,169.965,6130.96,27.1035137701804,26.6666666666667,33.3333333333333,17.2222222222222,17.6068376068376,18,15,20,4.18750501160228,4.15360555843436,6.1859474870611,2.4575655039715,"Very Unhealthy","Low",113.770791378956,41.762295685,403.693340017881,1.167358855,222.804776749914,149.1473916,5.89821532395388,1.167358855,0.954531364855707,0.967099858342308,0.715751175342627,114.486542554298,228.973085108596,0.228973085108596,0.000228973085108596,2.28973085108596e-07,0.00629116811676692,2773885996573.64,0,2773885996.57364,0,2773.88599657364,0
"Konza4","Bu","Smoke","S9PI",20240717,"9/13/2024","Lampman","12A_A","12A","A",7,0,4,4,0,NA,NA,"12A","K4_B",2,80,40,"1D",3,12,0.04,2.1375,1.5375,0.6,3.4,0,3.4,2.96375,2.23875,3.275,0,3.275,-3.2188758248682,0,722500,591546.875,591546.875,0,0,0,505321.015625,505321.015625,0,622.881733812605,128.82971,6136.6878516461,137.246811594203,106.25,503.145,523.299492753623,169.965,6130.96,27.1035137701804,26.6666666666667,33.3333333333333,17.2222222222222,17.6068376068376,18,15,20,4.18750501160228,4.15360555843436,6.1859474870611,2.4575655039715,"Very Unhealthy","Low",113.770791378956,41.762295685,403.693340017881,1.167358855,222.804776749914,149.1473916,5.89821532395388,1.167358855,0.954531364855707,0.967099858342308,0.715751175342627,114.486542554298,228.973085108596,0.228973085108596,0.000228973085108596,2.28973085108596e-07,0.00629116811676692,2206901371771.88,0,2206901371.77187,0,2206.90137177188,0
"Konza4","Bu","Smoke","S9PI",20240717,"9/13/2024","Lampman","12A_A","12A","A",8,0,1,1,0,NA,NA,"12A","K4_B",2,80,40,"1D",3,12,0.04,2.1375,1.5375,0.6,0.4,0,0.4,4.733125,3.726875,0,0,0,-3.2188758248682,0,180625,0,0,0,NA,0,0,0,NA,622.881733812605,128.82971,6136.6878516461,137.246811594203,106.25,503.145,523.299492753623,169.965,6130.96,27.1035137701804,26.6666666666667,33.3333333333333,17.2222222222222,17.6068376068376,18,15,20,4.18750501160228,4.15360555843436,6.1859474870611,2.4575655039715,"Very Unhealthy","Low",113.770791378956,41.762295685,403.693340017881,1.167358855,222.804776749914,149.1473916,5.89821532395388,1.167358855,0.954531364855707,0.967099858342308,0.715751175342627,114.486542554298,228.973085108596,0.228973085108596,0.000228973085108596,2.28973085108596e-07,0.00629116811676692,0,0,0,0,0,0
"Konza4","Bu","Smoke","S9PI",20240717,"9/13/2024","Lampman","12A_A","12A","A",9,0,7,7,0,NA,NA,"12A","K4_B",2,80,40,"1D",3,12,0.04,2.1375,1.5375,0.6,6.4,0,6.4,2.96375,2.23875,6.275,0,6.275,-3.2188758248682,0,1264375,1133421.875,1133421.875,0,0,0,1047196.015625,1047196.015625,0,622.881733812605,128.82971,6136.6878516461,137.246811594203,106.25,503.145,523.299492753623,169.965,6130.96,27.1035137701804,26.6666666666667,33.3333333333333,17.2222222222222,17.6068376068376,18,15,20,4.18750501160228,4.15360555843436,6.1859474870611,2.4575655039715,"Very Unhealthy","Low",113.770791378956,41.762295685,403.693340017881,1.167358855,222.804776749914,149.1473916,5.89821532395388,1.167358855,0.954531364855707,0.967099858342308,0.715751175342627,114.486542554298,228.973085108596,0.228973085108596,0.000228973085108596,2.28973085108596e-07,0.00629116811676692,4573445892683.59,0,4573445892.68359,0,4573.44589268359,0
"Konza4","Bu","Smoke","S9PI",20240717,"9/13/2024","Lampman","12A_A","12A","A",10,0,7,7,0,NA,NA,"12A","K4_B",2,80,40,"1D",3,12,0.04,2.1375,1.5375,0.6,6.4,0,6.4,4.733125,3.726875,5.99375,0,5.99375,-3.2188758248682,0,1264375,1082621.09375,1082621.09375,0,0,0,996395.234375,996395.234375,0,622.881733812605,128.82971,6136.6878516461,137.246811594203,106.25,503.145,523.299492753623,169.965,6130.96,27.1035137701804,26.6666666666667,33.3333333333333,17.2222222222222,17.6068376068376,18,15,20,4.18750501160228,4.15360555843436,6.1859474870611,2.4575655039715,"Very Unhealthy","Low",113.770791378956,41.762295685,403.693340017881,1.167358855,222.804776749914,149.1473916,5.89821532395388,1.167358855,0.954531364855707,0.967099858342308,0.715751175342627,114.486542554298,228.973085108596,0.228973085108596,0.000228973085108596,2.28973085108596e-07,0.00629116811676692,4351582343848.11,0,4351582343.84811,0,4351.58234384811,0
"Konza4","Bu","Smoke","S9PI",20240717,"9/13/2024","Lampman","12A_A","12A","A",11,1,0,1,0,NA,NA,"12A","K4_B",2,80,40,"1D",3,12,0.04,2.1375,1.5375,0.6,0,0,0,2.96375,2.23875,0,0,0,-3.2188758248682,1,180625,0,0,0,NA,0,0,0,NA,622.881733812605,128.82971,6136.6878516461,137.246811594203,106.25,503.145,523.299492753623,169.965,6130.96,27.1035137701804,26.6666666666667,33.3333333333333,17.2222222222222,17.6068376068376,18,15,20,4.18750501160228,4.15360555843436,6.1859474870611,2.4575655039715,"Very Unhealthy","Low",113.770791378956,41.762295685,403.693340017881,1.167358855,222.804776749914,149.1473916,5.89821532395388,1.167358855,0.954531364855707,0.967099858342308,0.715751175342627,114.486542554298,228.973085108596,0.228973085108596,0.000228973085108596,2.28973085108596e-07,0.00629116811676692,0,0,0,0,0,0
"Konza4","Bu","Smoke","S9PI",20240717,"9/13/2024","Lampman","12A_A","12A","A",12,0,3,3,0,NA,NA,"12A","K4_B",2,80,40,"1D",3,12,0.04,2.1375,1.5375,0.6,2.4,0,2.4,4.733125,3.726875,1.99375,0,1.99375,-3.2188758248682,0,541875,360121.09375,360121.09375,0,0,0,273895.234375,273895.234375,0,622.881733812605,128.82971,6136.6878516461,137.246811594203,106.25,503.145,523.299492753623,169.965,6130.96,27.1035137701804,26.6666666666667,33.3333333333333,17.2222222222222,17.6068376068376,18,15,20,4.18750501160228,4.15360555843436,6.1859474870611,2.4575655039715,"Very Unhealthy","Low",113.770791378956,41.762295685,403.693340017881,1.167358855,222.804776749914,149.1473916,5.89821532395388,1.167358855,0.954531364855707,0.967099858342308,0.715751175342627,114.486542554298,228.973085108596,0.228973085108596,0.000228973085108596,2.28973085108596e-07,0.00629116811676692,1196189649299.17,0,1196189649.29917,0,1196.18964929917,0
"Konza4","Bu","Smoke","S9PI",20240717,"9/13/2024","Lampman","12A_A","12A","A",13,0,6,6,0,NA,NA,"12A","K4_B",2,80,40,"1D",3,12,0.04,2.1375,1.5375,0.6,5.4,0,5.4,2.96375,2.23875,5.275,0,5.275,-3.2188758248682,0,1083750,952796.875,952796.875,0,0,0,866571.015625,866571.015625,0,622.881733812605,128.82971,6136.6878516461,137.246811594203,106.25,503.145,523.299492753623,169.965,6130.96,27.1035137701804,26.6666666666667,33.3333333333333,17.2222222222222,17.6068376068376,18,15,20,4.18750501160228,4.15360555843436,6.1859474870611,2.4575655039715,"Very Unhealthy","Low",113.770791378956,41.762295685,403.693340017881,1.167358855,222.804776749914,149.1473916,5.89821532395388,1.167358855,0.954531364855707,0.967099858342308,0.715751175342627,114.486542554298,228.973085108596,0.228973085108596,0.000228973085108596,2.28973085108596e-07,0.00629116811676692,3784597719046.35,0,3784597719.04635,0,3784.59771904635,0
"Konza4","Bu","Smoke","S9PI",20240717,"9/13/2024","Lampman","12A_A","12A","A",14,2,2,4,0,NA,NA,"12A","K4_B",2,80,40,"1D",3,12,0.04,2.1375,1.5375,0.6,1.4,0.4625,1.8625,4.733125,3.726875,0.99375,0,0.99375,-3.2188758248682,0.5,722500,179496.09375,179496.09375,0,0,0,93270.234375,93270.234375,0,622.881733812605,128.82971,6136.6878516461,137.246811594203,106.25,503.145,523.299492753623,169.965,6130.96,27.1035137701804,26.6666666666667,33.3333333333333,17.2222222222222,17.6068376068376,18,15,20,4.18750501160228,4.15360555843436,6.1859474870611,2.4575655039715,"Very Unhealthy","Low",113.770791378956,41.762295685,403.693340017881,1.167358855,222.804776749914,149.1473916,5.89821532395388,1.167358855,0.954531364855707,0.967099858342308,0.715751175342627,114.486542554298,228.973085108596,0.228973085108596,0.000228973085108596,2.28973085108596e-07,0.00629116811676692,407341475661.928,0,407341475.661928,0,407.341475661928,0
"Konza4","Bu","Smoke","S9PI",20240717,"9/13/2024","Lampman","12A_A","12A","A",15,2,2,4,0,NA,NA,"12A","K4_B",2,80,40,"1D",3,12,0.04,2.1375,1.5375,0.6,1.4,0.4625,1.8625,2.96375,2.23875,1.275,0,1.275,-3.2188758248682,0.5,722500,230296.875,230296.875,0,0,0,144071.015625,144071.015625,0,622.881733812605,128.82971,6136.6878516461,137.246811594203,106.25,503.145,523.299492753623,169.965,6130.96,27.1035137701804,26.6666666666667,33.3333333333333,17.2222222222222,17.6068376068376,18,15,20,4.18750501160228,4.15360555843436,6.1859474870611,2.4575655039715,"Very Unhealthy","Low",113.770791378956,41.762295685,403.693340017881,1.167358855,222.804776749914,149.1473916,5.89821532395388,1.167358855,0.954531364855707,0.967099858342308,0.715751175342627,114.486542554298,228.973085108596,0.228973085108596,0.000228973085108596,2.28973085108596e-07,0.00629116811676692,629205024497.401,0,629205024.497401,0,629.205024497401,0
"Konza4","Bu","Smoke","S9PI",20240717,"9/13/2024","Lampman","12A_A","12A","A",16,0,1,1,0,NA,NA,"12A","K4_B",2,80,40,"1D",3,12,0.04,2.1375,1.5375,0.6,0.4,0,0.4,4.733125,3.726875,0,0,0,-3.2188758248682,0,180625,0,0,0,NA,0,0,0,NA,622.881733812605,128.82971,6136.6878516461,137.246811594203,106.25,503.145,523.299492753623,169.965,6130.96,27.1035137701804,26.6666666666667,33.3333333333333,17.2222222222222,17.6068376068376,18,15,20,4.18750501160228,4.15360555843436,6.1859474870611,2.4575655039715,"Very Unhealthy","Low",113.770791378956,41.762295685,403.693340017881,1.167358855,222.804776749914,149.1473916,5.89821532395388,1.167358855,0.954531364855707,0.967099858342308,0.715751175342627,114.486542554298,228.973085108596,0.228973085108596,0.000228973085108596,2.28973085108596e-07,0.00629116811676692,0,0,0,0,0,0
"Konza4","Bu","Smoke","S9PI",20240717,"9/14/2024","Lampman","12A_A","12A","A",17,1,4,5,0,NA,NA,"12A","K4_B",2,80,40,"1D",3,12,0.04,2.1375,1.5375,0.6,3.4,0,3.4,2.96375,2.23875,3.275,0,3.275,-3.2188758248682,0.2,903125,591546.875,591546.875,0,0,0,505321.015625,505321.015625,0,622.881733812605,128.82971,6136.6878516461,137.246811594203,106.25,503.145,523.299492753623,169.965,6130.96,27.1035137701804,26.6666666666667,33.3333333333333,17.2222222222222,17.6068376068376,18,15,20,4.18750501160228,4.15360555843436,6.1859474870611,2.4575655039715,"Very Unhealthy","Low",113.770791378956,41.762295685,403.693340017881,1.167358855,222.804776749914,149.1473916,5.89821532395388,1.167358855,0.954531364855707,0.967099858342308,0.715751175342627,114.486542554298,228.973085108596,0.228973085108596,0.000228973085108596,2.28973085108596e-07,0.00629116811676692,2206901371771.88,0,2206901371.77187,0,2206.90137177188,0
"Konza4","Bu","Smoke","S9PI",20240717,"9/14/2024","Lampman","12A_A","12A","A",18,2,7,9,0,NA,NA,"12A","K4_B",2,80,40,"1D",3,12,0.04,2.1375,1.5375,0.6,6.4,0.4625,6.8625,4.733125,3.726875,5.99375,0,5.99375,-3.2188758248682,0.222222222222222,1625625,1082621.09375,1082621.09375,0,0,0,996395.234375,996395.234375,0,622.881733812605,128.82971,6136.6878516461,137.246811594203,106.25,503.145,523.299492753623,169.965,6130.96,27.1035137701804,26.6666666666667,33.3333333333333,17.2222222222222,17.6068376068376,18,15,20,4.18750501160228,4.15360555843436,6.1859474870611,2.4575655039715,"Very Unhealthy","Low",113.770791378956,41.762295685,403.693340017881,1.167358855,222.804776749914,149.1473916,5.89821532395388,1.167358855,0.954531364855707,0.967099858342308,0.715751175342627,114.486542554298,228.973085108596,0.228973085108596,0.000228973085108596,2.28973085108596e-07,0.00629116811676692,4351582343848.11,0,4351582343.84811,0,4351.58234384811,0
"Konza4","Bu","Smoke","S9PI",20240717,"9/14/2024","Lampman","12A_A","12A","A",19,2,5,7,0,NA,NA,"12A","K4_B",2,80,40,"1D",3,12,0.04,2.1375,1.5375,0.6,4.4,0.4625,4.8625,2.96375,2.23875,4.275,0,4.275,-3.2188758248682,0.285714285714286,1264375,772171.875,772171.875,0,0,0,685946.015625,685946.015625,0,622.881733812605,128.82971,6136.6878516461,137.246811594203,106.25,503.145,523.299492753623,169.965,6130.96,27.1035137701804,26.6666666666667,33.3333333333333,17.2222222222222,17.6068376068376,18,15,20,4.18750501160228,4.15360555843436,6.1859474870611,2.4575655039715,"Very Unhealthy","Low",113.770791378956,41.762295685,403.693340017881,1.167358855,222.804776749914,149.1473916,5.89821532395388,1.167358855,0.954531364855707,0.967099858342308,0.715751175342627,114.486542554298,228.973085108596,0.228973085108596,0.000228973085108596,2.28973085108596e-07,0.00629116811676692,2995749545409.11,0,2995749545.40911,0,2995.74954540911,0
"Konza4","Bu","Smoke","S9PI",20240717,"9/14/2024","Lampman","12A_A","12A","A",20,1,0,1,0,NA,NA,"12A","K4_B",2,80,40,"1D",3,12,0.04,2.1375,1.5375,0.6,0,0,0,4.733125,3.726875,0,0,0,-3.2188758248682,1,180625,0,0,0,NA,0,0,0,NA,622.881733812605,128.82971,6136.6878516461,137.246811594203,106.25,503.145,523.299492753623,169.965,6130.96,27.1035137701804,26.6666666666667,33.3333333333333,17.2222222222222,17.6068376068376,18,15,20,4.18750501160228,4.15360555843436,6.1859474870611,2.4575655039715,"Very Unhealthy","Low",113.770791378956,41.762295685,403.693340017881,1.167358855,222.804776749914,149.1473916,5.89821532395388,1.167358855,0.954531364855707,0.967099858342308,0.715751175342627,114.486542554298,228.973085108596,0.228973085108596,0.000228973085108596,2.28973085108596e-07,0.00629116811676692,0,0,0,0,0,0
"Konza4","Bu","Smoke","S9PI",20240717,"9/14/2024","Lampman","12A_A","12A","A",21,1,1,2,0,NA,NA,"12A","K4_B",2,80,40,"1D",3,12,0.04,2.1375,1.5375,0.6,0.4,0,0.4,2.96375,2.23875,0.275,0,0.275,-3.2188758248682,0.5,361250,49671.875,49671.875,0,0,0,0,0,NA,622.881733812605,128.82971,6136.6878516461,137.246811594203,106.25,503.145,523.299492753623,169.965,6130.96,27.1035137701804,26.6666666666667,33.3333333333333,17.2222222222222,17.6068376068376,18,15,20,4.18750501160228,4.15360555843436,6.1859474870611,2.4575655039715,"Very Unhealthy","Low",113.770791378956,41.762295685,403.693340017881,1.167358855,222.804776749914,149.1473916,5.89821532395388,1.167358855,0.954531364855707,0.967099858342308,0.715751175342627,114.486542554298,228.973085108596,0.228973085108596,0.000228973085108596,2.28973085108596e-07,0.00629116811676692,0,0,0,0,0,0
"Konza4","Bu","Smoke","S9PI",20240717,"9/14/2024","Lampman","12A_A","12A","A",22,1,6,7,1,5,NA,"12A","K4_B",2,80,40,"1D",3,12,0.04,2.1375,1.5375,0.6,5.4,0,5.4,4.733125,3.726875,4.99375,0,4.99375,-3.2188758248682,0.142857142857143,1264375,901996.09375,901996.09375,0,0,0,815770.234375,815770.234375,0,622.881733812605,128.82971,6136.6878516461,137.246811594203,106.25,503.145,523.299492753623,169.965,6130.96,27.1035137701804,26.6666666666667,33.3333333333333,17.2222222222222,17.6068376068376,18,15,20,4.18750501160228,4.15360555843436,6.1859474870611,2.4575655039715,"Very Unhealthy","Low",113.770791378956,41.762295685,403.693340017881,1.167358855,222.804776749914,149.1473916,5.89821532395388,1.167358855,0.954531364855707,0.967099858342308,0.715751175342627,114.486542554298,228.973085108596,0.228973085108596,0.000228973085108596,2.28973085108596e-07,0.00629116811676692,3562734170210.88,0,3562734170.21088,0,3562.73417021088,0
"Konza4","Bu","Smoke","S9PI",20240717,"9/14/2024","Lampman","12A_A","12A","A",23,3,4,7,0,NA,NA,"12A","K4_B",2,80,40,"1D",3,12,0.04,2.1375,1.5375,0.6,3.4,1.4625,4.8625,2.96375,2.23875,3.275,0.76125,4.03625,-3.2188758248682,0.428571428571429,1264375,729047.65625,591546.875,137500.78125,0.188603282750077,0,505321.015625,505321.015625,0,622.881733812605,128.82971,6136.6878516461,137.246811594203,106.25,503.145,523.299492753623,169.965,6130.96,27.1035137701804,26.6666666666667,33.3333333333333,17.2222222222222,17.6068376068376,18,15,20,4.18750501160228,4.15360555843436,6.1859474870611,2.4575655039715,"Very Unhealthy","Low",113.770791378956,41.762295685,403.693340017881,1.167358855,222.804776749914,149.1473916,5.89821532395388,1.167358855,0.954531364855707,0.967099858342308,0.715751175342627,114.486542554298,228.973085108596,0.228973085108596,0.000228973085108596,2.28973085108596e-07,0.00629116811676692,2206901371771.88,0,2206901371.77187,0,2206.90137177188,0
"Konza4","Bu","Smoke","S9PI",20240717,"9/14/2024","Lampman","12A_A","12A","A",24,0,3,3,0,NA,NA,"12A","K4_B",2,80,40,"1D",3,12,0.04,2.1375,1.5375,0.6,2.4,0,2.4,4.733125,3.726875,1.99375,0,1.99375,-3.2188758248682,0,541875,360121.09375,360121.09375,0,0,0,273895.234375,273895.234375,0,622.881733812605,128.82971,6136.6878516461,137.246811594203,106.25,503.145,523.299492753623,169.965,6130.96,27.1035137701804,26.6666666666667,33.3333333333333,17.2222222222222,17.6068376068376,18,15,20,4.18750501160228,4.15360555843436,6.1859474870611,2.4575655039715,"Very Unhealthy","Low",113.770791378956,41.762295685,403.693340017881,1.167358855,222.804776749914,149.1473916,5.89821532395388,1.167358855,0.954531364855707,0.967099858342308,0.715751175342627,114.486542554298,228.973085108596,0.228973085108596,0.000228973085108596,2.28973085108596e-07,0.00629116811676692,1196189649299.17,0,1196189649.29917,0,1196.18964929917,0
"Konza4","Bu","Smoke","S9PI",20240717,"9/14/2024","Lampman","12A_A","12A","A",25,0,3,3,0,NA,NA,"12A","K4_B",2,80,40,"1D",3,12,0.04,2.1375,1.5375,0.6,2.4,0,2.4,2.96375,2.23875,2.275,0,2.275,-3.2188758248682,0,541875,410921.875,410921.875,0,0,0,324696.015625,324696.015625,0,622.881733812605,128.82971,6136.6878516461,137.246811594203,106.25,503.145,523.299492753623,169.965,6130.96,27.1035137701804,26.6666666666667,33.3333333333333,17.2222222222222,17.6068376068376,18,15,20,4.18750501160228,4.15360555843436,6.1859474870611,2.4575655039715,"Very Unhealthy","Low",113.770791378956,41.762295685,403.693340017881,1.167358855,222.804776749914,149.1473916,5.89821532395388,1.167358855,0.954531364855707,0.967099858342308,0.715751175342627,114.486542554298,228.973085108596,0.228973085108596,0.000228973085108596,2.28973085108596e-07,0.00629116811676692,1418053198134.64,0,1418053198.13464,0,1418.05319813464,0
"Konza4","Bu","Smoke","S9PI",20240717,"9/14/2024","Lampman","12A_A","12A","A",26,0,2,2,0,NA,NA,"12A","K4_B",2,80,40,"1D",3,12,0.04,2.1375,1.5375,0.6,1.4,0,1.4,4.733125,3.726875,0.99375,0,0.99375,-3.2188758248682,0,361250,179496.09375,179496.09375,0,0,0,93270.234375,93270.234375,0,622.881733812605,128.82971,6136.6878516461,137.246811594203,106.25,503.145,523.299492753623,169.965,6130.96,27.1035137701804,26.6666666666667,33.3333333333333,17.2222222222222,17.6068376068376,18,15,20,4.18750501160228,4.15360555843436,6.1859474870611,2.4575655039715,"Very Unhealthy","Low",113.770791378956,41.762295685,403.693340017881,1.167358855,222.804776749914,149.1473916,5.89821532395388,1.167358855,0.954531364855707,0.967099858342308,0.715751175342627,114.486542554298,228.973085108596,0.228973085108596,0.000228973085108596,2.28973085108596e-07,0.00629116811676692,407341475661.928,0,407341475.661928,0,407.341475661928,0
"Konza4","Bu","Smoke","S9PI",20240717,"9/14/2024","Lampman","12A_A","12A","A",27,1,1,2,0,NA,NA,"12A","K4_B",2,80,40,"1D",3,12,0.04,2.1375,1.5375,0.6,0.4,0,0.4,2.96375,2.23875,0.275,0,0.275,-3.2188758248682,0.5,361250,49671.875,49671.875,0,0,0,0,0,NA,622.881733812605,128.82971,6136.6878516461,137.246811594203,106.25,503.145,523.299492753623,169.965,6130.96,27.1035137701804,26.6666666666667,33.3333333333333,17.2222222222222,17.6068376068376,18,15,20,4.18750501160228,4.15360555843436,6.1859474870611,2.4575655039715,"Very Unhealthy","Low",113.770791378956,41.762295685,403.693340017881,1.167358855,222.804776749914,149.1473916,5.89821532395388,1.167358855,0.954531364855707,0.967099858342308,0.715751175342627,114.486542554298,228.973085108596,0.228973085108596,0.000228973085108596,2.28973085108596e-07,0.00629116811676692,0,0,0,0,0,0
"Konza4","Bu","Smoke","S9PI",20240717,"9/14/2024","Lampman","12A_A","12A","A",28,3,0,3,0,NA,NA,"12A","K4_B",2,80,40,"1D",3,12,0.04,2.1375,1.5375,0.6,0,1.4625,1.4625,4.733125,3.726875,0,0,0,-3.2188758248682,1,541875,0,0,0,NA,0,0,0,NA,622.881733812605,128.82971,6136.6878516461,137.246811594203,106.25,503.145,523.299492753623,169.965,6130.96,27.1035137701804,26.6666666666667,33.3333333333333,17.2222222222222,17.6068376068376,18,15,20,4.18750501160228,4.15360555843436,6.1859474870611,2.4575655039715,"Very Unhealthy","Low",113.770791378956,41.762295685,403.693340017881,1.167358855,222.804776749914,149.1473916,5.89821532395388,1.167358855,0.954531364855707,0.967099858342308,0.715751175342627,114.486542554298,228.973085108596,0.228973085108596,0.000228973085108596,2.28973085108596e-07,0.00629116811676692,0,0,0,0,0,0
"Konza4","Bu","Smoke","S9PI",20240717,"9/14/2024","Lampman","12A_A","12A","A",29,0,1,1,0,NA,NA,"12A","K4_B",2,80,40,"1D",3,12,0.04,2.1375,1.5375,0.6,0.4,0,0.4,2.96375,2.23875,0.275,0,0.275,-3.2188758248682,0,180625,49671.875,49671.875,0,0,0,0,0,NA,622.881733812605,128.82971,6136.6878516461,137.246811594203,106.25,503.145,523.299492753623,169.965,6130.96,27.1035137701804,26.6666666666667,33.3333333333333,17.2222222222222,17.6068376068376,18,15,20,4.18750501160228,4.15360555843436,6.1859474870611,2.4575655039715,"Very Unhealthy","Low",113.770791378956,41.762295685,403.693340017881,1.167358855,222.804776749914,149.1473916,5.89821532395388,1.167358855,0.954531364855707,0.967099858342308,0.715751175342627,114.486542554298,228.973085108596,0.228973085108596,0.000228973085108596,2.28973085108596e-07,0.00629116811676692,0,0,0,0,0,0
"Konza4","Bu","Smoke","S9PI",20240717,"9/14/2024","Lampman","12A_A","12A","A",30,3,2,5,0,NA,NA,"12A","K4_B",2,80,40,"1D",3,12,0.04,2.1375,1.5375,0.6,1.4,1.4625,2.8625,4.733125,3.726875,0.99375,0,0.99375,-3.2188758248682,0.6,903125,179496.09375,179496.09375,0,0,0,93270.234375,93270.234375,0,622.881733812605,128.82971,6136.6878516461,137.246811594203,106.25,503.145,523.299492753623,169.965,6130.96,27.1035137701804,26.6666666666667,33.3333333333333,17.2222222222222,17.6068376068376,18,15,20,4.18750501160228,4.15360555843436,6.1859474870611,2.4575655039715,"Very Unhealthy","Low",113.770791378956,41.762295685,403.693340017881,1.167358855,222.804776749914,149.1473916,5.89821532395388,1.167358855,0.954531364855707,0.967099858342308,0.715751175342627,114.486542554298,228.973085108596,0.228973085108596,0.000228973085108596,2.28973085108596e-07,0.00629116811676692,407341475661.928,0,407341475.661928,0,407.341475661928,0
"Konza4","Bu","Smoke","S9PI",20240717,"9/14/2024","Lampman","12A_A","12A","A",31,1,4,5,0,NA,NA,"12A","K4_B",2,80,40,"1D",3,12,0.04,2.1375,1.5375,0.6,3.4,0,3.4,2.96375,2.23875,3.275,0,3.275,-3.2188758248682,0.2,903125,591546.875,591546.875,0,0,0,505321.015625,505321.015625,0,622.881733812605,128.82971,6136.6878516461,137.246811594203,106.25,503.145,523.299492753623,169.965,6130.96,27.1035137701804,26.6666666666667,33.3333333333333,17.2222222222222,17.6068376068376,18,15,20,4.18750501160228,4.15360555843436,6.1859474870611,2.4575655039715,"Very Unhealthy","Low",113.770791378956,41.762295685,403.693340017881,1.167358855,222.804776749914,149.1473916,5.89821532395388,1.167358855,0.954531364855707,0.967099858342308,0.715751175342627,114.486542554298,228.973085108596,0.228973085108596,0.000228973085108596,2.28973085108596e-07,0.00629116811676692,2206901371771.88,0,2206901371.77187,0,2206.90137177188,0
"Konza4","Bu","Smoke","S9PI",20240717,"9/14/2024","Lampman","12A_A","12A","A",32,1,0,1,0,NA,NA,"12A","K4_B",2,80,40,"1D",3,12,0.04,2.1375,1.5375,0.6,0,0,0,4.733125,3.726875,0,0,0,-3.2188758248682,1,180625,0,0,0,NA,0,0,0,NA,622.881733812605,128.82971,6136.6878516461,137.246811594203,106.25,503.145,523.299492753623,169.965,6130.96,27.1035137701804,26.6666666666667,33.3333333333333,17.2222222222222,17.6068376068376,18,15,20,4.18750501160228,4.15360555843436,6.1859474870611,2.4575655039715,"Very Unhealthy","Low",113.770791378956,41.762295685,403.693340017881,1.167358855,222.804776749914,149.1473916,5.89821532395388,1.167358855,0.954531364855707,0.967099858342308,0.715751175342627,114.486542554298,228.973085108596,0.228973085108596,0.000228973085108596,2.28973085108596e-07,0.00629116811676692,0,0,0,0,0,0
"Konza4","Bu","Smoke","S9PI",20240717,"9/15/2024","Lampman","12A_A","12A","A",33,1,0,1,0,NA,NA,"12A","K4_B",2,80,40,"1D",3,12,0.04,2.1375,1.5375,0.6,0,0,0,2.96375,2.23875,0,0,0,-3.2188758248682,1,180625,0,0,0,NA,0,0,0,NA,622.881733812605,128.82971,6136.6878516461,137.246811594203,106.25,503.145,523.299492753623,169.965,6130.96,27.1035137701804,26.6666666666667,33.3333333333333,17.2222222222222,17.6068376068376,18,15,20,4.18750501160228,4.15360555843436,6.1859474870611,2.4575655039715,"Very Unhealthy","Low",113.770791378956,41.762295685,403.693340017881,1.167358855,222.804776749914,149.1473916,5.89821532395388,1.167358855,0.954531364855707,0.967099858342308,0.715751175342627,114.486542554298,228.973085108596,0.228973085108596,0.000228973085108596,2.28973085108596e-07,0.00629116811676692,0,0,0,0,0,0
"Konza4","Bu","Smoke","S9PI",20240717,"9/15/2024","Lampman","12A_A","12A","A",34,2,1,3,0,NA,NA,"12A","K4_B",2,80,40,"1D",3,12,0.04,2.1375,1.5375,0.6,0.4,0.4625,0.8625,4.733125,3.726875,0,0,0,-3.2188758248682,0.666666666666667,541875,0,0,0,NA,0,0,0,NA,622.881733812605,128.82971,6136.6878516461,137.246811594203,106.25,503.145,523.299492753623,169.965,6130.96,27.1035137701804,26.6666666666667,33.3333333333333,17.2222222222222,17.6068376068376,18,15,20,4.18750501160228,4.15360555843436,6.1859474870611,2.4575655039715,"Very Unhealthy","Low",113.770791378956,41.762295685,403.693340017881,1.167358855,222.804776749914,149.1473916,5.89821532395388,1.167358855,0.954531364855707,0.967099858342308,0.715751175342627,114.486542554298,228.973085108596,0.228973085108596,0.000228973085108596,2.28973085108596e-07,0.00629116811676692,0,0,0,0,0,0
"Konza4","Bu","Smoke","S9PI",20240717,"9/15/2024","Lampman","12A_A","12A","A",35,0,1,1,0,NA,NA,"12A","K4_B",2,80,40,"1D",3,12,0.04,2.1375,1.5375,0.6,0.4,0,0.4,2.96375,2.23875,0.275,0,0.275,-3.2188758248682,0,180625,49671.875,49671.875,0,0,0,0,0,NA,622.881733812605,128.82971,6136.6878516461,137.246811594203,106.25,503.145,523.299492753623,169.965,6130.96,27.1035137701804,26.6666666666667,33.3333333333333,17.2222222222222,17.6068376068376,18,15,20,4.18750501160228,4.15360555843436,6.1859474870611,2.4575655039715,"Very Unhealthy","Low",113.770791378956,41.762295685,403.693340017881,1.167358855,222.804776749914,149.1473916,5.89821532395388,1.167358855,0.954531364855707,0.967099858342308,0.715751175342627,114.486542554298,228.973085108596,0.228973085108596,0.000228973085108596,2.28973085108596e-07,0.00629116811676692,0,0,0,0,0,0
"Konza4","Bu","Smoke","S9PI",20240717,"9/15/2024","Lampman","12A_A","12A","A",36,2,0,2,0,NA,NA,"12A","K4_B",2,80,40,"1D",3,12,0.04,2.1375,1.5375,0.6,0,0.4625,0.4625,4.733125,3.726875,0,0,0,-3.2188758248682,1,361250,0,0,0,NA,0,0,0,NA,622.881733812605,128.82971,6136.6878516461,137.246811594203,106.25,503.145,523.299492753623,169.965,6130.96,27.1035137701804,26.6666666666667,33.3333333333333,17.2222222222222,17.6068376068376,18,15,20,4.18750501160228,4.15360555843436,6.1859474870611,2.4575655039715,"Very Unhealthy","Low",113.770791378956,41.762295685,403.693340017881,1.167358855,222.804776749914,149.1473916,5.89821532395388,1.167358855,0.954531364855707,0.967099858342308,0.715751175342627,114.486542554298,228.973085108596,0.228973085108596,0.000228973085108596,2.28973085108596e-07,0.00629116811676692,0,0,0,0,0,0
"Konza4","Bu","Smoke","S9PI",20240717,"9/15/2024","Lampman","12A_A","12A","A",37,0,1,1,0,NA,NA,"12A","K4_B",2,80,40,"1D",3,12,0.04,2.1375,1.5375,0.6,0.4,0,0.4,2.96375,2.23875,0.275,0,0.275,-3.2188758248682,0,180625,49671.875,49671.875,0,0,0,0,0,NA,622.881733812605,128.82971,6136.6878516461,137.246811594203,106.25,503.145,523.299492753623,169.965,6130.96,27.1035137701804,26.6666666666667,33.3333333333333,17.2222222222222,17.6068376068376,18,15,20,4.18750501160228,4.15360555843436,6.1859474870611,2.4575655039715,"Very Unhealthy","Low",113.770791378956,41.762295685,403.693340017881,1.167358855,222.804776749914,149.1473916,5.89821532395388,1.167358855,0.954531364855707,0.967099858342308,0.715751175342627,114.486542554298,228.973085108596,0.228973085108596,0.000228973085108596,2.28973085108596e-07,0.00629116811676692,0,0,0,0,0,0
"Konza4","Bu","Smoke","S9PI",20240717,"9/15/2024","Lampman","12A_A","12A","A",38,0,1,1,1,5,NA,"12A","K4_B",2,80,40,"1D",3,12,0.04,2.1375,1.5375,0.6,0.4,0,0.4,4.733125,3.726875,0,0,0,-3.2188758248682,0,180625,0,0,0,NA,0,0,0,NA,622.881733812605,128.82971,6136.6878516461,137.246811594203,106.25,503.145,523.299492753623,169.965,6130.96,27.1035137701804,26.6666666666667,33.3333333333333,17.2222222222222,17.6068376068376,18,15,20,4.18750501160228,4.15360555843436,6.1859474870611,2.4575655039715,"Very Unhealthy","Low",113.770791378956,41.762295685,403.693340017881,1.167358855,222.804776749914,149.1473916,5.89821532395388,1.167358855,0.954531364855707,0.967099858342308,0.715751175342627,114.486542554298,228.973085108596,0.228973085108596,0.000228973085108596,2.28973085108596e-07,0.00629116811676692,0,0,0,0,0,0
"Konza4","Bu","Smoke","S9PI",20240717,"9/15/2024","Lampman","12A_A","12A","A",39,0,4,4,0,NA,NA,"12A","K4_B",2,80,40,"1D",3,12,0.04,2.1375,1.5375,0.6,3.4,0,3.4,2.96375,2.23875,3.275,0,3.275,-3.2188758248682,0,722500,591546.875,591546.875,0,0,0,505321.015625,505321.015625,0,622.881733812605,128.82971,6136.6878516461,137.246811594203,106.25,503.145,523.299492753623,169.965,6130.96,27.1035137701804,26.6666666666667,33.3333333333333,17.2222222222222,17.6068376068376,18,15,20,4.18750501160228,4.15360555843436,6.1859474870611,2.4575655039715,"Very Unhealthy","Low",113.770791378956,41.762295685,403.693340017881,1.167358855,222.804776749914,149.1473916,5.89821532395388,1.167358855,0.954531364855707,0.967099858342308,0.715751175342627,114.486542554298,228.973085108596,0.228973085108596,0.000228973085108596,2.28973085108596e-07,0.00629116811676692,2206901371771.88,0,2206901371.77187,0,2206.90137177188,0
"Konza4","Bu","Smoke","S9PI",20240717,"9/15/2024","Lampman","12A_A","12A","A",40,0,5,5,0,NA,NA,"12A","K4_B",2,80,40,"1D",3,12,0.04,2.1375,1.5375,0.6,4.4,0,4.4,4.733125,3.726875,3.99375,0,3.99375,-3.2188758248682,0,903125,721371.09375,721371.09375,0,0,0,635145.234375,635145.234375,0,622.881733812605,128.82971,6136.6878516461,137.246811594203,106.25,503.145,523.299492753623,169.965,6130.96,27.1035137701804,26.6666666666667,33.3333333333333,17.2222222222222,17.6068376068376,18,15,20,4.18750501160228,4.15360555843436,6.1859474870611,2.4575655039715,"Very Unhealthy","Low",113.770791378956,41.762295685,403.693340017881,1.167358855,222.804776749914,149.1473916,5.89821532395388,1.167358855,0.954531364855707,0.967099858342308,0.715751175342627,114.486542554298,228.973085108596,0.228973085108596,0.000228973085108596,2.28973085108596e-07,0.00629116811676692,2773885996573.64,0,2773885996.57364,0,2773.88599657364,0
"Konza4","Bu","Smoke","S9PI",20240622,"9/6/2024","Lampman","11A_A","11A","A",1,4,2,6,0,NA,NA,"11A","K4_A",3,80,26.66666667,"K1B",3,11,0.02666666667,2.3,0.9,1.4,0.6,3.1,3.7,3.12625,1.60125,0.475,2.39875,2.87375,-3.62434093285137,0.666666666666667,1625624.9997968,778606.640527674,128695.312483913,649911.328043761,0.834710743801653,0,42469.4531089131,42469.4531089131,0,1284.47600540507,1152.27781684,4235.5983418576,237.203465346535,280,450.52,972.438613861386,967.75,2602.25,32.4358974358974,33.8888888888889,38.8888888888889,21.6666666666667,16.4529914529915,15,11,26,5.16620189749284,5.07089499338291,6.4179489121693,3.28478759220139,"Hazardous","High",NA,NA,NA,NA,NA,NA,NA,NA,NA,NA,NA,NA,NA,NA,NA,NA,NA,NA,NA,NA,NA,NA,NA
"Konza4","Bu","Smoke","S9PI",20240622,"9/6/2024","Lampman","11A_A","11A","A",2,3,0,3,0,NA,NA,"11A","K4_A",3,80,26.66666667,"K1B",3,11,0.02666666667,2.3,0.9,1.4,0,2.1,2.1,4.895625,3.089375,0,0,0,-3.62434093285137,1,812812.499898398,0,0,0,NA,0,0,0,NA,1284.47600540507,1152.27781684,4235.5983418576,237.203465346535,280,450.52,972.438613861386,967.75,2602.25,32.4358974358974,33.8888888888889,38.8888888888889,21.6666666666667,16.4529914529915,15,11,26,5.16620189749284,5.07089499338291,6.4179489121693,3.28478759220139,"Hazardous","High",NA,NA,NA,NA,NA,NA,NA,NA,NA,NA,NA,NA,NA,NA,NA,NA,NA,NA,NA,NA,NA,NA,NA
"Konza4","Bu","Smoke","S9PI",20240622,"9/6/2024","Lampman","11A_A","11A","A",3,3,0,3,0,NA,NA,"11A","K4_A",3,80,26.66666667,"K1B",3,11,0.02666666667,2.3,0.9,1.4,0,2.1,2.1,3.12625,1.60125,0,1.39875,1.39875,-3.62434093285137,1,812812.499898398,378973.828077628,0,378973.828077628,1,0,0,0,NA,1284.47600540507,1152.27781684,4235.5983418576,237.203465346535,280,450.52,972.438613861386,967.75,2602.25,32.4358974358974,33.8888888888889,38.8888888888889,21.6666666666667,16.4529914529915,15,11,26,5.16620189749284,5.07089499338291,6.4179489121693,3.28478759220139,"Hazardous","High",NA,NA,NA,NA,NA,NA,NA,NA,NA,NA,NA,NA,NA,NA,NA,NA,NA,NA,NA,NA,NA,NA,NA
"Konza4","Bu","Smoke","S9PI",20240622,"9/6/2024","Lampman","11A_A","11A","A",4,4,0,4,0,NA,NA,"11A","K4_A",3,80,26.66666667,"K1B",3,11,0.02666666667,2.3,0.9,1.4,0,3.1,3.1,4.895625,3.089375,0,0.910625,0.910625,-3.62434093285137,1,1083749.99986453,246722.46090666,0,246722.46090666,1,0,0,0,NA,1284.47600540507,1152.27781684,4235.5983418576,237.203465346535,280,450.52,972.438613861386,967.75,2602.25,32.4358974358974,33.8888888888889,38.8888888888889,21.6666666666667,16.4529914529915,15,11,26,5.16620189749284,5.07089499338291,6.4179489121693,3.28478759220139,"Hazardous","High",NA,NA,NA,NA,NA,NA,NA,NA,NA,NA,NA,NA,NA,NA,NA,NA,NA,NA,NA,NA,NA,NA,NA
"Konza4","Bu","Smoke","S9PI",20240622,"9/6/2024","Lampman","11A_A","11A","A",5,0,2,2,0,NA,NA,"11A","K4_A",3,80,26.66666667,"K1B",3,11,0.02666666667,2.3,0.9,1.4,0.6,0,0.6,3.12625,1.60125,0.475,0,0.475,-3.62434093285137,0,541874.999932265,128695.312483913,128695.312483913,0,0,0,42469.4531089131,42469.4531089131,0,1284.47600540507,1152.27781684,4235.5983418576,237.203465346535,280,450.52,972.438613861386,967.75,2602.25,32.4358974358974,33.8888888888889,38.8888888888889,21.6666666666667,16.4529914529915,15,11,26,5.16620189749284,5.07089499338291,6.4179489121693,3.28478759220139,"Hazardous","High",NA,NA,NA,NA,NA,NA,NA,NA,NA,NA,NA,NA,NA,NA,NA,NA,NA,NA,NA,NA,NA,NA,NA
"Konza4","Bu","Smoke","S9PI",20240622,"9/6/2024","Lampman","11A_A","11A","A",6,5,0,5,0,NA,NA,"11A","K4_A",3,80,26.66666667,"K1B",3,11,0.02666666667,2.3,0.9,1.4,0,4.1,4.1,4.895625,3.089375,0,1.910625,1.910625,-3.62434093285137,1,1354687.49983066,517659.960872792,0,517659.960872792,1,0,0,0,NA,1284.47600540507,1152.27781684,4235.5983418576,237.203465346535,280,450.52,972.438613861386,967.75,2602.25,32.4358974358974,33.8888888888889,38.8888888888889,21.6666666666667,16.4529914529915,15,11,26,5.16620189749284,5.07089499338291,6.4179489121693,3.28478759220139,"Hazardous","High",NA,NA,NA,NA,NA,NA,NA,NA,NA,NA,NA,NA,NA,NA,NA,NA,NA,NA,NA,NA,NA,NA,NA
"Konza4","Bu","Smoke","S9PI",20240622,"9/6/2024","Lampman","11A_A","11A","A",7,5,1,6,0,NA,NA,"11A","K4_A",3,80,26.66666667,"K1B",3,11,0.02666666667,2.3,0.9,1.4,0,4.1,4.1,3.12625,1.60125,0,3.39875,3.39875,-3.62434093285137,0.833333333333333,1625624.9997968,920848.828009894,0,920848.828009894,1,12618.9139473939,0,12618.9139473939,1,1284.47600540507,1152.27781684,4235.5983418576,237.203465346535,280,450.52,972.438613861386,967.75,2602.25,32.4358974358974,33.8888888888889,38.8888888888889,21.6666666666667,16.4529914529915,15,11,26,5.16620189749284,5.07089499338291,6.4179489121693,3.28478759220139,"Hazardous","High",NA,NA,NA,NA,NA,NA,NA,NA,NA,NA,NA,NA,NA,NA,NA,NA,NA,NA,NA,NA,NA,NA,NA
"Konza4","Bu","Smoke","S9PI",20240622,"9/6/2024","Lampman","11A_A","11A","A",8,2,0,2,0,NA,NA,"11A","K4_A",3,80,26.66666667,"K1B",3,11,0.02666666667,2.3,0.9,1.4,0,1.1,1.1,4.895625,3.089375,0,0,0,-3.62434093285137,1,541874.999932265,0,0,0,NA,0,0,0,NA,1284.47600540507,1152.27781684,4235.5983418576,237.203465346535,280,450.52,972.438613861386,967.75,2602.25,32.4358974358974,33.8888888888889,38.8888888888889,21.6666666666667,16.4529914529915,15,11,26,5.16620189749284,5.07089499338291,6.4179489121693,3.28478759220139,"Hazardous","High",NA,NA,NA,NA,NA,NA,NA,NA,NA,NA,NA,NA,NA,NA,NA,NA,NA,NA,NA,NA,NA,NA,NA
"Konza4","Bu","Smoke","S9PI",20240622,"9/6/2024","Lampman","11A_A","11A","A",9,3,0,3,0,NA,NA,"11A","K4_A",3,80,26.66666667,"K1B",3,11,0.02666666667,2.3,0.9,1.4,0,2.1,2.1,3.12625,1.60125,0,1.39875,1.39875,-3.62434093285137,1,812812.499898398,378973.828077628,0,378973.828077628,1,0,0,0,NA,1284.47600540507,1152.27781684,4235.5983418576,237.203465346535,280,450.52,972.438613861386,967.75,2602.25,32.4358974358974,33.8888888888889,38.8888888888889,21.6666666666667,16.4529914529915,15,11,26,5.16620189749284,5.07089499338291,6.4179489121693,3.28478759220139,"Hazardous","High",NA,NA,NA,NA,NA,NA,NA,NA,NA,NA,NA,NA,NA,NA,NA,NA,NA,NA,NA,NA,NA,NA,NA
"Konza4","Bu","Smoke","S9PI",20240622,"9/6/2024","Lampman","11A_A","11A","A",10,2,0,2,0,NA,NA,"11A","K4_A",3,80,26.66666667,"K1B",3,11,0.02666666667,2.3,0.9,1.4,0,1.1,1.1,4.895625,3.089375,0,0,0,-3.62434093285137,1,541874.999932265,0,0,0,NA,0,0,0,NA,1284.47600540507,1152.27781684,4235.5983418576,237.203465346535,280,450.52,972.438613861386,967.75,2602.25,32.4358974358974,33.8888888888889,38.8888888888889,21.6666666666667,16.4529914529915,15,11,26,5.16620189749284,5.07089499338291,6.4179489121693,3.28478759220139,"Hazardous","High",NA,NA,NA,NA,NA,NA,NA,NA,NA,NA,NA,NA,NA,NA,NA,NA,NA,NA,NA,NA,NA,NA,NA
"Konza4","Bu","Smoke","S9PI",20240622,"9/6/2024","Lampman","11A_A","11A","A",11,3,1,4,0,NA,NA,"11A","K4_A",3,80,26.66666667,"K1B",3,11,0.02666666667,2.3,0.9,1.4,0,2.1,2.1,3.12625,1.60125,0,1.39875,1.39875,-3.62434093285137,0.75,1083749.99986453,378973.828077628,0,378973.828077628,1,0,0,0,NA,1284.47600540507,1152.27781684,4235.5983418576,237.203465346535,280,450.52,972.438613861386,967.75,2602.25,32.4358974358974,33.8888888888889,38.8888888888889,21.6666666666667,16.4529914529915,15,11,26,5.16620189749284,5.07089499338291,6.4179489121693,3.28478759220139,"Hazardous","High",NA,NA,NA,NA,NA,NA,NA,NA,NA,NA,NA,NA,NA,NA,NA,NA,NA,NA,NA,NA,NA,NA,NA
"Konza4","Bu","Smoke","S9PI",20240622,"9/6/2024","Lampman","11A_A","11A","A",12,2,1,3,0,NA,NA,"11A","K4_A",3,80,26.66666667,"K1B",3,11,0.02666666667,2.3,0.9,1.4,0,1.1,1.1,4.895625,3.089375,0,0,0,-3.62434093285137,0.666666666666667,812812.499898398,0,0,0,NA,0,0,0,NA,1284.47600540507,1152.27781684,4235.5983418576,237.203465346535,280,450.52,972.438613861386,967.75,2602.25,32.4358974358974,33.8888888888889,38.8888888888889,21.6666666666667,16.4529914529915,15,11,26,5.16620189749284,5.07089499338291,6.4179489121693,3.28478759220139,"Hazardous","High",NA,NA,NA,NA,NA,NA,NA,NA,NA,NA,NA,NA,NA,NA,NA,NA,NA,NA,NA,NA,NA,NA,NA
"Konza4","Bu","Smoke","S9PI",20240622,"9/6/2024","Lampman","11A_A","11A","A",13,7,0,7,0,NA,NA,"11A","K4_A",3,80,26.66666667,"K1B",3,11,0.02666666667,2.3,0.9,1.4,0,6.1,6.1,3.12625,1.60125,0,5.39875,5.39875,-3.62434093285137,1,1896562.49976293,1462723.82794216,0,1462723.82794216,1,554493.913879659,0,554493.913879659,1,1284.47600540507,1152.27781684,4235.5983418576,237.203465346535,280,450.52,972.438613861386,967.75,2602.25,32.4358974358974,33.8888888888889,38.8888888888889,21.6666666666667,16.4529914529915,15,11,26,5.16620189749284,5.07089499338291,6.4179489121693,3.28478759220139,"Hazardous","High",NA,NA,NA,NA,NA,NA,NA,NA,NA,NA,NA,NA,NA,NA,NA,NA,NA,NA,NA,NA,NA,NA,NA
"Konza4","Bu","Smoke","S9PI",20240622,"9/6/2024","Lampman","11A_A","11A","A",14,2,1,3,0,NA,NA,"11A","K4_A",3,80,26.66666667,"K1B",3,11,0.02666666667,2.3,0.9,1.4,0,1.1,1.1,4.895625,3.089375,0,0,0,-3.62434093285137,0.666666666666667,812812.499898398,0,0,0,NA,0,0,0,NA,1284.47600540507,1152.27781684,4235.5983418576,237.203465346535,280,450.52,972.438613861386,967.75,2602.25,32.4358974358974,33.8888888888889,38.8888888888889,21.6666666666667,16.4529914529915,15,11,26,5.16620189749284,5.07089499338291,6.4179489121693,3.28478759220139,"Hazardous","High",NA,NA,NA,NA,NA,NA,NA,NA,NA,NA,NA,NA,NA,NA,NA,NA,NA,NA,NA,NA,NA,NA,NA
"Konza4","Bu","Smoke","S9PI",20240622,"9/6/2024","Lampman","11A_A","11A","A",15,7,0,7,0,NA,NA,"11A","K4_A",3,80,26.66666667,"K1B",3,11,0.02666666667,2.3,0.9,1.4,0,6.1,6.1,3.12625,1.60125,0,5.39875,5.39875,-3.62434093285137,1,1896562.49976293,1462723.82794216,0,1462723.82794216,1,554493.913879659,0,554493.913879659,1,1284.47600540507,1152.27781684,4235.5983418576,237.203465346535,280,450.52,972.438613861386,967.75,2602.25,32.4358974358974,33.8888888888889,38.8888888888889,21.6666666666667,16.4529914529915,15,11,26,5.16620189749284,5.07089499338291,6.4179489121693,3.28478759220139,"Hazardous","High",NA,NA,NA,NA,NA,NA,NA,NA,NA,NA,NA,NA,NA,NA,NA,NA,NA,NA,NA,NA,NA,NA,NA
"Konza4","Bu","Smoke","S9PI",20240622,"9/6/2024","Lampman","11A_A","11A","A",16,2,3,5,0,NA,NA,"11A","K4_A",3,80,26.66666667,"K1B",3,11,0.02666666667,2.3,0.9,1.4,1.6,1.1,2.7,4.895625,3.089375,1.19375,0,1.19375,-3.62434093285137,0.4,1354687.49983066,323431.640584571,323431.640584571,0,0,0,237205.781209571,237205.781209571,0,1284.47600540507,1152.27781684,4235.5983418576,237.203465346535,280,450.52,972.438613861386,967.75,2602.25,32.4358974358974,33.8888888888889,38.8888888888889,21.6666666666667,16.4529914529915,15,11,26,5.16620189749284,5.07089499338291,6.4179489121693,3.28478759220139,"Hazardous","High",NA,NA,NA,NA,NA,NA,NA,NA,NA,NA,NA,NA,NA,NA,NA,NA,NA,NA,NA,NA,NA,NA,NA
"Konza4","Bu","Smoke","S9PI",20240622,"9/6/2024","Lampman","11A_A","11A","A",17,2,0,2,0,NA,NA,"11A","K4_A",3,80,26.66666667,"K1B",3,11,0.02666666667,2.3,0.9,1.4,0,1.1,1.1,3.12625,1.60125,0,0.39875,0.39875,-3.62434093285137,1,541874.999932265,108036.328111495,0,108036.328111495,1,0,0,0,NA,1284.47600540507,1152.27781684,4235.5983418576,237.203465346535,280,450.52,972.438613861386,967.75,2602.25,32.4358974358974,33.8888888888889,38.8888888888889,21.6666666666667,16.4529914529915,15,11,26,5.16620189749284,5.07089499338291,6.4179489121693,3.28478759220139,"Hazardous","High",NA,NA,NA,NA,NA,NA,NA,NA,NA,NA,NA,NA,NA,NA,NA,NA,NA,NA,NA,NA,NA,NA,NA
"Konza4","Bu","Smoke","S9PI",20240622,"9/6/2024","Lampman","11A_A","11A","A",18,3,0,3,0,NA,NA,"11A","K4_A",3,80,26.66666667,"K1B",3,11,0.02666666667,2.3,0.9,1.4,0,2.1,2.1,4.895625,3.089375,0,0,0,-3.62434093285137,1,812812.499898398,0,0,0,NA,0,0,0,NA,1284.47600540507,1152.27781684,4235.5983418576,237.203465346535,280,450.52,972.438613861386,967.75,2602.25,32.4358974358974,33.8888888888889,38.8888888888889,21.6666666666667,16.4529914529915,15,11,26,5.16620189749284,5.07089499338291,6.4179489121693,3.28478759220139,"Hazardous","High",NA,NA,NA,NA,NA,NA,NA,NA,NA,NA,NA,NA,NA,NA,NA,NA,NA,NA,NA,NA,NA,NA,NA
"Konza4","Bu","Smoke","S9PI",20240622,"9/6/2024","Lampman","11A_A","11A","A",19,3,0,3,0,NA,NA,"11A","K4_A",3,80,26.66666667,"K1B",3,11,0.02666666667,2.3,0.9,1.4,0,2.1,2.1,3.12625,1.60125,0,1.39875,1.39875,-3.62434093285137,1,812812.499898398,378973.828077628,0,378973.828077628,1,0,0,0,NA,1284.47600540507,1152.27781684,4235.5983418576,237.203465346535,280,450.52,972.438613861386,967.75,2602.25,32.4358974358974,33.8888888888889,38.8888888888889,21.6666666666667,16.4529914529915,15,11,26,5.16620189749284,5.07089499338291,6.4179489121693,3.28478759220139,"Hazardous","High",NA,NA,NA,NA,NA,NA,NA,NA,NA,NA,NA,NA,NA,NA,NA,NA,NA,NA,NA,NA,NA,NA,NA
"Konza4","Bu","Smoke","S9PI",20240622,"9/6/2024","Lampman","11A_A","11A","A",20,3,3,6,0,NA,NA,"11A","K4_A",3,80,26.66666667,"K1B",3,11,0.02666666667,2.3,0.9,1.4,1.6,2.1,3.7,4.895625,3.089375,1.19375,0,1.19375,-3.62434093285137,0.5,1625624.9997968,323431.640584571,323431.640584571,0,0,0,237205.781209571,237205.781209571,0,1284.47600540507,1152.27781684,4235.5983418576,237.203465346535,280,450.52,972.438613861386,967.75,2602.25,32.4358974358974,33.8888888888889,38.8888888888889,21.6666666666667,16.4529914529915,15,11,26,5.16620189749284,5.07089499338291,6.4179489121693,3.28478759220139,"Hazardous","High",NA,NA,NA,NA,NA,NA,NA,NA,NA,NA,NA,NA,NA,NA,NA,NA,NA,NA,NA,NA,NA,NA,NA
"Konza4","Bu","Smoke","S9PI",20240622,"9/6/2024","Lampman","11A_A","11A","A",21,2,2,4,0,NA,NA,"11A","K4_A",3,80,26.66666667,"K1B",3,11,0.02666666667,2.3,0.9,1.4,0.6,1.1,1.7,3.12625,1.60125,0.475,0.39875,0.87375,-3.62434093285137,0.5,1083749.99986453,236731.640595409,128695.312483913,108036.328111495,0.456366237482117,0,42469.4531089131,42469.4531089131,0,1284.47600540507,1152.27781684,4235.5983418576,237.203465346535,280,450.52,972.438613861386,967.75,2602.25,32.4358974358974,33.8888888888889,38.8888888888889,21.6666666666667,16.4529914529915,15,11,26,5.16620189749284,5.07089499338291,6.4179489121693,3.28478759220139,"Hazardous","High",NA,NA,NA,NA,NA,NA,NA,NA,NA,NA,NA,NA,NA,NA,NA,NA,NA,NA,NA,NA,NA,NA,NA
"Konza4","Bu","Smoke","S9PI",20240622,"9/6/2024","Lampman","11A_A","11A","A",22,3,2,5,0,NA,NA,"11A","K4_A",3,80,26.66666667,"K1B",3,11,0.02666666667,2.3,0.9,1.4,0.6,2.1,2.7,4.895625,3.089375,0.19375,0,0.19375,-3.62434093285137,0.6,1354687.49983066,52494.1406184382,52494.1406184382,0,0,0,0,0,NA,1284.47600540507,1152.27781684,4235.5983418576,237.203465346535,280,450.52,972.438613861386,967.75,2602.25,32.4358974358974,33.8888888888889,38.8888888888889,21.6666666666667,16.4529914529915,15,11,26,5.16620189749284,5.07089499338291,6.4179489121693,3.28478759220139,"Hazardous","High",NA,NA,NA,NA,NA,NA,NA,NA,NA,NA,NA,NA,NA,NA,NA,NA,NA,NA,NA,NA,NA,NA,NA
"Konza4","Bu","Smoke","S9PI",20240622,"9/6/2024","Lampman","11A_A","11A","A",23,2,2,4,0,NA,NA,"11A","K4_A",3,80,26.66666667,"K1B",3,11,0.02666666667,2.3,0.9,1.4,0.6,1.1,1.7,3.12625,1.60125,0.475,0.39875,0.87375,-3.62434093285137,0.5,1083749.99986453,236731.640595409,128695.312483913,108036.328111495,0.456366237482117,0,42469.4531089131,42469.4531089131,0,1284.47600540507,1152.27781684,4235.5983418576,237.203465346535,280,450.52,972.438613861386,967.75,2602.25,32.4358974358974,33.8888888888889,38.8888888888889,21.6666666666667,16.4529914529915,15,11,26,5.16620189749284,5.07089499338291,6.4179489121693,3.28478759220139,"Hazardous","High",NA,NA,NA,NA,NA,NA,NA,NA,NA,NA,NA,NA,NA,NA,NA,NA,NA,NA,NA,NA,NA,NA,NA
"Konza4","Bu","Smoke","S9PI",20240622,"9/6/2024","Lampman","11A_A","11A","A",24,1,1,2,0,NA,NA,"11A","K4_A",3,80,26.66666667,"K1B",3,11,0.02666666667,2.3,0.9,1.4,0,0.1,0.1,4.895625,3.089375,0,0,0,-3.62434093285137,0.5,541874.999932265,0,0,0,NA,0,0,0,NA,1284.47600540507,1152.27781684,4235.5983418576,237.203465346535,280,450.52,972.438613861386,967.75,2602.25,32.4358974358974,33.8888888888889,38.8888888888889,21.6666666666667,16.4529914529915,15,11,26,5.16620189749284,5.07089499338291,6.4179489121693,3.28478759220139,"Hazardous","High",NA,NA,NA,NA,NA,NA,NA,NA,NA,NA,NA,NA,NA,NA,NA,NA,NA,NA,NA,NA,NA,NA,NA
"Konza4","Bu","Smoke","S9PI",20240622,"9/6/2024","Lampman","11A_A","11A","A",25,3,0,3,0,NA,NA,"11A","K4_A",3,80,26.66666667,"K1B",3,11,0.02666666667,2.3,0.9,1.4,0,2.1,2.1,3.12625,1.60125,0,1.39875,1.39875,-3.62434093285137,1,812812.499898398,378973.828077628,0,378973.828077628,1,0,0,0,NA,1284.47600540507,1152.27781684,4235.5983418576,237.203465346535,280,450.52,972.438613861386,967.75,2602.25,32.4358974358974,33.8888888888889,38.8888888888889,21.6666666666667,16.4529914529915,15,11,26,5.16620189749284,5.07089499338291,6.4179489121693,3.28478759220139,"Hazardous","High",NA,NA,NA,NA,NA,NA,NA,NA,NA,NA,NA,NA,NA,NA,NA,NA,NA,NA,NA,NA,NA,NA,NA
"Konza4","Bu","Smoke","S9PI",20240622,"9/6/2024","Lampman","11A_A","11A","A",26,5,1,6,0,NA,NA,"11A","K4_A",3,80,26.66666667,"K1B",3,11,0.02666666667,2.3,0.9,1.4,0,4.1,4.1,4.895625,3.089375,0,1.910625,1.910625,-3.62434093285137,0.833333333333333,1625624.9997968,517659.960872792,0,517659.960872792,1,0,0,0,NA,1284.47600540507,1152.27781684,4235.5983418576,237.203465346535,280,450.52,972.438613861386,967.75,2602.25,32.4358974358974,33.8888888888889,38.8888888888889,21.6666666666667,16.4529914529915,15,11,26,5.16620189749284,5.07089499338291,6.4179489121693,3.28478759220139,"Hazardous","High",NA,NA,NA,NA,NA,NA,NA,NA,NA,NA,NA,NA,NA,NA,NA,NA,NA,NA,NA,NA,NA,NA,NA
"Konza4","Bu","Smoke","S9PI",20240622,"9/6/2024","Lampman","11A_A","11A","A",27,3,0,3,0,NA,NA,"11A","K4_A",3,80,26.66666667,"K1B",3,11,0.02666666667,2.3,0.9,1.4,0,2.1,2.1,3.12625,1.60125,0,1.39875,1.39875,-3.62434093285137,1,812812.499898398,378973.828077628,0,378973.828077628,1,0,0,0,NA,1284.47600540507,1152.27781684,4235.5983418576,237.203465346535,280,450.52,972.438613861386,967.75,2602.25,32.4358974358974,33.8888888888889,38.8888888888889,21.6666666666667,16.4529914529915,15,11,26,5.16620189749284,5.07089499338291,6.4179489121693,3.28478759220139,"Hazardous","High",NA,NA,NA,NA,NA,NA,NA,NA,NA,NA,NA,NA,NA,NA,NA,NA,NA,NA,NA,NA,NA,NA,NA
"Konza4","Bu","Smoke","S9PI",20240622,"9/6/2024","Lampman","11A_A","11A","A",28,1,2,3,0,NA,NA,"11A","K4_A",3,80,26.66666667,"K1B",3,11,0.02666666667,2.3,0.9,1.4,0.6,0.1,0.7,4.895625,3.089375,0.19375,0,0.19375,-3.62434093285137,0.333333333333333,812812.499898398,52494.1406184382,52494.1406184382,0,0,0,0,0,NA,1284.47600540507,1152.27781684,4235.5983418576,237.203465346535,280,450.52,972.438613861386,967.75,2602.25,32.4358974358974,33.8888888888889,38.8888888888889,21.6666666666667,16.4529914529915,15,11,26,5.16620189749284,5.07089499338291,6.4179489121693,3.28478759220139,"Hazardous","High",NA,NA,NA,NA,NA,NA,NA,NA,NA,NA,NA,NA,NA,NA,NA,NA,NA,NA,NA,NA,NA,NA,NA
"Konza4","Bu","Smoke","S9PI",20240622,"9/6/2024","Lampman","11A_A","11A","A",29,0,1,1,0,NA,NA,"11A","K4_A",3,80,26.66666667,"K1B",3,11,0.02666666667,2.3,0.9,1.4,0,0,0,3.12625,1.60125,0,0,0,-3.62434093285137,0,270937.499966133,0,0,0,NA,0,0,0,NA,1284.47600540507,1152.27781684,4235.5983418576,237.203465346535,280,450.52,972.438613861386,967.75,2602.25,32.4358974358974,33.8888888888889,38.8888888888889,21.6666666666667,16.4529914529915,15,11,26,5.16620189749284,5.07089499338291,6.4179489121693,3.28478759220139,"Hazardous","High",NA,NA,NA,NA,NA,NA,NA,NA,NA,NA,NA,NA,NA,NA,NA,NA,NA,NA,NA,NA,NA,NA,NA
"Konza4","Bu","Smoke","S9PI",20240622,"9/6/2024","Lampman","11A_A","11A","A",30,2,0,2,0,NA,NA,"11A","K4_A",3,80,26.66666667,"K1B",3,11,0.02666666667,2.3,0.9,1.4,0,1.1,1.1,4.895625,3.089375,0,0,0,-3.62434093285137,1,541874.999932265,0,0,0,NA,0,0,0,NA,1284.47600540507,1152.27781684,4235.5983418576,237.203465346535,280,450.52,972.438613861386,967.75,2602.25,32.4358974358974,33.8888888888889,38.8888888888889,21.6666666666667,16.4529914529915,15,11,26,5.16620189749284,5.07089499338291,6.4179489121693,3.28478759220139,"Hazardous","High",NA,NA,NA,NA,NA,NA,NA,NA,NA,NA,NA,NA,NA,NA,NA,NA,NA,NA,NA,NA,NA,NA,NA
"Konza4","Bu","Smoke","S9PI",20240622,"9/6/2024","Lampman","11A_A","11A","A",31,3,1,4,0,NA,NA,"11A","K4_A",3,80,26.66666667,"K1B",3,11,0.02666666667,2.3,0.9,1.4,0,2.1,2.1,3.12625,1.60125,0,1.39875,1.39875,-3.62434093285137,0.75,1083749.99986453,378973.828077628,0,378973.828077628,1,0,0,0,NA,1284.47600540507,1152.27781684,4235.5983418576,237.203465346535,280,450.52,972.438613861386,967.75,2602.25,32.4358974358974,33.8888888888889,38.8888888888889,21.6666666666667,16.4529914529915,15,11,26,5.16620189749284,5.07089499338291,6.4179489121693,3.28478759220139,"Hazardous","High",NA,NA,NA,NA,NA,NA,NA,NA,NA,NA,NA,NA,NA,NA,NA,NA,NA,NA,NA,NA,NA,NA,NA
"Konza4","Bu","Smoke","S9PI",20240622,"9/6/2024","Lampman","11A_A","11A","A",32,6,0,6,0,NA,NA,"11A","K4_A",3,80,26.66666667,"K1B",3,11,0.02666666667,2.3,0.9,1.4,0,5.1,5.1,4.895625,3.089375,0,2.910625,2.910625,-3.62434093285137,1,1625624.9997968,788597.460838925,0,788597.460838925,1,0,0,0,NA,1284.47600540507,1152.27781684,4235.5983418576,237.203465346535,280,450.52,972.438613861386,967.75,2602.25,32.4358974358974,33.8888888888889,38.8888888888889,21.6666666666667,16.4529914529915,15,11,26,5.16620189749284,5.07089499338291,6.4179489121693,3.28478759220139,"Hazardous","High",NA,NA,NA,NA,NA,NA,NA,NA,NA,NA,NA,NA,NA,NA,NA,NA,NA,NA,NA,NA,NA,NA,NA
"Konza4","Bu","Smoke","S9PI",20240622,"9/6/2024","Lampman","11A_A","11A","A",33,0,1,1,0,NA,NA,"11A","K4_A",3,80,26.66666667,"K1B",3,11,0.02666666667,2.3,0.9,1.4,0,0,0,3.12625,1.60125,0,0,0,-3.62434093285137,0,270937.499966133,0,0,0,NA,0,0,0,NA,1284.47600540507,1152.27781684,4235.5983418576,237.203465346535,280,450.52,972.438613861386,967.75,2602.25,32.4358974358974,33.8888888888889,38.8888888888889,21.6666666666667,16.4529914529915,15,11,26,5.16620189749284,5.07089499338291,6.4179489121693,3.28478759220139,"Hazardous","High",NA,NA,NA,NA,NA,NA,NA,NA,NA,NA,NA,NA,NA,NA,NA,NA,NA,NA,NA,NA,NA,NA,NA
"Konza4","Bu","Smoke","S9PI",20240622,"9/6/2024","Lampman","11A_A","11A","A",34,1,1,2,0,NA,NA,"11A","K4_A",3,80,26.66666667,"K1B",3,11,0.02666666667,2.3,0.9,1.4,0,0.1,0.1,4.895625,3.089375,0,0,0,-3.62434093285137,0.5,541874.999932265,0,0,0,NA,0,0,0,NA,1284.47600540507,1152.27781684,4235.5983418576,237.203465346535,280,450.52,972.438613861386,967.75,2602.25,32.4358974358974,33.8888888888889,38.8888888888889,21.6666666666667,16.4529914529915,15,11,26,5.16620189749284,5.07089499338291,6.4179489121693,3.28478759220139,"Hazardous","High",NA,NA,NA,NA,NA,NA,NA,NA,NA,NA,NA,NA,NA,NA,NA,NA,NA,NA,NA,NA,NA,NA,NA
"Konza4","Bu","Smoke","S9PI",20240622,"9/6/2024","Lampman","11A_A","11A","A",35,0,0,0,0,NA,NA,"11A","K4_A",3,80,26.66666667,"K1B",3,11,0.02666666667,2.3,0.9,1.4,0,0,0,3.12625,1.60125,0,0,0,-3.62434093285137,NA,0,0,0,0,NA,0,0,0,NA,1284.47600540507,1152.27781684,4235.5983418576,237.203465346535,280,450.52,972.438613861386,967.75,2602.25,32.4358974358974,33.8888888888889,38.8888888888889,21.6666666666667,16.4529914529915,15,11,26,5.16620189749284,5.07089499338291,6.4179489121693,3.28478759220139,"Hazardous","High",NA,NA,NA,NA,NA,NA,NA,NA,NA,NA,NA,NA,NA,NA,NA,NA,NA,NA,NA,NA,NA,NA,NA
"Konza4","Bu","Smoke","S9PI",20240622,"9/6/2024","Lampman","11A_A","11A","A",36,0,1,1,0,NA,NA,"11A","K4_A",3,80,26.66666667,"K1B",3,11,0.02666666667,2.3,0.9,1.4,0,0,0,4.895625,3.089375,0,0,0,-3.62434093285137,0,270937.499966133,0,0,0,NA,0,0,0,NA,1284.47600540507,1152.27781684,4235.5983418576,237.203465346535,280,450.52,972.438613861386,967.75,2602.25,32.4358974358974,33.8888888888889,38.8888888888889,21.6666666666667,16.4529914529915,15,11,26,5.16620189749284,5.07089499338291,6.4179489121693,3.28478759220139,"Hazardous","High",NA,NA,NA,NA,NA,NA,NA,NA,NA,NA,NA,NA,NA,NA,NA,NA,NA,NA,NA,NA,NA,NA,NA
"Konza4","Bu","Smoke","S9PI",20240622,"9/6/2024","Lampman","11A_A","11A","A",37,2,2,4,0,NA,NA,"11A","K4_A",3,80,26.66666667,"K1B",3,11,0.02666666667,2.3,0.9,1.4,0.6,1.1,1.7,3.12625,1.60125,0.475,0.39875,0.87375,-3.62434093285137,0.5,1083749.99986453,236731.640595409,128695.312483913,108036.328111495,0.456366237482117,0,42469.4531089131,42469.4531089131,0,1284.47600540507,1152.27781684,4235.5983418576,237.203465346535,280,450.52,972.438613861386,967.75,2602.25,32.4358974358974,33.8888888888889,38.8888888888889,21.6666666666667,16.4529914529915,15,11,26,5.16620189749284,5.07089499338291,6.4179489121693,3.28478759220139,"Hazardous","High",NA,NA,NA,NA,NA,NA,NA,NA,NA,NA,NA,NA,NA,NA,NA,NA,NA,NA,NA,NA,NA,NA,NA
"Konza4","Bu","Smoke","S9PI",20240622,"9/6/2024","Lampman","11A_A","11A","A",38,2,0,2,0,NA,NA,"11A","K4_A",3,80,26.66666667,"K1B",3,11,0.02666666667,2.3,0.9,1.4,0,1.1,1.1,4.895625,3.089375,0,0,0,-3.62434093285137,1,541874.999932265,0,0,0,NA,0,0,0,NA,1284.47600540507,1152.27781684,4235.5983418576,237.203465346535,280,450.52,972.438613861386,967.75,2602.25,32.4358974358974,33.8888888888889,38.8888888888889,21.6666666666667,16.4529914529915,15,11,26,5.16620189749284,5.07089499338291,6.4179489121693,3.28478759220139,"Hazardous","High",NA,NA,NA,NA,NA,NA,NA,NA,NA,NA,NA,NA,NA,NA,NA,NA,NA,NA,NA,NA,NA,NA,NA
"Konza4","Bu","Smoke","S9PI",20240622,"9/6/2024","Lampman","11A_A","11A","A",39,0,4,4,0,NA,NA,"11A","K4_A",3,80,26.66666667,"K1B",3,11,0.02666666667,2.3,0.9,1.4,2.6,0,2.6,3.12625,1.60125,2.475,0,2.475,-3.62434093285137,0,1083749.99986453,670570.312416179,670570.312416179,0,0,0,584344.453041179,584344.453041179,0,1284.47600540507,1152.27781684,4235.5983418576,237.203465346535,280,450.52,972.438613861386,967.75,2602.25,32.4358974358974,33.8888888888889,38.8888888888889,21.6666666666667,16.4529914529915,15,11,26,5.16620189749284,5.07089499338291,6.4179489121693,3.28478759220139,"Hazardous","High",NA,NA,NA,NA,NA,NA,NA,NA,NA,NA,NA,NA,NA,NA,NA,NA,NA,NA,NA,NA,NA,NA,NA
"Konza4","Bu","Smoke","S9PI",20240622,"9/6/2024","Lampman","11A_A","11A","A",40,3,2,5,0,NA,NA,"11A","K4_A",3,80,26.66666667,"K1B",3,11,0.02666666667,2.3,0.9,1.4,0.6,2.1,2.7,4.895625,3.089375,0.19375,0,0.19375,-3.62434093285137,0.6,1354687.49983066,52494.1406184382,52494.1406184382,0,0,0,0,0,NA,1284.47600540507,1152.27781684,4235.5983418576,237.203465346535,280,450.52,972.438613861386,967.75,2602.25,32.4358974358974,33.8888888888889,38.8888888888889,21.6666666666667,16.4529914529915,15,11,26,5.16620189749284,5.07089499338291,6.4179489121693,3.28478759220139,"Hazardous","High",NA,NA,NA,NA,NA,NA,NA,NA,NA,NA,NA,NA,NA,NA,NA,NA,NA,NA,NA,NA,NA,NA,NA
"Konza4","Bu","Smoke","S9PI",20240717,"10/3/2024","Lampman","14A_A","14A","A",1,1,0,1,0,NA,NA,"14A","K4_B",2,60,30,"HQD",3,14,0.03,2.1375,1.5375,0.6,0,0,0,2.96375,2.23875,0,0,0,-3.50655789731998,1,240833.333333333,0,0,0,NA,0,0,0,NA,346.957725531398,23.0219894475,1864.1743459124,138.069691358025,24,401.855,299.576666666667,37.9,1347.93,25.3219696969697,25,27.2222222222222,11.1111111111111,19.7159090909091,20,18,22,4.17359961904543,4.20984328861675,5.04866473909568,1.8092412107304,"Moderate/Unhealthy","Low",50.3792592952484,43.53598559,179.538982806098,0.748501638,99.0904209126845,155.5288223,1.67366762540774,0.748501638,0.960440695956337,0.971484399239313,0.510519738989578,50.889779034238,101.779558068476,0.101779558068476,0.000101779558068476,1.01779558068476e-07,0.0101335300703345,0,0,0,0,0,0
"Konza4","Bu","Smoke","S9PI",20240717,"10/3/2024","Lampman","14A_A","14A","A",2,3,1,4,0,NA,NA,"14A","K4_B",2,60,30,"HQD",3,14,0.03,2.1375,1.5375,0.6,0.4,1.4625,1.8625,4.733125,3.726875,0,0,0,-3.50655789731998,0.75,963333.333333333,0,0,0,NA,0,0,0,NA,346.957725531398,23.0219894475,1864.1743459124,138.069691358025,24,401.855,299.576666666667,37.9,1347.93,25.3219696969697,25,27.2222222222222,11.1111111111111,19.7159090909091,20,18,22,4.17359961904543,4.20984328861675,5.04866473909568,1.8092412107304,"Moderate/Unhealthy","Low",50.3792592952484,43.53598559,179.538982806098,0.748501638,99.0904209126845,155.5288223,1.67366762540774,0.748501638,0.960440695956337,0.971484399239313,0.510519738989578,50.889779034238,101.779558068476,0.101779558068476,0.000101779558068476,1.01779558068476e-07,0.0101335300703345,0,0,0,0,0,0
"Konza4","Bu","Smoke","S9PI",20240717,"10/3/2024","Lampman","14A_A","14A","A",3,3,0,3,0,NA,NA,"14A","K4_B",2,60,30,"HQD",3,14,0.03,2.1375,1.5375,0.6,0,1.4625,1.4625,2.96375,2.23875,0,0.76125,0.76125,-3.50655789731998,1,722500,183334.375,0,183334.375,1,0,0,0,NA,346.957725531398,23.0219894475,1864.1743459124,138.069691358025,24,401.855,299.576666666667,37.9,1347.93,25.3219696969697,25,27.2222222222222,11.1111111111111,19.7159090909091,20,18,22,4.17359961904543,4.20984328861675,5.04866473909568,1.8092412107304,"Moderate/Unhealthy","Low",50.3792592952484,43.53598559,179.538982806098,0.748501638,99.0904209126845,155.5288223,1.67366762540774,0.748501638,0.960440695956337,0.971484399239313,0.510519738989578,50.889779034238,101.779558068476,0.101779558068476,0.000101779558068476,1.01779558068476e-07,0.0101335300703345,0,0,0,0,0,0
"Konza4","Bu","Smoke","S9PI",20240717,"10/3/2024","Lampman","14A_A","14A","A",4,4,0,4,0,NA,NA,"14A","K4_B",2,60,30,"HQD",3,14,0.03,2.1375,1.5375,0.6,0,2.4625,2.4625,4.733125,3.726875,0,0.273125,0.273125,-3.50655789731998,1,963333.333333333,65777.6041666666,0,65777.6041666666,1,0,0,0,NA,346.957725531398,23.0219894475,1864.1743459124,138.069691358025,24,401.855,299.576666666667,37.9,1347.93,25.3219696969697,25,27.2222222222222,11.1111111111111,19.7159090909091,20,18,22,4.17359961904543,4.20984328861675,5.04866473909568,1.8092412107304,"Moderate/Unhealthy","Low",50.3792592952484,43.53598559,179.538982806098,0.748501638,99.0904209126845,155.5288223,1.67366762540774,0.748501638,0.960440695956337,0.971484399239313,0.510519738989578,50.889779034238,101.779558068476,0.101779558068476,0.000101779558068476,1.01779558068476e-07,0.0101335300703345,0,0,0,0,0,0
"Konza4","Bu","Smoke","S9PI",20240717,"10/3/2024","Lampman","14A_A","14A","A",5,2,1,3,0,NA,NA,"14A","K4_B",2,60,30,"HQD",3,14,0.03,2.1375,1.5375,0.6,0.4,0.4625,0.8625,2.96375,2.23875,0.275,0,0.275,-3.50655789731998,0.666666666666667,722500,66229.1666666667,66229.1666666667,0,0,0,0,0,NA,346.957725531398,23.0219894475,1864.1743459124,138.069691358025,24,401.855,299.576666666667,37.9,1347.93,25.3219696969697,25,27.2222222222222,11.1111111111111,19.7159090909091,20,18,22,4.17359961904543,4.20984328861675,5.04866473909568,1.8092412107304,"Moderate/Unhealthy","Low",50.3792592952484,43.53598559,179.538982806098,0.748501638,99.0904209126845,155.5288223,1.67366762540774,0.748501638,0.960440695956337,0.971484399239313,0.510519738989578,50.889779034238,101.779558068476,0.101779558068476,0.000101779558068476,1.01779558068476e-07,0.0101335300703345,0,0,0,0,0,0
"Konza4","Bu","Smoke","S9PI",20240717,"10/3/2024","Lampman","14A_A","14A","A",6,4,0,4,0,NA,NA,"14A","K4_B",2,60,30,"HQD",3,14,0.03,2.1375,1.5375,0.6,0,2.4625,2.4625,4.733125,3.726875,0,0.273125,0.273125,-3.50655789731998,1,963333.333333333,65777.6041666666,0,65777.6041666666,1,0,0,0,NA,346.957725531398,23.0219894475,1864.1743459124,138.069691358025,24,401.855,299.576666666667,37.9,1347.93,25.3219696969697,25,27.2222222222222,11.1111111111111,19.7159090909091,20,18,22,4.17359961904543,4.20984328861675,5.04866473909568,1.8092412107304,"Moderate/Unhealthy","Low",50.3792592952484,43.53598559,179.538982806098,0.748501638,99.0904209126845,155.5288223,1.67366762540774,0.748501638,0.960440695956337,0.971484399239313,0.510519738989578,50.889779034238,101.779558068476,0.101779558068476,0.000101779558068476,1.01779558068476e-07,0.0101335300703345,0,0,0,0,0,0
"Konza4","Bu","Smoke","S9PI",20240717,"10/3/2024","Lampman","14A_A","14A","A",7,2,0,2,0,NA,NA,"14A","K4_B",2,60,30,"HQD",3,14,0.03,2.1375,1.5375,0.6,0,0.4625,0.4625,2.96375,2.23875,0,0,0,-3.50655789731998,1,481666.666666667,0,0,0,NA,0,0,0,NA,346.957725531398,23.0219894475,1864.1743459124,138.069691358025,24,401.855,299.576666666667,37.9,1347.93,25.3219696969697,25,27.2222222222222,11.1111111111111,19.7159090909091,20,18,22,4.17359961904543,4.20984328861675,5.04866473909568,1.8092412107304,"Moderate/Unhealthy","Low",50.3792592952484,43.53598559,179.538982806098,0.748501638,99.0904209126845,155.5288223,1.67366762540774,0.748501638,0.960440695956337,0.971484399239313,0.510519738989578,50.889779034238,101.779558068476,0.101779558068476,0.000101779558068476,1.01779558068476e-07,0.0101335300703345,0,0,0,0,0,0
"Konza4","Bu","Smoke","S9PI",20240717,"10/3/2024","Lampman","14A_A","14A","A",8,1,0,1,0,NA,NA,"14A","K4_B",2,60,30,"HQD",3,14,0.03,2.1375,1.5375,0.6,0,0,0,4.733125,3.726875,0,0,0,-3.50655789731998,1,240833.333333333,0,0,0,NA,0,0,0,NA,346.957725531398,23.0219894475,1864.1743459124,138.069691358025,24,401.855,299.576666666667,37.9,1347.93,25.3219696969697,25,27.2222222222222,11.1111111111111,19.7159090909091,20,18,22,4.17359961904543,4.20984328861675,5.04866473909568,1.8092412107304,"Moderate/Unhealthy","Low",50.3792592952484,43.53598559,179.538982806098,0.748501638,99.0904209126845,155.5288223,1.67366762540774,0.748501638,0.960440695956337,0.971484399239313,0.510519738989578,50.889779034238,101.779558068476,0.101779558068476,0.000101779558068476,1.01779558068476e-07,0.0101335300703345,0,0,0,0,0,0
"Konza4","Bu","Smoke","S9PI",20240717,"10/3/2024","Lampman","14A_A","14A","A",9,2,0,2,0,NA,NA,"14A","K4_B",2,60,30,"HQD",3,14,0.03,2.1375,1.5375,0.6,0,0.4625,0.4625,2.96375,2.23875,0,0,0,-3.50655789731998,1,481666.666666667,0,0,0,NA,0,0,0,NA,346.957725531398,23.0219894475,1864.1743459124,138.069691358025,24,401.855,299.576666666667,37.9,1347.93,25.3219696969697,25,27.2222222222222,11.1111111111111,19.7159090909091,20,18,22,4.17359961904543,4.20984328861675,5.04866473909568,1.8092412107304,"Moderate/Unhealthy","Low",50.3792592952484,43.53598559,179.538982806098,0.748501638,99.0904209126845,155.5288223,1.67366762540774,0.748501638,0.960440695956337,0.971484399239313,0.510519738989578,50.889779034238,101.779558068476,0.101779558068476,0.000101779558068476,1.01779558068476e-07,0.0101335300703345,0,0,0,0,0,0
"Konza4","Bu","Smoke","S9PI",20240717,"10/3/2024","Lampman","14A_A","14A","A",10,2,1,3,0,NA,NA,"14A","K4_B",2,60,30,"HQD",3,14,0.03,2.1375,1.5375,0.6,0.4,0.4625,0.8625,4.733125,3.726875,0,0,0,-3.50655789731998,0.666666666666667,722500,0,0,0,NA,0,0,0,NA,346.957725531398,23.0219894475,1864.1743459124,138.069691358025,24,401.855,299.576666666667,37.9,1347.93,25.3219696969697,25,27.2222222222222,11.1111111111111,19.7159090909091,20,18,22,4.17359961904543,4.20984328861675,5.04866473909568,1.8092412107304,"Moderate/Unhealthy","Low",50.3792592952484,43.53598559,179.538982806098,0.748501638,99.0904209126845,155.5288223,1.67366762540774,0.748501638,0.960440695956337,0.971484399239313,0.510519738989578,50.889779034238,101.779558068476,0.101779558068476,0.000101779558068476,1.01779558068476e-07,0.0101335300703345,0,0,0,0,0,0
"Konza4","Bu","Smoke","S9PI",20240717,"10/3/2024","Lampman","14A_A","14A","A",11,0,2,2,0,NA,NA,"14A","K4_B",2,60,30,"HQD",3,14,0.03,2.1375,1.5375,0.6,1.4,0,1.4,2.96375,2.23875,1.275,0,1.275,-3.50655789731998,0,481666.666666667,307062.5,307062.5,0,0,0,220836.640625,220836.640625,0,346.957725531398,23.0219894475,1864.1743459124,138.069691358025,24,401.855,299.576666666667,37.9,1347.93,25.3219696969697,25,27.2222222222222,11.1111111111111,19.7159090909091,20,18,22,4.17359961904543,4.20984328861675,5.04866473909568,1.8092412107304,"Moderate/Unhealthy","Low",50.3792592952484,43.53598559,179.538982806098,0.748501638,99.0904209126845,155.5288223,1.67366762540774,0.748501638,0.960440695956337,0.971484399239313,0.510519738989578,50.889779034238,101.779558068476,0.101779558068476,0.000101779558068476,1.01779558068476e-07,0.0101335300703345,2169754367339.89,0,2169754367.33989,0,2169.75436733989,0
"Konza4","Bu","Smoke","S9PI",20240717,"10/3/2024","Lampman","14A_A","14A","A",12,3,0,3,0,NA,NA,"14A","K4_B",2,60,30,"HQD",3,14,0.03,2.1375,1.5375,0.6,0,1.4625,1.4625,4.733125,3.726875,0,0,0,-3.50655789731998,1,722500,0,0,0,NA,0,0,0,NA,346.957725531398,23.0219894475,1864.1743459124,138.069691358025,24,401.855,299.576666666667,37.9,1347.93,25.3219696969697,25,27.2222222222222,11.1111111111111,19.7159090909091,20,18,22,4.17359961904543,4.20984328861675,5.04866473909568,1.8092412107304,"Moderate/Unhealthy","Low",50.3792592952484,43.53598559,179.538982806098,0.748501638,99.0904209126845,155.5288223,1.67366762540774,0.748501638,0.960440695956337,0.971484399239313,0.510519738989578,50.889779034238,101.779558068476,0.101779558068476,0.000101779558068476,1.01779558068476e-07,0.0101335300703345,0,0,0,0,0,0
"Konza4","Bu","Smoke","S9PI",20240717,"10/3/2024","Lampman","14A_A","14A","A",13,2,1,3,0,NA,NA,"14A","K4_B",2,60,30,"HQD",3,14,0.03,2.1375,1.5375,0.6,0.4,0.4625,0.8625,2.96375,2.23875,0.275,0,0.275,-3.50655789731998,0.666666666666667,722500,66229.1666666667,66229.1666666667,0,0,0,0,0,NA,346.957725531398,23.0219894475,1864.1743459124,138.069691358025,24,401.855,299.576666666667,37.9,1347.93,25.3219696969697,25,27.2222222222222,11.1111111111111,19.7159090909091,20,18,22,4.17359961904543,4.20984328861675,5.04866473909568,1.8092412107304,"Moderate/Unhealthy","Low",50.3792592952484,43.53598559,179.538982806098,0.748501638,99.0904209126845,155.5288223,1.67366762540774,0.748501638,0.960440695956337,0.971484399239313,0.510519738989578,50.889779034238,101.779558068476,0.101779558068476,0.000101779558068476,1.01779558068476e-07,0.0101335300703345,0,0,0,0,0,0
"Konza4","Bu","Smoke","S9PI",20240717,"10/3/2024","Lampman","14A_A","14A","A",14,1,1,2,0,NA,NA,"14A","K4_B",2,60,30,"HQD",3,14,0.03,2.1375,1.5375,0.6,0.4,0,0.4,4.733125,3.726875,0,0,0,-3.50655789731998,0.5,481666.666666667,0,0,0,NA,0,0,0,NA,346.957725531398,23.0219894475,1864.1743459124,138.069691358025,24,401.855,299.576666666667,37.9,1347.93,25.3219696969697,25,27.2222222222222,11.1111111111111,19.7159090909091,20,18,22,4.17359961904543,4.20984328861675,5.04866473909568,1.8092412107304,"Moderate/Unhealthy","Low",50.3792592952484,43.53598559,179.538982806098,0.748501638,99.0904209126845,155.5288223,1.67366762540774,0.748501638,0.960440695956337,0.971484399239313,0.510519738989578,50.889779034238,101.779558068476,0.101779558068476,0.000101779558068476,1.01779558068476e-07,0.0101335300703345,0,0,0,0,0,0
"Konza4","Bu","Smoke","S9PI",20240717,"10/3/2024","Lampman","14A_A","14A","A",15,0,3,3,0,NA,NA,"14A","K4_B",2,60,30,"HQD",3,14,0.03,2.1375,1.5375,0.6,2.4,0,2.4,2.96375,2.23875,2.275,0,2.275,-3.50655789731998,0,722500,547895.833333333,547895.833333333,0,0,0,461669.973958333,461669.973958333,0,346.957725531398,23.0219894475,1864.1743459124,138.069691358025,24,401.855,299.576666666667,37.9,1347.93,25.3219696969697,25,27.2222222222222,11.1111111111111,19.7159090909091,20,18,22,4.17359961904543,4.20984328861675,5.04866473909568,1.8092412107304,"Moderate/Unhealthy","Low",50.3792592952484,43.53598559,179.538982806098,0.748501638,99.0904209126845,155.5288223,1.67366762540774,0.748501638,0.960440695956337,0.971484399239313,0.510519738989578,50.889779034238,101.779558068476,0.101779558068476,0.000101779558068476,1.01779558068476e-07,0.0101335300703345,4535979353022.22,0,4535979353.02222,0,4535.97935302222,0
"Konza4","Bu","Smoke","S9PI",20240717,"10/3/2024","Lampman","14A_A","14A","A",16,3,1,4,0,NA,NA,"14A","K4_B",2,60,30,"HQD",3,14,0.03,2.1375,1.5375,0.6,0.4,1.4625,1.8625,4.733125,3.726875,0,0,0,-3.50655789731998,0.75,963333.333333333,0,0,0,NA,0,0,0,NA,346.957725531398,23.0219894475,1864.1743459124,138.069691358025,24,401.855,299.576666666667,37.9,1347.93,25.3219696969697,25,27.2222222222222,11.1111111111111,19.7159090909091,20,18,22,4.17359961904543,4.20984328861675,5.04866473909568,1.8092412107304,"Moderate/Unhealthy","Low",50.3792592952484,43.53598559,179.538982806098,0.748501638,99.0904209126845,155.5288223,1.67366762540774,0.748501638,0.960440695956337,0.971484399239313,0.510519738989578,50.889779034238,101.779558068476,0.101779558068476,0.000101779558068476,1.01779558068476e-07,0.0101335300703345,0,0,0,0,0,0
"Konza4","Bu","Smoke","S9PI",20240717,"10/3/2024","Lampman","14A_A","14A","A",17,4,0,4,0,NA,NA,"14A","K4_B",2,60,30,"HQD",3,14,0.03,2.1375,1.5375,0.6,0,2.4625,2.4625,2.96375,2.23875,0,1.76125,1.76125,-3.50655789731998,1,963333.333333333,424167.708333333,0,424167.708333333,1,0,0,0,NA,346.957725531398,23.0219894475,1864.1743459124,138.069691358025,24,401.855,299.576666666667,37.9,1347.93,25.3219696969697,25,27.2222222222222,11.1111111111111,19.7159090909091,20,18,22,4.17359961904543,4.20984328861675,5.04866473909568,1.8092412107304,"Moderate/Unhealthy","Low",50.3792592952484,43.53598559,179.538982806098,0.748501638,99.0904209126845,155.5288223,1.67366762540774,0.748501638,0.960440695956337,0.971484399239313,0.510519738989578,50.889779034238,101.779558068476,0.101779558068476,0.000101779558068476,1.01779558068476e-07,0.0101335300703345,0,0,0,0,0,0
"Konza4","Bu","Smoke","S9PI",20240717,"10/3/2024","Lampman","14A_A","14A","A",18,2,0,2,0,NA,NA,"14A","K4_B",2,60,30,"HQD",3,14,0.03,2.1375,1.5375,0.6,0,0.4625,0.4625,4.733125,3.726875,0,0,0,-3.50655789731998,1,481666.666666667,0,0,0,NA,0,0,0,NA,346.957725531398,23.0219894475,1864.1743459124,138.069691358025,24,401.855,299.576666666667,37.9,1347.93,25.3219696969697,25,27.2222222222222,11.1111111111111,19.7159090909091,20,18,22,4.17359961904543,4.20984328861675,5.04866473909568,1.8092412107304,"Moderate/Unhealthy","Low",50.3792592952484,43.53598559,179.538982806098,0.748501638,99.0904209126845,155.5288223,1.67366762540774,0.748501638,0.960440695956337,0.971484399239313,0.510519738989578,50.889779034238,101.779558068476,0.101779558068476,0.000101779558068476,1.01779558068476e-07,0.0101335300703345,0,0,0,0,0,0
"Konza4","Bu","Smoke","S9PI",20240717,"10/3/2024","Lampman","14A_A","14A","A",19,0,0,0,0,NA,NA,"14A","K4_B",2,60,30,"HQD",3,14,0.03,2.1375,1.5375,0.6,0,0,0,2.96375,2.23875,0,0,0,-3.50655789731998,NA,0,0,0,0,NA,0,0,0,NA,346.957725531398,23.0219894475,1864.1743459124,138.069691358025,24,401.855,299.576666666667,37.9,1347.93,25.3219696969697,25,27.2222222222222,11.1111111111111,19.7159090909091,20,18,22,4.17359961904543,4.20984328861675,5.04866473909568,1.8092412107304,"Moderate/Unhealthy","Low",50.3792592952484,43.53598559,179.538982806098,0.748501638,99.0904209126845,155.5288223,1.67366762540774,0.748501638,0.960440695956337,0.971484399239313,0.510519738989578,50.889779034238,101.779558068476,0.101779558068476,0.000101779558068476,1.01779558068476e-07,0.0101335300703345,0,0,0,0,0,0
"Konza4","Bu","Smoke","S9PI",20240717,"10/3/2024","Lampman","14A_A","14A","A",20,0,1,1,0,NA,NA,"14A","K4_B",2,60,30,"HQD",3,14,0.03,2.1375,1.5375,0.6,0.4,0,0.4,4.733125,3.726875,0,0,0,-3.50655789731998,0,240833.333333333,0,0,0,NA,0,0,0,NA,346.957725531398,23.0219894475,1864.1743459124,138.069691358025,24,401.855,299.576666666667,37.9,1347.93,25.3219696969697,25,27.2222222222222,11.1111111111111,19.7159090909091,20,18,22,4.17359961904543,4.20984328861675,5.04866473909568,1.8092412107304,"Moderate/Unhealthy","Low",50.3792592952484,43.53598559,179.538982806098,0.748501638,99.0904209126845,155.5288223,1.67366762540774,0.748501638,0.960440695956337,0.971484399239313,0.510519738989578,50.889779034238,101.779558068476,0.101779558068476,0.000101779558068476,1.01779558068476e-07,0.0101335300703345,0,0,0,0,0,0
"Konza4","Bu","Smoke","S9PI",20240717,"10/3/2024","Lampman","14A_A","14A","A",21,2,3,5,0,NA,NA,"14A","K4_B",2,60,30,"HQD",3,14,0.03,2.1375,1.5375,0.6,2.4,0.4625,2.8625,2.96375,2.23875,2.275,0,2.275,-3.50655789731998,0.4,1204166.66666667,547895.833333333,547895.833333333,0,0,0,461669.973958333,461669.973958333,0,346.957725531398,23.0219894475,1864.1743459124,138.069691358025,24,401.855,299.576666666667,37.9,1347.93,25.3219696969697,25,27.2222222222222,11.1111111111111,19.7159090909091,20,18,22,4.17359961904543,4.20984328861675,5.04866473909568,1.8092412107304,"Moderate/Unhealthy","Low",50.3792592952484,43.53598559,179.538982806098,0.748501638,99.0904209126845,155.5288223,1.67366762540774,0.748501638,0.960440695956337,0.971484399239313,0.510519738989578,50.889779034238,101.779558068476,0.101779558068476,0.000101779558068476,1.01779558068476e-07,0.0101335300703345,4535979353022.22,0,4535979353.02222,0,4535.97935302222,0
"Konza4","Bu","Smoke","S9PI",20240717,"10/3/2024","Lampman","14A_A","14A","A",22,1,0,1,0,NA,NA,"14A","K4_B",2,60,30,"HQD",3,14,0.03,2.1375,1.5375,0.6,0,0,0,4.733125,3.726875,0,0,0,-3.50655789731998,1,240833.333333333,0,0,0,NA,0,0,0,NA,346.957725531398,23.0219894475,1864.1743459124,138.069691358025,24,401.855,299.576666666667,37.9,1347.93,25.3219696969697,25,27.2222222222222,11.1111111111111,19.7159090909091,20,18,22,4.17359961904543,4.20984328861675,5.04866473909568,1.8092412107304,"Moderate/Unhealthy","Low",50.3792592952484,43.53598559,179.538982806098,0.748501638,99.0904209126845,155.5288223,1.67366762540774,0.748501638,0.960440695956337,0.971484399239313,0.510519738989578,50.889779034238,101.779558068476,0.101779558068476,0.000101779558068476,1.01779558068476e-07,0.0101335300703345,0,0,0,0,0,0
"Konza4","Bu","Smoke","S9PI",20240717,"10/3/2024","Lampman","14A_A","14A","A",23,2,5,7,0,NA,NA,"14A","K4_B",2,60,30,"HQD",3,14,0.03,2.1375,1.5375,0.6,4.4,0.4625,4.8625,2.96375,2.23875,4.275,0,4.275,-3.50655789731998,0.285714285714286,1685833.33333333,1029562.5,1029562.5,0,0,0,943336.640625,943336.640625,0,346.957725531398,23.0219894475,1864.1743459124,138.069691358025,24,401.855,299.576666666667,37.9,1347.93,25.3219696969697,25,27.2222222222222,11.1111111111111,19.7159090909091,20,18,22,4.17359961904543,4.20984328861675,5.04866473909568,1.8092412107304,"Moderate/Unhealthy","Low",50.3792592952484,43.53598559,179.538982806098,0.748501638,99.0904209126845,155.5288223,1.67366762540774,0.748501638,0.960440695956337,0.971484399239313,0.510519738989578,50.889779034238,101.779558068476,0.101779558068476,0.000101779558068476,1.01779558068476e-07,0.0101335300703345,9268429324386.88,0,9268429324.38688,0,9268.42932438688,0
"Konza4","Bu","Smoke","S9PI",20240717,"10/3/2024","Lampman","14A_A","14A","A",24,3,1,4,0,NA,NA,"14A","K4_B",2,60,30,"HQD",3,14,0.03,2.1375,1.5375,0.6,0.4,1.4625,1.8625,4.733125,3.726875,0,0,0,-3.50655789731998,0.75,963333.333333333,0,0,0,NA,0,0,0,NA,346.957725531398,23.0219894475,1864.1743459124,138.069691358025,24,401.855,299.576666666667,37.9,1347.93,25.3219696969697,25,27.2222222222222,11.1111111111111,19.7159090909091,20,18,22,4.17359961904543,4.20984328861675,5.04866473909568,1.8092412107304,"Moderate/Unhealthy","Low",50.3792592952484,43.53598559,179.538982806098,0.748501638,99.0904209126845,155.5288223,1.67366762540774,0.748501638,0.960440695956337,0.971484399239313,0.510519738989578,50.889779034238,101.779558068476,0.101779558068476,0.000101779558068476,1.01779558068476e-07,0.0101335300703345,0,0,0,0,0,0
"Konza4","Bu","Smoke","S9PI",20240717,"10/3/2024","Lampman","14A_A","14A","A",25,1,0,1,0,NA,NA,"14A","K4_B",2,60,30,"HQD",3,14,0.03,2.1375,1.5375,0.6,0,0,0,2.96375,2.23875,0,0,0,-3.50655789731998,1,240833.333333333,0,0,0,NA,0,0,0,NA,346.957725531398,23.0219894475,1864.1743459124,138.069691358025,24,401.855,299.576666666667,37.9,1347.93,25.3219696969697,25,27.2222222222222,11.1111111111111,19.7159090909091,20,18,22,4.17359961904543,4.20984328861675,5.04866473909568,1.8092412107304,"Moderate/Unhealthy","Low",50.3792592952484,43.53598559,179.538982806098,0.748501638,99.0904209126845,155.5288223,1.67366762540774,0.748501638,0.960440695956337,0.971484399239313,0.510519738989578,50.889779034238,101.779558068476,0.101779558068476,0.000101779558068476,1.01779558068476e-07,0.0101335300703345,0,0,0,0,0,0
"Konza4","Bu","Smoke","S9PI",20240717,"10/3/2024","Lampman","14A_A","14A","A",26,1,0,1,0,NA,NA,"14A","K4_B",2,60,30,"HQD",3,14,0.03,2.1375,1.5375,0.6,0,0,0,4.733125,3.726875,0,0,0,-3.50655789731998,1,240833.333333333,0,0,0,NA,0,0,0,NA,346.957725531398,23.0219894475,1864.1743459124,138.069691358025,24,401.855,299.576666666667,37.9,1347.93,25.3219696969697,25,27.2222222222222,11.1111111111111,19.7159090909091,20,18,22,4.17359961904543,4.20984328861675,5.04866473909568,1.8092412107304,"Moderate/Unhealthy","Low",50.3792592952484,43.53598559,179.538982806098,0.748501638,99.0904209126845,155.5288223,1.67366762540774,0.748501638,0.960440695956337,0.971484399239313,0.510519738989578,50.889779034238,101.779558068476,0.101779558068476,0.000101779558068476,1.01779558068476e-07,0.0101335300703345,0,0,0,0,0,0
"Konza4","Bu","Smoke","S9PI",20240717,"10/3/2024","Lampman","14A_A","14A","A",27,4,0,4,0,NA,NA,"14A","K4_B",2,60,30,"HQD",3,14,0.03,2.1375,1.5375,0.6,0,2.4625,2.4625,2.96375,2.23875,0,1.76125,1.76125,-3.50655789731998,1,963333.333333333,424167.708333333,0,424167.708333333,1,0,0,0,NA,346.957725531398,23.0219894475,1864.1743459124,138.069691358025,24,401.855,299.576666666667,37.9,1347.93,25.3219696969697,25,27.2222222222222,11.1111111111111,19.7159090909091,20,18,22,4.17359961904543,4.20984328861675,5.04866473909568,1.8092412107304,"Moderate/Unhealthy","Low",50.3792592952484,43.53598559,179.538982806098,0.748501638,99.0904209126845,155.5288223,1.67366762540774,0.748501638,0.960440695956337,0.971484399239313,0.510519738989578,50.889779034238,101.779558068476,0.101779558068476,0.000101779558068476,1.01779558068476e-07,0.0101335300703345,0,0,0,0,0,0
"Konza4","Bu","Smoke","S9PI",20240717,"10/3/2024","Lampman","14A_A","14A","A",28,2,2,4,0,NA,NA,"14A","K4_B",2,60,30,"HQD",3,14,0.03,2.1375,1.5375,0.6,1.4,0.4625,1.8625,4.733125,3.726875,0.99375,0,0.99375,-3.50655789731998,0.5,963333.333333333,239328.125,239328.125,0,0,0,153102.265625,153102.265625,0,346.957725531398,23.0219894475,1864.1743459124,138.069691358025,24,401.855,299.576666666667,37.9,1347.93,25.3219696969697,25,27.2222222222222,11.1111111111111,19.7159090909091,20,18,22,4.17359961904543,4.20984328861675,5.04866473909568,1.8092412107304,"Moderate/Unhealthy","Low",50.3792592952484,43.53598559,179.538982806098,0.748501638,99.0904209126845,155.5288223,1.67366762540774,0.748501638,0.960440695956337,0.971484399239313,0.510519738989578,50.889779034238,101.779558068476,0.101779558068476,0.000101779558068476,1.01779558068476e-07,0.0101335300703345,1504253590116.74,0,1504253590.11674,0,1504.25359011674,0
"Konza4","Bu","Smoke","S9PI",20240717,"10/3/2024","Lampman","14A_A","14A","A",29,4,1,5,0,NA,NA,"14A","K4_B",2,60,30,"HQD",3,14,0.03,2.1375,1.5375,0.6,0.4,2.4625,2.8625,2.96375,2.23875,0.275,1.76125,2.03625,-3.50655789731998,0.8,1204166.66666667,490396.875,66229.1666666667,424167.708333333,0.864947820748926,0,0,0,NA,346.957725531398,23.0219894475,1864.1743459124,138.069691358025,24,401.855,299.576666666667,37.9,1347.93,25.3219696969697,25,27.2222222222222,11.1111111111111,19.7159090909091,20,18,22,4.17359961904543,4.20984328861675,5.04866473909568,1.8092412107304,"Moderate/Unhealthy","Low",50.3792592952484,43.53598559,179.538982806098,0.748501638,99.0904209126845,155.5288223,1.67366762540774,0.748501638,0.960440695956337,0.971484399239313,0.510519738989578,50.889779034238,101.779558068476,0.101779558068476,0.000101779558068476,1.01779558068476e-07,0.0101335300703345,0,0,0,0,0,0
"Konza4","Bu","Smoke","S9PI",20240717,"10/3/2024","Lampman","14A_A","14A","A",30,3,5,8,0,NA,NA,"14A","K4_B",2,60,30,"HQD",3,14,0.03,2.1375,1.5375,0.6,4.4,1.4625,5.8625,4.733125,3.726875,3.99375,0,3.99375,-3.50655789731998,0.375,1926666.66666667,961828.125,961828.125,0,0,0,875602.265625,875602.265625,0,346.957725531398,23.0219894475,1864.1743459124,138.069691358025,24,401.855,299.576666666667,37.9,1347.93,25.3219696969697,25,27.2222222222222,11.1111111111111,19.7159090909091,20,18,22,4.17359961904543,4.20984328861675,5.04866473909568,1.8092412107304,"Moderate/Unhealthy","Low",50.3792592952484,43.53598559,179.538982806098,0.748501638,99.0904209126845,155.5288223,1.67366762540774,0.748501638,0.960440695956337,0.971484399239313,0.510519738989578,50.889779034238,101.779558068476,0.101779558068476,0.000101779558068476,1.01779558068476e-07,0.0101335300703345,8602928547163.72,0,8602928547.16372,0,8602.92854716372,0
"Konza4","Bu","Smoke","S9PI",20240717,"10/3/2024","Lampman","14A_A","14A","A",31,4,2,6,0,NA,NA,"14A","K4_B",2,60,30,"HQD",3,14,0.03,2.1375,1.5375,0.6,1.4,2.4625,3.8625,2.96375,2.23875,1.275,1.76125,3.03625,-3.50655789731998,0.666666666666667,1445000,731230.208333333,307062.5,424167.708333333,0.580074104569782,0,220836.640625,220836.640625,0,346.957725531398,23.0219894475,1864.1743459124,138.069691358025,24,401.855,299.576666666667,37.9,1347.93,25.3219696969697,25,27.2222222222222,11.1111111111111,19.7159090909091,20,18,22,4.17359961904543,4.20984328861675,5.04866473909568,1.8092412107304,"Moderate/Unhealthy","Low",50.3792592952484,43.53598559,179.538982806098,0.748501638,99.0904209126845,155.5288223,1.67366762540774,0.748501638,0.960440695956337,0.971484399239313,0.510519738989578,50.889779034238,101.779558068476,0.101779558068476,0.000101779558068476,1.01779558068476e-07,0.0101335300703345,2169754367339.89,0,2169754367.33989,0,2169.75436733989,0
"Konza4","Bu","Smoke","S9PI",20240717,"10/3/2024","Lampman","14A_A","14A","A",32,3,3,6,0,NA,NA,"14A","K4_B",2,60,30,"HQD",3,14,0.03,2.1375,1.5375,0.6,2.4,1.4625,3.8625,4.733125,3.726875,1.99375,0,1.99375,-3.50655789731998,0.5,1445000,480161.458333333,480161.458333333,0,0,0,393935.598958333,393935.598958333,0,346.957725531398,23.0219894475,1864.1743459124,138.069691358025,24,401.855,299.576666666667,37.9,1347.93,25.3219696969697,25,27.2222222222222,11.1111111111111,19.7159090909091,20,18,22,4.17359961904543,4.20984328861675,5.04866473909568,1.8092412107304,"Moderate/Unhealthy","Low",50.3792592952484,43.53598559,179.538982806098,0.748501638,99.0904209126845,155.5288223,1.67366762540774,0.748501638,0.960440695956337,0.971484399239313,0.510519738989578,50.889779034238,101.779558068476,0.101779558068476,0.000101779558068476,1.01779558068476e-07,0.0101335300703345,3870478575799.07,0,3870478575.79907,0,3870.47857579907,0
"Konza4","Bu","Smoke","S9PI",20240717,"10/3/2024","Lampman","14A_A","14A","A",33,2,1,3,0,NA,NA,"14A","K4_B",2,60,30,"HQD",3,14,0.03,2.1375,1.5375,0.6,0.4,0.4625,0.8625,2.96375,2.23875,0.275,0,0.275,-3.50655789731998,0.666666666666667,722500,66229.1666666667,66229.1666666667,0,0,0,0,0,NA,346.957725531398,23.0219894475,1864.1743459124,138.069691358025,24,401.855,299.576666666667,37.9,1347.93,25.3219696969697,25,27.2222222222222,11.1111111111111,19.7159090909091,20,18,22,4.17359961904543,4.20984328861675,5.04866473909568,1.8092412107304,"Moderate/Unhealthy","Low",50.3792592952484,43.53598559,179.538982806098,0.748501638,99.0904209126845,155.5288223,1.67366762540774,0.748501638,0.960440695956337,0.971484399239313,0.510519738989578,50.889779034238,101.779558068476,0.101779558068476,0.000101779558068476,1.01779558068476e-07,0.0101335300703345,0,0,0,0,0,0
"Konza4","Bu","Smoke","S9PI",20240717,"10/3/2024","Lampman","14A_A","14A","A",34,1,0,1,0,NA,NA,"14A","K4_B",2,60,30,"HQD",3,14,0.03,2.1375,1.5375,0.6,0,0,0,4.733125,3.726875,0,0,0,-3.50655789731998,1,240833.333333333,0,0,0,NA,0,0,0,NA,346.957725531398,23.0219894475,1864.1743459124,138.069691358025,24,401.855,299.576666666667,37.9,1347.93,25.3219696969697,25,27.2222222222222,11.1111111111111,19.7159090909091,20,18,22,4.17359961904543,4.20984328861675,5.04866473909568,1.8092412107304,"Moderate/Unhealthy","Low",50.3792592952484,43.53598559,179.538982806098,0.748501638,99.0904209126845,155.5288223,1.67366762540774,0.748501638,0.960440695956337,0.971484399239313,0.510519738989578,50.889779034238,101.779558068476,0.101779558068476,0.000101779558068476,1.01779558068476e-07,0.0101335300703345,0,0,0,0,0,0
"Konza4","Bu","Smoke","S9PI",20240717,"10/3/2024","Lampman","14A_A","14A","A",35,2,0,2,0,NA,NA,"14A","K4_B",2,60,30,"HQD",3,14,0.03,2.1375,1.5375,0.6,0,0.4625,0.4625,2.96375,2.23875,0,0,0,-3.50655789731998,1,481666.666666667,0,0,0,NA,0,0,0,NA,346.957725531398,23.0219894475,1864.1743459124,138.069691358025,24,401.855,299.576666666667,37.9,1347.93,25.3219696969697,25,27.2222222222222,11.1111111111111,19.7159090909091,20,18,22,4.17359961904543,4.20984328861675,5.04866473909568,1.8092412107304,"Moderate/Unhealthy","Low",50.3792592952484,43.53598559,179.538982806098,0.748501638,99.0904209126845,155.5288223,1.67366762540774,0.748501638,0.960440695956337,0.971484399239313,0.510519738989578,50.889779034238,101.779558068476,0.101779558068476,0.000101779558068476,1.01779558068476e-07,0.0101335300703345,0,0,0,0,0,0
"Konza4","Bu","Smoke","S9PI",20240717,"10/3/2024","Lampman","14A_A","14A","A",36,2,0,2,0,NA,NA,"14A","K4_B",2,60,30,"HQD",3,14,0.03,2.1375,1.5375,0.6,0,0.4625,0.4625,4.733125,3.726875,0,0,0,-3.50655789731998,1,481666.666666667,0,0,0,NA,0,0,0,NA,346.957725531398,23.0219894475,1864.1743459124,138.069691358025,24,401.855,299.576666666667,37.9,1347.93,25.3219696969697,25,27.2222222222222,11.1111111111111,19.7159090909091,20,18,22,4.17359961904543,4.20984328861675,5.04866473909568,1.8092412107304,"Moderate/Unhealthy","Low",50.3792592952484,43.53598559,179.538982806098,0.748501638,99.0904209126845,155.5288223,1.67366762540774,0.748501638,0.960440695956337,0.971484399239313,0.510519738989578,50.889779034238,101.779558068476,0.101779558068476,0.000101779558068476,1.01779558068476e-07,0.0101335300703345,0,0,0,0,0,0
"Konza4","Bu","Smoke","S9PI",20240717,"10/3/2024","Lampman","14A_A","14A","A",37,4,3,7,0,NA,NA,"14A","K4_B",2,60,30,"HQD",3,14,0.03,2.1375,1.5375,0.6,2.4,2.4625,4.8625,2.96375,2.23875,2.275,1.76125,4.03625,-3.50655789731998,0.571428571428571,1685833.33333333,972063.541666667,547895.833333333,424167.708333333,0.436358005574481,0,461669.973958333,461669.973958333,0,346.957725531398,23.0219894475,1864.1743459124,138.069691358025,24,401.855,299.576666666667,37.9,1347.93,25.3219696969697,25,27.2222222222222,11.1111111111111,19.7159090909091,20,18,22,4.17359961904543,4.20984328861675,5.04866473909568,1.8092412107304,"Moderate/Unhealthy","Low",50.3792592952484,43.53598559,179.538982806098,0.748501638,99.0904209126845,155.5288223,1.67366762540774,0.748501638,0.960440695956337,0.971484399239313,0.510519738989578,50.889779034238,101.779558068476,0.101779558068476,0.000101779558068476,1.01779558068476e-07,0.0101335300703345,4535979353022.22,0,4535979353.02222,0,4535.97935302222,0
"Konza4","Bu","Smoke","S9PI",20240717,"10/3/2024","Lampman","14A_A","14A","A",38,2,1,3,0,NA,NA,"14A","K4_B",2,60,30,"HQD",3,14,0.03,2.1375,1.5375,0.6,0.4,0.4625,0.8625,4.733125,3.726875,0,0,0,-3.50655789731998,0.666666666666667,722500,0,0,0,NA,0,0,0,NA,346.957725531398,23.0219894475,1864.1743459124,138.069691358025,24,401.855,299.576666666667,37.9,1347.93,25.3219696969697,25,27.2222222222222,11.1111111111111,19.7159090909091,20,18,22,4.17359961904543,4.20984328861675,5.04866473909568,1.8092412107304,"Moderate/Unhealthy","Low",50.3792592952484,43.53598559,179.538982806098,0.748501638,99.0904209126845,155.5288223,1.67366762540774,0.748501638,0.960440695956337,0.971484399239313,0.510519738989578,50.889779034238,101.779558068476,0.101779558068476,0.000101779558068476,1.01779558068476e-07,0.0101335300703345,0,0,0,0,0,0
"Konza4","Bu","Smoke","S9PI",20240717,"10/3/2024","Lampman","14A_A","14A","A",39,3,0,3,0,NA,NA,"14A","K4_B",2,60,30,"HQD",3,14,0.03,2.1375,1.5375,0.6,0,1.4625,1.4625,2.96375,2.23875,0,0.76125,0.76125,-3.50655789731998,1,722500,183334.375,0,183334.375,1,0,0,0,NA,346.957725531398,23.0219894475,1864.1743459124,138.069691358025,24,401.855,299.576666666667,37.9,1347.93,25.3219696969697,25,27.2222222222222,11.1111111111111,19.7159090909091,20,18,22,4.17359961904543,4.20984328861675,5.04866473909568,1.8092412107304,"Moderate/Unhealthy","Low",50.3792592952484,43.53598559,179.538982806098,0.748501638,99.0904209126845,155.5288223,1.67366762540774,0.748501638,0.960440695956337,0.971484399239313,0.510519738989578,50.889779034238,101.779558068476,0.101779558068476,0.000101779558068476,1.01779558068476e-07,0.0101335300703345,0,0,0,0,0,0
"Konza4","Bu","Smoke","S9PI",20240717,"10/3/2024","Lampman","14A_A","14A","A",40,2,0,2,0,NA,NA,"14A","K4_B",2,60,30,"HQD",3,14,0.03,2.1375,1.5375,0.6,0,0.4625,0.4625,4.733125,3.726875,0,0,0,-3.50655789731998,1,481666.666666667,0,0,0,NA,0,0,0,NA,346.957725531398,23.0219894475,1864.1743459124,138.069691358025,24,401.855,299.576666666667,37.9,1347.93,25.3219696969697,25,27.2222222222222,11.1111111111111,19.7159090909091,20,18,22,4.17359961904543,4.20984328861675,5.04866473909568,1.8092412107304,"Moderate/Unhealthy","Low",50.3792592952484,43.53598559,179.538982806098,0.748501638,99.0904209126845,155.5288223,1.67366762540774,0.748501638,0.960440695956337,0.971484399239313,0.510519738989578,50.889779034238,101.779558068476,0.101779558068476,0.000101779558068476,1.01779558068476e-07,0.0101335300703345,0,0,0,0,0,0
"Konza4","","LabBlank","S9PI",20240621,"10/10/2024","Lampman","LabBlankA","11A","A",1,0,1,1,0,NA,NA,"LabBlankA","K4_A",NA,NA,NA,NA,NA,NA,NA,2.3,0.9,1.4,0,0,0,3.12625,1.60125,0,0,0,0,0,NA,NA,NA,NA,NA,NA,NA,NA,NA,NA,NA,NA,NA,NA,NA,NA,NA,NA,NA,NA,NA,NA,NA,NA,NA,NA,NA,NA,NA,NA,NA,NA,NA,NA,NA,NA,NA,NA,NA,NA,NA,NA,NA,NA,NA,NA,NA,NA,NA,NA,NA,NA,NA,NA,NA
"Konza4","","LabBlank","S9PI",20240621,"10/10/2024","Lampman","LabBlankA","11A","A",2,1,0,1,0,NA,NA,"LabBlankA","K4_A",NA,NA,NA,NA,NA,NA,NA,2.3,0.9,1.4,0,0.1,0.1,4.895625,3.089375,0,0,0,0,1,NA,NA,NA,NA,NA,NA,NA,NA,NA,NA,NA,NA,NA,NA,NA,NA,NA,NA,NA,NA,NA,NA,NA,NA,NA,NA,NA,NA,NA,NA,NA,NA,NA,NA,NA,NA,NA,NA,NA,NA,NA,NA,NA,NA,NA,NA,NA,NA,NA,NA,NA,NA,NA,NA,NA
"Konza4","","LabBlank","S9PI",20240621,"10/10/2024","Lampman","LabBlankA","11A","A",3,1,1,2,0,NA,NA,"LabBlankA","K4_A",NA,NA,NA,NA,NA,NA,NA,2.3,0.9,1.4,0,0.1,0.1,3.12625,1.60125,0,0,0,0,0.5,NA,NA,NA,NA,NA,NA,NA,NA,NA,NA,NA,NA,NA,NA,NA,NA,NA,NA,NA,NA,NA,NA,NA,NA,NA,NA,NA,NA,NA,NA,NA,NA,NA,NA,NA,NA,NA,NA,NA,NA,NA,NA,NA,NA,NA,NA,NA,NA,NA,NA,NA,NA,NA,NA,NA
"Konza4","","LabBlank","S9PI",20240621,"10/10/2024","Lampman","LabBlankA","11A","A",4,0,1,1,0,NA,NA,"LabBlankA","K4_A",NA,NA,NA,NA,NA,NA,NA,2.3,0.9,1.4,0,0,0,4.895625,3.089375,0,0,0,0,0,NA,NA,NA,NA,NA,NA,NA,NA,NA,NA,NA,NA,NA,NA,NA,NA,NA,NA,NA,NA,NA,NA,NA,NA,NA,NA,NA,NA,NA,NA,NA,NA,NA,NA,NA,NA,NA,NA,NA,NA,NA,NA,NA,NA,NA,NA,NA,NA,NA,NA,NA,NA,NA,NA,NA
"Konza4","","LabBlank","S9PI",20240621,"10/10/2024","Lampman","LabBlankA","11A","A",5,0,1,1,0,NA,NA,"LabBlankA","K4_A",NA,NA,NA,NA,NA,NA,NA,2.3,0.9,1.4,0,0,0,3.12625,1.60125,0,0,0,0,0,NA,NA,NA,NA,NA,NA,NA,NA,NA,NA,NA,NA,NA,NA,NA,NA,NA,NA,NA,NA,NA,NA,NA,NA,NA,NA,NA,NA,NA,NA,NA,NA,NA,NA,NA,NA,NA,NA,NA,NA,NA,NA,NA,NA,NA,NA,NA,NA,NA,NA,NA,NA,NA,NA,NA
"Konza4","","LabBlank","S9PI",20240621,"10/10/2024","Lampman","LabBlankA","11A","A",6,0,2,2,0,NA,NA,"LabBlankA","K4_A",NA,NA,NA,NA,NA,NA,NA,2.3,0.9,1.4,0.6,0,0.6,4.895625,3.089375,0.19375,0,0.19375,0,0,NA,NA,NA,NA,NA,NA,NA,NA,NA,NA,NA,NA,NA,NA,NA,NA,NA,NA,NA,NA,NA,NA,NA,NA,NA,NA,NA,NA,NA,NA,NA,NA,NA,NA,NA,NA,NA,NA,NA,NA,NA,NA,NA,NA,NA,NA,NA,NA,NA,NA,NA,NA,NA,NA,NA
"Konza4","","LabBlank","S9PI",20240621,"10/10/2024","Lampman","LabBlankA","11A","A",7,0,5,5,0,NA,NA,"LabBlankA","K4_A",NA,NA,NA,NA,NA,NA,NA,2.3,0.9,1.4,3.6,0,3.6,3.12625,1.60125,3.475,0,3.475,0,0,NA,NA,NA,NA,NA,NA,NA,NA,NA,NA,NA,NA,NA,NA,NA,NA,NA,NA,NA,NA,NA,NA,NA,NA,NA,NA,NA,NA,NA,NA,NA,NA,NA,NA,NA,NA,NA,NA,NA,NA,NA,NA,NA,NA,NA,NA,NA,NA,NA,NA,NA,NA,NA,NA,NA
"Konza4","","LabBlank","S9PI",20240621,"10/10/2024","Lampman","LabBlankA","11A","A",8,0,3,3,0,NA,NA,"LabBlankA","K4_A",NA,NA,NA,NA,NA,NA,NA,2.3,0.9,1.4,1.6,0,1.6,4.895625,3.089375,1.19375,0,1.19375,0,0,NA,NA,NA,NA,NA,NA,NA,NA,NA,NA,NA,NA,NA,NA,NA,NA,NA,NA,NA,NA,NA,NA,NA,NA,NA,NA,NA,NA,NA,NA,NA,NA,NA,NA,NA,NA,NA,NA,NA,NA,NA,NA,NA,NA,NA,NA,NA,NA,NA,NA,NA,NA,NA,NA,NA
"Konza4","","LabBlank","S9PI",20240621,"10/10/2024","Lampman","LabBlankA","11A","A",9,0,3,3,0,NA,NA,"LabBlankA","K4_A",NA,NA,NA,NA,NA,NA,NA,2.3,0.9,1.4,1.6,0,1.6,3.12625,1.60125,1.475,0,1.475,0,0,NA,NA,NA,NA,NA,NA,NA,NA,NA,NA,NA,NA,NA,NA,NA,NA,NA,NA,NA,NA,NA,NA,NA,NA,NA,NA,NA,NA,NA,NA,NA,NA,NA,NA,NA,NA,NA,NA,NA,NA,NA,NA,NA,NA,NA,NA,NA,NA,NA,NA,NA,NA,NA,NA,NA
"Konza4","","LabBlank","S9PI",20240621,"10/10/2024","Lampman","LabBlankA","11A","A",10,0,1,1,0,NA,NA,"LabBlankA","K4_A",NA,NA,NA,NA,NA,NA,NA,2.3,0.9,1.4,0,0,0,4.895625,3.089375,0,0,0,0,0,NA,NA,NA,NA,NA,NA,NA,NA,NA,NA,NA,NA,NA,NA,NA,NA,NA,NA,NA,NA,NA,NA,NA,NA,NA,NA,NA,NA,NA,NA,NA,NA,NA,NA,NA,NA,NA,NA,NA,NA,NA,NA,NA,NA,NA,NA,NA,NA,NA,NA,NA,NA,NA,NA,NA
"Konza4","","LabBlank","S9PI",20240621,"10/10/2024","Lampman","LabBlankA","11A","A",11,0,1,1,0,NA,NA,"LabBlankA","K4_A",NA,NA,NA,NA,NA,NA,NA,2.3,0.9,1.4,0,0,0,3.12625,1.60125,0,0,0,0,0,NA,NA,NA,NA,NA,NA,NA,NA,NA,NA,NA,NA,NA,NA,NA,NA,NA,NA,NA,NA,NA,NA,NA,NA,NA,NA,NA,NA,NA,NA,NA,NA,NA,NA,NA,NA,NA,NA,NA,NA,NA,NA,NA,NA,NA,NA,NA,NA,NA,NA,NA,NA,NA,NA,NA
"Konza4","","LabBlank","S9PI",20240621,"10/10/2024","Lampman","LabBlankA","11A","A",12,1,3,4,0,NA,NA,"LabBlankA","K4_A",NA,NA,NA,NA,NA,NA,NA,2.3,0.9,1.4,1.6,0.1,1.7,4.895625,3.089375,1.19375,0,1.19375,0,0.25,NA,NA,NA,NA,NA,NA,NA,NA,NA,NA,NA,NA,NA,NA,NA,NA,NA,NA,NA,NA,NA,NA,NA,NA,NA,NA,NA,NA,NA,NA,NA,NA,NA,NA,NA,NA,NA,NA,NA,NA,NA,NA,NA,NA,NA,NA,NA,NA,NA,NA,NA,NA,NA,NA,NA
"Konza4","","LabBlank","S9PI",20240621,"10/10/2024","Lampman","LabBlankA","11A","A",13,1,1,2,0,NA,NA,"LabBlankA","K4_A",NA,NA,NA,NA,NA,NA,NA,2.3,0.9,1.4,0,0.1,0.1,3.12625,1.60125,0,0,0,0,0.5,NA,NA,NA,NA,NA,NA,NA,NA,NA,NA,NA,NA,NA,NA,NA,NA,NA,NA,NA,NA,NA,NA,NA,NA,NA,NA,NA,NA,NA,NA,NA,NA,NA,NA,NA,NA,NA,NA,NA,NA,NA,NA,NA,NA,NA,NA,NA,NA,NA,NA,NA,NA,NA,NA,NA
"Konza4","","LabBlank","S9PI",20240621,"10/10/2024","Lampman","LabBlankA","11A","A",14,0,0,0,0,NA,NA,"LabBlankA","K4_A",NA,NA,NA,NA,NA,NA,NA,2.3,0.9,1.4,0,0,0,4.895625,3.089375,0,0,0,0,NA,NA,NA,NA,NA,NA,NA,NA,NA,NA,NA,NA,NA,NA,NA,NA,NA,NA,NA,NA,NA,NA,NA,NA,NA,NA,NA,NA,NA,NA,NA,NA,NA,NA,NA,NA,NA,NA,NA,NA,NA,NA,NA,NA,NA,NA,NA,NA,NA,NA,NA,NA,NA,NA,NA,NA
"Konza4","","LabBlank","S9PI",20240621,"10/10/2024","Lampman","LabBlankA","11A","A",15,0,0,0,0,NA,NA,"LabBlankA","K4_A",NA,NA,NA,NA,NA,NA,NA,2.3,0.9,1.4,0,0,0,3.12625,1.60125,0,0,0,0,NA,NA,NA,NA,NA,NA,NA,NA,NA,NA,NA,NA,NA,NA,NA,NA,NA,NA,NA,NA,NA,NA,NA,NA,NA,NA,NA,NA,NA,NA,NA,NA,NA,NA,NA,NA,NA,NA,NA,NA,NA,NA,NA,NA,NA,NA,NA,NA,NA,NA,NA,NA,NA,NA,NA,NA
"Konza4","","LabBlank","S9PI",20240621,"10/10/2024","Lampman","LabBlankA","11A","A",16,0,0,0,0,NA,NA,"LabBlankA","K4_A",NA,NA,NA,NA,NA,NA,NA,2.3,0.9,1.4,0,0,0,4.895625,3.089375,0,0,0,0,NA,NA,NA,NA,NA,NA,NA,NA,NA,NA,NA,NA,NA,NA,NA,NA,NA,NA,NA,NA,NA,NA,NA,NA,NA,NA,NA,NA,NA,NA,NA,NA,NA,NA,NA,NA,NA,NA,NA,NA,NA,NA,NA,NA,NA,NA,NA,NA,NA,NA,NA,NA,NA,NA,NA,NA
"Konza4","","LabBlank","S9PI",20240621,"10/10/2024","Lampman","LabBlankA","11A","A",17,0,3,3,0,NA,NA,"LabBlankA","K4_A",NA,NA,NA,NA,NA,NA,NA,2.3,0.9,1.4,1.6,0,1.6,3.12625,1.60125,1.475,0,1.475,0,0,NA,NA,NA,NA,NA,NA,NA,NA,NA,NA,NA,NA,NA,NA,NA,NA,NA,NA,NA,NA,NA,NA,NA,NA,NA,NA,NA,NA,NA,NA,NA,NA,NA,NA,NA,NA,NA,NA,NA,NA,NA,NA,NA,NA,NA,NA,NA,NA,NA,NA,NA,NA,NA,NA,NA
"Konza4","","LabBlank","S9PI",20240621,"10/10/2024","Lampman","LabBlankA","11A","A",18,2,1,3,0,NA,NA,"LabBlankA","K4_A",NA,NA,NA,NA,NA,NA,NA,2.3,0.9,1.4,0,1.1,1.1,4.895625,3.089375,0,0,0,0,0.666666666666667,NA,NA,NA,NA,NA,NA,NA,NA,NA,NA,NA,NA,NA,NA,NA,NA,NA,NA,NA,NA,NA,NA,NA,NA,NA,NA,NA,NA,NA,NA,NA,NA,NA,NA,NA,NA,NA,NA,NA,NA,NA,NA,NA,NA,NA,NA,NA,NA,NA,NA,NA,NA,NA,NA,NA
"Konza4","","LabBlank","S9PI",20240621,"10/10/2024","Lampman","LabBlankA","11A","A",19,0,0,0,0,NA,NA,"LabBlankA","K4_A",NA,NA,NA,NA,NA,NA,NA,2.3,0.9,1.4,0,0,0,3.12625,1.60125,0,0,0,0,NA,NA,NA,NA,NA,NA,NA,NA,NA,NA,NA,NA,NA,NA,NA,NA,NA,NA,NA,NA,NA,NA,NA,NA,NA,NA,NA,NA,NA,NA,NA,NA,NA,NA,NA,NA,NA,NA,NA,NA,NA,NA,NA,NA,NA,NA,NA,NA,NA,NA,NA,NA,NA,NA,NA,NA
"Konza4","","LabBlank","S9PI",20240621,"10/10/2024","Lampman","LabBlankA","11A","A",20,2,4,6,0,NA,NA,"LabBlankA","K4_A",NA,NA,NA,NA,NA,NA,NA,2.3,0.9,1.4,2.6,1.1,3.7,4.895625,3.089375,2.19375,0,2.19375,0,0.333333333333333,NA,NA,NA,NA,NA,NA,NA,NA,NA,NA,NA,NA,NA,NA,NA,NA,NA,NA,NA,NA,NA,NA,NA,NA,NA,NA,NA,NA,NA,NA,NA,NA,NA,NA,NA,NA,NA,NA,NA,NA,NA,NA,NA,NA,NA,NA,NA,NA,NA,NA,NA,NA,NA,NA,NA
"Konza4","","LabBlank","S9PI",20240621,"10/10/2024","Lampman","LabBlankA","11A","A",21,0,0,0,0,NA,NA,"LabBlankA","K4_A",NA,NA,NA,NA,NA,NA,NA,2.3,0.9,1.4,0,0,0,3.12625,1.60125,0,0,0,0,NA,NA,NA,NA,NA,NA,NA,NA,NA,NA,NA,NA,NA,NA,NA,NA,NA,NA,NA,NA,NA,NA,NA,NA,NA,NA,NA,NA,NA,NA,NA,NA,NA,NA,NA,NA,NA,NA,NA,NA,NA,NA,NA,NA,NA,NA,NA,NA,NA,NA,NA,NA,NA,NA,NA,NA
"Konza4","","LabBlank","S9PI",20240621,"10/10/2024","Lampman","LabBlankA","11A","A",22,2,1,3,0,NA,NA,"LabBlankA","K4_A",NA,NA,NA,NA,NA,NA,NA,2.3,0.9,1.4,0,1.1,1.1,4.895625,3.089375,0,0,0,0,0.666666666666667,NA,NA,NA,NA,NA,NA,NA,NA,NA,NA,NA,NA,NA,NA,NA,NA,NA,NA,NA,NA,NA,NA,NA,NA,NA,NA,NA,NA,NA,NA,NA,NA,NA,NA,NA,NA,NA,NA,NA,NA,NA,NA,NA,NA,NA,NA,NA,NA,NA,NA,NA,NA,NA,NA,NA
"Konza4","","LabBlank","S9PI",20240621,"10/10/2024","Lampman","LabBlankA","11A","A",23,3,3,6,0,NA,NA,"LabBlankA","K4_A",NA,NA,NA,NA,NA,NA,NA,2.3,0.9,1.4,1.6,2.1,3.7,3.12625,1.60125,1.475,1.39875,2.87375,0,0.5,NA,NA,NA,NA,NA,NA,NA,NA,NA,NA,NA,NA,NA,NA,NA,NA,NA,NA,NA,NA,NA,NA,NA,NA,NA,NA,NA,NA,NA,NA,NA,NA,NA,NA,NA,NA,NA,NA,NA,NA,NA,NA,NA,NA,NA,NA,NA,NA,NA,NA,NA,NA,NA,NA,NA
"Konza4","","LabBlank","S9PI",20240621,"10/10/2024","Lampman","LabBlankA","11A","A",24,0,0,0,0,NA,NA,"LabBlankA","K4_A",NA,NA,NA,NA,NA,NA,NA,2.3,0.9,1.4,0,0,0,4.895625,3.089375,0,0,0,0,NA,NA,NA,NA,NA,NA,NA,NA,NA,NA,NA,NA,NA,NA,NA,NA,NA,NA,NA,NA,NA,NA,NA,NA,NA,NA,NA,NA,NA,NA,NA,NA,NA,NA,NA,NA,NA,NA,NA,NA,NA,NA,NA,NA,NA,NA,NA,NA,NA,NA,NA,NA,NA,NA,NA,NA
"Konza4","","LabBlank","S9PI",20240621,"10/10/2024","Lampman","LabBlankA","11A","A",25,0,2,2,0,NA,NA,"LabBlankA","K4_A",NA,NA,NA,NA,NA,NA,NA,2.3,0.9,1.4,0.6,0,0.6,3.12625,1.60125,0.475,0,0.475,0,0,NA,NA,NA,NA,NA,NA,NA,NA,NA,NA,NA,NA,NA,NA,NA,NA,NA,NA,NA,NA,NA,NA,NA,NA,NA,NA,NA,NA,NA,NA,NA,NA,NA,NA,NA,NA,NA,NA,NA,NA,NA,NA,NA,NA,NA,NA,NA,NA,NA,NA,NA,NA,NA,NA,NA
"Konza4","","LabBlank","S9PI",20240621,"10/10/2024","Lampman","LabBlankA","11A","A",26,0,1,1,0,NA,NA,"LabBlankA","K4_A",NA,NA,NA,NA,NA,NA,NA,2.3,0.9,1.4,0,0,0,4.895625,3.089375,0,0,0,0,0,NA,NA,NA,NA,NA,NA,NA,NA,NA,NA,NA,NA,NA,NA,NA,NA,NA,NA,NA,NA,NA,NA,NA,NA,NA,NA,NA,NA,NA,NA,NA,NA,NA,NA,NA,NA,NA,NA,NA,NA,NA,NA,NA,NA,NA,NA,NA,NA,NA,NA,NA,NA,NA,NA,NA
"Konza4","","LabBlank","S9PI",20240621,"10/10/2024","Lampman","LabBlankA","11A","A",27,1,2,3,0,NA,NA,"LabBlankA","K4_A",NA,NA,NA,NA,NA,NA,NA,2.3,0.9,1.4,0.6,0.1,0.7,3.12625,1.60125,0.475,0,0.475,0,0.333333333333333,NA,NA,NA,NA,NA,NA,NA,NA,NA,NA,NA,NA,NA,NA,NA,NA,NA,NA,NA,NA,NA,NA,NA,NA,NA,NA,NA,NA,NA,NA,NA,NA,NA,NA,NA,NA,NA,NA,NA,NA,NA,NA,NA,NA,NA,NA,NA,NA,NA,NA,NA,NA,NA,NA,NA
"Konza4","","LabBlank","S9PI",20240621,"10/10/2024","Lampman","LabBlankA","11A","A",28,1,0,1,0,NA,NA,"LabBlankA","K4_A",NA,NA,NA,NA,NA,NA,NA,2.3,0.9,1.4,0,0.1,0.1,4.895625,3.089375,0,0,0,0,1,NA,NA,NA,NA,NA,NA,NA,NA,NA,NA,NA,NA,NA,NA,NA,NA,NA,NA,NA,NA,NA,NA,NA,NA,NA,NA,NA,NA,NA,NA,NA,NA,NA,NA,NA,NA,NA,NA,NA,NA,NA,NA,NA,NA,NA,NA,NA,NA,NA,NA,NA,NA,NA,NA,NA
"Konza4","","LabBlank","S9PI",20240621,"10/10/2024","Lampman","LabBlankA","11A","A",29,2,0,2,0,NA,NA,"LabBlankA","K4_A",NA,NA,NA,NA,NA,NA,NA,2.3,0.9,1.4,0,1.1,1.1,3.12625,1.60125,0,0.39875,0.39875,0,1,NA,NA,NA,NA,NA,NA,NA,NA,NA,NA,NA,NA,NA,NA,NA,NA,NA,NA,NA,NA,NA,NA,NA,NA,NA,NA,NA,NA,NA,NA,NA,NA,NA,NA,NA,NA,NA,NA,NA,NA,NA,NA,NA,NA,NA,NA,NA,NA,NA,NA,NA,NA,NA,NA,NA
"Konza4","","LabBlank","S9PI",20240621,"10/10/2024","Lampman","LabBlankA","11A","A",30,4,1,5,0,NA,NA,"LabBlankA","K4_A",NA,NA,NA,NA,NA,NA,NA,2.3,0.9,1.4,0,3.1,3.1,4.895625,3.089375,0,0.910625,0.910625,0,0.8,NA,NA,NA,NA,NA,NA,NA,NA,NA,NA,NA,NA,NA,NA,NA,NA,NA,NA,NA,NA,NA,NA,NA,NA,NA,NA,NA,NA,NA,NA,NA,NA,NA,NA,NA,NA,NA,NA,NA,NA,NA,NA,NA,NA,NA,NA,NA,NA,NA,NA,NA,NA,NA,NA,NA
"Konza4","","LabBlank","S9PI",20240621,"10/10/2024","Lampman","LabBlankA","11A","A",31,1,0,1,0,NA,NA,"LabBlankA","K4_A",NA,NA,NA,NA,NA,NA,NA,2.3,0.9,1.4,0,0.1,0.1,3.12625,1.60125,0,0,0,0,1,NA,NA,NA,NA,NA,NA,NA,NA,NA,NA,NA,NA,NA,NA,NA,NA,NA,NA,NA,NA,NA,NA,NA,NA,NA,NA,NA,NA,NA,NA,NA,NA,NA,NA,NA,NA,NA,NA,NA,NA,NA,NA,NA,NA,NA,NA,NA,NA,NA,NA,NA,NA,NA,NA,NA
"Konza4","","LabBlank","S9PI",20240621,"10/10/2024","Lampman","LabBlankA","11A","A",32,4,11,15,0,NA,NA,"LabBlankA","K4_A",NA,NA,NA,NA,NA,NA,NA,2.3,0.9,1.4,9.6,3.1,12.7,4.895625,3.089375,9.19375,0.910625,10.104375,0,0.266666666666667,NA,NA,NA,NA,NA,NA,NA,NA,NA,NA,NA,NA,NA,NA,NA,NA,NA,NA,NA,NA,NA,NA,NA,NA,NA,NA,NA,NA,NA,NA,NA,NA,NA,NA,NA,NA,NA,NA,NA,NA,NA,NA,NA,NA,NA,NA,NA,NA,NA,NA,NA,NA,NA,NA,NA
"Konza4","","LabBlank","S9PI",20240621,"10/10/2024","Lampman","LabBlankA","11A","A",33,2,1,3,0,NA,NA,"LabBlankA","K4_A",NA,NA,NA,NA,NA,NA,NA,2.3,0.9,1.4,0,1.1,1.1,3.12625,1.60125,0,0.39875,0.39875,0,0.666666666666667,NA,NA,NA,NA,NA,NA,NA,NA,NA,NA,NA,NA,NA,NA,NA,NA,NA,NA,NA,NA,NA,NA,NA,NA,NA,NA,NA,NA,NA,NA,NA,NA,NA,NA,NA,NA,NA,NA,NA,NA,NA,NA,NA,NA,NA,NA,NA,NA,NA,NA,NA,NA,NA,NA,NA
"Konza4","","LabBlank","S9PI",20240621,"10/10/2024","Lampman","LabBlankA","11A","A",34,0,0,0,0,NA,NA,"LabBlankA","K4_A",NA,NA,NA,NA,NA,NA,NA,2.3,0.9,1.4,0,0,0,4.895625,3.089375,0,0,0,0,NA,NA,NA,NA,NA,NA,NA,NA,NA,NA,NA,NA,NA,NA,NA,NA,NA,NA,NA,NA,NA,NA,NA,NA,NA,NA,NA,NA,NA,NA,NA,NA,NA,NA,NA,NA,NA,NA,NA,NA,NA,NA,NA,NA,NA,NA,NA,NA,NA,NA,NA,NA,NA,NA,NA,NA
"Konza4","","LabBlank","S9PI",20240621,"10/10/2024","Lampman","LabBlankA","11A","A",35,2,2,4,0,NA,NA,"LabBlankA","K4_A",NA,NA,NA,NA,NA,NA,NA,2.3,0.9,1.4,0.6,1.1,1.7,3.12625,1.60125,0.475,0.39875,0.87375,0,0.5,NA,NA,NA,NA,NA,NA,NA,NA,NA,NA,NA,NA,NA,NA,NA,NA,NA,NA,NA,NA,NA,NA,NA,NA,NA,NA,NA,NA,NA,NA,NA,NA,NA,NA,NA,NA,NA,NA,NA,NA,NA,NA,NA,NA,NA,NA,NA,NA,NA,NA,NA,NA,NA,NA,NA
"Konza4","","LabBlank","S9PI",20240621,"10/10/2024","Lampman","LabBlankA","11A","A",36,1,0,1,0,NA,NA,"LabBlankA","K4_A",NA,NA,NA,NA,NA,NA,NA,2.3,0.9,1.4,0,0.1,0.1,4.895625,3.089375,0,0,0,0,1,NA,NA,NA,NA,NA,NA,NA,NA,NA,NA,NA,NA,NA,NA,NA,NA,NA,NA,NA,NA,NA,NA,NA,NA,NA,NA,NA,NA,NA,NA,NA,NA,NA,NA,NA,NA,NA,NA,NA,NA,NA,NA,NA,NA,NA,NA,NA,NA,NA,NA,NA,NA,NA,NA,NA
"Konza4","","LabBlank","S9PI",20240621,"10/10/2024","Lampman","LabBlankA","11A","A",37,0,1,1,0,NA,NA,"LabBlankA","K4_A",NA,NA,NA,NA,NA,NA,NA,2.3,0.9,1.4,0,0,0,3.12625,1.60125,0,0,0,0,0,NA,NA,NA,NA,NA,NA,NA,NA,NA,NA,NA,NA,NA,NA,NA,NA,NA,NA,NA,NA,NA,NA,NA,NA,NA,NA,NA,NA,NA,NA,NA,NA,NA,NA,NA,NA,NA,NA,NA,NA,NA,NA,NA,NA,NA,NA,NA,NA,NA,NA,NA,NA,NA,NA,NA
"Konza4","","LabBlank","S9PI",20240621,"10/10/2024","Lampman","LabBlankA","11A","A",38,1,0,1,0,NA,NA,"LabBlankA","K4_A",NA,NA,NA,NA,NA,NA,NA,2.3,0.9,1.4,0,0.1,0.1,4.895625,3.089375,0,0,0,0,1,NA,NA,NA,NA,NA,NA,NA,NA,NA,NA,NA,NA,NA,NA,NA,NA,NA,NA,NA,NA,NA,NA,NA,NA,NA,NA,NA,NA,NA,NA,NA,NA,NA,NA,NA,NA,NA,NA,NA,NA,NA,NA,NA,NA,NA,NA,NA,NA,NA,NA,NA,NA,NA,NA,NA
"Konza4","","LabBlank","S9PI",20240621,"10/10/2024","Lampman","LabBlankA","11A","A",39,0,0,0,0,NA,NA,"LabBlankA","K4_A",NA,NA,NA,NA,NA,NA,NA,2.3,0.9,1.4,0,0,0,3.12625,1.60125,0,0,0,0,NA,NA,NA,NA,NA,NA,NA,NA,NA,NA,NA,NA,NA,NA,NA,NA,NA,NA,NA,NA,NA,NA,NA,NA,NA,NA,NA,NA,NA,NA,NA,NA,NA,NA,NA,NA,NA,NA,NA,NA,NA,NA,NA,NA,NA,NA,NA,NA,NA,NA,NA,NA,NA,NA,NA,NA
"Konza4","","LabBlank","S9PI",20240621,"10/10/2024","Lampman","LabBlankA","11A","A",40,4,0,4,0,NA,NA,"LabBlankA","K4_A",NA,NA,NA,NA,NA,NA,NA,2.3,0.9,1.4,0,3.1,3.1,4.895625,3.089375,0,0.910625,0.910625,0,1,NA,NA,NA,NA,NA,NA,NA,NA,NA,NA,NA,NA,NA,NA,NA,NA,NA,NA,NA,NA,NA,NA,NA,NA,NA,NA,NA,NA,NA,NA,NA,NA,NA,NA,NA,NA,NA,NA,NA,NA,NA,NA,NA,NA,NA,NA,NA,NA,NA,NA,NA,NA,NA,NA,NA
"Konza4","","LabBlank","S9PI",20240703,"10/10/2024","Lampman","LabBlankA","12A,13A,14A","A",1,2,0,2,0,NA,NA,"LabBlankA","K4_B",NA,NA,NA,NA,NA,NA,NA,2.1375,1.5375,0.6,0,0.4625,0.4625,2.96375,2.23875,0,0,0,0,1,NA,NA,NA,NA,NA,NA,NA,NA,NA,NA,NA,NA,NA,NA,NA,NA,NA,NA,NA,NA,NA,NA,NA,NA,NA,NA,NA,NA,NA,NA,NA,NA,NA,NA,NA,NA,NA,NA,NA,NA,NA,NA,NA,NA,NA,NA,NA,NA,NA,NA,NA,NA,NA,NA,NA
"Konza4","","LabBlank","S9PI",20240703,"10/10/2024","Lampman","LabBlankA","12A,13A,14A","A",2,1,1,2,0,NA,NA,"LabBlankA","K4_B",NA,NA,NA,NA,NA,NA,NA,2.1375,1.5375,0.6,0.4,0,0.4,4.733125,3.726875,0,0,0,0,0.5,NA,NA,NA,NA,NA,NA,NA,NA,NA,NA,NA,NA,NA,NA,NA,NA,NA,NA,NA,NA,NA,NA,NA,NA,NA,NA,NA,NA,NA,NA,NA,NA,NA,NA,NA,NA,NA,NA,NA,NA,NA,NA,NA,NA,NA,NA,NA,NA,NA,NA,NA,NA,NA,NA,NA
"Konza4","","LabBlank","S9PI",20240703,"10/10/2024","Lampman","LabBlankA","12A,13A,14A","A",3,2,0,2,0,NA,NA,"LabBlankA","K4_B",NA,NA,NA,NA,NA,NA,NA,2.1375,1.5375,0.6,0,0.4625,0.4625,2.96375,2.23875,0,0,0,0,1,NA,NA,NA,NA,NA,NA,NA,NA,NA,NA,NA,NA,NA,NA,NA,NA,NA,NA,NA,NA,NA,NA,NA,NA,NA,NA,NA,NA,NA,NA,NA,NA,NA,NA,NA,NA,NA,NA,NA,NA,NA,NA,NA,NA,NA,NA,NA,NA,NA,NA,NA,NA,NA,NA,NA
"Konza4","","LabBlank","S9PI",20240703,"10/10/2024","Lampman","LabBlankA","12A,13A,14A","A",4,2,1,3,0,NA,NA,"LabBlankA","K4_B",NA,NA,NA,NA,NA,NA,NA,2.1375,1.5375,0.6,0.4,0.4625,0.8625,4.733125,3.726875,0,0,0,0,0.666666666666667,NA,NA,NA,NA,NA,NA,NA,NA,NA,NA,NA,NA,NA,NA,NA,NA,NA,NA,NA,NA,NA,NA,NA,NA,NA,NA,NA,NA,NA,NA,NA,NA,NA,NA,NA,NA,NA,NA,NA,NA,NA,NA,NA,NA,NA,NA,NA,NA,NA,NA,NA,NA,NA,NA,NA
"Konza4","","LabBlank","S9PI",20240703,"10/10/2024","Lampman","LabBlankA","12A,13A,14A","A",5,0,0,0,0,NA,NA,"LabBlankA","K4_B",NA,NA,NA,NA,NA,NA,NA,2.1375,1.5375,0.6,0,0,0,2.96375,2.23875,0,0,0,0,NA,NA,NA,NA,NA,NA,NA,NA,NA,NA,NA,NA,NA,NA,NA,NA,NA,NA,NA,NA,NA,NA,NA,NA,NA,NA,NA,NA,NA,NA,NA,NA,NA,NA,NA,NA,NA,NA,NA,NA,NA,NA,NA,NA,NA,NA,NA,NA,NA,NA,NA,NA,NA,NA,NA,NA
"Konza4","","LabBlank","S9PI",20240703,"10/10/2024","Lampman","LabBlankA","12A,13A,14A","A",6,0,1,1,0,NA,NA,"LabBlankA","K4_B",NA,NA,NA,NA,NA,NA,NA,2.1375,1.5375,0.6,0.4,0,0.4,4.733125,3.726875,0,0,0,0,0,NA,NA,NA,NA,NA,NA,NA,NA,NA,NA,NA,NA,NA,NA,NA,NA,NA,NA,NA,NA,NA,NA,NA,NA,NA,NA,NA,NA,NA,NA,NA,NA,NA,NA,NA,NA,NA,NA,NA,NA,NA,NA,NA,NA,NA,NA,NA,NA,NA,NA,NA,NA,NA,NA,NA
"Konza4","","LabBlank","S9PI",20240703,"10/10/2024","Lampman","LabBlankA","12A,13A,14A","A",7,4,0,4,0,NA,NA,"LabBlankA","K4_B",NA,NA,NA,NA,NA,NA,NA,2.1375,1.5375,0.6,0,2.4625,2.4625,2.96375,2.23875,0,1.76125,1.76125,0,1,NA,NA,NA,NA,NA,NA,NA,NA,NA,NA,NA,NA,NA,NA,NA,NA,NA,NA,NA,NA,NA,NA,NA,NA,NA,NA,NA,NA,NA,NA,NA,NA,NA,NA,NA,NA,NA,NA,NA,NA,NA,NA,NA,NA,NA,NA,NA,NA,NA,NA,NA,NA,NA,NA,NA
"Konza4","","LabBlank","S9PI",20240703,"10/10/2024","Lampman","LabBlankA","12A,13A,14A","A",8,0,0,0,0,NA,NA,"LabBlankA","K4_B",NA,NA,NA,NA,NA,NA,NA,2.1375,1.5375,0.6,0,0,0,4.733125,3.726875,0,0,0,0,NA,NA,NA,NA,NA,NA,NA,NA,NA,NA,NA,NA,NA,NA,NA,NA,NA,NA,NA,NA,NA,NA,NA,NA,NA,NA,NA,NA,NA,NA,NA,NA,NA,NA,NA,NA,NA,NA,NA,NA,NA,NA,NA,NA,NA,NA,NA,NA,NA,NA,NA,NA,NA,NA,NA,NA
"Konza4","","LabBlank","S9PI",20240703,"10/10/2024","Lampman","LabBlankA","12A,13A,14A","A",9,1,2,3,0,NA,NA,"LabBlankA","K4_B",NA,NA,NA,NA,NA,NA,NA,2.1375,1.5375,0.6,1.4,0,1.4,2.96375,2.23875,1.275,0,1.275,0,0.333333333333333,NA,NA,NA,NA,NA,NA,NA,NA,NA,NA,NA,NA,NA,NA,NA,NA,NA,NA,NA,NA,NA,NA,NA,NA,NA,NA,NA,NA,NA,NA,NA,NA,NA,NA,NA,NA,NA,NA,NA,NA,NA,NA,NA,NA,NA,NA,NA,NA,NA,NA,NA,NA,NA,NA,NA
"Konza4","","LabBlank","S9PI",20240703,"10/10/2024","Lampman","LabBlankA","12A,13A,14A","A",10,2,0,2,0,NA,NA,"LabBlankA","K4_B",NA,NA,NA,NA,NA,NA,NA,2.1375,1.5375,0.6,0,0.4625,0.4625,4.733125,3.726875,0,0,0,0,1,NA,NA,NA,NA,NA,NA,NA,NA,NA,NA,NA,NA,NA,NA,NA,NA,NA,NA,NA,NA,NA,NA,NA,NA,NA,NA,NA,NA,NA,NA,NA,NA,NA,NA,NA,NA,NA,NA,NA,NA,NA,NA,NA,NA,NA,NA,NA,NA,NA,NA,NA,NA,NA,NA,NA
"Konza4","","LabBlank","S9PI",20240703,"10/10/2024","Lampman","LabBlankA","12A,13A,14A","A",11,1,3,4,0,NA,NA,"LabBlankA","K4_B",NA,NA,NA,NA,NA,NA,NA,2.1375,1.5375,0.6,2.4,0,2.4,2.96375,2.23875,2.275,0,2.275,0,0.25,NA,NA,NA,NA,NA,NA,NA,NA,NA,NA,NA,NA,NA,NA,NA,NA,NA,NA,NA,NA,NA,NA,NA,NA,NA,NA,NA,NA,NA,NA,NA,NA,NA,NA,NA,NA,NA,NA,NA,NA,NA,NA,NA,NA,NA,NA,NA,NA,NA,NA,NA,NA,NA,NA,NA
"Konza4","","LabBlank","S9PI",20240703,"10/10/2024","Lampman","LabBlankA","12A,13A,14A","A",12,2,0,2,0,NA,NA,"LabBlankA","K4_B",NA,NA,NA,NA,NA,NA,NA,2.1375,1.5375,0.6,0,0.4625,0.4625,4.733125,3.726875,0,0,0,0,1,NA,NA,NA,NA,NA,NA,NA,NA,NA,NA,NA,NA,NA,NA,NA,NA,NA,NA,NA,NA,NA,NA,NA,NA,NA,NA,NA,NA,NA,NA,NA,NA,NA,NA,NA,NA,NA,NA,NA,NA,NA,NA,NA,NA,NA,NA,NA,NA,NA,NA,NA,NA,NA,NA,NA
"Konza4","","LabBlank","S9PI",20240703,"10/10/2024","Lampman","LabBlankA","12A,13A,14A","A",13,1,1,2,0,NA,NA,"LabBlankA","K4_B",NA,NA,NA,NA,NA,NA,NA,2.1375,1.5375,0.6,0.4,0,0.4,2.96375,2.23875,0.275,0,0.275,0,0.5,NA,NA,NA,NA,NA,NA,NA,NA,NA,NA,NA,NA,NA,NA,NA,NA,NA,NA,NA,NA,NA,NA,NA,NA,NA,NA,NA,NA,NA,NA,NA,NA,NA,NA,NA,NA,NA,NA,NA,NA,NA,NA,NA,NA,NA,NA,NA,NA,NA,NA,NA,NA,NA,NA,NA
"Konza4","","LabBlank","S9PI",20240703,"10/10/2024","Lampman","LabBlankA","12A,13A,14A","A",14,2,0,2,0,NA,NA,"LabBlankA","K4_B",NA,NA,NA,NA,NA,NA,NA,2.1375,1.5375,0.6,0,0.4625,0.4625,4.733125,3.726875,0,0,0,0,1,NA,NA,NA,NA,NA,NA,NA,NA,NA,NA,NA,NA,NA,NA,NA,NA,NA,NA,NA,NA,NA,NA,NA,NA,NA,NA,NA,NA,NA,NA,NA,NA,NA,NA,NA,NA,NA,NA,NA,NA,NA,NA,NA,NA,NA,NA,NA,NA,NA,NA,NA,NA,NA,NA,NA
"Konza4","","LabBlank","S9PI",20240703,"10/10/2024","Lampman","LabBlankA","12A,13A,14A","A",15,0,1,1,0,NA,NA,"LabBlankA","K4_B",NA,NA,NA,NA,NA,NA,NA,2.1375,1.5375,0.6,0.4,0,0.4,2.96375,2.23875,0.275,0,0.275,0,0,NA,NA,NA,NA,NA,NA,NA,NA,NA,NA,NA,NA,NA,NA,NA,NA,NA,NA,NA,NA,NA,NA,NA,NA,NA,NA,NA,NA,NA,NA,NA,NA,NA,NA,NA,NA,NA,NA,NA,NA,NA,NA,NA,NA,NA,NA,NA,NA,NA,NA,NA,NA,NA,NA,NA
"Konza4","","LabBlank","S9PI",20240703,"10/10/2024","Lampman","LabBlankA","12A,13A,14A","A",16,1,1,2,0,NA,NA,"LabBlankA","K4_B",NA,NA,NA,NA,NA,NA,NA,2.1375,1.5375,0.6,0.4,0,0.4,4.733125,3.726875,0,0,0,0,0.5,NA,NA,NA,NA,NA,NA,NA,NA,NA,NA,NA,NA,NA,NA,NA,NA,NA,NA,NA,NA,NA,NA,NA,NA,NA,NA,NA,NA,NA,NA,NA,NA,NA,NA,NA,NA,NA,NA,NA,NA,NA,NA,NA,NA,NA,NA,NA,NA,NA,NA,NA,NA,NA,NA,NA
"Konza4","","LabBlank","S9PI",20240703,"10/10/2024","Lampman","LabBlankA","12A,13A,14A","A",17,0,0,0,0,NA,NA,"LabBlankA","K4_B",NA,NA,NA,NA,NA,NA,NA,2.1375,1.5375,0.6,0,0,0,2.96375,2.23875,0,0,0,0,NA,NA,NA,NA,NA,NA,NA,NA,NA,NA,NA,NA,NA,NA,NA,NA,NA,NA,NA,NA,NA,NA,NA,NA,NA,NA,NA,NA,NA,NA,NA,NA,NA,NA,NA,NA,NA,NA,NA,NA,NA,NA,NA,NA,NA,NA,NA,NA,NA,NA,NA,NA,NA,NA,NA,NA
"Konza4","","LabBlank","S9PI",20240703,"10/10/2024","Lampman","LabBlankA","12A,13A,14A","A",18,0,0,0,0,NA,NA,"LabBlankA","K4_B",NA,NA,NA,NA,NA,NA,NA,2.1375,1.5375,0.6,0,0,0,4.733125,3.726875,0,0,0,0,NA,NA,NA,NA,NA,NA,NA,NA,NA,NA,NA,NA,NA,NA,NA,NA,NA,NA,NA,NA,NA,NA,NA,NA,NA,NA,NA,NA,NA,NA,NA,NA,NA,NA,NA,NA,NA,NA,NA,NA,NA,NA,NA,NA,NA,NA,NA,NA,NA,NA,NA,NA,NA,NA,NA,NA
"Konza4","","LabBlank","S9PI",20240703,"10/10/2024","Lampman","LabBlankA","12A,13A,14A","A",19,2,0,2,0,NA,NA,"LabBlankA","K4_B",NA,NA,NA,NA,NA,NA,NA,2.1375,1.5375,0.6,0,0.4625,0.4625,2.96375,2.23875,0,0,0,0,1,NA,NA,NA,NA,NA,NA,NA,NA,NA,NA,NA,NA,NA,NA,NA,NA,NA,NA,NA,NA,NA,NA,NA,NA,NA,NA,NA,NA,NA,NA,NA,NA,NA,NA,NA,NA,NA,NA,NA,NA,NA,NA,NA,NA,NA,NA,NA,NA,NA,NA,NA,NA,NA,NA,NA
"Konza4","","LabBlank","S9PI",20240703,"10/10/2024","Lampman","LabBlankA","12A,13A,14A","A",20,2,0,2,0,NA,NA,"LabBlankA","K4_B",NA,NA,NA,NA,NA,NA,NA,2.1375,1.5375,0.6,0,0.4625,0.4625,4.733125,3.726875,0,0,0,0,1,NA,NA,NA,NA,NA,NA,NA,NA,NA,NA,NA,NA,NA,NA,NA,NA,NA,NA,NA,NA,NA,NA,NA,NA,NA,NA,NA,NA,NA,NA,NA,NA,NA,NA,NA,NA,NA,NA,NA,NA,NA,NA,NA,NA,NA,NA,NA,NA,NA,NA,NA,NA,NA,NA,NA
"Konza4","","LabBlank","S9PI",20240703,"10/10/2024","Lampman","LabBlankA","12A,13A,14A","A",21,0,2,2,0,NA,NA,"LabBlankA","K4_B",NA,NA,NA,NA,NA,NA,NA,2.1375,1.5375,0.6,1.4,0,1.4,2.96375,2.23875,1.275,0,1.275,0,0,NA,NA,NA,NA,NA,NA,NA,NA,NA,NA,NA,NA,NA,NA,NA,NA,NA,NA,NA,NA,NA,NA,NA,NA,NA,NA,NA,NA,NA,NA,NA,NA,NA,NA,NA,NA,NA,NA,NA,NA,NA,NA,NA,NA,NA,NA,NA,NA,NA,NA,NA,NA,NA,NA,NA
"Konza4","","LabBlank","S9PI",20240703,"10/10/2024","Lampman","LabBlankA","12A,13A,14A","A",22,0,1,1,0,NA,NA,"LabBlankA","K4_B",NA,NA,NA,NA,NA,NA,NA,2.1375,1.5375,0.6,0.4,0,0.4,4.733125,3.726875,0,0,0,0,0,NA,NA,NA,NA,NA,NA,NA,NA,NA,NA,NA,NA,NA,NA,NA,NA,NA,NA,NA,NA,NA,NA,NA,NA,NA,NA,NA,NA,NA,NA,NA,NA,NA,NA,NA,NA,NA,NA,NA,NA,NA,NA,NA,NA,NA,NA,NA,NA,NA,NA,NA,NA,NA,NA,NA
"Konza4","","LabBlank","S9PI",20240703,"10/10/2024","Lampman","LabBlankA","12A,13A,14A","A",23,3,0,3,0,NA,NA,"LabBlankA","K4_B",NA,NA,NA,NA,NA,NA,NA,2.1375,1.5375,0.6,0,1.4625,1.4625,2.96375,2.23875,0,0.76125,0.76125,0,1,NA,NA,NA,NA,NA,NA,NA,NA,NA,NA,NA,NA,NA,NA,NA,NA,NA,NA,NA,NA,NA,NA,NA,NA,NA,NA,NA,NA,NA,NA,NA,NA,NA,NA,NA,NA,NA,NA,NA,NA,NA,NA,NA,NA,NA,NA,NA,NA,NA,NA,NA,NA,NA,NA,NA
"Konza4","","LabBlank","S9PI",20240703,"10/10/2024","Lampman","LabBlankA","12A,13A,14A","A",24,0,0,0,0,NA,NA,"LabBlankA","K4_B",NA,NA,NA,NA,NA,NA,NA,2.1375,1.5375,0.6,0,0,0,4.733125,3.726875,0,0,0,0,NA,NA,NA,NA,NA,NA,NA,NA,NA,NA,NA,NA,NA,NA,NA,NA,NA,NA,NA,NA,NA,NA,NA,NA,NA,NA,NA,NA,NA,NA,NA,NA,NA,NA,NA,NA,NA,NA,NA,NA,NA,NA,NA,NA,NA,NA,NA,NA,NA,NA,NA,NA,NA,NA,NA,NA
"Konza4","","LabBlank","S9PI",20240703,"10/10/2024","Lampman","LabBlankA","12A,13A,14A","A",25,1,0,1,0,NA,NA,"LabBlankA","K4_B",NA,NA,NA,NA,NA,NA,NA,2.1375,1.5375,0.6,0,0,0,2.96375,2.23875,0,0,0,0,1,NA,NA,NA,NA,NA,NA,NA,NA,NA,NA,NA,NA,NA,NA,NA,NA,NA,NA,NA,NA,NA,NA,NA,NA,NA,NA,NA,NA,NA,NA,NA,NA,NA,NA,NA,NA,NA,NA,NA,NA,NA,NA,NA,NA,NA,NA,NA,NA,NA,NA,NA,NA,NA,NA,NA
"Konza4","","LabBlank","S9PI",20240703,"10/10/2024","Lampman","LabBlankA","12A,13A,14A","A",26,0,1,1,0,NA,NA,"LabBlankA","K4_B",NA,NA,NA,NA,NA,NA,NA,2.1375,1.5375,0.6,0.4,0,0.4,4.733125,3.726875,0,0,0,0,0,NA,NA,NA,NA,NA,NA,NA,NA,NA,NA,NA,NA,NA,NA,NA,NA,NA,NA,NA,NA,NA,NA,NA,NA,NA,NA,NA,NA,NA,NA,NA,NA,NA,NA,NA,NA,NA,NA,NA,NA,NA,NA,NA,NA,NA,NA,NA,NA,NA,NA,NA,NA,NA,NA,NA
"Konza4","","LabBlank","S9PI",20240703,"10/10/2024","Lampman","LabBlankA","12A,13A,14A","A",27,0,1,1,0,NA,NA,"LabBlankA","K4_B",NA,NA,NA,NA,NA,NA,NA,2.1375,1.5375,0.6,0.4,0,0.4,2.96375,2.23875,0.275,0,0.275,0,0,NA,NA,NA,NA,NA,NA,NA,NA,NA,NA,NA,NA,NA,NA,NA,NA,NA,NA,NA,NA,NA,NA,NA,NA,NA,NA,NA,NA,NA,NA,NA,NA,NA,NA,NA,NA,NA,NA,NA,NA,NA,NA,NA,NA,NA,NA,NA,NA,NA,NA,NA,NA,NA,NA,NA
"Konza4","","LabBlank","S9PI",20240703,"10/10/2024","Lampman","LabBlankA","12A,13A,14A","A",28,2,0,2,0,NA,NA,"LabBlankA","K4_B",NA,NA,NA,NA,NA,NA,NA,2.1375,1.5375,0.6,0,0.4625,0.4625,4.733125,3.726875,0,0,0,0,1,NA,NA,NA,NA,NA,NA,NA,NA,NA,NA,NA,NA,NA,NA,NA,NA,NA,NA,NA,NA,NA,NA,NA,NA,NA,NA,NA,NA,NA,NA,NA,NA,NA,NA,NA,NA,NA,NA,NA,NA,NA,NA,NA,NA,NA,NA,NA,NA,NA,NA,NA,NA,NA,NA,NA
"Konza4","","LabBlank","S9PI",20240703,"10/10/2024","Lampman","LabBlankA","12A,13A,14A","A",29,0,1,1,0,NA,NA,"LabBlankA","K4_B",NA,NA,NA,NA,NA,NA,NA,2.1375,1.5375,0.6,0.4,0,0.4,2.96375,2.23875,0.275,0,0.275,0,0,NA,NA,NA,NA,NA,NA,NA,NA,NA,NA,NA,NA,NA,NA,NA,NA,NA,NA,NA,NA,NA,NA,NA,NA,NA,NA,NA,NA,NA,NA,NA,NA,NA,NA,NA,NA,NA,NA,NA,NA,NA,NA,NA,NA,NA,NA,NA,NA,NA,NA,NA,NA,NA,NA,NA
"Konza4","","LabBlank","S9PI",20240703,"10/10/2024","Lampman","LabBlankA","12A,13A,14A","A",30,0,0,0,0,NA,NA,"LabBlankA","K4_B",NA,NA,NA,NA,NA,NA,NA,2.1375,1.5375,0.6,0,0,0,4.733125,3.726875,0,0,0,0,NA,NA,NA,NA,NA,NA,NA,NA,NA,NA,NA,NA,NA,NA,NA,NA,NA,NA,NA,NA,NA,NA,NA,NA,NA,NA,NA,NA,NA,NA,NA,NA,NA,NA,NA,NA,NA,NA,NA,NA,NA,NA,NA,NA,NA,NA,NA,NA,NA,NA,NA,NA,NA,NA,NA,NA
"Konza4","","LabBlank","S9PI",20240703,"10/10/2024","Lampman","LabBlankA","12A,13A,14A","A",31,0,1,1,0,NA,NA,"LabBlankA","K4_B",NA,NA,NA,NA,NA,NA,NA,2.1375,1.5375,0.6,0.4,0,0.4,2.96375,2.23875,0.275,0,0.275,0,0,NA,NA,NA,NA,NA,NA,NA,NA,NA,NA,NA,NA,NA,NA,NA,NA,NA,NA,NA,NA,NA,NA,NA,NA,NA,NA,NA,NA,NA,NA,NA,NA,NA,NA,NA,NA,NA,NA,NA,NA,NA,NA,NA,NA,NA,NA,NA,NA,NA,NA,NA,NA,NA,NA,NA
"Konza4","","LabBlank","S9PI",20240703,"10/10/2024","Lampman","LabBlankA","12A,13A,14A","A",32,3,0,3,0,NA,NA,"LabBlankA","K4_B",NA,NA,NA,NA,NA,NA,NA,2.1375,1.5375,0.6,0,1.4625,1.4625,4.733125,3.726875,0,0,0,0,1,NA,NA,NA,NA,NA,NA,NA,NA,NA,NA,NA,NA,NA,NA,NA,NA,NA,NA,NA,NA,NA,NA,NA,NA,NA,NA,NA,NA,NA,NA,NA,NA,NA,NA,NA,NA,NA,NA,NA,NA,NA,NA,NA,NA,NA,NA,NA,NA,NA,NA,NA,NA,NA,NA,NA
"Konza4","","LabBlank","S9PI",20240703,"10/10/2024","Lampman","LabBlankA","12A,13A,14A","A",33,0,3,3,0,NA,NA,"LabBlankA","K4_B",NA,NA,NA,NA,NA,NA,NA,2.1375,1.5375,0.6,2.4,0,2.4,2.96375,2.23875,2.275,0,2.275,0,0,NA,NA,NA,NA,NA,NA,NA,NA,NA,NA,NA,NA,NA,NA,NA,NA,NA,NA,NA,NA,NA,NA,NA,NA,NA,NA,NA,NA,NA,NA,NA,NA,NA,NA,NA,NA,NA,NA,NA,NA,NA,NA,NA,NA,NA,NA,NA,NA,NA,NA,NA,NA,NA,NA,NA
"Konza4","","LabBlank","S9PI",20240703,"10/10/2024","Lampman","LabBlankA","12A,13A,14A","A",34,1,0,1,0,NA,NA,"LabBlankA","K4_B",NA,NA,NA,NA,NA,NA,NA,2.1375,1.5375,0.6,0,0,0,4.733125,3.726875,0,0,0,0,1,NA,NA,NA,NA,NA,NA,NA,NA,NA,NA,NA,NA,NA,NA,NA,NA,NA,NA,NA,NA,NA,NA,NA,NA,NA,NA,NA,NA,NA,NA,NA,NA,NA,NA,NA,NA,NA,NA,NA,NA,NA,NA,NA,NA,NA,NA,NA,NA,NA,NA,NA,NA,NA,NA,NA
"Konza4","","LabBlank","S9PI",20240703,"10/10/2024","Lampman","LabBlankA","12A,13A,14A","A",35,1,0,1,0,NA,NA,"LabBlankA","K4_B",NA,NA,NA,NA,NA,NA,NA,2.1375,1.5375,0.6,0,0,0,2.96375,2.23875,0,0,0,0,1,NA,NA,NA,NA,NA,NA,NA,NA,NA,NA,NA,NA,NA,NA,NA,NA,NA,NA,NA,NA,NA,NA,NA,NA,NA,NA,NA,NA,NA,NA,NA,NA,NA,NA,NA,NA,NA,NA,NA,NA,NA,NA,NA,NA,NA,NA,NA,NA,NA,NA,NA,NA,NA,NA,NA
"Konza4","","LabBlank","S9PI",20240703,"10/10/2024","Lampman","LabBlankA","12A,13A,14A","A",36,6,0,6,0,NA,NA,"LabBlankA","K4_B",NA,NA,NA,NA,NA,NA,NA,2.1375,1.5375,0.6,0,4.4625,4.4625,4.733125,3.726875,0,2.273125,2.273125,0,1,NA,NA,NA,NA,NA,NA,NA,NA,NA,NA,NA,NA,NA,NA,NA,NA,NA,NA,NA,NA,NA,NA,NA,NA,NA,NA,NA,NA,NA,NA,NA,NA,NA,NA,NA,NA,NA,NA,NA,NA,NA,NA,NA,NA,NA,NA,NA,NA,NA,NA,NA,NA,NA,NA,NA
"Konza4","","LabBlank","S9PI",20240703,"10/10/2024","Lampman","LabBlankA","12A,13A,14A","A",37,0,0,0,0,NA,NA,"LabBlankA","K4_B",NA,NA,NA,NA,NA,NA,NA,2.1375,1.5375,0.6,0,0,0,2.96375,2.23875,0,0,0,0,NA,NA,NA,NA,NA,NA,NA,NA,NA,NA,NA,NA,NA,NA,NA,NA,NA,NA,NA,NA,NA,NA,NA,NA,NA,NA,NA,NA,NA,NA,NA,NA,NA,NA,NA,NA,NA,NA,NA,NA,NA,NA,NA,NA,NA,NA,NA,NA,NA,NA,NA,NA,NA,NA,NA,NA
"Konza4","","LabBlank","S9PI",20240703,"10/10/2024","Lampman","LabBlankA","12A,13A,14A","A",38,0,0,0,0,NA,NA,"LabBlankA","K4_B",NA,NA,NA,NA,NA,NA,NA,2.1375,1.5375,0.6,0,0,0,4.733125,3.726875,0,0,0,0,NA,NA,NA,NA,NA,NA,NA,NA,NA,NA,NA,NA,NA,NA,NA,NA,NA,NA,NA,NA,NA,NA,NA,NA,NA,NA,NA,NA,NA,NA,NA,NA,NA,NA,NA,NA,NA,NA,NA,NA,NA,NA,NA,NA,NA,NA,NA,NA,NA,NA,NA,NA,NA,NA,NA,NA
"Konza4","","LabBlank","S9PI",20240703,"10/10/2024","Lampman","LabBlankA","12A,13A,14A","A",39,3,0,3,0,NA,NA,"LabBlankA","K4_B",NA,NA,NA,NA,NA,NA,NA,2.1375,1.5375,0.6,0,1.4625,1.4625,2.96375,2.23875,0,0.76125,0.76125,0,1,NA,NA,NA,NA,NA,NA,NA,NA,NA,NA,NA,NA,NA,NA,NA,NA,NA,NA,NA,NA,NA,NA,NA,NA,NA,NA,NA,NA,NA,NA,NA,NA,NA,NA,NA,NA,NA,NA,NA,NA,NA,NA,NA,NA,NA,NA,NA,NA,NA,NA,NA,NA,NA,NA,NA
"Konza4","","LabBlank","S9PI",20240703,"10/10/2024","Lampman","LabBlankA","12A,13A,14A","A",40,1,0,1,0,NA,NA,"LabBlankA","K4_B",NA,NA,NA,NA,NA,NA,NA,2.1375,1.5375,0.6,0,0,0,4.733125,3.726875,0,0,0,0,1,NA,NA,NA,NA,NA,NA,NA,NA,NA,NA,NA,NA,NA,NA,NA,NA,NA,NA,NA,NA,NA,NA,NA,NA,NA,NA,NA,NA,NA,NA,NA,NA,NA,NA,NA,NA,NA,NA,NA,NA,NA,NA,NA,NA,NA,NA,NA,NA,NA,NA,NA,NA,NA,NA,NA
"Konza4","","LabBlank","S9PI",20240703,"10/10/2024","Lampman","LabBlankD","12A,13A,14A","D",1,1,3,4,0,NA,NA,"LabBlankD","K4_B",NA,NA,NA,NA,NA,NA,NA,2.1375,1.5375,0.6,2.4,0,2.4,2.96375,2.23875,2.275,0,2.275,0,0.25,NA,NA,NA,NA,NA,NA,NA,NA,NA,NA,NA,NA,NA,NA,NA,NA,NA,NA,NA,NA,NA,NA,NA,NA,NA,NA,NA,NA,NA,NA,NA,NA,NA,NA,NA,NA,NA,NA,NA,NA,NA,NA,NA,NA,NA,NA,NA,NA,NA,NA,NA,NA,NA,NA,NA
"Konza4","","LabBlank","S9PI",20240703,"10/10/2024","Lampman","LabBlankD","12A,13A,14A","D",2,4,1,5,0,NA,NA,"LabBlankD","K4_B",NA,NA,NA,NA,NA,NA,NA,2.1375,1.5375,0.6,0.4,2.4625,2.8625,4.733125,3.726875,0,0.273125,0.273125,0,0.8,NA,NA,NA,NA,NA,NA,NA,NA,NA,NA,NA,NA,NA,NA,NA,NA,NA,NA,NA,NA,NA,NA,NA,NA,NA,NA,NA,NA,NA,NA,NA,NA,NA,NA,NA,NA,NA,NA,NA,NA,NA,NA,NA,NA,NA,NA,NA,NA,NA,NA,NA,NA,NA,NA,NA
"Konza4","","LabBlank","S9PI",20240703,"10/10/2024","Lampman","LabBlankD","12A,13A,14A","D",3,1,0,1,0,NA,NA,"LabBlankD","K4_B",NA,NA,NA,NA,NA,NA,NA,2.1375,1.5375,0.6,0,0,0,2.96375,2.23875,0,0,0,0,1,NA,NA,NA,NA,NA,NA,NA,NA,NA,NA,NA,NA,NA,NA,NA,NA,NA,NA,NA,NA,NA,NA,NA,NA,NA,NA,NA,NA,NA,NA,NA,NA,NA,NA,NA,NA,NA,NA,NA,NA,NA,NA,NA,NA,NA,NA,NA,NA,NA,NA,NA,NA,NA,NA,NA
"Konza4","","LabBlank","S9PI",20240703,"10/10/2024","Lampman","LabBlankD","12A,13A,14A","D",4,1,1,2,0,NA,NA,"LabBlankD","K4_B",NA,NA,NA,NA,NA,NA,NA,2.1375,1.5375,0.6,0.4,0,0.4,4.733125,3.726875,0,0,0,0,0.5,NA,NA,NA,NA,NA,NA,NA,NA,NA,NA,NA,NA,NA,NA,NA,NA,NA,NA,NA,NA,NA,NA,NA,NA,NA,NA,NA,NA,NA,NA,NA,NA,NA,NA,NA,NA,NA,NA,NA,NA,NA,NA,NA,NA,NA,NA,NA,NA,NA,NA,NA,NA,NA,NA,NA
"Konza4","","LabBlank","S9PI",20240703,"10/10/2024","Lampman","LabBlankD","12A,13A,14A","D",5,4,2,6,0,NA,NA,"LabBlankD","K4_B",NA,NA,NA,NA,NA,NA,NA,2.1375,1.5375,0.6,1.4,2.4625,3.8625,2.96375,2.23875,1.275,1.76125,3.03625,0,0.666666666666667,NA,NA,NA,NA,NA,NA,NA,NA,NA,NA,NA,NA,NA,NA,NA,NA,NA,NA,NA,NA,NA,NA,NA,NA,NA,NA,NA,NA,NA,NA,NA,NA,NA,NA,NA,NA,NA,NA,NA,NA,NA,NA,NA,NA,NA,NA,NA,NA,NA,NA,NA,NA,NA,NA,NA
"Konza4","","LabBlank","S9PI",20240703,"10/10/2024","Lampman","LabBlankD","12A,13A,14A","D",6,4,0,4,0,NA,NA,"LabBlankD","K4_B",NA,NA,NA,NA,NA,NA,NA,2.1375,1.5375,0.6,0,2.4625,2.4625,4.733125,3.726875,0,0.273125,0.273125,0,1,NA,NA,NA,NA,NA,NA,NA,NA,NA,NA,NA,NA,NA,NA,NA,NA,NA,NA,NA,NA,NA,NA,NA,NA,NA,NA,NA,NA,NA,NA,NA,NA,NA,NA,NA,NA,NA,NA,NA,NA,NA,NA,NA,NA,NA,NA,NA,NA,NA,NA,NA,NA,NA,NA,NA
"Konza4","","LabBlank","S9PI",20240703,"10/10/2024","Lampman","LabBlankD","12A,13A,14A","D",7,1,1,2,0,NA,NA,"LabBlankD","K4_B",NA,NA,NA,NA,NA,NA,NA,2.1375,1.5375,0.6,0.4,0,0.4,2.96375,2.23875,0.275,0,0.275,0,0.5,NA,NA,NA,NA,NA,NA,NA,NA,NA,NA,NA,NA,NA,NA,NA,NA,NA,NA,NA,NA,NA,NA,NA,NA,NA,NA,NA,NA,NA,NA,NA,NA,NA,NA,NA,NA,NA,NA,NA,NA,NA,NA,NA,NA,NA,NA,NA,NA,NA,NA,NA,NA,NA,NA,NA
"Konza4","","LabBlank","S9PI",20240703,"10/10/2024","Lampman","LabBlankD","12A,13A,14A","D",8,4,2,6,0,NA,NA,"LabBlankD","K4_B",NA,NA,NA,NA,NA,NA,NA,2.1375,1.5375,0.6,1.4,2.4625,3.8625,4.733125,3.726875,0.99375,0.273125,1.266875,0,0.666666666666667,NA,NA,NA,NA,NA,NA,NA,NA,NA,NA,NA,NA,NA,NA,NA,NA,NA,NA,NA,NA,NA,NA,NA,NA,NA,NA,NA,NA,NA,NA,NA,NA,NA,NA,NA,NA,NA,NA,NA,NA,NA,NA,NA,NA,NA,NA,NA,NA,NA,NA,NA,NA,NA,NA,NA
"Konza4","","LabBlank","S9PI",20240703,"10/10/2024","Lampman","LabBlankD","12A,13A,14A","D",9,3,1,4,0,NA,NA,"LabBlankD","K4_B",NA,NA,NA,NA,NA,NA,NA,2.1375,1.5375,0.6,0.4,1.4625,1.8625,2.96375,2.23875,0.275,0.76125,1.03625,0,0.75,NA,NA,NA,NA,NA,NA,NA,NA,NA,NA,NA,NA,NA,NA,NA,NA,NA,NA,NA,NA,NA,NA,NA,NA,NA,NA,NA,NA,NA,NA,NA,NA,NA,NA,NA,NA,NA,NA,NA,NA,NA,NA,NA,NA,NA,NA,NA,NA,NA,NA,NA,NA,NA,NA,NA
"Konza4","","LabBlank","S9PI",20240703,"10/10/2024","Lampman","LabBlankD","12A,13A,14A","D",10,2,0,2,0,NA,NA,"LabBlankD","K4_B",NA,NA,NA,NA,NA,NA,NA,2.1375,1.5375,0.6,0,0.4625,0.4625,4.733125,3.726875,0,0,0,0,1,NA,NA,NA,NA,NA,NA,NA,NA,NA,NA,NA,NA,NA,NA,NA,NA,NA,NA,NA,NA,NA,NA,NA,NA,NA,NA,NA,NA,NA,NA,NA,NA,NA,NA,NA,NA,NA,NA,NA,NA,NA,NA,NA,NA,NA,NA,NA,NA,NA,NA,NA,NA,NA,NA,NA
"Konza4","","LabBlank","S9PI",20240703,"10/10/2024","Lampman","LabBlankD","12A,13A,14A","D",11,0,0,0,0,NA,NA,"LabBlankD","K4_B",NA,NA,NA,NA,NA,NA,NA,2.1375,1.5375,0.6,0,0,0,2.96375,2.23875,0,0,0,0,NA,NA,NA,NA,NA,NA,NA,NA,NA,NA,NA,NA,NA,NA,NA,NA,NA,NA,NA,NA,NA,NA,NA,NA,NA,NA,NA,NA,NA,NA,NA,NA,NA,NA,NA,NA,NA,NA,NA,NA,NA,NA,NA,NA,NA,NA,NA,NA,NA,NA,NA,NA,NA,NA,NA,NA
"Konza4","","LabBlank","S9PI",20240703,"10/10/2024","Lampman","LabBlankD","12A,13A,14A","D",12,3,0,3,0,NA,NA,"LabBlankD","K4_B",NA,NA,NA,NA,NA,NA,NA,2.1375,1.5375,0.6,0,1.4625,1.4625,4.733125,3.726875,0,0,0,0,1,NA,NA,NA,NA,NA,NA,NA,NA,NA,NA,NA,NA,NA,NA,NA,NA,NA,NA,NA,NA,NA,NA,NA,NA,NA,NA,NA,NA,NA,NA,NA,NA,NA,NA,NA,NA,NA,NA,NA,NA,NA,NA,NA,NA,NA,NA,NA,NA,NA,NA,NA,NA,NA,NA,NA
"Konza4","","LabBlank","S9PI",20240703,"10/10/2024","Lampman","LabBlankD","12A,13A,14A","D",13,3,0,3,0,NA,NA,"LabBlankD","K4_B",NA,NA,NA,NA,NA,NA,NA,2.1375,1.5375,0.6,0,1.4625,1.4625,2.96375,2.23875,0,0.76125,0.76125,0,1,NA,NA,NA,NA,NA,NA,NA,NA,NA,NA,NA,NA,NA,NA,NA,NA,NA,NA,NA,NA,NA,NA,NA,NA,NA,NA,NA,NA,NA,NA,NA,NA,NA,NA,NA,NA,NA,NA,NA,NA,NA,NA,NA,NA,NA,NA,NA,NA,NA,NA,NA,NA,NA,NA,NA
"Konza4","","LabBlank","S9PI",20240703,"10/10/2024","Lampman","LabBlankD","12A,13A,14A","D",14,0,0,0,0,NA,NA,"LabBlankD","K4_B",NA,NA,NA,NA,NA,NA,NA,2.1375,1.5375,0.6,0,0,0,4.733125,3.726875,0,0,0,0,NA,NA,NA,NA,NA,NA,NA,NA,NA,NA,NA,NA,NA,NA,NA,NA,NA,NA,NA,NA,NA,NA,NA,NA,NA,NA,NA,NA,NA,NA,NA,NA,NA,NA,NA,NA,NA,NA,NA,NA,NA,NA,NA,NA,NA,NA,NA,NA,NA,NA,NA,NA,NA,NA,NA,NA
"Konza4","","LabBlank","S9PI",20240703,"10/10/2024","Lampman","LabBlankD","12A,13A,14A","D",15,2,1,3,0,NA,NA,"LabBlankD","K4_B",NA,NA,NA,NA,NA,NA,NA,2.1375,1.5375,0.6,0.4,0.4625,0.8625,2.96375,2.23875,0.275,0,0.275,0,0.666666666666667,NA,NA,NA,NA,NA,NA,NA,NA,NA,NA,NA,NA,NA,NA,NA,NA,NA,NA,NA,NA,NA,NA,NA,NA,NA,NA,NA,NA,NA,NA,NA,NA,NA,NA,NA,NA,NA,NA,NA,NA,NA,NA,NA,NA,NA,NA,NA,NA,NA,NA,NA,NA,NA,NA,NA
"Konza4","","LabBlank","S9PI",20240703,"10/10/2024","Lampman","LabBlankD","12A,13A,14A","D",16,0,0,0,0,NA,NA,"LabBlankD","K4_B",NA,NA,NA,NA,NA,NA,NA,2.1375,1.5375,0.6,0,0,0,4.733125,3.726875,0,0,0,0,NA,NA,NA,NA,NA,NA,NA,NA,NA,NA,NA,NA,NA,NA,NA,NA,NA,NA,NA,NA,NA,NA,NA,NA,NA,NA,NA,NA,NA,NA,NA,NA,NA,NA,NA,NA,NA,NA,NA,NA,NA,NA,NA,NA,NA,NA,NA,NA,NA,NA,NA,NA,NA,NA,NA,NA
"Konza4","","LabBlank","S9PI",20240703,"10/10/2024","Lampman","LabBlankD","12A,13A,14A","D",17,2,0,2,0,NA,NA,"LabBlankD","K4_B",NA,NA,NA,NA,NA,NA,NA,2.1375,1.5375,0.6,0,0.4625,0.4625,2.96375,2.23875,0,0,0,0,1,NA,NA,NA,NA,NA,NA,NA,NA,NA,NA,NA,NA,NA,NA,NA,NA,NA,NA,NA,NA,NA,NA,NA,NA,NA,NA,NA,NA,NA,NA,NA,NA,NA,NA,NA,NA,NA,NA,NA,NA,NA,NA,NA,NA,NA,NA,NA,NA,NA,NA,NA,NA,NA,NA,NA
"Konza4","","LabBlank","S9PI",20240703,"10/10/2024","Lampman","LabBlankD","12A,13A,14A","D",18,1,0,1,0,NA,NA,"LabBlankD","K4_B",NA,NA,NA,NA,NA,NA,NA,2.1375,1.5375,0.6,0,0,0,4.733125,3.726875,0,0,0,0,1,NA,NA,NA,NA,NA,NA,NA,NA,NA,NA,NA,NA,NA,NA,NA,NA,NA,NA,NA,NA,NA,NA,NA,NA,NA,NA,NA,NA,NA,NA,NA,NA,NA,NA,NA,NA,NA,NA,NA,NA,NA,NA,NA,NA,NA,NA,NA,NA,NA,NA,NA,NA,NA,NA,NA
"Konza4","","LabBlank","S9PI",20240703,"10/10/2024","Lampman","LabBlankD","12A,13A,14A","D",19,1,1,2,0,NA,NA,"LabBlankD","K4_B",NA,NA,NA,NA,NA,NA,NA,2.1375,1.5375,0.6,0.4,0,0.4,2.96375,2.23875,0.275,0,0.275,0,0.5,NA,NA,NA,NA,NA,NA,NA,NA,NA,NA,NA,NA,NA,NA,NA,NA,NA,NA,NA,NA,NA,NA,NA,NA,NA,NA,NA,NA,NA,NA,NA,NA,NA,NA,NA,NA,NA,NA,NA,NA,NA,NA,NA,NA,NA,NA,NA,NA,NA,NA,NA,NA,NA,NA,NA
"Konza4","","LabBlank","S9PI",20240703,"10/10/2024","Lampman","LabBlankD","12A,13A,14A","D",20,2,0,2,0,NA,NA,"LabBlankD","K4_B",NA,NA,NA,NA,NA,NA,NA,2.1375,1.5375,0.6,0,0.4625,0.4625,4.733125,3.726875,0,0,0,0,1,NA,NA,NA,NA,NA,NA,NA,NA,NA,NA,NA,NA,NA,NA,NA,NA,NA,NA,NA,NA,NA,NA,NA,NA,NA,NA,NA,NA,NA,NA,NA,NA,NA,NA,NA,NA,NA,NA,NA,NA,NA,NA,NA,NA,NA,NA,NA,NA,NA,NA,NA,NA,NA,NA,NA
"Konza4","","LabBlank","S9PI",20240703,"10/10/2024","Lampman","LabBlankD","12A,13A,14A","D",21,0,0,0,0,NA,NA,"LabBlankD","K4_B",NA,NA,NA,NA,NA,NA,NA,2.1375,1.5375,0.6,0,0,0,2.96375,2.23875,0,0,0,0,NA,NA,NA,NA,NA,NA,NA,NA,NA,NA,NA,NA,NA,NA,NA,NA,NA,NA,NA,NA,NA,NA,NA,NA,NA,NA,NA,NA,NA,NA,NA,NA,NA,NA,NA,NA,NA,NA,NA,NA,NA,NA,NA,NA,NA,NA,NA,NA,NA,NA,NA,NA,NA,NA,NA,NA
"Konza4","","LabBlank","S9PI",20240703,"10/10/2024","Lampman","LabBlankD","12A,13A,14A","D",22,0,0,0,0,NA,NA,"LabBlankD","K4_B",NA,NA,NA,NA,NA,NA,NA,2.1375,1.5375,0.6,0,0,0,4.733125,3.726875,0,0,0,0,NA,NA,NA,NA,NA,NA,NA,NA,NA,NA,NA,NA,NA,NA,NA,NA,NA,NA,NA,NA,NA,NA,NA,NA,NA,NA,NA,NA,NA,NA,NA,NA,NA,NA,NA,NA,NA,NA,NA,NA,NA,NA,NA,NA,NA,NA,NA,NA,NA,NA,NA,NA,NA,NA,NA,NA
"Konza4","","LabBlank","S9PI",20240703,"10/10/2024","Lampman","LabBlankD","12A,13A,14A","D",23,1,0,1,0,NA,NA,"LabBlankD","K4_B",NA,NA,NA,NA,NA,NA,NA,2.1375,1.5375,0.6,0,0,0,2.96375,2.23875,0,0,0,0,1,NA,NA,NA,NA,NA,NA,NA,NA,NA,NA,NA,NA,NA,NA,NA,NA,NA,NA,NA,NA,NA,NA,NA,NA,NA,NA,NA,NA,NA,NA,NA,NA,NA,NA,NA,NA,NA,NA,NA,NA,NA,NA,NA,NA,NA,NA,NA,NA,NA,NA,NA,NA,NA,NA,NA
"Konza4","","LabBlank","S9PI",20240703,"10/10/2024","Lampman","LabBlankD","12A,13A,14A","D",24,3,0,3,0,NA,NA,"LabBlankD","K4_B",NA,NA,NA,NA,NA,NA,NA,2.1375,1.5375,0.6,0,1.4625,1.4625,4.733125,3.726875,0,0,0,0,1,NA,NA,NA,NA,NA,NA,NA,NA,NA,NA,NA,NA,NA,NA,NA,NA,NA,NA,NA,NA,NA,NA,NA,NA,NA,NA,NA,NA,NA,NA,NA,NA,NA,NA,NA,NA,NA,NA,NA,NA,NA,NA,NA,NA,NA,NA,NA,NA,NA,NA,NA,NA,NA,NA,NA
"Konza4","","LabBlank","S9PI",20240703,"10/10/2024","Lampman","LabBlankD","12A,13A,14A","D",25,2,3,5,0,NA,NA,"LabBlankD","K4_B",NA,NA,NA,NA,NA,NA,NA,2.1375,1.5375,0.6,2.4,0.4625,2.8625,2.96375,2.23875,2.275,0,2.275,0,0.4,NA,NA,NA,NA,NA,NA,NA,NA,NA,NA,NA,NA,NA,NA,NA,NA,NA,NA,NA,NA,NA,NA,NA,NA,NA,NA,NA,NA,NA,NA,NA,NA,NA,NA,NA,NA,NA,NA,NA,NA,NA,NA,NA,NA,NA,NA,NA,NA,NA,NA,NA,NA,NA,NA,NA
"Konza4","","LabBlank","S9PI",20240703,"10/10/2024","Lampman","LabBlankD","12A,13A,14A","D",26,2,0,2,0,NA,NA,"LabBlankD","K4_B",NA,NA,NA,NA,NA,NA,NA,2.1375,1.5375,0.6,0,0.4625,0.4625,4.733125,3.726875,0,0,0,0,1,NA,NA,NA,NA,NA,NA,NA,NA,NA,NA,NA,NA,NA,NA,NA,NA,NA,NA,NA,NA,NA,NA,NA,NA,NA,NA,NA,NA,NA,NA,NA,NA,NA,NA,NA,NA,NA,NA,NA,NA,NA,NA,NA,NA,NA,NA,NA,NA,NA,NA,NA,NA,NA,NA,NA
"Konza4","","LabBlank","S9PI",20240703,"10/10/2024","Lampman","LabBlankD","12A,13A,14A","D",27,8,0,8,0,NA,NA,"LabBlankD","K4_B",NA,NA,NA,NA,NA,NA,NA,2.1375,1.5375,0.6,0,6.4625,6.4625,2.96375,2.23875,0,5.76125,5.76125,0,1,NA,NA,NA,NA,NA,NA,NA,NA,NA,NA,NA,NA,NA,NA,NA,NA,NA,NA,NA,NA,NA,NA,NA,NA,NA,NA,NA,NA,NA,NA,NA,NA,NA,NA,NA,NA,NA,NA,NA,NA,NA,NA,NA,NA,NA,NA,NA,NA,NA,NA,NA,NA,NA,NA,NA
"Konza4","","LabBlank","S9PI",20240703,"10/10/2024","Lampman","LabBlankD","12A,13A,14A","D",28,1,0,1,0,NA,NA,"LabBlankD","K4_B",NA,NA,NA,NA,NA,NA,NA,2.1375,1.5375,0.6,0,0,0,4.733125,3.726875,0,0,0,0,1,NA,NA,NA,NA,NA,NA,NA,NA,NA,NA,NA,NA,NA,NA,NA,NA,NA,NA,NA,NA,NA,NA,NA,NA,NA,NA,NA,NA,NA,NA,NA,NA,NA,NA,NA,NA,NA,NA,NA,NA,NA,NA,NA,NA,NA,NA,NA,NA,NA,NA,NA,NA,NA,NA,NA
"Konza4","","LabBlank","S9PI",20240703,"10/10/2024","Lampman","LabBlankD","12A,13A,14A","D",29,0,0,0,0,NA,NA,"LabBlankD","K4_B",NA,NA,NA,NA,NA,NA,NA,2.1375,1.5375,0.6,0,0,0,2.96375,2.23875,0,0,0,0,NA,NA,NA,NA,NA,NA,NA,NA,NA,NA,NA,NA,NA,NA,NA,NA,NA,NA,NA,NA,NA,NA,NA,NA,NA,NA,NA,NA,NA,NA,NA,NA,NA,NA,NA,NA,NA,NA,NA,NA,NA,NA,NA,NA,NA,NA,NA,NA,NA,NA,NA,NA,NA,NA,NA,NA
"Konza4","","LabBlank","S9PI",20240703,"10/10/2024","Lampman","LabBlankD","12A,13A,14A","D",30,1,3,4,0,NA,NA,"LabBlankD","K4_B",NA,NA,NA,NA,NA,NA,NA,2.1375,1.5375,0.6,2.4,0,2.4,4.733125,3.726875,1.99375,0,1.99375,0,0.25,NA,NA,NA,NA,NA,NA,NA,NA,NA,NA,NA,NA,NA,NA,NA,NA,NA,NA,NA,NA,NA,NA,NA,NA,NA,NA,NA,NA,NA,NA,NA,NA,NA,NA,NA,NA,NA,NA,NA,NA,NA,NA,NA,NA,NA,NA,NA,NA,NA,NA,NA,NA,NA,NA,NA
"Konza4","","LabBlank","S9PI",20240703,"10/10/2024","Lampman","LabBlankD","12A,13A,14A","D",31,4,2,6,0,NA,NA,"LabBlankD","K4_B",NA,NA,NA,NA,NA,NA,NA,2.1375,1.5375,0.6,1.4,2.4625,3.8625,2.96375,2.23875,1.275,1.76125,3.03625,0,0.666666666666667,NA,NA,NA,NA,NA,NA,NA,NA,NA,NA,NA,NA,NA,NA,NA,NA,NA,NA,NA,NA,NA,NA,NA,NA,NA,NA,NA,NA,NA,NA,NA,NA,NA,NA,NA,NA,NA,NA,NA,NA,NA,NA,NA,NA,NA,NA,NA,NA,NA,NA,NA,NA,NA,NA,NA
"Konza4","","LabBlank","S9PI",20240703,"10/10/2024","Lampman","LabBlankD","12A,13A,14A","D",32,1,2,3,0,NA,NA,"LabBlankD","K4_B",NA,NA,NA,NA,NA,NA,NA,2.1375,1.5375,0.6,1.4,0,1.4,4.733125,3.726875,0.99375,0,0.99375,0,0.333333333333333,NA,NA,NA,NA,NA,NA,NA,NA,NA,NA,NA,NA,NA,NA,NA,NA,NA,NA,NA,NA,NA,NA,NA,NA,NA,NA,NA,NA,NA,NA,NA,NA,NA,NA,NA,NA,NA,NA,NA,NA,NA,NA,NA,NA,NA,NA,NA,NA,NA,NA,NA,NA,NA,NA,NA
"Konza4","","LabBlank","S9PI",20240703,"10/10/2024","Lampman","LabBlankD","12A,13A,14A","D",33,1,1,2,0,NA,NA,"LabBlankD","K4_B",NA,NA,NA,NA,NA,NA,NA,2.1375,1.5375,0.6,0.4,0,0.4,2.96375,2.23875,0.275,0,0.275,0,0.5,NA,NA,NA,NA,NA,NA,NA,NA,NA,NA,NA,NA,NA,NA,NA,NA,NA,NA,NA,NA,NA,NA,NA,NA,NA,NA,NA,NA,NA,NA,NA,NA,NA,NA,NA,NA,NA,NA,NA,NA,NA,NA,NA,NA,NA,NA,NA,NA,NA,NA,NA,NA,NA,NA,NA
"Konza4","","LabBlank","S9PI",20240703,"10/10/2024","Lampman","LabBlankD","12A,13A,14A","D",34,4,1,5,0,NA,NA,"LabBlankD","K4_B",NA,NA,NA,NA,NA,NA,NA,2.1375,1.5375,0.6,0.4,2.4625,2.8625,4.733125,3.726875,0,0.273125,0.273125,0,0.8,NA,NA,NA,NA,NA,NA,NA,NA,NA,NA,NA,NA,NA,NA,NA,NA,NA,NA,NA,NA,NA,NA,NA,NA,NA,NA,NA,NA,NA,NA,NA,NA,NA,NA,NA,NA,NA,NA,NA,NA,NA,NA,NA,NA,NA,NA,NA,NA,NA,NA,NA,NA,NA,NA,NA
"Konza4","","LabBlank","S9PI",20240703,"10/10/2024","Lampman","LabBlankD","12A,13A,14A","D",35,0,0,0,0,NA,NA,"LabBlankD","K4_B",NA,NA,NA,NA,NA,NA,NA,2.1375,1.5375,0.6,0,0,0,2.96375,2.23875,0,0,0,0,NA,NA,NA,NA,NA,NA,NA,NA,NA,NA,NA,NA,NA,NA,NA,NA,NA,NA,NA,NA,NA,NA,NA,NA,NA,NA,NA,NA,NA,NA,NA,NA,NA,NA,NA,NA,NA,NA,NA,NA,NA,NA,NA,NA,NA,NA,NA,NA,NA,NA,NA,NA,NA,NA,NA,NA
"Konza4","","LabBlank","S9PI",20240703,"10/10/2024","Lampman","LabBlankD","12A,13A,14A","D",36,3,0,3,0,NA,NA,"LabBlankD","K4_B",NA,NA,NA,NA,NA,NA,NA,2.1375,1.5375,0.6,0,1.4625,1.4625,4.733125,3.726875,0,0,0,0,1,NA,NA,NA,NA,NA,NA,NA,NA,NA,NA,NA,NA,NA,NA,NA,NA,NA,NA,NA,NA,NA,NA,NA,NA,NA,NA,NA,NA,NA,NA,NA,NA,NA,NA,NA,NA,NA,NA,NA,NA,NA,NA,NA,NA,NA,NA,NA,NA,NA,NA,NA,NA,NA,NA,NA
"Konza4","","LabBlank","S9PI",20240703,"10/10/2024","Lampman","LabBlankD","12A,13A,14A","D",37,2,0,2,0,NA,NA,"LabBlankD","K4_B",NA,NA,NA,NA,NA,NA,NA,2.1375,1.5375,0.6,0,0.4625,0.4625,2.96375,2.23875,0,0,0,0,1,NA,NA,NA,NA,NA,NA,NA,NA,NA,NA,NA,NA,NA,NA,NA,NA,NA,NA,NA,NA,NA,NA,NA,NA,NA,NA,NA,NA,NA,NA,NA,NA,NA,NA,NA,NA,NA,NA,NA,NA,NA,NA,NA,NA,NA,NA,NA,NA,NA,NA,NA,NA,NA,NA,NA
"Konza4","","LabBlank","S9PI",20240703,"10/10/2024","Lampman","LabBlankD","12A,13A,14A","D",38,1,1,2,0,NA,NA,"LabBlankD","K4_B",NA,NA,NA,NA,NA,NA,NA,2.1375,1.5375,0.6,0.4,0,0.4,4.733125,3.726875,0,0,0,0,0.5,NA,NA,NA,NA,NA,NA,NA,NA,NA,NA,NA,NA,NA,NA,NA,NA,NA,NA,NA,NA,NA,NA,NA,NA,NA,NA,NA,NA,NA,NA,NA,NA,NA,NA,NA,NA,NA,NA,NA,NA,NA,NA,NA,NA,NA,NA,NA,NA,NA,NA,NA,NA,NA,NA,NA
"Konza4","","LabBlank","S9PI",20240703,"10/10/2024","Lampman","LabBlankD","12A,13A,14A","D",39,2,1,3,0,NA,NA,"LabBlankD","K4_B",NA,NA,NA,NA,NA,NA,NA,2.1375,1.5375,0.6,0.4,0.4625,0.8625,2.96375,2.23875,0.275,0,0.275,0,0.666666666666667,NA,NA,NA,NA,NA,NA,NA,NA,NA,NA,NA,NA,NA,NA,NA,NA,NA,NA,NA,NA,NA,NA,NA,NA,NA,NA,NA,NA,NA,NA,NA,NA,NA,NA,NA,NA,NA,NA,NA,NA,NA,NA,NA,NA,NA,NA,NA,NA,NA,NA,NA,NA,NA,NA,NA
"Konza4","","LabBlank","S9PI",20240703,"10/10/2024","Lampman","LabBlankD","12A,13A,14A","D",40,2,0,2,0,NA,NA,"LabBlankD","K4_B",NA,NA,NA,NA,NA,NA,NA,2.1375,1.5375,0.6,0,0.4625,0.4625,4.733125,3.726875,0,0,0,0,1,NA,NA,NA,NA,NA,NA,NA,NA,NA,NA,NA,NA,NA,NA,NA,NA,NA,NA,NA,NA,NA,NA,NA,NA,NA,NA,NA,NA,NA,NA,NA,NA,NA,NA,NA,NA,NA,NA,NA,NA,NA,NA,NA,NA,NA,NA,NA,NA,NA,NA,NA,NA,NA,NA,NA
"Konza4","Bu","FieldBlank","S9PI",20250330,"3/31/2025","Lampman","FieldBlank4.A","FieldBlank4","A",1,3,1,4,NA,NA,NA,"FieldBlank4.A","K4_D",NA,NA,NA,NA,NA,NA,NA,2.175,1.925,0.25,0.75,1.075,1.825,3.00125,2.62625,0.625,0.37375,0.99875,0,0.75,NA,NA,NA,NA,NA,NA,NA,NA,NA,NA,NA,NA,NA,NA,NA,NA,NA,NA,NA,NA,NA,NA,NA,NA,NA,NA,NA,NA,NA,NA,NA,NA,NA,NA,NA,NA,NA,NA,NA,NA,NA,NA,NA,NA,NA,NA,NA,NA,NA,NA,NA,NA,NA,NA,NA
"Konza4","Bu","FieldBlank","S9PI",20250330,"3/31/2025","Lampman","FieldBlank4.A","FieldBlank4","A",2,24,0,24,NA,NA,NA,"FieldBlank4.A","K4_D",NA,NA,NA,NA,NA,NA,NA,2.175,1.925,0.25,0,22.075,22.075,4.770625,4.114375,0,19.885625,19.885625,0,1,NA,NA,NA,NA,NA,NA,NA,NA,NA,NA,NA,NA,NA,NA,NA,NA,NA,NA,NA,NA,NA,NA,NA,NA,NA,NA,NA,NA,NA,NA,NA,NA,NA,NA,NA,NA,NA,NA,NA,NA,NA,NA,NA,NA,NA,NA,NA,NA,NA,NA,NA,NA,NA,NA,NA
"Konza4","Bu","FieldBlank","S9PI",20250330,"3/31/2025","Lampman","FieldBlank4.A","FieldBlank4","A",3,20,2,22,NA,NA,NA,"FieldBlank4.A","K4_D",NA,NA,NA,NA,NA,NA,NA,2.175,1.925,0.25,1.75,18.075,19.825,3.00125,2.62625,1.625,17.37375,18.99875,0,0.909090909090909,NA,NA,NA,NA,NA,NA,NA,NA,NA,NA,NA,NA,NA,NA,NA,NA,NA,NA,NA,NA,NA,NA,NA,NA,NA,NA,NA,NA,NA,NA,NA,NA,NA,NA,NA,NA,NA,NA,NA,NA,NA,NA,NA,NA,NA,NA,NA,NA,NA,NA,NA,NA,NA,NA,NA
"Konza4","Bu","FieldBlank","S9PI",20250330,"3/31/2025","Lampman","FieldBlank4.A","FieldBlank4","A",4,12,3,15,NA,NA,NA,"FieldBlank4.A","K4_D",NA,NA,NA,NA,NA,NA,NA,2.175,1.925,0.25,2.75,10.075,12.825,4.770625,4.114375,2.34375,7.885625,10.229375,0,0.8,NA,NA,NA,NA,NA,NA,NA,NA,NA,NA,NA,NA,NA,NA,NA,NA,NA,NA,NA,NA,NA,NA,NA,NA,NA,NA,NA,NA,NA,NA,NA,NA,NA,NA,NA,NA,NA,NA,NA,NA,NA,NA,NA,NA,NA,NA,NA,NA,NA,NA,NA,NA,NA,NA,NA
"Konza4","Bu","FieldBlank","S9PI",20250330,"3/31/2025","Lampman","FieldBlank4.A","FieldBlank4","A",5,2,0,2,NA,NA,NA,"FieldBlank4.A","K4_D",NA,NA,NA,NA,NA,NA,NA,2.175,1.925,0.25,0,0.075,0.075,3.00125,2.62625,0,0,0,0,1,NA,NA,NA,NA,NA,NA,NA,NA,NA,NA,NA,NA,NA,NA,NA,NA,NA,NA,NA,NA,NA,NA,NA,NA,NA,NA,NA,NA,NA,NA,NA,NA,NA,NA,NA,NA,NA,NA,NA,NA,NA,NA,NA,NA,NA,NA,NA,NA,NA,NA,NA,NA,NA,NA,NA
"Konza4","Bu","FieldBlank","S9PI",20250330,"3/31/2025","Lampman","FieldBlank4.A","FieldBlank4","A",6,3,0,3,NA,NA,NA,"FieldBlank4.A","K4_D",NA,NA,NA,NA,NA,NA,NA,2.175,1.925,0.25,0,1.075,1.075,4.770625,4.114375,0,0,0,0,1,NA,NA,NA,NA,NA,NA,NA,NA,NA,NA,NA,NA,NA,NA,NA,NA,NA,NA,NA,NA,NA,NA,NA,NA,NA,NA,NA,NA,NA,NA,NA,NA,NA,NA,NA,NA,NA,NA,NA,NA,NA,NA,NA,NA,NA,NA,NA,NA,NA,NA,NA,NA,NA,NA,NA
"Konza4","Bu","FieldBlank","S9PI",20250330,"3/31/2025","Lampman","FieldBlank4.A","FieldBlank4","A",7,0,0,0,NA,NA,NA,"FieldBlank4.A","K4_D",NA,NA,NA,NA,NA,NA,NA,2.175,1.925,0.25,0,0,0,3.00125,2.62625,0,0,0,0,NA,NA,NA,NA,NA,NA,NA,NA,NA,NA,NA,NA,NA,NA,NA,NA,NA,NA,NA,NA,NA,NA,NA,NA,NA,NA,NA,NA,NA,NA,NA,NA,NA,NA,NA,NA,NA,NA,NA,NA,NA,NA,NA,NA,NA,NA,NA,NA,NA,NA,NA,NA,NA,NA,NA,NA
"Konza4","Bu","FieldBlank","S9PI",20250330,"3/31/2025","Lampman","FieldBlank4.A","FieldBlank4","A",8,7,0,7,NA,NA,NA,"FieldBlank4.A","K4_D",NA,NA,NA,NA,NA,NA,NA,2.175,1.925,0.25,0,5.075,5.075,4.770625,4.114375,0,2.885625,2.885625,0,1,NA,NA,NA,NA,NA,NA,NA,NA,NA,NA,NA,NA,NA,NA,NA,NA,NA,NA,NA,NA,NA,NA,NA,NA,NA,NA,NA,NA,NA,NA,NA,NA,NA,NA,NA,NA,NA,NA,NA,NA,NA,NA,NA,NA,NA,NA,NA,NA,NA,NA,NA,NA,NA,NA,NA
"Konza4","Bu","FieldBlank","S9PI",20250330,"3/31/2025","Lampman","FieldBlank4.A","FieldBlank4","A",9,1,2,3,NA,NA,NA,"FieldBlank4.A","K4_D",NA,NA,NA,NA,NA,NA,NA,2.175,1.925,0.25,1.75,0,1.75,3.00125,2.62625,1.625,0,1.625,0,0.333333333333333,NA,NA,NA,NA,NA,NA,NA,NA,NA,NA,NA,NA,NA,NA,NA,NA,NA,NA,NA,NA,NA,NA,NA,NA,NA,NA,NA,NA,NA,NA,NA,NA,NA,NA,NA,NA,NA,NA,NA,NA,NA,NA,NA,NA,NA,NA,NA,NA,NA,NA,NA,NA,NA,NA,NA
"Konza4","Bu","FieldBlank","S9PI",20250330,"3/31/2025","Lampman","FieldBlank4.A","FieldBlank4","A",10,0,0,0,NA,NA,NA,"FieldBlank4.A","K4_D",NA,NA,NA,NA,NA,NA,NA,2.175,1.925,0.25,0,0,0,4.770625,4.114375,0,0,0,0,NA,NA,NA,NA,NA,NA,NA,NA,NA,NA,NA,NA,NA,NA,NA,NA,NA,NA,NA,NA,NA,NA,NA,NA,NA,NA,NA,NA,NA,NA,NA,NA,NA,NA,NA,NA,NA,NA,NA,NA,NA,NA,NA,NA,NA,NA,NA,NA,NA,NA,NA,NA,NA,NA,NA,NA
"Konza4","Bu","FieldBlank","S9PI",20250330,"3/31/2025","Lampman","FieldBlank4.A","FieldBlank4","A",11,0,0,0,NA,NA,NA,"FieldBlank4.A","K4_D",NA,NA,NA,NA,NA,NA,NA,2.175,1.925,0.25,0,0,0,3.00125,2.62625,0,0,0,0,NA,NA,NA,NA,NA,NA,NA,NA,NA,NA,NA,NA,NA,NA,NA,NA,NA,NA,NA,NA,NA,NA,NA,NA,NA,NA,NA,NA,NA,NA,NA,NA,NA,NA,NA,NA,NA,NA,NA,NA,NA,NA,NA,NA,NA,NA,NA,NA,NA,NA,NA,NA,NA,NA,NA,NA
"Konza4","Bu","FieldBlank","S9PI",20250330,"3/31/2025","Lampman","FieldBlank4.A","FieldBlank4","A",12,0,0,0,NA,NA,NA,"FieldBlank4.A","K4_D",NA,NA,NA,NA,NA,NA,NA,2.175,1.925,0.25,0,0,0,4.770625,4.114375,0,0,0,0,NA,NA,NA,NA,NA,NA,NA,NA,NA,NA,NA,NA,NA,NA,NA,NA,NA,NA,NA,NA,NA,NA,NA,NA,NA,NA,NA,NA,NA,NA,NA,NA,NA,NA,NA,NA,NA,NA,NA,NA,NA,NA,NA,NA,NA,NA,NA,NA,NA,NA,NA,NA,NA,NA,NA,NA
"Konza4","Bu","FieldBlank","S9PI",20250330,"3/31/2025","Lampman","FieldBlank4.A","FieldBlank4","A",13,6,2,8,NA,NA,NA,"FieldBlank4.A","K4_D",NA,NA,NA,NA,NA,NA,NA,2.175,1.925,0.25,1.75,4.075,5.825,3.00125,2.62625,1.625,3.37375,4.99875,0,0.75,NA,NA,NA,NA,NA,NA,NA,NA,NA,NA,NA,NA,NA,NA,NA,NA,NA,NA,NA,NA,NA,NA,NA,NA,NA,NA,NA,NA,NA,NA,NA,NA,NA,NA,NA,NA,NA,NA,NA,NA,NA,NA,NA,NA,NA,NA,NA,NA,NA,NA,NA,NA,NA,NA,NA
"Konza4","Bu","FieldBlank","S9PI",20250330,"3/31/2025","Lampman","FieldBlank4.A","FieldBlank4","A",14,3,0,3,NA,NA,NA,"FieldBlank4.A","K4_D",NA,NA,NA,NA,NA,NA,NA,2.175,1.925,0.25,0,1.075,1.075,4.770625,4.114375,0,0,0,0,1,NA,NA,NA,NA,NA,NA,NA,NA,NA,NA,NA,NA,NA,NA,NA,NA,NA,NA,NA,NA,NA,NA,NA,NA,NA,NA,NA,NA,NA,NA,NA,NA,NA,NA,NA,NA,NA,NA,NA,NA,NA,NA,NA,NA,NA,NA,NA,NA,NA,NA,NA,NA,NA,NA,NA
"Konza4","Bu","FieldBlank","S9PI",20250330,"3/31/2025","Lampman","FieldBlank4.A","FieldBlank4","A",15,0,0,0,NA,NA,NA,"FieldBlank4.A","K4_D",NA,NA,NA,NA,NA,NA,NA,2.175,1.925,0.25,0,0,0,3.00125,2.62625,0,0,0,0,NA,NA,NA,NA,NA,NA,NA,NA,NA,NA,NA,NA,NA,NA,NA,NA,NA,NA,NA,NA,NA,NA,NA,NA,NA,NA,NA,NA,NA,NA,NA,NA,NA,NA,NA,NA,NA,NA,NA,NA,NA,NA,NA,NA,NA,NA,NA,NA,NA,NA,NA,NA,NA,NA,NA,NA
"Konza4","Bu","FieldBlank","S9PI",20250330,"3/31/2025","Lampman","FieldBlank4.A","FieldBlank4","A",16,1,0,1,NA,NA,NA,"FieldBlank4.A","K4_D",NA,NA,NA,NA,NA,NA,NA,2.175,1.925,0.25,0,0,0,4.770625,4.114375,0,0,0,0,1,NA,NA,NA,NA,NA,NA,NA,NA,NA,NA,NA,NA,NA,NA,NA,NA,NA,NA,NA,NA,NA,NA,NA,NA,NA,NA,NA,NA,NA,NA,NA,NA,NA,NA,NA,NA,NA,NA,NA,NA,NA,NA,NA,NA,NA,NA,NA,NA,NA,NA,NA,NA,NA,NA,NA
"Konza4","Bu","FieldBlank","S9PI",20250330,"3/31/2025","Lampman","FieldBlank4.A","FieldBlank4","A",17,3,0,3,NA,NA,NA,"FieldBlank4.A","K4_D",NA,NA,NA,NA,NA,NA,NA,2.175,1.925,0.25,0,1.075,1.075,3.00125,2.62625,0,0.37375,0.37375,0,1,NA,NA,NA,NA,NA,NA,NA,NA,NA,NA,NA,NA,NA,NA,NA,NA,NA,NA,NA,NA,NA,NA,NA,NA,NA,NA,NA,NA,NA,NA,NA,NA,NA,NA,NA,NA,NA,NA,NA,NA,NA,NA,NA,NA,NA,NA,NA,NA,NA,NA,NA,NA,NA,NA,NA
"Konza4","Bu","FieldBlank","S9PI",20250330,"3/31/2025","Lampman","FieldBlank4.A","FieldBlank4","A",18,0,0,0,NA,NA,NA,"FieldBlank4.A","K4_D",NA,NA,NA,NA,NA,NA,NA,2.175,1.925,0.25,0,0,0,4.770625,4.114375,0,0,0,0,NA,NA,NA,NA,NA,NA,NA,NA,NA,NA,NA,NA,NA,NA,NA,NA,NA,NA,NA,NA,NA,NA,NA,NA,NA,NA,NA,NA,NA,NA,NA,NA,NA,NA,NA,NA,NA,NA,NA,NA,NA,NA,NA,NA,NA,NA,NA,NA,NA,NA,NA,NA,NA,NA,NA,NA
"Konza4","Bu","FieldBlank","S9PI",20250330,"3/31/2025","Lampman","FieldBlank4.A","FieldBlank4","A",19,2,0,2,NA,NA,NA,"FieldBlank4.A","K4_D",NA,NA,NA,NA,NA,NA,NA,2.175,1.925,0.25,0,0.075,0.075,3.00125,2.62625,0,0,0,0,1,NA,NA,NA,NA,NA,NA,NA,NA,NA,NA,NA,NA,NA,NA,NA,NA,NA,NA,NA,NA,NA,NA,NA,NA,NA,NA,NA,NA,NA,NA,NA,NA,NA,NA,NA,NA,NA,NA,NA,NA,NA,NA,NA,NA,NA,NA,NA,NA,NA,NA,NA,NA,NA,NA,NA
"Konza4","Bu","FieldBlank","S9PI",20250330,"3/31/2025","Lampman","FieldBlank4.A","FieldBlank4","A",20,0,0,0,NA,NA,NA,"FieldBlank4.A","K4_D",NA,NA,NA,NA,NA,NA,NA,2.175,1.925,0.25,0,0,0,4.770625,4.114375,0,0,0,0,NA,NA,NA,NA,NA,NA,NA,NA,NA,NA,NA,NA,NA,NA,NA,NA,NA,NA,NA,NA,NA,NA,NA,NA,NA,NA,NA,NA,NA,NA,NA,NA,NA,NA,NA,NA,NA,NA,NA,NA,NA,NA,NA,NA,NA,NA,NA,NA,NA,NA,NA,NA,NA,NA,NA,NA
"Konza4","Bu","FieldBlank","S9PI",20250330,"3/31/2025","Lampman","FieldBlank4.A","FieldBlank4","A",21,2,0,2,NA,NA,NA,"FieldBlank4.A","K4_D",NA,NA,NA,NA,NA,NA,NA,2.175,1.925,0.25,0,0.075,0.075,3.00125,2.62625,0,0,0,0,1,NA,NA,NA,NA,NA,NA,NA,NA,NA,NA,NA,NA,NA,NA,NA,NA,NA,NA,NA,NA,NA,NA,NA,NA,NA,NA,NA,NA,NA,NA,NA,NA,NA,NA,NA,NA,NA,NA,NA,NA,NA,NA,NA,NA,NA,NA,NA,NA,NA,NA,NA,NA,NA,NA,NA
"Konza4","Bu","FieldBlank","S9PI",20250330,"3/31/2025","Lampman","FieldBlank4.A","FieldBlank4","A",22,1,5,6,NA,NA,NA,"FieldBlank4.A","K4_D",NA,NA,NA,NA,NA,NA,NA,2.175,1.925,0.25,4.75,0,4.75,4.770625,4.114375,4.34375,0,4.34375,0,0.166666666666667,NA,NA,NA,NA,NA,NA,NA,NA,NA,NA,NA,NA,NA,NA,NA,NA,NA,NA,NA,NA,NA,NA,NA,NA,NA,NA,NA,NA,NA,NA,NA,NA,NA,NA,NA,NA,NA,NA,NA,NA,NA,NA,NA,NA,NA,NA,NA,NA,NA,NA,NA,NA,NA,NA,NA
"Konza4","Bu","FieldBlank","S9PI",20250330,"3/31/2025","Lampman","FieldBlank4.A","FieldBlank4","A",23,9,3,12,NA,NA,NA,"FieldBlank4.A","K4_D",NA,NA,NA,NA,NA,NA,NA,2.175,1.925,0.25,2.75,7.075,9.825,3.00125,2.62625,2.625,6.37375,8.99875,0,0.75,NA,NA,NA,NA,NA,NA,NA,NA,NA,NA,NA,NA,NA,NA,NA,NA,NA,NA,NA,NA,NA,NA,NA,NA,NA,NA,NA,NA,NA,NA,NA,NA,NA,NA,NA,NA,NA,NA,NA,NA,NA,NA,NA,NA,NA,NA,NA,NA,NA,NA,NA,NA,NA,NA,NA
"Konza4","Bu","FieldBlank","S9PI",20250330,"3/31/2025","Lampman","FieldBlank4.A","FieldBlank4","A",24,0,0,0,NA,NA,NA,"FieldBlank4.A","K4_D",NA,NA,NA,NA,NA,NA,NA,2.175,1.925,0.25,0,0,0,4.770625,4.114375,0,0,0,0,NA,NA,NA,NA,NA,NA,NA,NA,NA,NA,NA,NA,NA,NA,NA,NA,NA,NA,NA,NA,NA,NA,NA,NA,NA,NA,NA,NA,NA,NA,NA,NA,NA,NA,NA,NA,NA,NA,NA,NA,NA,NA,NA,NA,NA,NA,NA,NA,NA,NA,NA,NA,NA,NA,NA,NA
"Konza4","Bu","FieldBlank","S9PI",20250330,"3/31/2025","Lampman","FieldBlank4.A","FieldBlank4","A",25,0,0,0,NA,NA,NA,"FieldBlank4.A","K4_D",NA,NA,NA,NA,NA,NA,NA,2.175,1.925,0.25,0,0,0,3.00125,2.62625,0,0,0,0,NA,NA,NA,NA,NA,NA,NA,NA,NA,NA,NA,NA,NA,NA,NA,NA,NA,NA,NA,NA,NA,NA,NA,NA,NA,NA,NA,NA,NA,NA,NA,NA,NA,NA,NA,NA,NA,NA,NA,NA,NA,NA,NA,NA,NA,NA,NA,NA,NA,NA,NA,NA,NA,NA,NA,NA
"Konza4","Bu","FieldBlank","S9PI",20250330,"3/31/2025","Lampman","FieldBlank4.A","FieldBlank4","A",26,2,0,2,NA,NA,NA,"FieldBlank4.A","K4_D",NA,NA,NA,NA,NA,NA,NA,2.175,1.925,0.25,0,0.075,0.075,4.770625,4.114375,0,0,0,0,1,NA,NA,NA,NA,NA,NA,NA,NA,NA,NA,NA,NA,NA,NA,NA,NA,NA,NA,NA,NA,NA,NA,NA,NA,NA,NA,NA,NA,NA,NA,NA,NA,NA,NA,NA,NA,NA,NA,NA,NA,NA,NA,NA,NA,NA,NA,NA,NA,NA,NA,NA,NA,NA,NA,NA
"Konza4","Bu","FieldBlank","S9PI",20250330,"3/31/2025","Lampman","FieldBlank4.A","FieldBlank4","A",27,4,0,4,NA,NA,NA,"FieldBlank4.A","K4_D",NA,NA,NA,NA,NA,NA,NA,2.175,1.925,0.25,0,2.075,2.075,3.00125,2.62625,0,1.37375,1.37375,0,1,NA,NA,NA,NA,NA,NA,NA,NA,NA,NA,NA,NA,NA,NA,NA,NA,NA,NA,NA,NA,NA,NA,NA,NA,NA,NA,NA,NA,NA,NA,NA,NA,NA,NA,NA,NA,NA,NA,NA,NA,NA,NA,NA,NA,NA,NA,NA,NA,NA,NA,NA,NA,NA,NA,NA
"Konza4","Bu","FieldBlank","S9PI",20250330,"3/31/2025","Lampman","FieldBlank4.A","FieldBlank4","A",28,8,0,8,NA,NA,NA,"FieldBlank4.A","K4_D",NA,NA,NA,NA,NA,NA,NA,2.175,1.925,0.25,0,6.075,6.075,4.770625,4.114375,0,3.885625,3.885625,0,1,NA,NA,NA,NA,NA,NA,NA,NA,NA,NA,NA,NA,NA,NA,NA,NA,NA,NA,NA,NA,NA,NA,NA,NA,NA,NA,NA,NA,NA,NA,NA,NA,NA,NA,NA,NA,NA,NA,NA,NA,NA,NA,NA,NA,NA,NA,NA,NA,NA,NA,NA,NA,NA,NA,NA
"Konza4","Bu","FieldBlank","S9PI",20250330,"3/31/2025","Lampman","FieldBlank4.A","FieldBlank4","A",29,4,0,4,NA,NA,NA,"FieldBlank4.A","K4_D",NA,NA,NA,NA,NA,NA,NA,2.175,1.925,0.25,0,2.075,2.075,3.00125,2.62625,0,1.37375,1.37375,0,1,NA,NA,NA,NA,NA,NA,NA,NA,NA,NA,NA,NA,NA,NA,NA,NA,NA,NA,NA,NA,NA,NA,NA,NA,NA,NA,NA,NA,NA,NA,NA,NA,NA,NA,NA,NA,NA,NA,NA,NA,NA,NA,NA,NA,NA,NA,NA,NA,NA,NA,NA,NA,NA,NA,NA
"Konza4","Bu","FieldBlank","S9PI",20250330,"3/31/2025","Lampman","FieldBlank4.A","FieldBlank4","A",30,1,0,1,NA,NA,NA,"FieldBlank4.A","K4_D",NA,NA,NA,NA,NA,NA,NA,2.175,1.925,0.25,0,0,0,4.770625,4.114375,0,0,0,0,1,NA,NA,NA,NA,NA,NA,NA,NA,NA,NA,NA,NA,NA,NA,NA,NA,NA,NA,NA,NA,NA,NA,NA,NA,NA,NA,NA,NA,NA,NA,NA,NA,NA,NA,NA,NA,NA,NA,NA,NA,NA,NA,NA,NA,NA,NA,NA,NA,NA,NA,NA,NA,NA,NA,NA
"Konza4","Bu","FieldBlank","S9PI",20250330,"3/31/2025","Lampman","FieldBlank4.A","FieldBlank4","A",31,2,0,2,NA,NA,NA,"FieldBlank4.A","K4_D",NA,NA,NA,NA,NA,NA,NA,2.175,1.925,0.25,0,0.075,0.075,3.00125,2.62625,0,0,0,0,1,NA,NA,NA,NA,NA,NA,NA,NA,NA,NA,NA,NA,NA,NA,NA,NA,NA,NA,NA,NA,NA,NA,NA,NA,NA,NA,NA,NA,NA,NA,NA,NA,NA,NA,NA,NA,NA,NA,NA,NA,NA,NA,NA,NA,NA,NA,NA,NA,NA,NA,NA,NA,NA,NA,NA
"Konza4","Bu","FieldBlank","S9PI",20250330,"3/31/2025","Lampman","FieldBlank4.A","FieldBlank4","A",32,0,0,0,NA,NA,NA,"FieldBlank4.A","K4_D",NA,NA,NA,NA,NA,NA,NA,2.175,1.925,0.25,0,0,0,4.770625,4.114375,0,0,0,0,NA,NA,NA,NA,NA,NA,NA,NA,NA,NA,NA,NA,NA,NA,NA,NA,NA,NA,NA,NA,NA,NA,NA,NA,NA,NA,NA,NA,NA,NA,NA,NA,NA,NA,NA,NA,NA,NA,NA,NA,NA,NA,NA,NA,NA,NA,NA,NA,NA,NA,NA,NA,NA,NA,NA,NA
"Konza4","Bu","FieldBlank","S9PI",20250330,"3/31/2025","Lampman","FieldBlank4.A","FieldBlank4","A",33,0,0,0,NA,NA,NA,"FieldBlank4.A","K4_D",NA,NA,NA,NA,NA,NA,NA,2.175,1.925,0.25,0,0,0,3.00125,2.62625,0,0,0,0,NA,NA,NA,NA,NA,NA,NA,NA,NA,NA,NA,NA,NA,NA,NA,NA,NA,NA,NA,NA,NA,NA,NA,NA,NA,NA,NA,NA,NA,NA,NA,NA,NA,NA,NA,NA,NA,NA,NA,NA,NA,NA,NA,NA,NA,NA,NA,NA,NA,NA,NA,NA,NA,NA,NA,NA
"Konza4","Bu","FieldBlank","S9PI",20250330,"3/31/2025","Lampman","FieldBlank4.A","FieldBlank4","A",34,0,0,0,NA,NA,NA,"FieldBlank4.A","K4_D",NA,NA,NA,NA,NA,NA,NA,2.175,1.925,0.25,0,0,0,4.770625,4.114375,0,0,0,0,NA,NA,NA,NA,NA,NA,NA,NA,NA,NA,NA,NA,NA,NA,NA,NA,NA,NA,NA,NA,NA,NA,NA,NA,NA,NA,NA,NA,NA,NA,NA,NA,NA,NA,NA,NA,NA,NA,NA,NA,NA,NA,NA,NA,NA,NA,NA,NA,NA,NA,NA,NA,NA,NA,NA,NA
"Konza4","Bu","FieldBlank","S9PI",20250330,"3/31/2025","Lampman","FieldBlank4.A","FieldBlank4","A",35,1,0,1,NA,NA,NA,"FieldBlank4.A","K4_D",NA,NA,NA,NA,NA,NA,NA,2.175,1.925,0.25,0,0,0,3.00125,2.62625,0,0,0,0,1,NA,NA,NA,NA,NA,NA,NA,NA,NA,NA,NA,NA,NA,NA,NA,NA,NA,NA,NA,NA,NA,NA,NA,NA,NA,NA,NA,NA,NA,NA,NA,NA,NA,NA,NA,NA,NA,NA,NA,NA,NA,NA,NA,NA,NA,NA,NA,NA,NA,NA,NA,NA,NA,NA,NA
"Konza4","Bu","FieldBlank","S9PI",20250330,"3/31/2025","Lampman","FieldBlank4.A","FieldBlank4","A",36,1,0,1,NA,NA,NA,"FieldBlank4.A","K4_D",NA,NA,NA,NA,NA,NA,NA,2.175,1.925,0.25,0,0,0,4.770625,4.114375,0,0,0,0,1,NA,NA,NA,NA,NA,NA,NA,NA,NA,NA,NA,NA,NA,NA,NA,NA,NA,NA,NA,NA,NA,NA,NA,NA,NA,NA,NA,NA,NA,NA,NA,NA,NA,NA,NA,NA,NA,NA,NA,NA,NA,NA,NA,NA,NA,NA,NA,NA,NA,NA,NA,NA,NA,NA,NA
"Konza4","Bu","FieldBlank","S9PI",20250330,"3/31/2025","Lampman","FieldBlank4.A","FieldBlank4","A",37,0,0,0,NA,NA,NA,"FieldBlank4.A","K4_D",NA,NA,NA,NA,NA,NA,NA,2.175,1.925,0.25,0,0,0,3.00125,2.62625,0,0,0,0,NA,NA,NA,NA,NA,NA,NA,NA,NA,NA,NA,NA,NA,NA,NA,NA,NA,NA,NA,NA,NA,NA,NA,NA,NA,NA,NA,NA,NA,NA,NA,NA,NA,NA,NA,NA,NA,NA,NA,NA,NA,NA,NA,NA,NA,NA,NA,NA,NA,NA,NA,NA,NA,NA,NA,NA
"Konza4","Bu","FieldBlank","S9PI",20250330,"3/31/2025","Lampman","FieldBlank4.A","FieldBlank4","A",38,3,0,3,NA,NA,NA,"FieldBlank4.A","K4_D",NA,NA,NA,NA,NA,NA,NA,2.175,1.925,0.25,0,1.075,1.075,4.770625,4.114375,0,0,0,0,1,NA,NA,NA,NA,NA,NA,NA,NA,NA,NA,NA,NA,NA,NA,NA,NA,NA,NA,NA,NA,NA,NA,NA,NA,NA,NA,NA,NA,NA,NA,NA,NA,NA,NA,NA,NA,NA,NA,NA,NA,NA,NA,NA,NA,NA,NA,NA,NA,NA,NA,NA,NA,NA,NA,NA
"Konza4","Bu","FieldBlank","S9PI",20250330,"3/31/2025","Lampman","FieldBlank4.A","FieldBlank4","A",39,4,0,4,NA,NA,NA,"FieldBlank4.A","K4_D",NA,NA,NA,NA,NA,NA,NA,2.175,1.925,0.25,0,2.075,2.075,3.00125,2.62625,0,1.37375,1.37375,0,1,NA,NA,NA,NA,NA,NA,NA,NA,NA,NA,NA,NA,NA,NA,NA,NA,NA,NA,NA,NA,NA,NA,NA,NA,NA,NA,NA,NA,NA,NA,NA,NA,NA,NA,NA,NA,NA,NA,NA,NA,NA,NA,NA,NA,NA,NA,NA,NA,NA,NA,NA,NA,NA,NA,NA
"Konza4","Bu","FieldBlank","S9PI",20250330,"3/31/2025","Lampman","FieldBlank4.A","FieldBlank4","A",40,5,0,5,NA,NA,NA,"FieldBlank4.A","K4_D",NA,NA,NA,NA,NA,NA,NA,2.175,1.925,0.25,0,3.075,3.075,4.770625,4.114375,0,0.885625,0.885625,0,1,NA,NA,NA,NA,NA,NA,NA,NA,NA,NA,NA,NA,NA,NA,NA,NA,NA,NA,NA,NA,NA,NA,NA,NA,NA,NA,NA,NA,NA,NA,NA,NA,NA,NA,NA,NA,NA,NA,NA,NA,NA,NA,NA,NA,NA,NA,NA,NA,NA,NA,NA,NA,NA,NA,NA
"Konza4","Bu","FieldBlank","S9PI",20250329,"3/31/2025","Lampman","FieldBlank3.A","FieldBlank3","A",1,0,0,0,NA,NA,NA,"FieldBlank3.A","K4_D",NA,NA,NA,NA,NA,NA,NA,2.175,1.925,0.25,0,0,0,3.00125,2.62625,0,0,0,0,NA,NA,NA,NA,NA,NA,NA,NA,NA,NA,NA,NA,NA,NA,NA,NA,NA,NA,NA,NA,NA,NA,NA,NA,NA,NA,NA,NA,NA,NA,NA,NA,NA,NA,NA,NA,NA,NA,NA,NA,NA,NA,NA,NA,NA,NA,NA,NA,NA,NA,NA,NA,NA,NA,NA,NA
"Konza4","Bu","FieldBlank","S9PI",20250329,"3/31/2025","Lampman","FieldBlank3.A","FieldBlank3","A",2,18,0,18,NA,NA,NA,"FieldBlank3.A","K4_D",NA,NA,NA,NA,NA,NA,NA,2.175,1.925,0.25,0,16.075,16.075,4.770625,4.114375,0,13.885625,13.885625,0,1,NA,NA,NA,NA,NA,NA,NA,NA,NA,NA,NA,NA,NA,NA,NA,NA,NA,NA,NA,NA,NA,NA,NA,NA,NA,NA,NA,NA,NA,NA,NA,NA,NA,NA,NA,NA,NA,NA,NA,NA,NA,NA,NA,NA,NA,NA,NA,NA,NA,NA,NA,NA,NA,NA,NA
"Konza4","Bu","FieldBlank","S9PI",20250329,"3/31/2025","Lampman","FieldBlank3.A","FieldBlank3","A",3,0,0,0,NA,NA,NA,"FieldBlank3.A","K4_D",NA,NA,NA,NA,NA,NA,NA,2.175,1.925,0.25,0,0,0,3.00125,2.62625,0,0,0,0,NA,NA,NA,NA,NA,NA,NA,NA,NA,NA,NA,NA,NA,NA,NA,NA,NA,NA,NA,NA,NA,NA,NA,NA,NA,NA,NA,NA,NA,NA,NA,NA,NA,NA,NA,NA,NA,NA,NA,NA,NA,NA,NA,NA,NA,NA,NA,NA,NA,NA,NA,NA,NA,NA,NA,NA
"Konza4","Bu","FieldBlank","S9PI",20250329,"3/31/2025","Lampman","FieldBlank3.A","FieldBlank3","A",4,2,0,2,NA,NA,NA,"FieldBlank3.A","K4_D",NA,NA,NA,NA,NA,NA,NA,2.175,1.925,0.25,0,0.075,0.075,4.770625,4.114375,0,0,0,0,1,NA,NA,NA,NA,NA,NA,NA,NA,NA,NA,NA,NA,NA,NA,NA,NA,NA,NA,NA,NA,NA,NA,NA,NA,NA,NA,NA,NA,NA,NA,NA,NA,NA,NA,NA,NA,NA,NA,NA,NA,NA,NA,NA,NA,NA,NA,NA,NA,NA,NA,NA,NA,NA,NA,NA
"Konza4","Bu","FieldBlank","S9PI",20250329,"3/31/2025","Lampman","FieldBlank3.A","FieldBlank3","A",5,1,0,1,NA,NA,NA,"FieldBlank3.A","K4_D",NA,NA,NA,NA,NA,NA,NA,2.175,1.925,0.25,0,0,0,3.00125,2.62625,0,0,0,0,1,NA,NA,NA,NA,NA,NA,NA,NA,NA,NA,NA,NA,NA,NA,NA,NA,NA,NA,NA,NA,NA,NA,NA,NA,NA,NA,NA,NA,NA,NA,NA,NA,NA,NA,NA,NA,NA,NA,NA,NA,NA,NA,NA,NA,NA,NA,NA,NA,NA,NA,NA,NA,NA,NA,NA
"Konza4","Bu","FieldBlank","S9PI",20250329,"3/31/2025","Lampman","FieldBlank3.A","FieldBlank3","A",6,1,1,2,NA,NA,NA,"FieldBlank3.A","K4_D",NA,NA,NA,NA,NA,NA,NA,2.175,1.925,0.25,0.75,0,0.75,4.770625,4.114375,0.34375,0,0.34375,0,0.5,NA,NA,NA,NA,NA,NA,NA,NA,NA,NA,NA,NA,NA,NA,NA,NA,NA,NA,NA,NA,NA,NA,NA,NA,NA,NA,NA,NA,NA,NA,NA,NA,NA,NA,NA,NA,NA,NA,NA,NA,NA,NA,NA,NA,NA,NA,NA,NA,NA,NA,NA,NA,NA,NA,NA
"Konza4","Bu","FieldBlank","S9PI",20250329,"3/31/2025","Lampman","FieldBlank3.A","FieldBlank3","A",7,3,0,3,NA,NA,NA,"FieldBlank3.A","K4_D",NA,NA,NA,NA,NA,NA,NA,2.175,1.925,0.25,0,1.075,1.075,3.00125,2.62625,0,0.37375,0.37375,0,1,NA,NA,NA,NA,NA,NA,NA,NA,NA,NA,NA,NA,NA,NA,NA,NA,NA,NA,NA,NA,NA,NA,NA,NA,NA,NA,NA,NA,NA,NA,NA,NA,NA,NA,NA,NA,NA,NA,NA,NA,NA,NA,NA,NA,NA,NA,NA,NA,NA,NA,NA,NA,NA,NA,NA
"Konza4","Bu","FieldBlank","S9PI",20250329,"3/31/2025","Lampman","FieldBlank3.A","FieldBlank3","A",8,3,1,4,NA,NA,NA,"FieldBlank3.A","K4_D",NA,NA,NA,NA,NA,NA,NA,2.175,1.925,0.25,0.75,1.075,1.825,4.770625,4.114375,0.34375,0,0.34375,0,0.75,NA,NA,NA,NA,NA,NA,NA,NA,NA,NA,NA,NA,NA,NA,NA,NA,NA,NA,NA,NA,NA,NA,NA,NA,NA,NA,NA,NA,NA,NA,NA,NA,NA,NA,NA,NA,NA,NA,NA,NA,NA,NA,NA,NA,NA,NA,NA,NA,NA,NA,NA,NA,NA,NA,NA
"Konza4","Bu","FieldBlank","S9PI",20250329,"3/31/2025","Lampman","FieldBlank3.A","FieldBlank3","A",9,2,0,2,NA,NA,NA,"FieldBlank3.A","K4_D",NA,NA,NA,NA,NA,NA,NA,2.175,1.925,0.25,0,0.075,0.075,3.00125,2.62625,0,0,0,0,1,NA,NA,NA,NA,NA,NA,NA,NA,NA,NA,NA,NA,NA,NA,NA,NA,NA,NA,NA,NA,NA,NA,NA,NA,NA,NA,NA,NA,NA,NA,NA,NA,NA,NA,NA,NA,NA,NA,NA,NA,NA,NA,NA,NA,NA,NA,NA,NA,NA,NA,NA,NA,NA,NA,NA
"Konza4","Bu","FieldBlank","S9PI",20250329,"3/31/2025","Lampman","FieldBlank3.A","FieldBlank3","A",10,0,0,0,NA,NA,NA,"FieldBlank3.A","K4_D",NA,NA,NA,NA,NA,NA,NA,2.175,1.925,0.25,0,0,0,4.770625,4.114375,0,0,0,0,NA,NA,NA,NA,NA,NA,NA,NA,NA,NA,NA,NA,NA,NA,NA,NA,NA,NA,NA,NA,NA,NA,NA,NA,NA,NA,NA,NA,NA,NA,NA,NA,NA,NA,NA,NA,NA,NA,NA,NA,NA,NA,NA,NA,NA,NA,NA,NA,NA,NA,NA,NA,NA,NA,NA,NA
"Konza4","Bu","FieldBlank","S9PI",20250329,"3/31/2025","Lampman","FieldBlank3.A","FieldBlank3","A",11,0,0,0,NA,NA,NA,"FieldBlank3.A","K4_D",NA,NA,NA,NA,NA,NA,NA,2.175,1.925,0.25,0,0,0,3.00125,2.62625,0,0,0,0,NA,NA,NA,NA,NA,NA,NA,NA,NA,NA,NA,NA,NA,NA,NA,NA,NA,NA,NA,NA,NA,NA,NA,NA,NA,NA,NA,NA,NA,NA,NA,NA,NA,NA,NA,NA,NA,NA,NA,NA,NA,NA,NA,NA,NA,NA,NA,NA,NA,NA,NA,NA,NA,NA,NA,NA
"Konza4","Bu","FieldBlank","S9PI",20250329,"3/31/2025","Lampman","FieldBlank3.A","FieldBlank3","A",12,0,0,0,NA,NA,NA,"FieldBlank3.A","K4_D",NA,NA,NA,NA,NA,NA,NA,2.175,1.925,0.25,0,0,0,4.770625,4.114375,0,0,0,0,NA,NA,NA,NA,NA,NA,NA,NA,NA,NA,NA,NA,NA,NA,NA,NA,NA,NA,NA,NA,NA,NA,NA,NA,NA,NA,NA,NA,NA,NA,NA,NA,NA,NA,NA,NA,NA,NA,NA,NA,NA,NA,NA,NA,NA,NA,NA,NA,NA,NA,NA,NA,NA,NA,NA,NA
"Konza4","Bu","FieldBlank","S9PI",20250329,"3/31/2025","Lampman","FieldBlank3.A","FieldBlank3","A",13,4,0,4,NA,NA,NA,"FieldBlank3.A","K4_D",NA,NA,NA,NA,NA,NA,NA,2.175,1.925,0.25,0,2.075,2.075,3.00125,2.62625,0,1.37375,1.37375,0,1,NA,NA,NA,NA,NA,NA,NA,NA,NA,NA,NA,NA,NA,NA,NA,NA,NA,NA,NA,NA,NA,NA,NA,NA,NA,NA,NA,NA,NA,NA,NA,NA,NA,NA,NA,NA,NA,NA,NA,NA,NA,NA,NA,NA,NA,NA,NA,NA,NA,NA,NA,NA,NA,NA,NA
"Konza4","Bu","FieldBlank","S9PI",20250329,"3/31/2025","Lampman","FieldBlank3.A","FieldBlank3","A",14,0,3,3,NA,NA,NA,"FieldBlank3.A","K4_D",NA,NA,NA,NA,NA,NA,NA,2.175,1.925,0.25,2.75,0,2.75,4.770625,4.114375,2.34375,0,2.34375,0,0,NA,NA,NA,NA,NA,NA,NA,NA,NA,NA,NA,NA,NA,NA,NA,NA,NA,NA,NA,NA,NA,NA,NA,NA,NA,NA,NA,NA,NA,NA,NA,NA,NA,NA,NA,NA,NA,NA,NA,NA,NA,NA,NA,NA,NA,NA,NA,NA,NA,NA,NA,NA,NA,NA,NA
"Konza4","Bu","FieldBlank","S9PI",20250329,"3/31/2025","Lampman","FieldBlank3.A","FieldBlank3","A",15,2,0,2,NA,NA,NA,"FieldBlank3.A","K4_D",NA,NA,NA,NA,NA,NA,NA,2.175,1.925,0.25,0,0.075,0.075,3.00125,2.62625,0,0,0,0,1,NA,NA,NA,NA,NA,NA,NA,NA,NA,NA,NA,NA,NA,NA,NA,NA,NA,NA,NA,NA,NA,NA,NA,NA,NA,NA,NA,NA,NA,NA,NA,NA,NA,NA,NA,NA,NA,NA,NA,NA,NA,NA,NA,NA,NA,NA,NA,NA,NA,NA,NA,NA,NA,NA,NA
"Konza4","Bu","FieldBlank","S9PI",20250329,"3/31/2025","Lampman","FieldBlank3.A","FieldBlank3","A",16,1,0,1,NA,NA,NA,"FieldBlank3.A","K4_D",NA,NA,NA,NA,NA,NA,NA,2.175,1.925,0.25,0,0,0,4.770625,4.114375,0,0,0,0,1,NA,NA,NA,NA,NA,NA,NA,NA,NA,NA,NA,NA,NA,NA,NA,NA,NA,NA,NA,NA,NA,NA,NA,NA,NA,NA,NA,NA,NA,NA,NA,NA,NA,NA,NA,NA,NA,NA,NA,NA,NA,NA,NA,NA,NA,NA,NA,NA,NA,NA,NA,NA,NA,NA,NA
"Konza4","Bu","FieldBlank","S9PI",20250329,"3/31/2025","Lampman","FieldBlank3.A","FieldBlank3","A",17,2,0,2,NA,NA,NA,"FieldBlank3.A","K4_D",NA,NA,NA,NA,NA,NA,NA,2.175,1.925,0.25,0,0.075,0.075,3.00125,2.62625,0,0,0,0,1,NA,NA,NA,NA,NA,NA,NA,NA,NA,NA,NA,NA,NA,NA,NA,NA,NA,NA,NA,NA,NA,NA,NA,NA,NA,NA,NA,NA,NA,NA,NA,NA,NA,NA,NA,NA,NA,NA,NA,NA,NA,NA,NA,NA,NA,NA,NA,NA,NA,NA,NA,NA,NA,NA,NA
"Konza4","Bu","FieldBlank","S9PI",20250329,"3/31/2025","Lampman","FieldBlank3.A","FieldBlank3","A",18,0,0,0,NA,NA,NA,"FieldBlank3.A","K4_D",NA,NA,NA,NA,NA,NA,NA,2.175,1.925,0.25,0,0,0,4.770625,4.114375,0,0,0,0,NA,NA,NA,NA,NA,NA,NA,NA,NA,NA,NA,NA,NA,NA,NA,NA,NA,NA,NA,NA,NA,NA,NA,NA,NA,NA,NA,NA,NA,NA,NA,NA,NA,NA,NA,NA,NA,NA,NA,NA,NA,NA,NA,NA,NA,NA,NA,NA,NA,NA,NA,NA,NA,NA,NA,NA
"Konza4","Bu","FieldBlank","S9PI",20250329,"3/31/2025","Lampman","FieldBlank3.A","FieldBlank3","A",19,5,0,5,NA,NA,NA,"FieldBlank3.A","K4_D",NA,NA,NA,NA,NA,NA,NA,2.175,1.925,0.25,0,3.075,3.075,3.00125,2.62625,0,2.37375,2.37375,0,1,NA,NA,NA,NA,NA,NA,NA,NA,NA,NA,NA,NA,NA,NA,NA,NA,NA,NA,NA,NA,NA,NA,NA,NA,NA,NA,NA,NA,NA,NA,NA,NA,NA,NA,NA,NA,NA,NA,NA,NA,NA,NA,NA,NA,NA,NA,NA,NA,NA,NA,NA,NA,NA,NA,NA
"Konza4","Bu","FieldBlank","S9PI",20250329,"3/31/2025","Lampman","FieldBlank3.A","FieldBlank3","A",20,1,0,1,NA,NA,NA,"FieldBlank3.A","K4_D",NA,NA,NA,NA,NA,NA,NA,2.175,1.925,0.25,0,0,0,4.770625,4.114375,0,0,0,0,1,NA,NA,NA,NA,NA,NA,NA,NA,NA,NA,NA,NA,NA,NA,NA,NA,NA,NA,NA,NA,NA,NA,NA,NA,NA,NA,NA,NA,NA,NA,NA,NA,NA,NA,NA,NA,NA,NA,NA,NA,NA,NA,NA,NA,NA,NA,NA,NA,NA,NA,NA,NA,NA,NA,NA
"Konza4","Bu","FieldBlank","S9PI",20250329,"3/31/2025","Lampman","FieldBlank3.A","FieldBlank3","A",21,3,0,3,NA,NA,NA,"FieldBlank3.A","K4_D",NA,NA,NA,NA,NA,NA,NA,2.175,1.925,0.25,0,1.075,1.075,3.00125,2.62625,0,0.37375,0.37375,0,1,NA,NA,NA,NA,NA,NA,NA,NA,NA,NA,NA,NA,NA,NA,NA,NA,NA,NA,NA,NA,NA,NA,NA,NA,NA,NA,NA,NA,NA,NA,NA,NA,NA,NA,NA,NA,NA,NA,NA,NA,NA,NA,NA,NA,NA,NA,NA,NA,NA,NA,NA,NA,NA,NA,NA
"Konza4","Bu","FieldBlank","S9PI",20250329,"3/31/2025","Lampman","FieldBlank3.A","FieldBlank3","A",22,1,0,1,NA,NA,NA,"FieldBlank3.A","K4_D",NA,NA,NA,NA,NA,NA,NA,2.175,1.925,0.25,0,0,0,4.770625,4.114375,0,0,0,0,1,NA,NA,NA,NA,NA,NA,NA,NA,NA,NA,NA,NA,NA,NA,NA,NA,NA,NA,NA,NA,NA,NA,NA,NA,NA,NA,NA,NA,NA,NA,NA,NA,NA,NA,NA,NA,NA,NA,NA,NA,NA,NA,NA,NA,NA,NA,NA,NA,NA,NA,NA,NA,NA,NA,NA
"Konza4","Bu","FieldBlank","S9PI",20250329,"3/31/2025","Lampman","FieldBlank3.A","FieldBlank3","A",23,0,0,0,NA,NA,NA,"FieldBlank3.A","K4_D",NA,NA,NA,NA,NA,NA,NA,2.175,1.925,0.25,0,0,0,3.00125,2.62625,0,0,0,0,NA,NA,NA,NA,NA,NA,NA,NA,NA,NA,NA,NA,NA,NA,NA,NA,NA,NA,NA,NA,NA,NA,NA,NA,NA,NA,NA,NA,NA,NA,NA,NA,NA,NA,NA,NA,NA,NA,NA,NA,NA,NA,NA,NA,NA,NA,NA,NA,NA,NA,NA,NA,NA,NA,NA,NA
"Konza4","Bu","FieldBlank","S9PI",20250329,"3/31/2025","Lampman","FieldBlank3.A","FieldBlank3","A",24,0,0,0,NA,NA,NA,"FieldBlank3.A","K4_D",NA,NA,NA,NA,NA,NA,NA,2.175,1.925,0.25,0,0,0,4.770625,4.114375,0,0,0,0,NA,NA,NA,NA,NA,NA,NA,NA,NA,NA,NA,NA,NA,NA,NA,NA,NA,NA,NA,NA,NA,NA,NA,NA,NA,NA,NA,NA,NA,NA,NA,NA,NA,NA,NA,NA,NA,NA,NA,NA,NA,NA,NA,NA,NA,NA,NA,NA,NA,NA,NA,NA,NA,NA,NA,NA
"Konza4","Bu","FieldBlank","S9PI",20250329,"3/31/2025","Lampman","FieldBlank3.A","FieldBlank3","A",25,1,0,1,NA,NA,NA,"FieldBlank3.A","K4_D",NA,NA,NA,NA,NA,NA,NA,2.175,1.925,0.25,0,0,0,3.00125,2.62625,0,0,0,0,1,NA,NA,NA,NA,NA,NA,NA,NA,NA,NA,NA,NA,NA,NA,NA,NA,NA,NA,NA,NA,NA,NA,NA,NA,NA,NA,NA,NA,NA,NA,NA,NA,NA,NA,NA,NA,NA,NA,NA,NA,NA,NA,NA,NA,NA,NA,NA,NA,NA,NA,NA,NA,NA,NA,NA
"Konza4","Bu","FieldBlank","S9PI",20250329,"3/31/2025","Lampman","FieldBlank3.A","FieldBlank3","A",26,1,0,1,NA,NA,NA,"FieldBlank3.A","K4_D",NA,NA,NA,NA,NA,NA,NA,2.175,1.925,0.25,0,0,0,4.770625,4.114375,0,0,0,0,1,NA,NA,NA,NA,NA,NA,NA,NA,NA,NA,NA,NA,NA,NA,NA,NA,NA,NA,NA,NA,NA,NA,NA,NA,NA,NA,NA,NA,NA,NA,NA,NA,NA,NA,NA,NA,NA,NA,NA,NA,NA,NA,NA,NA,NA,NA,NA,NA,NA,NA,NA,NA,NA,NA,NA
"Konza4","Bu","FieldBlank","S9PI",20250329,"3/31/2025","Lampman","FieldBlank3.A","FieldBlank3","A",27,3,0,3,NA,NA,NA,"FieldBlank3.A","K4_D",NA,NA,NA,NA,NA,NA,NA,2.175,1.925,0.25,0,1.075,1.075,3.00125,2.62625,0,0.37375,0.37375,0,1,NA,NA,NA,NA,NA,NA,NA,NA,NA,NA,NA,NA,NA,NA,NA,NA,NA,NA,NA,NA,NA,NA,NA,NA,NA,NA,NA,NA,NA,NA,NA,NA,NA,NA,NA,NA,NA,NA,NA,NA,NA,NA,NA,NA,NA,NA,NA,NA,NA,NA,NA,NA,NA,NA,NA
"Konza4","Bu","FieldBlank","S9PI",20250329,"3/31/2025","Lampman","FieldBlank3.A","FieldBlank3","A",28,0,1,1,NA,NA,NA,"FieldBlank3.A","K4_D",NA,NA,NA,NA,NA,NA,NA,2.175,1.925,0.25,0.75,0,0.75,4.770625,4.114375,0.34375,0,0.34375,0,0,NA,NA,NA,NA,NA,NA,NA,NA,NA,NA,NA,NA,NA,NA,NA,NA,NA,NA,NA,NA,NA,NA,NA,NA,NA,NA,NA,NA,NA,NA,NA,NA,NA,NA,NA,NA,NA,NA,NA,NA,NA,NA,NA,NA,NA,NA,NA,NA,NA,NA,NA,NA,NA,NA,NA
"Konza4","Bu","FieldBlank","S9PI",20250329,"3/31/2025","Lampman","FieldBlank3.A","FieldBlank3","A",29,2,0,2,NA,NA,NA,"FieldBlank3.A","K4_D",NA,NA,NA,NA,NA,NA,NA,2.175,1.925,0.25,0,0.075,0.075,3.00125,2.62625,0,0,0,0,1,NA,NA,NA,NA,NA,NA,NA,NA,NA,NA,NA,NA,NA,NA,NA,NA,NA,NA,NA,NA,NA,NA,NA,NA,NA,NA,NA,NA,NA,NA,NA,NA,NA,NA,NA,NA,NA,NA,NA,NA,NA,NA,NA,NA,NA,NA,NA,NA,NA,NA,NA,NA,NA,NA,NA
"Konza4","Bu","FieldBlank","S9PI",20250329,"3/31/2025","Lampman","FieldBlank3.A","FieldBlank3","A",30,0,0,0,NA,NA,NA,"FieldBlank3.A","K4_D",NA,NA,NA,NA,NA,NA,NA,2.175,1.925,0.25,0,0,0,4.770625,4.114375,0,0,0,0,NA,NA,NA,NA,NA,NA,NA,NA,NA,NA,NA,NA,NA,NA,NA,NA,NA,NA,NA,NA,NA,NA,NA,NA,NA,NA,NA,NA,NA,NA,NA,NA,NA,NA,NA,NA,NA,NA,NA,NA,NA,NA,NA,NA,NA,NA,NA,NA,NA,NA,NA,NA,NA,NA,NA,NA
"Konza4","Bu","FieldBlank","S9PI",20250329,"3/31/2025","Lampman","FieldBlank3.A","FieldBlank3","A",31,1,0,1,NA,NA,NA,"FieldBlank3.A","K4_D",NA,NA,NA,NA,NA,NA,NA,2.175,1.925,0.25,0,0,0,3.00125,2.62625,0,0,0,0,1,NA,NA,NA,NA,NA,NA,NA,NA,NA,NA,NA,NA,NA,NA,NA,NA,NA,NA,NA,NA,NA,NA,NA,NA,NA,NA,NA,NA,NA,NA,NA,NA,NA,NA,NA,NA,NA,NA,NA,NA,NA,NA,NA,NA,NA,NA,NA,NA,NA,NA,NA,NA,NA,NA,NA
"Konza4","Bu","FieldBlank","S9PI",20250329,"3/31/2025","Lampman","FieldBlank3.A","FieldBlank3","A",32,0,0,0,NA,NA,NA,"FieldBlank3.A","K4_D",NA,NA,NA,NA,NA,NA,NA,2.175,1.925,0.25,0,0,0,4.770625,4.114375,0,0,0,0,NA,NA,NA,NA,NA,NA,NA,NA,NA,NA,NA,NA,NA,NA,NA,NA,NA,NA,NA,NA,NA,NA,NA,NA,NA,NA,NA,NA,NA,NA,NA,NA,NA,NA,NA,NA,NA,NA,NA,NA,NA,NA,NA,NA,NA,NA,NA,NA,NA,NA,NA,NA,NA,NA,NA,NA
"Konza4","Bu","FieldBlank","S9PI",20250329,"3/31/2025","Lampman","FieldBlank3.A","FieldBlank3","A",33,0,0,0,NA,NA,NA,"FieldBlank3.A","K4_D",NA,NA,NA,NA,NA,NA,NA,2.175,1.925,0.25,0,0,0,3.00125,2.62625,0,0,0,0,NA,NA,NA,NA,NA,NA,NA,NA,NA,NA,NA,NA,NA,NA,NA,NA,NA,NA,NA,NA,NA,NA,NA,NA,NA,NA,NA,NA,NA,NA,NA,NA,NA,NA,NA,NA,NA,NA,NA,NA,NA,NA,NA,NA,NA,NA,NA,NA,NA,NA,NA,NA,NA,NA,NA,NA
"Konza4","Bu","FieldBlank","S9PI",20250329,"3/31/2025","Lampman","FieldBlank3.A","FieldBlank3","A",34,0,0,0,NA,NA,NA,"FieldBlank3.A","K4_D",NA,NA,NA,NA,NA,NA,NA,2.175,1.925,0.25,0,0,0,4.770625,4.114375,0,0,0,0,NA,NA,NA,NA,NA,NA,NA,NA,NA,NA,NA,NA,NA,NA,NA,NA,NA,NA,NA,NA,NA,NA,NA,NA,NA,NA,NA,NA,NA,NA,NA,NA,NA,NA,NA,NA,NA,NA,NA,NA,NA,NA,NA,NA,NA,NA,NA,NA,NA,NA,NA,NA,NA,NA,NA,NA
"Konza4","Bu","FieldBlank","S9PI",20250329,"3/31/2025","Lampman","FieldBlank3.A","FieldBlank3","A",35,2,0,2,NA,NA,NA,"FieldBlank3.A","K4_D",NA,NA,NA,NA,NA,NA,NA,2.175,1.925,0.25,0,0.075,0.075,3.00125,2.62625,0,0,0,0,1,NA,NA,NA,NA,NA,NA,NA,NA,NA,NA,NA,NA,NA,NA,NA,NA,NA,NA,NA,NA,NA,NA,NA,NA,NA,NA,NA,NA,NA,NA,NA,NA,NA,NA,NA,NA,NA,NA,NA,NA,NA,NA,NA,NA,NA,NA,NA,NA,NA,NA,NA,NA,NA,NA,NA
"Konza4","Bu","FieldBlank","S9PI",20250329,"3/31/2025","Lampman","FieldBlank3.A","FieldBlank3","A",36,1,0,1,NA,NA,NA,"FieldBlank3.A","K4_D",NA,NA,NA,NA,NA,NA,NA,2.175,1.925,0.25,0,0,0,4.770625,4.114375,0,0,0,0,1,NA,NA,NA,NA,NA,NA,NA,NA,NA,NA,NA,NA,NA,NA,NA,NA,NA,NA,NA,NA,NA,NA,NA,NA,NA,NA,NA,NA,NA,NA,NA,NA,NA,NA,NA,NA,NA,NA,NA,NA,NA,NA,NA,NA,NA,NA,NA,NA,NA,NA,NA,NA,NA,NA,NA
"Konza4","Bu","FieldBlank","S9PI",20250329,"3/31/2025","Lampman","FieldBlank3.A","FieldBlank3","A",37,4,0,4,NA,NA,NA,"FieldBlank3.A","K4_D",NA,NA,NA,NA,NA,NA,NA,2.175,1.925,0.25,0,2.075,2.075,3.00125,2.62625,0,1.37375,1.37375,0,1,NA,NA,NA,NA,NA,NA,NA,NA,NA,NA,NA,NA,NA,NA,NA,NA,NA,NA,NA,NA,NA,NA,NA,NA,NA,NA,NA,NA,NA,NA,NA,NA,NA,NA,NA,NA,NA,NA,NA,NA,NA,NA,NA,NA,NA,NA,NA,NA,NA,NA,NA,NA,NA,NA,NA
"Konza4","Bu","FieldBlank","S9PI",20250329,"3/31/2025","Lampman","FieldBlank3.A","FieldBlank3","A",38,0,0,0,NA,NA,NA,"FieldBlank3.A","K4_D",NA,NA,NA,NA,NA,NA,NA,2.175,1.925,0.25,0,0,0,4.770625,4.114375,0,0,0,0,NA,NA,NA,NA,NA,NA,NA,NA,NA,NA,NA,NA,NA,NA,NA,NA,NA,NA,NA,NA,NA,NA,NA,NA,NA,NA,NA,NA,NA,NA,NA,NA,NA,NA,NA,NA,NA,NA,NA,NA,NA,NA,NA,NA,NA,NA,NA,NA,NA,NA,NA,NA,NA,NA,NA,NA
"Konza4","Bu","FieldBlank","S9PI",20250329,"3/31/2025","Lampman","FieldBlank3.A","FieldBlank3","A",39,0,0,0,NA,NA,NA,"FieldBlank3.A","K4_D",NA,NA,NA,NA,NA,NA,NA,2.175,1.925,0.25,0,0,0,3.00125,2.62625,0,0,0,0,NA,NA,NA,NA,NA,NA,NA,NA,NA,NA,NA,NA,NA,NA,NA,NA,NA,NA,NA,NA,NA,NA,NA,NA,NA,NA,NA,NA,NA,NA,NA,NA,NA,NA,NA,NA,NA,NA,NA,NA,NA,NA,NA,NA,NA,NA,NA,NA,NA,NA,NA,NA,NA,NA,NA,NA
"Konza4","Bu","FieldBlank","S9PI",20250329,"3/31/2025","Lampman","FieldBlank3.A","FieldBlank3","A",40,1,0,1,NA,NA,NA,"FieldBlank3.A","K4_D",NA,NA,NA,NA,NA,NA,NA,2.175,1.925,0.25,0,0,0,4.770625,4.114375,0,0,0,0,1,NA,NA,NA,NA,NA,NA,NA,NA,NA,NA,NA,NA,NA,NA,NA,NA,NA,NA,NA,NA,NA,NA,NA,NA,NA,NA,NA,NA,NA,NA,NA,NA,NA,NA,NA,NA,NA,NA,NA,NA,NA,NA,NA,NA,NA,NA,NA,NA,NA,NA,NA,NA,NA,NA,NA
"Konza4","Bu","LabBlank","S9PI",20250329,"3/31/2025","Lampman","LabBlank4.A","FieldBlank3.A, FieldBlank4.A","B",1,0,0,0,NA,NA,NA,"LabBlank4.A","K4_D",NA,NA,NA,NA,NA,NA,NA,2.175,1.925,0.25,0,0,0,3.00125,2.62625,0,0,0,0,NA,NA,NA,NA,NA,NA,NA,NA,NA,NA,NA,NA,NA,NA,NA,NA,NA,NA,NA,NA,NA,NA,NA,NA,NA,NA,NA,NA,NA,NA,NA,NA,NA,NA,NA,NA,NA,NA,NA,NA,NA,NA,NA,NA,NA,NA,NA,NA,NA,NA,NA,NA,NA,NA,NA,NA
"Konza4","Bu","LabBlank","S9PI",20250329,"3/31/2025","Lampman","LabBlank4.A","FieldBlank3.A, FieldBlank4.A","B",2,0,0,0,NA,NA,NA,"LabBlank4.A","K4_D",NA,NA,NA,NA,NA,NA,NA,2.175,1.925,0.25,0,0,0,4.770625,4.114375,0,0,0,0,NA,NA,NA,NA,NA,NA,NA,NA,NA,NA,NA,NA,NA,NA,NA,NA,NA,NA,NA,NA,NA,NA,NA,NA,NA,NA,NA,NA,NA,NA,NA,NA,NA,NA,NA,NA,NA,NA,NA,NA,NA,NA,NA,NA,NA,NA,NA,NA,NA,NA,NA,NA,NA,NA,NA,NA
"Konza4","Bu","LabBlank","S9PI",20250329,"3/31/2025","Lampman","LabBlank4.A","FieldBlank3.A, FieldBlank4.A","B",3,1,0,1,NA,NA,NA,"LabBlank4.A","K4_D",NA,NA,NA,NA,NA,NA,NA,2.175,1.925,0.25,0,0,0,3.00125,2.62625,0,0,0,0,1,NA,NA,NA,NA,NA,NA,NA,NA,NA,NA,NA,NA,NA,NA,NA,NA,NA,NA,NA,NA,NA,NA,NA,NA,NA,NA,NA,NA,NA,NA,NA,NA,NA,NA,NA,NA,NA,NA,NA,NA,NA,NA,NA,NA,NA,NA,NA,NA,NA,NA,NA,NA,NA,NA,NA
"Konza4","Bu","LabBlank","S9PI",20250329,"3/31/2025","Lampman","LabBlank4.A","FieldBlank3.A, FieldBlank4.A","B",4,4,0,4,NA,NA,NA,"LabBlank4.A","K4_D",NA,NA,NA,NA,NA,NA,NA,2.175,1.925,0.25,0,2.075,2.075,4.770625,4.114375,0,0,0,0,1,NA,NA,NA,NA,NA,NA,NA,NA,NA,NA,NA,NA,NA,NA,NA,NA,NA,NA,NA,NA,NA,NA,NA,NA,NA,NA,NA,NA,NA,NA,NA,NA,NA,NA,NA,NA,NA,NA,NA,NA,NA,NA,NA,NA,NA,NA,NA,NA,NA,NA,NA,NA,NA,NA,NA
"Konza4","Bu","LabBlank","S9PI",20250329,"3/31/2025","Lampman","LabBlank4.A","FieldBlank3.A, FieldBlank4.A","B",5,0,0,0,NA,NA,NA,"LabBlank4.A","K4_D",NA,NA,NA,NA,NA,NA,NA,2.175,1.925,0.25,0,0,0,3.00125,2.62625,0,0,0,0,NA,NA,NA,NA,NA,NA,NA,NA,NA,NA,NA,NA,NA,NA,NA,NA,NA,NA,NA,NA,NA,NA,NA,NA,NA,NA,NA,NA,NA,NA,NA,NA,NA,NA,NA,NA,NA,NA,NA,NA,NA,NA,NA,NA,NA,NA,NA,NA,NA,NA,NA,NA,NA,NA,NA,NA
"Konza4","Bu","LabBlank","S9PI",20250329,"3/31/2025","Lampman","LabBlank4.A","FieldBlank3.A, FieldBlank4.A","B",6,0,0,0,NA,NA,NA,"LabBlank4.A","K4_D",NA,NA,NA,NA,NA,NA,NA,2.175,1.925,0.25,0,0,0,4.770625,4.114375,0,0,0,0,NA,NA,NA,NA,NA,NA,NA,NA,NA,NA,NA,NA,NA,NA,NA,NA,NA,NA,NA,NA,NA,NA,NA,NA,NA,NA,NA,NA,NA,NA,NA,NA,NA,NA,NA,NA,NA,NA,NA,NA,NA,NA,NA,NA,NA,NA,NA,NA,NA,NA,NA,NA,NA,NA,NA,NA
"Konza4","Bu","LabBlank","S9PI",20250329,"3/31/2025","Lampman","LabBlank4.A","FieldBlank3.A, FieldBlank4.A","B",7,3,0,3,NA,NA,NA,"LabBlank4.A","K4_D",NA,NA,NA,NA,NA,NA,NA,2.175,1.925,0.25,0,1.075,1.075,3.00125,2.62625,0,0.37375,0.37375,0,1,NA,NA,NA,NA,NA,NA,NA,NA,NA,NA,NA,NA,NA,NA,NA,NA,NA,NA,NA,NA,NA,NA,NA,NA,NA,NA,NA,NA,NA,NA,NA,NA,NA,NA,NA,NA,NA,NA,NA,NA,NA,NA,NA,NA,NA,NA,NA,NA,NA,NA,NA,NA,NA,NA,NA
"Konza4","Bu","LabBlank","S9PI",20250329,"3/31/2025","Lampman","LabBlank4.A","FieldBlank3.A, FieldBlank4.A","B",8,0,0,0,NA,NA,NA,"LabBlank4.A","K4_D",NA,NA,NA,NA,NA,NA,NA,2.175,1.925,0.25,0,0,0,4.770625,4.114375,0,0,0,0,NA,NA,NA,NA,NA,NA,NA,NA,NA,NA,NA,NA,NA,NA,NA,NA,NA,NA,NA,NA,NA,NA,NA,NA,NA,NA,NA,NA,NA,NA,NA,NA,NA,NA,NA,NA,NA,NA,NA,NA,NA,NA,NA,NA,NA,NA,NA,NA,NA,NA,NA,NA,NA,NA,NA,NA
"Konza4","Bu","LabBlank","S9PI",20250329,"3/31/2025","Lampman","LabBlank4.A","FieldBlank3.A, FieldBlank4.A","B",9,0,0,0,NA,NA,NA,"LabBlank4.A","K4_D",NA,NA,NA,NA,NA,NA,NA,2.175,1.925,0.25,0,0,0,3.00125,2.62625,0,0,0,0,NA,NA,NA,NA,NA,NA,NA,NA,NA,NA,NA,NA,NA,NA,NA,NA,NA,NA,NA,NA,NA,NA,NA,NA,NA,NA,NA,NA,NA,NA,NA,NA,NA,NA,NA,NA,NA,NA,NA,NA,NA,NA,NA,NA,NA,NA,NA,NA,NA,NA,NA,NA,NA,NA,NA,NA
"Konza4","Bu","LabBlank","S9PI",20250329,"3/31/2025","Lampman","LabBlank4.A","FieldBlank3.A, FieldBlank4.A","B",10,1,0,1,NA,NA,NA,"LabBlank4.A","K4_D",NA,NA,NA,NA,NA,NA,NA,2.175,1.925,0.25,0,0,0,4.770625,4.114375,0,0,0,0,1,NA,NA,NA,NA,NA,NA,NA,NA,NA,NA,NA,NA,NA,NA,NA,NA,NA,NA,NA,NA,NA,NA,NA,NA,NA,NA,NA,NA,NA,NA,NA,NA,NA,NA,NA,NA,NA,NA,NA,NA,NA,NA,NA,NA,NA,NA,NA,NA,NA,NA,NA,NA,NA,NA,NA
"Konza4","Bu","LabBlank","S9PI",20250329,"3/31/2025","Lampman","LabBlank4.A","FieldBlank3.A, FieldBlank4.A","B",11,1,0,1,NA,NA,NA,"LabBlank4.A","K4_D",NA,NA,NA,NA,NA,NA,NA,2.175,1.925,0.25,0,0,0,3.00125,2.62625,0,0,0,0,1,NA,NA,NA,NA,NA,NA,NA,NA,NA,NA,NA,NA,NA,NA,NA,NA,NA,NA,NA,NA,NA,NA,NA,NA,NA,NA,NA,NA,NA,NA,NA,NA,NA,NA,NA,NA,NA,NA,NA,NA,NA,NA,NA,NA,NA,NA,NA,NA,NA,NA,NA,NA,NA,NA,NA
"Konza4","Bu","LabBlank","S9PI",20250329,"3/31/2025","Lampman","LabBlank4.A","FieldBlank3.A, FieldBlank4.A","B",12,0,0,0,NA,NA,NA,"LabBlank4.A","K4_D",NA,NA,NA,NA,NA,NA,NA,2.175,1.925,0.25,0,0,0,4.770625,4.114375,0,0,0,0,NA,NA,NA,NA,NA,NA,NA,NA,NA,NA,NA,NA,NA,NA,NA,NA,NA,NA,NA,NA,NA,NA,NA,NA,NA,NA,NA,NA,NA,NA,NA,NA,NA,NA,NA,NA,NA,NA,NA,NA,NA,NA,NA,NA,NA,NA,NA,NA,NA,NA,NA,NA,NA,NA,NA,NA
"Konza4","Bu","LabBlank","S9PI",20250329,"3/31/2025","Lampman","LabBlank4.A","FieldBlank3.A, FieldBlank4.A","B",13,1,0,1,NA,NA,NA,"LabBlank4.A","K4_D",NA,NA,NA,NA,NA,NA,NA,2.175,1.925,0.25,0,0,0,3.00125,2.62625,0,0,0,0,1,NA,NA,NA,NA,NA,NA,NA,NA,NA,NA,NA,NA,NA,NA,NA,NA,NA,NA,NA,NA,NA,NA,NA,NA,NA,NA,NA,NA,NA,NA,NA,NA,NA,NA,NA,NA,NA,NA,NA,NA,NA,NA,NA,NA,NA,NA,NA,NA,NA,NA,NA,NA,NA,NA,NA
"Konza4","Bu","LabBlank","S9PI",20250329,"3/31/2025","Lampman","LabBlank4.A","FieldBlank3.A, FieldBlank4.A","B",14,4,0,4,NA,NA,NA,"LabBlank4.A","K4_D",NA,NA,NA,NA,NA,NA,NA,2.175,1.925,0.25,0,2.075,2.075,4.770625,4.114375,0,0,0,0,1,NA,NA,NA,NA,NA,NA,NA,NA,NA,NA,NA,NA,NA,NA,NA,NA,NA,NA,NA,NA,NA,NA,NA,NA,NA,NA,NA,NA,NA,NA,NA,NA,NA,NA,NA,NA,NA,NA,NA,NA,NA,NA,NA,NA,NA,NA,NA,NA,NA,NA,NA,NA,NA,NA,NA
"Konza4","Bu","LabBlank","S9PI",20250329,"3/31/2025","Lampman","LabBlank4.A","FieldBlank3.A, FieldBlank4.A","B",15,1,0,1,NA,NA,NA,"LabBlank4.A","K4_D",NA,NA,NA,NA,NA,NA,NA,2.175,1.925,0.25,0,0,0,3.00125,2.62625,0,0,0,0,1,NA,NA,NA,NA,NA,NA,NA,NA,NA,NA,NA,NA,NA,NA,NA,NA,NA,NA,NA,NA,NA,NA,NA,NA,NA,NA,NA,NA,NA,NA,NA,NA,NA,NA,NA,NA,NA,NA,NA,NA,NA,NA,NA,NA,NA,NA,NA,NA,NA,NA,NA,NA,NA,NA,NA
"Konza4","Bu","LabBlank","S9PI",20250329,"3/31/2025","Lampman","LabBlank4.A","FieldBlank3.A, FieldBlank4.A","B",16,1,3,4,NA,NA,NA,"LabBlank4.A","K4_D",NA,NA,NA,NA,NA,NA,NA,2.175,1.925,0.25,2.75,0,2.75,4.770625,4.114375,2.34375,0,2.34375,0,0.25,NA,NA,NA,NA,NA,NA,NA,NA,NA,NA,NA,NA,NA,NA,NA,NA,NA,NA,NA,NA,NA,NA,NA,NA,NA,NA,NA,NA,NA,NA,NA,NA,NA,NA,NA,NA,NA,NA,NA,NA,NA,NA,NA,NA,NA,NA,NA,NA,NA,NA,NA,NA,NA,NA,NA
"Konza4","Bu","LabBlank","S9PI",20250329,"3/31/2025","Lampman","LabBlank4.A","FieldBlank3.A, FieldBlank4.A","B",17,4,0,4,NA,NA,NA,"LabBlank4.A","K4_D",NA,NA,NA,NA,NA,NA,NA,2.175,1.925,0.25,0,2.075,2.075,3.00125,2.62625,0,1.37375,1.37375,0,1,NA,NA,NA,NA,NA,NA,NA,NA,NA,NA,NA,NA,NA,NA,NA,NA,NA,NA,NA,NA,NA,NA,NA,NA,NA,NA,NA,NA,NA,NA,NA,NA,NA,NA,NA,NA,NA,NA,NA,NA,NA,NA,NA,NA,NA,NA,NA,NA,NA,NA,NA,NA,NA,NA,NA
"Konza4","Bu","LabBlank","S9PI",20250329,"3/31/2025","Lampman","LabBlank4.A","FieldBlank3.A, FieldBlank4.A","B",18,9,1,10,NA,NA,NA,"LabBlank4.A","K4_D",NA,NA,NA,NA,NA,NA,NA,2.175,1.925,0.25,0.75,7.075,7.825,4.770625,4.114375,0.34375,4.885625,5.229375,0,0.9,NA,NA,NA,NA,NA,NA,NA,NA,NA,NA,NA,NA,NA,NA,NA,NA,NA,NA,NA,NA,NA,NA,NA,NA,NA,NA,NA,NA,NA,NA,NA,NA,NA,NA,NA,NA,NA,NA,NA,NA,NA,NA,NA,NA,NA,NA,NA,NA,NA,NA,NA,NA,NA,NA,NA
"Konza4","Bu","LabBlank","S9PI",20250329,"3/31/2025","Lampman","LabBlank4.A","FieldBlank3.A, FieldBlank4.A","B",19,9,3,12,NA,NA,NA,"LabBlank4.A","K4_D",NA,NA,NA,NA,NA,NA,NA,2.175,1.925,0.25,2.75,7.075,9.825,3.00125,2.62625,2.625,6.37375,8.99875,0,0.75,NA,NA,NA,NA,NA,NA,NA,NA,NA,NA,NA,NA,NA,NA,NA,NA,NA,NA,NA,NA,NA,NA,NA,NA,NA,NA,NA,NA,NA,NA,NA,NA,NA,NA,NA,NA,NA,NA,NA,NA,NA,NA,NA,NA,NA,NA,NA,NA,NA,NA,NA,NA,NA,NA,NA
"Konza4","Bu","LabBlank","S9PI",20250329,"3/31/2025","Lampman","LabBlank4.A","FieldBlank3.A, FieldBlank4.A","B",20,0,0,0,NA,NA,NA,"LabBlank4.A","K4_D",NA,NA,NA,NA,NA,NA,NA,2.175,1.925,0.25,0,0,0,4.770625,4.114375,0,0,0,0,NA,NA,NA,NA,NA,NA,NA,NA,NA,NA,NA,NA,NA,NA,NA,NA,NA,NA,NA,NA,NA,NA,NA,NA,NA,NA,NA,NA,NA,NA,NA,NA,NA,NA,NA,NA,NA,NA,NA,NA,NA,NA,NA,NA,NA,NA,NA,NA,NA,NA,NA,NA,NA,NA,NA,NA
"Konza4","Bu","LabBlank","S9PI",20250329,"3/31/2025","Lampman","LabBlank4.A","FieldBlank3.A, FieldBlank4.A","B",21,0,0,0,NA,NA,NA,"LabBlank4.A","K4_D",NA,NA,NA,NA,NA,NA,NA,2.175,1.925,0.25,0,0,0,3.00125,2.62625,0,0,0,0,NA,NA,NA,NA,NA,NA,NA,NA,NA,NA,NA,NA,NA,NA,NA,NA,NA,NA,NA,NA,NA,NA,NA,NA,NA,NA,NA,NA,NA,NA,NA,NA,NA,NA,NA,NA,NA,NA,NA,NA,NA,NA,NA,NA,NA,NA,NA,NA,NA,NA,NA,NA,NA,NA,NA,NA
"Konza4","Bu","LabBlank","S9PI",20250329,"3/31/2025","Lampman","LabBlank4.A","FieldBlank3.A, FieldBlank4.A","B",22,4,0,4,NA,NA,NA,"LabBlank4.A","K4_D",NA,NA,NA,NA,NA,NA,NA,2.175,1.925,0.25,0,2.075,2.075,4.770625,4.114375,0,0,0,0,1,NA,NA,NA,NA,NA,NA,NA,NA,NA,NA,NA,NA,NA,NA,NA,NA,NA,NA,NA,NA,NA,NA,NA,NA,NA,NA,NA,NA,NA,NA,NA,NA,NA,NA,NA,NA,NA,NA,NA,NA,NA,NA,NA,NA,NA,NA,NA,NA,NA,NA,NA,NA,NA,NA,NA
"Konza4","Bu","LabBlank","S9PI",20250329,"3/31/2025","Lampman","LabBlank4.A","FieldBlank3.A, FieldBlank4.A","B",23,1,0,1,NA,NA,NA,"LabBlank4.A","K4_D",NA,NA,NA,NA,NA,NA,NA,2.175,1.925,0.25,0,0,0,3.00125,2.62625,0,0,0,0,1,NA,NA,NA,NA,NA,NA,NA,NA,NA,NA,NA,NA,NA,NA,NA,NA,NA,NA,NA,NA,NA,NA,NA,NA,NA,NA,NA,NA,NA,NA,NA,NA,NA,NA,NA,NA,NA,NA,NA,NA,NA,NA,NA,NA,NA,NA,NA,NA,NA,NA,NA,NA,NA,NA,NA
"Konza4","Bu","LabBlank","S9PI",20250329,"3/31/2025","Lampman","LabBlank4.A","FieldBlank3.A, FieldBlank4.A","B",24,2,0,2,NA,NA,NA,"LabBlank4.A","K4_D",NA,NA,NA,NA,NA,NA,NA,2.175,1.925,0.25,0,0.075,0.075,4.770625,4.114375,0,0,0,0,1,NA,NA,NA,NA,NA,NA,NA,NA,NA,NA,NA,NA,NA,NA,NA,NA,NA,NA,NA,NA,NA,NA,NA,NA,NA,NA,NA,NA,NA,NA,NA,NA,NA,NA,NA,NA,NA,NA,NA,NA,NA,NA,NA,NA,NA,NA,NA,NA,NA,NA,NA,NA,NA,NA,NA
"Konza4","Bu","LabBlank","S9PI",20250329,"3/31/2025","Lampman","LabBlank4.A","FieldBlank3.A, FieldBlank4.A","B",25,8,0,8,NA,NA,NA,"LabBlank4.A","K4_D",NA,NA,NA,NA,NA,NA,NA,2.175,1.925,0.25,0,6.075,6.075,3.00125,2.62625,0,5.37375,5.37375,0,1,NA,NA,NA,NA,NA,NA,NA,NA,NA,NA,NA,NA,NA,NA,NA,NA,NA,NA,NA,NA,NA,NA,NA,NA,NA,NA,NA,NA,NA,NA,NA,NA,NA,NA,NA,NA,NA,NA,NA,NA,NA,NA,NA,NA,NA,NA,NA,NA,NA,NA,NA,NA,NA,NA,NA
"Konza4","Bu","LabBlank","S9PI",20250329,"3/31/2025","Lampman","LabBlank4.A","FieldBlank3.A, FieldBlank4.A","B",26,0,0,0,NA,NA,NA,"LabBlank4.A","K4_D",NA,NA,NA,NA,NA,NA,NA,2.175,1.925,0.25,0,0,0,4.770625,4.114375,0,0,0,0,NA,NA,NA,NA,NA,NA,NA,NA,NA,NA,NA,NA,NA,NA,NA,NA,NA,NA,NA,NA,NA,NA,NA,NA,NA,NA,NA,NA,NA,NA,NA,NA,NA,NA,NA,NA,NA,NA,NA,NA,NA,NA,NA,NA,NA,NA,NA,NA,NA,NA,NA,NA,NA,NA,NA,NA
"Konza4","Bu","LabBlank","S9PI",20250329,"3/31/2025","Lampman","LabBlank4.A","FieldBlank3.A, FieldBlank4.A","B",27,0,0,0,NA,NA,NA,"LabBlank4.A","K4_D",NA,NA,NA,NA,NA,NA,NA,2.175,1.925,0.25,0,0,0,3.00125,2.62625,0,0,0,0,NA,NA,NA,NA,NA,NA,NA,NA,NA,NA,NA,NA,NA,NA,NA,NA,NA,NA,NA,NA,NA,NA,NA,NA,NA,NA,NA,NA,NA,NA,NA,NA,NA,NA,NA,NA,NA,NA,NA,NA,NA,NA,NA,NA,NA,NA,NA,NA,NA,NA,NA,NA,NA,NA,NA,NA
"Konza4","Bu","LabBlank","S9PI",20250329,"3/31/2025","Lampman","LabBlank4.A","FieldBlank3.A, FieldBlank4.A","B",28,1,3,4,NA,NA,NA,"LabBlank4.A","K4_D",NA,NA,NA,NA,NA,NA,NA,2.175,1.925,0.25,2.75,0,2.75,4.770625,4.114375,2.34375,0,2.34375,0,0.25,NA,NA,NA,NA,NA,NA,NA,NA,NA,NA,NA,NA,NA,NA,NA,NA,NA,NA,NA,NA,NA,NA,NA,NA,NA,NA,NA,NA,NA,NA,NA,NA,NA,NA,NA,NA,NA,NA,NA,NA,NA,NA,NA,NA,NA,NA,NA,NA,NA,NA,NA,NA,NA,NA,NA
"Konza4","Bu","LabBlank","S9PI",20250329,"3/31/2025","Lampman","LabBlank4.A","FieldBlank3.A, FieldBlank4.A","B",29,0,0,0,NA,NA,NA,"LabBlank4.A","K4_D",NA,NA,NA,NA,NA,NA,NA,2.175,1.925,0.25,0,0,0,3.00125,2.62625,0,0,0,0,NA,NA,NA,NA,NA,NA,NA,NA,NA,NA,NA,NA,NA,NA,NA,NA,NA,NA,NA,NA,NA,NA,NA,NA,NA,NA,NA,NA,NA,NA,NA,NA,NA,NA,NA,NA,NA,NA,NA,NA,NA,NA,NA,NA,NA,NA,NA,NA,NA,NA,NA,NA,NA,NA,NA,NA
"Konza4","Bu","LabBlank","S9PI",20250329,"3/31/2025","Lampman","LabBlank4.A","FieldBlank3.A, FieldBlank4.A","B",30,1,0,1,NA,NA,NA,"LabBlank4.A","K4_D",NA,NA,NA,NA,NA,NA,NA,2.175,1.925,0.25,0,0,0,4.770625,4.114375,0,0,0,0,1,NA,NA,NA,NA,NA,NA,NA,NA,NA,NA,NA,NA,NA,NA,NA,NA,NA,NA,NA,NA,NA,NA,NA,NA,NA,NA,NA,NA,NA,NA,NA,NA,NA,NA,NA,NA,NA,NA,NA,NA,NA,NA,NA,NA,NA,NA,NA,NA,NA,NA,NA,NA,NA,NA,NA
"Konza4","Bu","LabBlank","S9PI",20250329,"3/31/2025","Lampman","LabBlank4.A","FieldBlank3.A, FieldBlank4.A","B",31,3,0,3,NA,NA,NA,"LabBlank4.A","K4_D",NA,NA,NA,NA,NA,NA,NA,2.175,1.925,0.25,0,1.075,1.075,3.00125,2.62625,0,0.37375,0.37375,0,1,NA,NA,NA,NA,NA,NA,NA,NA,NA,NA,NA,NA,NA,NA,NA,NA,NA,NA,NA,NA,NA,NA,NA,NA,NA,NA,NA,NA,NA,NA,NA,NA,NA,NA,NA,NA,NA,NA,NA,NA,NA,NA,NA,NA,NA,NA,NA,NA,NA,NA,NA,NA,NA,NA,NA
"Konza4","Bu","LabBlank","S9PI",20250329,"3/31/2025","Lampman","LabBlank4.A","FieldBlank3.A, FieldBlank4.A","B",32,5,0,5,NA,NA,NA,"LabBlank4.A","K4_D",NA,NA,NA,NA,NA,NA,NA,2.175,1.925,0.25,0,3.075,3.075,4.770625,4.114375,0,0.885625,0.885625,0,1,NA,NA,NA,NA,NA,NA,NA,NA,NA,NA,NA,NA,NA,NA,NA,NA,NA,NA,NA,NA,NA,NA,NA,NA,NA,NA,NA,NA,NA,NA,NA,NA,NA,NA,NA,NA,NA,NA,NA,NA,NA,NA,NA,NA,NA,NA,NA,NA,NA,NA,NA,NA,NA,NA,NA
"Konza4","Bu","LabBlank","S9PI",20250329,"3/31/2025","Lampman","LabBlank4.A","FieldBlank3.A, FieldBlank4.A","B",33,5,0,5,NA,NA,NA,"LabBlank4.A","K4_D",NA,NA,NA,NA,NA,NA,NA,2.175,1.925,0.25,0,3.075,3.075,3.00125,2.62625,0,2.37375,2.37375,0,1,NA,NA,NA,NA,NA,NA,NA,NA,NA,NA,NA,NA,NA,NA,NA,NA,NA,NA,NA,NA,NA,NA,NA,NA,NA,NA,NA,NA,NA,NA,NA,NA,NA,NA,NA,NA,NA,NA,NA,NA,NA,NA,NA,NA,NA,NA,NA,NA,NA,NA,NA,NA,NA,NA,NA
"Konza4","Bu","LabBlank","S9PI",20250329,"3/31/2025","Lampman","LabBlank4.A","FieldBlank3.A, FieldBlank4.A","B",34,6,0,6,NA,NA,NA,"LabBlank4.A","K4_D",NA,NA,NA,NA,NA,NA,NA,2.175,1.925,0.25,0,4.075,4.075,4.770625,4.114375,0,1.885625,1.885625,0,1,NA,NA,NA,NA,NA,NA,NA,NA,NA,NA,NA,NA,NA,NA,NA,NA,NA,NA,NA,NA,NA,NA,NA,NA,NA,NA,NA,NA,NA,NA,NA,NA,NA,NA,NA,NA,NA,NA,NA,NA,NA,NA,NA,NA,NA,NA,NA,NA,NA,NA,NA,NA,NA,NA,NA
"Konza4","Bu","LabBlank","S9PI",20250329,"3/31/2025","Lampman","LabBlank4.A","FieldBlank3.A, FieldBlank4.A","B",35,1,0,1,NA,NA,NA,"LabBlank4.A","K4_D",NA,NA,NA,NA,NA,NA,NA,2.175,1.925,0.25,0,0,0,3.00125,2.62625,0,0,0,0,1,NA,NA,NA,NA,NA,NA,NA,NA,NA,NA,NA,NA,NA,NA,NA,NA,NA,NA,NA,NA,NA,NA,NA,NA,NA,NA,NA,NA,NA,NA,NA,NA,NA,NA,NA,NA,NA,NA,NA,NA,NA,NA,NA,NA,NA,NA,NA,NA,NA,NA,NA,NA,NA,NA,NA
"Konza4","Bu","LabBlank","S9PI",20250329,"3/31/2025","Lampman","LabBlank4.A","FieldBlank3.A, FieldBlank4.A","B",36,1,0,1,NA,NA,NA,"LabBlank4.A","K4_D",NA,NA,NA,NA,NA,NA,NA,2.175,1.925,0.25,0,0,0,4.770625,4.114375,0,0,0,0,1,NA,NA,NA,NA,NA,NA,NA,NA,NA,NA,NA,NA,NA,NA,NA,NA,NA,NA,NA,NA,NA,NA,NA,NA,NA,NA,NA,NA,NA,NA,NA,NA,NA,NA,NA,NA,NA,NA,NA,NA,NA,NA,NA,NA,NA,NA,NA,NA,NA,NA,NA,NA,NA,NA,NA
"Konza4","Bu","LabBlank","S9PI",20250329,"3/31/2025","Lampman","LabBlank4.A","FieldBlank3.A, FieldBlank4.A","B",37,0,0,0,NA,NA,NA,"LabBlank4.A","K4_D",NA,NA,NA,NA,NA,NA,NA,2.175,1.925,0.25,0,0,0,3.00125,2.62625,0,0,0,0,NA,NA,NA,NA,NA,NA,NA,NA,NA,NA,NA,NA,NA,NA,NA,NA,NA,NA,NA,NA,NA,NA,NA,NA,NA,NA,NA,NA,NA,NA,NA,NA,NA,NA,NA,NA,NA,NA,NA,NA,NA,NA,NA,NA,NA,NA,NA,NA,NA,NA,NA,NA,NA,NA,NA,NA
"Konza4","Bu","LabBlank","S9PI",20250329,"3/31/2025","Lampman","LabBlank4.A","FieldBlank3.A, FieldBlank4.A","B",38,0,0,0,NA,NA,NA,"LabBlank4.A","K4_D",NA,NA,NA,NA,NA,NA,NA,2.175,1.925,0.25,0,0,0,4.770625,4.114375,0,0,0,0,NA,NA,NA,NA,NA,NA,NA,NA,NA,NA,NA,NA,NA,NA,NA,NA,NA,NA,NA,NA,NA,NA,NA,NA,NA,NA,NA,NA,NA,NA,NA,NA,NA,NA,NA,NA,NA,NA,NA,NA,NA,NA,NA,NA,NA,NA,NA,NA,NA,NA,NA,NA,NA,NA,NA,NA
"Konza4","Bu","LabBlank","S9PI",20250329,"3/31/2025","Lampman","LabBlank4.A","FieldBlank3.A, FieldBlank4.A","B",39,0,0,0,NA,NA,NA,"LabBlank4.A","K4_D",NA,NA,NA,NA,NA,NA,NA,2.175,1.925,0.25,0,0,0,3.00125,2.62625,0,0,0,0,NA,NA,NA,NA,NA,NA,NA,NA,NA,NA,NA,NA,NA,NA,NA,NA,NA,NA,NA,NA,NA,NA,NA,NA,NA,NA,NA,NA,NA,NA,NA,NA,NA,NA,NA,NA,NA,NA,NA,NA,NA,NA,NA,NA,NA,NA,NA,NA,NA,NA,NA,NA,NA,NA,NA,NA
"Konza4","Bu","LabBlank","S9PI",20250329,"3/31/2025","Lampman","LabBlank4.A","FieldBlank3.A, FieldBlank4.A","B",40,0,0,0,NA,NA,NA,"LabBlank4.A","K4_D",NA,NA,NA,NA,NA,NA,NA,2.175,1.925,0.25,0,0,0,4.770625,4.114375,0,0,0,0,NA,NA,NA,NA,NA,NA,NA,NA,NA,NA,NA,NA,NA,NA,NA,NA,NA,NA,NA,NA,NA,NA,NA,NA,NA,NA,NA,NA,NA,NA,NA,NA,NA,NA,NA,NA,NA,NA,NA,NA,NA,NA,NA,NA,NA,NA,NA,NA,NA,NA,NA,NA,NA,NA,NA,NA
