"SlideID","FOV","TotalSpores","Project","Sampler","SampleType","StainType","StainDate","DateCounted","Who","Magn.","Photos","Notes","SampleID","LB_Batch","SlideReps","Volume_L","Slide_RepVolume_L","Unit","Day","Sample_num","RepVolume_m3","TotalSpores_LB","TotalSpores_LB.filter","log1TotalSpores_LB","log1TotalSpores_LB.filter","TotalSpores_LBcorr","log_volume_offset_m3","TotalSpores_FBLB","TotalSpores_FBLBcorr","TotalSpores.filter","TotalSpores.m3","TotalSpores.filter_FBLBcorr","TotalSpores_FBLBcorr.m3","TotalSpores_Bcorr.m3","MeanPM2.5_ug.m3","MedianPM2.5_ug.m3","MaxPM2.5_ug.m3","MeanPM1.0ug.m3","MedianPM1.0_ug.m3","MaxPM1.0_ug.m3","MeanPM10_ug.m3","MedianPM10_ug.m3","MaxPM10_ug.m3","MeanTemp_C","MedianTemp_C","MaxTemp_C","MinTemp_C","MeanRH","MedianRH","MinRH","MaxRH","MeanMR","MedianMR","MaxMR","MinMR","p0.3um.dl","p0.5um.dl","p1.0um.dl","p2.5um.dl","p5.0um.dl","p10.0um.dl","p_lt1.0um.dl","p_lt2.5um.dl","p_lt5.0um.dl","p_lt10.0um.dl","AQI_PM2.5","SmokeLevel","MeanCO2_CO_mg.m3","Median_deltaCO2_CO_mg.m3","Mean_deltaCO2_mg.m3","Median_deltaCO_mg.m3","Mean_deltaCO2_ppm","Median_deltaCO2_ppm","Mean_deltaCO_ppm","Median_deltaCO_ppm","MeanMCE","MedianMCE","bcorr_TC_mg.m3","ALL_carbon_mg.m3","biomass_mg","biomass_g","biomass_kg","biomass_Mg","TC.Gas_C","spores.Mg","spores.kg","spores.mg"
"6A_B",1,1,"Konza4","Button","Smoke","CW/KOH",20241119,NA,"LL","1000x",NA,NA,"6A","K4_C",2,76.85,38.425,"K20A",2,6,0.038425,0.15,1083.75,0.139761942375159,6.98910482467846,0.85,-3.25904698955748,0.2125,0.7875,7225,188028.627195836,5689.6875,148072.543916721,131233.554102287,855.109140146043,622.0094316269,4933.4715801716,224.240157894737,268.355,411,713.54652631579,608.5,2999.445,22.1939736346516,21.9444444444444,28.8888888888889,17.7777777777778,24.7118644067797,25,20,28,4.2643363273576,4.11671790731403,6.35251314682969,3.37215791871653,62691.9,20373.415,6626.335,579.665,111.335,59,89854.57,90332.835,90435.635,90538.435,"Hazardous","High",107.258762038198,94.137384815,377.559168942824,7.301904356,209.084544959353,330.78998,8.68620644043279,7.301904356,0.958983297186281,0.963127214295994,1.21659483864619,108.475356876844,216.950713753689,0.216950713753689,0.000216950713753689,2.16950713753689e-07,0.0113426149577684,604900310451.53,604900310.45153,604.90031045153
"6A_B",2,0,"Konza4","Button","Smoke","CW/KOH",20241119,NA,"LL","1000x",NA,NA,"6A","K4_C",2,76.85,38.425,"K20A",2,6,0.038425,0.15,1083.75,0.139761942375159,6.98910482467846,0,-3.25904698955748,0.2125,0,0,0,0,0,0,855.109140146043,622.0094316269,4933.4715801716,224.240157894737,268.355,411,713.54652631579,608.5,2999.445,22.1939736346516,21.9444444444444,28.8888888888889,17.7777777777778,24.7118644067797,25,20,28,4.2643363273576,4.11671790731403,6.35251314682969,3.37215791871653,62691.9,20373.415,6626.335,579.665,111.335,59,89854.57,90332.835,90435.635,90538.435,"Hazardous","High",107.258762038198,94.137384815,377.559168942824,7.301904356,209.084544959353,330.78998,8.68620644043279,7.301904356,0.958983297186281,0.963127214295994,1.21659483864619,108.475356876844,216.950713753689,0.216950713753689,0.000216950713753689,2.16950713753689e-07,0.0113426149577684,0,0,0
"6A_B",3,0,"Konza4","Button","Smoke","CW/KOH",20241119,NA,"LL","1000x",NA,NA,"6A","K4_C",2,76.85,38.425,"K20A",2,6,0.038425,0.15,1083.75,0.139761942375159,6.98910482467846,0,-3.25904698955748,0.2125,0,0,0,0,0,0,855.109140146043,622.0094316269,4933.4715801716,224.240157894737,268.355,411,713.54652631579,608.5,2999.445,22.1939736346516,21.9444444444444,28.8888888888889,17.7777777777778,24.7118644067797,25,20,28,4.2643363273576,4.11671790731403,6.35251314682969,3.37215791871653,62691.9,20373.415,6626.335,579.665,111.335,59,89854.57,90332.835,90435.635,90538.435,"Hazardous","High",107.258762038198,94.137384815,377.559168942824,7.301904356,209.084544959353,330.78998,8.68620644043279,7.301904356,0.958983297186281,0.963127214295994,1.21659483864619,108.475356876844,216.950713753689,0.216950713753689,0.000216950713753689,2.16950713753689e-07,0.0113426149577684,0,0,0
"6A_B",4,0,"Konza4","Button","Smoke","CW/KOH",20241119,NA,"LL","1000x",NA,NA,"6A","K4_C",2,76.85,38.425,"K20A",2,6,0.038425,0.15,1083.75,0.139761942375159,6.98910482467846,0,-3.25904698955748,0.2125,0,0,0,0,0,0,855.109140146043,622.0094316269,4933.4715801716,224.240157894737,268.355,411,713.54652631579,608.5,2999.445,22.1939736346516,21.9444444444444,28.8888888888889,17.7777777777778,24.7118644067797,25,20,28,4.2643363273576,4.11671790731403,6.35251314682969,3.37215791871653,62691.9,20373.415,6626.335,579.665,111.335,59,89854.57,90332.835,90435.635,90538.435,"Hazardous","High",107.258762038198,94.137384815,377.559168942824,7.301904356,209.084544959353,330.78998,8.68620644043279,7.301904356,0.958983297186281,0.963127214295994,1.21659483864619,108.475356876844,216.950713753689,0.216950713753689,0.000216950713753689,2.16950713753689e-07,0.0113426149577684,0,0,0
"6A_B",5,1,"Konza4","Button","Smoke","CW/KOH",20241119,NA,"LL","1000x",NA,NA,"6A","K4_C",2,76.85,38.425,"K20A",2,6,0.038425,0.15,1083.75,0.139761942375159,6.98910482467846,0.85,-3.25904698955748,0.2125,0.7875,7225,188028.627195836,5689.6875,148072.543916721,131233.554102287,855.109140146043,622.0094316269,4933.4715801716,224.240157894737,268.355,411,713.54652631579,608.5,2999.445,22.1939736346516,21.9444444444444,28.8888888888889,17.7777777777778,24.7118644067797,25,20,28,4.2643363273576,4.11671790731403,6.35251314682969,3.37215791871653,62691.9,20373.415,6626.335,579.665,111.335,59,89854.57,90332.835,90435.635,90538.435,"Hazardous","High",107.258762038198,94.137384815,377.559168942824,7.301904356,209.084544959353,330.78998,8.68620644043279,7.301904356,0.958983297186281,0.963127214295994,1.21659483864619,108.475356876844,216.950713753689,0.216950713753689,0.000216950713753689,2.16950713753689e-07,0.0113426149577684,604900310451.53,604900310.45153,604.90031045153
"6A_B",6,0,"Konza4","Button","Smoke","CW/KOH",20241119,NA,"LL","1000x",NA,NA,"6A","K4_C",2,76.85,38.425,"K20A",2,6,0.038425,0.15,1083.75,0.139761942375159,6.98910482467846,0,-3.25904698955748,0.2125,0,0,0,0,0,0,855.109140146043,622.0094316269,4933.4715801716,224.240157894737,268.355,411,713.54652631579,608.5,2999.445,22.1939736346516,21.9444444444444,28.8888888888889,17.7777777777778,24.7118644067797,25,20,28,4.2643363273576,4.11671790731403,6.35251314682969,3.37215791871653,62691.9,20373.415,6626.335,579.665,111.335,59,89854.57,90332.835,90435.635,90538.435,"Hazardous","High",107.258762038198,94.137384815,377.559168942824,7.301904356,209.084544959353,330.78998,8.68620644043279,7.301904356,0.958983297186281,0.963127214295994,1.21659483864619,108.475356876844,216.950713753689,0.216950713753689,0.000216950713753689,2.16950713753689e-07,0.0113426149577684,0,0,0
"6A_B",7,0,"Konza4","Button","Smoke","CW/KOH",20241119,NA,"LL","1000x",NA,NA,"6A","K4_C",2,76.85,38.425,"K20A",2,6,0.038425,0.15,1083.75,0.139761942375159,6.98910482467846,0,-3.25904698955748,0.2125,0,0,0,0,0,0,855.109140146043,622.0094316269,4933.4715801716,224.240157894737,268.355,411,713.54652631579,608.5,2999.445,22.1939736346516,21.9444444444444,28.8888888888889,17.7777777777778,24.7118644067797,25,20,28,4.2643363273576,4.11671790731403,6.35251314682969,3.37215791871653,62691.9,20373.415,6626.335,579.665,111.335,59,89854.57,90332.835,90435.635,90538.435,"Hazardous","High",107.258762038198,94.137384815,377.559168942824,7.301904356,209.084544959353,330.78998,8.68620644043279,7.301904356,0.958983297186281,0.963127214295994,1.21659483864619,108.475356876844,216.950713753689,0.216950713753689,0.000216950713753689,2.16950713753689e-07,0.0113426149577684,0,0,0
"6A_B",8,0,"Konza4","Button","Smoke","CW/KOH",20241119,NA,"LL","1000x",NA,NA,"6A","K4_C",2,76.85,38.425,"K20A",2,6,0.038425,0.15,1083.75,0.139761942375159,6.98910482467846,0,-3.25904698955748,0.2125,0,0,0,0,0,0,855.109140146043,622.0094316269,4933.4715801716,224.240157894737,268.355,411,713.54652631579,608.5,2999.445,22.1939736346516,21.9444444444444,28.8888888888889,17.7777777777778,24.7118644067797,25,20,28,4.2643363273576,4.11671790731403,6.35251314682969,3.37215791871653,62691.9,20373.415,6626.335,579.665,111.335,59,89854.57,90332.835,90435.635,90538.435,"Hazardous","High",107.258762038198,94.137384815,377.559168942824,7.301904356,209.084544959353,330.78998,8.68620644043279,7.301904356,0.958983297186281,0.963127214295994,1.21659483864619,108.475356876844,216.950713753689,0.216950713753689,0.000216950713753689,2.16950713753689e-07,0.0113426149577684,0,0,0
"6A_B",9,0,"Konza4","Button","Smoke","CW/KOH",20241119,NA,"LL","1000x",NA,NA,"6A","K4_C",2,76.85,38.425,"K20A",2,6,0.038425,0.15,1083.75,0.139761942375159,6.98910482467846,0,-3.25904698955748,0.2125,0,0,0,0,0,0,855.109140146043,622.0094316269,4933.4715801716,224.240157894737,268.355,411,713.54652631579,608.5,2999.445,22.1939736346516,21.9444444444444,28.8888888888889,17.7777777777778,24.7118644067797,25,20,28,4.2643363273576,4.11671790731403,6.35251314682969,3.37215791871653,62691.9,20373.415,6626.335,579.665,111.335,59,89854.57,90332.835,90435.635,90538.435,"Hazardous","High",107.258762038198,94.137384815,377.559168942824,7.301904356,209.084544959353,330.78998,8.68620644043279,7.301904356,0.958983297186281,0.963127214295994,1.21659483864619,108.475356876844,216.950713753689,0.216950713753689,0.000216950713753689,2.16950713753689e-07,0.0113426149577684,0,0,0
"6A_B",10,0,"Konza4","Button","Smoke","CW/KOH",20241119,NA,"LL","1000x",NA,NA,"6A","K4_C",2,76.85,38.425,"K20A",2,6,0.038425,0.15,1083.75,0.139761942375159,6.98910482467846,0,-3.25904698955748,0.2125,0,0,0,0,0,0,855.109140146043,622.0094316269,4933.4715801716,224.240157894737,268.355,411,713.54652631579,608.5,2999.445,22.1939736346516,21.9444444444444,28.8888888888889,17.7777777777778,24.7118644067797,25,20,28,4.2643363273576,4.11671790731403,6.35251314682969,3.37215791871653,62691.9,20373.415,6626.335,579.665,111.335,59,89854.57,90332.835,90435.635,90538.435,"Hazardous","High",107.258762038198,94.137384815,377.559168942824,7.301904356,209.084544959353,330.78998,8.68620644043279,7.301904356,0.958983297186281,0.963127214295994,1.21659483864619,108.475356876844,216.950713753689,0.216950713753689,0.000216950713753689,2.16950713753689e-07,0.0113426149577684,0,0,0
"6A_B",11,0,"Konza4","Button","Smoke","CW/KOH",20241119,NA,"LL","1000x",NA,NA,"6A","K4_C",2,76.85,38.425,"K20A",2,6,0.038425,0.15,1083.75,0.139761942375159,6.98910482467846,0,-3.25904698955748,0.2125,0,0,0,0,0,0,855.109140146043,622.0094316269,4933.4715801716,224.240157894737,268.355,411,713.54652631579,608.5,2999.445,22.1939736346516,21.9444444444444,28.8888888888889,17.7777777777778,24.7118644067797,25,20,28,4.2643363273576,4.11671790731403,6.35251314682969,3.37215791871653,62691.9,20373.415,6626.335,579.665,111.335,59,89854.57,90332.835,90435.635,90538.435,"Hazardous","High",107.258762038198,94.137384815,377.559168942824,7.301904356,209.084544959353,330.78998,8.68620644043279,7.301904356,0.958983297186281,0.963127214295994,1.21659483864619,108.475356876844,216.950713753689,0.216950713753689,0.000216950713753689,2.16950713753689e-07,0.0113426149577684,0,0,0
"6A_B",12,0,"Konza4","Button","Smoke","CW/KOH",20241119,NA,"LL","1000x",NA,NA,"6A","K4_C",2,76.85,38.425,"K20A",2,6,0.038425,0.15,1083.75,0.139761942375159,6.98910482467846,0,-3.25904698955748,0.2125,0,0,0,0,0,0,855.109140146043,622.0094316269,4933.4715801716,224.240157894737,268.355,411,713.54652631579,608.5,2999.445,22.1939736346516,21.9444444444444,28.8888888888889,17.7777777777778,24.7118644067797,25,20,28,4.2643363273576,4.11671790731403,6.35251314682969,3.37215791871653,62691.9,20373.415,6626.335,579.665,111.335,59,89854.57,90332.835,90435.635,90538.435,"Hazardous","High",107.258762038198,94.137384815,377.559168942824,7.301904356,209.084544959353,330.78998,8.68620644043279,7.301904356,0.958983297186281,0.963127214295994,1.21659483864619,108.475356876844,216.950713753689,0.216950713753689,0.000216950713753689,2.16950713753689e-07,0.0113426149577684,0,0,0
"6A_B",13,0,"Konza4","Button","Smoke","CW/KOH",20241119,NA,"LL","1000x",NA,NA,"6A","K4_C",2,76.85,38.425,"K20A",2,6,0.038425,0.15,1083.75,0.139761942375159,6.98910482467846,0,-3.25904698955748,0.2125,0,0,0,0,0,0,855.109140146043,622.0094316269,4933.4715801716,224.240157894737,268.355,411,713.54652631579,608.5,2999.445,22.1939736346516,21.9444444444444,28.8888888888889,17.7777777777778,24.7118644067797,25,20,28,4.2643363273576,4.11671790731403,6.35251314682969,3.37215791871653,62691.9,20373.415,6626.335,579.665,111.335,59,89854.57,90332.835,90435.635,90538.435,"Hazardous","High",107.258762038198,94.137384815,377.559168942824,7.301904356,209.084544959353,330.78998,8.68620644043279,7.301904356,0.958983297186281,0.963127214295994,1.21659483864619,108.475356876844,216.950713753689,0.216950713753689,0.000216950713753689,2.16950713753689e-07,0.0113426149577684,0,0,0
"6A_B",14,0,"Konza4","Button","Smoke","CW/KOH",20241119,NA,"LL","1000x",NA,NA,"6A","K4_C",2,76.85,38.425,"K20A",2,6,0.038425,0.15,1083.75,0.139761942375159,6.98910482467846,0,-3.25904698955748,0.2125,0,0,0,0,0,0,855.109140146043,622.0094316269,4933.4715801716,224.240157894737,268.355,411,713.54652631579,608.5,2999.445,22.1939736346516,21.9444444444444,28.8888888888889,17.7777777777778,24.7118644067797,25,20,28,4.2643363273576,4.11671790731403,6.35251314682969,3.37215791871653,62691.9,20373.415,6626.335,579.665,111.335,59,89854.57,90332.835,90435.635,90538.435,"Hazardous","High",107.258762038198,94.137384815,377.559168942824,7.301904356,209.084544959353,330.78998,8.68620644043279,7.301904356,0.958983297186281,0.963127214295994,1.21659483864619,108.475356876844,216.950713753689,0.216950713753689,0.000216950713753689,2.16950713753689e-07,0.0113426149577684,0,0,0
"6A_B",15,0,"Konza4","Button","Smoke","CW/KOH",20241119,NA,"LL","1000x",NA,NA,"6A","K4_C",2,76.85,38.425,"K20A",2,6,0.038425,0.15,1083.75,0.139761942375159,6.98910482467846,0,-3.25904698955748,0.2125,0,0,0,0,0,0,855.109140146043,622.0094316269,4933.4715801716,224.240157894737,268.355,411,713.54652631579,608.5,2999.445,22.1939736346516,21.9444444444444,28.8888888888889,17.7777777777778,24.7118644067797,25,20,28,4.2643363273576,4.11671790731403,6.35251314682969,3.37215791871653,62691.9,20373.415,6626.335,579.665,111.335,59,89854.57,90332.835,90435.635,90538.435,"Hazardous","High",107.258762038198,94.137384815,377.559168942824,7.301904356,209.084544959353,330.78998,8.68620644043279,7.301904356,0.958983297186281,0.963127214295994,1.21659483864619,108.475356876844,216.950713753689,0.216950713753689,0.000216950713753689,2.16950713753689e-07,0.0113426149577684,0,0,0
"6A_B",16,0,"Konza4","Button","Smoke","CW/KOH",20241119,NA,"LL","1000x",NA,NA,"6A","K4_C",2,76.85,38.425,"K20A",2,6,0.038425,0.15,1083.75,0.139761942375159,6.98910482467846,0,-3.25904698955748,0.2125,0,0,0,0,0,0,855.109140146043,622.0094316269,4933.4715801716,224.240157894737,268.355,411,713.54652631579,608.5,2999.445,22.1939736346516,21.9444444444444,28.8888888888889,17.7777777777778,24.7118644067797,25,20,28,4.2643363273576,4.11671790731403,6.35251314682969,3.37215791871653,62691.9,20373.415,6626.335,579.665,111.335,59,89854.57,90332.835,90435.635,90538.435,"Hazardous","High",107.258762038198,94.137384815,377.559168942824,7.301904356,209.084544959353,330.78998,8.68620644043279,7.301904356,0.958983297186281,0.963127214295994,1.21659483864619,108.475356876844,216.950713753689,0.216950713753689,0.000216950713753689,2.16950713753689e-07,0.0113426149577684,0,0,0
"6A_B",17,0,"Konza4","Button","Smoke","CW/KOH",20241119,NA,"LL","1000x",NA,NA,"6A","K4_C",2,76.85,38.425,"K20A",2,6,0.038425,0.15,1083.75,0.139761942375159,6.98910482467846,0,-3.25904698955748,0.2125,0,0,0,0,0,0,855.109140146043,622.0094316269,4933.4715801716,224.240157894737,268.355,411,713.54652631579,608.5,2999.445,22.1939736346516,21.9444444444444,28.8888888888889,17.7777777777778,24.7118644067797,25,20,28,4.2643363273576,4.11671790731403,6.35251314682969,3.37215791871653,62691.9,20373.415,6626.335,579.665,111.335,59,89854.57,90332.835,90435.635,90538.435,"Hazardous","High",107.258762038198,94.137384815,377.559168942824,7.301904356,209.084544959353,330.78998,8.68620644043279,7.301904356,0.958983297186281,0.963127214295994,1.21659483864619,108.475356876844,216.950713753689,0.216950713753689,0.000216950713753689,2.16950713753689e-07,0.0113426149577684,0,0,0
"6A_B",18,3,"Konza4","Button","Smoke","CW/KOH",20241119,NA,"LL","1000x",NA,NA,"6A","K4_C",2,76.85,38.425,"K20A",2,6,0.038425,0.15,1083.75,0.139761942375159,6.98910482467846,2.85,-3.25904698955748,0.2125,2.7875,21675,564085.881587508,20139.6875,524129.798308393,507290.80849396,855.109140146043,622.0094316269,4933.4715801716,224.240157894737,268.355,411,713.54652631579,608.5,2999.445,22.1939736346516,21.9444444444444,28.8888888888889,17.7777777777778,24.7118644067797,25,20,28,4.2643363273576,4.11671790731403,6.35251314682969,3.37215791871653,62691.9,20373.415,6626.335,579.665,111.335,59,89854.57,90332.835,90435.635,90538.435,"Hazardous","High",107.258762038198,94.137384815,377.559168942824,7.301904356,209.084544959353,330.78998,8.68620644043279,7.301904356,0.958983297186281,0.963127214295994,1.21659483864619,108.475356876844,216.950713753689,0.216950713753689,0.000216950713753689,2.16950713753689e-07,0.0113426149577684,2338276743675.08,2338276743.67508,2338.27674367508
"6A_B",19,0,"Konza4","Button","Smoke","CW/KOH",20241119,NA,"LL","1000x",NA,NA,"6A","K4_C",2,76.85,38.425,"K20A",2,6,0.038425,0.15,1083.75,0.139761942375159,6.98910482467846,0,-3.25904698955748,0.2125,0,0,0,0,0,0,855.109140146043,622.0094316269,4933.4715801716,224.240157894737,268.355,411,713.54652631579,608.5,2999.445,22.1939736346516,21.9444444444444,28.8888888888889,17.7777777777778,24.7118644067797,25,20,28,4.2643363273576,4.11671790731403,6.35251314682969,3.37215791871653,62691.9,20373.415,6626.335,579.665,111.335,59,89854.57,90332.835,90435.635,90538.435,"Hazardous","High",107.258762038198,94.137384815,377.559168942824,7.301904356,209.084544959353,330.78998,8.68620644043279,7.301904356,0.958983297186281,0.963127214295994,1.21659483864619,108.475356876844,216.950713753689,0.216950713753689,0.000216950713753689,2.16950713753689e-07,0.0113426149577684,0,0,0
"6A_B",20,0,"Konza4","Button","Smoke","CW/KOH",20241119,NA,"LL","1000x",NA,NA,"6A","K4_C",2,76.85,38.425,"K20A",2,6,0.038425,0.15,1083.75,0.139761942375159,6.98910482467846,0,-3.25904698955748,0.2125,0,0,0,0,0,0,855.109140146043,622.0094316269,4933.4715801716,224.240157894737,268.355,411,713.54652631579,608.5,2999.445,22.1939736346516,21.9444444444444,28.8888888888889,17.7777777777778,24.7118644067797,25,20,28,4.2643363273576,4.11671790731403,6.35251314682969,3.37215791871653,62691.9,20373.415,6626.335,579.665,111.335,59,89854.57,90332.835,90435.635,90538.435,"Hazardous","High",107.258762038198,94.137384815,377.559168942824,7.301904356,209.084544959353,330.78998,8.68620644043279,7.301904356,0.958983297186281,0.963127214295994,1.21659483864619,108.475356876844,216.950713753689,0.216950713753689,0.000216950713753689,2.16950713753689e-07,0.0113426149577684,0,0,0
"6A_B",21,0,"Konza4","Button","Smoke","CW/KOH",20241119,NA,"LL","1000x",NA,NA,"6A","K4_C",2,76.85,38.425,"K20A",2,6,0.038425,0.15,1083.75,0.139761942375159,6.98910482467846,0,-3.25904698955748,0.2125,0,0,0,0,0,0,855.109140146043,622.0094316269,4933.4715801716,224.240157894737,268.355,411,713.54652631579,608.5,2999.445,22.1939736346516,21.9444444444444,28.8888888888889,17.7777777777778,24.7118644067797,25,20,28,4.2643363273576,4.11671790731403,6.35251314682969,3.37215791871653,62691.9,20373.415,6626.335,579.665,111.335,59,89854.57,90332.835,90435.635,90538.435,"Hazardous","High",107.258762038198,94.137384815,377.559168942824,7.301904356,209.084544959353,330.78998,8.68620644043279,7.301904356,0.958983297186281,0.963127214295994,1.21659483864619,108.475356876844,216.950713753689,0.216950713753689,0.000216950713753689,2.16950713753689e-07,0.0113426149577684,0,0,0
"6A_B",22,0,"Konza4","Button","Smoke","CW/KOH",20241119,NA,"LL","1000x",NA,NA,"6A","K4_C",2,76.85,38.425,"K20A",2,6,0.038425,0.15,1083.75,0.139761942375159,6.98910482467846,0,-3.25904698955748,0.2125,0,0,0,0,0,0,855.109140146043,622.0094316269,4933.4715801716,224.240157894737,268.355,411,713.54652631579,608.5,2999.445,22.1939736346516,21.9444444444444,28.8888888888889,17.7777777777778,24.7118644067797,25,20,28,4.2643363273576,4.11671790731403,6.35251314682969,3.37215791871653,62691.9,20373.415,6626.335,579.665,111.335,59,89854.57,90332.835,90435.635,90538.435,"Hazardous","High",107.258762038198,94.137384815,377.559168942824,7.301904356,209.084544959353,330.78998,8.68620644043279,7.301904356,0.958983297186281,0.963127214295994,1.21659483864619,108.475356876844,216.950713753689,0.216950713753689,0.000216950713753689,2.16950713753689e-07,0.0113426149577684,0,0,0
"6A_B",23,0,"Konza4","Button","Smoke","CW/KOH",20241119,NA,"LL","1000x",NA,NA,"6A","K4_C",2,76.85,38.425,"K20A",2,6,0.038425,0.15,1083.75,0.139761942375159,6.98910482467846,0,-3.25904698955748,0.2125,0,0,0,0,0,0,855.109140146043,622.0094316269,4933.4715801716,224.240157894737,268.355,411,713.54652631579,608.5,2999.445,22.1939736346516,21.9444444444444,28.8888888888889,17.7777777777778,24.7118644067797,25,20,28,4.2643363273576,4.11671790731403,6.35251314682969,3.37215791871653,62691.9,20373.415,6626.335,579.665,111.335,59,89854.57,90332.835,90435.635,90538.435,"Hazardous","High",107.258762038198,94.137384815,377.559168942824,7.301904356,209.084544959353,330.78998,8.68620644043279,7.301904356,0.958983297186281,0.963127214295994,1.21659483864619,108.475356876844,216.950713753689,0.216950713753689,0.000216950713753689,2.16950713753689e-07,0.0113426149577684,0,0,0
"6A_B",24,0,"Konza4","Button","Smoke","CW/KOH",20241119,NA,"LL","1000x",NA,NA,"6A","K4_C",2,76.85,38.425,"K20A",2,6,0.038425,0.15,1083.75,0.139761942375159,6.98910482467846,0,-3.25904698955748,0.2125,0,0,0,0,0,0,855.109140146043,622.0094316269,4933.4715801716,224.240157894737,268.355,411,713.54652631579,608.5,2999.445,22.1939736346516,21.9444444444444,28.8888888888889,17.7777777777778,24.7118644067797,25,20,28,4.2643363273576,4.11671790731403,6.35251314682969,3.37215791871653,62691.9,20373.415,6626.335,579.665,111.335,59,89854.57,90332.835,90435.635,90538.435,"Hazardous","High",107.258762038198,94.137384815,377.559168942824,7.301904356,209.084544959353,330.78998,8.68620644043279,7.301904356,0.958983297186281,0.963127214295994,1.21659483864619,108.475356876844,216.950713753689,0.216950713753689,0.000216950713753689,2.16950713753689e-07,0.0113426149577684,0,0,0
"6A_B",25,0,"Konza4","Button","Smoke","CW/KOH",20241119,NA,"LL","1000x",NA,NA,"6A","K4_C",2,76.85,38.425,"K20A",2,6,0.038425,0.15,1083.75,0.139761942375159,6.98910482467846,0,-3.25904698955748,0.2125,0,0,0,0,0,0,855.109140146043,622.0094316269,4933.4715801716,224.240157894737,268.355,411,713.54652631579,608.5,2999.445,22.1939736346516,21.9444444444444,28.8888888888889,17.7777777777778,24.7118644067797,25,20,28,4.2643363273576,4.11671790731403,6.35251314682969,3.37215791871653,62691.9,20373.415,6626.335,579.665,111.335,59,89854.57,90332.835,90435.635,90538.435,"Hazardous","High",107.258762038198,94.137384815,377.559168942824,7.301904356,209.084544959353,330.78998,8.68620644043279,7.301904356,0.958983297186281,0.963127214295994,1.21659483864619,108.475356876844,216.950713753689,0.216950713753689,0.000216950713753689,2.16950713753689e-07,0.0113426149577684,0,0,0
"6A_B",26,0,"Konza4","Button","Smoke","CW/KOH",20241119,NA,"LL","1000x",NA,NA,"6A","K4_C",2,76.85,38.425,"K20A",2,6,0.038425,0.15,1083.75,0.139761942375159,6.98910482467846,0,-3.25904698955748,0.2125,0,0,0,0,0,0,855.109140146043,622.0094316269,4933.4715801716,224.240157894737,268.355,411,713.54652631579,608.5,2999.445,22.1939736346516,21.9444444444444,28.8888888888889,17.7777777777778,24.7118644067797,25,20,28,4.2643363273576,4.11671790731403,6.35251314682969,3.37215791871653,62691.9,20373.415,6626.335,579.665,111.335,59,89854.57,90332.835,90435.635,90538.435,"Hazardous","High",107.258762038198,94.137384815,377.559168942824,7.301904356,209.084544959353,330.78998,8.68620644043279,7.301904356,0.958983297186281,0.963127214295994,1.21659483864619,108.475356876844,216.950713753689,0.216950713753689,0.000216950713753689,2.16950713753689e-07,0.0113426149577684,0,0,0
"6A_B",27,0,"Konza4","Button","Smoke","CW/KOH",20241119,NA,"LL","1000x",NA,NA,"6A","K4_C",2,76.85,38.425,"K20A",2,6,0.038425,0.15,1083.75,0.139761942375159,6.98910482467846,0,-3.25904698955748,0.2125,0,0,0,0,0,0,855.109140146043,622.0094316269,4933.4715801716,224.240157894737,268.355,411,713.54652631579,608.5,2999.445,22.1939736346516,21.9444444444444,28.8888888888889,17.7777777777778,24.7118644067797,25,20,28,4.2643363273576,4.11671790731403,6.35251314682969,3.37215791871653,62691.9,20373.415,6626.335,579.665,111.335,59,89854.57,90332.835,90435.635,90538.435,"Hazardous","High",107.258762038198,94.137384815,377.559168942824,7.301904356,209.084544959353,330.78998,8.68620644043279,7.301904356,0.958983297186281,0.963127214295994,1.21659483864619,108.475356876844,216.950713753689,0.216950713753689,0.000216950713753689,2.16950713753689e-07,0.0113426149577684,0,0,0
"6A_B",28,0,"Konza4","Button","Smoke","CW/KOH",20241119,NA,"LL","1000x",NA,NA,"6A","K4_C",2,76.85,38.425,"K20A",2,6,0.038425,0.15,1083.75,0.139761942375159,6.98910482467846,0,-3.25904698955748,0.2125,0,0,0,0,0,0,855.109140146043,622.0094316269,4933.4715801716,224.240157894737,268.355,411,713.54652631579,608.5,2999.445,22.1939736346516,21.9444444444444,28.8888888888889,17.7777777777778,24.7118644067797,25,20,28,4.2643363273576,4.11671790731403,6.35251314682969,3.37215791871653,62691.9,20373.415,6626.335,579.665,111.335,59,89854.57,90332.835,90435.635,90538.435,"Hazardous","High",107.258762038198,94.137384815,377.559168942824,7.301904356,209.084544959353,330.78998,8.68620644043279,7.301904356,0.958983297186281,0.963127214295994,1.21659483864619,108.475356876844,216.950713753689,0.216950713753689,0.000216950713753689,2.16950713753689e-07,0.0113426149577684,0,0,0
"6A_B",29,0,"Konza4","Button","Smoke","CW/KOH",20241119,NA,"LL","1000x",NA,NA,"6A","K4_C",2,76.85,38.425,"K20A",2,6,0.038425,0.15,1083.75,0.139761942375159,6.98910482467846,0,-3.25904698955748,0.2125,0,0,0,0,0,0,855.109140146043,622.0094316269,4933.4715801716,224.240157894737,268.355,411,713.54652631579,608.5,2999.445,22.1939736346516,21.9444444444444,28.8888888888889,17.7777777777778,24.7118644067797,25,20,28,4.2643363273576,4.11671790731403,6.35251314682969,3.37215791871653,62691.9,20373.415,6626.335,579.665,111.335,59,89854.57,90332.835,90435.635,90538.435,"Hazardous","High",107.258762038198,94.137384815,377.559168942824,7.301904356,209.084544959353,330.78998,8.68620644043279,7.301904356,0.958983297186281,0.963127214295994,1.21659483864619,108.475356876844,216.950713753689,0.216950713753689,0.000216950713753689,2.16950713753689e-07,0.0113426149577684,0,0,0
"6A_B",30,0,"Konza4","Button","Smoke","CW/KOH",20241119,NA,"LL","1000x",NA,NA,"6A","K4_C",2,76.85,38.425,"K20A",2,6,0.038425,0.15,1083.75,0.139761942375159,6.98910482467846,0,-3.25904698955748,0.2125,0,0,0,0,0,0,855.109140146043,622.0094316269,4933.4715801716,224.240157894737,268.355,411,713.54652631579,608.5,2999.445,22.1939736346516,21.9444444444444,28.8888888888889,17.7777777777778,24.7118644067797,25,20,28,4.2643363273576,4.11671790731403,6.35251314682969,3.37215791871653,62691.9,20373.415,6626.335,579.665,111.335,59,89854.57,90332.835,90435.635,90538.435,"Hazardous","High",107.258762038198,94.137384815,377.559168942824,7.301904356,209.084544959353,330.78998,8.68620644043279,7.301904356,0.958983297186281,0.963127214295994,1.21659483864619,108.475356876844,216.950713753689,0.216950713753689,0.000216950713753689,2.16950713753689e-07,0.0113426149577684,0,0,0
"6A_B",31,0,"Konza4","Button","Smoke","CW/KOH",20241119,NA,"LL","1000x",NA,NA,"6A","K4_C",2,76.85,38.425,"K20A",2,6,0.038425,0.15,1083.75,0.139761942375159,6.98910482467846,0,-3.25904698955748,0.2125,0,0,0,0,0,0,855.109140146043,622.0094316269,4933.4715801716,224.240157894737,268.355,411,713.54652631579,608.5,2999.445,22.1939736346516,21.9444444444444,28.8888888888889,17.7777777777778,24.7118644067797,25,20,28,4.2643363273576,4.11671790731403,6.35251314682969,3.37215791871653,62691.9,20373.415,6626.335,579.665,111.335,59,89854.57,90332.835,90435.635,90538.435,"Hazardous","High",107.258762038198,94.137384815,377.559168942824,7.301904356,209.084544959353,330.78998,8.68620644043279,7.301904356,0.958983297186281,0.963127214295994,1.21659483864619,108.475356876844,216.950713753689,0.216950713753689,0.000216950713753689,2.16950713753689e-07,0.0113426149577684,0,0,0
"6A_B",32,1,"Konza4","Button","Smoke","CW/KOH",20241119,NA,"LL","1000x",NA,NA,"6A","K4_C",2,76.85,38.425,"K20A",2,6,0.038425,0.15,1083.75,0.139761942375159,6.98910482467846,0.85,-3.25904698955748,0.2125,0.7875,7225,188028.627195836,5689.6875,148072.543916721,131233.554102287,855.109140146043,622.0094316269,4933.4715801716,224.240157894737,268.355,411,713.54652631579,608.5,2999.445,22.1939736346516,21.9444444444444,28.8888888888889,17.7777777777778,24.7118644067797,25,20,28,4.2643363273576,4.11671790731403,6.35251314682969,3.37215791871653,62691.9,20373.415,6626.335,579.665,111.335,59,89854.57,90332.835,90435.635,90538.435,"Hazardous","High",107.258762038198,94.137384815,377.559168942824,7.301904356,209.084544959353,330.78998,8.68620644043279,7.301904356,0.958983297186281,0.963127214295994,1.21659483864619,108.475356876844,216.950713753689,0.216950713753689,0.000216950713753689,2.16950713753689e-07,0.0113426149577684,604900310451.53,604900310.45153,604.90031045153
"6A_B",33,0,"Konza4","Button","Smoke","CW/KOH",20241119,NA,"LL","1000x",NA,NA,"6A","K4_C",2,76.85,38.425,"K20A",2,6,0.038425,0.15,1083.75,0.139761942375159,6.98910482467846,0,-3.25904698955748,0.2125,0,0,0,0,0,0,855.109140146043,622.0094316269,4933.4715801716,224.240157894737,268.355,411,713.54652631579,608.5,2999.445,22.1939736346516,21.9444444444444,28.8888888888889,17.7777777777778,24.7118644067797,25,20,28,4.2643363273576,4.11671790731403,6.35251314682969,3.37215791871653,62691.9,20373.415,6626.335,579.665,111.335,59,89854.57,90332.835,90435.635,90538.435,"Hazardous","High",107.258762038198,94.137384815,377.559168942824,7.301904356,209.084544959353,330.78998,8.68620644043279,7.301904356,0.958983297186281,0.963127214295994,1.21659483864619,108.475356876844,216.950713753689,0.216950713753689,0.000216950713753689,2.16950713753689e-07,0.0113426149577684,0,0,0
"6A_B",34,0,"Konza4","Button","Smoke","CW/KOH",20241119,NA,"LL","1000x",NA,NA,"6A","K4_C",2,76.85,38.425,"K20A",2,6,0.038425,0.15,1083.75,0.139761942375159,6.98910482467846,0,-3.25904698955748,0.2125,0,0,0,0,0,0,855.109140146043,622.0094316269,4933.4715801716,224.240157894737,268.355,411,713.54652631579,608.5,2999.445,22.1939736346516,21.9444444444444,28.8888888888889,17.7777777777778,24.7118644067797,25,20,28,4.2643363273576,4.11671790731403,6.35251314682969,3.37215791871653,62691.9,20373.415,6626.335,579.665,111.335,59,89854.57,90332.835,90435.635,90538.435,"Hazardous","High",107.258762038198,94.137384815,377.559168942824,7.301904356,209.084544959353,330.78998,8.68620644043279,7.301904356,0.958983297186281,0.963127214295994,1.21659483864619,108.475356876844,216.950713753689,0.216950713753689,0.000216950713753689,2.16950713753689e-07,0.0113426149577684,0,0,0
"6A_B",35,0,"Konza4","Button","Smoke","CW/KOH",20241119,NA,"LL","1000x",NA,NA,"6A","K4_C",2,76.85,38.425,"K20A",2,6,0.038425,0.15,1083.75,0.139761942375159,6.98910482467846,0,-3.25904698955748,0.2125,0,0,0,0,0,0,855.109140146043,622.0094316269,4933.4715801716,224.240157894737,268.355,411,713.54652631579,608.5,2999.445,22.1939736346516,21.9444444444444,28.8888888888889,17.7777777777778,24.7118644067797,25,20,28,4.2643363273576,4.11671790731403,6.35251314682969,3.37215791871653,62691.9,20373.415,6626.335,579.665,111.335,59,89854.57,90332.835,90435.635,90538.435,"Hazardous","High",107.258762038198,94.137384815,377.559168942824,7.301904356,209.084544959353,330.78998,8.68620644043279,7.301904356,0.958983297186281,0.963127214295994,1.21659483864619,108.475356876844,216.950713753689,0.216950713753689,0.000216950713753689,2.16950713753689e-07,0.0113426149577684,0,0,0
"6A_B",36,3,"Konza4","Button","Smoke","CW/KOH",20241119,NA,"LL","1000x",NA,NA,"6A","K4_C",2,76.85,38.425,"K20A",2,6,0.038425,0.15,1083.75,0.139761942375159,6.98910482467846,2.85,-3.25904698955748,0.2125,2.7875,21675,564085.881587508,20139.6875,524129.798308393,507290.80849396,855.109140146043,622.0094316269,4933.4715801716,224.240157894737,268.355,411,713.54652631579,608.5,2999.445,22.1939736346516,21.9444444444444,28.8888888888889,17.7777777777778,24.7118644067797,25,20,28,4.2643363273576,4.11671790731403,6.35251314682969,3.37215791871653,62691.9,20373.415,6626.335,579.665,111.335,59,89854.57,90332.835,90435.635,90538.435,"Hazardous","High",107.258762038198,94.137384815,377.559168942824,7.301904356,209.084544959353,330.78998,8.68620644043279,7.301904356,0.958983297186281,0.963127214295994,1.21659483864619,108.475356876844,216.950713753689,0.216950713753689,0.000216950713753689,2.16950713753689e-07,0.0113426149577684,2338276743675.08,2338276743.67508,2338.27674367508
"6A_B",37,0,"Konza4","Button","Smoke","CW/KOH",20241119,NA,"LL","1000x",NA,NA,"6A","K4_C",2,76.85,38.425,"K20A",2,6,0.038425,0.15,1083.75,0.139761942375159,6.98910482467846,0,-3.25904698955748,0.2125,0,0,0,0,0,0,855.109140146043,622.0094316269,4933.4715801716,224.240157894737,268.355,411,713.54652631579,608.5,2999.445,22.1939736346516,21.9444444444444,28.8888888888889,17.7777777777778,24.7118644067797,25,20,28,4.2643363273576,4.11671790731403,6.35251314682969,3.37215791871653,62691.9,20373.415,6626.335,579.665,111.335,59,89854.57,90332.835,90435.635,90538.435,"Hazardous","High",107.258762038198,94.137384815,377.559168942824,7.301904356,209.084544959353,330.78998,8.68620644043279,7.301904356,0.958983297186281,0.963127214295994,1.21659483864619,108.475356876844,216.950713753689,0.216950713753689,0.000216950713753689,2.16950713753689e-07,0.0113426149577684,0,0,0
"6A_B",38,0,"Konza4","Button","Smoke","CW/KOH",20241119,NA,"LL","1000x",NA,NA,"6A","K4_C",2,76.85,38.425,"K20A",2,6,0.038425,0.15,1083.75,0.139761942375159,6.98910482467846,0,-3.25904698955748,0.2125,0,0,0,0,0,0,855.109140146043,622.0094316269,4933.4715801716,224.240157894737,268.355,411,713.54652631579,608.5,2999.445,22.1939736346516,21.9444444444444,28.8888888888889,17.7777777777778,24.7118644067797,25,20,28,4.2643363273576,4.11671790731403,6.35251314682969,3.37215791871653,62691.9,20373.415,6626.335,579.665,111.335,59,89854.57,90332.835,90435.635,90538.435,"Hazardous","High",107.258762038198,94.137384815,377.559168942824,7.301904356,209.084544959353,330.78998,8.68620644043279,7.301904356,0.958983297186281,0.963127214295994,1.21659483864619,108.475356876844,216.950713753689,0.216950713753689,0.000216950713753689,2.16950713753689e-07,0.0113426149577684,0,0,0
"6A_B",39,0,"Konza4","Button","Smoke","CW/KOH",20241119,NA,"LL","1000x",NA,NA,"6A","K4_C",2,76.85,38.425,"K20A",2,6,0.038425,0.15,1083.75,0.139761942375159,6.98910482467846,0,-3.25904698955748,0.2125,0,0,0,0,0,0,855.109140146043,622.0094316269,4933.4715801716,224.240157894737,268.355,411,713.54652631579,608.5,2999.445,22.1939736346516,21.9444444444444,28.8888888888889,17.7777777777778,24.7118644067797,25,20,28,4.2643363273576,4.11671790731403,6.35251314682969,3.37215791871653,62691.9,20373.415,6626.335,579.665,111.335,59,89854.57,90332.835,90435.635,90538.435,"Hazardous","High",107.258762038198,94.137384815,377.559168942824,7.301904356,209.084544959353,330.78998,8.68620644043279,7.301904356,0.958983297186281,0.963127214295994,1.21659483864619,108.475356876844,216.950713753689,0.216950713753689,0.000216950713753689,2.16950713753689e-07,0.0113426149577684,0,0,0
"6A_B",40,1,"Konza4","Button","Smoke","CW/KOH",20241119,NA,"LL","1000x",NA,NA,"6A","K4_C",2,76.85,38.425,"K20A",2,6,0.038425,0.15,1083.75,0.139761942375159,6.98910482467846,0.85,-3.25904698955748,0.2125,0.7875,7225,188028.627195836,5689.6875,148072.543916721,131233.554102287,855.109140146043,622.0094316269,4933.4715801716,224.240157894737,268.355,411,713.54652631579,608.5,2999.445,22.1939736346516,21.9444444444444,28.8888888888889,17.7777777777778,24.7118644067797,25,20,28,4.2643363273576,4.11671790731403,6.35251314682969,3.37215791871653,62691.9,20373.415,6626.335,579.665,111.335,59,89854.57,90332.835,90435.635,90538.435,"Hazardous","High",107.258762038198,94.137384815,377.559168942824,7.301904356,209.084544959353,330.78998,8.68620644043279,7.301904356,0.958983297186281,0.963127214295994,1.21659483864619,108.475356876844,216.950713753689,0.216950713753689,0.000216950713753689,2.16950713753689e-07,0.0113426149577684,604900310451.53,604900310.45153,604.90031045153
"7A_B",1,2,"Konza4","Button","Smoke","CW/KOH",20241119,NA,"LL","1000x",NA,NA,"7A","K4_C",2,80.15,40.075,"K20A",2,7,0.040075,0.15,1083.75,0.139761942375159,6.98910482467846,1.85,-3.21700258048652,0.2125,1.7875,14450,360573.923892701,12914.6875,322262.944479102,305423.954664668,1076.22939862419,1046.72043675345,4169.5750728941,219.52375,257.2375,379.54,873.097336956522,908.375,3326.415,21.7231638418079,21.6666666666667,25.5555555555556,18.8888888888889,22.728813559322,23,21,24,3.81970746671763,3.7812522810594,4.8147971917665,3.22016166799088,63173.125,22366.9825,10646.98,1351.5825,253.8175,140.4,96685.945,97902.6825,98155.0325,98407.3825,"Hazardous","High",NA,NA,NA,NA,NA,NA,NA,NA,NA,NA,NA,NA,NA,NA,NA,NA,NA,NA,NA,NA
"7A_B",2,4,"Konza4","Button","Smoke","CW/KOH",20241119,NA,"LL","1000x",NA,NA,"7A","K4_C",2,80.15,40.075,"K20A",2,7,0.040075,0.15,1083.75,0.139761942375159,6.98910482467846,3.85,-3.21700258048652,0.2125,3.7875,28900,721147.847785402,27364.6875,682836.868371803,665997.878557369,1076.22939862419,1046.72043675345,4169.5750728941,219.52375,257.2375,379.54,873.097336956522,908.375,3326.415,21.7231638418079,21.6666666666667,25.5555555555556,18.8888888888889,22.728813559322,23,21,24,3.81970746671763,3.7812522810594,4.8147971917665,3.22016166799088,63173.125,22366.9825,10646.98,1351.5825,253.8175,140.4,96685.945,97902.6825,98155.0325,98407.3825,"Hazardous","High",NA,NA,NA,NA,NA,NA,NA,NA,NA,NA,NA,NA,NA,NA,NA,NA,NA,NA,NA,NA
"7A_B",3,3,"Konza4","Button","Smoke","CW/KOH",20241119,NA,"LL","1000x",NA,NA,"7A","K4_C",2,80.15,40.075,"K20A",2,7,0.040075,0.15,1083.75,0.139761942375159,6.98910482467846,2.85,-3.21700258048652,0.2125,2.7875,21675,540860.885839052,20139.6875,502549.906425452,485710.916611019,1076.22939862419,1046.72043675345,4169.5750728941,219.52375,257.2375,379.54,873.097336956522,908.375,3326.415,21.7231638418079,21.6666666666667,25.5555555555556,18.8888888888889,22.728813559322,23,21,24,3.81970746671763,3.7812522810594,4.8147971917665,3.22016166799088,63173.125,22366.9825,10646.98,1351.5825,253.8175,140.4,96685.945,97902.6825,98155.0325,98407.3825,"Hazardous","High",NA,NA,NA,NA,NA,NA,NA,NA,NA,NA,NA,NA,NA,NA,NA,NA,NA,NA,NA,NA
"7A_B",4,5,"Konza4","Button","Smoke","CW/KOH",20241119,NA,"LL","1000x",NA,NA,"7A","K4_C",2,80.15,40.075,"K20A",2,7,0.040075,0.15,1083.75,0.139761942375159,6.98910482467846,4.85,-3.21700258048652,0.2125,4.7875,36125,901434.809731753,34589.6875,863123.830318153,846284.84050372,1076.22939862419,1046.72043675345,4169.5750728941,219.52375,257.2375,379.54,873.097336956522,908.375,3326.415,21.7231638418079,21.6666666666667,25.5555555555556,18.8888888888889,22.728813559322,23,21,24,3.81970746671763,3.7812522810594,4.8147971917665,3.22016166799088,63173.125,22366.9825,10646.98,1351.5825,253.8175,140.4,96685.945,97902.6825,98155.0325,98407.3825,"Hazardous","High",NA,NA,NA,NA,NA,NA,NA,NA,NA,NA,NA,NA,NA,NA,NA,NA,NA,NA,NA,NA
"7A_B",5,0,"Konza4","Button","Smoke","CW/KOH",20241119,NA,"LL","1000x",NA,NA,"7A","K4_C",2,80.15,40.075,"K20A",2,7,0.040075,0.15,1083.75,0.139761942375159,6.98910482467846,0,-3.21700258048652,0.2125,0,0,0,0,0,0,1076.22939862419,1046.72043675345,4169.5750728941,219.52375,257.2375,379.54,873.097336956522,908.375,3326.415,21.7231638418079,21.6666666666667,25.5555555555556,18.8888888888889,22.728813559322,23,21,24,3.81970746671763,3.7812522810594,4.8147971917665,3.22016166799088,63173.125,22366.9825,10646.98,1351.5825,253.8175,140.4,96685.945,97902.6825,98155.0325,98407.3825,"Hazardous","High",NA,NA,NA,NA,NA,NA,NA,NA,NA,NA,NA,NA,NA,NA,NA,NA,NA,NA,NA,NA
"7A_B",6,0,"Konza4","Button","Smoke","CW/KOH",20241119,NA,"LL","1000x",NA,NA,"7A","K4_C",2,80.15,40.075,"K20A",2,7,0.040075,0.15,1083.75,0.139761942375159,6.98910482467846,0,-3.21700258048652,0.2125,0,0,0,0,0,0,1076.22939862419,1046.72043675345,4169.5750728941,219.52375,257.2375,379.54,873.097336956522,908.375,3326.415,21.7231638418079,21.6666666666667,25.5555555555556,18.8888888888889,22.728813559322,23,21,24,3.81970746671763,3.7812522810594,4.8147971917665,3.22016166799088,63173.125,22366.9825,10646.98,1351.5825,253.8175,140.4,96685.945,97902.6825,98155.0325,98407.3825,"Hazardous","High",NA,NA,NA,NA,NA,NA,NA,NA,NA,NA,NA,NA,NA,NA,NA,NA,NA,NA,NA,NA
"7A_B",7,0,"Konza4","Button","Smoke","CW/KOH",20241119,NA,"LL","1000x",NA,NA,"7A","K4_C",2,80.15,40.075,"K20A",2,7,0.040075,0.15,1083.75,0.139761942375159,6.98910482467846,0,-3.21700258048652,0.2125,0,0,0,0,0,0,1076.22939862419,1046.72043675345,4169.5750728941,219.52375,257.2375,379.54,873.097336956522,908.375,3326.415,21.7231638418079,21.6666666666667,25.5555555555556,18.8888888888889,22.728813559322,23,21,24,3.81970746671763,3.7812522810594,4.8147971917665,3.22016166799088,63173.125,22366.9825,10646.98,1351.5825,253.8175,140.4,96685.945,97902.6825,98155.0325,98407.3825,"Hazardous","High",NA,NA,NA,NA,NA,NA,NA,NA,NA,NA,NA,NA,NA,NA,NA,NA,NA,NA,NA,NA
"7A_B",8,0,"Konza4","Button","Smoke","CW/KOH",20241119,NA,"LL","1000x",NA,NA,"7A","K4_C",2,80.15,40.075,"K20A",2,7,0.040075,0.15,1083.75,0.139761942375159,6.98910482467846,0,-3.21700258048652,0.2125,0,0,0,0,0,0,1076.22939862419,1046.72043675345,4169.5750728941,219.52375,257.2375,379.54,873.097336956522,908.375,3326.415,21.7231638418079,21.6666666666667,25.5555555555556,18.8888888888889,22.728813559322,23,21,24,3.81970746671763,3.7812522810594,4.8147971917665,3.22016166799088,63173.125,22366.9825,10646.98,1351.5825,253.8175,140.4,96685.945,97902.6825,98155.0325,98407.3825,"Hazardous","High",NA,NA,NA,NA,NA,NA,NA,NA,NA,NA,NA,NA,NA,NA,NA,NA,NA,NA,NA,NA
"7A_B",9,0,"Konza4","Button","Smoke","CW/KOH",20241119,NA,"LL","1000x",NA,NA,"7A","K4_C",2,80.15,40.075,"K20A",2,7,0.040075,0.15,1083.75,0.139761942375159,6.98910482467846,0,-3.21700258048652,0.2125,0,0,0,0,0,0,1076.22939862419,1046.72043675345,4169.5750728941,219.52375,257.2375,379.54,873.097336956522,908.375,3326.415,21.7231638418079,21.6666666666667,25.5555555555556,18.8888888888889,22.728813559322,23,21,24,3.81970746671763,3.7812522810594,4.8147971917665,3.22016166799088,63173.125,22366.9825,10646.98,1351.5825,253.8175,140.4,96685.945,97902.6825,98155.0325,98407.3825,"Hazardous","High",NA,NA,NA,NA,NA,NA,NA,NA,NA,NA,NA,NA,NA,NA,NA,NA,NA,NA,NA,NA
"7A_B",10,2,"Konza4","Button","Smoke","CW/KOH",20241119,NA,"LL","1000x",NA,NA,"7A","K4_C",2,80.15,40.075,"K20A",2,7,0.040075,0.15,1083.75,0.139761942375159,6.98910482467846,1.85,-3.21700258048652,0.2125,1.7875,14450,360573.923892701,12914.6875,322262.944479102,305423.954664668,1076.22939862419,1046.72043675345,4169.5750728941,219.52375,257.2375,379.54,873.097336956522,908.375,3326.415,21.7231638418079,21.6666666666667,25.5555555555556,18.8888888888889,22.728813559322,23,21,24,3.81970746671763,3.7812522810594,4.8147971917665,3.22016166799088,63173.125,22366.9825,10646.98,1351.5825,253.8175,140.4,96685.945,97902.6825,98155.0325,98407.3825,"Hazardous","High",NA,NA,NA,NA,NA,NA,NA,NA,NA,NA,NA,NA,NA,NA,NA,NA,NA,NA,NA,NA
"7A_B",11,6,"Konza4","Button","Smoke","CW/KOH",20241119,NA,"LL","1000x",NA,NA,"7A","K4_C",2,80.15,40.075,"K20A",2,7,0.040075,0.15,1083.75,0.139761942375159,6.98910482467846,5.85,-3.21700258048652,0.2125,5.7875,43350,1081721.7716781,41814.6875,1043410.7922645,1026571.80245007,1076.22939862419,1046.72043675345,4169.5750728941,219.52375,257.2375,379.54,873.097336956522,908.375,3326.415,21.7231638418079,21.6666666666667,25.5555555555556,18.8888888888889,22.728813559322,23,21,24,3.81970746671763,3.7812522810594,4.8147971917665,3.22016166799088,63173.125,22366.9825,10646.98,1351.5825,253.8175,140.4,96685.945,97902.6825,98155.0325,98407.3825,"Hazardous","High",NA,NA,NA,NA,NA,NA,NA,NA,NA,NA,NA,NA,NA,NA,NA,NA,NA,NA,NA,NA
"7A_B",12,5,"Konza4","Button","Smoke","CW/KOH",20241119,NA,"LL","1000x",NA,NA,"7A","K4_C",2,80.15,40.075,"K20A",2,7,0.040075,0.15,1083.75,0.139761942375159,6.98910482467846,4.85,-3.21700258048652,0.2125,4.7875,36125,901434.809731753,34589.6875,863123.830318153,846284.84050372,1076.22939862419,1046.72043675345,4169.5750728941,219.52375,257.2375,379.54,873.097336956522,908.375,3326.415,21.7231638418079,21.6666666666667,25.5555555555556,18.8888888888889,22.728813559322,23,21,24,3.81970746671763,3.7812522810594,4.8147971917665,3.22016166799088,63173.125,22366.9825,10646.98,1351.5825,253.8175,140.4,96685.945,97902.6825,98155.0325,98407.3825,"Hazardous","High",NA,NA,NA,NA,NA,NA,NA,NA,NA,NA,NA,NA,NA,NA,NA,NA,NA,NA,NA,NA
"7A_B",13,3,"Konza4","Button","Smoke","CW/KOH",20241119,NA,"LL","1000x",NA,NA,"7A","K4_C",2,80.15,40.075,"K20A",2,7,0.040075,0.15,1083.75,0.139761942375159,6.98910482467846,2.85,-3.21700258048652,0.2125,2.7875,21675,540860.885839052,20139.6875,502549.906425452,485710.916611019,1076.22939862419,1046.72043675345,4169.5750728941,219.52375,257.2375,379.54,873.097336956522,908.375,3326.415,21.7231638418079,21.6666666666667,25.5555555555556,18.8888888888889,22.728813559322,23,21,24,3.81970746671763,3.7812522810594,4.8147971917665,3.22016166799088,63173.125,22366.9825,10646.98,1351.5825,253.8175,140.4,96685.945,97902.6825,98155.0325,98407.3825,"Hazardous","High",NA,NA,NA,NA,NA,NA,NA,NA,NA,NA,NA,NA,NA,NA,NA,NA,NA,NA,NA,NA
"7A_B",14,3,"Konza4","Button","Smoke","CW/KOH",20241119,NA,"LL","1000x",NA,NA,"7A","K4_C",2,80.15,40.075,"K20A",2,7,0.040075,0.15,1083.75,0.139761942375159,6.98910482467846,2.85,-3.21700258048652,0.2125,2.7875,21675,540860.885839052,20139.6875,502549.906425452,485710.916611019,1076.22939862419,1046.72043675345,4169.5750728941,219.52375,257.2375,379.54,873.097336956522,908.375,3326.415,21.7231638418079,21.6666666666667,25.5555555555556,18.8888888888889,22.728813559322,23,21,24,3.81970746671763,3.7812522810594,4.8147971917665,3.22016166799088,63173.125,22366.9825,10646.98,1351.5825,253.8175,140.4,96685.945,97902.6825,98155.0325,98407.3825,"Hazardous","High",NA,NA,NA,NA,NA,NA,NA,NA,NA,NA,NA,NA,NA,NA,NA,NA,NA,NA,NA,NA
"7A_B",15,0,"Konza4","Button","Smoke","CW/KOH",20241119,NA,"LL","1000x",NA,NA,"7A","K4_C",2,80.15,40.075,"K20A",2,7,0.040075,0.15,1083.75,0.139761942375159,6.98910482467846,0,-3.21700258048652,0.2125,0,0,0,0,0,0,1076.22939862419,1046.72043675345,4169.5750728941,219.52375,257.2375,379.54,873.097336956522,908.375,3326.415,21.7231638418079,21.6666666666667,25.5555555555556,18.8888888888889,22.728813559322,23,21,24,3.81970746671763,3.7812522810594,4.8147971917665,3.22016166799088,63173.125,22366.9825,10646.98,1351.5825,253.8175,140.4,96685.945,97902.6825,98155.0325,98407.3825,"Hazardous","High",NA,NA,NA,NA,NA,NA,NA,NA,NA,NA,NA,NA,NA,NA,NA,NA,NA,NA,NA,NA
"7A_B",16,2,"Konza4","Button","Smoke","CW/KOH",20241119,NA,"LL","1000x",NA,NA,"7A","K4_C",2,80.15,40.075,"K20A",2,7,0.040075,0.15,1083.75,0.139761942375159,6.98910482467846,1.85,-3.21700258048652,0.2125,1.7875,14450,360573.923892701,12914.6875,322262.944479102,305423.954664668,1076.22939862419,1046.72043675345,4169.5750728941,219.52375,257.2375,379.54,873.097336956522,908.375,3326.415,21.7231638418079,21.6666666666667,25.5555555555556,18.8888888888889,22.728813559322,23,21,24,3.81970746671763,3.7812522810594,4.8147971917665,3.22016166799088,63173.125,22366.9825,10646.98,1351.5825,253.8175,140.4,96685.945,97902.6825,98155.0325,98407.3825,"Hazardous","High",NA,NA,NA,NA,NA,NA,NA,NA,NA,NA,NA,NA,NA,NA,NA,NA,NA,NA,NA,NA
"7A_B",17,1,"Konza4","Button","Smoke","CW/KOH",20241119,NA,"LL","1000x",NA,NA,"7A","K4_C",2,80.15,40.075,"K20A",2,7,0.040075,0.15,1083.75,0.139761942375159,6.98910482467846,0.85,-3.21700258048652,0.2125,0.7875,7225,180286.961946351,5689.6875,141975.982532751,125136.992718318,1076.22939862419,1046.72043675345,4169.5750728941,219.52375,257.2375,379.54,873.097336956522,908.375,3326.415,21.7231638418079,21.6666666666667,25.5555555555556,18.8888888888889,22.728813559322,23,21,24,3.81970746671763,3.7812522810594,4.8147971917665,3.22016166799088,63173.125,22366.9825,10646.98,1351.5825,253.8175,140.4,96685.945,97902.6825,98155.0325,98407.3825,"Hazardous","High",NA,NA,NA,NA,NA,NA,NA,NA,NA,NA,NA,NA,NA,NA,NA,NA,NA,NA,NA,NA
"7A_B",18,0,"Konza4","Button","Smoke","CW/KOH",20241119,NA,"LL","1000x",NA,NA,"7A","K4_C",2,80.15,40.075,"K20A",2,7,0.040075,0.15,1083.75,0.139761942375159,6.98910482467846,0,-3.21700258048652,0.2125,0,0,0,0,0,0,1076.22939862419,1046.72043675345,4169.5750728941,219.52375,257.2375,379.54,873.097336956522,908.375,3326.415,21.7231638418079,21.6666666666667,25.5555555555556,18.8888888888889,22.728813559322,23,21,24,3.81970746671763,3.7812522810594,4.8147971917665,3.22016166799088,63173.125,22366.9825,10646.98,1351.5825,253.8175,140.4,96685.945,97902.6825,98155.0325,98407.3825,"Hazardous","High",NA,NA,NA,NA,NA,NA,NA,NA,NA,NA,NA,NA,NA,NA,NA,NA,NA,NA,NA,NA
"7A_B",19,0,"Konza4","Button","Smoke","CW/KOH",20241119,NA,"LL","1000x",NA,NA,"7A","K4_C",2,80.15,40.075,"K20A",2,7,0.040075,0.15,1083.75,0.139761942375159,6.98910482467846,0,-3.21700258048652,0.2125,0,0,0,0,0,0,1076.22939862419,1046.72043675345,4169.5750728941,219.52375,257.2375,379.54,873.097336956522,908.375,3326.415,21.7231638418079,21.6666666666667,25.5555555555556,18.8888888888889,22.728813559322,23,21,24,3.81970746671763,3.7812522810594,4.8147971917665,3.22016166799088,63173.125,22366.9825,10646.98,1351.5825,253.8175,140.4,96685.945,97902.6825,98155.0325,98407.3825,"Hazardous","High",NA,NA,NA,NA,NA,NA,NA,NA,NA,NA,NA,NA,NA,NA,NA,NA,NA,NA,NA,NA
"7A_B",20,1,"Konza4","Button","Smoke","CW/KOH",20241119,NA,"LL","1000x",NA,NA,"7A","K4_C",2,80.15,40.075,"K20A",2,7,0.040075,0.15,1083.75,0.139761942375159,6.98910482467846,0.85,-3.21700258048652,0.2125,0.7875,7225,180286.961946351,5689.6875,141975.982532751,125136.992718318,1076.22939862419,1046.72043675345,4169.5750728941,219.52375,257.2375,379.54,873.097336956522,908.375,3326.415,21.7231638418079,21.6666666666667,25.5555555555556,18.8888888888889,22.728813559322,23,21,24,3.81970746671763,3.7812522810594,4.8147971917665,3.22016166799088,63173.125,22366.9825,10646.98,1351.5825,253.8175,140.4,96685.945,97902.6825,98155.0325,98407.3825,"Hazardous","High",NA,NA,NA,NA,NA,NA,NA,NA,NA,NA,NA,NA,NA,NA,NA,NA,NA,NA,NA,NA
"7A_B",21,0,"Konza4","Button","Smoke","CW/KOH",20241119,NA,"LL","1000x",NA,NA,"7A","K4_C",2,80.15,40.075,"K20A",2,7,0.040075,0.15,1083.75,0.139761942375159,6.98910482467846,0,-3.21700258048652,0.2125,0,0,0,0,0,0,1076.22939862419,1046.72043675345,4169.5750728941,219.52375,257.2375,379.54,873.097336956522,908.375,3326.415,21.7231638418079,21.6666666666667,25.5555555555556,18.8888888888889,22.728813559322,23,21,24,3.81970746671763,3.7812522810594,4.8147971917665,3.22016166799088,63173.125,22366.9825,10646.98,1351.5825,253.8175,140.4,96685.945,97902.6825,98155.0325,98407.3825,"Hazardous","High",NA,NA,NA,NA,NA,NA,NA,NA,NA,NA,NA,NA,NA,NA,NA,NA,NA,NA,NA,NA
"7A_B",22,0,"Konza4","Button","Smoke","CW/KOH",20241119,NA,"LL","1000x",NA,NA,"7A","K4_C",2,80.15,40.075,"K20A",2,7,0.040075,0.15,1083.75,0.139761942375159,6.98910482467846,0,-3.21700258048652,0.2125,0,0,0,0,0,0,1076.22939862419,1046.72043675345,4169.5750728941,219.52375,257.2375,379.54,873.097336956522,908.375,3326.415,21.7231638418079,21.6666666666667,25.5555555555556,18.8888888888889,22.728813559322,23,21,24,3.81970746671763,3.7812522810594,4.8147971917665,3.22016166799088,63173.125,22366.9825,10646.98,1351.5825,253.8175,140.4,96685.945,97902.6825,98155.0325,98407.3825,"Hazardous","High",NA,NA,NA,NA,NA,NA,NA,NA,NA,NA,NA,NA,NA,NA,NA,NA,NA,NA,NA,NA
"7A_B",23,4,"Konza4","Button","Smoke","CW/KOH",20241119,NA,"LL","1000x",NA,NA,"7A","K4_C",2,80.15,40.075,"K20A",2,7,0.040075,0.15,1083.75,0.139761942375159,6.98910482467846,3.85,-3.21700258048652,0.2125,3.7875,28900,721147.847785402,27364.6875,682836.868371803,665997.878557369,1076.22939862419,1046.72043675345,4169.5750728941,219.52375,257.2375,379.54,873.097336956522,908.375,3326.415,21.7231638418079,21.6666666666667,25.5555555555556,18.8888888888889,22.728813559322,23,21,24,3.81970746671763,3.7812522810594,4.8147971917665,3.22016166799088,63173.125,22366.9825,10646.98,1351.5825,253.8175,140.4,96685.945,97902.6825,98155.0325,98407.3825,"Hazardous","High",NA,NA,NA,NA,NA,NA,NA,NA,NA,NA,NA,NA,NA,NA,NA,NA,NA,NA,NA,NA
"7A_B",24,2,"Konza4","Button","Smoke","CW/KOH",20241119,NA,"LL","1000x",NA,NA,"7A","K4_C",2,80.15,40.075,"K20A",2,7,0.040075,0.15,1083.75,0.139761942375159,6.98910482467846,1.85,-3.21700258048652,0.2125,1.7875,14450,360573.923892701,12914.6875,322262.944479102,305423.954664668,1076.22939862419,1046.72043675345,4169.5750728941,219.52375,257.2375,379.54,873.097336956522,908.375,3326.415,21.7231638418079,21.6666666666667,25.5555555555556,18.8888888888889,22.728813559322,23,21,24,3.81970746671763,3.7812522810594,4.8147971917665,3.22016166799088,63173.125,22366.9825,10646.98,1351.5825,253.8175,140.4,96685.945,97902.6825,98155.0325,98407.3825,"Hazardous","High",NA,NA,NA,NA,NA,NA,NA,NA,NA,NA,NA,NA,NA,NA,NA,NA,NA,NA,NA,NA
"7A_B",25,3,"Konza4","Button","Smoke","CW/KOH",20241119,NA,"LL","1000x",NA,NA,"7A","K4_C",2,80.15,40.075,"K20A",2,7,0.040075,0.15,1083.75,0.139761942375159,6.98910482467846,2.85,-3.21700258048652,0.2125,2.7875,21675,540860.885839052,20139.6875,502549.906425452,485710.916611019,1076.22939862419,1046.72043675345,4169.5750728941,219.52375,257.2375,379.54,873.097336956522,908.375,3326.415,21.7231638418079,21.6666666666667,25.5555555555556,18.8888888888889,22.728813559322,23,21,24,3.81970746671763,3.7812522810594,4.8147971917665,3.22016166799088,63173.125,22366.9825,10646.98,1351.5825,253.8175,140.4,96685.945,97902.6825,98155.0325,98407.3825,"Hazardous","High",NA,NA,NA,NA,NA,NA,NA,NA,NA,NA,NA,NA,NA,NA,NA,NA,NA,NA,NA,NA
"7A_B",26,4,"Konza4","Button","Smoke","CW/KOH",20241119,NA,"LL","1000x",NA,NA,"7A","K4_C",2,80.15,40.075,"K20A",2,7,0.040075,0.15,1083.75,0.139761942375159,6.98910482467846,3.85,-3.21700258048652,0.2125,3.7875,28900,721147.847785402,27364.6875,682836.868371803,665997.878557369,1076.22939862419,1046.72043675345,4169.5750728941,219.52375,257.2375,379.54,873.097336956522,908.375,3326.415,21.7231638418079,21.6666666666667,25.5555555555556,18.8888888888889,22.728813559322,23,21,24,3.81970746671763,3.7812522810594,4.8147971917665,3.22016166799088,63173.125,22366.9825,10646.98,1351.5825,253.8175,140.4,96685.945,97902.6825,98155.0325,98407.3825,"Hazardous","High",NA,NA,NA,NA,NA,NA,NA,NA,NA,NA,NA,NA,NA,NA,NA,NA,NA,NA,NA,NA
"7A_B",27,1,"Konza4","Button","Smoke","CW/KOH",20241119,NA,"LL","1000x",NA,NA,"7A","K4_C",2,80.15,40.075,"K20A",2,7,0.040075,0.15,1083.75,0.139761942375159,6.98910482467846,0.85,-3.21700258048652,0.2125,0.7875,7225,180286.961946351,5689.6875,141975.982532751,125136.992718318,1076.22939862419,1046.72043675345,4169.5750728941,219.52375,257.2375,379.54,873.097336956522,908.375,3326.415,21.7231638418079,21.6666666666667,25.5555555555556,18.8888888888889,22.728813559322,23,21,24,3.81970746671763,3.7812522810594,4.8147971917665,3.22016166799088,63173.125,22366.9825,10646.98,1351.5825,253.8175,140.4,96685.945,97902.6825,98155.0325,98407.3825,"Hazardous","High",NA,NA,NA,NA,NA,NA,NA,NA,NA,NA,NA,NA,NA,NA,NA,NA,NA,NA,NA,NA
"7A_B",28,0,"Konza4","Button","Smoke","CW/KOH",20241119,NA,"LL","1000x",NA,NA,"7A","K4_C",2,80.15,40.075,"K20A",2,7,0.040075,0.15,1083.75,0.139761942375159,6.98910482467846,0,-3.21700258048652,0.2125,0,0,0,0,0,0,1076.22939862419,1046.72043675345,4169.5750728941,219.52375,257.2375,379.54,873.097336956522,908.375,3326.415,21.7231638418079,21.6666666666667,25.5555555555556,18.8888888888889,22.728813559322,23,21,24,3.81970746671763,3.7812522810594,4.8147971917665,3.22016166799088,63173.125,22366.9825,10646.98,1351.5825,253.8175,140.4,96685.945,97902.6825,98155.0325,98407.3825,"Hazardous","High",NA,NA,NA,NA,NA,NA,NA,NA,NA,NA,NA,NA,NA,NA,NA,NA,NA,NA,NA,NA
"7A_B",29,0,"Konza4","Button","Smoke","CW/KOH",20241119,NA,"LL","1000x",NA,NA,"7A","K4_C",2,80.15,40.075,"K20A",2,7,0.040075,0.15,1083.75,0.139761942375159,6.98910482467846,0,-3.21700258048652,0.2125,0,0,0,0,0,0,1076.22939862419,1046.72043675345,4169.5750728941,219.52375,257.2375,379.54,873.097336956522,908.375,3326.415,21.7231638418079,21.6666666666667,25.5555555555556,18.8888888888889,22.728813559322,23,21,24,3.81970746671763,3.7812522810594,4.8147971917665,3.22016166799088,63173.125,22366.9825,10646.98,1351.5825,253.8175,140.4,96685.945,97902.6825,98155.0325,98407.3825,"Hazardous","High",NA,NA,NA,NA,NA,NA,NA,NA,NA,NA,NA,NA,NA,NA,NA,NA,NA,NA,NA,NA
"7A_B",30,0,"Konza4","Button","Smoke","CW/KOH",20241119,NA,"LL","1000x",NA,NA,"7A","K4_C",2,80.15,40.075,"K20A",2,7,0.040075,0.15,1083.75,0.139761942375159,6.98910482467846,0,-3.21700258048652,0.2125,0,0,0,0,0,0,1076.22939862419,1046.72043675345,4169.5750728941,219.52375,257.2375,379.54,873.097336956522,908.375,3326.415,21.7231638418079,21.6666666666667,25.5555555555556,18.8888888888889,22.728813559322,23,21,24,3.81970746671763,3.7812522810594,4.8147971917665,3.22016166799088,63173.125,22366.9825,10646.98,1351.5825,253.8175,140.4,96685.945,97902.6825,98155.0325,98407.3825,"Hazardous","High",NA,NA,NA,NA,NA,NA,NA,NA,NA,NA,NA,NA,NA,NA,NA,NA,NA,NA,NA,NA
"7A_B",31,0,"Konza4","Button","Smoke","CW/KOH",20241119,NA,"LL","1000x",NA,NA,"7A","K4_C",2,80.15,40.075,"K20A",2,7,0.040075,0.15,1083.75,0.139761942375159,6.98910482467846,0,-3.21700258048652,0.2125,0,0,0,0,0,0,1076.22939862419,1046.72043675345,4169.5750728941,219.52375,257.2375,379.54,873.097336956522,908.375,3326.415,21.7231638418079,21.6666666666667,25.5555555555556,18.8888888888889,22.728813559322,23,21,24,3.81970746671763,3.7812522810594,4.8147971917665,3.22016166799088,63173.125,22366.9825,10646.98,1351.5825,253.8175,140.4,96685.945,97902.6825,98155.0325,98407.3825,"Hazardous","High",NA,NA,NA,NA,NA,NA,NA,NA,NA,NA,NA,NA,NA,NA,NA,NA,NA,NA,NA,NA
"7A_B",32,0,"Konza4","Button","Smoke","CW/KOH",20241119,NA,"LL","1000x",NA,NA,"7A","K4_C",2,80.15,40.075,"K20A",2,7,0.040075,0.15,1083.75,0.139761942375159,6.98910482467846,0,-3.21700258048652,0.2125,0,0,0,0,0,0,1076.22939862419,1046.72043675345,4169.5750728941,219.52375,257.2375,379.54,873.097336956522,908.375,3326.415,21.7231638418079,21.6666666666667,25.5555555555556,18.8888888888889,22.728813559322,23,21,24,3.81970746671763,3.7812522810594,4.8147971917665,3.22016166799088,63173.125,22366.9825,10646.98,1351.5825,253.8175,140.4,96685.945,97902.6825,98155.0325,98407.3825,"Hazardous","High",NA,NA,NA,NA,NA,NA,NA,NA,NA,NA,NA,NA,NA,NA,NA,NA,NA,NA,NA,NA
"7A_B",33,1,"Konza4","Button","Smoke","CW/KOH",20241119,NA,"LL","1000x",NA,NA,"7A","K4_C",2,80.15,40.075,"K20A",2,7,0.040075,0.15,1083.75,0.139761942375159,6.98910482467846,0.85,-3.21700258048652,0.2125,0.7875,7225,180286.961946351,5689.6875,141975.982532751,125136.992718318,1076.22939862419,1046.72043675345,4169.5750728941,219.52375,257.2375,379.54,873.097336956522,908.375,3326.415,21.7231638418079,21.6666666666667,25.5555555555556,18.8888888888889,22.728813559322,23,21,24,3.81970746671763,3.7812522810594,4.8147971917665,3.22016166799088,63173.125,22366.9825,10646.98,1351.5825,253.8175,140.4,96685.945,97902.6825,98155.0325,98407.3825,"Hazardous","High",NA,NA,NA,NA,NA,NA,NA,NA,NA,NA,NA,NA,NA,NA,NA,NA,NA,NA,NA,NA
"7A_B",34,1,"Konza4","Button","Smoke","CW/KOH",20241119,NA,"LL","1000x",NA,NA,"7A","K4_C",2,80.15,40.075,"K20A",2,7,0.040075,0.15,1083.75,0.139761942375159,6.98910482467846,0.85,-3.21700258048652,0.2125,0.7875,7225,180286.961946351,5689.6875,141975.982532751,125136.992718318,1076.22939862419,1046.72043675345,4169.5750728941,219.52375,257.2375,379.54,873.097336956522,908.375,3326.415,21.7231638418079,21.6666666666667,25.5555555555556,18.8888888888889,22.728813559322,23,21,24,3.81970746671763,3.7812522810594,4.8147971917665,3.22016166799088,63173.125,22366.9825,10646.98,1351.5825,253.8175,140.4,96685.945,97902.6825,98155.0325,98407.3825,"Hazardous","High",NA,NA,NA,NA,NA,NA,NA,NA,NA,NA,NA,NA,NA,NA,NA,NA,NA,NA,NA,NA
"7A_B",35,0,"Konza4","Button","Smoke","CW/KOH",20241119,NA,"LL","1000x",NA,NA,"7A","K4_C",2,80.15,40.075,"K20A",2,7,0.040075,0.15,1083.75,0.139761942375159,6.98910482467846,0,-3.21700258048652,0.2125,0,0,0,0,0,0,1076.22939862419,1046.72043675345,4169.5750728941,219.52375,257.2375,379.54,873.097336956522,908.375,3326.415,21.7231638418079,21.6666666666667,25.5555555555556,18.8888888888889,22.728813559322,23,21,24,3.81970746671763,3.7812522810594,4.8147971917665,3.22016166799088,63173.125,22366.9825,10646.98,1351.5825,253.8175,140.4,96685.945,97902.6825,98155.0325,98407.3825,"Hazardous","High",NA,NA,NA,NA,NA,NA,NA,NA,NA,NA,NA,NA,NA,NA,NA,NA,NA,NA,NA,NA
"7A_B",36,0,"Konza4","Button","Smoke","CW/KOH",20241119,NA,"LL","1000x",NA,NA,"7A","K4_C",2,80.15,40.075,"K20A",2,7,0.040075,0.15,1083.75,0.139761942375159,6.98910482467846,0,-3.21700258048652,0.2125,0,0,0,0,0,0,1076.22939862419,1046.72043675345,4169.5750728941,219.52375,257.2375,379.54,873.097336956522,908.375,3326.415,21.7231638418079,21.6666666666667,25.5555555555556,18.8888888888889,22.728813559322,23,21,24,3.81970746671763,3.7812522810594,4.8147971917665,3.22016166799088,63173.125,22366.9825,10646.98,1351.5825,253.8175,140.4,96685.945,97902.6825,98155.0325,98407.3825,"Hazardous","High",NA,NA,NA,NA,NA,NA,NA,NA,NA,NA,NA,NA,NA,NA,NA,NA,NA,NA,NA,NA
"7A_B",37,1,"Konza4","Button","Smoke","CW/KOH",20241119,NA,"LL","1000x",NA,NA,"7A","K4_C",2,80.15,40.075,"K20A",2,7,0.040075,0.15,1083.75,0.139761942375159,6.98910482467846,0.85,-3.21700258048652,0.2125,0.7875,7225,180286.961946351,5689.6875,141975.982532751,125136.992718318,1076.22939862419,1046.72043675345,4169.5750728941,219.52375,257.2375,379.54,873.097336956522,908.375,3326.415,21.7231638418079,21.6666666666667,25.5555555555556,18.8888888888889,22.728813559322,23,21,24,3.81970746671763,3.7812522810594,4.8147971917665,3.22016166799088,63173.125,22366.9825,10646.98,1351.5825,253.8175,140.4,96685.945,97902.6825,98155.0325,98407.3825,"Hazardous","High",NA,NA,NA,NA,NA,NA,NA,NA,NA,NA,NA,NA,NA,NA,NA,NA,NA,NA,NA,NA
"7A_B",38,0,"Konza4","Button","Smoke","CW/KOH",20241119,NA,"LL","1000x",NA,NA,"7A","K4_C",2,80.15,40.075,"K20A",2,7,0.040075,0.15,1083.75,0.139761942375159,6.98910482467846,0,-3.21700258048652,0.2125,0,0,0,0,0,0,1076.22939862419,1046.72043675345,4169.5750728941,219.52375,257.2375,379.54,873.097336956522,908.375,3326.415,21.7231638418079,21.6666666666667,25.5555555555556,18.8888888888889,22.728813559322,23,21,24,3.81970746671763,3.7812522810594,4.8147971917665,3.22016166799088,63173.125,22366.9825,10646.98,1351.5825,253.8175,140.4,96685.945,97902.6825,98155.0325,98407.3825,"Hazardous","High",NA,NA,NA,NA,NA,NA,NA,NA,NA,NA,NA,NA,NA,NA,NA,NA,NA,NA,NA,NA
"7A_B",39,0,"Konza4","Button","Smoke","CW/KOH",20241119,NA,"LL","1000x",NA,NA,"7A","K4_C",2,80.15,40.075,"K20A",2,7,0.040075,0.15,1083.75,0.139761942375159,6.98910482467846,0,-3.21700258048652,0.2125,0,0,0,0,0,0,1076.22939862419,1046.72043675345,4169.5750728941,219.52375,257.2375,379.54,873.097336956522,908.375,3326.415,21.7231638418079,21.6666666666667,25.5555555555556,18.8888888888889,22.728813559322,23,21,24,3.81970746671763,3.7812522810594,4.8147971917665,3.22016166799088,63173.125,22366.9825,10646.98,1351.5825,253.8175,140.4,96685.945,97902.6825,98155.0325,98407.3825,"Hazardous","High",NA,NA,NA,NA,NA,NA,NA,NA,NA,NA,NA,NA,NA,NA,NA,NA,NA,NA,NA,NA
"7A_B",40,0,"Konza4","Button","Smoke","CW/KOH",20241119,NA,"LL","1000x",NA,NA,"7A","K4_C",2,80.15,40.075,"K20A",2,7,0.040075,0.15,1083.75,0.139761942375159,6.98910482467846,0,-3.21700258048652,0.2125,0,0,0,0,0,0,1076.22939862419,1046.72043675345,4169.5750728941,219.52375,257.2375,379.54,873.097336956522,908.375,3326.415,21.7231638418079,21.6666666666667,25.5555555555556,18.8888888888889,22.728813559322,23,21,24,3.81970746671763,3.7812522810594,4.8147971917665,3.22016166799088,63173.125,22366.9825,10646.98,1351.5825,253.8175,140.4,96685.945,97902.6825,98155.0325,98407.3825,"Hazardous","High",NA,NA,NA,NA,NA,NA,NA,NA,NA,NA,NA,NA,NA,NA,NA,NA,NA,NA,NA,NA
"8A_B",1,1,"Konza4","Button","Smoke","CW/KOH",20241119,NA,"LL","1000x",NA,NA,"8A","K4_C",2,80.25,40.125,"K2A",2,8,0.040125,0.15,1083.75,0.139761942375159,6.98910482467846,0.85,-3.21575569753196,0.2125,0.7875,7225,180062.30529595,5689.6875,141799.065420561,124960.075606127,1553.87937443271,1428.8488643125,5937.3853195316,240.226237623762,274.935,390.57,1224.54356435644,1166,4325.355,24.7457627118644,25,28.8888888888889,21.6666666666667,21.0593220338983,21,19,23,4.29266275657982,4.3017219819065,5.4557776868215,3.66621610708069,65535,26079.21,13165.79,1945.165,418.6,252.33,104223.625,106529,107083.135,107375.97,"Hazardous","High",82.8378811349006,63.97835327,293.068688508399,4.481362624,162.295445109141,224.5487142,5.799889764843,4.481362624,0.956386792687458,0.968442092435327,1.81904753404269,84.6569286689433,169.313857337887,0.169313857337887,0.000169313857337887,1.69313857337887e-07,0.0219591267801791,738038088381.355,738038088.381355,738.038088381355
"8A_B",2,2,"Konza4","Button","Smoke","CW/KOH",20241119,NA,"LL","1000x",NA,NA,"8A","K4_C",2,80.25,40.125,"K2A",2,8,0.040125,0.15,1083.75,0.139761942375159,6.98910482467846,1.85,-3.21575569753196,0.2125,1.7875,14450,360124.6105919,12914.6875,321861.370716511,305022.380902077,1553.87937443271,1428.8488643125,5937.3853195316,240.226237623762,274.935,390.57,1224.54356435644,1166,4325.355,24.7457627118644,25,28.8888888888889,21.6666666666667,21.0593220338983,21,19,23,4.29266275657982,4.3017219819065,5.4557776868215,3.66621610708069,65535,26079.21,13165.79,1945.165,418.6,252.33,104223.625,106529,107083.135,107375.97,"Hazardous","High",82.8378811349006,63.97835327,293.068688508399,4.481362624,162.295445109141,224.5487142,5.799889764843,4.481362624,0.956386792687458,0.968442092435327,1.81904753404269,84.6569286689433,169.313857337887,0.169313857337887,0.000169313857337887,1.69313857337887e-07,0.0219591267801791,1801520476220.49,1801520476.22049,1801.52047622049
"8A_B",3,3,"Konza4","Button","Smoke","CW/KOH",20241119,NA,"LL","1000x",NA,NA,"8A","K4_C",2,80.25,40.125,"K2A",2,8,0.040125,0.15,1083.75,0.139761942375159,6.98910482467846,2.85,-3.21575569753196,0.2125,2.7875,21675,540186.91588785,20139.6875,501923.676012461,485084.686198028,1553.87937443271,1428.8488643125,5937.3853195316,240.226237623762,274.935,390.57,1224.54356435644,1166,4325.355,24.7457627118644,25,28.8888888888889,21.6666666666667,21.0593220338983,21,19,23,4.29266275657982,4.3017219819065,5.4557776868215,3.66621610708069,65535,26079.21,13165.79,1945.165,418.6,252.33,104223.625,106529,107083.135,107375.97,"Hazardous","High",82.8378811349006,63.97835327,293.068688508399,4.481362624,162.295445109141,224.5487142,5.799889764843,4.481362624,0.956386792687458,0.968442092435327,1.81904753404269,84.6569286689433,169.313857337887,0.169313857337887,0.000169313857337887,1.69313857337887e-07,0.0219591267801791,2865002864059.62,2865002864.05962,2865.00286405962
"8A_B",4,1,"Konza4","Button","Smoke","CW/KOH",20241119,NA,"LL","1000x",NA,NA,"8A","K4_C",2,80.25,40.125,"K2A",2,8,0.040125,0.15,1083.75,0.139761942375159,6.98910482467846,0.85,-3.21575569753196,0.2125,0.7875,7225,180062.30529595,5689.6875,141799.065420561,124960.075606127,1553.87937443271,1428.8488643125,5937.3853195316,240.226237623762,274.935,390.57,1224.54356435644,1166,4325.355,24.7457627118644,25,28.8888888888889,21.6666666666667,21.0593220338983,21,19,23,4.29266275657982,4.3017219819065,5.4557776868215,3.66621610708069,65535,26079.21,13165.79,1945.165,418.6,252.33,104223.625,106529,107083.135,107375.97,"Hazardous","High",82.8378811349006,63.97835327,293.068688508399,4.481362624,162.295445109141,224.5487142,5.799889764843,4.481362624,0.956386792687458,0.968442092435327,1.81904753404269,84.6569286689433,169.313857337887,0.169313857337887,0.000169313857337887,1.69313857337887e-07,0.0219591267801791,738038088381.355,738038088.381355,738.038088381355
"8A_B",5,0,"Konza4","Button","Smoke","CW/KOH",20241119,NA,"LL","1000x",NA,NA,"8A","K4_C",2,80.25,40.125,"K2A",2,8,0.040125,0.15,1083.75,0.139761942375159,6.98910482467846,0,-3.21575569753196,0.2125,0,0,0,0,0,0,1553.87937443271,1428.8488643125,5937.3853195316,240.226237623762,274.935,390.57,1224.54356435644,1166,4325.355,24.7457627118644,25,28.8888888888889,21.6666666666667,21.0593220338983,21,19,23,4.29266275657982,4.3017219819065,5.4557776868215,3.66621610708069,65535,26079.21,13165.79,1945.165,418.6,252.33,104223.625,106529,107083.135,107375.97,"Hazardous","High",82.8378811349006,63.97835327,293.068688508399,4.481362624,162.295445109141,224.5487142,5.799889764843,4.481362624,0.956386792687458,0.968442092435327,1.81904753404269,84.6569286689433,169.313857337887,0.169313857337887,0.000169313857337887,1.69313857337887e-07,0.0219591267801791,0,0,0
"8A_B",6,0,"Konza4","Button","Smoke","CW/KOH",20241119,NA,"LL","1000x",NA,NA,"8A","K4_C",2,80.25,40.125,"K2A",2,8,0.040125,0.15,1083.75,0.139761942375159,6.98910482467846,0,-3.21575569753196,0.2125,0,0,0,0,0,0,1553.87937443271,1428.8488643125,5937.3853195316,240.226237623762,274.935,390.57,1224.54356435644,1166,4325.355,24.7457627118644,25,28.8888888888889,21.6666666666667,21.0593220338983,21,19,23,4.29266275657982,4.3017219819065,5.4557776868215,3.66621610708069,65535,26079.21,13165.79,1945.165,418.6,252.33,104223.625,106529,107083.135,107375.97,"Hazardous","High",82.8378811349006,63.97835327,293.068688508399,4.481362624,162.295445109141,224.5487142,5.799889764843,4.481362624,0.956386792687458,0.968442092435327,1.81904753404269,84.6569286689433,169.313857337887,0.169313857337887,0.000169313857337887,1.69313857337887e-07,0.0219591267801791,0,0,0
"8A_B",7,3,"Konza4","Button","Smoke","CW/KOH",20241119,NA,"LL","1000x",NA,NA,"8A","K4_C",2,80.25,40.125,"K2A",2,8,0.040125,0.15,1083.75,0.139761942375159,6.98910482467846,2.85,-3.21575569753196,0.2125,2.7875,21675,540186.91588785,20139.6875,501923.676012461,485084.686198028,1553.87937443271,1428.8488643125,5937.3853195316,240.226237623762,274.935,390.57,1224.54356435644,1166,4325.355,24.7457627118644,25,28.8888888888889,21.6666666666667,21.0593220338983,21,19,23,4.29266275657982,4.3017219819065,5.4557776868215,3.66621610708069,65535,26079.21,13165.79,1945.165,418.6,252.33,104223.625,106529,107083.135,107375.97,"Hazardous","High",82.8378811349006,63.97835327,293.068688508399,4.481362624,162.295445109141,224.5487142,5.799889764843,4.481362624,0.956386792687458,0.968442092435327,1.81904753404269,84.6569286689433,169.313857337887,0.169313857337887,0.000169313857337887,1.69313857337887e-07,0.0219591267801791,2865002864059.62,2865002864.05962,2865.00286405962
"8A_B",8,2,"Konza4","Button","Smoke","CW/KOH",20241119,NA,"LL","1000x",NA,NA,"8A","K4_C",2,80.25,40.125,"K2A",2,8,0.040125,0.15,1083.75,0.139761942375159,6.98910482467846,1.85,-3.21575569753196,0.2125,1.7875,14450,360124.6105919,12914.6875,321861.370716511,305022.380902077,1553.87937443271,1428.8488643125,5937.3853195316,240.226237623762,274.935,390.57,1224.54356435644,1166,4325.355,24.7457627118644,25,28.8888888888889,21.6666666666667,21.0593220338983,21,19,23,4.29266275657982,4.3017219819065,5.4557776868215,3.66621610708069,65535,26079.21,13165.79,1945.165,418.6,252.33,104223.625,106529,107083.135,107375.97,"Hazardous","High",82.8378811349006,63.97835327,293.068688508399,4.481362624,162.295445109141,224.5487142,5.799889764843,4.481362624,0.956386792687458,0.968442092435327,1.81904753404269,84.6569286689433,169.313857337887,0.169313857337887,0.000169313857337887,1.69313857337887e-07,0.0219591267801791,1801520476220.49,1801520476.22049,1801.52047622049
"8A_B",9,4,"Konza4","Button","Smoke","CW/KOH",20241119,NA,"LL","1000x",NA,NA,"8A","K4_C",2,80.25,40.125,"K2A",2,8,0.040125,0.15,1083.75,0.139761942375159,6.98910482467846,3.85,-3.21575569753196,0.2125,3.7875,28900,720249.2211838,27364.6875,681985.981308411,665146.991493978,1553.87937443271,1428.8488643125,5937.3853195316,240.226237623762,274.935,390.57,1224.54356435644,1166,4325.355,24.7457627118644,25,28.8888888888889,21.6666666666667,21.0593220338983,21,19,23,4.29266275657982,4.3017219819065,5.4557776868215,3.66621610708069,65535,26079.21,13165.79,1945.165,418.6,252.33,104223.625,106529,107083.135,107375.97,"Hazardous","High",82.8378811349006,63.97835327,293.068688508399,4.481362624,162.295445109141,224.5487142,5.799889764843,4.481362624,0.956386792687458,0.968442092435327,1.81904753404269,84.6569286689433,169.313857337887,0.169313857337887,0.000169313857337887,1.69313857337887e-07,0.0219591267801791,3928485251898.76,3928485251.89876,3928.48525189876
"8A_B",10,2,"Konza4","Button","Smoke","CW/KOH",20241119,NA,"LL","1000x",NA,NA,"8A","K4_C",2,80.25,40.125,"K2A",2,8,0.040125,0.15,1083.75,0.139761942375159,6.98910482467846,1.85,-3.21575569753196,0.2125,1.7875,14450,360124.6105919,12914.6875,321861.370716511,305022.380902077,1553.87937443271,1428.8488643125,5937.3853195316,240.226237623762,274.935,390.57,1224.54356435644,1166,4325.355,24.7457627118644,25,28.8888888888889,21.6666666666667,21.0593220338983,21,19,23,4.29266275657982,4.3017219819065,5.4557776868215,3.66621610708069,65535,26079.21,13165.79,1945.165,418.6,252.33,104223.625,106529,107083.135,107375.97,"Hazardous","High",82.8378811349006,63.97835327,293.068688508399,4.481362624,162.295445109141,224.5487142,5.799889764843,4.481362624,0.956386792687458,0.968442092435327,1.81904753404269,84.6569286689433,169.313857337887,0.169313857337887,0.000169313857337887,1.69313857337887e-07,0.0219591267801791,1801520476220.49,1801520476.22049,1801.52047622049
"8A_B",11,1,"Konza4","Button","Smoke","CW/KOH",20241119,NA,"LL","1000x",NA,NA,"8A","K4_C",2,80.25,40.125,"K2A",2,8,0.040125,0.15,1083.75,0.139761942375159,6.98910482467846,0.85,-3.21575569753196,0.2125,0.7875,7225,180062.30529595,5689.6875,141799.065420561,124960.075606127,1553.87937443271,1428.8488643125,5937.3853195316,240.226237623762,274.935,390.57,1224.54356435644,1166,4325.355,24.7457627118644,25,28.8888888888889,21.6666666666667,21.0593220338983,21,19,23,4.29266275657982,4.3017219819065,5.4557776868215,3.66621610708069,65535,26079.21,13165.79,1945.165,418.6,252.33,104223.625,106529,107083.135,107375.97,"Hazardous","High",82.8378811349006,63.97835327,293.068688508399,4.481362624,162.295445109141,224.5487142,5.799889764843,4.481362624,0.956386792687458,0.968442092435327,1.81904753404269,84.6569286689433,169.313857337887,0.169313857337887,0.000169313857337887,1.69313857337887e-07,0.0219591267801791,738038088381.355,738038088.381355,738.038088381355
"8A_B",12,2,"Konza4","Button","Smoke","CW/KOH",20241119,NA,"LL","1000x",NA,NA,"8A","K4_C",2,80.25,40.125,"K2A",2,8,0.040125,0.15,1083.75,0.139761942375159,6.98910482467846,1.85,-3.21575569753196,0.2125,1.7875,14450,360124.6105919,12914.6875,321861.370716511,305022.380902077,1553.87937443271,1428.8488643125,5937.3853195316,240.226237623762,274.935,390.57,1224.54356435644,1166,4325.355,24.7457627118644,25,28.8888888888889,21.6666666666667,21.0593220338983,21,19,23,4.29266275657982,4.3017219819065,5.4557776868215,3.66621610708069,65535,26079.21,13165.79,1945.165,418.6,252.33,104223.625,106529,107083.135,107375.97,"Hazardous","High",82.8378811349006,63.97835327,293.068688508399,4.481362624,162.295445109141,224.5487142,5.799889764843,4.481362624,0.956386792687458,0.968442092435327,1.81904753404269,84.6569286689433,169.313857337887,0.169313857337887,0.000169313857337887,1.69313857337887e-07,0.0219591267801791,1801520476220.49,1801520476.22049,1801.52047622049
"8A_B",13,1,"Konza4","Button","Smoke","CW/KOH",20241119,NA,"LL","1000x",NA,NA,"8A","K4_C",2,80.25,40.125,"K2A",2,8,0.040125,0.15,1083.75,0.139761942375159,6.98910482467846,0.85,-3.21575569753196,0.2125,0.7875,7225,180062.30529595,5689.6875,141799.065420561,124960.075606127,1553.87937443271,1428.8488643125,5937.3853195316,240.226237623762,274.935,390.57,1224.54356435644,1166,4325.355,24.7457627118644,25,28.8888888888889,21.6666666666667,21.0593220338983,21,19,23,4.29266275657982,4.3017219819065,5.4557776868215,3.66621610708069,65535,26079.21,13165.79,1945.165,418.6,252.33,104223.625,106529,107083.135,107375.97,"Hazardous","High",82.8378811349006,63.97835327,293.068688508399,4.481362624,162.295445109141,224.5487142,5.799889764843,4.481362624,0.956386792687458,0.968442092435327,1.81904753404269,84.6569286689433,169.313857337887,0.169313857337887,0.000169313857337887,1.69313857337887e-07,0.0219591267801791,738038088381.355,738038088.381355,738.038088381355
"8A_B",14,3,"Konza4","Button","Smoke","CW/KOH",20241119,NA,"LL","1000x",NA,NA,"8A","K4_C",2,80.25,40.125,"K2A",2,8,0.040125,0.15,1083.75,0.139761942375159,6.98910482467846,2.85,-3.21575569753196,0.2125,2.7875,21675,540186.91588785,20139.6875,501923.676012461,485084.686198028,1553.87937443271,1428.8488643125,5937.3853195316,240.226237623762,274.935,390.57,1224.54356435644,1166,4325.355,24.7457627118644,25,28.8888888888889,21.6666666666667,21.0593220338983,21,19,23,4.29266275657982,4.3017219819065,5.4557776868215,3.66621610708069,65535,26079.21,13165.79,1945.165,418.6,252.33,104223.625,106529,107083.135,107375.97,"Hazardous","High",82.8378811349006,63.97835327,293.068688508399,4.481362624,162.295445109141,224.5487142,5.799889764843,4.481362624,0.956386792687458,0.968442092435327,1.81904753404269,84.6569286689433,169.313857337887,0.169313857337887,0.000169313857337887,1.69313857337887e-07,0.0219591267801791,2865002864059.62,2865002864.05962,2865.00286405962
"8A_B",15,0,"Konza4","Button","Smoke","CW/KOH",20241119,NA,"LL","1000x",NA,NA,"8A","K4_C",2,80.25,40.125,"K2A",2,8,0.040125,0.15,1083.75,0.139761942375159,6.98910482467846,0,-3.21575569753196,0.2125,0,0,0,0,0,0,1553.87937443271,1428.8488643125,5937.3853195316,240.226237623762,274.935,390.57,1224.54356435644,1166,4325.355,24.7457627118644,25,28.8888888888889,21.6666666666667,21.0593220338983,21,19,23,4.29266275657982,4.3017219819065,5.4557776868215,3.66621610708069,65535,26079.21,13165.79,1945.165,418.6,252.33,104223.625,106529,107083.135,107375.97,"Hazardous","High",82.8378811349006,63.97835327,293.068688508399,4.481362624,162.295445109141,224.5487142,5.799889764843,4.481362624,0.956386792687458,0.968442092435327,1.81904753404269,84.6569286689433,169.313857337887,0.169313857337887,0.000169313857337887,1.69313857337887e-07,0.0219591267801791,0,0,0
"8A_B",16,1,"Konza4","Button","Smoke","CW/KOH",20241119,NA,"LL","1000x",NA,NA,"8A","K4_C",2,80.25,40.125,"K2A",2,8,0.040125,0.15,1083.75,0.139761942375159,6.98910482467846,0.85,-3.21575569753196,0.2125,0.7875,7225,180062.30529595,5689.6875,141799.065420561,124960.075606127,1553.87937443271,1428.8488643125,5937.3853195316,240.226237623762,274.935,390.57,1224.54356435644,1166,4325.355,24.7457627118644,25,28.8888888888889,21.6666666666667,21.0593220338983,21,19,23,4.29266275657982,4.3017219819065,5.4557776868215,3.66621610708069,65535,26079.21,13165.79,1945.165,418.6,252.33,104223.625,106529,107083.135,107375.97,"Hazardous","High",82.8378811349006,63.97835327,293.068688508399,4.481362624,162.295445109141,224.5487142,5.799889764843,4.481362624,0.956386792687458,0.968442092435327,1.81904753404269,84.6569286689433,169.313857337887,0.169313857337887,0.000169313857337887,1.69313857337887e-07,0.0219591267801791,738038088381.355,738038088.381355,738.038088381355
"8A_B",17,2,"Konza4","Button","Smoke","CW/KOH",20241119,NA,"LL","1000x",NA,NA,"8A","K4_C",2,80.25,40.125,"K2A",2,8,0.040125,0.15,1083.75,0.139761942375159,6.98910482467846,1.85,-3.21575569753196,0.2125,1.7875,14450,360124.6105919,12914.6875,321861.370716511,305022.380902077,1553.87937443271,1428.8488643125,5937.3853195316,240.226237623762,274.935,390.57,1224.54356435644,1166,4325.355,24.7457627118644,25,28.8888888888889,21.6666666666667,21.0593220338983,21,19,23,4.29266275657982,4.3017219819065,5.4557776868215,3.66621610708069,65535,26079.21,13165.79,1945.165,418.6,252.33,104223.625,106529,107083.135,107375.97,"Hazardous","High",82.8378811349006,63.97835327,293.068688508399,4.481362624,162.295445109141,224.5487142,5.799889764843,4.481362624,0.956386792687458,0.968442092435327,1.81904753404269,84.6569286689433,169.313857337887,0.169313857337887,0.000169313857337887,1.69313857337887e-07,0.0219591267801791,1801520476220.49,1801520476.22049,1801.52047622049
"8A_B",18,0,"Konza4","Button","Smoke","CW/KOH",20241119,NA,"LL","1000x",NA,NA,"8A","K4_C",2,80.25,40.125,"K2A",2,8,0.040125,0.15,1083.75,0.139761942375159,6.98910482467846,0,-3.21575569753196,0.2125,0,0,0,0,0,0,1553.87937443271,1428.8488643125,5937.3853195316,240.226237623762,274.935,390.57,1224.54356435644,1166,4325.355,24.7457627118644,25,28.8888888888889,21.6666666666667,21.0593220338983,21,19,23,4.29266275657982,4.3017219819065,5.4557776868215,3.66621610708069,65535,26079.21,13165.79,1945.165,418.6,252.33,104223.625,106529,107083.135,107375.97,"Hazardous","High",82.8378811349006,63.97835327,293.068688508399,4.481362624,162.295445109141,224.5487142,5.799889764843,4.481362624,0.956386792687458,0.968442092435327,1.81904753404269,84.6569286689433,169.313857337887,0.169313857337887,0.000169313857337887,1.69313857337887e-07,0.0219591267801791,0,0,0
"8A_B",19,0,"Konza4","Button","Smoke","CW/KOH",20241119,NA,"LL","1000x",NA,NA,"8A","K4_C",2,80.25,40.125,"K2A",2,8,0.040125,0.15,1083.75,0.139761942375159,6.98910482467846,0,-3.21575569753196,0.2125,0,0,0,0,0,0,1553.87937443271,1428.8488643125,5937.3853195316,240.226237623762,274.935,390.57,1224.54356435644,1166,4325.355,24.7457627118644,25,28.8888888888889,21.6666666666667,21.0593220338983,21,19,23,4.29266275657982,4.3017219819065,5.4557776868215,3.66621610708069,65535,26079.21,13165.79,1945.165,418.6,252.33,104223.625,106529,107083.135,107375.97,"Hazardous","High",82.8378811349006,63.97835327,293.068688508399,4.481362624,162.295445109141,224.5487142,5.799889764843,4.481362624,0.956386792687458,0.968442092435327,1.81904753404269,84.6569286689433,169.313857337887,0.169313857337887,0.000169313857337887,1.69313857337887e-07,0.0219591267801791,0,0,0
"8A_B",20,2,"Konza4","Button","Smoke","CW/KOH",20241119,NA,"LL","1000x",NA,NA,"8A","K4_C",2,80.25,40.125,"K2A",2,8,0.040125,0.15,1083.75,0.139761942375159,6.98910482467846,1.85,-3.21575569753196,0.2125,1.7875,14450,360124.6105919,12914.6875,321861.370716511,305022.380902077,1553.87937443271,1428.8488643125,5937.3853195316,240.226237623762,274.935,390.57,1224.54356435644,1166,4325.355,24.7457627118644,25,28.8888888888889,21.6666666666667,21.0593220338983,21,19,23,4.29266275657982,4.3017219819065,5.4557776868215,3.66621610708069,65535,26079.21,13165.79,1945.165,418.6,252.33,104223.625,106529,107083.135,107375.97,"Hazardous","High",82.8378811349006,63.97835327,293.068688508399,4.481362624,162.295445109141,224.5487142,5.799889764843,4.481362624,0.956386792687458,0.968442092435327,1.81904753404269,84.6569286689433,169.313857337887,0.169313857337887,0.000169313857337887,1.69313857337887e-07,0.0219591267801791,1801520476220.49,1801520476.22049,1801.52047622049
"8A_B",21,3,"Konza4","Button","Smoke","CW/KOH",20241119,NA,"LL","1000x",NA,NA,"8A","K4_C",2,80.25,40.125,"K2A",2,8,0.040125,0.15,1083.75,0.139761942375159,6.98910482467846,2.85,-3.21575569753196,0.2125,2.7875,21675,540186.91588785,20139.6875,501923.676012461,485084.686198028,1553.87937443271,1428.8488643125,5937.3853195316,240.226237623762,274.935,390.57,1224.54356435644,1166,4325.355,24.7457627118644,25,28.8888888888889,21.6666666666667,21.0593220338983,21,19,23,4.29266275657982,4.3017219819065,5.4557776868215,3.66621610708069,65535,26079.21,13165.79,1945.165,418.6,252.33,104223.625,106529,107083.135,107375.97,"Hazardous","High",82.8378811349006,63.97835327,293.068688508399,4.481362624,162.295445109141,224.5487142,5.799889764843,4.481362624,0.956386792687458,0.968442092435327,1.81904753404269,84.6569286689433,169.313857337887,0.169313857337887,0.000169313857337887,1.69313857337887e-07,0.0219591267801791,2865002864059.62,2865002864.05962,2865.00286405962
"8A_B",22,5,"Konza4","Button","Smoke","CW/KOH",20241119,NA,"LL","1000x",NA,NA,"8A","K4_C",2,80.25,40.125,"K2A",2,8,0.040125,0.15,1083.75,0.139761942375159,6.98910482467846,4.85,-3.21575569753196,0.2125,4.7875,36125,900311.52647975,34589.6875,862048.286604361,845209.296789928,1553.87937443271,1428.8488643125,5937.3853195316,240.226237623762,274.935,390.57,1224.54356435644,1166,4325.355,24.7457627118644,25,28.8888888888889,21.6666666666667,21.0593220338983,21,19,23,4.29266275657982,4.3017219819065,5.4557776868215,3.66621610708069,65535,26079.21,13165.79,1945.165,418.6,252.33,104223.625,106529,107083.135,107375.97,"Hazardous","High",82.8378811349006,63.97835327,293.068688508399,4.481362624,162.295445109141,224.5487142,5.799889764843,4.481362624,0.956386792687458,0.968442092435327,1.81904753404269,84.6569286689433,169.313857337887,0.169313857337887,0.000169313857337887,1.69313857337887e-07,0.0219591267801791,4991967639737.89,4991967639.73789,4991.96763973789
"8A_B",23,0,"Konza4","Button","Smoke","CW/KOH",20241119,NA,"LL","1000x",NA,NA,"8A","K4_C",2,80.25,40.125,"K2A",2,8,0.040125,0.15,1083.75,0.139761942375159,6.98910482467846,0,-3.21575569753196,0.2125,0,0,0,0,0,0,1553.87937443271,1428.8488643125,5937.3853195316,240.226237623762,274.935,390.57,1224.54356435644,1166,4325.355,24.7457627118644,25,28.8888888888889,21.6666666666667,21.0593220338983,21,19,23,4.29266275657982,4.3017219819065,5.4557776868215,3.66621610708069,65535,26079.21,13165.79,1945.165,418.6,252.33,104223.625,106529,107083.135,107375.97,"Hazardous","High",82.8378811349006,63.97835327,293.068688508399,4.481362624,162.295445109141,224.5487142,5.799889764843,4.481362624,0.956386792687458,0.968442092435327,1.81904753404269,84.6569286689433,169.313857337887,0.169313857337887,0.000169313857337887,1.69313857337887e-07,0.0219591267801791,0,0,0
"8A_B",24,0,"Konza4","Button","Smoke","CW/KOH",20241119,NA,"LL","1000x",NA,NA,"8A","K4_C",2,80.25,40.125,"K2A",2,8,0.040125,0.15,1083.75,0.139761942375159,6.98910482467846,0,-3.21575569753196,0.2125,0,0,0,0,0,0,1553.87937443271,1428.8488643125,5937.3853195316,240.226237623762,274.935,390.57,1224.54356435644,1166,4325.355,24.7457627118644,25,28.8888888888889,21.6666666666667,21.0593220338983,21,19,23,4.29266275657982,4.3017219819065,5.4557776868215,3.66621610708069,65535,26079.21,13165.79,1945.165,418.6,252.33,104223.625,106529,107083.135,107375.97,"Hazardous","High",82.8378811349006,63.97835327,293.068688508399,4.481362624,162.295445109141,224.5487142,5.799889764843,4.481362624,0.956386792687458,0.968442092435327,1.81904753404269,84.6569286689433,169.313857337887,0.169313857337887,0.000169313857337887,1.69313857337887e-07,0.0219591267801791,0,0,0
"8A_B",25,1,"Konza4","Button","Smoke","CW/KOH",20241119,NA,"LL","1000x",NA,NA,"8A","K4_C",2,80.25,40.125,"K2A",2,8,0.040125,0.15,1083.75,0.139761942375159,6.98910482467846,0.85,-3.21575569753196,0.2125,0.7875,7225,180062.30529595,5689.6875,141799.065420561,124960.075606127,1553.87937443271,1428.8488643125,5937.3853195316,240.226237623762,274.935,390.57,1224.54356435644,1166,4325.355,24.7457627118644,25,28.8888888888889,21.6666666666667,21.0593220338983,21,19,23,4.29266275657982,4.3017219819065,5.4557776868215,3.66621610708069,65535,26079.21,13165.79,1945.165,418.6,252.33,104223.625,106529,107083.135,107375.97,"Hazardous","High",82.8378811349006,63.97835327,293.068688508399,4.481362624,162.295445109141,224.5487142,5.799889764843,4.481362624,0.956386792687458,0.968442092435327,1.81904753404269,84.6569286689433,169.313857337887,0.169313857337887,0.000169313857337887,1.69313857337887e-07,0.0219591267801791,738038088381.355,738038088.381355,738.038088381355
"8A_B",26,0,"Konza4","Button","Smoke","CW/KOH",20241119,NA,"LL","1000x",NA,NA,"8A","K4_C",2,80.25,40.125,"K2A",2,8,0.040125,0.15,1083.75,0.139761942375159,6.98910482467846,0,-3.21575569753196,0.2125,0,0,0,0,0,0,1553.87937443271,1428.8488643125,5937.3853195316,240.226237623762,274.935,390.57,1224.54356435644,1166,4325.355,24.7457627118644,25,28.8888888888889,21.6666666666667,21.0593220338983,21,19,23,4.29266275657982,4.3017219819065,5.4557776868215,3.66621610708069,65535,26079.21,13165.79,1945.165,418.6,252.33,104223.625,106529,107083.135,107375.97,"Hazardous","High",82.8378811349006,63.97835327,293.068688508399,4.481362624,162.295445109141,224.5487142,5.799889764843,4.481362624,0.956386792687458,0.968442092435327,1.81904753404269,84.6569286689433,169.313857337887,0.169313857337887,0.000169313857337887,1.69313857337887e-07,0.0219591267801791,0,0,0
"8A_B",27,1,"Konza4","Button","Smoke","CW/KOH",20241119,NA,"LL","1000x",NA,NA,"8A","K4_C",2,80.25,40.125,"K2A",2,8,0.040125,0.15,1083.75,0.139761942375159,6.98910482467846,0.85,-3.21575569753196,0.2125,0.7875,7225,180062.30529595,5689.6875,141799.065420561,124960.075606127,1553.87937443271,1428.8488643125,5937.3853195316,240.226237623762,274.935,390.57,1224.54356435644,1166,4325.355,24.7457627118644,25,28.8888888888889,21.6666666666667,21.0593220338983,21,19,23,4.29266275657982,4.3017219819065,5.4557776868215,3.66621610708069,65535,26079.21,13165.79,1945.165,418.6,252.33,104223.625,106529,107083.135,107375.97,"Hazardous","High",82.8378811349006,63.97835327,293.068688508399,4.481362624,162.295445109141,224.5487142,5.799889764843,4.481362624,0.956386792687458,0.968442092435327,1.81904753404269,84.6569286689433,169.313857337887,0.169313857337887,0.000169313857337887,1.69313857337887e-07,0.0219591267801791,738038088381.355,738038088.381355,738.038088381355
"8A_B",28,0,"Konza4","Button","Smoke","CW/KOH",20241119,NA,"LL","1000x",NA,NA,"8A","K4_C",2,80.25,40.125,"K2A",2,8,0.040125,0.15,1083.75,0.139761942375159,6.98910482467846,0,-3.21575569753196,0.2125,0,0,0,0,0,0,1553.87937443271,1428.8488643125,5937.3853195316,240.226237623762,274.935,390.57,1224.54356435644,1166,4325.355,24.7457627118644,25,28.8888888888889,21.6666666666667,21.0593220338983,21,19,23,4.29266275657982,4.3017219819065,5.4557776868215,3.66621610708069,65535,26079.21,13165.79,1945.165,418.6,252.33,104223.625,106529,107083.135,107375.97,"Hazardous","High",82.8378811349006,63.97835327,293.068688508399,4.481362624,162.295445109141,224.5487142,5.799889764843,4.481362624,0.956386792687458,0.968442092435327,1.81904753404269,84.6569286689433,169.313857337887,0.169313857337887,0.000169313857337887,1.69313857337887e-07,0.0219591267801791,0,0,0
"8A_B",29,0,"Konza4","Button","Smoke","CW/KOH",20241119,NA,"LL","1000x",NA,NA,"8A","K4_C",2,80.25,40.125,"K2A",2,8,0.040125,0.15,1083.75,0.139761942375159,6.98910482467846,0,-3.21575569753196,0.2125,0,0,0,0,0,0,1553.87937443271,1428.8488643125,5937.3853195316,240.226237623762,274.935,390.57,1224.54356435644,1166,4325.355,24.7457627118644,25,28.8888888888889,21.6666666666667,21.0593220338983,21,19,23,4.29266275657982,4.3017219819065,5.4557776868215,3.66621610708069,65535,26079.21,13165.79,1945.165,418.6,252.33,104223.625,106529,107083.135,107375.97,"Hazardous","High",82.8378811349006,63.97835327,293.068688508399,4.481362624,162.295445109141,224.5487142,5.799889764843,4.481362624,0.956386792687458,0.968442092435327,1.81904753404269,84.6569286689433,169.313857337887,0.169313857337887,0.000169313857337887,1.69313857337887e-07,0.0219591267801791,0,0,0
"8A_B",30,1,"Konza4","Button","Smoke","CW/KOH",20241119,NA,"LL","1000x",NA,NA,"8A","K4_C",2,80.25,40.125,"K2A",2,8,0.040125,0.15,1083.75,0.139761942375159,6.98910482467846,0.85,-3.21575569753196,0.2125,0.7875,7225,180062.30529595,5689.6875,141799.065420561,124960.075606127,1553.87937443271,1428.8488643125,5937.3853195316,240.226237623762,274.935,390.57,1224.54356435644,1166,4325.355,24.7457627118644,25,28.8888888888889,21.6666666666667,21.0593220338983,21,19,23,4.29266275657982,4.3017219819065,5.4557776868215,3.66621610708069,65535,26079.21,13165.79,1945.165,418.6,252.33,104223.625,106529,107083.135,107375.97,"Hazardous","High",82.8378811349006,63.97835327,293.068688508399,4.481362624,162.295445109141,224.5487142,5.799889764843,4.481362624,0.956386792687458,0.968442092435327,1.81904753404269,84.6569286689433,169.313857337887,0.169313857337887,0.000169313857337887,1.69313857337887e-07,0.0219591267801791,738038088381.355,738038088.381355,738.038088381355
"8A_B",31,0,"Konza4","Button","Smoke","CW/KOH",20241119,NA,"LL","1000x",NA,NA,"8A","K4_C",2,80.25,40.125,"K2A",2,8,0.040125,0.15,1083.75,0.139761942375159,6.98910482467846,0,-3.21575569753196,0.2125,0,0,0,0,0,0,1553.87937443271,1428.8488643125,5937.3853195316,240.226237623762,274.935,390.57,1224.54356435644,1166,4325.355,24.7457627118644,25,28.8888888888889,21.6666666666667,21.0593220338983,21,19,23,4.29266275657982,4.3017219819065,5.4557776868215,3.66621610708069,65535,26079.21,13165.79,1945.165,418.6,252.33,104223.625,106529,107083.135,107375.97,"Hazardous","High",82.8378811349006,63.97835327,293.068688508399,4.481362624,162.295445109141,224.5487142,5.799889764843,4.481362624,0.956386792687458,0.968442092435327,1.81904753404269,84.6569286689433,169.313857337887,0.169313857337887,0.000169313857337887,1.69313857337887e-07,0.0219591267801791,0,0,0
"8A_B",32,1,"Konza4","Button","Smoke","CW/KOH",20241119,NA,"LL","1000x",NA,NA,"8A","K4_C",2,80.25,40.125,"K2A",2,8,0.040125,0.15,1083.75,0.139761942375159,6.98910482467846,0.85,-3.21575569753196,0.2125,0.7875,7225,180062.30529595,5689.6875,141799.065420561,124960.075606127,1553.87937443271,1428.8488643125,5937.3853195316,240.226237623762,274.935,390.57,1224.54356435644,1166,4325.355,24.7457627118644,25,28.8888888888889,21.6666666666667,21.0593220338983,21,19,23,4.29266275657982,4.3017219819065,5.4557776868215,3.66621610708069,65535,26079.21,13165.79,1945.165,418.6,252.33,104223.625,106529,107083.135,107375.97,"Hazardous","High",82.8378811349006,63.97835327,293.068688508399,4.481362624,162.295445109141,224.5487142,5.799889764843,4.481362624,0.956386792687458,0.968442092435327,1.81904753404269,84.6569286689433,169.313857337887,0.169313857337887,0.000169313857337887,1.69313857337887e-07,0.0219591267801791,738038088381.355,738038088.381355,738.038088381355
"8A_B",33,0,"Konza4","Button","Smoke","CW/KOH",20241119,NA,"LL","1000x",NA,NA,"8A","K4_C",2,80.25,40.125,"K2A",2,8,0.040125,0.15,1083.75,0.139761942375159,6.98910482467846,0,-3.21575569753196,0.2125,0,0,0,0,0,0,1553.87937443271,1428.8488643125,5937.3853195316,240.226237623762,274.935,390.57,1224.54356435644,1166,4325.355,24.7457627118644,25,28.8888888888889,21.6666666666667,21.0593220338983,21,19,23,4.29266275657982,4.3017219819065,5.4557776868215,3.66621610708069,65535,26079.21,13165.79,1945.165,418.6,252.33,104223.625,106529,107083.135,107375.97,"Hazardous","High",82.8378811349006,63.97835327,293.068688508399,4.481362624,162.295445109141,224.5487142,5.799889764843,4.481362624,0.956386792687458,0.968442092435327,1.81904753404269,84.6569286689433,169.313857337887,0.169313857337887,0.000169313857337887,1.69313857337887e-07,0.0219591267801791,0,0,0
"8A_B",34,0,"Konza4","Button","Smoke","CW/KOH",20241119,NA,"LL","1000x",NA,NA,"8A","K4_C",2,80.25,40.125,"K2A",2,8,0.040125,0.15,1083.75,0.139761942375159,6.98910482467846,0,-3.21575569753196,0.2125,0,0,0,0,0,0,1553.87937443271,1428.8488643125,5937.3853195316,240.226237623762,274.935,390.57,1224.54356435644,1166,4325.355,24.7457627118644,25,28.8888888888889,21.6666666666667,21.0593220338983,21,19,23,4.29266275657982,4.3017219819065,5.4557776868215,3.66621610708069,65535,26079.21,13165.79,1945.165,418.6,252.33,104223.625,106529,107083.135,107375.97,"Hazardous","High",82.8378811349006,63.97835327,293.068688508399,4.481362624,162.295445109141,224.5487142,5.799889764843,4.481362624,0.956386792687458,0.968442092435327,1.81904753404269,84.6569286689433,169.313857337887,0.169313857337887,0.000169313857337887,1.69313857337887e-07,0.0219591267801791,0,0,0
"8A_B",35,1,"Konza4","Button","Smoke","CW/KOH",20241119,NA,"LL","1000x",NA,NA,"8A","K4_C",2,80.25,40.125,"K2A",2,8,0.040125,0.15,1083.75,0.139761942375159,6.98910482467846,0.85,-3.21575569753196,0.2125,0.7875,7225,180062.30529595,5689.6875,141799.065420561,124960.075606127,1553.87937443271,1428.8488643125,5937.3853195316,240.226237623762,274.935,390.57,1224.54356435644,1166,4325.355,24.7457627118644,25,28.8888888888889,21.6666666666667,21.0593220338983,21,19,23,4.29266275657982,4.3017219819065,5.4557776868215,3.66621610708069,65535,26079.21,13165.79,1945.165,418.6,252.33,104223.625,106529,107083.135,107375.97,"Hazardous","High",82.8378811349006,63.97835327,293.068688508399,4.481362624,162.295445109141,224.5487142,5.799889764843,4.481362624,0.956386792687458,0.968442092435327,1.81904753404269,84.6569286689433,169.313857337887,0.169313857337887,0.000169313857337887,1.69313857337887e-07,0.0219591267801791,738038088381.355,738038088.381355,738.038088381355
"8A_B",36,0,"Konza4","Button","Smoke","CW/KOH",20241119,NA,"LL","1000x",NA,NA,"8A","K4_C",2,80.25,40.125,"K2A",2,8,0.040125,0.15,1083.75,0.139761942375159,6.98910482467846,0,-3.21575569753196,0.2125,0,0,0,0,0,0,1553.87937443271,1428.8488643125,5937.3853195316,240.226237623762,274.935,390.57,1224.54356435644,1166,4325.355,24.7457627118644,25,28.8888888888889,21.6666666666667,21.0593220338983,21,19,23,4.29266275657982,4.3017219819065,5.4557776868215,3.66621610708069,65535,26079.21,13165.79,1945.165,418.6,252.33,104223.625,106529,107083.135,107375.97,"Hazardous","High",82.8378811349006,63.97835327,293.068688508399,4.481362624,162.295445109141,224.5487142,5.799889764843,4.481362624,0.956386792687458,0.968442092435327,1.81904753404269,84.6569286689433,169.313857337887,0.169313857337887,0.000169313857337887,1.69313857337887e-07,0.0219591267801791,0,0,0
"8A_B",37,0,"Konza4","Button","Smoke","CW/KOH",20241119,NA,"LL","1000x",NA,NA,"8A","K4_C",2,80.25,40.125,"K2A",2,8,0.040125,0.15,1083.75,0.139761942375159,6.98910482467846,0,-3.21575569753196,0.2125,0,0,0,0,0,0,1553.87937443271,1428.8488643125,5937.3853195316,240.226237623762,274.935,390.57,1224.54356435644,1166,4325.355,24.7457627118644,25,28.8888888888889,21.6666666666667,21.0593220338983,21,19,23,4.29266275657982,4.3017219819065,5.4557776868215,3.66621610708069,65535,26079.21,13165.79,1945.165,418.6,252.33,104223.625,106529,107083.135,107375.97,"Hazardous","High",82.8378811349006,63.97835327,293.068688508399,4.481362624,162.295445109141,224.5487142,5.799889764843,4.481362624,0.956386792687458,0.968442092435327,1.81904753404269,84.6569286689433,169.313857337887,0.169313857337887,0.000169313857337887,1.69313857337887e-07,0.0219591267801791,0,0,0
"8A_B",38,9,"Konza4","Button","Smoke","CW/KOH",20241119,NA,"LL","1000x",NA,NA,"8A","K4_C",2,80.25,40.125,"K2A",2,8,0.040125,0.15,1083.75,0.139761942375159,6.98910482467846,8.85,-3.21575569753196,0.2125,8.7875,65025,1620560.74766355,63489.6875,1582297.50778816,1565458.51797373,1553.87937443271,1428.8488643125,5937.3853195316,240.226237623762,274.935,390.57,1224.54356435644,1166,4325.355,24.7457627118644,25,28.8888888888889,21.6666666666667,21.0593220338983,21,19,23,4.29266275657982,4.3017219819065,5.4557776868215,3.66621610708069,65535,26079.21,13165.79,1945.165,418.6,252.33,104223.625,106529,107083.135,107375.97,"Hazardous","High",82.8378811349006,63.97835327,293.068688508399,4.481362624,162.295445109141,224.5487142,5.799889764843,4.481362624,0.956386792687458,0.968442092435327,1.81904753404269,84.6569286689433,169.313857337887,0.169313857337887,0.000169313857337887,1.69313857337887e-07,0.0219591267801791,9245897191094.43,9245897191.09443,9245.89719109443
"8A_B",39,1,"Konza4","Button","Smoke","CW/KOH",20241119,NA,"LL","1000x",NA,NA,"8A","K4_C",2,80.25,40.125,"K2A",2,8,0.040125,0.15,1083.75,0.139761942375159,6.98910482467846,0.85,-3.21575569753196,0.2125,0.7875,7225,180062.30529595,5689.6875,141799.065420561,124960.075606127,1553.87937443271,1428.8488643125,5937.3853195316,240.226237623762,274.935,390.57,1224.54356435644,1166,4325.355,24.7457627118644,25,28.8888888888889,21.6666666666667,21.0593220338983,21,19,23,4.29266275657982,4.3017219819065,5.4557776868215,3.66621610708069,65535,26079.21,13165.79,1945.165,418.6,252.33,104223.625,106529,107083.135,107375.97,"Hazardous","High",82.8378811349006,63.97835327,293.068688508399,4.481362624,162.295445109141,224.5487142,5.799889764843,4.481362624,0.956386792687458,0.968442092435327,1.81904753404269,84.6569286689433,169.313857337887,0.169313857337887,0.000169313857337887,1.69313857337887e-07,0.0219591267801791,738038088381.355,738038088.381355,738.038088381355
"8A_B",40,0,"Konza4","Button","Smoke","CW/KOH",20241119,NA,"LL","1000x",NA,NA,"8A","K4_C",2,80.25,40.125,"K2A",2,8,0.040125,0.15,1083.75,0.139761942375159,6.98910482467846,0,-3.21575569753196,0.2125,0,0,0,0,0,0,1553.87937443271,1428.8488643125,5937.3853195316,240.226237623762,274.935,390.57,1224.54356435644,1166,4325.355,24.7457627118644,25,28.8888888888889,21.6666666666667,21.0593220338983,21,19,23,4.29266275657982,4.3017219819065,5.4557776868215,3.66621610708069,65535,26079.21,13165.79,1945.165,418.6,252.33,104223.625,106529,107083.135,107375.97,"Hazardous","High",82.8378811349006,63.97835327,293.068688508399,4.481362624,162.295445109141,224.5487142,5.799889764843,4.481362624,0.956386792687458,0.968442092435327,1.81904753404269,84.6569286689433,169.313857337887,0.169313857337887,0.000169313857337887,1.69313857337887e-07,0.0219591267801791,0,0,0
"9A_B",1,0,"Konza4","Button","Smoke","CW/KOH",20241119,NA,"LL","1000x",NA,NA,"9A","K4_C",2,80.25,40.125,"K2A",2,9,0.040125,0.15,1083.75,0.139761942375159,6.98910482467846,0,-3.21575569753196,0.2125,0,0,0,0,0,0,1256.61207974686,687.5915816997,5524.35414976,217.445,234.4925,407.335,1071.10798913043,668.2325,5724.665,23.0084745762712,23.3333333333333,26.1111111111111,15.5555555555556,22.8220338983051,23,20,25,4.18294642272618,4.13455011240909,5.04745010446087,2.88330086679372,63403.9,20877.375,7030.27,710.88,149.6475,84.79,92215.175,93319.525,93587.5,93853.825,"Hazardous","High",102.663887287997,55.99927853,363.233624158432,4.307790825,201.151351280264,195.4132978,6.43406417665957,4.307790825,0.946405686134824,0.96452172857645,1.78111289643911,104.445000184436,208.890000368872,0.208890000368872,0.000208890000368872,2.08890000368872e-07,0.0173489719071581,0,0,0
"9A_B",2,2,"Konza4","Button","Smoke","CW/KOH",20241119,NA,"LL","1000x",NA,NA,"9A","K4_C",2,80.25,40.125,"K2A",2,9,0.040125,0.15,1083.75,0.139761942375159,6.98910482467846,1.85,-3.21575569753196,0.2125,1.7875,14450,360124.6105919,12914.6875,321861.370716511,305022.380902077,1256.61207974686,687.5915816997,5524.35414976,217.445,234.4925,407.335,1071.10798913043,668.2325,5724.665,23.0084745762712,23.3333333333333,26.1111111111111,15.5555555555556,22.8220338983051,23,20,25,4.18294642272618,4.13455011240909,5.04745010446087,2.88330086679372,63403.9,20877.375,7030.27,710.88,149.6475,84.79,92215.175,93319.525,93587.5,93853.825,"Hazardous","High",102.663887287997,55.99927853,363.233624158432,4.307790825,201.151351280264,195.4132978,6.43406417665957,4.307790825,0.946405686134824,0.96452172857645,1.78111289643911,104.445000184436,208.890000368872,0.208890000368872,0.000208890000368872,2.08890000368872e-07,0.0173489719071581,1460205755964.61,1460205755.96461,1460.20575596461
"9A_B",3,1,"Konza4","Button","Smoke","CW/KOH",20241119,NA,"LL","1000x",NA,NA,"9A","K4_C",2,80.25,40.125,"K2A",2,9,0.040125,0.15,1083.75,0.139761942375159,6.98910482467846,0.85,-3.21575569753196,0.2125,0.7875,7225,180062.30529595,5689.6875,141799.065420561,124960.075606127,1256.61207974686,687.5915816997,5524.35414976,217.445,234.4925,407.335,1071.10798913043,668.2325,5724.665,23.0084745762712,23.3333333333333,26.1111111111111,15.5555555555556,22.8220338983051,23,20,25,4.18294642272618,4.13455011240909,5.04745010446087,2.88330086679372,63403.9,20877.375,7030.27,710.88,149.6475,84.79,92215.175,93319.525,93587.5,93853.825,"Hazardous","High",102.663887287997,55.99927853,363.233624158432,4.307790825,201.151351280264,195.4132978,6.43406417665957,4.307790825,0.946405686134824,0.96452172857645,1.78111289643911,104.445000184436,208.890000368872,0.208890000368872,0.000208890000368872,2.08890000368872e-07,0.0173489719071581,598209944877.515,598209944.877515,598.209944877515
"9A_B",4,0,"Konza4","Button","Smoke","CW/KOH",20241119,NA,"LL","1000x",NA,NA,"9A","K4_C",2,80.25,40.125,"K2A",2,9,0.040125,0.15,1083.75,0.139761942375159,6.98910482467846,0,-3.21575569753196,0.2125,0,0,0,0,0,0,1256.61207974686,687.5915816997,5524.35414976,217.445,234.4925,407.335,1071.10798913043,668.2325,5724.665,23.0084745762712,23.3333333333333,26.1111111111111,15.5555555555556,22.8220338983051,23,20,25,4.18294642272618,4.13455011240909,5.04745010446087,2.88330086679372,63403.9,20877.375,7030.27,710.88,149.6475,84.79,92215.175,93319.525,93587.5,93853.825,"Hazardous","High",102.663887287997,55.99927853,363.233624158432,4.307790825,201.151351280264,195.4132978,6.43406417665957,4.307790825,0.946405686134824,0.96452172857645,1.78111289643911,104.445000184436,208.890000368872,0.208890000368872,0.000208890000368872,2.08890000368872e-07,0.0173489719071581,0,0,0
"9A_B",5,0,"Konza4","Button","Smoke","CW/KOH",20241119,NA,"LL","1000x",NA,NA,"9A","K4_C",2,80.25,40.125,"K2A",2,9,0.040125,0.15,1083.75,0.139761942375159,6.98910482467846,0,-3.21575569753196,0.2125,0,0,0,0,0,0,1256.61207974686,687.5915816997,5524.35414976,217.445,234.4925,407.335,1071.10798913043,668.2325,5724.665,23.0084745762712,23.3333333333333,26.1111111111111,15.5555555555556,22.8220338983051,23,20,25,4.18294642272618,4.13455011240909,5.04745010446087,2.88330086679372,63403.9,20877.375,7030.27,710.88,149.6475,84.79,92215.175,93319.525,93587.5,93853.825,"Hazardous","High",102.663887287997,55.99927853,363.233624158432,4.307790825,201.151351280264,195.4132978,6.43406417665957,4.307790825,0.946405686134824,0.96452172857645,1.78111289643911,104.445000184436,208.890000368872,0.208890000368872,0.000208890000368872,2.08890000368872e-07,0.0173489719071581,0,0,0
"9A_B",6,0,"Konza4","Button","Smoke","CW/KOH",20241119,NA,"LL","1000x",NA,NA,"9A","K4_C",2,80.25,40.125,"K2A",2,9,0.040125,0.15,1083.75,0.139761942375159,6.98910482467846,0,-3.21575569753196,0.2125,0,0,0,0,0,0,1256.61207974686,687.5915816997,5524.35414976,217.445,234.4925,407.335,1071.10798913043,668.2325,5724.665,23.0084745762712,23.3333333333333,26.1111111111111,15.5555555555556,22.8220338983051,23,20,25,4.18294642272618,4.13455011240909,5.04745010446087,2.88330086679372,63403.9,20877.375,7030.27,710.88,149.6475,84.79,92215.175,93319.525,93587.5,93853.825,"Hazardous","High",102.663887287997,55.99927853,363.233624158432,4.307790825,201.151351280264,195.4132978,6.43406417665957,4.307790825,0.946405686134824,0.96452172857645,1.78111289643911,104.445000184436,208.890000368872,0.208890000368872,0.000208890000368872,2.08890000368872e-07,0.0173489719071581,0,0,0
"9A_B",7,0,"Konza4","Button","Smoke","CW/KOH",20241119,NA,"LL","1000x",NA,NA,"9A","K4_C",2,80.25,40.125,"K2A",2,9,0.040125,0.15,1083.75,0.139761942375159,6.98910482467846,0,-3.21575569753196,0.2125,0,0,0,0,0,0,1256.61207974686,687.5915816997,5524.35414976,217.445,234.4925,407.335,1071.10798913043,668.2325,5724.665,23.0084745762712,23.3333333333333,26.1111111111111,15.5555555555556,22.8220338983051,23,20,25,4.18294642272618,4.13455011240909,5.04745010446087,2.88330086679372,63403.9,20877.375,7030.27,710.88,149.6475,84.79,92215.175,93319.525,93587.5,93853.825,"Hazardous","High",102.663887287997,55.99927853,363.233624158432,4.307790825,201.151351280264,195.4132978,6.43406417665957,4.307790825,0.946405686134824,0.96452172857645,1.78111289643911,104.445000184436,208.890000368872,0.208890000368872,0.000208890000368872,2.08890000368872e-07,0.0173489719071581,0,0,0
"9A_B",8,0,"Konza4","Button","Smoke","CW/KOH",20241119,NA,"LL","1000x",NA,NA,"9A","K4_C",2,80.25,40.125,"K2A",2,9,0.040125,0.15,1083.75,0.139761942375159,6.98910482467846,0,-3.21575569753196,0.2125,0,0,0,0,0,0,1256.61207974686,687.5915816997,5524.35414976,217.445,234.4925,407.335,1071.10798913043,668.2325,5724.665,23.0084745762712,23.3333333333333,26.1111111111111,15.5555555555556,22.8220338983051,23,20,25,4.18294642272618,4.13455011240909,5.04745010446087,2.88330086679372,63403.9,20877.375,7030.27,710.88,149.6475,84.79,92215.175,93319.525,93587.5,93853.825,"Hazardous","High",102.663887287997,55.99927853,363.233624158432,4.307790825,201.151351280264,195.4132978,6.43406417665957,4.307790825,0.946405686134824,0.96452172857645,1.78111289643911,104.445000184436,208.890000368872,0.208890000368872,0.000208890000368872,2.08890000368872e-07,0.0173489719071581,0,0,0
"9A_B",9,0,"Konza4","Button","Smoke","CW/KOH",20241119,NA,"LL","1000x",NA,NA,"9A","K4_C",2,80.25,40.125,"K2A",2,9,0.040125,0.15,1083.75,0.139761942375159,6.98910482467846,0,-3.21575569753196,0.2125,0,0,0,0,0,0,1256.61207974686,687.5915816997,5524.35414976,217.445,234.4925,407.335,1071.10798913043,668.2325,5724.665,23.0084745762712,23.3333333333333,26.1111111111111,15.5555555555556,22.8220338983051,23,20,25,4.18294642272618,4.13455011240909,5.04745010446087,2.88330086679372,63403.9,20877.375,7030.27,710.88,149.6475,84.79,92215.175,93319.525,93587.5,93853.825,"Hazardous","High",102.663887287997,55.99927853,363.233624158432,4.307790825,201.151351280264,195.4132978,6.43406417665957,4.307790825,0.946405686134824,0.96452172857645,1.78111289643911,104.445000184436,208.890000368872,0.208890000368872,0.000208890000368872,2.08890000368872e-07,0.0173489719071581,0,0,0
"9A_B",10,0,"Konza4","Button","Smoke","CW/KOH",20241119,NA,"LL","1000x",NA,NA,"9A","K4_C",2,80.25,40.125,"K2A",2,9,0.040125,0.15,1083.75,0.139761942375159,6.98910482467846,0,-3.21575569753196,0.2125,0,0,0,0,0,0,1256.61207974686,687.5915816997,5524.35414976,217.445,234.4925,407.335,1071.10798913043,668.2325,5724.665,23.0084745762712,23.3333333333333,26.1111111111111,15.5555555555556,22.8220338983051,23,20,25,4.18294642272618,4.13455011240909,5.04745010446087,2.88330086679372,63403.9,20877.375,7030.27,710.88,149.6475,84.79,92215.175,93319.525,93587.5,93853.825,"Hazardous","High",102.663887287997,55.99927853,363.233624158432,4.307790825,201.151351280264,195.4132978,6.43406417665957,4.307790825,0.946405686134824,0.96452172857645,1.78111289643911,104.445000184436,208.890000368872,0.208890000368872,0.000208890000368872,2.08890000368872e-07,0.0173489719071581,0,0,0
"9A_B",11,0,"Konza4","Button","Smoke","CW/KOH",20241119,NA,"LL","1000x",NA,NA,"9A","K4_C",2,80.25,40.125,"K2A",2,9,0.040125,0.15,1083.75,0.139761942375159,6.98910482467846,0,-3.21575569753196,0.2125,0,0,0,0,0,0,1256.61207974686,687.5915816997,5524.35414976,217.445,234.4925,407.335,1071.10798913043,668.2325,5724.665,23.0084745762712,23.3333333333333,26.1111111111111,15.5555555555556,22.8220338983051,23,20,25,4.18294642272618,4.13455011240909,5.04745010446087,2.88330086679372,63403.9,20877.375,7030.27,710.88,149.6475,84.79,92215.175,93319.525,93587.5,93853.825,"Hazardous","High",102.663887287997,55.99927853,363.233624158432,4.307790825,201.151351280264,195.4132978,6.43406417665957,4.307790825,0.946405686134824,0.96452172857645,1.78111289643911,104.445000184436,208.890000368872,0.208890000368872,0.000208890000368872,2.08890000368872e-07,0.0173489719071581,0,0,0
"9A_B",12,0,"Konza4","Button","Smoke","CW/KOH",20241119,NA,"LL","1000x",NA,NA,"9A","K4_C",2,80.25,40.125,"K2A",2,9,0.040125,0.15,1083.75,0.139761942375159,6.98910482467846,0,-3.21575569753196,0.2125,0,0,0,0,0,0,1256.61207974686,687.5915816997,5524.35414976,217.445,234.4925,407.335,1071.10798913043,668.2325,5724.665,23.0084745762712,23.3333333333333,26.1111111111111,15.5555555555556,22.8220338983051,23,20,25,4.18294642272618,4.13455011240909,5.04745010446087,2.88330086679372,63403.9,20877.375,7030.27,710.88,149.6475,84.79,92215.175,93319.525,93587.5,93853.825,"Hazardous","High",102.663887287997,55.99927853,363.233624158432,4.307790825,201.151351280264,195.4132978,6.43406417665957,4.307790825,0.946405686134824,0.96452172857645,1.78111289643911,104.445000184436,208.890000368872,0.208890000368872,0.000208890000368872,2.08890000368872e-07,0.0173489719071581,0,0,0
"9A_B",13,1,"Konza4","Button","Smoke","CW/KOH",20241119,NA,"LL","1000x",NA,NA,"9A","K4_C",2,80.25,40.125,"K2A",2,9,0.040125,0.15,1083.75,0.139761942375159,6.98910482467846,0.85,-3.21575569753196,0.2125,0.7875,7225,180062.30529595,5689.6875,141799.065420561,124960.075606127,1256.61207974686,687.5915816997,5524.35414976,217.445,234.4925,407.335,1071.10798913043,668.2325,5724.665,23.0084745762712,23.3333333333333,26.1111111111111,15.5555555555556,22.8220338983051,23,20,25,4.18294642272618,4.13455011240909,5.04745010446087,2.88330086679372,63403.9,20877.375,7030.27,710.88,149.6475,84.79,92215.175,93319.525,93587.5,93853.825,"Hazardous","High",102.663887287997,55.99927853,363.233624158432,4.307790825,201.151351280264,195.4132978,6.43406417665957,4.307790825,0.946405686134824,0.96452172857645,1.78111289643911,104.445000184436,208.890000368872,0.208890000368872,0.000208890000368872,2.08890000368872e-07,0.0173489719071581,598209944877.515,598209944.877515,598.209944877515
"9A_B",14,0,"Konza4","Button","Smoke","CW/KOH",20241119,NA,"LL","1000x",NA,NA,"9A","K4_C",2,80.25,40.125,"K2A",2,9,0.040125,0.15,1083.75,0.139761942375159,6.98910482467846,0,-3.21575569753196,0.2125,0,0,0,0,0,0,1256.61207974686,687.5915816997,5524.35414976,217.445,234.4925,407.335,1071.10798913043,668.2325,5724.665,23.0084745762712,23.3333333333333,26.1111111111111,15.5555555555556,22.8220338983051,23,20,25,4.18294642272618,4.13455011240909,5.04745010446087,2.88330086679372,63403.9,20877.375,7030.27,710.88,149.6475,84.79,92215.175,93319.525,93587.5,93853.825,"Hazardous","High",102.663887287997,55.99927853,363.233624158432,4.307790825,201.151351280264,195.4132978,6.43406417665957,4.307790825,0.946405686134824,0.96452172857645,1.78111289643911,104.445000184436,208.890000368872,0.208890000368872,0.000208890000368872,2.08890000368872e-07,0.0173489719071581,0,0,0
"9A_B",15,0,"Konza4","Button","Smoke","CW/KOH",20241119,NA,"LL","1000x",NA,NA,"9A","K4_C",2,80.25,40.125,"K2A",2,9,0.040125,0.15,1083.75,0.139761942375159,6.98910482467846,0,-3.21575569753196,0.2125,0,0,0,0,0,0,1256.61207974686,687.5915816997,5524.35414976,217.445,234.4925,407.335,1071.10798913043,668.2325,5724.665,23.0084745762712,23.3333333333333,26.1111111111111,15.5555555555556,22.8220338983051,23,20,25,4.18294642272618,4.13455011240909,5.04745010446087,2.88330086679372,63403.9,20877.375,7030.27,710.88,149.6475,84.79,92215.175,93319.525,93587.5,93853.825,"Hazardous","High",102.663887287997,55.99927853,363.233624158432,4.307790825,201.151351280264,195.4132978,6.43406417665957,4.307790825,0.946405686134824,0.96452172857645,1.78111289643911,104.445000184436,208.890000368872,0.208890000368872,0.000208890000368872,2.08890000368872e-07,0.0173489719071581,0,0,0
"9A_B",16,1,"Konza4","Button","Smoke","CW/KOH",20241119,NA,"LL","1000x",NA,NA,"9A","K4_C",2,80.25,40.125,"K2A",2,9,0.040125,0.15,1083.75,0.139761942375159,6.98910482467846,0.85,-3.21575569753196,0.2125,0.7875,7225,180062.30529595,5689.6875,141799.065420561,124960.075606127,1256.61207974686,687.5915816997,5524.35414976,217.445,234.4925,407.335,1071.10798913043,668.2325,5724.665,23.0084745762712,23.3333333333333,26.1111111111111,15.5555555555556,22.8220338983051,23,20,25,4.18294642272618,4.13455011240909,5.04745010446087,2.88330086679372,63403.9,20877.375,7030.27,710.88,149.6475,84.79,92215.175,93319.525,93587.5,93853.825,"Hazardous","High",102.663887287997,55.99927853,363.233624158432,4.307790825,201.151351280264,195.4132978,6.43406417665957,4.307790825,0.946405686134824,0.96452172857645,1.78111289643911,104.445000184436,208.890000368872,0.208890000368872,0.000208890000368872,2.08890000368872e-07,0.0173489719071581,598209944877.515,598209944.877515,598.209944877515
"9A_B",17,0,"Konza4","Button","Smoke","CW/KOH",20241119,NA,"LL","1000x",NA,NA,"9A","K4_C",2,80.25,40.125,"K2A",2,9,0.040125,0.15,1083.75,0.139761942375159,6.98910482467846,0,-3.21575569753196,0.2125,0,0,0,0,0,0,1256.61207974686,687.5915816997,5524.35414976,217.445,234.4925,407.335,1071.10798913043,668.2325,5724.665,23.0084745762712,23.3333333333333,26.1111111111111,15.5555555555556,22.8220338983051,23,20,25,4.18294642272618,4.13455011240909,5.04745010446087,2.88330086679372,63403.9,20877.375,7030.27,710.88,149.6475,84.79,92215.175,93319.525,93587.5,93853.825,"Hazardous","High",102.663887287997,55.99927853,363.233624158432,4.307790825,201.151351280264,195.4132978,6.43406417665957,4.307790825,0.946405686134824,0.96452172857645,1.78111289643911,104.445000184436,208.890000368872,0.208890000368872,0.000208890000368872,2.08890000368872e-07,0.0173489719071581,0,0,0
"9A_B",18,1,"Konza4","Button","Smoke","CW/KOH",20241119,NA,"LL","1000x",NA,NA,"9A","K4_C",2,80.25,40.125,"K2A",2,9,0.040125,0.15,1083.75,0.139761942375159,6.98910482467846,0.85,-3.21575569753196,0.2125,0.7875,7225,180062.30529595,5689.6875,141799.065420561,124960.075606127,1256.61207974686,687.5915816997,5524.35414976,217.445,234.4925,407.335,1071.10798913043,668.2325,5724.665,23.0084745762712,23.3333333333333,26.1111111111111,15.5555555555556,22.8220338983051,23,20,25,4.18294642272618,4.13455011240909,5.04745010446087,2.88330086679372,63403.9,20877.375,7030.27,710.88,149.6475,84.79,92215.175,93319.525,93587.5,93853.825,"Hazardous","High",102.663887287997,55.99927853,363.233624158432,4.307790825,201.151351280264,195.4132978,6.43406417665957,4.307790825,0.946405686134824,0.96452172857645,1.78111289643911,104.445000184436,208.890000368872,0.208890000368872,0.000208890000368872,2.08890000368872e-07,0.0173489719071581,598209944877.515,598209944.877515,598.209944877515
"9A_B",19,1,"Konza4","Button","Smoke","CW/KOH",20241119,NA,"LL","1000x",NA,NA,"9A","K4_C",2,80.25,40.125,"K2A",2,9,0.040125,0.15,1083.75,0.139761942375159,6.98910482467846,0.85,-3.21575569753196,0.2125,0.7875,7225,180062.30529595,5689.6875,141799.065420561,124960.075606127,1256.61207974686,687.5915816997,5524.35414976,217.445,234.4925,407.335,1071.10798913043,668.2325,5724.665,23.0084745762712,23.3333333333333,26.1111111111111,15.5555555555556,22.8220338983051,23,20,25,4.18294642272618,4.13455011240909,5.04745010446087,2.88330086679372,63403.9,20877.375,7030.27,710.88,149.6475,84.79,92215.175,93319.525,93587.5,93853.825,"Hazardous","High",102.663887287997,55.99927853,363.233624158432,4.307790825,201.151351280264,195.4132978,6.43406417665957,4.307790825,0.946405686134824,0.96452172857645,1.78111289643911,104.445000184436,208.890000368872,0.208890000368872,0.000208890000368872,2.08890000368872e-07,0.0173489719071581,598209944877.515,598209944.877515,598.209944877515
"9A_B",20,0,"Konza4","Button","Smoke","CW/KOH",20241119,NA,"LL","1000x",NA,NA,"9A","K4_C",2,80.25,40.125,"K2A",2,9,0.040125,0.15,1083.75,0.139761942375159,6.98910482467846,0,-3.21575569753196,0.2125,0,0,0,0,0,0,1256.61207974686,687.5915816997,5524.35414976,217.445,234.4925,407.335,1071.10798913043,668.2325,5724.665,23.0084745762712,23.3333333333333,26.1111111111111,15.5555555555556,22.8220338983051,23,20,25,4.18294642272618,4.13455011240909,5.04745010446087,2.88330086679372,63403.9,20877.375,7030.27,710.88,149.6475,84.79,92215.175,93319.525,93587.5,93853.825,"Hazardous","High",102.663887287997,55.99927853,363.233624158432,4.307790825,201.151351280264,195.4132978,6.43406417665957,4.307790825,0.946405686134824,0.96452172857645,1.78111289643911,104.445000184436,208.890000368872,0.208890000368872,0.000208890000368872,2.08890000368872e-07,0.0173489719071581,0,0,0
"9A_B",21,2,"Konza4","Button","Smoke","CW/KOH",20241119,NA,"LL","1000x",NA,NA,"9A","K4_C",2,80.25,40.125,"K2A",2,9,0.040125,0.15,1083.75,0.139761942375159,6.98910482467846,1.85,-3.21575569753196,0.2125,1.7875,14450,360124.6105919,12914.6875,321861.370716511,305022.380902077,1256.61207974686,687.5915816997,5524.35414976,217.445,234.4925,407.335,1071.10798913043,668.2325,5724.665,23.0084745762712,23.3333333333333,26.1111111111111,15.5555555555556,22.8220338983051,23,20,25,4.18294642272618,4.13455011240909,5.04745010446087,2.88330086679372,63403.9,20877.375,7030.27,710.88,149.6475,84.79,92215.175,93319.525,93587.5,93853.825,"Hazardous","High",102.663887287997,55.99927853,363.233624158432,4.307790825,201.151351280264,195.4132978,6.43406417665957,4.307790825,0.946405686134824,0.96452172857645,1.78111289643911,104.445000184436,208.890000368872,0.208890000368872,0.000208890000368872,2.08890000368872e-07,0.0173489719071581,1460205755964.61,1460205755.96461,1460.20575596461
"9A_B",22,0,"Konza4","Button","Smoke","CW/KOH",20241119,NA,"LL","1000x",NA,NA,"9A","K4_C",2,80.25,40.125,"K2A",2,9,0.040125,0.15,1083.75,0.139761942375159,6.98910482467846,0,-3.21575569753196,0.2125,0,0,0,0,0,0,1256.61207974686,687.5915816997,5524.35414976,217.445,234.4925,407.335,1071.10798913043,668.2325,5724.665,23.0084745762712,23.3333333333333,26.1111111111111,15.5555555555556,22.8220338983051,23,20,25,4.18294642272618,4.13455011240909,5.04745010446087,2.88330086679372,63403.9,20877.375,7030.27,710.88,149.6475,84.79,92215.175,93319.525,93587.5,93853.825,"Hazardous","High",102.663887287997,55.99927853,363.233624158432,4.307790825,201.151351280264,195.4132978,6.43406417665957,4.307790825,0.946405686134824,0.96452172857645,1.78111289643911,104.445000184436,208.890000368872,0.208890000368872,0.000208890000368872,2.08890000368872e-07,0.0173489719071581,0,0,0
"9A_B",23,0,"Konza4","Button","Smoke","CW/KOH",20241119,NA,"LL","1000x",NA,NA,"9A","K4_C",2,80.25,40.125,"K2A",2,9,0.040125,0.15,1083.75,0.139761942375159,6.98910482467846,0,-3.21575569753196,0.2125,0,0,0,0,0,0,1256.61207974686,687.5915816997,5524.35414976,217.445,234.4925,407.335,1071.10798913043,668.2325,5724.665,23.0084745762712,23.3333333333333,26.1111111111111,15.5555555555556,22.8220338983051,23,20,25,4.18294642272618,4.13455011240909,5.04745010446087,2.88330086679372,63403.9,20877.375,7030.27,710.88,149.6475,84.79,92215.175,93319.525,93587.5,93853.825,"Hazardous","High",102.663887287997,55.99927853,363.233624158432,4.307790825,201.151351280264,195.4132978,6.43406417665957,4.307790825,0.946405686134824,0.96452172857645,1.78111289643911,104.445000184436,208.890000368872,0.208890000368872,0.000208890000368872,2.08890000368872e-07,0.0173489719071581,0,0,0
"9A_B",24,0,"Konza4","Button","Smoke","CW/KOH",20241119,NA,"LL","1000x",NA,NA,"9A","K4_C",2,80.25,40.125,"K2A",2,9,0.040125,0.15,1083.75,0.139761942375159,6.98910482467846,0,-3.21575569753196,0.2125,0,0,0,0,0,0,1256.61207974686,687.5915816997,5524.35414976,217.445,234.4925,407.335,1071.10798913043,668.2325,5724.665,23.0084745762712,23.3333333333333,26.1111111111111,15.5555555555556,22.8220338983051,23,20,25,4.18294642272618,4.13455011240909,5.04745010446087,2.88330086679372,63403.9,20877.375,7030.27,710.88,149.6475,84.79,92215.175,93319.525,93587.5,93853.825,"Hazardous","High",102.663887287997,55.99927853,363.233624158432,4.307790825,201.151351280264,195.4132978,6.43406417665957,4.307790825,0.946405686134824,0.96452172857645,1.78111289643911,104.445000184436,208.890000368872,0.208890000368872,0.000208890000368872,2.08890000368872e-07,0.0173489719071581,0,0,0
"9A_B",25,0,"Konza4","Button","Smoke","CW/KOH",20241119,NA,"LL","1000x",NA,NA,"9A","K4_C",2,80.25,40.125,"K2A",2,9,0.040125,0.15,1083.75,0.139761942375159,6.98910482467846,0,-3.21575569753196,0.2125,0,0,0,0,0,0,1256.61207974686,687.5915816997,5524.35414976,217.445,234.4925,407.335,1071.10798913043,668.2325,5724.665,23.0084745762712,23.3333333333333,26.1111111111111,15.5555555555556,22.8220338983051,23,20,25,4.18294642272618,4.13455011240909,5.04745010446087,2.88330086679372,63403.9,20877.375,7030.27,710.88,149.6475,84.79,92215.175,93319.525,93587.5,93853.825,"Hazardous","High",102.663887287997,55.99927853,363.233624158432,4.307790825,201.151351280264,195.4132978,6.43406417665957,4.307790825,0.946405686134824,0.96452172857645,1.78111289643911,104.445000184436,208.890000368872,0.208890000368872,0.000208890000368872,2.08890000368872e-07,0.0173489719071581,0,0,0
"9A_B",26,1,"Konza4","Button","Smoke","CW/KOH",20241119,NA,"LL","1000x",NA,NA,"9A","K4_C",2,80.25,40.125,"K2A",2,9,0.040125,0.15,1083.75,0.139761942375159,6.98910482467846,0.85,-3.21575569753196,0.2125,0.7875,7225,180062.30529595,5689.6875,141799.065420561,124960.075606127,1256.61207974686,687.5915816997,5524.35414976,217.445,234.4925,407.335,1071.10798913043,668.2325,5724.665,23.0084745762712,23.3333333333333,26.1111111111111,15.5555555555556,22.8220338983051,23,20,25,4.18294642272618,4.13455011240909,5.04745010446087,2.88330086679372,63403.9,20877.375,7030.27,710.88,149.6475,84.79,92215.175,93319.525,93587.5,93853.825,"Hazardous","High",102.663887287997,55.99927853,363.233624158432,4.307790825,201.151351280264,195.4132978,6.43406417665957,4.307790825,0.946405686134824,0.96452172857645,1.78111289643911,104.445000184436,208.890000368872,0.208890000368872,0.000208890000368872,2.08890000368872e-07,0.0173489719071581,598209944877.515,598209944.877515,598.209944877515
"9A_B",27,1,"Konza4","Button","Smoke","CW/KOH",20241119,NA,"LL","1000x",NA,NA,"9A","K4_C",2,80.25,40.125,"K2A",2,9,0.040125,0.15,1083.75,0.139761942375159,6.98910482467846,0.85,-3.21575569753196,0.2125,0.7875,7225,180062.30529595,5689.6875,141799.065420561,124960.075606127,1256.61207974686,687.5915816997,5524.35414976,217.445,234.4925,407.335,1071.10798913043,668.2325,5724.665,23.0084745762712,23.3333333333333,26.1111111111111,15.5555555555556,22.8220338983051,23,20,25,4.18294642272618,4.13455011240909,5.04745010446087,2.88330086679372,63403.9,20877.375,7030.27,710.88,149.6475,84.79,92215.175,93319.525,93587.5,93853.825,"Hazardous","High",102.663887287997,55.99927853,363.233624158432,4.307790825,201.151351280264,195.4132978,6.43406417665957,4.307790825,0.946405686134824,0.96452172857645,1.78111289643911,104.445000184436,208.890000368872,0.208890000368872,0.000208890000368872,2.08890000368872e-07,0.0173489719071581,598209944877.515,598209944.877515,598.209944877515
"9A_B",28,0,"Konza4","Button","Smoke","CW/KOH",20241119,NA,"LL","1000x",NA,NA,"9A","K4_C",2,80.25,40.125,"K2A",2,9,0.040125,0.15,1083.75,0.139761942375159,6.98910482467846,0,-3.21575569753196,0.2125,0,0,0,0,0,0,1256.61207974686,687.5915816997,5524.35414976,217.445,234.4925,407.335,1071.10798913043,668.2325,5724.665,23.0084745762712,23.3333333333333,26.1111111111111,15.5555555555556,22.8220338983051,23,20,25,4.18294642272618,4.13455011240909,5.04745010446087,2.88330086679372,63403.9,20877.375,7030.27,710.88,149.6475,84.79,92215.175,93319.525,93587.5,93853.825,"Hazardous","High",102.663887287997,55.99927853,363.233624158432,4.307790825,201.151351280264,195.4132978,6.43406417665957,4.307790825,0.946405686134824,0.96452172857645,1.78111289643911,104.445000184436,208.890000368872,0.208890000368872,0.000208890000368872,2.08890000368872e-07,0.0173489719071581,0,0,0
"9A_B",29,0,"Konza4","Button","Smoke","CW/KOH",20241119,NA,"LL","1000x",NA,NA,"9A","K4_C",2,80.25,40.125,"K2A",2,9,0.040125,0.15,1083.75,0.139761942375159,6.98910482467846,0,-3.21575569753196,0.2125,0,0,0,0,0,0,1256.61207974686,687.5915816997,5524.35414976,217.445,234.4925,407.335,1071.10798913043,668.2325,5724.665,23.0084745762712,23.3333333333333,26.1111111111111,15.5555555555556,22.8220338983051,23,20,25,4.18294642272618,4.13455011240909,5.04745010446087,2.88330086679372,63403.9,20877.375,7030.27,710.88,149.6475,84.79,92215.175,93319.525,93587.5,93853.825,"Hazardous","High",102.663887287997,55.99927853,363.233624158432,4.307790825,201.151351280264,195.4132978,6.43406417665957,4.307790825,0.946405686134824,0.96452172857645,1.78111289643911,104.445000184436,208.890000368872,0.208890000368872,0.000208890000368872,2.08890000368872e-07,0.0173489719071581,0,0,0
"9A_B",30,0,"Konza4","Button","Smoke","CW/KOH",20241119,NA,"LL","1000x",NA,NA,"9A","K4_C",2,80.25,40.125,"K2A",2,9,0.040125,0.15,1083.75,0.139761942375159,6.98910482467846,0,-3.21575569753196,0.2125,0,0,0,0,0,0,1256.61207974686,687.5915816997,5524.35414976,217.445,234.4925,407.335,1071.10798913043,668.2325,5724.665,23.0084745762712,23.3333333333333,26.1111111111111,15.5555555555556,22.8220338983051,23,20,25,4.18294642272618,4.13455011240909,5.04745010446087,2.88330086679372,63403.9,20877.375,7030.27,710.88,149.6475,84.79,92215.175,93319.525,93587.5,93853.825,"Hazardous","High",102.663887287997,55.99927853,363.233624158432,4.307790825,201.151351280264,195.4132978,6.43406417665957,4.307790825,0.946405686134824,0.96452172857645,1.78111289643911,104.445000184436,208.890000368872,0.208890000368872,0.000208890000368872,2.08890000368872e-07,0.0173489719071581,0,0,0
"9A_B",31,0,"Konza4","Button","Smoke","CW/KOH",20241119,NA,"LL","1000x",NA,NA,"9A","K4_C",2,80.25,40.125,"K2A",2,9,0.040125,0.15,1083.75,0.139761942375159,6.98910482467846,0,-3.21575569753196,0.2125,0,0,0,0,0,0,1256.61207974686,687.5915816997,5524.35414976,217.445,234.4925,407.335,1071.10798913043,668.2325,5724.665,23.0084745762712,23.3333333333333,26.1111111111111,15.5555555555556,22.8220338983051,23,20,25,4.18294642272618,4.13455011240909,5.04745010446087,2.88330086679372,63403.9,20877.375,7030.27,710.88,149.6475,84.79,92215.175,93319.525,93587.5,93853.825,"Hazardous","High",102.663887287997,55.99927853,363.233624158432,4.307790825,201.151351280264,195.4132978,6.43406417665957,4.307790825,0.946405686134824,0.96452172857645,1.78111289643911,104.445000184436,208.890000368872,0.208890000368872,0.000208890000368872,2.08890000368872e-07,0.0173489719071581,0,0,0
"9A_B",32,0,"Konza4","Button","Smoke","CW/KOH",20241119,NA,"LL","1000x",NA,NA,"9A","K4_C",2,80.25,40.125,"K2A",2,9,0.040125,0.15,1083.75,0.139761942375159,6.98910482467846,0,-3.21575569753196,0.2125,0,0,0,0,0,0,1256.61207974686,687.5915816997,5524.35414976,217.445,234.4925,407.335,1071.10798913043,668.2325,5724.665,23.0084745762712,23.3333333333333,26.1111111111111,15.5555555555556,22.8220338983051,23,20,25,4.18294642272618,4.13455011240909,5.04745010446087,2.88330086679372,63403.9,20877.375,7030.27,710.88,149.6475,84.79,92215.175,93319.525,93587.5,93853.825,"Hazardous","High",102.663887287997,55.99927853,363.233624158432,4.307790825,201.151351280264,195.4132978,6.43406417665957,4.307790825,0.946405686134824,0.96452172857645,1.78111289643911,104.445000184436,208.890000368872,0.208890000368872,0.000208890000368872,2.08890000368872e-07,0.0173489719071581,0,0,0
"9A_B",33,0,"Konza4","Button","Smoke","CW/KOH",20241119,NA,"LL","1000x",NA,NA,"9A","K4_C",2,80.25,40.125,"K2A",2,9,0.040125,0.15,1083.75,0.139761942375159,6.98910482467846,0,-3.21575569753196,0.2125,0,0,0,0,0,0,1256.61207974686,687.5915816997,5524.35414976,217.445,234.4925,407.335,1071.10798913043,668.2325,5724.665,23.0084745762712,23.3333333333333,26.1111111111111,15.5555555555556,22.8220338983051,23,20,25,4.18294642272618,4.13455011240909,5.04745010446087,2.88330086679372,63403.9,20877.375,7030.27,710.88,149.6475,84.79,92215.175,93319.525,93587.5,93853.825,"Hazardous","High",102.663887287997,55.99927853,363.233624158432,4.307790825,201.151351280264,195.4132978,6.43406417665957,4.307790825,0.946405686134824,0.96452172857645,1.78111289643911,104.445000184436,208.890000368872,0.208890000368872,0.000208890000368872,2.08890000368872e-07,0.0173489719071581,0,0,0
"9A_B",34,0,"Konza4","Button","Smoke","CW/KOH",20241119,NA,"LL","1000x",NA,NA,"9A","K4_C",2,80.25,40.125,"K2A",2,9,0.040125,0.15,1083.75,0.139761942375159,6.98910482467846,0,-3.21575569753196,0.2125,0,0,0,0,0,0,1256.61207974686,687.5915816997,5524.35414976,217.445,234.4925,407.335,1071.10798913043,668.2325,5724.665,23.0084745762712,23.3333333333333,26.1111111111111,15.5555555555556,22.8220338983051,23,20,25,4.18294642272618,4.13455011240909,5.04745010446087,2.88330086679372,63403.9,20877.375,7030.27,710.88,149.6475,84.79,92215.175,93319.525,93587.5,93853.825,"Hazardous","High",102.663887287997,55.99927853,363.233624158432,4.307790825,201.151351280264,195.4132978,6.43406417665957,4.307790825,0.946405686134824,0.96452172857645,1.78111289643911,104.445000184436,208.890000368872,0.208890000368872,0.000208890000368872,2.08890000368872e-07,0.0173489719071581,0,0,0
"9A_B",35,1,"Konza4","Button","Smoke","CW/KOH",20241119,NA,"LL","1000x",NA,NA,"9A","K4_C",2,80.25,40.125,"K2A",2,9,0.040125,0.15,1083.75,0.139761942375159,6.98910482467846,0.85,-3.21575569753196,0.2125,0.7875,7225,180062.30529595,5689.6875,141799.065420561,124960.075606127,1256.61207974686,687.5915816997,5524.35414976,217.445,234.4925,407.335,1071.10798913043,668.2325,5724.665,23.0084745762712,23.3333333333333,26.1111111111111,15.5555555555556,22.8220338983051,23,20,25,4.18294642272618,4.13455011240909,5.04745010446087,2.88330086679372,63403.9,20877.375,7030.27,710.88,149.6475,84.79,92215.175,93319.525,93587.5,93853.825,"Hazardous","High",102.663887287997,55.99927853,363.233624158432,4.307790825,201.151351280264,195.4132978,6.43406417665957,4.307790825,0.946405686134824,0.96452172857645,1.78111289643911,104.445000184436,208.890000368872,0.208890000368872,0.000208890000368872,2.08890000368872e-07,0.0173489719071581,598209944877.515,598209944.877515,598.209944877515
"9A_B",36,0,"Konza4","Button","Smoke","CW/KOH",20241119,NA,"LL","1000x",NA,NA,"9A","K4_C",2,80.25,40.125,"K2A",2,9,0.040125,0.15,1083.75,0.139761942375159,6.98910482467846,0,-3.21575569753196,0.2125,0,0,0,0,0,0,1256.61207974686,687.5915816997,5524.35414976,217.445,234.4925,407.335,1071.10798913043,668.2325,5724.665,23.0084745762712,23.3333333333333,26.1111111111111,15.5555555555556,22.8220338983051,23,20,25,4.18294642272618,4.13455011240909,5.04745010446087,2.88330086679372,63403.9,20877.375,7030.27,710.88,149.6475,84.79,92215.175,93319.525,93587.5,93853.825,"Hazardous","High",102.663887287997,55.99927853,363.233624158432,4.307790825,201.151351280264,195.4132978,6.43406417665957,4.307790825,0.946405686134824,0.96452172857645,1.78111289643911,104.445000184436,208.890000368872,0.208890000368872,0.000208890000368872,2.08890000368872e-07,0.0173489719071581,0,0,0
"9A_B",37,0,"Konza4","Button","Smoke","CW/KOH",20241119,NA,"LL","1000x",NA,NA,"9A","K4_C",2,80.25,40.125,"K2A",2,9,0.040125,0.15,1083.75,0.139761942375159,6.98910482467846,0,-3.21575569753196,0.2125,0,0,0,0,0,0,1256.61207974686,687.5915816997,5524.35414976,217.445,234.4925,407.335,1071.10798913043,668.2325,5724.665,23.0084745762712,23.3333333333333,26.1111111111111,15.5555555555556,22.8220338983051,23,20,25,4.18294642272618,4.13455011240909,5.04745010446087,2.88330086679372,63403.9,20877.375,7030.27,710.88,149.6475,84.79,92215.175,93319.525,93587.5,93853.825,"Hazardous","High",102.663887287997,55.99927853,363.233624158432,4.307790825,201.151351280264,195.4132978,6.43406417665957,4.307790825,0.946405686134824,0.96452172857645,1.78111289643911,104.445000184436,208.890000368872,0.208890000368872,0.000208890000368872,2.08890000368872e-07,0.0173489719071581,0,0,0
"9A_B",38,1,"Konza4","Button","Smoke","CW/KOH",20241119,NA,"LL","1000x",NA,NA,"9A","K4_C",2,80.25,40.125,"K2A",2,9,0.040125,0.15,1083.75,0.139761942375159,6.98910482467846,0.85,-3.21575569753196,0.2125,0.7875,7225,180062.30529595,5689.6875,141799.065420561,124960.075606127,1256.61207974686,687.5915816997,5524.35414976,217.445,234.4925,407.335,1071.10798913043,668.2325,5724.665,23.0084745762712,23.3333333333333,26.1111111111111,15.5555555555556,22.8220338983051,23,20,25,4.18294642272618,4.13455011240909,5.04745010446087,2.88330086679372,63403.9,20877.375,7030.27,710.88,149.6475,84.79,92215.175,93319.525,93587.5,93853.825,"Hazardous","High",102.663887287997,55.99927853,363.233624158432,4.307790825,201.151351280264,195.4132978,6.43406417665957,4.307790825,0.946405686134824,0.96452172857645,1.78111289643911,104.445000184436,208.890000368872,0.208890000368872,0.000208890000368872,2.08890000368872e-07,0.0173489719071581,598209944877.515,598209944.877515,598.209944877515
"9A_B",39,0,"Konza4","Button","Smoke","CW/KOH",20241119,NA,"LL","1000x",NA,NA,"9A","K4_C",2,80.25,40.125,"K2A",2,9,0.040125,0.15,1083.75,0.139761942375159,6.98910482467846,0,-3.21575569753196,0.2125,0,0,0,0,0,0,1256.61207974686,687.5915816997,5524.35414976,217.445,234.4925,407.335,1071.10798913043,668.2325,5724.665,23.0084745762712,23.3333333333333,26.1111111111111,15.5555555555556,22.8220338983051,23,20,25,4.18294642272618,4.13455011240909,5.04745010446087,2.88330086679372,63403.9,20877.375,7030.27,710.88,149.6475,84.79,92215.175,93319.525,93587.5,93853.825,"Hazardous","High",102.663887287997,55.99927853,363.233624158432,4.307790825,201.151351280264,195.4132978,6.43406417665957,4.307790825,0.946405686134824,0.96452172857645,1.78111289643911,104.445000184436,208.890000368872,0.208890000368872,0.000208890000368872,2.08890000368872e-07,0.0173489719071581,0,0,0
"9A_B",40,0,"Konza4","Button","Smoke","CW/KOH",20241119,NA,"LL","1000x",NA,NA,"9A","K4_C",2,80.25,40.125,"K2A",2,9,0.040125,0.15,1083.75,0.139761942375159,6.98910482467846,0,-3.21575569753196,0.2125,0,0,0,0,0,0,1256.61207974686,687.5915816997,5524.35414976,217.445,234.4925,407.335,1071.10798913043,668.2325,5724.665,23.0084745762712,23.3333333333333,26.1111111111111,15.5555555555556,22.8220338983051,23,20,25,4.18294642272618,4.13455011240909,5.04745010446087,2.88330086679372,63403.9,20877.375,7030.27,710.88,149.6475,84.79,92215.175,93319.525,93587.5,93853.825,"Hazardous","High",102.663887287997,55.99927853,363.233624158432,4.307790825,201.151351280264,195.4132978,6.43406417665957,4.307790825,0.946405686134824,0.96452172857645,1.78111289643911,104.445000184436,208.890000368872,0.208890000368872,0.000208890000368872,2.08890000368872e-07,0.0173489719071581,0,0,0
"1A_B",1,0,"Konza4","Button","Ambient","CW/KOH",20240622,NA,"LL","1000x",NA,NA,"1A","K4_A",2,40.33,20.165,"PoleBarn",1,1,0.020165,0,0,0,0,0,-3.90380685065681,0.0625,0,0,0,0,0,NA,3.95453333333333,3.6576,4.9414,1.0875,1.1,1.7,3.10416666666667,2.75,5.55,19.4821092278719,20,21.1111111111111,10,32.6271186440678,33,32,34,4.72710905865947,4.8009454042022,5.39814650239791,2.63263274607141,409.5,112.65,18.4,3,1,0,544.15,547.15,548.15,549.15,"Good","None",NA,NA,NA,NA,NA,NA,NA,NA,NA,NA,NA,NA,NA,NA,NA,NA,NA,NA,NA,NA
"1A_B",2,1,"Konza4","Button","Ambient","CW/KOH",20240622,NA,"LL","1000x",NA,NA,"1A","K4_A",2,40.33,20.165,"PoleBarn",1,1,0.020165,0,0,0,0,1,-3.90380685065681,0.0625,0.9375,7225,358294.073890404,6773.4375,335900.694272254,NA,3.95453333333333,3.6576,4.9414,1.0875,1.1,1.7,3.10416666666667,2.75,5.55,19.4821092278719,20,21.1111111111111,10,32.6271186440678,33,32,34,4.72710905865947,4.8009454042022,5.39814650239791,2.63263274607141,409.5,112.65,18.4,3,1,0,544.15,547.15,548.15,549.15,"Good","None",NA,NA,NA,NA,NA,NA,NA,NA,NA,NA,NA,NA,NA,NA,NA,NA,NA,NA,NA,NA
"1A_B",3,0,"Konza4","Button","Ambient","CW/KOH",20240622,NA,"LL","1000x",NA,NA,"1A","K4_A",2,40.33,20.165,"PoleBarn",1,1,0.020165,0,0,0,0,0,-3.90380685065681,0.0625,0,0,0,0,0,NA,3.95453333333333,3.6576,4.9414,1.0875,1.1,1.7,3.10416666666667,2.75,5.55,19.4821092278719,20,21.1111111111111,10,32.6271186440678,33,32,34,4.72710905865947,4.8009454042022,5.39814650239791,2.63263274607141,409.5,112.65,18.4,3,1,0,544.15,547.15,548.15,549.15,"Good","None",NA,NA,NA,NA,NA,NA,NA,NA,NA,NA,NA,NA,NA,NA,NA,NA,NA,NA,NA,NA
"1A_B",4,0,"Konza4","Button","Ambient","CW/KOH",20240622,NA,"LL","1000x",NA,NA,"1A","K4_A",2,40.33,20.165,"PoleBarn",1,1,0.020165,0,0,0,0,0,-3.90380685065681,0.0625,0,0,0,0,0,NA,3.95453333333333,3.6576,4.9414,1.0875,1.1,1.7,3.10416666666667,2.75,5.55,19.4821092278719,20,21.1111111111111,10,32.6271186440678,33,32,34,4.72710905865947,4.8009454042022,5.39814650239791,2.63263274607141,409.5,112.65,18.4,3,1,0,544.15,547.15,548.15,549.15,"Good","None",NA,NA,NA,NA,NA,NA,NA,NA,NA,NA,NA,NA,NA,NA,NA,NA,NA,NA,NA,NA
"1A_B",5,0,"Konza4","Button","Ambient","CW/KOH",20240622,NA,"LL","1000x",NA,NA,"1A","K4_A",2,40.33,20.165,"PoleBarn",1,1,0.020165,0,0,0,0,0,-3.90380685065681,0.0625,0,0,0,0,0,NA,3.95453333333333,3.6576,4.9414,1.0875,1.1,1.7,3.10416666666667,2.75,5.55,19.4821092278719,20,21.1111111111111,10,32.6271186440678,33,32,34,4.72710905865947,4.8009454042022,5.39814650239791,2.63263274607141,409.5,112.65,18.4,3,1,0,544.15,547.15,548.15,549.15,"Good","None",NA,NA,NA,NA,NA,NA,NA,NA,NA,NA,NA,NA,NA,NA,NA,NA,NA,NA,NA,NA
"1A_B",6,0,"Konza4","Button","Ambient","CW/KOH",20240622,NA,"LL","1000x",NA,NA,"1A","K4_A",2,40.33,20.165,"PoleBarn",1,1,0.020165,0,0,0,0,0,-3.90380685065681,0.0625,0,0,0,0,0,NA,3.95453333333333,3.6576,4.9414,1.0875,1.1,1.7,3.10416666666667,2.75,5.55,19.4821092278719,20,21.1111111111111,10,32.6271186440678,33,32,34,4.72710905865947,4.8009454042022,5.39814650239791,2.63263274607141,409.5,112.65,18.4,3,1,0,544.15,547.15,548.15,549.15,"Good","None",NA,NA,NA,NA,NA,NA,NA,NA,NA,NA,NA,NA,NA,NA,NA,NA,NA,NA,NA,NA
"1A_B",7,0,"Konza4","Button","Ambient","CW/KOH",20240622,NA,"LL","1000x",NA,NA,"1A","K4_A",2,40.33,20.165,"PoleBarn",1,1,0.020165,0,0,0,0,0,-3.90380685065681,0.0625,0,0,0,0,0,NA,3.95453333333333,3.6576,4.9414,1.0875,1.1,1.7,3.10416666666667,2.75,5.55,19.4821092278719,20,21.1111111111111,10,32.6271186440678,33,32,34,4.72710905865947,4.8009454042022,5.39814650239791,2.63263274607141,409.5,112.65,18.4,3,1,0,544.15,547.15,548.15,549.15,"Good","None",NA,NA,NA,NA,NA,NA,NA,NA,NA,NA,NA,NA,NA,NA,NA,NA,NA,NA,NA,NA
"1A_B",8,0,"Konza4","Button","Ambient","CW/KOH",20240622,NA,"LL","1000x",NA,NA,"1A","K4_A",2,40.33,20.165,"PoleBarn",1,1,0.020165,0,0,0,0,0,-3.90380685065681,0.0625,0,0,0,0,0,NA,3.95453333333333,3.6576,4.9414,1.0875,1.1,1.7,3.10416666666667,2.75,5.55,19.4821092278719,20,21.1111111111111,10,32.6271186440678,33,32,34,4.72710905865947,4.8009454042022,5.39814650239791,2.63263274607141,409.5,112.65,18.4,3,1,0,544.15,547.15,548.15,549.15,"Good","None",NA,NA,NA,NA,NA,NA,NA,NA,NA,NA,NA,NA,NA,NA,NA,NA,NA,NA,NA,NA
"1A_B",9,0,"Konza4","Button","Ambient","CW/KOH",20240622,NA,"LL","1000x",NA,NA,"1A","K4_A",2,40.33,20.165,"PoleBarn",1,1,0.020165,0,0,0,0,0,-3.90380685065681,0.0625,0,0,0,0,0,NA,3.95453333333333,3.6576,4.9414,1.0875,1.1,1.7,3.10416666666667,2.75,5.55,19.4821092278719,20,21.1111111111111,10,32.6271186440678,33,32,34,4.72710905865947,4.8009454042022,5.39814650239791,2.63263274607141,409.5,112.65,18.4,3,1,0,544.15,547.15,548.15,549.15,"Good","None",NA,NA,NA,NA,NA,NA,NA,NA,NA,NA,NA,NA,NA,NA,NA,NA,NA,NA,NA,NA
"1A_B",10,0,"Konza4","Button","Ambient","CW/KOH",20240622,NA,"LL","1000x",NA,NA,"1A","K4_A",2,40.33,20.165,"PoleBarn",1,1,0.020165,0,0,0,0,0,-3.90380685065681,0.0625,0,0,0,0,0,NA,3.95453333333333,3.6576,4.9414,1.0875,1.1,1.7,3.10416666666667,2.75,5.55,19.4821092278719,20,21.1111111111111,10,32.6271186440678,33,32,34,4.72710905865947,4.8009454042022,5.39814650239791,2.63263274607141,409.5,112.65,18.4,3,1,0,544.15,547.15,548.15,549.15,"Good","None",NA,NA,NA,NA,NA,NA,NA,NA,NA,NA,NA,NA,NA,NA,NA,NA,NA,NA,NA,NA
"1A_B",11,0,"Konza4","Button","Ambient","CW/KOH",20240622,NA,"LL","1000x",NA,NA,"1A","K4_A",2,40.33,20.165,"PoleBarn",1,1,0.020165,0,0,0,0,0,-3.90380685065681,0.0625,0,0,0,0,0,NA,3.95453333333333,3.6576,4.9414,1.0875,1.1,1.7,3.10416666666667,2.75,5.55,19.4821092278719,20,21.1111111111111,10,32.6271186440678,33,32,34,4.72710905865947,4.8009454042022,5.39814650239791,2.63263274607141,409.5,112.65,18.4,3,1,0,544.15,547.15,548.15,549.15,"Good","None",NA,NA,NA,NA,NA,NA,NA,NA,NA,NA,NA,NA,NA,NA,NA,NA,NA,NA,NA,NA
"1A_B",12,0,"Konza4","Button","Ambient","CW/KOH",20240622,NA,"LL","1000x",NA,NA,"1A","K4_A",2,40.33,20.165,"PoleBarn",1,1,0.020165,0,0,0,0,0,-3.90380685065681,0.0625,0,0,0,0,0,NA,3.95453333333333,3.6576,4.9414,1.0875,1.1,1.7,3.10416666666667,2.75,5.55,19.4821092278719,20,21.1111111111111,10,32.6271186440678,33,32,34,4.72710905865947,4.8009454042022,5.39814650239791,2.63263274607141,409.5,112.65,18.4,3,1,0,544.15,547.15,548.15,549.15,"Good","None",NA,NA,NA,NA,NA,NA,NA,NA,NA,NA,NA,NA,NA,NA,NA,NA,NA,NA,NA,NA
"1A_B",13,0,"Konza4","Button","Ambient","CW/KOH",20240622,NA,"LL","1000x",NA,NA,"1A","K4_A",2,40.33,20.165,"PoleBarn",1,1,0.020165,0,0,0,0,0,-3.90380685065681,0.0625,0,0,0,0,0,NA,3.95453333333333,3.6576,4.9414,1.0875,1.1,1.7,3.10416666666667,2.75,5.55,19.4821092278719,20,21.1111111111111,10,32.6271186440678,33,32,34,4.72710905865947,4.8009454042022,5.39814650239791,2.63263274607141,409.5,112.65,18.4,3,1,0,544.15,547.15,548.15,549.15,"Good","None",NA,NA,NA,NA,NA,NA,NA,NA,NA,NA,NA,NA,NA,NA,NA,NA,NA,NA,NA,NA
"1A_B",14,0,"Konza4","Button","Ambient","CW/KOH",20240622,NA,"LL","1000x",NA,NA,"1A","K4_A",2,40.33,20.165,"PoleBarn",1,1,0.020165,0,0,0,0,0,-3.90380685065681,0.0625,0,0,0,0,0,NA,3.95453333333333,3.6576,4.9414,1.0875,1.1,1.7,3.10416666666667,2.75,5.55,19.4821092278719,20,21.1111111111111,10,32.6271186440678,33,32,34,4.72710905865947,4.8009454042022,5.39814650239791,2.63263274607141,409.5,112.65,18.4,3,1,0,544.15,547.15,548.15,549.15,"Good","None",NA,NA,NA,NA,NA,NA,NA,NA,NA,NA,NA,NA,NA,NA,NA,NA,NA,NA,NA,NA
"1A_B",15,0,"Konza4","Button","Ambient","CW/KOH",20240622,NA,"LL","1000x",NA,NA,"1A","K4_A",2,40.33,20.165,"PoleBarn",1,1,0.020165,0,0,0,0,0,-3.90380685065681,0.0625,0,0,0,0,0,NA,3.95453333333333,3.6576,4.9414,1.0875,1.1,1.7,3.10416666666667,2.75,5.55,19.4821092278719,20,21.1111111111111,10,32.6271186440678,33,32,34,4.72710905865947,4.8009454042022,5.39814650239791,2.63263274607141,409.5,112.65,18.4,3,1,0,544.15,547.15,548.15,549.15,"Good","None",NA,NA,NA,NA,NA,NA,NA,NA,NA,NA,NA,NA,NA,NA,NA,NA,NA,NA,NA,NA
"1A_B",16,0,"Konza4","Button","Ambient","CW/KOH",20240622,NA,"LL","1000x",NA,NA,"1A","K4_A",2,40.33,20.165,"PoleBarn",1,1,0.020165,0,0,0,0,0,-3.90380685065681,0.0625,0,0,0,0,0,NA,3.95453333333333,3.6576,4.9414,1.0875,1.1,1.7,3.10416666666667,2.75,5.55,19.4821092278719,20,21.1111111111111,10,32.6271186440678,33,32,34,4.72710905865947,4.8009454042022,5.39814650239791,2.63263274607141,409.5,112.65,18.4,3,1,0,544.15,547.15,548.15,549.15,"Good","None",NA,NA,NA,NA,NA,NA,NA,NA,NA,NA,NA,NA,NA,NA,NA,NA,NA,NA,NA,NA
"1A_B",17,0,"Konza4","Button","Ambient","CW/KOH",20240622,NA,"LL","1000x",NA,NA,"1A","K4_A",2,40.33,20.165,"PoleBarn",1,1,0.020165,0,0,0,0,0,-3.90380685065681,0.0625,0,0,0,0,0,NA,3.95453333333333,3.6576,4.9414,1.0875,1.1,1.7,3.10416666666667,2.75,5.55,19.4821092278719,20,21.1111111111111,10,32.6271186440678,33,32,34,4.72710905865947,4.8009454042022,5.39814650239791,2.63263274607141,409.5,112.65,18.4,3,1,0,544.15,547.15,548.15,549.15,"Good","None",NA,NA,NA,NA,NA,NA,NA,NA,NA,NA,NA,NA,NA,NA,NA,NA,NA,NA,NA,NA
"1A_B",18,1,"Konza4","Button","Ambient","CW/KOH",20240622,NA,"LL","1000x",NA,NA,"1A","K4_A",2,40.33,20.165,"PoleBarn",1,1,0.020165,0,0,0,0,1,-3.90380685065681,0.0625,0.9375,7225,358294.073890404,6773.4375,335900.694272254,NA,3.95453333333333,3.6576,4.9414,1.0875,1.1,1.7,3.10416666666667,2.75,5.55,19.4821092278719,20,21.1111111111111,10,32.6271186440678,33,32,34,4.72710905865947,4.8009454042022,5.39814650239791,2.63263274607141,409.5,112.65,18.4,3,1,0,544.15,547.15,548.15,549.15,"Good","None",NA,NA,NA,NA,NA,NA,NA,NA,NA,NA,NA,NA,NA,NA,NA,NA,NA,NA,NA,NA
"1A_B",19,0,"Konza4","Button","Ambient","CW/KOH",20240622,NA,"LL","1000x",NA,NA,"1A","K4_A",2,40.33,20.165,"PoleBarn",1,1,0.020165,0,0,0,0,0,-3.90380685065681,0.0625,0,0,0,0,0,NA,3.95453333333333,3.6576,4.9414,1.0875,1.1,1.7,3.10416666666667,2.75,5.55,19.4821092278719,20,21.1111111111111,10,32.6271186440678,33,32,34,4.72710905865947,4.8009454042022,5.39814650239791,2.63263274607141,409.5,112.65,18.4,3,1,0,544.15,547.15,548.15,549.15,"Good","None",NA,NA,NA,NA,NA,NA,NA,NA,NA,NA,NA,NA,NA,NA,NA,NA,NA,NA,NA,NA
"1A_B",20,0,"Konza4","Button","Ambient","CW/KOH",20240622,NA,"LL","1000x",NA,NA,"1A","K4_A",2,40.33,20.165,"PoleBarn",1,1,0.020165,0,0,0,0,0,-3.90380685065681,0.0625,0,0,0,0,0,NA,3.95453333333333,3.6576,4.9414,1.0875,1.1,1.7,3.10416666666667,2.75,5.55,19.4821092278719,20,21.1111111111111,10,32.6271186440678,33,32,34,4.72710905865947,4.8009454042022,5.39814650239791,2.63263274607141,409.5,112.65,18.4,3,1,0,544.15,547.15,548.15,549.15,"Good","None",NA,NA,NA,NA,NA,NA,NA,NA,NA,NA,NA,NA,NA,NA,NA,NA,NA,NA,NA,NA
"1A_B",21,0,"Konza4","Button","Ambient","CW/KOH",20240622,NA,"LL","1000x",NA,NA,"1A","K4_A",2,40.33,20.165,"PoleBarn",1,1,0.020165,0,0,0,0,0,-3.90380685065681,0.0625,0,0,0,0,0,NA,3.95453333333333,3.6576,4.9414,1.0875,1.1,1.7,3.10416666666667,2.75,5.55,19.4821092278719,20,21.1111111111111,10,32.6271186440678,33,32,34,4.72710905865947,4.8009454042022,5.39814650239791,2.63263274607141,409.5,112.65,18.4,3,1,0,544.15,547.15,548.15,549.15,"Good","None",NA,NA,NA,NA,NA,NA,NA,NA,NA,NA,NA,NA,NA,NA,NA,NA,NA,NA,NA,NA
"1A_B",22,0,"Konza4","Button","Ambient","CW/KOH",20240622,NA,"LL","1000x",NA,NA,"1A","K4_A",2,40.33,20.165,"PoleBarn",1,1,0.020165,0,0,0,0,0,-3.90380685065681,0.0625,0,0,0,0,0,NA,3.95453333333333,3.6576,4.9414,1.0875,1.1,1.7,3.10416666666667,2.75,5.55,19.4821092278719,20,21.1111111111111,10,32.6271186440678,33,32,34,4.72710905865947,4.8009454042022,5.39814650239791,2.63263274607141,409.5,112.65,18.4,3,1,0,544.15,547.15,548.15,549.15,"Good","None",NA,NA,NA,NA,NA,NA,NA,NA,NA,NA,NA,NA,NA,NA,NA,NA,NA,NA,NA,NA
"1A_B",23,0,"Konza4","Button","Ambient","CW/KOH",20240622,NA,"LL","1000x",NA,NA,"1A","K4_A",2,40.33,20.165,"PoleBarn",1,1,0.020165,0,0,0,0,0,-3.90380685065681,0.0625,0,0,0,0,0,NA,3.95453333333333,3.6576,4.9414,1.0875,1.1,1.7,3.10416666666667,2.75,5.55,19.4821092278719,20,21.1111111111111,10,32.6271186440678,33,32,34,4.72710905865947,4.8009454042022,5.39814650239791,2.63263274607141,409.5,112.65,18.4,3,1,0,544.15,547.15,548.15,549.15,"Good","None",NA,NA,NA,NA,NA,NA,NA,NA,NA,NA,NA,NA,NA,NA,NA,NA,NA,NA,NA,NA
"1A_B",24,0,"Konza4","Button","Ambient","CW/KOH",20240622,NA,"LL","1000x",NA,NA,"1A","K4_A",2,40.33,20.165,"PoleBarn",1,1,0.020165,0,0,0,0,0,-3.90380685065681,0.0625,0,0,0,0,0,NA,3.95453333333333,3.6576,4.9414,1.0875,1.1,1.7,3.10416666666667,2.75,5.55,19.4821092278719,20,21.1111111111111,10,32.6271186440678,33,32,34,4.72710905865947,4.8009454042022,5.39814650239791,2.63263274607141,409.5,112.65,18.4,3,1,0,544.15,547.15,548.15,549.15,"Good","None",NA,NA,NA,NA,NA,NA,NA,NA,NA,NA,NA,NA,NA,NA,NA,NA,NA,NA,NA,NA
"1A_B",25,0,"Konza4","Button","Ambient","CW/KOH",20240622,NA,"LL","1000x",NA,NA,"1A","K4_A",2,40.33,20.165,"PoleBarn",1,1,0.020165,0,0,0,0,0,-3.90380685065681,0.0625,0,0,0,0,0,NA,3.95453333333333,3.6576,4.9414,1.0875,1.1,1.7,3.10416666666667,2.75,5.55,19.4821092278719,20,21.1111111111111,10,32.6271186440678,33,32,34,4.72710905865947,4.8009454042022,5.39814650239791,2.63263274607141,409.5,112.65,18.4,3,1,0,544.15,547.15,548.15,549.15,"Good","None",NA,NA,NA,NA,NA,NA,NA,NA,NA,NA,NA,NA,NA,NA,NA,NA,NA,NA,NA,NA
"1A_B",26,0,"Konza4","Button","Ambient","CW/KOH",20240622,NA,"LL","1000x",NA,NA,"1A","K4_A",2,40.33,20.165,"PoleBarn",1,1,0.020165,0,0,0,0,0,-3.90380685065681,0.0625,0,0,0,0,0,NA,3.95453333333333,3.6576,4.9414,1.0875,1.1,1.7,3.10416666666667,2.75,5.55,19.4821092278719,20,21.1111111111111,10,32.6271186440678,33,32,34,4.72710905865947,4.8009454042022,5.39814650239791,2.63263274607141,409.5,112.65,18.4,3,1,0,544.15,547.15,548.15,549.15,"Good","None",NA,NA,NA,NA,NA,NA,NA,NA,NA,NA,NA,NA,NA,NA,NA,NA,NA,NA,NA,NA
"1A_B",27,0,"Konza4","Button","Ambient","CW/KOH",20240622,NA,"LL","1000x",NA,NA,"1A","K4_A",2,40.33,20.165,"PoleBarn",1,1,0.020165,0,0,0,0,0,-3.90380685065681,0.0625,0,0,0,0,0,NA,3.95453333333333,3.6576,4.9414,1.0875,1.1,1.7,3.10416666666667,2.75,5.55,19.4821092278719,20,21.1111111111111,10,32.6271186440678,33,32,34,4.72710905865947,4.8009454042022,5.39814650239791,2.63263274607141,409.5,112.65,18.4,3,1,0,544.15,547.15,548.15,549.15,"Good","None",NA,NA,NA,NA,NA,NA,NA,NA,NA,NA,NA,NA,NA,NA,NA,NA,NA,NA,NA,NA
"1A_B",28,0,"Konza4","Button","Ambient","CW/KOH",20240622,NA,"LL","1000x",NA,NA,"1A","K4_A",2,40.33,20.165,"PoleBarn",1,1,0.020165,0,0,0,0,0,-3.90380685065681,0.0625,0,0,0,0,0,NA,3.95453333333333,3.6576,4.9414,1.0875,1.1,1.7,3.10416666666667,2.75,5.55,19.4821092278719,20,21.1111111111111,10,32.6271186440678,33,32,34,4.72710905865947,4.8009454042022,5.39814650239791,2.63263274607141,409.5,112.65,18.4,3,1,0,544.15,547.15,548.15,549.15,"Good","None",NA,NA,NA,NA,NA,NA,NA,NA,NA,NA,NA,NA,NA,NA,NA,NA,NA,NA,NA,NA
"1A_B",29,0,"Konza4","Button","Ambient","CW/KOH",20240622,NA,"LL","1000x",NA,NA,"1A","K4_A",2,40.33,20.165,"PoleBarn",1,1,0.020165,0,0,0,0,0,-3.90380685065681,0.0625,0,0,0,0,0,NA,3.95453333333333,3.6576,4.9414,1.0875,1.1,1.7,3.10416666666667,2.75,5.55,19.4821092278719,20,21.1111111111111,10,32.6271186440678,33,32,34,4.72710905865947,4.8009454042022,5.39814650239791,2.63263274607141,409.5,112.65,18.4,3,1,0,544.15,547.15,548.15,549.15,"Good","None",NA,NA,NA,NA,NA,NA,NA,NA,NA,NA,NA,NA,NA,NA,NA,NA,NA,NA,NA,NA
"1A_B",30,0,"Konza4","Button","Ambient","CW/KOH",20240622,NA,"LL","1000x",NA,NA,"1A","K4_A",2,40.33,20.165,"PoleBarn",1,1,0.020165,0,0,0,0,0,-3.90380685065681,0.0625,0,0,0,0,0,NA,3.95453333333333,3.6576,4.9414,1.0875,1.1,1.7,3.10416666666667,2.75,5.55,19.4821092278719,20,21.1111111111111,10,32.6271186440678,33,32,34,4.72710905865947,4.8009454042022,5.39814650239791,2.63263274607141,409.5,112.65,18.4,3,1,0,544.15,547.15,548.15,549.15,"Good","None",NA,NA,NA,NA,NA,NA,NA,NA,NA,NA,NA,NA,NA,NA,NA,NA,NA,NA,NA,NA
"1A_B",31,0,"Konza4","Button","Ambient","CW/KOH",20240622,NA,"LL","1000x",NA,NA,"1A","K4_A",2,40.33,20.165,"PoleBarn",1,1,0.020165,0,0,0,0,0,-3.90380685065681,0.0625,0,0,0,0,0,NA,3.95453333333333,3.6576,4.9414,1.0875,1.1,1.7,3.10416666666667,2.75,5.55,19.4821092278719,20,21.1111111111111,10,32.6271186440678,33,32,34,4.72710905865947,4.8009454042022,5.39814650239791,2.63263274607141,409.5,112.65,18.4,3,1,0,544.15,547.15,548.15,549.15,"Good","None",NA,NA,NA,NA,NA,NA,NA,NA,NA,NA,NA,NA,NA,NA,NA,NA,NA,NA,NA,NA
"1A_B",32,0,"Konza4","Button","Ambient","CW/KOH",20240622,NA,"LL","1000x",NA,NA,"1A","K4_A",2,40.33,20.165,"PoleBarn",1,1,0.020165,0,0,0,0,0,-3.90380685065681,0.0625,0,0,0,0,0,NA,3.95453333333333,3.6576,4.9414,1.0875,1.1,1.7,3.10416666666667,2.75,5.55,19.4821092278719,20,21.1111111111111,10,32.6271186440678,33,32,34,4.72710905865947,4.8009454042022,5.39814650239791,2.63263274607141,409.5,112.65,18.4,3,1,0,544.15,547.15,548.15,549.15,"Good","None",NA,NA,NA,NA,NA,NA,NA,NA,NA,NA,NA,NA,NA,NA,NA,NA,NA,NA,NA,NA
"1A_B",33,0,"Konza4","Button","Ambient","CW/KOH",20240622,NA,"LL","1000x",NA,NA,"1A","K4_A",2,40.33,20.165,"PoleBarn",1,1,0.020165,0,0,0,0,0,-3.90380685065681,0.0625,0,0,0,0,0,NA,3.95453333333333,3.6576,4.9414,1.0875,1.1,1.7,3.10416666666667,2.75,5.55,19.4821092278719,20,21.1111111111111,10,32.6271186440678,33,32,34,4.72710905865947,4.8009454042022,5.39814650239791,2.63263274607141,409.5,112.65,18.4,3,1,0,544.15,547.15,548.15,549.15,"Good","None",NA,NA,NA,NA,NA,NA,NA,NA,NA,NA,NA,NA,NA,NA,NA,NA,NA,NA,NA,NA
"1A_B",34,0,"Konza4","Button","Ambient","CW/KOH",20240622,NA,"LL","1000x",NA,NA,"1A","K4_A",2,40.33,20.165,"PoleBarn",1,1,0.020165,0,0,0,0,0,-3.90380685065681,0.0625,0,0,0,0,0,NA,3.95453333333333,3.6576,4.9414,1.0875,1.1,1.7,3.10416666666667,2.75,5.55,19.4821092278719,20,21.1111111111111,10,32.6271186440678,33,32,34,4.72710905865947,4.8009454042022,5.39814650239791,2.63263274607141,409.5,112.65,18.4,3,1,0,544.15,547.15,548.15,549.15,"Good","None",NA,NA,NA,NA,NA,NA,NA,NA,NA,NA,NA,NA,NA,NA,NA,NA,NA,NA,NA,NA
"1A_B",35,0,"Konza4","Button","Ambient","CW/KOH",20240622,NA,"LL","1000x",NA,NA,"1A","K4_A",2,40.33,20.165,"PoleBarn",1,1,0.020165,0,0,0,0,0,-3.90380685065681,0.0625,0,0,0,0,0,NA,3.95453333333333,3.6576,4.9414,1.0875,1.1,1.7,3.10416666666667,2.75,5.55,19.4821092278719,20,21.1111111111111,10,32.6271186440678,33,32,34,4.72710905865947,4.8009454042022,5.39814650239791,2.63263274607141,409.5,112.65,18.4,3,1,0,544.15,547.15,548.15,549.15,"Good","None",NA,NA,NA,NA,NA,NA,NA,NA,NA,NA,NA,NA,NA,NA,NA,NA,NA,NA,NA,NA
"1A_B",36,0,"Konza4","Button","Ambient","CW/KOH",20240622,NA,"LL","1000x",NA,NA,"1A","K4_A",2,40.33,20.165,"PoleBarn",1,1,0.020165,0,0,0,0,0,-3.90380685065681,0.0625,0,0,0,0,0,NA,3.95453333333333,3.6576,4.9414,1.0875,1.1,1.7,3.10416666666667,2.75,5.55,19.4821092278719,20,21.1111111111111,10,32.6271186440678,33,32,34,4.72710905865947,4.8009454042022,5.39814650239791,2.63263274607141,409.5,112.65,18.4,3,1,0,544.15,547.15,548.15,549.15,"Good","None",NA,NA,NA,NA,NA,NA,NA,NA,NA,NA,NA,NA,NA,NA,NA,NA,NA,NA,NA,NA
"1A_B",37,0,"Konza4","Button","Ambient","CW/KOH",20240622,NA,"LL","1000x",NA,NA,"1A","K4_A",2,40.33,20.165,"PoleBarn",1,1,0.020165,0,0,0,0,0,-3.90380685065681,0.0625,0,0,0,0,0,NA,3.95453333333333,3.6576,4.9414,1.0875,1.1,1.7,3.10416666666667,2.75,5.55,19.4821092278719,20,21.1111111111111,10,32.6271186440678,33,32,34,4.72710905865947,4.8009454042022,5.39814650239791,2.63263274607141,409.5,112.65,18.4,3,1,0,544.15,547.15,548.15,549.15,"Good","None",NA,NA,NA,NA,NA,NA,NA,NA,NA,NA,NA,NA,NA,NA,NA,NA,NA,NA,NA,NA
"1A_B",38,0,"Konza4","Button","Ambient","CW/KOH",20240622,NA,"LL","1000x",NA,NA,"1A","K4_A",2,40.33,20.165,"PoleBarn",1,1,0.020165,0,0,0,0,0,-3.90380685065681,0.0625,0,0,0,0,0,NA,3.95453333333333,3.6576,4.9414,1.0875,1.1,1.7,3.10416666666667,2.75,5.55,19.4821092278719,20,21.1111111111111,10,32.6271186440678,33,32,34,4.72710905865947,4.8009454042022,5.39814650239791,2.63263274607141,409.5,112.65,18.4,3,1,0,544.15,547.15,548.15,549.15,"Good","None",NA,NA,NA,NA,NA,NA,NA,NA,NA,NA,NA,NA,NA,NA,NA,NA,NA,NA,NA,NA
"1A_B",39,0,"Konza4","Button","Ambient","CW/KOH",20240622,NA,"LL","1000x",NA,NA,"1A","K4_A",2,40.33,20.165,"PoleBarn",1,1,0.020165,0,0,0,0,0,-3.90380685065681,0.0625,0,0,0,0,0,NA,3.95453333333333,3.6576,4.9414,1.0875,1.1,1.7,3.10416666666667,2.75,5.55,19.4821092278719,20,21.1111111111111,10,32.6271186440678,33,32,34,4.72710905865947,4.8009454042022,5.39814650239791,2.63263274607141,409.5,112.65,18.4,3,1,0,544.15,547.15,548.15,549.15,"Good","None",NA,NA,NA,NA,NA,NA,NA,NA,NA,NA,NA,NA,NA,NA,NA,NA,NA,NA,NA,NA
"1A_B",40,0,"Konza4","Button","Ambient","CW/KOH",20240622,NA,"LL","1000x",NA,NA,"1A","K4_A",2,40.33,20.165,"PoleBarn",1,1,0.020165,0,0,0,0,0,-3.90380685065681,0.0625,0,0,0,0,0,NA,3.95453333333333,3.6576,4.9414,1.0875,1.1,1.7,3.10416666666667,2.75,5.55,19.4821092278719,20,21.1111111111111,10,32.6271186440678,33,32,34,4.72710905865947,4.8009454042022,5.39814650239791,2.63263274607141,409.5,112.65,18.4,3,1,0,544.15,547.15,548.15,549.15,"Good","None",NA,NA,NA,NA,NA,NA,NA,NA,NA,NA,NA,NA,NA,NA,NA,NA,NA,NA,NA,NA
"2A_B",1,0,"Konza4","Button","Ambient","CW/KOH",20240624,NA,"LL","1000x",NA,NA,"2A","K4_A",2,40.12,20.06,"PoleBarn",1,2,0.02006,0,0,0,0,0,-3.90902749644835,0.0625,0,0,0,0,0,NA,4.5793375,4.57107,5.451,2.065875,2,3.25,3.034,3,5.5,20.9133709981168,21.1111111111111,22.7777777777778,19.4444444444444,30.1016949152542,30,29,32,4.76631872026638,4.81229997090384,5.39747639079891,4.44230429858697,1431.6,169.1,11.5425,1.6,0,0,1616.5325,1617.5325,1617.5325,1617.5325,"Good","None",NA,NA,NA,NA,NA,NA,NA,NA,NA,NA,NA,NA,NA,NA,NA,NA,NA,NA,NA,NA
"2A_B",2,0,"Konza4","Button","Ambient","CW/KOH",20240624,NA,"LL","1000x",NA,NA,"2A","K4_A",2,40.12,20.06,"PoleBarn",1,2,0.02006,0,0,0,0,0,-3.90902749644835,0.0625,0,0,0,0,0,NA,4.5793375,4.57107,5.451,2.065875,2,3.25,3.034,3,5.5,20.9133709981168,21.1111111111111,22.7777777777778,19.4444444444444,30.1016949152542,30,29,32,4.76631872026638,4.81229997090384,5.39747639079891,4.44230429858697,1431.6,169.1,11.5425,1.6,0,0,1616.5325,1617.5325,1617.5325,1617.5325,"Good","None",NA,NA,NA,NA,NA,NA,NA,NA,NA,NA,NA,NA,NA,NA,NA,NA,NA,NA,NA,NA
"2A_B",3,0,"Konza4","Button","Ambient","CW/KOH",20240624,NA,"LL","1000x",NA,NA,"2A","K4_A",2,40.12,20.06,"PoleBarn",1,2,0.02006,0,0,0,0,0,-3.90902749644835,0.0625,0,0,0,0,0,NA,4.5793375,4.57107,5.451,2.065875,2,3.25,3.034,3,5.5,20.9133709981168,21.1111111111111,22.7777777777778,19.4444444444444,30.1016949152542,30,29,32,4.76631872026638,4.81229997090384,5.39747639079891,4.44230429858697,1431.6,169.1,11.5425,1.6,0,0,1616.5325,1617.5325,1617.5325,1617.5325,"Good","None",NA,NA,NA,NA,NA,NA,NA,NA,NA,NA,NA,NA,NA,NA,NA,NA,NA,NA,NA,NA
"2A_B",4,0,"Konza4","Button","Ambient","CW/KOH",20240624,NA,"LL","1000x",NA,NA,"2A","K4_A",2,40.12,20.06,"PoleBarn",1,2,0.02006,0,0,0,0,0,-3.90902749644835,0.0625,0,0,0,0,0,NA,4.5793375,4.57107,5.451,2.065875,2,3.25,3.034,3,5.5,20.9133709981168,21.1111111111111,22.7777777777778,19.4444444444444,30.1016949152542,30,29,32,4.76631872026638,4.81229997090384,5.39747639079891,4.44230429858697,1431.6,169.1,11.5425,1.6,0,0,1616.5325,1617.5325,1617.5325,1617.5325,"Good","None",NA,NA,NA,NA,NA,NA,NA,NA,NA,NA,NA,NA,NA,NA,NA,NA,NA,NA,NA,NA
"2A_B",5,0,"Konza4","Button","Ambient","CW/KOH",20240624,NA,"LL","1000x",NA,NA,"2A","K4_A",2,40.12,20.06,"PoleBarn",1,2,0.02006,0,0,0,0,0,-3.90902749644835,0.0625,0,0,0,0,0,NA,4.5793375,4.57107,5.451,2.065875,2,3.25,3.034,3,5.5,20.9133709981168,21.1111111111111,22.7777777777778,19.4444444444444,30.1016949152542,30,29,32,4.76631872026638,4.81229997090384,5.39747639079891,4.44230429858697,1431.6,169.1,11.5425,1.6,0,0,1616.5325,1617.5325,1617.5325,1617.5325,"Good","None",NA,NA,NA,NA,NA,NA,NA,NA,NA,NA,NA,NA,NA,NA,NA,NA,NA,NA,NA,NA
"2A_B",6,0,"Konza4","Button","Ambient","CW/KOH",20240624,NA,"LL","1000x",NA,NA,"2A","K4_A",2,40.12,20.06,"PoleBarn",1,2,0.02006,0,0,0,0,0,-3.90902749644835,0.0625,0,0,0,0,0,NA,4.5793375,4.57107,5.451,2.065875,2,3.25,3.034,3,5.5,20.9133709981168,21.1111111111111,22.7777777777778,19.4444444444444,30.1016949152542,30,29,32,4.76631872026638,4.81229997090384,5.39747639079891,4.44230429858697,1431.6,169.1,11.5425,1.6,0,0,1616.5325,1617.5325,1617.5325,1617.5325,"Good","None",NA,NA,NA,NA,NA,NA,NA,NA,NA,NA,NA,NA,NA,NA,NA,NA,NA,NA,NA,NA
"2A_B",7,0,"Konza4","Button","Ambient","CW/KOH",20240624,NA,"LL","1000x",NA,NA,"2A","K4_A",2,40.12,20.06,"PoleBarn",1,2,0.02006,0,0,0,0,0,-3.90902749644835,0.0625,0,0,0,0,0,NA,4.5793375,4.57107,5.451,2.065875,2,3.25,3.034,3,5.5,20.9133709981168,21.1111111111111,22.7777777777778,19.4444444444444,30.1016949152542,30,29,32,4.76631872026638,4.81229997090384,5.39747639079891,4.44230429858697,1431.6,169.1,11.5425,1.6,0,0,1616.5325,1617.5325,1617.5325,1617.5325,"Good","None",NA,NA,NA,NA,NA,NA,NA,NA,NA,NA,NA,NA,NA,NA,NA,NA,NA,NA,NA,NA
"2A_B",8,0,"Konza4","Button","Ambient","CW/KOH",20240624,NA,"LL","1000x",NA,NA,"2A","K4_A",2,40.12,20.06,"PoleBarn",1,2,0.02006,0,0,0,0,0,-3.90902749644835,0.0625,0,0,0,0,0,NA,4.5793375,4.57107,5.451,2.065875,2,3.25,3.034,3,5.5,20.9133709981168,21.1111111111111,22.7777777777778,19.4444444444444,30.1016949152542,30,29,32,4.76631872026638,4.81229997090384,5.39747639079891,4.44230429858697,1431.6,169.1,11.5425,1.6,0,0,1616.5325,1617.5325,1617.5325,1617.5325,"Good","None",NA,NA,NA,NA,NA,NA,NA,NA,NA,NA,NA,NA,NA,NA,NA,NA,NA,NA,NA,NA
"2A_B",9,0,"Konza4","Button","Ambient","CW/KOH",20240624,NA,"LL","1000x",NA,NA,"2A","K4_A",2,40.12,20.06,"PoleBarn",1,2,0.02006,0,0,0,0,0,-3.90902749644835,0.0625,0,0,0,0,0,NA,4.5793375,4.57107,5.451,2.065875,2,3.25,3.034,3,5.5,20.9133709981168,21.1111111111111,22.7777777777778,19.4444444444444,30.1016949152542,30,29,32,4.76631872026638,4.81229997090384,5.39747639079891,4.44230429858697,1431.6,169.1,11.5425,1.6,0,0,1616.5325,1617.5325,1617.5325,1617.5325,"Good","None",NA,NA,NA,NA,NA,NA,NA,NA,NA,NA,NA,NA,NA,NA,NA,NA,NA,NA,NA,NA
"2A_B",10,0,"Konza4","Button","Ambient","CW/KOH",20240624,NA,"LL","1000x",NA,NA,"2A","K4_A",2,40.12,20.06,"PoleBarn",1,2,0.02006,0,0,0,0,0,-3.90902749644835,0.0625,0,0,0,0,0,NA,4.5793375,4.57107,5.451,2.065875,2,3.25,3.034,3,5.5,20.9133709981168,21.1111111111111,22.7777777777778,19.4444444444444,30.1016949152542,30,29,32,4.76631872026638,4.81229997090384,5.39747639079891,4.44230429858697,1431.6,169.1,11.5425,1.6,0,0,1616.5325,1617.5325,1617.5325,1617.5325,"Good","None",NA,NA,NA,NA,NA,NA,NA,NA,NA,NA,NA,NA,NA,NA,NA,NA,NA,NA,NA,NA
"2A_B",11,0,"Konza4","Button","Ambient","CW/KOH",20240624,NA,"LL","1000x",NA,NA,"2A","K4_A",2,40.12,20.06,"PoleBarn",1,2,0.02006,0,0,0,0,0,-3.90902749644835,0.0625,0,0,0,0,0,NA,4.5793375,4.57107,5.451,2.065875,2,3.25,3.034,3,5.5,20.9133709981168,21.1111111111111,22.7777777777778,19.4444444444444,30.1016949152542,30,29,32,4.76631872026638,4.81229997090384,5.39747639079891,4.44230429858697,1431.6,169.1,11.5425,1.6,0,0,1616.5325,1617.5325,1617.5325,1617.5325,"Good","None",NA,NA,NA,NA,NA,NA,NA,NA,NA,NA,NA,NA,NA,NA,NA,NA,NA,NA,NA,NA
"2A_B",12,0,"Konza4","Button","Ambient","CW/KOH",20240624,NA,"LL","1000x",NA,NA,"2A","K4_A",2,40.12,20.06,"PoleBarn",1,2,0.02006,0,0,0,0,0,-3.90902749644835,0.0625,0,0,0,0,0,NA,4.5793375,4.57107,5.451,2.065875,2,3.25,3.034,3,5.5,20.9133709981168,21.1111111111111,22.7777777777778,19.4444444444444,30.1016949152542,30,29,32,4.76631872026638,4.81229997090384,5.39747639079891,4.44230429858697,1431.6,169.1,11.5425,1.6,0,0,1616.5325,1617.5325,1617.5325,1617.5325,"Good","None",NA,NA,NA,NA,NA,NA,NA,NA,NA,NA,NA,NA,NA,NA,NA,NA,NA,NA,NA,NA
"2A_B",13,0,"Konza4","Button","Ambient","CW/KOH",20240624,NA,"LL","1000x",NA,NA,"2A","K4_A",2,40.12,20.06,"PoleBarn",1,2,0.02006,0,0,0,0,0,-3.90902749644835,0.0625,0,0,0,0,0,NA,4.5793375,4.57107,5.451,2.065875,2,3.25,3.034,3,5.5,20.9133709981168,21.1111111111111,22.7777777777778,19.4444444444444,30.1016949152542,30,29,32,4.76631872026638,4.81229997090384,5.39747639079891,4.44230429858697,1431.6,169.1,11.5425,1.6,0,0,1616.5325,1617.5325,1617.5325,1617.5325,"Good","None",NA,NA,NA,NA,NA,NA,NA,NA,NA,NA,NA,NA,NA,NA,NA,NA,NA,NA,NA,NA
"2A_B",14,0,"Konza4","Button","Ambient","CW/KOH",20240624,NA,"LL","1000x",NA,NA,"2A","K4_A",2,40.12,20.06,"PoleBarn",1,2,0.02006,0,0,0,0,0,-3.90902749644835,0.0625,0,0,0,0,0,NA,4.5793375,4.57107,5.451,2.065875,2,3.25,3.034,3,5.5,20.9133709981168,21.1111111111111,22.7777777777778,19.4444444444444,30.1016949152542,30,29,32,4.76631872026638,4.81229997090384,5.39747639079891,4.44230429858697,1431.6,169.1,11.5425,1.6,0,0,1616.5325,1617.5325,1617.5325,1617.5325,"Good","None",NA,NA,NA,NA,NA,NA,NA,NA,NA,NA,NA,NA,NA,NA,NA,NA,NA,NA,NA,NA
"2A_B",15,1,"Konza4","Button","Ambient","CW/KOH",20240624,NA,"LL","1000x",NA,NA,"2A","K4_A",2,40.12,20.06,"PoleBarn",1,2,0.02006,0,0,0,0,1,-3.90902749644835,0.0625,0.9375,7225,360169.491525424,6773.4375,337658.898305085,NA,4.5793375,4.57107,5.451,2.065875,2,3.25,3.034,3,5.5,20.9133709981168,21.1111111111111,22.7777777777778,19.4444444444444,30.1016949152542,30,29,32,4.76631872026638,4.81229997090384,5.39747639079891,4.44230429858697,1431.6,169.1,11.5425,1.6,0,0,1616.5325,1617.5325,1617.5325,1617.5325,"Good","None",NA,NA,NA,NA,NA,NA,NA,NA,NA,NA,NA,NA,NA,NA,NA,NA,NA,NA,NA,NA
"2A_B",16,0,"Konza4","Button","Ambient","CW/KOH",20240624,NA,"LL","1000x",NA,NA,"2A","K4_A",2,40.12,20.06,"PoleBarn",1,2,0.02006,0,0,0,0,0,-3.90902749644835,0.0625,0,0,0,0,0,NA,4.5793375,4.57107,5.451,2.065875,2,3.25,3.034,3,5.5,20.9133709981168,21.1111111111111,22.7777777777778,19.4444444444444,30.1016949152542,30,29,32,4.76631872026638,4.81229997090384,5.39747639079891,4.44230429858697,1431.6,169.1,11.5425,1.6,0,0,1616.5325,1617.5325,1617.5325,1617.5325,"Good","None",NA,NA,NA,NA,NA,NA,NA,NA,NA,NA,NA,NA,NA,NA,NA,NA,NA,NA,NA,NA
"2A_B",17,0,"Konza4","Button","Ambient","CW/KOH",20240624,NA,"LL","1000x",NA,NA,"2A","K4_A",2,40.12,20.06,"PoleBarn",1,2,0.02006,0,0,0,0,0,-3.90902749644835,0.0625,0,0,0,0,0,NA,4.5793375,4.57107,5.451,2.065875,2,3.25,3.034,3,5.5,20.9133709981168,21.1111111111111,22.7777777777778,19.4444444444444,30.1016949152542,30,29,32,4.76631872026638,4.81229997090384,5.39747639079891,4.44230429858697,1431.6,169.1,11.5425,1.6,0,0,1616.5325,1617.5325,1617.5325,1617.5325,"Good","None",NA,NA,NA,NA,NA,NA,NA,NA,NA,NA,NA,NA,NA,NA,NA,NA,NA,NA,NA,NA
"2A_B",18,0,"Konza4","Button","Ambient","CW/KOH",20240624,NA,"LL","1000x",NA,NA,"2A","K4_A",2,40.12,20.06,"PoleBarn",1,2,0.02006,0,0,0,0,0,-3.90902749644835,0.0625,0,0,0,0,0,NA,4.5793375,4.57107,5.451,2.065875,2,3.25,3.034,3,5.5,20.9133709981168,21.1111111111111,22.7777777777778,19.4444444444444,30.1016949152542,30,29,32,4.76631872026638,4.81229997090384,5.39747639079891,4.44230429858697,1431.6,169.1,11.5425,1.6,0,0,1616.5325,1617.5325,1617.5325,1617.5325,"Good","None",NA,NA,NA,NA,NA,NA,NA,NA,NA,NA,NA,NA,NA,NA,NA,NA,NA,NA,NA,NA
"2A_B",19,0,"Konza4","Button","Ambient","CW/KOH",20240624,NA,"LL","1000x",NA,NA,"2A","K4_A",2,40.12,20.06,"PoleBarn",1,2,0.02006,0,0,0,0,0,-3.90902749644835,0.0625,0,0,0,0,0,NA,4.5793375,4.57107,5.451,2.065875,2,3.25,3.034,3,5.5,20.9133709981168,21.1111111111111,22.7777777777778,19.4444444444444,30.1016949152542,30,29,32,4.76631872026638,4.81229997090384,5.39747639079891,4.44230429858697,1431.6,169.1,11.5425,1.6,0,0,1616.5325,1617.5325,1617.5325,1617.5325,"Good","None",NA,NA,NA,NA,NA,NA,NA,NA,NA,NA,NA,NA,NA,NA,NA,NA,NA,NA,NA,NA
"2A_B",20,0,"Konza4","Button","Ambient","CW/KOH",20240624,NA,"LL","1000x",NA,NA,"2A","K4_A",2,40.12,20.06,"PoleBarn",1,2,0.02006,0,0,0,0,0,-3.90902749644835,0.0625,0,0,0,0,0,NA,4.5793375,4.57107,5.451,2.065875,2,3.25,3.034,3,5.5,20.9133709981168,21.1111111111111,22.7777777777778,19.4444444444444,30.1016949152542,30,29,32,4.76631872026638,4.81229997090384,5.39747639079891,4.44230429858697,1431.6,169.1,11.5425,1.6,0,0,1616.5325,1617.5325,1617.5325,1617.5325,"Good","None",NA,NA,NA,NA,NA,NA,NA,NA,NA,NA,NA,NA,NA,NA,NA,NA,NA,NA,NA,NA
"2A_B",21,0,"Konza4","Button","Ambient","CW/KOH",20240624,NA,"LL","1000x",NA,NA,"2A","K4_A",2,40.12,20.06,"PoleBarn",1,2,0.02006,0,0,0,0,0,-3.90902749644835,0.0625,0,0,0,0,0,NA,4.5793375,4.57107,5.451,2.065875,2,3.25,3.034,3,5.5,20.9133709981168,21.1111111111111,22.7777777777778,19.4444444444444,30.1016949152542,30,29,32,4.76631872026638,4.81229997090384,5.39747639079891,4.44230429858697,1431.6,169.1,11.5425,1.6,0,0,1616.5325,1617.5325,1617.5325,1617.5325,"Good","None",NA,NA,NA,NA,NA,NA,NA,NA,NA,NA,NA,NA,NA,NA,NA,NA,NA,NA,NA,NA
"2A_B",22,0,"Konza4","Button","Ambient","CW/KOH",20240624,NA,"LL","1000x",NA,NA,"2A","K4_A",2,40.12,20.06,"PoleBarn",1,2,0.02006,0,0,0,0,0,-3.90902749644835,0.0625,0,0,0,0,0,NA,4.5793375,4.57107,5.451,2.065875,2,3.25,3.034,3,5.5,20.9133709981168,21.1111111111111,22.7777777777778,19.4444444444444,30.1016949152542,30,29,32,4.76631872026638,4.81229997090384,5.39747639079891,4.44230429858697,1431.6,169.1,11.5425,1.6,0,0,1616.5325,1617.5325,1617.5325,1617.5325,"Good","None",NA,NA,NA,NA,NA,NA,NA,NA,NA,NA,NA,NA,NA,NA,NA,NA,NA,NA,NA,NA
"2A_B",23,0,"Konza4","Button","Ambient","CW/KOH",20240624,NA,"LL","1000x",NA,NA,"2A","K4_A",2,40.12,20.06,"PoleBarn",1,2,0.02006,0,0,0,0,0,-3.90902749644835,0.0625,0,0,0,0,0,NA,4.5793375,4.57107,5.451,2.065875,2,3.25,3.034,3,5.5,20.9133709981168,21.1111111111111,22.7777777777778,19.4444444444444,30.1016949152542,30,29,32,4.76631872026638,4.81229997090384,5.39747639079891,4.44230429858697,1431.6,169.1,11.5425,1.6,0,0,1616.5325,1617.5325,1617.5325,1617.5325,"Good","None",NA,NA,NA,NA,NA,NA,NA,NA,NA,NA,NA,NA,NA,NA,NA,NA,NA,NA,NA,NA
"2A_B",24,0,"Konza4","Button","Ambient","CW/KOH",20240624,NA,"LL","1000x",NA,NA,"2A","K4_A",2,40.12,20.06,"PoleBarn",1,2,0.02006,0,0,0,0,0,-3.90902749644835,0.0625,0,0,0,0,0,NA,4.5793375,4.57107,5.451,2.065875,2,3.25,3.034,3,5.5,20.9133709981168,21.1111111111111,22.7777777777778,19.4444444444444,30.1016949152542,30,29,32,4.76631872026638,4.81229997090384,5.39747639079891,4.44230429858697,1431.6,169.1,11.5425,1.6,0,0,1616.5325,1617.5325,1617.5325,1617.5325,"Good","None",NA,NA,NA,NA,NA,NA,NA,NA,NA,NA,NA,NA,NA,NA,NA,NA,NA,NA,NA,NA
"2A_B",25,0,"Konza4","Button","Ambient","CW/KOH",20240624,NA,"LL","1000x",NA,NA,"2A","K4_A",2,40.12,20.06,"PoleBarn",1,2,0.02006,0,0,0,0,0,-3.90902749644835,0.0625,0,0,0,0,0,NA,4.5793375,4.57107,5.451,2.065875,2,3.25,3.034,3,5.5,20.9133709981168,21.1111111111111,22.7777777777778,19.4444444444444,30.1016949152542,30,29,32,4.76631872026638,4.81229997090384,5.39747639079891,4.44230429858697,1431.6,169.1,11.5425,1.6,0,0,1616.5325,1617.5325,1617.5325,1617.5325,"Good","None",NA,NA,NA,NA,NA,NA,NA,NA,NA,NA,NA,NA,NA,NA,NA,NA,NA,NA,NA,NA
"2A_B",26,0,"Konza4","Button","Ambient","CW/KOH",20240624,NA,"LL","1000x",NA,NA,"2A","K4_A",2,40.12,20.06,"PoleBarn",1,2,0.02006,0,0,0,0,0,-3.90902749644835,0.0625,0,0,0,0,0,NA,4.5793375,4.57107,5.451,2.065875,2,3.25,3.034,3,5.5,20.9133709981168,21.1111111111111,22.7777777777778,19.4444444444444,30.1016949152542,30,29,32,4.76631872026638,4.81229997090384,5.39747639079891,4.44230429858697,1431.6,169.1,11.5425,1.6,0,0,1616.5325,1617.5325,1617.5325,1617.5325,"Good","None",NA,NA,NA,NA,NA,NA,NA,NA,NA,NA,NA,NA,NA,NA,NA,NA,NA,NA,NA,NA
"2A_B",27,0,"Konza4","Button","Ambient","CW/KOH",20240624,NA,"LL","1000x",NA,NA,"2A","K4_A",2,40.12,20.06,"PoleBarn",1,2,0.02006,0,0,0,0,0,-3.90902749644835,0.0625,0,0,0,0,0,NA,4.5793375,4.57107,5.451,2.065875,2,3.25,3.034,3,5.5,20.9133709981168,21.1111111111111,22.7777777777778,19.4444444444444,30.1016949152542,30,29,32,4.76631872026638,4.81229997090384,5.39747639079891,4.44230429858697,1431.6,169.1,11.5425,1.6,0,0,1616.5325,1617.5325,1617.5325,1617.5325,"Good","None",NA,NA,NA,NA,NA,NA,NA,NA,NA,NA,NA,NA,NA,NA,NA,NA,NA,NA,NA,NA
"2A_B",28,0,"Konza4","Button","Ambient","CW/KOH",20240624,NA,"LL","1000x",NA,NA,"2A","K4_A",2,40.12,20.06,"PoleBarn",1,2,0.02006,0,0,0,0,0,-3.90902749644835,0.0625,0,0,0,0,0,NA,4.5793375,4.57107,5.451,2.065875,2,3.25,3.034,3,5.5,20.9133709981168,21.1111111111111,22.7777777777778,19.4444444444444,30.1016949152542,30,29,32,4.76631872026638,4.81229997090384,5.39747639079891,4.44230429858697,1431.6,169.1,11.5425,1.6,0,0,1616.5325,1617.5325,1617.5325,1617.5325,"Good","None",NA,NA,NA,NA,NA,NA,NA,NA,NA,NA,NA,NA,NA,NA,NA,NA,NA,NA,NA,NA
"2A_B",29,0,"Konza4","Button","Ambient","CW/KOH",20240624,NA,"LL","1000x",NA,NA,"2A","K4_A",2,40.12,20.06,"PoleBarn",1,2,0.02006,0,0,0,0,0,-3.90902749644835,0.0625,0,0,0,0,0,NA,4.5793375,4.57107,5.451,2.065875,2,3.25,3.034,3,5.5,20.9133709981168,21.1111111111111,22.7777777777778,19.4444444444444,30.1016949152542,30,29,32,4.76631872026638,4.81229997090384,5.39747639079891,4.44230429858697,1431.6,169.1,11.5425,1.6,0,0,1616.5325,1617.5325,1617.5325,1617.5325,"Good","None",NA,NA,NA,NA,NA,NA,NA,NA,NA,NA,NA,NA,NA,NA,NA,NA,NA,NA,NA,NA
"2A_B",30,0,"Konza4","Button","Ambient","CW/KOH",20240624,NA,"LL","1000x",NA,NA,"2A","K4_A",2,40.12,20.06,"PoleBarn",1,2,0.02006,0,0,0,0,0,-3.90902749644835,0.0625,0,0,0,0,0,NA,4.5793375,4.57107,5.451,2.065875,2,3.25,3.034,3,5.5,20.9133709981168,21.1111111111111,22.7777777777778,19.4444444444444,30.1016949152542,30,29,32,4.76631872026638,4.81229997090384,5.39747639079891,4.44230429858697,1431.6,169.1,11.5425,1.6,0,0,1616.5325,1617.5325,1617.5325,1617.5325,"Good","None",NA,NA,NA,NA,NA,NA,NA,NA,NA,NA,NA,NA,NA,NA,NA,NA,NA,NA,NA,NA
"2A_B",31,0,"Konza4","Button","Ambient","CW/KOH",20240624,NA,"LL","1000x",NA,NA,"2A","K4_A",2,40.12,20.06,"PoleBarn",1,2,0.02006,0,0,0,0,0,-3.90902749644835,0.0625,0,0,0,0,0,NA,4.5793375,4.57107,5.451,2.065875,2,3.25,3.034,3,5.5,20.9133709981168,21.1111111111111,22.7777777777778,19.4444444444444,30.1016949152542,30,29,32,4.76631872026638,4.81229997090384,5.39747639079891,4.44230429858697,1431.6,169.1,11.5425,1.6,0,0,1616.5325,1617.5325,1617.5325,1617.5325,"Good","None",NA,NA,NA,NA,NA,NA,NA,NA,NA,NA,NA,NA,NA,NA,NA,NA,NA,NA,NA,NA
"2A_B",32,0,"Konza4","Button","Ambient","CW/KOH",20240624,NA,"LL","1000x",NA,NA,"2A","K4_A",2,40.12,20.06,"PoleBarn",1,2,0.02006,0,0,0,0,0,-3.90902749644835,0.0625,0,0,0,0,0,NA,4.5793375,4.57107,5.451,2.065875,2,3.25,3.034,3,5.5,20.9133709981168,21.1111111111111,22.7777777777778,19.4444444444444,30.1016949152542,30,29,32,4.76631872026638,4.81229997090384,5.39747639079891,4.44230429858697,1431.6,169.1,11.5425,1.6,0,0,1616.5325,1617.5325,1617.5325,1617.5325,"Good","None",NA,NA,NA,NA,NA,NA,NA,NA,NA,NA,NA,NA,NA,NA,NA,NA,NA,NA,NA,NA
"2A_B",33,0,"Konza4","Button","Ambient","CW/KOH",20240624,NA,"LL","1000x",NA,NA,"2A","K4_A",2,40.12,20.06,"PoleBarn",1,2,0.02006,0,0,0,0,0,-3.90902749644835,0.0625,0,0,0,0,0,NA,4.5793375,4.57107,5.451,2.065875,2,3.25,3.034,3,5.5,20.9133709981168,21.1111111111111,22.7777777777778,19.4444444444444,30.1016949152542,30,29,32,4.76631872026638,4.81229997090384,5.39747639079891,4.44230429858697,1431.6,169.1,11.5425,1.6,0,0,1616.5325,1617.5325,1617.5325,1617.5325,"Good","None",NA,NA,NA,NA,NA,NA,NA,NA,NA,NA,NA,NA,NA,NA,NA,NA,NA,NA,NA,NA
"2A_B",34,0,"Konza4","Button","Ambient","CW/KOH",20240624,NA,"LL","1000x",NA,NA,"2A","K4_A",2,40.12,20.06,"PoleBarn",1,2,0.02006,0,0,0,0,0,-3.90902749644835,0.0625,0,0,0,0,0,NA,4.5793375,4.57107,5.451,2.065875,2,3.25,3.034,3,5.5,20.9133709981168,21.1111111111111,22.7777777777778,19.4444444444444,30.1016949152542,30,29,32,4.76631872026638,4.81229997090384,5.39747639079891,4.44230429858697,1431.6,169.1,11.5425,1.6,0,0,1616.5325,1617.5325,1617.5325,1617.5325,"Good","None",NA,NA,NA,NA,NA,NA,NA,NA,NA,NA,NA,NA,NA,NA,NA,NA,NA,NA,NA,NA
"2A_B",35,0,"Konza4","Button","Ambient","CW/KOH",20240624,NA,"LL","1000x",NA,NA,"2A","K4_A",2,40.12,20.06,"PoleBarn",1,2,0.02006,0,0,0,0,0,-3.90902749644835,0.0625,0,0,0,0,0,NA,4.5793375,4.57107,5.451,2.065875,2,3.25,3.034,3,5.5,20.9133709981168,21.1111111111111,22.7777777777778,19.4444444444444,30.1016949152542,30,29,32,4.76631872026638,4.81229997090384,5.39747639079891,4.44230429858697,1431.6,169.1,11.5425,1.6,0,0,1616.5325,1617.5325,1617.5325,1617.5325,"Good","None",NA,NA,NA,NA,NA,NA,NA,NA,NA,NA,NA,NA,NA,NA,NA,NA,NA,NA,NA,NA
"2A_B",36,1,"Konza4","Button","Ambient","CW/KOH",20240624,NA,"LL","1000x",NA,NA,"2A","K4_A",2,40.12,20.06,"PoleBarn",1,2,0.02006,0,0,0,0,1,-3.90902749644835,0.0625,0.9375,7225,360169.491525424,6773.4375,337658.898305085,NA,4.5793375,4.57107,5.451,2.065875,2,3.25,3.034,3,5.5,20.9133709981168,21.1111111111111,22.7777777777778,19.4444444444444,30.1016949152542,30,29,32,4.76631872026638,4.81229997090384,5.39747639079891,4.44230429858697,1431.6,169.1,11.5425,1.6,0,0,1616.5325,1617.5325,1617.5325,1617.5325,"Good","None",NA,NA,NA,NA,NA,NA,NA,NA,NA,NA,NA,NA,NA,NA,NA,NA,NA,NA,NA,NA
"2A_B",37,0,"Konza4","Button","Ambient","CW/KOH",20240624,NA,"LL","1000x",NA,NA,"2A","K4_A",2,40.12,20.06,"PoleBarn",1,2,0.02006,0,0,0,0,0,-3.90902749644835,0.0625,0,0,0,0,0,NA,4.5793375,4.57107,5.451,2.065875,2,3.25,3.034,3,5.5,20.9133709981168,21.1111111111111,22.7777777777778,19.4444444444444,30.1016949152542,30,29,32,4.76631872026638,4.81229997090384,5.39747639079891,4.44230429858697,1431.6,169.1,11.5425,1.6,0,0,1616.5325,1617.5325,1617.5325,1617.5325,"Good","None",NA,NA,NA,NA,NA,NA,NA,NA,NA,NA,NA,NA,NA,NA,NA,NA,NA,NA,NA,NA
"2A_B",38,0,"Konza4","Button","Ambient","CW/KOH",20240624,NA,"LL","1000x",NA,NA,"2A","K4_A",2,40.12,20.06,"PoleBarn",1,2,0.02006,0,0,0,0,0,-3.90902749644835,0.0625,0,0,0,0,0,NA,4.5793375,4.57107,5.451,2.065875,2,3.25,3.034,3,5.5,20.9133709981168,21.1111111111111,22.7777777777778,19.4444444444444,30.1016949152542,30,29,32,4.76631872026638,4.81229997090384,5.39747639079891,4.44230429858697,1431.6,169.1,11.5425,1.6,0,0,1616.5325,1617.5325,1617.5325,1617.5325,"Good","None",NA,NA,NA,NA,NA,NA,NA,NA,NA,NA,NA,NA,NA,NA,NA,NA,NA,NA,NA,NA
"2A_B",39,0,"Konza4","Button","Ambient","CW/KOH",20240624,NA,"LL","1000x",NA,NA,"2A","K4_A",2,40.12,20.06,"PoleBarn",1,2,0.02006,0,0,0,0,0,-3.90902749644835,0.0625,0,0,0,0,0,NA,4.5793375,4.57107,5.451,2.065875,2,3.25,3.034,3,5.5,20.9133709981168,21.1111111111111,22.7777777777778,19.4444444444444,30.1016949152542,30,29,32,4.76631872026638,4.81229997090384,5.39747639079891,4.44230429858697,1431.6,169.1,11.5425,1.6,0,0,1616.5325,1617.5325,1617.5325,1617.5325,"Good","None",NA,NA,NA,NA,NA,NA,NA,NA,NA,NA,NA,NA,NA,NA,NA,NA,NA,NA,NA,NA
"2A_B",40,0,"Konza4","Button","Ambient","CW/KOH",20240624,NA,"LL","1000x",NA,NA,"2A","K4_A",2,40.12,20.06,"PoleBarn",1,2,0.02006,0,0,0,0,0,-3.90902749644835,0.0625,0,0,0,0,0,NA,4.5793375,4.57107,5.451,2.065875,2,3.25,3.034,3,5.5,20.9133709981168,21.1111111111111,22.7777777777778,19.4444444444444,30.1016949152542,30,29,32,4.76631872026638,4.81229997090384,5.39747639079891,4.44230429858697,1431.6,169.1,11.5425,1.6,0,0,1616.5325,1617.5325,1617.5325,1617.5325,"Good","None",NA,NA,NA,NA,NA,NA,NA,NA,NA,NA,NA,NA,NA,NA,NA,NA,NA,NA,NA,NA
"3A_B",1,0,"Konza4","Button","Smoke","CW/KOH",20240703,NA,"LL","1000x",NA,NA,"3A","K4_B",2,73.15,36.575,"26FF",1,3,0.036575,0,0,0,0,0,-3.30839033207595,0.0625,0,0,0,0,0,0,768.656601961873,459.23263138345,3992.1647178469,191.34987804878,211.6325,373.835,669.541890243902,495.425,3316.835,25.989417989418,26.6666666666667,29.4444444444444,22.7777777777778,23.3142857142857,23,21,26,5.04252004022786,5.19825988690415,6.08027508422063,4.25956384674497,52837.375,16384.0825,5154.3825,561.5225,104.9925,49.5,75501.24,75807.255,75857.54,75907.825,"Hazardous","High",100.047736041016,62.8247464,352.514205295751,4.160485768,195.685125629135,220.6158964,7.15892455454043,4.160485768,0.950072560421741,0.964770671674934,0.946687897898232,100.994423938914,201.988847877828,0.201988847877828,0.000201988847877828,2.01988847877828e-07,0.00946236202196647,0,0,0
"3A_B",2,0,"Konza4","Button","Smoke","CW/KOH",20240703,NA,"LL","1000x",NA,NA,"3A","K4_B",2,73.15,36.575,"26FF",1,3,0.036575,0,0,0,0,0,-3.30839033207595,0.0625,0,0,0,0,0,0,768.656601961873,459.23263138345,3992.1647178469,191.34987804878,211.6325,373.835,669.541890243902,495.425,3316.835,25.989417989418,26.6666666666667,29.4444444444444,22.7777777777778,23.3142857142857,23,21,26,5.04252004022786,5.19825988690415,6.08027508422063,4.25956384674497,52837.375,16384.0825,5154.3825,561.5225,104.9925,49.5,75501.24,75807.255,75857.54,75907.825,"Hazardous","High",100.047736041016,62.8247464,352.514205295751,4.160485768,195.685125629135,220.6158964,7.15892455454043,4.160485768,0.950072560421741,0.964770671674934,0.946687897898232,100.994423938914,201.988847877828,0.201988847877828,0.000201988847877828,2.01988847877828e-07,0.00946236202196647,0,0,0
"3A_B",3,0,"Konza4","Button","Smoke","CW/KOH",20240703,NA,"LL","1000x",NA,NA,"3A","K4_B",2,73.15,36.575,"26FF",1,3,0.036575,0,0,0,0,0,-3.30839033207595,0.0625,0,0,0,0,0,0,768.656601961873,459.23263138345,3992.1647178469,191.34987804878,211.6325,373.835,669.541890243902,495.425,3316.835,25.989417989418,26.6666666666667,29.4444444444444,22.7777777777778,23.3142857142857,23,21,26,5.04252004022786,5.19825988690415,6.08027508422063,4.25956384674497,52837.375,16384.0825,5154.3825,561.5225,104.9925,49.5,75501.24,75807.255,75857.54,75907.825,"Hazardous","High",100.047736041016,62.8247464,352.514205295751,4.160485768,195.685125629135,220.6158964,7.15892455454043,4.160485768,0.950072560421741,0.964770671674934,0.946687897898232,100.994423938914,201.988847877828,0.201988847877828,0.000201988847877828,2.01988847877828e-07,0.00946236202196647,0,0,0
"3A_B",4,0,"Konza4","Button","Smoke","CW/KOH",20240703,NA,"LL","1000x",NA,NA,"3A","K4_B",2,73.15,36.575,"26FF",1,3,0.036575,0,0,0,0,0,-3.30839033207595,0.0625,0,0,0,0,0,0,768.656601961873,459.23263138345,3992.1647178469,191.34987804878,211.6325,373.835,669.541890243902,495.425,3316.835,25.989417989418,26.6666666666667,29.4444444444444,22.7777777777778,23.3142857142857,23,21,26,5.04252004022786,5.19825988690415,6.08027508422063,4.25956384674497,52837.375,16384.0825,5154.3825,561.5225,104.9925,49.5,75501.24,75807.255,75857.54,75907.825,"Hazardous","High",100.047736041016,62.8247464,352.514205295751,4.160485768,195.685125629135,220.6158964,7.15892455454043,4.160485768,0.950072560421741,0.964770671674934,0.946687897898232,100.994423938914,201.988847877828,0.201988847877828,0.000201988847877828,2.01988847877828e-07,0.00946236202196647,0,0,0
"3A_B",5,0,"Konza4","Button","Smoke","CW/KOH",20240703,NA,"LL","1000x",NA,NA,"3A","K4_B",2,73.15,36.575,"26FF",1,3,0.036575,0,0,0,0,0,-3.30839033207595,0.0625,0,0,0,0,0,0,768.656601961873,459.23263138345,3992.1647178469,191.34987804878,211.6325,373.835,669.541890243902,495.425,3316.835,25.989417989418,26.6666666666667,29.4444444444444,22.7777777777778,23.3142857142857,23,21,26,5.04252004022786,5.19825988690415,6.08027508422063,4.25956384674497,52837.375,16384.0825,5154.3825,561.5225,104.9925,49.5,75501.24,75807.255,75857.54,75907.825,"Hazardous","High",100.047736041016,62.8247464,352.514205295751,4.160485768,195.685125629135,220.6158964,7.15892455454043,4.160485768,0.950072560421741,0.964770671674934,0.946687897898232,100.994423938914,201.988847877828,0.201988847877828,0.000201988847877828,2.01988847877828e-07,0.00946236202196647,0,0,0
"3A_B",6,0,"Konza4","Button","Smoke","CW/KOH",20240703,NA,"LL","1000x",NA,NA,"3A","K4_B",2,73.15,36.575,"26FF",1,3,0.036575,0,0,0,0,0,-3.30839033207595,0.0625,0,0,0,0,0,0,768.656601961873,459.23263138345,3992.1647178469,191.34987804878,211.6325,373.835,669.541890243902,495.425,3316.835,25.989417989418,26.6666666666667,29.4444444444444,22.7777777777778,23.3142857142857,23,21,26,5.04252004022786,5.19825988690415,6.08027508422063,4.25956384674497,52837.375,16384.0825,5154.3825,561.5225,104.9925,49.5,75501.24,75807.255,75857.54,75907.825,"Hazardous","High",100.047736041016,62.8247464,352.514205295751,4.160485768,195.685125629135,220.6158964,7.15892455454043,4.160485768,0.950072560421741,0.964770671674934,0.946687897898232,100.994423938914,201.988847877828,0.201988847877828,0.000201988847877828,2.01988847877828e-07,0.00946236202196647,0,0,0
"3A_B",7,0,"Konza4","Button","Smoke","CW/KOH",20240703,NA,"LL","1000x",NA,NA,"3A","K4_B",2,73.15,36.575,"26FF",1,3,0.036575,0,0,0,0,0,-3.30839033207595,0.0625,0,0,0,0,0,0,768.656601961873,459.23263138345,3992.1647178469,191.34987804878,211.6325,373.835,669.541890243902,495.425,3316.835,25.989417989418,26.6666666666667,29.4444444444444,22.7777777777778,23.3142857142857,23,21,26,5.04252004022786,5.19825988690415,6.08027508422063,4.25956384674497,52837.375,16384.0825,5154.3825,561.5225,104.9925,49.5,75501.24,75807.255,75857.54,75907.825,"Hazardous","High",100.047736041016,62.8247464,352.514205295751,4.160485768,195.685125629135,220.6158964,7.15892455454043,4.160485768,0.950072560421741,0.964770671674934,0.946687897898232,100.994423938914,201.988847877828,0.201988847877828,0.000201988847877828,2.01988847877828e-07,0.00946236202196647,0,0,0
"3A_B",8,0,"Konza4","Button","Smoke","CW/KOH",20240703,NA,"LL","1000x",NA,NA,"3A","K4_B",2,73.15,36.575,"26FF",1,3,0.036575,0,0,0,0,0,-3.30839033207595,0.0625,0,0,0,0,0,0,768.656601961873,459.23263138345,3992.1647178469,191.34987804878,211.6325,373.835,669.541890243902,495.425,3316.835,25.989417989418,26.6666666666667,29.4444444444444,22.7777777777778,23.3142857142857,23,21,26,5.04252004022786,5.19825988690415,6.08027508422063,4.25956384674497,52837.375,16384.0825,5154.3825,561.5225,104.9925,49.5,75501.24,75807.255,75857.54,75907.825,"Hazardous","High",100.047736041016,62.8247464,352.514205295751,4.160485768,195.685125629135,220.6158964,7.15892455454043,4.160485768,0.950072560421741,0.964770671674934,0.946687897898232,100.994423938914,201.988847877828,0.201988847877828,0.000201988847877828,2.01988847877828e-07,0.00946236202196647,0,0,0
"3A_B",9,1,"Konza4","Button","Smoke","CW/KOH",20240703,NA,"LL","1000x",NA,NA,"3A","K4_B",2,73.15,36.575,"26FF",1,3,0.036575,0,0,0,0,1,-3.30839033207595,0.0625,0.9375,7225,197539.302802461,6773.4375,185193.096377307,168354.106562873,768.656601961873,459.23263138345,3992.1647178469,191.34987804878,211.6325,373.835,669.541890243902,495.425,3316.835,25.989417989418,26.6666666666667,29.4444444444444,22.7777777777778,23.3142857142857,23,21,26,5.04252004022786,5.19825988690415,6.08027508422063,4.25956384674497,52837.375,16384.0825,5154.3825,561.5225,104.9925,49.5,75501.24,75807.255,75857.54,75907.825,"Hazardous","High",100.047736041016,62.8247464,352.514205295751,4.160485768,195.685125629135,220.6158964,7.15892455454043,4.160485768,0.950072560421741,0.964770671674934,0.946687897898232,100.994423938914,201.988847877828,0.201988847877828,0.000201988847877828,2.01988847877828e-07,0.00946236202196647,833482186425.965,833482186.425965,833.482186425965
"3A_B",10,1,"Konza4","Button","Smoke","CW/KOH",20240703,NA,"LL","1000x",NA,NA,"3A","K4_B",2,73.15,36.575,"26FF",1,3,0.036575,0,0,0,0,1,-3.30839033207595,0.0625,0.9375,7225,197539.302802461,6773.4375,185193.096377307,168354.106562873,768.656601961873,459.23263138345,3992.1647178469,191.34987804878,211.6325,373.835,669.541890243902,495.425,3316.835,25.989417989418,26.6666666666667,29.4444444444444,22.7777777777778,23.3142857142857,23,21,26,5.04252004022786,5.19825988690415,6.08027508422063,4.25956384674497,52837.375,16384.0825,5154.3825,561.5225,104.9925,49.5,75501.24,75807.255,75857.54,75907.825,"Hazardous","High",100.047736041016,62.8247464,352.514205295751,4.160485768,195.685125629135,220.6158964,7.15892455454043,4.160485768,0.950072560421741,0.964770671674934,0.946687897898232,100.994423938914,201.988847877828,0.201988847877828,0.000201988847877828,2.01988847877828e-07,0.00946236202196647,833482186425.965,833482186.425965,833.482186425965
"3A_B",11,0,"Konza4","Button","Smoke","CW/KOH",20240703,NA,"LL","1000x",NA,NA,"3A","K4_B",2,73.15,36.575,"26FF",1,3,0.036575,0,0,0,0,0,-3.30839033207595,0.0625,0,0,0,0,0,0,768.656601961873,459.23263138345,3992.1647178469,191.34987804878,211.6325,373.835,669.541890243902,495.425,3316.835,25.989417989418,26.6666666666667,29.4444444444444,22.7777777777778,23.3142857142857,23,21,26,5.04252004022786,5.19825988690415,6.08027508422063,4.25956384674497,52837.375,16384.0825,5154.3825,561.5225,104.9925,49.5,75501.24,75807.255,75857.54,75907.825,"Hazardous","High",100.047736041016,62.8247464,352.514205295751,4.160485768,195.685125629135,220.6158964,7.15892455454043,4.160485768,0.950072560421741,0.964770671674934,0.946687897898232,100.994423938914,201.988847877828,0.201988847877828,0.000201988847877828,2.01988847877828e-07,0.00946236202196647,0,0,0
"3A_B",12,0,"Konza4","Button","Smoke","CW/KOH",20240703,NA,"LL","1000x",NA,NA,"3A","K4_B",2,73.15,36.575,"26FF",1,3,0.036575,0,0,0,0,0,-3.30839033207595,0.0625,0,0,0,0,0,0,768.656601961873,459.23263138345,3992.1647178469,191.34987804878,211.6325,373.835,669.541890243902,495.425,3316.835,25.989417989418,26.6666666666667,29.4444444444444,22.7777777777778,23.3142857142857,23,21,26,5.04252004022786,5.19825988690415,6.08027508422063,4.25956384674497,52837.375,16384.0825,5154.3825,561.5225,104.9925,49.5,75501.24,75807.255,75857.54,75907.825,"Hazardous","High",100.047736041016,62.8247464,352.514205295751,4.160485768,195.685125629135,220.6158964,7.15892455454043,4.160485768,0.950072560421741,0.964770671674934,0.946687897898232,100.994423938914,201.988847877828,0.201988847877828,0.000201988847877828,2.01988847877828e-07,0.00946236202196647,0,0,0
"3A_B",13,0,"Konza4","Button","Smoke","CW/KOH",20240703,NA,"LL","1000x",NA,NA,"3A","K4_B",2,73.15,36.575,"26FF",1,3,0.036575,0,0,0,0,0,-3.30839033207595,0.0625,0,0,0,0,0,0,768.656601961873,459.23263138345,3992.1647178469,191.34987804878,211.6325,373.835,669.541890243902,495.425,3316.835,25.989417989418,26.6666666666667,29.4444444444444,22.7777777777778,23.3142857142857,23,21,26,5.04252004022786,5.19825988690415,6.08027508422063,4.25956384674497,52837.375,16384.0825,5154.3825,561.5225,104.9925,49.5,75501.24,75807.255,75857.54,75907.825,"Hazardous","High",100.047736041016,62.8247464,352.514205295751,4.160485768,195.685125629135,220.6158964,7.15892455454043,4.160485768,0.950072560421741,0.964770671674934,0.946687897898232,100.994423938914,201.988847877828,0.201988847877828,0.000201988847877828,2.01988847877828e-07,0.00946236202196647,0,0,0
"3A_B",14,0,"Konza4","Button","Smoke","CW/KOH",20240703,NA,"LL","1000x",NA,NA,"3A","K4_B",2,73.15,36.575,"26FF",1,3,0.036575,0,0,0,0,0,-3.30839033207595,0.0625,0,0,0,0,0,0,768.656601961873,459.23263138345,3992.1647178469,191.34987804878,211.6325,373.835,669.541890243902,495.425,3316.835,25.989417989418,26.6666666666667,29.4444444444444,22.7777777777778,23.3142857142857,23,21,26,5.04252004022786,5.19825988690415,6.08027508422063,4.25956384674497,52837.375,16384.0825,5154.3825,561.5225,104.9925,49.5,75501.24,75807.255,75857.54,75907.825,"Hazardous","High",100.047736041016,62.8247464,352.514205295751,4.160485768,195.685125629135,220.6158964,7.15892455454043,4.160485768,0.950072560421741,0.964770671674934,0.946687897898232,100.994423938914,201.988847877828,0.201988847877828,0.000201988847877828,2.01988847877828e-07,0.00946236202196647,0,0,0
"3A_B",15,0,"Konza4","Button","Smoke","CW/KOH",20240703,NA,"LL","1000x",NA,NA,"3A","K4_B",2,73.15,36.575,"26FF",1,3,0.036575,0,0,0,0,0,-3.30839033207595,0.0625,0,0,0,0,0,0,768.656601961873,459.23263138345,3992.1647178469,191.34987804878,211.6325,373.835,669.541890243902,495.425,3316.835,25.989417989418,26.6666666666667,29.4444444444444,22.7777777777778,23.3142857142857,23,21,26,5.04252004022786,5.19825988690415,6.08027508422063,4.25956384674497,52837.375,16384.0825,5154.3825,561.5225,104.9925,49.5,75501.24,75807.255,75857.54,75907.825,"Hazardous","High",100.047736041016,62.8247464,352.514205295751,4.160485768,195.685125629135,220.6158964,7.15892455454043,4.160485768,0.950072560421741,0.964770671674934,0.946687897898232,100.994423938914,201.988847877828,0.201988847877828,0.000201988847877828,2.01988847877828e-07,0.00946236202196647,0,0,0
"3A_B",16,0,"Konza4","Button","Smoke","CW/KOH",20240703,NA,"LL","1000x",NA,NA,"3A","K4_B",2,73.15,36.575,"26FF",1,3,0.036575,0,0,0,0,0,-3.30839033207595,0.0625,0,0,0,0,0,0,768.656601961873,459.23263138345,3992.1647178469,191.34987804878,211.6325,373.835,669.541890243902,495.425,3316.835,25.989417989418,26.6666666666667,29.4444444444444,22.7777777777778,23.3142857142857,23,21,26,5.04252004022786,5.19825988690415,6.08027508422063,4.25956384674497,52837.375,16384.0825,5154.3825,561.5225,104.9925,49.5,75501.24,75807.255,75857.54,75907.825,"Hazardous","High",100.047736041016,62.8247464,352.514205295751,4.160485768,195.685125629135,220.6158964,7.15892455454043,4.160485768,0.950072560421741,0.964770671674934,0.946687897898232,100.994423938914,201.988847877828,0.201988847877828,0.000201988847877828,2.01988847877828e-07,0.00946236202196647,0,0,0
"3A_B",17,0,"Konza4","Button","Smoke","CW/KOH",20240703,NA,"LL","1000x",NA,NA,"3A","K4_B",2,73.15,36.575,"26FF",1,3,0.036575,0,0,0,0,0,-3.30839033207595,0.0625,0,0,0,0,0,0,768.656601961873,459.23263138345,3992.1647178469,191.34987804878,211.6325,373.835,669.541890243902,495.425,3316.835,25.989417989418,26.6666666666667,29.4444444444444,22.7777777777778,23.3142857142857,23,21,26,5.04252004022786,5.19825988690415,6.08027508422063,4.25956384674497,52837.375,16384.0825,5154.3825,561.5225,104.9925,49.5,75501.24,75807.255,75857.54,75907.825,"Hazardous","High",100.047736041016,62.8247464,352.514205295751,4.160485768,195.685125629135,220.6158964,7.15892455454043,4.160485768,0.950072560421741,0.964770671674934,0.946687897898232,100.994423938914,201.988847877828,0.201988847877828,0.000201988847877828,2.01988847877828e-07,0.00946236202196647,0,0,0
"3A_B",18,1,"Konza4","Button","Smoke","CW/KOH",20240703,NA,"LL","1000x",NA,NA,"3A","K4_B",2,73.15,36.575,"26FF",1,3,0.036575,0,0,0,0,1,-3.30839033207595,0.0625,0.9375,7225,197539.302802461,6773.4375,185193.096377307,168354.106562873,768.656601961873,459.23263138345,3992.1647178469,191.34987804878,211.6325,373.835,669.541890243902,495.425,3316.835,25.989417989418,26.6666666666667,29.4444444444444,22.7777777777778,23.3142857142857,23,21,26,5.04252004022786,5.19825988690415,6.08027508422063,4.25956384674497,52837.375,16384.0825,5154.3825,561.5225,104.9925,49.5,75501.24,75807.255,75857.54,75907.825,"Hazardous","High",100.047736041016,62.8247464,352.514205295751,4.160485768,195.685125629135,220.6158964,7.15892455454043,4.160485768,0.950072560421741,0.964770671674934,0.946687897898232,100.994423938914,201.988847877828,0.201988847877828,0.000201988847877828,2.01988847877828e-07,0.00946236202196647,833482186425.965,833482186.425965,833.482186425965
"3A_B",19,0,"Konza4","Button","Smoke","CW/KOH",20240703,NA,"LL","1000x",NA,NA,"3A","K4_B",2,73.15,36.575,"26FF",1,3,0.036575,0,0,0,0,0,-3.30839033207595,0.0625,0,0,0,0,0,0,768.656601961873,459.23263138345,3992.1647178469,191.34987804878,211.6325,373.835,669.541890243902,495.425,3316.835,25.989417989418,26.6666666666667,29.4444444444444,22.7777777777778,23.3142857142857,23,21,26,5.04252004022786,5.19825988690415,6.08027508422063,4.25956384674497,52837.375,16384.0825,5154.3825,561.5225,104.9925,49.5,75501.24,75807.255,75857.54,75907.825,"Hazardous","High",100.047736041016,62.8247464,352.514205295751,4.160485768,195.685125629135,220.6158964,7.15892455454043,4.160485768,0.950072560421741,0.964770671674934,0.946687897898232,100.994423938914,201.988847877828,0.201988847877828,0.000201988847877828,2.01988847877828e-07,0.00946236202196647,0,0,0
"3A_B",20,0,"Konza4","Button","Smoke","CW/KOH",20240703,NA,"LL","1000x",NA,NA,"3A","K4_B",2,73.15,36.575,"26FF",1,3,0.036575,0,0,0,0,0,-3.30839033207595,0.0625,0,0,0,0,0,0,768.656601961873,459.23263138345,3992.1647178469,191.34987804878,211.6325,373.835,669.541890243902,495.425,3316.835,25.989417989418,26.6666666666667,29.4444444444444,22.7777777777778,23.3142857142857,23,21,26,5.04252004022786,5.19825988690415,6.08027508422063,4.25956384674497,52837.375,16384.0825,5154.3825,561.5225,104.9925,49.5,75501.24,75807.255,75857.54,75907.825,"Hazardous","High",100.047736041016,62.8247464,352.514205295751,4.160485768,195.685125629135,220.6158964,7.15892455454043,4.160485768,0.950072560421741,0.964770671674934,0.946687897898232,100.994423938914,201.988847877828,0.201988847877828,0.000201988847877828,2.01988847877828e-07,0.00946236202196647,0,0,0
"3A_B",21,0,"Konza4","Button","Smoke","CW/KOH",20240703,NA,"LL","1000x",NA,NA,"3A","K4_B",2,73.15,36.575,"26FF",1,3,0.036575,0,0,0,0,0,-3.30839033207595,0.0625,0,0,0,0,0,0,768.656601961873,459.23263138345,3992.1647178469,191.34987804878,211.6325,373.835,669.541890243902,495.425,3316.835,25.989417989418,26.6666666666667,29.4444444444444,22.7777777777778,23.3142857142857,23,21,26,5.04252004022786,5.19825988690415,6.08027508422063,4.25956384674497,52837.375,16384.0825,5154.3825,561.5225,104.9925,49.5,75501.24,75807.255,75857.54,75907.825,"Hazardous","High",100.047736041016,62.8247464,352.514205295751,4.160485768,195.685125629135,220.6158964,7.15892455454043,4.160485768,0.950072560421741,0.964770671674934,0.946687897898232,100.994423938914,201.988847877828,0.201988847877828,0.000201988847877828,2.01988847877828e-07,0.00946236202196647,0,0,0
"3A_B",22,0,"Konza4","Button","Smoke","CW/KOH",20240703,NA,"LL","1000x",NA,NA,"3A","K4_B",2,73.15,36.575,"26FF",1,3,0.036575,0,0,0,0,0,-3.30839033207595,0.0625,0,0,0,0,0,0,768.656601961873,459.23263138345,3992.1647178469,191.34987804878,211.6325,373.835,669.541890243902,495.425,3316.835,25.989417989418,26.6666666666667,29.4444444444444,22.7777777777778,23.3142857142857,23,21,26,5.04252004022786,5.19825988690415,6.08027508422063,4.25956384674497,52837.375,16384.0825,5154.3825,561.5225,104.9925,49.5,75501.24,75807.255,75857.54,75907.825,"Hazardous","High",100.047736041016,62.8247464,352.514205295751,4.160485768,195.685125629135,220.6158964,7.15892455454043,4.160485768,0.950072560421741,0.964770671674934,0.946687897898232,100.994423938914,201.988847877828,0.201988847877828,0.000201988847877828,2.01988847877828e-07,0.00946236202196647,0,0,0
"3A_B",23,0,"Konza4","Button","Smoke","CW/KOH",20240703,NA,"LL","1000x",NA,NA,"3A","K4_B",2,73.15,36.575,"26FF",1,3,0.036575,0,0,0,0,0,-3.30839033207595,0.0625,0,0,0,0,0,0,768.656601961873,459.23263138345,3992.1647178469,191.34987804878,211.6325,373.835,669.541890243902,495.425,3316.835,25.989417989418,26.6666666666667,29.4444444444444,22.7777777777778,23.3142857142857,23,21,26,5.04252004022786,5.19825988690415,6.08027508422063,4.25956384674497,52837.375,16384.0825,5154.3825,561.5225,104.9925,49.5,75501.24,75807.255,75857.54,75907.825,"Hazardous","High",100.047736041016,62.8247464,352.514205295751,4.160485768,195.685125629135,220.6158964,7.15892455454043,4.160485768,0.950072560421741,0.964770671674934,0.946687897898232,100.994423938914,201.988847877828,0.201988847877828,0.000201988847877828,2.01988847877828e-07,0.00946236202196647,0,0,0
"3A_B",24,0,"Konza4","Button","Smoke","CW/KOH",20240703,NA,"LL","1000x",NA,NA,"3A","K4_B",2,73.15,36.575,"26FF",1,3,0.036575,0,0,0,0,0,-3.30839033207595,0.0625,0,0,0,0,0,0,768.656601961873,459.23263138345,3992.1647178469,191.34987804878,211.6325,373.835,669.541890243902,495.425,3316.835,25.989417989418,26.6666666666667,29.4444444444444,22.7777777777778,23.3142857142857,23,21,26,5.04252004022786,5.19825988690415,6.08027508422063,4.25956384674497,52837.375,16384.0825,5154.3825,561.5225,104.9925,49.5,75501.24,75807.255,75857.54,75907.825,"Hazardous","High",100.047736041016,62.8247464,352.514205295751,4.160485768,195.685125629135,220.6158964,7.15892455454043,4.160485768,0.950072560421741,0.964770671674934,0.946687897898232,100.994423938914,201.988847877828,0.201988847877828,0.000201988847877828,2.01988847877828e-07,0.00946236202196647,0,0,0
"3A_B",25,1,"Konza4","Button","Smoke","CW/KOH",20240703,NA,"LL","1000x",NA,NA,"3A","K4_B",2,73.15,36.575,"26FF",1,3,0.036575,0,0,0,0,1,-3.30839033207595,0.0625,0.9375,7225,197539.302802461,6773.4375,185193.096377307,168354.106562873,768.656601961873,459.23263138345,3992.1647178469,191.34987804878,211.6325,373.835,669.541890243902,495.425,3316.835,25.989417989418,26.6666666666667,29.4444444444444,22.7777777777778,23.3142857142857,23,21,26,5.04252004022786,5.19825988690415,6.08027508422063,4.25956384674497,52837.375,16384.0825,5154.3825,561.5225,104.9925,49.5,75501.24,75807.255,75857.54,75907.825,"Hazardous","High",100.047736041016,62.8247464,352.514205295751,4.160485768,195.685125629135,220.6158964,7.15892455454043,4.160485768,0.950072560421741,0.964770671674934,0.946687897898232,100.994423938914,201.988847877828,0.201988847877828,0.000201988847877828,2.01988847877828e-07,0.00946236202196647,833482186425.965,833482186.425965,833.482186425965
"3A_B",26,0,"Konza4","Button","Smoke","CW/KOH",20240703,NA,"LL","1000x",NA,NA,"3A","K4_B",2,73.15,36.575,"26FF",1,3,0.036575,0,0,0,0,0,-3.30839033207595,0.0625,0,0,0,0,0,0,768.656601961873,459.23263138345,3992.1647178469,191.34987804878,211.6325,373.835,669.541890243902,495.425,3316.835,25.989417989418,26.6666666666667,29.4444444444444,22.7777777777778,23.3142857142857,23,21,26,5.04252004022786,5.19825988690415,6.08027508422063,4.25956384674497,52837.375,16384.0825,5154.3825,561.5225,104.9925,49.5,75501.24,75807.255,75857.54,75907.825,"Hazardous","High",100.047736041016,62.8247464,352.514205295751,4.160485768,195.685125629135,220.6158964,7.15892455454043,4.160485768,0.950072560421741,0.964770671674934,0.946687897898232,100.994423938914,201.988847877828,0.201988847877828,0.000201988847877828,2.01988847877828e-07,0.00946236202196647,0,0,0
"3A_B",27,0,"Konza4","Button","Smoke","CW/KOH",20240703,NA,"LL","1000x",NA,NA,"3A","K4_B",2,73.15,36.575,"26FF",1,3,0.036575,0,0,0,0,0,-3.30839033207595,0.0625,0,0,0,0,0,0,768.656601961873,459.23263138345,3992.1647178469,191.34987804878,211.6325,373.835,669.541890243902,495.425,3316.835,25.989417989418,26.6666666666667,29.4444444444444,22.7777777777778,23.3142857142857,23,21,26,5.04252004022786,5.19825988690415,6.08027508422063,4.25956384674497,52837.375,16384.0825,5154.3825,561.5225,104.9925,49.5,75501.24,75807.255,75857.54,75907.825,"Hazardous","High",100.047736041016,62.8247464,352.514205295751,4.160485768,195.685125629135,220.6158964,7.15892455454043,4.160485768,0.950072560421741,0.964770671674934,0.946687897898232,100.994423938914,201.988847877828,0.201988847877828,0.000201988847877828,2.01988847877828e-07,0.00946236202196647,0,0,0
"3A_B",28,0,"Konza4","Button","Smoke","CW/KOH",20240703,NA,"LL","1000x",NA,NA,"3A","K4_B",2,73.15,36.575,"26FF",1,3,0.036575,0,0,0,0,0,-3.30839033207595,0.0625,0,0,0,0,0,0,768.656601961873,459.23263138345,3992.1647178469,191.34987804878,211.6325,373.835,669.541890243902,495.425,3316.835,25.989417989418,26.6666666666667,29.4444444444444,22.7777777777778,23.3142857142857,23,21,26,5.04252004022786,5.19825988690415,6.08027508422063,4.25956384674497,52837.375,16384.0825,5154.3825,561.5225,104.9925,49.5,75501.24,75807.255,75857.54,75907.825,"Hazardous","High",100.047736041016,62.8247464,352.514205295751,4.160485768,195.685125629135,220.6158964,7.15892455454043,4.160485768,0.950072560421741,0.964770671674934,0.946687897898232,100.994423938914,201.988847877828,0.201988847877828,0.000201988847877828,2.01988847877828e-07,0.00946236202196647,0,0,0
"3A_B",29,2,"Konza4","Button","Smoke","CW/KOH",20240703,NA,"LL","1000x",NA,NA,"3A","K4_B",2,73.15,36.575,"26FF",1,3,0.036575,0,0,0,0,2,-3.30839033207595,0.0625,1.9375,14450,395078.605604921,13998.4375,382732.399179768,365893.409365334,768.656601961873,459.23263138345,3992.1647178469,191.34987804878,211.6325,373.835,669.541890243902,495.425,3316.835,25.989417989418,26.6666666666667,29.4444444444444,22.7777777777778,23.3142857142857,23,21,26,5.04252004022786,5.19825988690415,6.08027508422063,4.25956384674497,52837.375,16384.0825,5154.3825,561.5225,104.9925,49.5,75501.24,75807.255,75857.54,75907.825,"Hazardous","High",100.047736041016,62.8247464,352.514205295751,4.160485768,195.685125629135,220.6158964,7.15892455454043,4.160485768,0.950072560421741,0.964770671674934,0.946687897898232,100.994423938914,201.988847877828,0.201988847877828,0.000201988847877828,2.01988847877828e-07,0.00946236202196647,1811453519387.58,1811453519.38758,1811.45351938758
"3A_B",30,0,"Konza4","Button","Smoke","CW/KOH",20240703,NA,"LL","1000x",NA,NA,"3A","K4_B",2,73.15,36.575,"26FF",1,3,0.036575,0,0,0,0,0,-3.30839033207595,0.0625,0,0,0,0,0,0,768.656601961873,459.23263138345,3992.1647178469,191.34987804878,211.6325,373.835,669.541890243902,495.425,3316.835,25.989417989418,26.6666666666667,29.4444444444444,22.7777777777778,23.3142857142857,23,21,26,5.04252004022786,5.19825988690415,6.08027508422063,4.25956384674497,52837.375,16384.0825,5154.3825,561.5225,104.9925,49.5,75501.24,75807.255,75857.54,75907.825,"Hazardous","High",100.047736041016,62.8247464,352.514205295751,4.160485768,195.685125629135,220.6158964,7.15892455454043,4.160485768,0.950072560421741,0.964770671674934,0.946687897898232,100.994423938914,201.988847877828,0.201988847877828,0.000201988847877828,2.01988847877828e-07,0.00946236202196647,0,0,0
"3A_B",31,0,"Konza4","Button","Smoke","CW/KOH",20240703,NA,"LL","1000x",NA,NA,"3A","K4_B",2,73.15,36.575,"26FF",1,3,0.036575,0,0,0,0,0,-3.30839033207595,0.0625,0,0,0,0,0,0,768.656601961873,459.23263138345,3992.1647178469,191.34987804878,211.6325,373.835,669.541890243902,495.425,3316.835,25.989417989418,26.6666666666667,29.4444444444444,22.7777777777778,23.3142857142857,23,21,26,5.04252004022786,5.19825988690415,6.08027508422063,4.25956384674497,52837.375,16384.0825,5154.3825,561.5225,104.9925,49.5,75501.24,75807.255,75857.54,75907.825,"Hazardous","High",100.047736041016,62.8247464,352.514205295751,4.160485768,195.685125629135,220.6158964,7.15892455454043,4.160485768,0.950072560421741,0.964770671674934,0.946687897898232,100.994423938914,201.988847877828,0.201988847877828,0.000201988847877828,2.01988847877828e-07,0.00946236202196647,0,0,0
"3A_B",32,0,"Konza4","Button","Smoke","CW/KOH",20240703,NA,"LL","1000x",NA,NA,"3A","K4_B",2,73.15,36.575,"26FF",1,3,0.036575,0,0,0,0,0,-3.30839033207595,0.0625,0,0,0,0,0,0,768.656601961873,459.23263138345,3992.1647178469,191.34987804878,211.6325,373.835,669.541890243902,495.425,3316.835,25.989417989418,26.6666666666667,29.4444444444444,22.7777777777778,23.3142857142857,23,21,26,5.04252004022786,5.19825988690415,6.08027508422063,4.25956384674497,52837.375,16384.0825,5154.3825,561.5225,104.9925,49.5,75501.24,75807.255,75857.54,75907.825,"Hazardous","High",100.047736041016,62.8247464,352.514205295751,4.160485768,195.685125629135,220.6158964,7.15892455454043,4.160485768,0.950072560421741,0.964770671674934,0.946687897898232,100.994423938914,201.988847877828,0.201988847877828,0.000201988847877828,2.01988847877828e-07,0.00946236202196647,0,0,0
"3A_B",33,0,"Konza4","Button","Smoke","CW/KOH",20240703,NA,"LL","1000x",NA,NA,"3A","K4_B",2,73.15,36.575,"26FF",1,3,0.036575,0,0,0,0,0,-3.30839033207595,0.0625,0,0,0,0,0,0,768.656601961873,459.23263138345,3992.1647178469,191.34987804878,211.6325,373.835,669.541890243902,495.425,3316.835,25.989417989418,26.6666666666667,29.4444444444444,22.7777777777778,23.3142857142857,23,21,26,5.04252004022786,5.19825988690415,6.08027508422063,4.25956384674497,52837.375,16384.0825,5154.3825,561.5225,104.9925,49.5,75501.24,75807.255,75857.54,75907.825,"Hazardous","High",100.047736041016,62.8247464,352.514205295751,4.160485768,195.685125629135,220.6158964,7.15892455454043,4.160485768,0.950072560421741,0.964770671674934,0.946687897898232,100.994423938914,201.988847877828,0.201988847877828,0.000201988847877828,2.01988847877828e-07,0.00946236202196647,0,0,0
"3A_B",34,0,"Konza4","Button","Smoke","CW/KOH",20240703,NA,"LL","1000x",NA,NA,"3A","K4_B",2,73.15,36.575,"26FF",1,3,0.036575,0,0,0,0,0,-3.30839033207595,0.0625,0,0,0,0,0,0,768.656601961873,459.23263138345,3992.1647178469,191.34987804878,211.6325,373.835,669.541890243902,495.425,3316.835,25.989417989418,26.6666666666667,29.4444444444444,22.7777777777778,23.3142857142857,23,21,26,5.04252004022786,5.19825988690415,6.08027508422063,4.25956384674497,52837.375,16384.0825,5154.3825,561.5225,104.9925,49.5,75501.24,75807.255,75857.54,75907.825,"Hazardous","High",100.047736041016,62.8247464,352.514205295751,4.160485768,195.685125629135,220.6158964,7.15892455454043,4.160485768,0.950072560421741,0.964770671674934,0.946687897898232,100.994423938914,201.988847877828,0.201988847877828,0.000201988847877828,2.01988847877828e-07,0.00946236202196647,0,0,0
"3A_B",35,1,"Konza4","Button","Smoke","CW/KOH",20240703,NA,"LL","1000x",NA,NA,"3A","K4_B",2,73.15,36.575,"26FF",1,3,0.036575,0,0,0,0,1,-3.30839033207595,0.0625,0.9375,7225,197539.302802461,6773.4375,185193.096377307,168354.106562873,768.656601961873,459.23263138345,3992.1647178469,191.34987804878,211.6325,373.835,669.541890243902,495.425,3316.835,25.989417989418,26.6666666666667,29.4444444444444,22.7777777777778,23.3142857142857,23,21,26,5.04252004022786,5.19825988690415,6.08027508422063,4.25956384674497,52837.375,16384.0825,5154.3825,561.5225,104.9925,49.5,75501.24,75807.255,75857.54,75907.825,"Hazardous","High",100.047736041016,62.8247464,352.514205295751,4.160485768,195.685125629135,220.6158964,7.15892455454043,4.160485768,0.950072560421741,0.964770671674934,0.946687897898232,100.994423938914,201.988847877828,0.201988847877828,0.000201988847877828,2.01988847877828e-07,0.00946236202196647,833482186425.965,833482186.425965,833.482186425965
"3A_B",36,0,"Konza4","Button","Smoke","CW/KOH",20240703,NA,"LL","1000x",NA,NA,"3A","K4_B",2,73.15,36.575,"26FF",1,3,0.036575,0,0,0,0,0,-3.30839033207595,0.0625,0,0,0,0,0,0,768.656601961873,459.23263138345,3992.1647178469,191.34987804878,211.6325,373.835,669.541890243902,495.425,3316.835,25.989417989418,26.6666666666667,29.4444444444444,22.7777777777778,23.3142857142857,23,21,26,5.04252004022786,5.19825988690415,6.08027508422063,4.25956384674497,52837.375,16384.0825,5154.3825,561.5225,104.9925,49.5,75501.24,75807.255,75857.54,75907.825,"Hazardous","High",100.047736041016,62.8247464,352.514205295751,4.160485768,195.685125629135,220.6158964,7.15892455454043,4.160485768,0.950072560421741,0.964770671674934,0.946687897898232,100.994423938914,201.988847877828,0.201988847877828,0.000201988847877828,2.01988847877828e-07,0.00946236202196647,0,0,0
"3A_B",37,1,"Konza4","Button","Smoke","CW/KOH",20240703,NA,"LL","1000x",NA,NA,"3A","K4_B",2,73.15,36.575,"26FF",1,3,0.036575,0,0,0,0,1,-3.30839033207595,0.0625,0.9375,7225,197539.302802461,6773.4375,185193.096377307,168354.106562873,768.656601961873,459.23263138345,3992.1647178469,191.34987804878,211.6325,373.835,669.541890243902,495.425,3316.835,25.989417989418,26.6666666666667,29.4444444444444,22.7777777777778,23.3142857142857,23,21,26,5.04252004022786,5.19825988690415,6.08027508422063,4.25956384674497,52837.375,16384.0825,5154.3825,561.5225,104.9925,49.5,75501.24,75807.255,75857.54,75907.825,"Hazardous","High",100.047736041016,62.8247464,352.514205295751,4.160485768,195.685125629135,220.6158964,7.15892455454043,4.160485768,0.950072560421741,0.964770671674934,0.946687897898232,100.994423938914,201.988847877828,0.201988847877828,0.000201988847877828,2.01988847877828e-07,0.00946236202196647,833482186425.965,833482186.425965,833.482186425965
"3A_B",38,0,"Konza4","Button","Smoke","CW/KOH",20240703,NA,"LL","1000x",NA,NA,"3A","K4_B",2,73.15,36.575,"26FF",1,3,0.036575,0,0,0,0,0,-3.30839033207595,0.0625,0,0,0,0,0,0,768.656601961873,459.23263138345,3992.1647178469,191.34987804878,211.6325,373.835,669.541890243902,495.425,3316.835,25.989417989418,26.6666666666667,29.4444444444444,22.7777777777778,23.3142857142857,23,21,26,5.04252004022786,5.19825988690415,6.08027508422063,4.25956384674497,52837.375,16384.0825,5154.3825,561.5225,104.9925,49.5,75501.24,75807.255,75857.54,75907.825,"Hazardous","High",100.047736041016,62.8247464,352.514205295751,4.160485768,195.685125629135,220.6158964,7.15892455454043,4.160485768,0.950072560421741,0.964770671674934,0.946687897898232,100.994423938914,201.988847877828,0.201988847877828,0.000201988847877828,2.01988847877828e-07,0.00946236202196647,0,0,0
"3A_B",39,0,"Konza4","Button","Smoke","CW/KOH",20240703,NA,"LL","1000x",NA,NA,"3A","K4_B",2,73.15,36.575,"26FF",1,3,0.036575,0,0,0,0,0,-3.30839033207595,0.0625,0,0,0,0,0,0,768.656601961873,459.23263138345,3992.1647178469,191.34987804878,211.6325,373.835,669.541890243902,495.425,3316.835,25.989417989418,26.6666666666667,29.4444444444444,22.7777777777778,23.3142857142857,23,21,26,5.04252004022786,5.19825988690415,6.08027508422063,4.25956384674497,52837.375,16384.0825,5154.3825,561.5225,104.9925,49.5,75501.24,75807.255,75857.54,75907.825,"Hazardous","High",100.047736041016,62.8247464,352.514205295751,4.160485768,195.685125629135,220.6158964,7.15892455454043,4.160485768,0.950072560421741,0.964770671674934,0.946687897898232,100.994423938914,201.988847877828,0.201988847877828,0.000201988847877828,2.01988847877828e-07,0.00946236202196647,0,0,0
"3A_B",40,0,"Konza4","Button","Smoke","CW/KOH",20240703,NA,"LL","1000x",NA,NA,"3A","K4_B",2,73.15,36.575,"26FF",1,3,0.036575,0,0,0,0,0,-3.30839033207595,0.0625,0,0,0,0,0,0,768.656601961873,459.23263138345,3992.1647178469,191.34987804878,211.6325,373.835,669.541890243902,495.425,3316.835,25.989417989418,26.6666666666667,29.4444444444444,22.7777777777778,23.3142857142857,23,21,26,5.04252004022786,5.19825988690415,6.08027508422063,4.25956384674497,52837.375,16384.0825,5154.3825,561.5225,104.9925,49.5,75501.24,75807.255,75857.54,75907.825,"Hazardous","High",100.047736041016,62.8247464,352.514205295751,4.160485768,195.685125629135,220.6158964,7.15892455454043,4.160485768,0.950072560421741,0.964770671674934,0.946687897898232,100.994423938914,201.988847877828,0.201988847877828,0.000201988847877828,2.01988847877828e-07,0.00946236202196647,0,0,0
"4A_B",1,2,"Konza4","Button","Smoke","CW/KOH",20240703,NA,"LL","1000x",NA,NA,"4A","K4_B",2,53.4,26.7,"25BF",1,4,0.0267,0,0,0,0,2,-3.62309171357593,0.0625,1.9375,14450,541198.501872659,13998.4375,524286.048689139,507447.058874705,244.172872456846,244.1118395425,592.6388621869,146.161379310345,155.0425,308.085,278.877155172414,303.425,578.415,20.7152777777778,20.5555555555556,22.2222222222222,12.2222222222222,27.6,28,26,29,4.32319476271773,4.25978414847026,4.61522109314314,2.62820125297068,37520.2,11152.425,2789.4,267.2825,57.7325,32.2,51892.025,52163.775,52217.575,52271.375,"Hazardous","Low",22.778470492887,20.238029895,81.0226656961431,0.768317888,44.1497946392527,72.56262205,1.32389368666259,0.768317888,0.963179902051019,0.978183544881587,0.368165561693298,23.1466360545803,46.2932721091607,0.0462932721091607,4.62932721091607e-05,4.62932721091607e-08,0.0161628745796722,10961572508379.5,10961572508.3795,10961.5725083795
"4A_B",2,2,"Konza4","Button","Smoke","CW/KOH",20240703,NA,"LL","1000x",NA,NA,"4A","K4_B",2,53.4,26.7,"25BF",1,4,0.0267,0,0,0,0,2,-3.62309171357593,0.0625,1.9375,14450,541198.501872659,13998.4375,524286.048689139,507447.058874705,244.172872456846,244.1118395425,592.6388621869,146.161379310345,155.0425,308.085,278.877155172414,303.425,578.415,20.7152777777778,20.5555555555556,22.2222222222222,12.2222222222222,27.6,28,26,29,4.32319476271773,4.25978414847026,4.61522109314314,2.62820125297068,37520.2,11152.425,2789.4,267.2825,57.7325,32.2,51892.025,52163.775,52217.575,52271.375,"Hazardous","Low",22.778470492887,20.238029895,81.0226656961431,0.768317888,44.1497946392527,72.56262205,1.32389368666259,0.768317888,0.963179902051019,0.978183544881587,0.368165561693298,23.1466360545803,46.2932721091607,0.0462932721091607,4.62932721091607e-05,4.62932721091607e-08,0.0161628745796722,10961572508379.5,10961572508.3795,10961.5725083795
"4A_B",3,0,"Konza4","Button","Smoke","CW/KOH",20240703,NA,"LL","1000x",NA,NA,"4A","K4_B",2,53.4,26.7,"25BF",1,4,0.0267,0,0,0,0,0,-3.62309171357593,0.0625,0,0,0,0,0,0,244.172872456846,244.1118395425,592.6388621869,146.161379310345,155.0425,308.085,278.877155172414,303.425,578.415,20.7152777777778,20.5555555555556,22.2222222222222,12.2222222222222,27.6,28,26,29,4.32319476271773,4.25978414847026,4.61522109314314,2.62820125297068,37520.2,11152.425,2789.4,267.2825,57.7325,32.2,51892.025,52163.775,52217.575,52271.375,"Hazardous","Low",22.778470492887,20.238029895,81.0226656961431,0.768317888,44.1497946392527,72.56262205,1.32389368666259,0.768317888,0.963179902051019,0.978183544881587,0.368165561693298,23.1466360545803,46.2932721091607,0.0462932721091607,4.62932721091607e-05,4.62932721091607e-08,0.0161628745796722,0,0,0
"4A_B",4,0,"Konza4","Button","Smoke","CW/KOH",20240703,NA,"LL","1000x",NA,NA,"4A","K4_B",2,53.4,26.7,"25BF",1,4,0.0267,0,0,0,0,0,-3.62309171357593,0.0625,0,0,0,0,0,0,244.172872456846,244.1118395425,592.6388621869,146.161379310345,155.0425,308.085,278.877155172414,303.425,578.415,20.7152777777778,20.5555555555556,22.2222222222222,12.2222222222222,27.6,28,26,29,4.32319476271773,4.25978414847026,4.61522109314314,2.62820125297068,37520.2,11152.425,2789.4,267.2825,57.7325,32.2,51892.025,52163.775,52217.575,52271.375,"Hazardous","Low",22.778470492887,20.238029895,81.0226656961431,0.768317888,44.1497946392527,72.56262205,1.32389368666259,0.768317888,0.963179902051019,0.978183544881587,0.368165561693298,23.1466360545803,46.2932721091607,0.0462932721091607,4.62932721091607e-05,4.62932721091607e-08,0.0161628745796722,0,0,0
"4A_B",5,0,"Konza4","Button","Smoke","CW/KOH",20240703,NA,"LL","1000x",NA,NA,"4A","K4_B",2,53.4,26.7,"25BF",1,4,0.0267,0,0,0,0,0,-3.62309171357593,0.0625,0,0,0,0,0,0,244.172872456846,244.1118395425,592.6388621869,146.161379310345,155.0425,308.085,278.877155172414,303.425,578.415,20.7152777777778,20.5555555555556,22.2222222222222,12.2222222222222,27.6,28,26,29,4.32319476271773,4.25978414847026,4.61522109314314,2.62820125297068,37520.2,11152.425,2789.4,267.2825,57.7325,32.2,51892.025,52163.775,52217.575,52271.375,"Hazardous","Low",22.778470492887,20.238029895,81.0226656961431,0.768317888,44.1497946392527,72.56262205,1.32389368666259,0.768317888,0.963179902051019,0.978183544881587,0.368165561693298,23.1466360545803,46.2932721091607,0.0462932721091607,4.62932721091607e-05,4.62932721091607e-08,0.0161628745796722,0,0,0
"4A_B",6,0,"Konza4","Button","Smoke","CW/KOH",20240703,NA,"LL","1000x",NA,NA,"4A","K4_B",2,53.4,26.7,"25BF",1,4,0.0267,0,0,0,0,0,-3.62309171357593,0.0625,0,0,0,0,0,0,244.172872456846,244.1118395425,592.6388621869,146.161379310345,155.0425,308.085,278.877155172414,303.425,578.415,20.7152777777778,20.5555555555556,22.2222222222222,12.2222222222222,27.6,28,26,29,4.32319476271773,4.25978414847026,4.61522109314314,2.62820125297068,37520.2,11152.425,2789.4,267.2825,57.7325,32.2,51892.025,52163.775,52217.575,52271.375,"Hazardous","Low",22.778470492887,20.238029895,81.0226656961431,0.768317888,44.1497946392527,72.56262205,1.32389368666259,0.768317888,0.963179902051019,0.978183544881587,0.368165561693298,23.1466360545803,46.2932721091607,0.0462932721091607,4.62932721091607e-05,4.62932721091607e-08,0.0161628745796722,0,0,0
"4A_B",7,0,"Konza4","Button","Smoke","CW/KOH",20240703,NA,"LL","1000x",NA,NA,"4A","K4_B",2,53.4,26.7,"25BF",1,4,0.0267,0,0,0,0,0,-3.62309171357593,0.0625,0,0,0,0,0,0,244.172872456846,244.1118395425,592.6388621869,146.161379310345,155.0425,308.085,278.877155172414,303.425,578.415,20.7152777777778,20.5555555555556,22.2222222222222,12.2222222222222,27.6,28,26,29,4.32319476271773,4.25978414847026,4.61522109314314,2.62820125297068,37520.2,11152.425,2789.4,267.2825,57.7325,32.2,51892.025,52163.775,52217.575,52271.375,"Hazardous","Low",22.778470492887,20.238029895,81.0226656961431,0.768317888,44.1497946392527,72.56262205,1.32389368666259,0.768317888,0.963179902051019,0.978183544881587,0.368165561693298,23.1466360545803,46.2932721091607,0.0462932721091607,4.62932721091607e-05,4.62932721091607e-08,0.0161628745796722,0,0,0
"4A_B",8,1,"Konza4","Button","Smoke","CW/KOH",20240703,NA,"LL","1000x",NA,NA,"4A","K4_B",2,53.4,26.7,"25BF",1,4,0.0267,0,0,0,0,1,-3.62309171357593,0.0625,0.9375,7225,270599.25093633,6773.4375,253686.797752809,236847.807938376,244.172872456846,244.1118395425,592.6388621869,146.161379310345,155.0425,308.085,278.877155172414,303.425,578.415,20.7152777777778,20.5555555555556,22.2222222222222,12.2222222222222,27.6,28,26,29,4.32319476271773,4.25978414847026,4.61522109314314,2.62820125297068,37520.2,11152.425,2789.4,267.2825,57.7325,32.2,51892.025,52163.775,52217.575,52271.375,"Hazardous","Low",22.778470492887,20.238029895,81.0226656961431,0.768317888,44.1497946392527,72.56262205,1.32389368666259,0.768317888,0.963179902051019,0.978183544881587,0.368165561693298,23.1466360545803,46.2932721091607,0.0462932721091607,4.62932721091607e-05,4.62932721091607e-08,0.0161628745796722,5116246857208.16,5116246857.20816,5116.24685720816
"4A_B",9,1,"Konza4","Button","Smoke","CW/KOH",20240703,NA,"LL","1000x",NA,NA,"4A","K4_B",2,53.4,26.7,"25BF",1,4,0.0267,0,0,0,0,1,-3.62309171357593,0.0625,0.9375,7225,270599.25093633,6773.4375,253686.797752809,236847.807938376,244.172872456846,244.1118395425,592.6388621869,146.161379310345,155.0425,308.085,278.877155172414,303.425,578.415,20.7152777777778,20.5555555555556,22.2222222222222,12.2222222222222,27.6,28,26,29,4.32319476271773,4.25978414847026,4.61522109314314,2.62820125297068,37520.2,11152.425,2789.4,267.2825,57.7325,32.2,51892.025,52163.775,52217.575,52271.375,"Hazardous","Low",22.778470492887,20.238029895,81.0226656961431,0.768317888,44.1497946392527,72.56262205,1.32389368666259,0.768317888,0.963179902051019,0.978183544881587,0.368165561693298,23.1466360545803,46.2932721091607,0.0462932721091607,4.62932721091607e-05,4.62932721091607e-08,0.0161628745796722,5116246857208.16,5116246857.20816,5116.24685720816
"4A_B",10,0,"Konza4","Button","Smoke","CW/KOH",20240703,NA,"LL","1000x",NA,NA,"4A","K4_B",2,53.4,26.7,"25BF",1,4,0.0267,0,0,0,0,0,-3.62309171357593,0.0625,0,0,0,0,0,0,244.172872456846,244.1118395425,592.6388621869,146.161379310345,155.0425,308.085,278.877155172414,303.425,578.415,20.7152777777778,20.5555555555556,22.2222222222222,12.2222222222222,27.6,28,26,29,4.32319476271773,4.25978414847026,4.61522109314314,2.62820125297068,37520.2,11152.425,2789.4,267.2825,57.7325,32.2,51892.025,52163.775,52217.575,52271.375,"Hazardous","Low",22.778470492887,20.238029895,81.0226656961431,0.768317888,44.1497946392527,72.56262205,1.32389368666259,0.768317888,0.963179902051019,0.978183544881587,0.368165561693298,23.1466360545803,46.2932721091607,0.0462932721091607,4.62932721091607e-05,4.62932721091607e-08,0.0161628745796722,0,0,0
"4A_B",11,0,"Konza4","Button","Smoke","CW/KOH",20240703,NA,"LL","1000x",NA,NA,"4A","K4_B",2,53.4,26.7,"25BF",1,4,0.0267,0,0,0,0,0,-3.62309171357593,0.0625,0,0,0,0,0,0,244.172872456846,244.1118395425,592.6388621869,146.161379310345,155.0425,308.085,278.877155172414,303.425,578.415,20.7152777777778,20.5555555555556,22.2222222222222,12.2222222222222,27.6,28,26,29,4.32319476271773,4.25978414847026,4.61522109314314,2.62820125297068,37520.2,11152.425,2789.4,267.2825,57.7325,32.2,51892.025,52163.775,52217.575,52271.375,"Hazardous","Low",22.778470492887,20.238029895,81.0226656961431,0.768317888,44.1497946392527,72.56262205,1.32389368666259,0.768317888,0.963179902051019,0.978183544881587,0.368165561693298,23.1466360545803,46.2932721091607,0.0462932721091607,4.62932721091607e-05,4.62932721091607e-08,0.0161628745796722,0,0,0
"4A_B",12,1,"Konza4","Button","Smoke","CW/KOH",20240703,NA,"LL","1000x",NA,NA,"4A","K4_B",2,53.4,26.7,"25BF",1,4,0.0267,0,0,0,0,1,-3.62309171357593,0.0625,0.9375,7225,270599.25093633,6773.4375,253686.797752809,236847.807938376,244.172872456846,244.1118395425,592.6388621869,146.161379310345,155.0425,308.085,278.877155172414,303.425,578.415,20.7152777777778,20.5555555555556,22.2222222222222,12.2222222222222,27.6,28,26,29,4.32319476271773,4.25978414847026,4.61522109314314,2.62820125297068,37520.2,11152.425,2789.4,267.2825,57.7325,32.2,51892.025,52163.775,52217.575,52271.375,"Hazardous","Low",22.778470492887,20.238029895,81.0226656961431,0.768317888,44.1497946392527,72.56262205,1.32389368666259,0.768317888,0.963179902051019,0.978183544881587,0.368165561693298,23.1466360545803,46.2932721091607,0.0462932721091607,4.62932721091607e-05,4.62932721091607e-08,0.0161628745796722,5116246857208.16,5116246857.20816,5116.24685720816
"4A_B",13,0,"Konza4","Button","Smoke","CW/KOH",20240703,NA,"LL","1000x",NA,NA,"4A","K4_B",2,53.4,26.7,"25BF",1,4,0.0267,0,0,0,0,0,-3.62309171357593,0.0625,0,0,0,0,0,0,244.172872456846,244.1118395425,592.6388621869,146.161379310345,155.0425,308.085,278.877155172414,303.425,578.415,20.7152777777778,20.5555555555556,22.2222222222222,12.2222222222222,27.6,28,26,29,4.32319476271773,4.25978414847026,4.61522109314314,2.62820125297068,37520.2,11152.425,2789.4,267.2825,57.7325,32.2,51892.025,52163.775,52217.575,52271.375,"Hazardous","Low",22.778470492887,20.238029895,81.0226656961431,0.768317888,44.1497946392527,72.56262205,1.32389368666259,0.768317888,0.963179902051019,0.978183544881587,0.368165561693298,23.1466360545803,46.2932721091607,0.0462932721091607,4.62932721091607e-05,4.62932721091607e-08,0.0161628745796722,0,0,0
"4A_B",14,0,"Konza4","Button","Smoke","CW/KOH",20240703,NA,"LL","1000x",NA,NA,"4A","K4_B",2,53.4,26.7,"25BF",1,4,0.0267,0,0,0,0,0,-3.62309171357593,0.0625,0,0,0,0,0,0,244.172872456846,244.1118395425,592.6388621869,146.161379310345,155.0425,308.085,278.877155172414,303.425,578.415,20.7152777777778,20.5555555555556,22.2222222222222,12.2222222222222,27.6,28,26,29,4.32319476271773,4.25978414847026,4.61522109314314,2.62820125297068,37520.2,11152.425,2789.4,267.2825,57.7325,32.2,51892.025,52163.775,52217.575,52271.375,"Hazardous","Low",22.778470492887,20.238029895,81.0226656961431,0.768317888,44.1497946392527,72.56262205,1.32389368666259,0.768317888,0.963179902051019,0.978183544881587,0.368165561693298,23.1466360545803,46.2932721091607,0.0462932721091607,4.62932721091607e-05,4.62932721091607e-08,0.0161628745796722,0,0,0
"4A_B",15,1,"Konza4","Button","Smoke","CW/KOH",20240703,NA,"LL","1000x",NA,NA,"4A","K4_B",2,53.4,26.7,"25BF",1,4,0.0267,0,0,0,0,1,-3.62309171357593,0.0625,0.9375,7225,270599.25093633,6773.4375,253686.797752809,236847.807938376,244.172872456846,244.1118395425,592.6388621869,146.161379310345,155.0425,308.085,278.877155172414,303.425,578.415,20.7152777777778,20.5555555555556,22.2222222222222,12.2222222222222,27.6,28,26,29,4.32319476271773,4.25978414847026,4.61522109314314,2.62820125297068,37520.2,11152.425,2789.4,267.2825,57.7325,32.2,51892.025,52163.775,52217.575,52271.375,"Hazardous","Low",22.778470492887,20.238029895,81.0226656961431,0.768317888,44.1497946392527,72.56262205,1.32389368666259,0.768317888,0.963179902051019,0.978183544881587,0.368165561693298,23.1466360545803,46.2932721091607,0.0462932721091607,4.62932721091607e-05,4.62932721091607e-08,0.0161628745796722,5116246857208.16,5116246857.20816,5116.24685720816
"4A_B",16,0,"Konza4","Button","Smoke","CW/KOH",20240703,NA,"LL","1000x",NA,NA,"4A","K4_B",2,53.4,26.7,"25BF",1,4,0.0267,0,0,0,0,0,-3.62309171357593,0.0625,0,0,0,0,0,0,244.172872456846,244.1118395425,592.6388621869,146.161379310345,155.0425,308.085,278.877155172414,303.425,578.415,20.7152777777778,20.5555555555556,22.2222222222222,12.2222222222222,27.6,28,26,29,4.32319476271773,4.25978414847026,4.61522109314314,2.62820125297068,37520.2,11152.425,2789.4,267.2825,57.7325,32.2,51892.025,52163.775,52217.575,52271.375,"Hazardous","Low",22.778470492887,20.238029895,81.0226656961431,0.768317888,44.1497946392527,72.56262205,1.32389368666259,0.768317888,0.963179902051019,0.978183544881587,0.368165561693298,23.1466360545803,46.2932721091607,0.0462932721091607,4.62932721091607e-05,4.62932721091607e-08,0.0161628745796722,0,0,0
"4A_B",17,0,"Konza4","Button","Smoke","CW/KOH",20240703,NA,"LL","1000x",NA,NA,"4A","K4_B",2,53.4,26.7,"25BF",1,4,0.0267,0,0,0,0,0,-3.62309171357593,0.0625,0,0,0,0,0,0,244.172872456846,244.1118395425,592.6388621869,146.161379310345,155.0425,308.085,278.877155172414,303.425,578.415,20.7152777777778,20.5555555555556,22.2222222222222,12.2222222222222,27.6,28,26,29,4.32319476271773,4.25978414847026,4.61522109314314,2.62820125297068,37520.2,11152.425,2789.4,267.2825,57.7325,32.2,51892.025,52163.775,52217.575,52271.375,"Hazardous","Low",22.778470492887,20.238029895,81.0226656961431,0.768317888,44.1497946392527,72.56262205,1.32389368666259,0.768317888,0.963179902051019,0.978183544881587,0.368165561693298,23.1466360545803,46.2932721091607,0.0462932721091607,4.62932721091607e-05,4.62932721091607e-08,0.0161628745796722,0,0,0
"4A_B",18,1,"Konza4","Button","Smoke","CW/KOH",20240703,NA,"LL","1000x",NA,NA,"4A","K4_B",2,53.4,26.7,"25BF",1,4,0.0267,0,0,0,0,1,-3.62309171357593,0.0625,0.9375,7225,270599.25093633,6773.4375,253686.797752809,236847.807938376,244.172872456846,244.1118395425,592.6388621869,146.161379310345,155.0425,308.085,278.877155172414,303.425,578.415,20.7152777777778,20.5555555555556,22.2222222222222,12.2222222222222,27.6,28,26,29,4.32319476271773,4.25978414847026,4.61522109314314,2.62820125297068,37520.2,11152.425,2789.4,267.2825,57.7325,32.2,51892.025,52163.775,52217.575,52271.375,"Hazardous","Low",22.778470492887,20.238029895,81.0226656961431,0.768317888,44.1497946392527,72.56262205,1.32389368666259,0.768317888,0.963179902051019,0.978183544881587,0.368165561693298,23.1466360545803,46.2932721091607,0.0462932721091607,4.62932721091607e-05,4.62932721091607e-08,0.0161628745796722,5116246857208.16,5116246857.20816,5116.24685720816
"4A_B",19,0,"Konza4","Button","Smoke","CW/KOH",20240703,NA,"LL","1000x",NA,NA,"4A","K4_B",2,53.4,26.7,"25BF",1,4,0.0267,0,0,0,0,0,-3.62309171357593,0.0625,0,0,0,0,0,0,244.172872456846,244.1118395425,592.6388621869,146.161379310345,155.0425,308.085,278.877155172414,303.425,578.415,20.7152777777778,20.5555555555556,22.2222222222222,12.2222222222222,27.6,28,26,29,4.32319476271773,4.25978414847026,4.61522109314314,2.62820125297068,37520.2,11152.425,2789.4,267.2825,57.7325,32.2,51892.025,52163.775,52217.575,52271.375,"Hazardous","Low",22.778470492887,20.238029895,81.0226656961431,0.768317888,44.1497946392527,72.56262205,1.32389368666259,0.768317888,0.963179902051019,0.978183544881587,0.368165561693298,23.1466360545803,46.2932721091607,0.0462932721091607,4.62932721091607e-05,4.62932721091607e-08,0.0161628745796722,0,0,0
"4A_B",20,0,"Konza4","Button","Smoke","CW/KOH",20240703,NA,"LL","1000x",NA,NA,"4A","K4_B",2,53.4,26.7,"25BF",1,4,0.0267,0,0,0,0,0,-3.62309171357593,0.0625,0,0,0,0,0,0,244.172872456846,244.1118395425,592.6388621869,146.161379310345,155.0425,308.085,278.877155172414,303.425,578.415,20.7152777777778,20.5555555555556,22.2222222222222,12.2222222222222,27.6,28,26,29,4.32319476271773,4.25978414847026,4.61522109314314,2.62820125297068,37520.2,11152.425,2789.4,267.2825,57.7325,32.2,51892.025,52163.775,52217.575,52271.375,"Hazardous","Low",22.778470492887,20.238029895,81.0226656961431,0.768317888,44.1497946392527,72.56262205,1.32389368666259,0.768317888,0.963179902051019,0.978183544881587,0.368165561693298,23.1466360545803,46.2932721091607,0.0462932721091607,4.62932721091607e-05,4.62932721091607e-08,0.0161628745796722,0,0,0
"4A_B",21,0,"Konza4","Button","Smoke","CW/KOH",20240703,NA,"LL","1000x",NA,NA,"4A","K4_B",2,53.4,26.7,"25BF",1,4,0.0267,0,0,0,0,0,-3.62309171357593,0.0625,0,0,0,0,0,0,244.172872456846,244.1118395425,592.6388621869,146.161379310345,155.0425,308.085,278.877155172414,303.425,578.415,20.7152777777778,20.5555555555556,22.2222222222222,12.2222222222222,27.6,28,26,29,4.32319476271773,4.25978414847026,4.61522109314314,2.62820125297068,37520.2,11152.425,2789.4,267.2825,57.7325,32.2,51892.025,52163.775,52217.575,52271.375,"Hazardous","Low",22.778470492887,20.238029895,81.0226656961431,0.768317888,44.1497946392527,72.56262205,1.32389368666259,0.768317888,0.963179902051019,0.978183544881587,0.368165561693298,23.1466360545803,46.2932721091607,0.0462932721091607,4.62932721091607e-05,4.62932721091607e-08,0.0161628745796722,0,0,0
"4A_B",22,0,"Konza4","Button","Smoke","CW/KOH",20240703,NA,"LL","1000x",NA,NA,"4A","K4_B",2,53.4,26.7,"25BF",1,4,0.0267,0,0,0,0,0,-3.62309171357593,0.0625,0,0,0,0,0,0,244.172872456846,244.1118395425,592.6388621869,146.161379310345,155.0425,308.085,278.877155172414,303.425,578.415,20.7152777777778,20.5555555555556,22.2222222222222,12.2222222222222,27.6,28,26,29,4.32319476271773,4.25978414847026,4.61522109314314,2.62820125297068,37520.2,11152.425,2789.4,267.2825,57.7325,32.2,51892.025,52163.775,52217.575,52271.375,"Hazardous","Low",22.778470492887,20.238029895,81.0226656961431,0.768317888,44.1497946392527,72.56262205,1.32389368666259,0.768317888,0.963179902051019,0.978183544881587,0.368165561693298,23.1466360545803,46.2932721091607,0.0462932721091607,4.62932721091607e-05,4.62932721091607e-08,0.0161628745796722,0,0,0
"4A_B",23,0,"Konza4","Button","Smoke","CW/KOH",20240703,NA,"LL","1000x",NA,NA,"4A","K4_B",2,53.4,26.7,"25BF",1,4,0.0267,0,0,0,0,0,-3.62309171357593,0.0625,0,0,0,0,0,0,244.172872456846,244.1118395425,592.6388621869,146.161379310345,155.0425,308.085,278.877155172414,303.425,578.415,20.7152777777778,20.5555555555556,22.2222222222222,12.2222222222222,27.6,28,26,29,4.32319476271773,4.25978414847026,4.61522109314314,2.62820125297068,37520.2,11152.425,2789.4,267.2825,57.7325,32.2,51892.025,52163.775,52217.575,52271.375,"Hazardous","Low",22.778470492887,20.238029895,81.0226656961431,0.768317888,44.1497946392527,72.56262205,1.32389368666259,0.768317888,0.963179902051019,0.978183544881587,0.368165561693298,23.1466360545803,46.2932721091607,0.0462932721091607,4.62932721091607e-05,4.62932721091607e-08,0.0161628745796722,0,0,0
"4A_B",24,0,"Konza4","Button","Smoke","CW/KOH",20240703,NA,"LL","1000x",NA,NA,"4A","K4_B",2,53.4,26.7,"25BF",1,4,0.0267,0,0,0,0,0,-3.62309171357593,0.0625,0,0,0,0,0,0,244.172872456846,244.1118395425,592.6388621869,146.161379310345,155.0425,308.085,278.877155172414,303.425,578.415,20.7152777777778,20.5555555555556,22.2222222222222,12.2222222222222,27.6,28,26,29,4.32319476271773,4.25978414847026,4.61522109314314,2.62820125297068,37520.2,11152.425,2789.4,267.2825,57.7325,32.2,51892.025,52163.775,52217.575,52271.375,"Hazardous","Low",22.778470492887,20.238029895,81.0226656961431,0.768317888,44.1497946392527,72.56262205,1.32389368666259,0.768317888,0.963179902051019,0.978183544881587,0.368165561693298,23.1466360545803,46.2932721091607,0.0462932721091607,4.62932721091607e-05,4.62932721091607e-08,0.0161628745796722,0,0,0
"4A_B",25,0,"Konza4","Button","Smoke","CW/KOH",20240703,NA,"LL","1000x",NA,NA,"4A","K4_B",2,53.4,26.7,"25BF",1,4,0.0267,0,0,0,0,0,-3.62309171357593,0.0625,0,0,0,0,0,0,244.172872456846,244.1118395425,592.6388621869,146.161379310345,155.0425,308.085,278.877155172414,303.425,578.415,20.7152777777778,20.5555555555556,22.2222222222222,12.2222222222222,27.6,28,26,29,4.32319476271773,4.25978414847026,4.61522109314314,2.62820125297068,37520.2,11152.425,2789.4,267.2825,57.7325,32.2,51892.025,52163.775,52217.575,52271.375,"Hazardous","Low",22.778470492887,20.238029895,81.0226656961431,0.768317888,44.1497946392527,72.56262205,1.32389368666259,0.768317888,0.963179902051019,0.978183544881587,0.368165561693298,23.1466360545803,46.2932721091607,0.0462932721091607,4.62932721091607e-05,4.62932721091607e-08,0.0161628745796722,0,0,0
"4A_B",26,0,"Konza4","Button","Smoke","CW/KOH",20240703,NA,"LL","1000x",NA,NA,"4A","K4_B",2,53.4,26.7,"25BF",1,4,0.0267,0,0,0,0,0,-3.62309171357593,0.0625,0,0,0,0,0,0,244.172872456846,244.1118395425,592.6388621869,146.161379310345,155.0425,308.085,278.877155172414,303.425,578.415,20.7152777777778,20.5555555555556,22.2222222222222,12.2222222222222,27.6,28,26,29,4.32319476271773,4.25978414847026,4.61522109314314,2.62820125297068,37520.2,11152.425,2789.4,267.2825,57.7325,32.2,51892.025,52163.775,52217.575,52271.375,"Hazardous","Low",22.778470492887,20.238029895,81.0226656961431,0.768317888,44.1497946392527,72.56262205,1.32389368666259,0.768317888,0.963179902051019,0.978183544881587,0.368165561693298,23.1466360545803,46.2932721091607,0.0462932721091607,4.62932721091607e-05,4.62932721091607e-08,0.0161628745796722,0,0,0
"4A_B",27,0,"Konza4","Button","Smoke","CW/KOH",20240703,NA,"LL","1000x",NA,NA,"4A","K4_B",2,53.4,26.7,"25BF",1,4,0.0267,0,0,0,0,0,-3.62309171357593,0.0625,0,0,0,0,0,0,244.172872456846,244.1118395425,592.6388621869,146.161379310345,155.0425,308.085,278.877155172414,303.425,578.415,20.7152777777778,20.5555555555556,22.2222222222222,12.2222222222222,27.6,28,26,29,4.32319476271773,4.25978414847026,4.61522109314314,2.62820125297068,37520.2,11152.425,2789.4,267.2825,57.7325,32.2,51892.025,52163.775,52217.575,52271.375,"Hazardous","Low",22.778470492887,20.238029895,81.0226656961431,0.768317888,44.1497946392527,72.56262205,1.32389368666259,0.768317888,0.963179902051019,0.978183544881587,0.368165561693298,23.1466360545803,46.2932721091607,0.0462932721091607,4.62932721091607e-05,4.62932721091607e-08,0.0161628745796722,0,0,0
"4A_B",28,0,"Konza4","Button","Smoke","CW/KOH",20240703,NA,"LL","1000x",NA,NA,"4A","K4_B",2,53.4,26.7,"25BF",1,4,0.0267,0,0,0,0,0,-3.62309171357593,0.0625,0,0,0,0,0,0,244.172872456846,244.1118395425,592.6388621869,146.161379310345,155.0425,308.085,278.877155172414,303.425,578.415,20.7152777777778,20.5555555555556,22.2222222222222,12.2222222222222,27.6,28,26,29,4.32319476271773,4.25978414847026,4.61522109314314,2.62820125297068,37520.2,11152.425,2789.4,267.2825,57.7325,32.2,51892.025,52163.775,52217.575,52271.375,"Hazardous","Low",22.778470492887,20.238029895,81.0226656961431,0.768317888,44.1497946392527,72.56262205,1.32389368666259,0.768317888,0.963179902051019,0.978183544881587,0.368165561693298,23.1466360545803,46.2932721091607,0.0462932721091607,4.62932721091607e-05,4.62932721091607e-08,0.0161628745796722,0,0,0
"4A_B",29,0,"Konza4","Button","Smoke","CW/KOH",20240703,NA,"LL","1000x",NA,NA,"4A","K4_B",2,53.4,26.7,"25BF",1,4,0.0267,0,0,0,0,0,-3.62309171357593,0.0625,0,0,0,0,0,0,244.172872456846,244.1118395425,592.6388621869,146.161379310345,155.0425,308.085,278.877155172414,303.425,578.415,20.7152777777778,20.5555555555556,22.2222222222222,12.2222222222222,27.6,28,26,29,4.32319476271773,4.25978414847026,4.61522109314314,2.62820125297068,37520.2,11152.425,2789.4,267.2825,57.7325,32.2,51892.025,52163.775,52217.575,52271.375,"Hazardous","Low",22.778470492887,20.238029895,81.0226656961431,0.768317888,44.1497946392527,72.56262205,1.32389368666259,0.768317888,0.963179902051019,0.978183544881587,0.368165561693298,23.1466360545803,46.2932721091607,0.0462932721091607,4.62932721091607e-05,4.62932721091607e-08,0.0161628745796722,0,0,0
"4A_B",30,0,"Konza4","Button","Smoke","CW/KOH",20240703,NA,"LL","1000x",NA,NA,"4A","K4_B",2,53.4,26.7,"25BF",1,4,0.0267,0,0,0,0,0,-3.62309171357593,0.0625,0,0,0,0,0,0,244.172872456846,244.1118395425,592.6388621869,146.161379310345,155.0425,308.085,278.877155172414,303.425,578.415,20.7152777777778,20.5555555555556,22.2222222222222,12.2222222222222,27.6,28,26,29,4.32319476271773,4.25978414847026,4.61522109314314,2.62820125297068,37520.2,11152.425,2789.4,267.2825,57.7325,32.2,51892.025,52163.775,52217.575,52271.375,"Hazardous","Low",22.778470492887,20.238029895,81.0226656961431,0.768317888,44.1497946392527,72.56262205,1.32389368666259,0.768317888,0.963179902051019,0.978183544881587,0.368165561693298,23.1466360545803,46.2932721091607,0.0462932721091607,4.62932721091607e-05,4.62932721091607e-08,0.0161628745796722,0,0,0
"4A_B",31,1,"Konza4","Button","Smoke","CW/KOH",20240703,NA,"LL","1000x",NA,NA,"4A","K4_B",2,53.4,26.7,"25BF",1,4,0.0267,0,0,0,0,1,-3.62309171357593,0.0625,0.9375,7225,270599.25093633,6773.4375,253686.797752809,236847.807938376,244.172872456846,244.1118395425,592.6388621869,146.161379310345,155.0425,308.085,278.877155172414,303.425,578.415,20.7152777777778,20.5555555555556,22.2222222222222,12.2222222222222,27.6,28,26,29,4.32319476271773,4.25978414847026,4.61522109314314,2.62820125297068,37520.2,11152.425,2789.4,267.2825,57.7325,32.2,51892.025,52163.775,52217.575,52271.375,"Hazardous","Low",22.778470492887,20.238029895,81.0226656961431,0.768317888,44.1497946392527,72.56262205,1.32389368666259,0.768317888,0.963179902051019,0.978183544881587,0.368165561693298,23.1466360545803,46.2932721091607,0.0462932721091607,4.62932721091607e-05,4.62932721091607e-08,0.0161628745796722,5116246857208.16,5116246857.20816,5116.24685720816
"4A_B",32,0,"Konza4","Button","Smoke","CW/KOH",20240703,NA,"LL","1000x",NA,NA,"4A","K4_B",2,53.4,26.7,"25BF",1,4,0.0267,0,0,0,0,0,-3.62309171357593,0.0625,0,0,0,0,0,0,244.172872456846,244.1118395425,592.6388621869,146.161379310345,155.0425,308.085,278.877155172414,303.425,578.415,20.7152777777778,20.5555555555556,22.2222222222222,12.2222222222222,27.6,28,26,29,4.32319476271773,4.25978414847026,4.61522109314314,2.62820125297068,37520.2,11152.425,2789.4,267.2825,57.7325,32.2,51892.025,52163.775,52217.575,52271.375,"Hazardous","Low",22.778470492887,20.238029895,81.0226656961431,0.768317888,44.1497946392527,72.56262205,1.32389368666259,0.768317888,0.963179902051019,0.978183544881587,0.368165561693298,23.1466360545803,46.2932721091607,0.0462932721091607,4.62932721091607e-05,4.62932721091607e-08,0.0161628745796722,0,0,0
"4A_B",33,0,"Konza4","Button","Smoke","CW/KOH",20240703,NA,"LL","1000x",NA,NA,"4A","K4_B",2,53.4,26.7,"25BF",1,4,0.0267,0,0,0,0,0,-3.62309171357593,0.0625,0,0,0,0,0,0,244.172872456846,244.1118395425,592.6388621869,146.161379310345,155.0425,308.085,278.877155172414,303.425,578.415,20.7152777777778,20.5555555555556,22.2222222222222,12.2222222222222,27.6,28,26,29,4.32319476271773,4.25978414847026,4.61522109314314,2.62820125297068,37520.2,11152.425,2789.4,267.2825,57.7325,32.2,51892.025,52163.775,52217.575,52271.375,"Hazardous","Low",22.778470492887,20.238029895,81.0226656961431,0.768317888,44.1497946392527,72.56262205,1.32389368666259,0.768317888,0.963179902051019,0.978183544881587,0.368165561693298,23.1466360545803,46.2932721091607,0.0462932721091607,4.62932721091607e-05,4.62932721091607e-08,0.0161628745796722,0,0,0
"4A_B",34,0,"Konza4","Button","Smoke","CW/KOH",20240703,NA,"LL","1000x",NA,NA,"4A","K4_B",2,53.4,26.7,"25BF",1,4,0.0267,0,0,0,0,0,-3.62309171357593,0.0625,0,0,0,0,0,0,244.172872456846,244.1118395425,592.6388621869,146.161379310345,155.0425,308.085,278.877155172414,303.425,578.415,20.7152777777778,20.5555555555556,22.2222222222222,12.2222222222222,27.6,28,26,29,4.32319476271773,4.25978414847026,4.61522109314314,2.62820125297068,37520.2,11152.425,2789.4,267.2825,57.7325,32.2,51892.025,52163.775,52217.575,52271.375,"Hazardous","Low",22.778470492887,20.238029895,81.0226656961431,0.768317888,44.1497946392527,72.56262205,1.32389368666259,0.768317888,0.963179902051019,0.978183544881587,0.368165561693298,23.1466360545803,46.2932721091607,0.0462932721091607,4.62932721091607e-05,4.62932721091607e-08,0.0161628745796722,0,0,0
"4A_B",35,0,"Konza4","Button","Smoke","CW/KOH",20240703,NA,"LL","1000x",NA,NA,"4A","K4_B",2,53.4,26.7,"25BF",1,4,0.0267,0,0,0,0,0,-3.62309171357593,0.0625,0,0,0,0,0,0,244.172872456846,244.1118395425,592.6388621869,146.161379310345,155.0425,308.085,278.877155172414,303.425,578.415,20.7152777777778,20.5555555555556,22.2222222222222,12.2222222222222,27.6,28,26,29,4.32319476271773,4.25978414847026,4.61522109314314,2.62820125297068,37520.2,11152.425,2789.4,267.2825,57.7325,32.2,51892.025,52163.775,52217.575,52271.375,"Hazardous","Low",22.778470492887,20.238029895,81.0226656961431,0.768317888,44.1497946392527,72.56262205,1.32389368666259,0.768317888,0.963179902051019,0.978183544881587,0.368165561693298,23.1466360545803,46.2932721091607,0.0462932721091607,4.62932721091607e-05,4.62932721091607e-08,0.0161628745796722,0,0,0
"4A_B",36,0,"Konza4","Button","Smoke","CW/KOH",20240703,NA,"LL","1000x",NA,NA,"4A","K4_B",2,53.4,26.7,"25BF",1,4,0.0267,0,0,0,0,0,-3.62309171357593,0.0625,0,0,0,0,0,0,244.172872456846,244.1118395425,592.6388621869,146.161379310345,155.0425,308.085,278.877155172414,303.425,578.415,20.7152777777778,20.5555555555556,22.2222222222222,12.2222222222222,27.6,28,26,29,4.32319476271773,4.25978414847026,4.61522109314314,2.62820125297068,37520.2,11152.425,2789.4,267.2825,57.7325,32.2,51892.025,52163.775,52217.575,52271.375,"Hazardous","Low",22.778470492887,20.238029895,81.0226656961431,0.768317888,44.1497946392527,72.56262205,1.32389368666259,0.768317888,0.963179902051019,0.978183544881587,0.368165561693298,23.1466360545803,46.2932721091607,0.0462932721091607,4.62932721091607e-05,4.62932721091607e-08,0.0161628745796722,0,0,0
"4A_B",37,0,"Konza4","Button","Smoke","CW/KOH",20240703,NA,"LL","1000x",NA,NA,"4A","K4_B",2,53.4,26.7,"25BF",1,4,0.0267,0,0,0,0,0,-3.62309171357593,0.0625,0,0,0,0,0,0,244.172872456846,244.1118395425,592.6388621869,146.161379310345,155.0425,308.085,278.877155172414,303.425,578.415,20.7152777777778,20.5555555555556,22.2222222222222,12.2222222222222,27.6,28,26,29,4.32319476271773,4.25978414847026,4.61522109314314,2.62820125297068,37520.2,11152.425,2789.4,267.2825,57.7325,32.2,51892.025,52163.775,52217.575,52271.375,"Hazardous","Low",22.778470492887,20.238029895,81.0226656961431,0.768317888,44.1497946392527,72.56262205,1.32389368666259,0.768317888,0.963179902051019,0.978183544881587,0.368165561693298,23.1466360545803,46.2932721091607,0.0462932721091607,4.62932721091607e-05,4.62932721091607e-08,0.0161628745796722,0,0,0
"4A_B",38,0,"Konza4","Button","Smoke","CW/KOH",20240703,NA,"LL","1000x",NA,NA,"4A","K4_B",2,53.4,26.7,"25BF",1,4,0.0267,0,0,0,0,0,-3.62309171357593,0.0625,0,0,0,0,0,0,244.172872456846,244.1118395425,592.6388621869,146.161379310345,155.0425,308.085,278.877155172414,303.425,578.415,20.7152777777778,20.5555555555556,22.2222222222222,12.2222222222222,27.6,28,26,29,4.32319476271773,4.25978414847026,4.61522109314314,2.62820125297068,37520.2,11152.425,2789.4,267.2825,57.7325,32.2,51892.025,52163.775,52217.575,52271.375,"Hazardous","Low",22.778470492887,20.238029895,81.0226656961431,0.768317888,44.1497946392527,72.56262205,1.32389368666259,0.768317888,0.963179902051019,0.978183544881587,0.368165561693298,23.1466360545803,46.2932721091607,0.0462932721091607,4.62932721091607e-05,4.62932721091607e-08,0.0161628745796722,0,0,0
"4A_B",39,0,"Konza4","Button","Smoke","CW/KOH",20240703,NA,"LL","1000x",NA,NA,"4A","K4_B",2,53.4,26.7,"25BF",1,4,0.0267,0,0,0,0,0,-3.62309171357593,0.0625,0,0,0,0,0,0,244.172872456846,244.1118395425,592.6388621869,146.161379310345,155.0425,308.085,278.877155172414,303.425,578.415,20.7152777777778,20.5555555555556,22.2222222222222,12.2222222222222,27.6,28,26,29,4.32319476271773,4.25978414847026,4.61522109314314,2.62820125297068,37520.2,11152.425,2789.4,267.2825,57.7325,32.2,51892.025,52163.775,52217.575,52271.375,"Hazardous","Low",22.778470492887,20.238029895,81.0226656961431,0.768317888,44.1497946392527,72.56262205,1.32389368666259,0.768317888,0.963179902051019,0.978183544881587,0.368165561693298,23.1466360545803,46.2932721091607,0.0462932721091607,4.62932721091607e-05,4.62932721091607e-08,0.0161628745796722,0,0,0
"4A_B",40,0,"Konza4","Button","Smoke","CW/KOH",20240703,NA,"LL","1000x",NA,NA,"4A","K4_B",2,53.4,26.7,"25BF",1,4,0.0267,0,0,0,0,0,-3.62309171357593,0.0625,0,0,0,0,0,0,244.172872456846,244.1118395425,592.6388621869,146.161379310345,155.0425,308.085,278.877155172414,303.425,578.415,20.7152777777778,20.5555555555556,22.2222222222222,12.2222222222222,27.6,28,26,29,4.32319476271773,4.25978414847026,4.61522109314314,2.62820125297068,37520.2,11152.425,2789.4,267.2825,57.7325,32.2,51892.025,52163.775,52217.575,52271.375,"Hazardous","Low",22.778470492887,20.238029895,81.0226656961431,0.768317888,44.1497946392527,72.56262205,1.32389368666259,0.768317888,0.963179902051019,0.978183544881587,0.368165561693298,23.1466360545803,46.2932721091607,0.0462932721091607,4.62932721091607e-05,4.62932721091607e-08,0.0161628745796722,0,0,0
"5A_B",1,0,"Konza4","Button","Smoke","CW/KOH",20240704,NA,"LL","1000x",NA,NA,"5A","K4_B",2,45.3,22.65,"25RF",1,5,0.02265,0,0,0,0,0,-3.78759542705309,0.0625,0,0,0,0,0,0,939.199430066663,919.8586183237,2740.7832445669,234.294722222222,255.0475,379.085,830.020833333333,843.7125,1963.75,20.475040257649,20.5555555555556,21.1111111111111,16.6666666666667,29.304347826087,29,28,31,4.53428195985524,4.61904543870654,4.80771184624636,3.64387568241215,61412.2,20185.7325,9570.2675,1222.45,269.825,177.915,91406.4575,92452.7825,92705.475,92958.1675,"Hazardous","High",6.51392451083768,4.9776328815,305.705285688116,4.9776328815,166.720939850648,287.4314914,5.58312155572494,4.9776328815,0.969010080743074,0.973148837349764,1.24005351911903,7.75397802995671,15.5079560599134,0.0155079560599134,1.55079560599134e-05,1.55079560599134e-08,0.190369648444017,0,0,0
"5A_B",2,0,"Konza4","Button","Smoke","CW/KOH",20240704,NA,"LL","1000x",NA,NA,"5A","K4_B",2,45.3,22.65,"25RF",1,5,0.02265,0,0,0,0,0,-3.78759542705309,0.0625,0,0,0,0,0,0,939.199430066663,919.8586183237,2740.7832445669,234.294722222222,255.0475,379.085,830.020833333333,843.7125,1963.75,20.475040257649,20.5555555555556,21.1111111111111,16.6666666666667,29.304347826087,29,28,31,4.53428195985524,4.61904543870654,4.80771184624636,3.64387568241215,61412.2,20185.7325,9570.2675,1222.45,269.825,177.915,91406.4575,92452.7825,92705.475,92958.1675,"Hazardous","High",6.51392451083768,4.9776328815,305.705285688116,4.9776328815,166.720939850648,287.4314914,5.58312155572494,4.9776328815,0.969010080743074,0.973148837349764,1.24005351911903,7.75397802995671,15.5079560599134,0.0155079560599134,1.55079560599134e-05,1.55079560599134e-08,0.190369648444017,0,0,0
"5A_B",3,0,"Konza4","Button","Smoke","CW/KOH",20240704,NA,"LL","1000x",NA,NA,"5A","K4_B",2,45.3,22.65,"25RF",1,5,0.02265,0,0,0,0,0,-3.78759542705309,0.0625,0,0,0,0,0,0,939.199430066663,919.8586183237,2740.7832445669,234.294722222222,255.0475,379.085,830.020833333333,843.7125,1963.75,20.475040257649,20.5555555555556,21.1111111111111,16.6666666666667,29.304347826087,29,28,31,4.53428195985524,4.61904543870654,4.80771184624636,3.64387568241215,61412.2,20185.7325,9570.2675,1222.45,269.825,177.915,91406.4575,92452.7825,92705.475,92958.1675,"Hazardous","High",6.51392451083768,4.9776328815,305.705285688116,4.9776328815,166.720939850648,287.4314914,5.58312155572494,4.9776328815,0.969010080743074,0.973148837349764,1.24005351911903,7.75397802995671,15.5079560599134,0.0155079560599134,1.55079560599134e-05,1.55079560599134e-08,0.190369648444017,0,0,0
"5A_B",4,0,"Konza4","Button","Smoke","CW/KOH",20240704,NA,"LL","1000x",NA,NA,"5A","K4_B",2,45.3,22.65,"25RF",1,5,0.02265,0,0,0,0,0,-3.78759542705309,0.0625,0,0,0,0,0,0,939.199430066663,919.8586183237,2740.7832445669,234.294722222222,255.0475,379.085,830.020833333333,843.7125,1963.75,20.475040257649,20.5555555555556,21.1111111111111,16.6666666666667,29.304347826087,29,28,31,4.53428195985524,4.61904543870654,4.80771184624636,3.64387568241215,61412.2,20185.7325,9570.2675,1222.45,269.825,177.915,91406.4575,92452.7825,92705.475,92958.1675,"Hazardous","High",6.51392451083768,4.9776328815,305.705285688116,4.9776328815,166.720939850648,287.4314914,5.58312155572494,4.9776328815,0.969010080743074,0.973148837349764,1.24005351911903,7.75397802995671,15.5079560599134,0.0155079560599134,1.55079560599134e-05,1.55079560599134e-08,0.190369648444017,0,0,0
"5A_B",5,0,"Konza4","Button","Smoke","CW/KOH",20240704,NA,"LL","1000x",NA,NA,"5A","K4_B",2,45.3,22.65,"25RF",1,5,0.02265,0,0,0,0,0,-3.78759542705309,0.0625,0,0,0,0,0,0,939.199430066663,919.8586183237,2740.7832445669,234.294722222222,255.0475,379.085,830.020833333333,843.7125,1963.75,20.475040257649,20.5555555555556,21.1111111111111,16.6666666666667,29.304347826087,29,28,31,4.53428195985524,4.61904543870654,4.80771184624636,3.64387568241215,61412.2,20185.7325,9570.2675,1222.45,269.825,177.915,91406.4575,92452.7825,92705.475,92958.1675,"Hazardous","High",6.51392451083768,4.9776328815,305.705285688116,4.9776328815,166.720939850648,287.4314914,5.58312155572494,4.9776328815,0.969010080743074,0.973148837349764,1.24005351911903,7.75397802995671,15.5079560599134,0.0155079560599134,1.55079560599134e-05,1.55079560599134e-08,0.190369648444017,0,0,0
"5A_B",6,0,"Konza4","Button","Smoke","CW/KOH",20240704,NA,"LL","1000x",NA,NA,"5A","K4_B",2,45.3,22.65,"25RF",1,5,0.02265,0,0,0,0,0,-3.78759542705309,0.0625,0,0,0,0,0,0,939.199430066663,919.8586183237,2740.7832445669,234.294722222222,255.0475,379.085,830.020833333333,843.7125,1963.75,20.475040257649,20.5555555555556,21.1111111111111,16.6666666666667,29.304347826087,29,28,31,4.53428195985524,4.61904543870654,4.80771184624636,3.64387568241215,61412.2,20185.7325,9570.2675,1222.45,269.825,177.915,91406.4575,92452.7825,92705.475,92958.1675,"Hazardous","High",6.51392451083768,4.9776328815,305.705285688116,4.9776328815,166.720939850648,287.4314914,5.58312155572494,4.9776328815,0.969010080743074,0.973148837349764,1.24005351911903,7.75397802995671,15.5079560599134,0.0155079560599134,1.55079560599134e-05,1.55079560599134e-08,0.190369648444017,0,0,0
"5A_B",7,0,"Konza4","Button","Smoke","CW/KOH",20240704,NA,"LL","1000x",NA,NA,"5A","K4_B",2,45.3,22.65,"25RF",1,5,0.02265,0,0,0,0,0,-3.78759542705309,0.0625,0,0,0,0,0,0,939.199430066663,919.8586183237,2740.7832445669,234.294722222222,255.0475,379.085,830.020833333333,843.7125,1963.75,20.475040257649,20.5555555555556,21.1111111111111,16.6666666666667,29.304347826087,29,28,31,4.53428195985524,4.61904543870654,4.80771184624636,3.64387568241215,61412.2,20185.7325,9570.2675,1222.45,269.825,177.915,91406.4575,92452.7825,92705.475,92958.1675,"Hazardous","High",6.51392451083768,4.9776328815,305.705285688116,4.9776328815,166.720939850648,287.4314914,5.58312155572494,4.9776328815,0.969010080743074,0.973148837349764,1.24005351911903,7.75397802995671,15.5079560599134,0.0155079560599134,1.55079560599134e-05,1.55079560599134e-08,0.190369648444017,0,0,0
"5A_B",8,0,"Konza4","Button","Smoke","CW/KOH",20240704,NA,"LL","1000x",NA,NA,"5A","K4_B",2,45.3,22.65,"25RF",1,5,0.02265,0,0,0,0,0,-3.78759542705309,0.0625,0,0,0,0,0,0,939.199430066663,919.8586183237,2740.7832445669,234.294722222222,255.0475,379.085,830.020833333333,843.7125,1963.75,20.475040257649,20.5555555555556,21.1111111111111,16.6666666666667,29.304347826087,29,28,31,4.53428195985524,4.61904543870654,4.80771184624636,3.64387568241215,61412.2,20185.7325,9570.2675,1222.45,269.825,177.915,91406.4575,92452.7825,92705.475,92958.1675,"Hazardous","High",6.51392451083768,4.9776328815,305.705285688116,4.9776328815,166.720939850648,287.4314914,5.58312155572494,4.9776328815,0.969010080743074,0.973148837349764,1.24005351911903,7.75397802995671,15.5079560599134,0.0155079560599134,1.55079560599134e-05,1.55079560599134e-08,0.190369648444017,0,0,0
"5A_B",9,0,"Konza4","Button","Smoke","CW/KOH",20240704,NA,"LL","1000x",NA,NA,"5A","K4_B",2,45.3,22.65,"25RF",1,5,0.02265,0,0,0,0,0,-3.78759542705309,0.0625,0,0,0,0,0,0,939.199430066663,919.8586183237,2740.7832445669,234.294722222222,255.0475,379.085,830.020833333333,843.7125,1963.75,20.475040257649,20.5555555555556,21.1111111111111,16.6666666666667,29.304347826087,29,28,31,4.53428195985524,4.61904543870654,4.80771184624636,3.64387568241215,61412.2,20185.7325,9570.2675,1222.45,269.825,177.915,91406.4575,92452.7825,92705.475,92958.1675,"Hazardous","High",6.51392451083768,4.9776328815,305.705285688116,4.9776328815,166.720939850648,287.4314914,5.58312155572494,4.9776328815,0.969010080743074,0.973148837349764,1.24005351911903,7.75397802995671,15.5079560599134,0.0155079560599134,1.55079560599134e-05,1.55079560599134e-08,0.190369648444017,0,0,0
"5A_B",10,0,"Konza4","Button","Smoke","CW/KOH",20240704,NA,"LL","1000x",NA,NA,"5A","K4_B",2,45.3,22.65,"25RF",1,5,0.02265,0,0,0,0,0,-3.78759542705309,0.0625,0,0,0,0,0,0,939.199430066663,919.8586183237,2740.7832445669,234.294722222222,255.0475,379.085,830.020833333333,843.7125,1963.75,20.475040257649,20.5555555555556,21.1111111111111,16.6666666666667,29.304347826087,29,28,31,4.53428195985524,4.61904543870654,4.80771184624636,3.64387568241215,61412.2,20185.7325,9570.2675,1222.45,269.825,177.915,91406.4575,92452.7825,92705.475,92958.1675,"Hazardous","High",6.51392451083768,4.9776328815,305.705285688116,4.9776328815,166.720939850648,287.4314914,5.58312155572494,4.9776328815,0.969010080743074,0.973148837349764,1.24005351911903,7.75397802995671,15.5079560599134,0.0155079560599134,1.55079560599134e-05,1.55079560599134e-08,0.190369648444017,0,0,0
"5A_B",11,0,"Konza4","Button","Smoke","CW/KOH",20240704,NA,"LL","1000x",NA,NA,"5A","K4_B",2,45.3,22.65,"25RF",1,5,0.02265,0,0,0,0,0,-3.78759542705309,0.0625,0,0,0,0,0,0,939.199430066663,919.8586183237,2740.7832445669,234.294722222222,255.0475,379.085,830.020833333333,843.7125,1963.75,20.475040257649,20.5555555555556,21.1111111111111,16.6666666666667,29.304347826087,29,28,31,4.53428195985524,4.61904543870654,4.80771184624636,3.64387568241215,61412.2,20185.7325,9570.2675,1222.45,269.825,177.915,91406.4575,92452.7825,92705.475,92958.1675,"Hazardous","High",6.51392451083768,4.9776328815,305.705285688116,4.9776328815,166.720939850648,287.4314914,5.58312155572494,4.9776328815,0.969010080743074,0.973148837349764,1.24005351911903,7.75397802995671,15.5079560599134,0.0155079560599134,1.55079560599134e-05,1.55079560599134e-08,0.190369648444017,0,0,0
"5A_B",12,0,"Konza4","Button","Smoke","CW/KOH",20240704,NA,"LL","1000x",NA,NA,"5A","K4_B",2,45.3,22.65,"25RF",1,5,0.02265,0,0,0,0,0,-3.78759542705309,0.0625,0,0,0,0,0,0,939.199430066663,919.8586183237,2740.7832445669,234.294722222222,255.0475,379.085,830.020833333333,843.7125,1963.75,20.475040257649,20.5555555555556,21.1111111111111,16.6666666666667,29.304347826087,29,28,31,4.53428195985524,4.61904543870654,4.80771184624636,3.64387568241215,61412.2,20185.7325,9570.2675,1222.45,269.825,177.915,91406.4575,92452.7825,92705.475,92958.1675,"Hazardous","High",6.51392451083768,4.9776328815,305.705285688116,4.9776328815,166.720939850648,287.4314914,5.58312155572494,4.9776328815,0.969010080743074,0.973148837349764,1.24005351911903,7.75397802995671,15.5079560599134,0.0155079560599134,1.55079560599134e-05,1.55079560599134e-08,0.190369648444017,0,0,0
"5A_B",13,2,"Konza4","Button","Smoke","CW/KOH",20240704,NA,"LL","1000x",NA,NA,"5A","K4_B",2,45.3,22.65,"25RF",1,5,0.02265,0,0,0,0,2,-3.78759542705309,0.0625,1.9375,14450,637969.094922737,13998.4375,618032.560706402,601193.570891968,939.199430066663,919.8586183237,2740.7832445669,234.294722222222,255.0475,379.085,830.020833333333,843.7125,1963.75,20.475040257649,20.5555555555556,21.1111111111111,16.6666666666667,29.304347826087,29,28,31,4.53428195985524,4.61904543870654,4.80771184624636,3.64387568241215,61412.2,20185.7325,9570.2675,1222.45,269.825,177.915,91406.4575,92452.7825,92705.475,92958.1675,"Hazardous","High",6.51392451083768,4.9776328815,305.705285688116,4.9776328815,166.720939850648,287.4314914,5.58312155572494,4.9776328815,0.969010080743074,0.973148837349764,1.24005351911903,7.75397802995671,15.5079560599134,0.0155079560599134,1.55079560599134e-05,1.55079560599134e-08,0.190369648444017,38766783228513,38766783228.513,38766.783228513
"5A_B",14,1,"Konza4","Button","Smoke","CW/KOH",20240704,NA,"LL","1000x",NA,NA,"5A","K4_B",2,45.3,22.65,"25RF",1,5,0.02265,0,0,0,0,1,-3.78759542705309,0.0625,0.9375,7225,318984.547461369,6773.4375,299048.013245033,282209.0234306,939.199430066663,919.8586183237,2740.7832445669,234.294722222222,255.0475,379.085,830.020833333333,843.7125,1963.75,20.475040257649,20.5555555555556,21.1111111111111,16.6666666666667,29.304347826087,29,28,31,4.53428195985524,4.61904543870654,4.80771184624636,3.64387568241215,61412.2,20185.7325,9570.2675,1222.45,269.825,177.915,91406.4575,92452.7825,92705.475,92958.1675,"Hazardous","High",6.51392451083768,4.9776328815,305.705285688116,4.9776328815,166.720939850648,287.4314914,5.58312155572494,4.9776328815,0.969010080743074,0.973148837349764,1.24005351911903,7.75397802995671,15.5079560599134,0.0155079560599134,1.55079560599134e-05,1.55079560599134e-08,0.190369648444017,18197692999665,18197692999.665,18197.692999665
"5A_B",15,0,"Konza4","Button","Smoke","CW/KOH",20240704,NA,"LL","1000x",NA,NA,"5A","K4_B",2,45.3,22.65,"25RF",1,5,0.02265,0,0,0,0,0,-3.78759542705309,0.0625,0,0,0,0,0,0,939.199430066663,919.8586183237,2740.7832445669,234.294722222222,255.0475,379.085,830.020833333333,843.7125,1963.75,20.475040257649,20.5555555555556,21.1111111111111,16.6666666666667,29.304347826087,29,28,31,4.53428195985524,4.61904543870654,4.80771184624636,3.64387568241215,61412.2,20185.7325,9570.2675,1222.45,269.825,177.915,91406.4575,92452.7825,92705.475,92958.1675,"Hazardous","High",6.51392451083768,4.9776328815,305.705285688116,4.9776328815,166.720939850648,287.4314914,5.58312155572494,4.9776328815,0.969010080743074,0.973148837349764,1.24005351911903,7.75397802995671,15.5079560599134,0.0155079560599134,1.55079560599134e-05,1.55079560599134e-08,0.190369648444017,0,0,0
"5A_B",16,1,"Konza4","Button","Smoke","CW/KOH",20240704,NA,"LL","1000x",NA,NA,"5A","K4_B",2,45.3,22.65,"25RF",1,5,0.02265,0,0,0,0,1,-3.78759542705309,0.0625,0.9375,7225,318984.547461369,6773.4375,299048.013245033,282209.0234306,939.199430066663,919.8586183237,2740.7832445669,234.294722222222,255.0475,379.085,830.020833333333,843.7125,1963.75,20.475040257649,20.5555555555556,21.1111111111111,16.6666666666667,29.304347826087,29,28,31,4.53428195985524,4.61904543870654,4.80771184624636,3.64387568241215,61412.2,20185.7325,9570.2675,1222.45,269.825,177.915,91406.4575,92452.7825,92705.475,92958.1675,"Hazardous","High",6.51392451083768,4.9776328815,305.705285688116,4.9776328815,166.720939850648,287.4314914,5.58312155572494,4.9776328815,0.969010080743074,0.973148837349764,1.24005351911903,7.75397802995671,15.5079560599134,0.0155079560599134,1.55079560599134e-05,1.55079560599134e-08,0.190369648444017,18197692999665,18197692999.665,18197.692999665
"5A_B",17,0,"Konza4","Button","Smoke","CW/KOH",20240704,NA,"LL","1000x",NA,NA,"5A","K4_B",2,45.3,22.65,"25RF",1,5,0.02265,0,0,0,0,0,-3.78759542705309,0.0625,0,0,0,0,0,0,939.199430066663,919.8586183237,2740.7832445669,234.294722222222,255.0475,379.085,830.020833333333,843.7125,1963.75,20.475040257649,20.5555555555556,21.1111111111111,16.6666666666667,29.304347826087,29,28,31,4.53428195985524,4.61904543870654,4.80771184624636,3.64387568241215,61412.2,20185.7325,9570.2675,1222.45,269.825,177.915,91406.4575,92452.7825,92705.475,92958.1675,"Hazardous","High",6.51392451083768,4.9776328815,305.705285688116,4.9776328815,166.720939850648,287.4314914,5.58312155572494,4.9776328815,0.969010080743074,0.973148837349764,1.24005351911903,7.75397802995671,15.5079560599134,0.0155079560599134,1.55079560599134e-05,1.55079560599134e-08,0.190369648444017,0,0,0
"5A_B",18,1,"Konza4","Button","Smoke","CW/KOH",20240704,NA,"LL","1000x",NA,NA,"5A","K4_B",2,45.3,22.65,"25RF",1,5,0.02265,0,0,0,0,1,-3.78759542705309,0.0625,0.9375,7225,318984.547461369,6773.4375,299048.013245033,282209.0234306,939.199430066663,919.8586183237,2740.7832445669,234.294722222222,255.0475,379.085,830.020833333333,843.7125,1963.75,20.475040257649,20.5555555555556,21.1111111111111,16.6666666666667,29.304347826087,29,28,31,4.53428195985524,4.61904543870654,4.80771184624636,3.64387568241215,61412.2,20185.7325,9570.2675,1222.45,269.825,177.915,91406.4575,92452.7825,92705.475,92958.1675,"Hazardous","High",6.51392451083768,4.9776328815,305.705285688116,4.9776328815,166.720939850648,287.4314914,5.58312155572494,4.9776328815,0.969010080743074,0.973148837349764,1.24005351911903,7.75397802995671,15.5079560599134,0.0155079560599134,1.55079560599134e-05,1.55079560599134e-08,0.190369648444017,18197692999665,18197692999.665,18197.692999665
"5A_B",19,1,"Konza4","Button","Smoke","CW/KOH",20240704,NA,"LL","1000x",NA,NA,"5A","K4_B",2,45.3,22.65,"25RF",1,5,0.02265,0,0,0,0,1,-3.78759542705309,0.0625,0.9375,7225,318984.547461369,6773.4375,299048.013245033,282209.0234306,939.199430066663,919.8586183237,2740.7832445669,234.294722222222,255.0475,379.085,830.020833333333,843.7125,1963.75,20.475040257649,20.5555555555556,21.1111111111111,16.6666666666667,29.304347826087,29,28,31,4.53428195985524,4.61904543870654,4.80771184624636,3.64387568241215,61412.2,20185.7325,9570.2675,1222.45,269.825,177.915,91406.4575,92452.7825,92705.475,92958.1675,"Hazardous","High",6.51392451083768,4.9776328815,305.705285688116,4.9776328815,166.720939850648,287.4314914,5.58312155572494,4.9776328815,0.969010080743074,0.973148837349764,1.24005351911903,7.75397802995671,15.5079560599134,0.0155079560599134,1.55079560599134e-05,1.55079560599134e-08,0.190369648444017,18197692999665,18197692999.665,18197.692999665
"5A_B",20,0,"Konza4","Button","Smoke","CW/KOH",20240704,NA,"LL","1000x",NA,NA,"5A","K4_B",2,45.3,22.65,"25RF",1,5,0.02265,0,0,0,0,0,-3.78759542705309,0.0625,0,0,0,0,0,0,939.199430066663,919.8586183237,2740.7832445669,234.294722222222,255.0475,379.085,830.020833333333,843.7125,1963.75,20.475040257649,20.5555555555556,21.1111111111111,16.6666666666667,29.304347826087,29,28,31,4.53428195985524,4.61904543870654,4.80771184624636,3.64387568241215,61412.2,20185.7325,9570.2675,1222.45,269.825,177.915,91406.4575,92452.7825,92705.475,92958.1675,"Hazardous","High",6.51392451083768,4.9776328815,305.705285688116,4.9776328815,166.720939850648,287.4314914,5.58312155572494,4.9776328815,0.969010080743074,0.973148837349764,1.24005351911903,7.75397802995671,15.5079560599134,0.0155079560599134,1.55079560599134e-05,1.55079560599134e-08,0.190369648444017,0,0,0
"5A_B",21,1,"Konza4","Button","Smoke","CW/KOH",20240704,NA,"LL","1000x",NA,NA,"5A","K4_B",2,45.3,22.65,"25RF",1,5,0.02265,0,0,0,0,1,-3.78759542705309,0.0625,0.9375,7225,318984.547461369,6773.4375,299048.013245033,282209.0234306,939.199430066663,919.8586183237,2740.7832445669,234.294722222222,255.0475,379.085,830.020833333333,843.7125,1963.75,20.475040257649,20.5555555555556,21.1111111111111,16.6666666666667,29.304347826087,29,28,31,4.53428195985524,4.61904543870654,4.80771184624636,3.64387568241215,61412.2,20185.7325,9570.2675,1222.45,269.825,177.915,91406.4575,92452.7825,92705.475,92958.1675,"Hazardous","High",6.51392451083768,4.9776328815,305.705285688116,4.9776328815,166.720939850648,287.4314914,5.58312155572494,4.9776328815,0.969010080743074,0.973148837349764,1.24005351911903,7.75397802995671,15.5079560599134,0.0155079560599134,1.55079560599134e-05,1.55079560599134e-08,0.190369648444017,18197692999665,18197692999.665,18197.692999665
"5A_B",22,0,"Konza4","Button","Smoke","CW/KOH",20240704,NA,"LL","1000x",NA,NA,"5A","K4_B",2,45.3,22.65,"25RF",1,5,0.02265,0,0,0,0,0,-3.78759542705309,0.0625,0,0,0,0,0,0,939.199430066663,919.8586183237,2740.7832445669,234.294722222222,255.0475,379.085,830.020833333333,843.7125,1963.75,20.475040257649,20.5555555555556,21.1111111111111,16.6666666666667,29.304347826087,29,28,31,4.53428195985524,4.61904543870654,4.80771184624636,3.64387568241215,61412.2,20185.7325,9570.2675,1222.45,269.825,177.915,91406.4575,92452.7825,92705.475,92958.1675,"Hazardous","High",6.51392451083768,4.9776328815,305.705285688116,4.9776328815,166.720939850648,287.4314914,5.58312155572494,4.9776328815,0.969010080743074,0.973148837349764,1.24005351911903,7.75397802995671,15.5079560599134,0.0155079560599134,1.55079560599134e-05,1.55079560599134e-08,0.190369648444017,0,0,0
"5A_B",23,1,"Konza4","Button","Smoke","CW/KOH",20240704,NA,"LL","1000x",NA,NA,"5A","K4_B",2,45.3,22.65,"25RF",1,5,0.02265,0,0,0,0,1,-3.78759542705309,0.0625,0.9375,7225,318984.547461369,6773.4375,299048.013245033,282209.0234306,939.199430066663,919.8586183237,2740.7832445669,234.294722222222,255.0475,379.085,830.020833333333,843.7125,1963.75,20.475040257649,20.5555555555556,21.1111111111111,16.6666666666667,29.304347826087,29,28,31,4.53428195985524,4.61904543870654,4.80771184624636,3.64387568241215,61412.2,20185.7325,9570.2675,1222.45,269.825,177.915,91406.4575,92452.7825,92705.475,92958.1675,"Hazardous","High",6.51392451083768,4.9776328815,305.705285688116,4.9776328815,166.720939850648,287.4314914,5.58312155572494,4.9776328815,0.969010080743074,0.973148837349764,1.24005351911903,7.75397802995671,15.5079560599134,0.0155079560599134,1.55079560599134e-05,1.55079560599134e-08,0.190369648444017,18197692999665,18197692999.665,18197.692999665
"5A_B",24,0,"Konza4","Button","Smoke","CW/KOH",20240704,NA,"LL","1000x",NA,NA,"5A","K4_B",2,45.3,22.65,"25RF",1,5,0.02265,0,0,0,0,0,-3.78759542705309,0.0625,0,0,0,0,0,0,939.199430066663,919.8586183237,2740.7832445669,234.294722222222,255.0475,379.085,830.020833333333,843.7125,1963.75,20.475040257649,20.5555555555556,21.1111111111111,16.6666666666667,29.304347826087,29,28,31,4.53428195985524,4.61904543870654,4.80771184624636,3.64387568241215,61412.2,20185.7325,9570.2675,1222.45,269.825,177.915,91406.4575,92452.7825,92705.475,92958.1675,"Hazardous","High",6.51392451083768,4.9776328815,305.705285688116,4.9776328815,166.720939850648,287.4314914,5.58312155572494,4.9776328815,0.969010080743074,0.973148837349764,1.24005351911903,7.75397802995671,15.5079560599134,0.0155079560599134,1.55079560599134e-05,1.55079560599134e-08,0.190369648444017,0,0,0
"5A_B",25,0,"Konza4","Button","Smoke","CW/KOH",20240704,NA,"LL","1000x",NA,NA,"5A","K4_B",2,45.3,22.65,"25RF",1,5,0.02265,0,0,0,0,0,-3.78759542705309,0.0625,0,0,0,0,0,0,939.199430066663,919.8586183237,2740.7832445669,234.294722222222,255.0475,379.085,830.020833333333,843.7125,1963.75,20.475040257649,20.5555555555556,21.1111111111111,16.6666666666667,29.304347826087,29,28,31,4.53428195985524,4.61904543870654,4.80771184624636,3.64387568241215,61412.2,20185.7325,9570.2675,1222.45,269.825,177.915,91406.4575,92452.7825,92705.475,92958.1675,"Hazardous","High",6.51392451083768,4.9776328815,305.705285688116,4.9776328815,166.720939850648,287.4314914,5.58312155572494,4.9776328815,0.969010080743074,0.973148837349764,1.24005351911903,7.75397802995671,15.5079560599134,0.0155079560599134,1.55079560599134e-05,1.55079560599134e-08,0.190369648444017,0,0,0
"5A_B",26,0,"Konza4","Button","Smoke","CW/KOH",20240704,NA,"LL","1000x",NA,NA,"5A","K4_B",2,45.3,22.65,"25RF",1,5,0.02265,0,0,0,0,0,-3.78759542705309,0.0625,0,0,0,0,0,0,939.199430066663,919.8586183237,2740.7832445669,234.294722222222,255.0475,379.085,830.020833333333,843.7125,1963.75,20.475040257649,20.5555555555556,21.1111111111111,16.6666666666667,29.304347826087,29,28,31,4.53428195985524,4.61904543870654,4.80771184624636,3.64387568241215,61412.2,20185.7325,9570.2675,1222.45,269.825,177.915,91406.4575,92452.7825,92705.475,92958.1675,"Hazardous","High",6.51392451083768,4.9776328815,305.705285688116,4.9776328815,166.720939850648,287.4314914,5.58312155572494,4.9776328815,0.969010080743074,0.973148837349764,1.24005351911903,7.75397802995671,15.5079560599134,0.0155079560599134,1.55079560599134e-05,1.55079560599134e-08,0.190369648444017,0,0,0
"5A_B",27,0,"Konza4","Button","Smoke","CW/KOH",20240704,NA,"LL","1000x",NA,NA,"5A","K4_B",2,45.3,22.65,"25RF",1,5,0.02265,0,0,0,0,0,-3.78759542705309,0.0625,0,0,0,0,0,0,939.199430066663,919.8586183237,2740.7832445669,234.294722222222,255.0475,379.085,830.020833333333,843.7125,1963.75,20.475040257649,20.5555555555556,21.1111111111111,16.6666666666667,29.304347826087,29,28,31,4.53428195985524,4.61904543870654,4.80771184624636,3.64387568241215,61412.2,20185.7325,9570.2675,1222.45,269.825,177.915,91406.4575,92452.7825,92705.475,92958.1675,"Hazardous","High",6.51392451083768,4.9776328815,305.705285688116,4.9776328815,166.720939850648,287.4314914,5.58312155572494,4.9776328815,0.969010080743074,0.973148837349764,1.24005351911903,7.75397802995671,15.5079560599134,0.0155079560599134,1.55079560599134e-05,1.55079560599134e-08,0.190369648444017,0,0,0
"5A_B",28,1,"Konza4","Button","Smoke","CW/KOH",20240704,NA,"LL","1000x",NA,NA,"5A","K4_B",2,45.3,22.65,"25RF",1,5,0.02265,0,0,0,0,1,-3.78759542705309,0.0625,0.9375,7225,318984.547461369,6773.4375,299048.013245033,282209.0234306,939.199430066663,919.8586183237,2740.7832445669,234.294722222222,255.0475,379.085,830.020833333333,843.7125,1963.75,20.475040257649,20.5555555555556,21.1111111111111,16.6666666666667,29.304347826087,29,28,31,4.53428195985524,4.61904543870654,4.80771184624636,3.64387568241215,61412.2,20185.7325,9570.2675,1222.45,269.825,177.915,91406.4575,92452.7825,92705.475,92958.1675,"Hazardous","High",6.51392451083768,4.9776328815,305.705285688116,4.9776328815,166.720939850648,287.4314914,5.58312155572494,4.9776328815,0.969010080743074,0.973148837349764,1.24005351911903,7.75397802995671,15.5079560599134,0.0155079560599134,1.55079560599134e-05,1.55079560599134e-08,0.190369648444017,18197692999665,18197692999.665,18197.692999665
"5A_B",29,0,"Konza4","Button","Smoke","CW/KOH",20240704,NA,"LL","1000x",NA,NA,"5A","K4_B",2,45.3,22.65,"25RF",1,5,0.02265,0,0,0,0,0,-3.78759542705309,0.0625,0,0,0,0,0,0,939.199430066663,919.8586183237,2740.7832445669,234.294722222222,255.0475,379.085,830.020833333333,843.7125,1963.75,20.475040257649,20.5555555555556,21.1111111111111,16.6666666666667,29.304347826087,29,28,31,4.53428195985524,4.61904543870654,4.80771184624636,3.64387568241215,61412.2,20185.7325,9570.2675,1222.45,269.825,177.915,91406.4575,92452.7825,92705.475,92958.1675,"Hazardous","High",6.51392451083768,4.9776328815,305.705285688116,4.9776328815,166.720939850648,287.4314914,5.58312155572494,4.9776328815,0.969010080743074,0.973148837349764,1.24005351911903,7.75397802995671,15.5079560599134,0.0155079560599134,1.55079560599134e-05,1.55079560599134e-08,0.190369648444017,0,0,0
"5A_B",30,1,"Konza4","Button","Smoke","CW/KOH",20240704,NA,"LL","1000x",NA,NA,"5A","K4_B",2,45.3,22.65,"25RF",1,5,0.02265,0,0,0,0,1,-3.78759542705309,0.0625,0.9375,7225,318984.547461369,6773.4375,299048.013245033,282209.0234306,939.199430066663,919.8586183237,2740.7832445669,234.294722222222,255.0475,379.085,830.020833333333,843.7125,1963.75,20.475040257649,20.5555555555556,21.1111111111111,16.6666666666667,29.304347826087,29,28,31,4.53428195985524,4.61904543870654,4.80771184624636,3.64387568241215,61412.2,20185.7325,9570.2675,1222.45,269.825,177.915,91406.4575,92452.7825,92705.475,92958.1675,"Hazardous","High",6.51392451083768,4.9776328815,305.705285688116,4.9776328815,166.720939850648,287.4314914,5.58312155572494,4.9776328815,0.969010080743074,0.973148837349764,1.24005351911903,7.75397802995671,15.5079560599134,0.0155079560599134,1.55079560599134e-05,1.55079560599134e-08,0.190369648444017,18197692999665,18197692999.665,18197.692999665
"5A_B",31,2,"Konza4","Button","Smoke","CW/KOH",20240704,NA,"LL","1000x",NA,NA,"5A","K4_B",2,45.3,22.65,"25RF",1,5,0.02265,0,0,0,0,2,-3.78759542705309,0.0625,1.9375,14450,637969.094922737,13998.4375,618032.560706402,601193.570891968,939.199430066663,919.8586183237,2740.7832445669,234.294722222222,255.0475,379.085,830.020833333333,843.7125,1963.75,20.475040257649,20.5555555555556,21.1111111111111,16.6666666666667,29.304347826087,29,28,31,4.53428195985524,4.61904543870654,4.80771184624636,3.64387568241215,61412.2,20185.7325,9570.2675,1222.45,269.825,177.915,91406.4575,92452.7825,92705.475,92958.1675,"Hazardous","High",6.51392451083768,4.9776328815,305.705285688116,4.9776328815,166.720939850648,287.4314914,5.58312155572494,4.9776328815,0.969010080743074,0.973148837349764,1.24005351911903,7.75397802995671,15.5079560599134,0.0155079560599134,1.55079560599134e-05,1.55079560599134e-08,0.190369648444017,38766783228513,38766783228.513,38766.783228513
"5A_B",32,0,"Konza4","Button","Smoke","CW/KOH",20240704,NA,"LL","1000x",NA,NA,"5A","K4_B",2,45.3,22.65,"25RF",1,5,0.02265,0,0,0,0,0,-3.78759542705309,0.0625,0,0,0,0,0,0,939.199430066663,919.8586183237,2740.7832445669,234.294722222222,255.0475,379.085,830.020833333333,843.7125,1963.75,20.475040257649,20.5555555555556,21.1111111111111,16.6666666666667,29.304347826087,29,28,31,4.53428195985524,4.61904543870654,4.80771184624636,3.64387568241215,61412.2,20185.7325,9570.2675,1222.45,269.825,177.915,91406.4575,92452.7825,92705.475,92958.1675,"Hazardous","High",6.51392451083768,4.9776328815,305.705285688116,4.9776328815,166.720939850648,287.4314914,5.58312155572494,4.9776328815,0.969010080743074,0.973148837349764,1.24005351911903,7.75397802995671,15.5079560599134,0.0155079560599134,1.55079560599134e-05,1.55079560599134e-08,0.190369648444017,0,0,0
"5A_B",33,0,"Konza4","Button","Smoke","CW/KOH",20240704,NA,"LL","1000x",NA,NA,"5A","K4_B",2,45.3,22.65,"25RF",1,5,0.02265,0,0,0,0,0,-3.78759542705309,0.0625,0,0,0,0,0,0,939.199430066663,919.8586183237,2740.7832445669,234.294722222222,255.0475,379.085,830.020833333333,843.7125,1963.75,20.475040257649,20.5555555555556,21.1111111111111,16.6666666666667,29.304347826087,29,28,31,4.53428195985524,4.61904543870654,4.80771184624636,3.64387568241215,61412.2,20185.7325,9570.2675,1222.45,269.825,177.915,91406.4575,92452.7825,92705.475,92958.1675,"Hazardous","High",6.51392451083768,4.9776328815,305.705285688116,4.9776328815,166.720939850648,287.4314914,5.58312155572494,4.9776328815,0.969010080743074,0.973148837349764,1.24005351911903,7.75397802995671,15.5079560599134,0.0155079560599134,1.55079560599134e-05,1.55079560599134e-08,0.190369648444017,0,0,0
"5A_B",34,0,"Konza4","Button","Smoke","CW/KOH",20240704,NA,"LL","1000x",NA,NA,"5A","K4_B",2,45.3,22.65,"25RF",1,5,0.02265,0,0,0,0,0,-3.78759542705309,0.0625,0,0,0,0,0,0,939.199430066663,919.8586183237,2740.7832445669,234.294722222222,255.0475,379.085,830.020833333333,843.7125,1963.75,20.475040257649,20.5555555555556,21.1111111111111,16.6666666666667,29.304347826087,29,28,31,4.53428195985524,4.61904543870654,4.80771184624636,3.64387568241215,61412.2,20185.7325,9570.2675,1222.45,269.825,177.915,91406.4575,92452.7825,92705.475,92958.1675,"Hazardous","High",6.51392451083768,4.9776328815,305.705285688116,4.9776328815,166.720939850648,287.4314914,5.58312155572494,4.9776328815,0.969010080743074,0.973148837349764,1.24005351911903,7.75397802995671,15.5079560599134,0.0155079560599134,1.55079560599134e-05,1.55079560599134e-08,0.190369648444017,0,0,0
"5A_B",35,0,"Konza4","Button","Smoke","CW/KOH",20240704,NA,"LL","1000x",NA,NA,"5A","K4_B",2,45.3,22.65,"25RF",1,5,0.02265,0,0,0,0,0,-3.78759542705309,0.0625,0,0,0,0,0,0,939.199430066663,919.8586183237,2740.7832445669,234.294722222222,255.0475,379.085,830.020833333333,843.7125,1963.75,20.475040257649,20.5555555555556,21.1111111111111,16.6666666666667,29.304347826087,29,28,31,4.53428195985524,4.61904543870654,4.80771184624636,3.64387568241215,61412.2,20185.7325,9570.2675,1222.45,269.825,177.915,91406.4575,92452.7825,92705.475,92958.1675,"Hazardous","High",6.51392451083768,4.9776328815,305.705285688116,4.9776328815,166.720939850648,287.4314914,5.58312155572494,4.9776328815,0.969010080743074,0.973148837349764,1.24005351911903,7.75397802995671,15.5079560599134,0.0155079560599134,1.55079560599134e-05,1.55079560599134e-08,0.190369648444017,0,0,0
"5A_B",36,0,"Konza4","Button","Smoke","CW/KOH",20240704,NA,"LL","1000x",NA,NA,"5A","K4_B",2,45.3,22.65,"25RF",1,5,0.02265,0,0,0,0,0,-3.78759542705309,0.0625,0,0,0,0,0,0,939.199430066663,919.8586183237,2740.7832445669,234.294722222222,255.0475,379.085,830.020833333333,843.7125,1963.75,20.475040257649,20.5555555555556,21.1111111111111,16.6666666666667,29.304347826087,29,28,31,4.53428195985524,4.61904543870654,4.80771184624636,3.64387568241215,61412.2,20185.7325,9570.2675,1222.45,269.825,177.915,91406.4575,92452.7825,92705.475,92958.1675,"Hazardous","High",6.51392451083768,4.9776328815,305.705285688116,4.9776328815,166.720939850648,287.4314914,5.58312155572494,4.9776328815,0.969010080743074,0.973148837349764,1.24005351911903,7.75397802995671,15.5079560599134,0.0155079560599134,1.55079560599134e-05,1.55079560599134e-08,0.190369648444017,0,0,0
"5A_B",37,0,"Konza4","Button","Smoke","CW/KOH",20240704,NA,"LL","1000x",NA,NA,"5A","K4_B",2,45.3,22.65,"25RF",1,5,0.02265,0,0,0,0,0,-3.78759542705309,0.0625,0,0,0,0,0,0,939.199430066663,919.8586183237,2740.7832445669,234.294722222222,255.0475,379.085,830.020833333333,843.7125,1963.75,20.475040257649,20.5555555555556,21.1111111111111,16.6666666666667,29.304347826087,29,28,31,4.53428195985524,4.61904543870654,4.80771184624636,3.64387568241215,61412.2,20185.7325,9570.2675,1222.45,269.825,177.915,91406.4575,92452.7825,92705.475,92958.1675,"Hazardous","High",6.51392451083768,4.9776328815,305.705285688116,4.9776328815,166.720939850648,287.4314914,5.58312155572494,4.9776328815,0.969010080743074,0.973148837349764,1.24005351911903,7.75397802995671,15.5079560599134,0.0155079560599134,1.55079560599134e-05,1.55079560599134e-08,0.190369648444017,0,0,0
"5A_B",38,0,"Konza4","Button","Smoke","CW/KOH",20240704,NA,"LL","1000x",NA,NA,"5A","K4_B",2,45.3,22.65,"25RF",1,5,0.02265,0,0,0,0,0,-3.78759542705309,0.0625,0,0,0,0,0,0,939.199430066663,919.8586183237,2740.7832445669,234.294722222222,255.0475,379.085,830.020833333333,843.7125,1963.75,20.475040257649,20.5555555555556,21.1111111111111,16.6666666666667,29.304347826087,29,28,31,4.53428195985524,4.61904543870654,4.80771184624636,3.64387568241215,61412.2,20185.7325,9570.2675,1222.45,269.825,177.915,91406.4575,92452.7825,92705.475,92958.1675,"Hazardous","High",6.51392451083768,4.9776328815,305.705285688116,4.9776328815,166.720939850648,287.4314914,5.58312155572494,4.9776328815,0.969010080743074,0.973148837349764,1.24005351911903,7.75397802995671,15.5079560599134,0.0155079560599134,1.55079560599134e-05,1.55079560599134e-08,0.190369648444017,0,0,0
"5A_B",39,0,"Konza4","Button","Smoke","CW/KOH",20240704,NA,"LL","1000x",NA,NA,"5A","K4_B",2,45.3,22.65,"25RF",1,5,0.02265,0,0,0,0,0,-3.78759542705309,0.0625,0,0,0,0,0,0,939.199430066663,919.8586183237,2740.7832445669,234.294722222222,255.0475,379.085,830.020833333333,843.7125,1963.75,20.475040257649,20.5555555555556,21.1111111111111,16.6666666666667,29.304347826087,29,28,31,4.53428195985524,4.61904543870654,4.80771184624636,3.64387568241215,61412.2,20185.7325,9570.2675,1222.45,269.825,177.915,91406.4575,92452.7825,92705.475,92958.1675,"Hazardous","High",6.51392451083768,4.9776328815,305.705285688116,4.9776328815,166.720939850648,287.4314914,5.58312155572494,4.9776328815,0.969010080743074,0.973148837349764,1.24005351911903,7.75397802995671,15.5079560599134,0.0155079560599134,1.55079560599134e-05,1.55079560599134e-08,0.190369648444017,0,0,0
"5A_B",40,1,"Konza4","Button","Smoke","CW/KOH",20240704,NA,"LL","1000x",NA,NA,"5A","K4_B",2,45.3,22.65,"25RF",1,5,0.02265,0,0,0,0,1,-3.78759542705309,0.0625,0.9375,7225,318984.547461369,6773.4375,299048.013245033,282209.0234306,939.199430066663,919.8586183237,2740.7832445669,234.294722222222,255.0475,379.085,830.020833333333,843.7125,1963.75,20.475040257649,20.5555555555556,21.1111111111111,16.6666666666667,29.304347826087,29,28,31,4.53428195985524,4.61904543870654,4.80771184624636,3.64387568241215,61412.2,20185.7325,9570.2675,1222.45,269.825,177.915,91406.4575,92452.7825,92705.475,92958.1675,"Hazardous","High",6.51392451083768,4.9776328815,305.705285688116,4.9776328815,166.720939850648,287.4314914,5.58312155572494,4.9776328815,0.969010080743074,0.973148837349764,1.24005351911903,7.75397802995671,15.5079560599134,0.0155079560599134,1.55079560599134e-05,1.55079560599134e-08,0.190369648444017,18197692999665,18197692999.665,18197.692999665
"11A_C",1,0,"Konza4","Button","Smoke","CW/KOH",20240622,NA,"LL","1000x",NA,NA,"11A","K4_A",3,80,26.66666667,"K1B",3,11,0.02666666667,0,0,0,0,0,-3.62434093285137,0.0625,0,0,0,0,0,0,1284.47600540507,1152.27781684,4235.5983418576,237.203465346535,280,450.52,972.438613861386,967.75,2602.25,32.4358974358974,33.8888888888889,38.8888888888889,21.6666666666667,16.4529914529915,15,11,26,5.16620189749284,5.07089499338291,6.4179489121693,3.28478759220139,64782.5,23984.375,11217.665,1279.585,231.665,122,99053.17,101818.87,102008.995,102199.12,"Hazardous","High",NA,NA,NA,NA,NA,NA,NA,NA,NA,NA,NA,NA,NA,NA,NA,NA,NA,NA,NA,NA
"11A_C",2,0,"Konza4","Button","Smoke","CW/KOH",20240622,NA,"LL","1000x",NA,NA,"11A","K4_A",3,80,26.66666667,"K1B",3,11,0.02666666667,0,0,0,0,0,-3.62434093285137,0.0625,0,0,0,0,0,0,1284.47600540507,1152.27781684,4235.5983418576,237.203465346535,280,450.52,972.438613861386,967.75,2602.25,32.4358974358974,33.8888888888889,38.8888888888889,21.6666666666667,16.4529914529915,15,11,26,5.16620189749284,5.07089499338291,6.4179489121693,3.28478759220139,64782.5,23984.375,11217.665,1279.585,231.665,122,99053.17,101818.87,102008.995,102199.12,"Hazardous","High",NA,NA,NA,NA,NA,NA,NA,NA,NA,NA,NA,NA,NA,NA,NA,NA,NA,NA,NA,NA
"11A_C",3,0,"Konza4","Button","Smoke","CW/KOH",20240622,NA,"LL","1000x",NA,NA,"11A","K4_A",3,80,26.66666667,"K1B",3,11,0.02666666667,0,0,0,0,0,-3.62434093285137,0.0625,0,0,0,0,0,0,1284.47600540507,1152.27781684,4235.5983418576,237.203465346535,280,450.52,972.438613861386,967.75,2602.25,32.4358974358974,33.8888888888889,38.8888888888889,21.6666666666667,16.4529914529915,15,11,26,5.16620189749284,5.07089499338291,6.4179489121693,3.28478759220139,64782.5,23984.375,11217.665,1279.585,231.665,122,99053.17,101818.87,102008.995,102199.12,"Hazardous","High",NA,NA,NA,NA,NA,NA,NA,NA,NA,NA,NA,NA,NA,NA,NA,NA,NA,NA,NA,NA
"11A_C",4,0,"Konza4","Button","Smoke","CW/KOH",20240622,NA,"LL","1000x",NA,NA,"11A","K4_A",3,80,26.66666667,"K1B",3,11,0.02666666667,0,0,0,0,0,-3.62434093285137,0.0625,0,0,0,0,0,0,1284.47600540507,1152.27781684,4235.5983418576,237.203465346535,280,450.52,972.438613861386,967.75,2602.25,32.4358974358974,33.8888888888889,38.8888888888889,21.6666666666667,16.4529914529915,15,11,26,5.16620189749284,5.07089499338291,6.4179489121693,3.28478759220139,64782.5,23984.375,11217.665,1279.585,231.665,122,99053.17,101818.87,102008.995,102199.12,"Hazardous","High",NA,NA,NA,NA,NA,NA,NA,NA,NA,NA,NA,NA,NA,NA,NA,NA,NA,NA,NA,NA
"11A_C",5,0,"Konza4","Button","Smoke","CW/KOH",20240622,NA,"LL","1000x",NA,NA,"11A","K4_A",3,80,26.66666667,"K1B",3,11,0.02666666667,0,0,0,0,0,-3.62434093285137,0.0625,0,0,0,0,0,0,1284.47600540507,1152.27781684,4235.5983418576,237.203465346535,280,450.52,972.438613861386,967.75,2602.25,32.4358974358974,33.8888888888889,38.8888888888889,21.6666666666667,16.4529914529915,15,11,26,5.16620189749284,5.07089499338291,6.4179489121693,3.28478759220139,64782.5,23984.375,11217.665,1279.585,231.665,122,99053.17,101818.87,102008.995,102199.12,"Hazardous","High",NA,NA,NA,NA,NA,NA,NA,NA,NA,NA,NA,NA,NA,NA,NA,NA,NA,NA,NA,NA
"11A_C",6,0,"Konza4","Button","Smoke","CW/KOH",20240622,NA,"LL","1000x",NA,NA,"11A","K4_A",3,80,26.66666667,"K1B",3,11,0.02666666667,0,0,0,0,0,-3.62434093285137,0.0625,0,0,0,0,0,0,1284.47600540507,1152.27781684,4235.5983418576,237.203465346535,280,450.52,972.438613861386,967.75,2602.25,32.4358974358974,33.8888888888889,38.8888888888889,21.6666666666667,16.4529914529915,15,11,26,5.16620189749284,5.07089499338291,6.4179489121693,3.28478759220139,64782.5,23984.375,11217.665,1279.585,231.665,122,99053.17,101818.87,102008.995,102199.12,"Hazardous","High",NA,NA,NA,NA,NA,NA,NA,NA,NA,NA,NA,NA,NA,NA,NA,NA,NA,NA,NA,NA
"11A_C",7,1,"Konza4","Button","Smoke","CW/KOH",20240622,NA,"LL","1000x",NA,NA,"11A","K4_A",3,80,26.66666667,"K1B",3,11,0.02666666667,0,0,0,0,1,-3.62434093285137,0.0625,0.9375,7225,270937.499966133,6773.4375,254003.906218249,237164.916403816,1284.47600540507,1152.27781684,4235.5983418576,237.203465346535,280,450.52,972.438613861386,967.75,2602.25,32.4358974358974,33.8888888888889,38.8888888888889,21.6666666666667,16.4529914529915,15,11,26,5.16620189749284,5.07089499338291,6.4179489121693,3.28478759220139,64782.5,23984.375,11217.665,1279.585,231.665,122,99053.17,101818.87,102008.995,102199.12,"Hazardous","High",NA,NA,NA,NA,NA,NA,NA,NA,NA,NA,NA,NA,NA,NA,NA,NA,NA,NA,NA,NA
"11A_C",8,0,"Konza4","Button","Smoke","CW/KOH",20240622,NA,"LL","1000x",NA,NA,"11A","K4_A",3,80,26.66666667,"K1B",3,11,0.02666666667,0,0,0,0,0,-3.62434093285137,0.0625,0,0,0,0,0,0,1284.47600540507,1152.27781684,4235.5983418576,237.203465346535,280,450.52,972.438613861386,967.75,2602.25,32.4358974358974,33.8888888888889,38.8888888888889,21.6666666666667,16.4529914529915,15,11,26,5.16620189749284,5.07089499338291,6.4179489121693,3.28478759220139,64782.5,23984.375,11217.665,1279.585,231.665,122,99053.17,101818.87,102008.995,102199.12,"Hazardous","High",NA,NA,NA,NA,NA,NA,NA,NA,NA,NA,NA,NA,NA,NA,NA,NA,NA,NA,NA,NA
"11A_C",9,0,"Konza4","Button","Smoke","CW/KOH",20240622,NA,"LL","1000x",NA,NA,"11A","K4_A",3,80,26.66666667,"K1B",3,11,0.02666666667,0,0,0,0,0,-3.62434093285137,0.0625,0,0,0,0,0,0,1284.47600540507,1152.27781684,4235.5983418576,237.203465346535,280,450.52,972.438613861386,967.75,2602.25,32.4358974358974,33.8888888888889,38.8888888888889,21.6666666666667,16.4529914529915,15,11,26,5.16620189749284,5.07089499338291,6.4179489121693,3.28478759220139,64782.5,23984.375,11217.665,1279.585,231.665,122,99053.17,101818.87,102008.995,102199.12,"Hazardous","High",NA,NA,NA,NA,NA,NA,NA,NA,NA,NA,NA,NA,NA,NA,NA,NA,NA,NA,NA,NA
"11A_C",10,0,"Konza4","Button","Smoke","CW/KOH",20240622,NA,"LL","1000x",NA,NA,"11A","K4_A",3,80,26.66666667,"K1B",3,11,0.02666666667,0,0,0,0,0,-3.62434093285137,0.0625,0,0,0,0,0,0,1284.47600540507,1152.27781684,4235.5983418576,237.203465346535,280,450.52,972.438613861386,967.75,2602.25,32.4358974358974,33.8888888888889,38.8888888888889,21.6666666666667,16.4529914529915,15,11,26,5.16620189749284,5.07089499338291,6.4179489121693,3.28478759220139,64782.5,23984.375,11217.665,1279.585,231.665,122,99053.17,101818.87,102008.995,102199.12,"Hazardous","High",NA,NA,NA,NA,NA,NA,NA,NA,NA,NA,NA,NA,NA,NA,NA,NA,NA,NA,NA,NA
"11A_C",11,0,"Konza4","Button","Smoke","CW/KOH",20240622,NA,"LL","1000x",NA,NA,"11A","K4_A",3,80,26.66666667,"K1B",3,11,0.02666666667,0,0,0,0,0,-3.62434093285137,0.0625,0,0,0,0,0,0,1284.47600540507,1152.27781684,4235.5983418576,237.203465346535,280,450.52,972.438613861386,967.75,2602.25,32.4358974358974,33.8888888888889,38.8888888888889,21.6666666666667,16.4529914529915,15,11,26,5.16620189749284,5.07089499338291,6.4179489121693,3.28478759220139,64782.5,23984.375,11217.665,1279.585,231.665,122,99053.17,101818.87,102008.995,102199.12,"Hazardous","High",NA,NA,NA,NA,NA,NA,NA,NA,NA,NA,NA,NA,NA,NA,NA,NA,NA,NA,NA,NA
"11A_C",12,0,"Konza4","Button","Smoke","CW/KOH",20240622,NA,"LL","1000x",NA,NA,"11A","K4_A",3,80,26.66666667,"K1B",3,11,0.02666666667,0,0,0,0,0,-3.62434093285137,0.0625,0,0,0,0,0,0,1284.47600540507,1152.27781684,4235.5983418576,237.203465346535,280,450.52,972.438613861386,967.75,2602.25,32.4358974358974,33.8888888888889,38.8888888888889,21.6666666666667,16.4529914529915,15,11,26,5.16620189749284,5.07089499338291,6.4179489121693,3.28478759220139,64782.5,23984.375,11217.665,1279.585,231.665,122,99053.17,101818.87,102008.995,102199.12,"Hazardous","High",NA,NA,NA,NA,NA,NA,NA,NA,NA,NA,NA,NA,NA,NA,NA,NA,NA,NA,NA,NA
"11A_C",13,0,"Konza4","Button","Smoke","CW/KOH",20240622,NA,"LL","1000x",NA,NA,"11A","K4_A",3,80,26.66666667,"K1B",3,11,0.02666666667,0,0,0,0,0,-3.62434093285137,0.0625,0,0,0,0,0,0,1284.47600540507,1152.27781684,4235.5983418576,237.203465346535,280,450.52,972.438613861386,967.75,2602.25,32.4358974358974,33.8888888888889,38.8888888888889,21.6666666666667,16.4529914529915,15,11,26,5.16620189749284,5.07089499338291,6.4179489121693,3.28478759220139,64782.5,23984.375,11217.665,1279.585,231.665,122,99053.17,101818.87,102008.995,102199.12,"Hazardous","High",NA,NA,NA,NA,NA,NA,NA,NA,NA,NA,NA,NA,NA,NA,NA,NA,NA,NA,NA,NA
"11A_C",14,0,"Konza4","Button","Smoke","CW/KOH",20240622,NA,"LL","1000x",NA,NA,"11A","K4_A",3,80,26.66666667,"K1B",3,11,0.02666666667,0,0,0,0,0,-3.62434093285137,0.0625,0,0,0,0,0,0,1284.47600540507,1152.27781684,4235.5983418576,237.203465346535,280,450.52,972.438613861386,967.75,2602.25,32.4358974358974,33.8888888888889,38.8888888888889,21.6666666666667,16.4529914529915,15,11,26,5.16620189749284,5.07089499338291,6.4179489121693,3.28478759220139,64782.5,23984.375,11217.665,1279.585,231.665,122,99053.17,101818.87,102008.995,102199.12,"Hazardous","High",NA,NA,NA,NA,NA,NA,NA,NA,NA,NA,NA,NA,NA,NA,NA,NA,NA,NA,NA,NA
"11A_C",15,0,"Konza4","Button","Smoke","CW/KOH",20240622,NA,"LL","1000x",NA,NA,"11A","K4_A",3,80,26.66666667,"K1B",3,11,0.02666666667,0,0,0,0,0,-3.62434093285137,0.0625,0,0,0,0,0,0,1284.47600540507,1152.27781684,4235.5983418576,237.203465346535,280,450.52,972.438613861386,967.75,2602.25,32.4358974358974,33.8888888888889,38.8888888888889,21.6666666666667,16.4529914529915,15,11,26,5.16620189749284,5.07089499338291,6.4179489121693,3.28478759220139,64782.5,23984.375,11217.665,1279.585,231.665,122,99053.17,101818.87,102008.995,102199.12,"Hazardous","High",NA,NA,NA,NA,NA,NA,NA,NA,NA,NA,NA,NA,NA,NA,NA,NA,NA,NA,NA,NA
"11A_C",16,0,"Konza4","Button","Smoke","CW/KOH",20240622,NA,"LL","1000x",NA,NA,"11A","K4_A",3,80,26.66666667,"K1B",3,11,0.02666666667,0,0,0,0,0,-3.62434093285137,0.0625,0,0,0,0,0,0,1284.47600540507,1152.27781684,4235.5983418576,237.203465346535,280,450.52,972.438613861386,967.75,2602.25,32.4358974358974,33.8888888888889,38.8888888888889,21.6666666666667,16.4529914529915,15,11,26,5.16620189749284,5.07089499338291,6.4179489121693,3.28478759220139,64782.5,23984.375,11217.665,1279.585,231.665,122,99053.17,101818.87,102008.995,102199.12,"Hazardous","High",NA,NA,NA,NA,NA,NA,NA,NA,NA,NA,NA,NA,NA,NA,NA,NA,NA,NA,NA,NA
"11A_C",17,0,"Konza4","Button","Smoke","CW/KOH",20240622,NA,"LL","1000x",NA,NA,"11A","K4_A",3,80,26.66666667,"K1B",3,11,0.02666666667,0,0,0,0,0,-3.62434093285137,0.0625,0,0,0,0,0,0,1284.47600540507,1152.27781684,4235.5983418576,237.203465346535,280,450.52,972.438613861386,967.75,2602.25,32.4358974358974,33.8888888888889,38.8888888888889,21.6666666666667,16.4529914529915,15,11,26,5.16620189749284,5.07089499338291,6.4179489121693,3.28478759220139,64782.5,23984.375,11217.665,1279.585,231.665,122,99053.17,101818.87,102008.995,102199.12,"Hazardous","High",NA,NA,NA,NA,NA,NA,NA,NA,NA,NA,NA,NA,NA,NA,NA,NA,NA,NA,NA,NA
"11A_C",18,2,"Konza4","Button","Smoke","CW/KOH",20240622,NA,"LL","1000x",NA,NA,"11A","K4_A",3,80,26.66666667,"K1B",3,11,0.02666666667,0,0,0,0,2,-3.62434093285137,0.0625,1.9375,14450,541874.999932265,13998.4375,524941.406184382,508102.416369949,1284.47600540507,1152.27781684,4235.5983418576,237.203465346535,280,450.52,972.438613861386,967.75,2602.25,32.4358974358974,33.8888888888889,38.8888888888889,21.6666666666667,16.4529914529915,15,11,26,5.16620189749284,5.07089499338291,6.4179489121693,3.28478759220139,64782.5,23984.375,11217.665,1279.585,231.665,122,99053.17,101818.87,102008.995,102199.12,"Hazardous","High",NA,NA,NA,NA,NA,NA,NA,NA,NA,NA,NA,NA,NA,NA,NA,NA,NA,NA,NA,NA
"11A_C",19,0,"Konza4","Button","Smoke","CW/KOH",20240622,NA,"LL","1000x",NA,NA,"11A","K4_A",3,80,26.66666667,"K1B",3,11,0.02666666667,0,0,0,0,0,-3.62434093285137,0.0625,0,0,0,0,0,0,1284.47600540507,1152.27781684,4235.5983418576,237.203465346535,280,450.52,972.438613861386,967.75,2602.25,32.4358974358974,33.8888888888889,38.8888888888889,21.6666666666667,16.4529914529915,15,11,26,5.16620189749284,5.07089499338291,6.4179489121693,3.28478759220139,64782.5,23984.375,11217.665,1279.585,231.665,122,99053.17,101818.87,102008.995,102199.12,"Hazardous","High",NA,NA,NA,NA,NA,NA,NA,NA,NA,NA,NA,NA,NA,NA,NA,NA,NA,NA,NA,NA
"11A_C",20,0,"Konza4","Button","Smoke","CW/KOH",20240622,NA,"LL","1000x",NA,NA,"11A","K4_A",3,80,26.66666667,"K1B",3,11,0.02666666667,0,0,0,0,0,-3.62434093285137,0.0625,0,0,0,0,0,0,1284.47600540507,1152.27781684,4235.5983418576,237.203465346535,280,450.52,972.438613861386,967.75,2602.25,32.4358974358974,33.8888888888889,38.8888888888889,21.6666666666667,16.4529914529915,15,11,26,5.16620189749284,5.07089499338291,6.4179489121693,3.28478759220139,64782.5,23984.375,11217.665,1279.585,231.665,122,99053.17,101818.87,102008.995,102199.12,"Hazardous","High",NA,NA,NA,NA,NA,NA,NA,NA,NA,NA,NA,NA,NA,NA,NA,NA,NA,NA,NA,NA
"11A_C",21,0,"Konza4","Button","Smoke","CW/KOH",20240622,NA,"LL","1000x",NA,NA,"11A","K4_A",3,80,26.66666667,"K1B",3,11,0.02666666667,0,0,0,0,0,-3.62434093285137,0.0625,0,0,0,0,0,0,1284.47600540507,1152.27781684,4235.5983418576,237.203465346535,280,450.52,972.438613861386,967.75,2602.25,32.4358974358974,33.8888888888889,38.8888888888889,21.6666666666667,16.4529914529915,15,11,26,5.16620189749284,5.07089499338291,6.4179489121693,3.28478759220139,64782.5,23984.375,11217.665,1279.585,231.665,122,99053.17,101818.87,102008.995,102199.12,"Hazardous","High",NA,NA,NA,NA,NA,NA,NA,NA,NA,NA,NA,NA,NA,NA,NA,NA,NA,NA,NA,NA
"11A_C",22,0,"Konza4","Button","Smoke","CW/KOH",20240622,NA,"LL","1000x",NA,NA,"11A","K4_A",3,80,26.66666667,"K1B",3,11,0.02666666667,0,0,0,0,0,-3.62434093285137,0.0625,0,0,0,0,0,0,1284.47600540507,1152.27781684,4235.5983418576,237.203465346535,280,450.52,972.438613861386,967.75,2602.25,32.4358974358974,33.8888888888889,38.8888888888889,21.6666666666667,16.4529914529915,15,11,26,5.16620189749284,5.07089499338291,6.4179489121693,3.28478759220139,64782.5,23984.375,11217.665,1279.585,231.665,122,99053.17,101818.87,102008.995,102199.12,"Hazardous","High",NA,NA,NA,NA,NA,NA,NA,NA,NA,NA,NA,NA,NA,NA,NA,NA,NA,NA,NA,NA
"11A_C",23,0,"Konza4","Button","Smoke","CW/KOH",20240622,NA,"LL","1000x",NA,NA,"11A","K4_A",3,80,26.66666667,"K1B",3,11,0.02666666667,0,0,0,0,0,-3.62434093285137,0.0625,0,0,0,0,0,0,1284.47600540507,1152.27781684,4235.5983418576,237.203465346535,280,450.52,972.438613861386,967.75,2602.25,32.4358974358974,33.8888888888889,38.8888888888889,21.6666666666667,16.4529914529915,15,11,26,5.16620189749284,5.07089499338291,6.4179489121693,3.28478759220139,64782.5,23984.375,11217.665,1279.585,231.665,122,99053.17,101818.87,102008.995,102199.12,"Hazardous","High",NA,NA,NA,NA,NA,NA,NA,NA,NA,NA,NA,NA,NA,NA,NA,NA,NA,NA,NA,NA
"11A_C",24,0,"Konza4","Button","Smoke","CW/KOH",20240622,NA,"LL","1000x",NA,NA,"11A","K4_A",3,80,26.66666667,"K1B",3,11,0.02666666667,0,0,0,0,0,-3.62434093285137,0.0625,0,0,0,0,0,0,1284.47600540507,1152.27781684,4235.5983418576,237.203465346535,280,450.52,972.438613861386,967.75,2602.25,32.4358974358974,33.8888888888889,38.8888888888889,21.6666666666667,16.4529914529915,15,11,26,5.16620189749284,5.07089499338291,6.4179489121693,3.28478759220139,64782.5,23984.375,11217.665,1279.585,231.665,122,99053.17,101818.87,102008.995,102199.12,"Hazardous","High",NA,NA,NA,NA,NA,NA,NA,NA,NA,NA,NA,NA,NA,NA,NA,NA,NA,NA,NA,NA
"11A_C",25,0,"Konza4","Button","Smoke","CW/KOH",20240622,NA,"LL","1000x",NA,NA,"11A","K4_A",3,80,26.66666667,"K1B",3,11,0.02666666667,0,0,0,0,0,-3.62434093285137,0.0625,0,0,0,0,0,0,1284.47600540507,1152.27781684,4235.5983418576,237.203465346535,280,450.52,972.438613861386,967.75,2602.25,32.4358974358974,33.8888888888889,38.8888888888889,21.6666666666667,16.4529914529915,15,11,26,5.16620189749284,5.07089499338291,6.4179489121693,3.28478759220139,64782.5,23984.375,11217.665,1279.585,231.665,122,99053.17,101818.87,102008.995,102199.12,"Hazardous","High",NA,NA,NA,NA,NA,NA,NA,NA,NA,NA,NA,NA,NA,NA,NA,NA,NA,NA,NA,NA
"11A_C",26,0,"Konza4","Button","Smoke","CW/KOH",20240622,NA,"LL","1000x",NA,NA,"11A","K4_A",3,80,26.66666667,"K1B",3,11,0.02666666667,0,0,0,0,0,-3.62434093285137,0.0625,0,0,0,0,0,0,1284.47600540507,1152.27781684,4235.5983418576,237.203465346535,280,450.52,972.438613861386,967.75,2602.25,32.4358974358974,33.8888888888889,38.8888888888889,21.6666666666667,16.4529914529915,15,11,26,5.16620189749284,5.07089499338291,6.4179489121693,3.28478759220139,64782.5,23984.375,11217.665,1279.585,231.665,122,99053.17,101818.87,102008.995,102199.12,"Hazardous","High",NA,NA,NA,NA,NA,NA,NA,NA,NA,NA,NA,NA,NA,NA,NA,NA,NA,NA,NA,NA
"11A_C",27,0,"Konza4","Button","Smoke","CW/KOH",20240622,NA,"LL","1000x",NA,NA,"11A","K4_A",3,80,26.66666667,"K1B",3,11,0.02666666667,0,0,0,0,0,-3.62434093285137,0.0625,0,0,0,0,0,0,1284.47600540507,1152.27781684,4235.5983418576,237.203465346535,280,450.52,972.438613861386,967.75,2602.25,32.4358974358974,33.8888888888889,38.8888888888889,21.6666666666667,16.4529914529915,15,11,26,5.16620189749284,5.07089499338291,6.4179489121693,3.28478759220139,64782.5,23984.375,11217.665,1279.585,231.665,122,99053.17,101818.87,102008.995,102199.12,"Hazardous","High",NA,NA,NA,NA,NA,NA,NA,NA,NA,NA,NA,NA,NA,NA,NA,NA,NA,NA,NA,NA
"11A_C",28,0,"Konza4","Button","Smoke","CW/KOH",20240622,NA,"LL","1000x",NA,NA,"11A","K4_A",3,80,26.66666667,"K1B",3,11,0.02666666667,0,0,0,0,0,-3.62434093285137,0.0625,0,0,0,0,0,0,1284.47600540507,1152.27781684,4235.5983418576,237.203465346535,280,450.52,972.438613861386,967.75,2602.25,32.4358974358974,33.8888888888889,38.8888888888889,21.6666666666667,16.4529914529915,15,11,26,5.16620189749284,5.07089499338291,6.4179489121693,3.28478759220139,64782.5,23984.375,11217.665,1279.585,231.665,122,99053.17,101818.87,102008.995,102199.12,"Hazardous","High",NA,NA,NA,NA,NA,NA,NA,NA,NA,NA,NA,NA,NA,NA,NA,NA,NA,NA,NA,NA
"11A_C",29,0,"Konza4","Button","Smoke","CW/KOH",20240622,NA,"LL","1000x",NA,NA,"11A","K4_A",3,80,26.66666667,"K1B",3,11,0.02666666667,0,0,0,0,0,-3.62434093285137,0.0625,0,0,0,0,0,0,1284.47600540507,1152.27781684,4235.5983418576,237.203465346535,280,450.52,972.438613861386,967.75,2602.25,32.4358974358974,33.8888888888889,38.8888888888889,21.6666666666667,16.4529914529915,15,11,26,5.16620189749284,5.07089499338291,6.4179489121693,3.28478759220139,64782.5,23984.375,11217.665,1279.585,231.665,122,99053.17,101818.87,102008.995,102199.12,"Hazardous","High",NA,NA,NA,NA,NA,NA,NA,NA,NA,NA,NA,NA,NA,NA,NA,NA,NA,NA,NA,NA
"11A_C",30,0,"Konza4","Button","Smoke","CW/KOH",20240622,NA,"LL","1000x",NA,NA,"11A","K4_A",3,80,26.66666667,"K1B",3,11,0.02666666667,0,0,0,0,0,-3.62434093285137,0.0625,0,0,0,0,0,0,1284.47600540507,1152.27781684,4235.5983418576,237.203465346535,280,450.52,972.438613861386,967.75,2602.25,32.4358974358974,33.8888888888889,38.8888888888889,21.6666666666667,16.4529914529915,15,11,26,5.16620189749284,5.07089499338291,6.4179489121693,3.28478759220139,64782.5,23984.375,11217.665,1279.585,231.665,122,99053.17,101818.87,102008.995,102199.12,"Hazardous","High",NA,NA,NA,NA,NA,NA,NA,NA,NA,NA,NA,NA,NA,NA,NA,NA,NA,NA,NA,NA
"11A_C",31,0,"Konza4","Button","Smoke","CW/KOH",20240622,NA,"LL","1000x",NA,NA,"11A","K4_A",3,80,26.66666667,"K1B",3,11,0.02666666667,0,0,0,0,0,-3.62434093285137,0.0625,0,0,0,0,0,0,1284.47600540507,1152.27781684,4235.5983418576,237.203465346535,280,450.52,972.438613861386,967.75,2602.25,32.4358974358974,33.8888888888889,38.8888888888889,21.6666666666667,16.4529914529915,15,11,26,5.16620189749284,5.07089499338291,6.4179489121693,3.28478759220139,64782.5,23984.375,11217.665,1279.585,231.665,122,99053.17,101818.87,102008.995,102199.12,"Hazardous","High",NA,NA,NA,NA,NA,NA,NA,NA,NA,NA,NA,NA,NA,NA,NA,NA,NA,NA,NA,NA
"11A_C",32,0,"Konza4","Button","Smoke","CW/KOH",20240622,NA,"LL","1000x",NA,NA,"11A","K4_A",3,80,26.66666667,"K1B",3,11,0.02666666667,0,0,0,0,0,-3.62434093285137,0.0625,0,0,0,0,0,0,1284.47600540507,1152.27781684,4235.5983418576,237.203465346535,280,450.52,972.438613861386,967.75,2602.25,32.4358974358974,33.8888888888889,38.8888888888889,21.6666666666667,16.4529914529915,15,11,26,5.16620189749284,5.07089499338291,6.4179489121693,3.28478759220139,64782.5,23984.375,11217.665,1279.585,231.665,122,99053.17,101818.87,102008.995,102199.12,"Hazardous","High",NA,NA,NA,NA,NA,NA,NA,NA,NA,NA,NA,NA,NA,NA,NA,NA,NA,NA,NA,NA
"11A_C",33,0,"Konza4","Button","Smoke","CW/KOH",20240622,NA,"LL","1000x",NA,NA,"11A","K4_A",3,80,26.66666667,"K1B",3,11,0.02666666667,0,0,0,0,0,-3.62434093285137,0.0625,0,0,0,0,0,0,1284.47600540507,1152.27781684,4235.5983418576,237.203465346535,280,450.52,972.438613861386,967.75,2602.25,32.4358974358974,33.8888888888889,38.8888888888889,21.6666666666667,16.4529914529915,15,11,26,5.16620189749284,5.07089499338291,6.4179489121693,3.28478759220139,64782.5,23984.375,11217.665,1279.585,231.665,122,99053.17,101818.87,102008.995,102199.12,"Hazardous","High",NA,NA,NA,NA,NA,NA,NA,NA,NA,NA,NA,NA,NA,NA,NA,NA,NA,NA,NA,NA
"11A_C",34,0,"Konza4","Button","Smoke","CW/KOH",20240622,NA,"LL","1000x",NA,NA,"11A","K4_A",3,80,26.66666667,"K1B",3,11,0.02666666667,0,0,0,0,0,-3.62434093285137,0.0625,0,0,0,0,0,0,1284.47600540507,1152.27781684,4235.5983418576,237.203465346535,280,450.52,972.438613861386,967.75,2602.25,32.4358974358974,33.8888888888889,38.8888888888889,21.6666666666667,16.4529914529915,15,11,26,5.16620189749284,5.07089499338291,6.4179489121693,3.28478759220139,64782.5,23984.375,11217.665,1279.585,231.665,122,99053.17,101818.87,102008.995,102199.12,"Hazardous","High",NA,NA,NA,NA,NA,NA,NA,NA,NA,NA,NA,NA,NA,NA,NA,NA,NA,NA,NA,NA
"11A_C",35,0,"Konza4","Button","Smoke","CW/KOH",20240622,NA,"LL","1000x",NA,NA,"11A","K4_A",3,80,26.66666667,"K1B",3,11,0.02666666667,0,0,0,0,0,-3.62434093285137,0.0625,0,0,0,0,0,0,1284.47600540507,1152.27781684,4235.5983418576,237.203465346535,280,450.52,972.438613861386,967.75,2602.25,32.4358974358974,33.8888888888889,38.8888888888889,21.6666666666667,16.4529914529915,15,11,26,5.16620189749284,5.07089499338291,6.4179489121693,3.28478759220139,64782.5,23984.375,11217.665,1279.585,231.665,122,99053.17,101818.87,102008.995,102199.12,"Hazardous","High",NA,NA,NA,NA,NA,NA,NA,NA,NA,NA,NA,NA,NA,NA,NA,NA,NA,NA,NA,NA
"11A_C",36,0,"Konza4","Button","Smoke","CW/KOH",20240622,NA,"LL","1000x",NA,NA,"11A","K4_A",3,80,26.66666667,"K1B",3,11,0.02666666667,0,0,0,0,0,-3.62434093285137,0.0625,0,0,0,0,0,0,1284.47600540507,1152.27781684,4235.5983418576,237.203465346535,280,450.52,972.438613861386,967.75,2602.25,32.4358974358974,33.8888888888889,38.8888888888889,21.6666666666667,16.4529914529915,15,11,26,5.16620189749284,5.07089499338291,6.4179489121693,3.28478759220139,64782.5,23984.375,11217.665,1279.585,231.665,122,99053.17,101818.87,102008.995,102199.12,"Hazardous","High",NA,NA,NA,NA,NA,NA,NA,NA,NA,NA,NA,NA,NA,NA,NA,NA,NA,NA,NA,NA
"11A_C",37,0,"Konza4","Button","Smoke","CW/KOH",20240622,NA,"LL","1000x",NA,NA,"11A","K4_A",3,80,26.66666667,"K1B",3,11,0.02666666667,0,0,0,0,0,-3.62434093285137,0.0625,0,0,0,0,0,0,1284.47600540507,1152.27781684,4235.5983418576,237.203465346535,280,450.52,972.438613861386,967.75,2602.25,32.4358974358974,33.8888888888889,38.8888888888889,21.6666666666667,16.4529914529915,15,11,26,5.16620189749284,5.07089499338291,6.4179489121693,3.28478759220139,64782.5,23984.375,11217.665,1279.585,231.665,122,99053.17,101818.87,102008.995,102199.12,"Hazardous","High",NA,NA,NA,NA,NA,NA,NA,NA,NA,NA,NA,NA,NA,NA,NA,NA,NA,NA,NA,NA
"11A_C",38,0,"Konza4","Button","Smoke","CW/KOH",20240622,NA,"LL","1000x",NA,NA,"11A","K4_A",3,80,26.66666667,"K1B",3,11,0.02666666667,0,0,0,0,0,-3.62434093285137,0.0625,0,0,0,0,0,0,1284.47600540507,1152.27781684,4235.5983418576,237.203465346535,280,450.52,972.438613861386,967.75,2602.25,32.4358974358974,33.8888888888889,38.8888888888889,21.6666666666667,16.4529914529915,15,11,26,5.16620189749284,5.07089499338291,6.4179489121693,3.28478759220139,64782.5,23984.375,11217.665,1279.585,231.665,122,99053.17,101818.87,102008.995,102199.12,"Hazardous","High",NA,NA,NA,NA,NA,NA,NA,NA,NA,NA,NA,NA,NA,NA,NA,NA,NA,NA,NA,NA
"11A_C",39,2,"Konza4","Button","Smoke","CW/KOH",20240622,NA,"LL","1000x",NA,NA,"11A","K4_A",3,80,26.66666667,"K1B",3,11,0.02666666667,0,0,0,0,2,-3.62434093285137,0.0625,1.9375,14450,541874.999932265,13998.4375,524941.406184382,508102.416369949,1284.47600540507,1152.27781684,4235.5983418576,237.203465346535,280,450.52,972.438613861386,967.75,2602.25,32.4358974358974,33.8888888888889,38.8888888888889,21.6666666666667,16.4529914529915,15,11,26,5.16620189749284,5.07089499338291,6.4179489121693,3.28478759220139,64782.5,23984.375,11217.665,1279.585,231.665,122,99053.17,101818.87,102008.995,102199.12,"Hazardous","High",NA,NA,NA,NA,NA,NA,NA,NA,NA,NA,NA,NA,NA,NA,NA,NA,NA,NA,NA,NA
"11A_C",40,0,"Konza4","Button","Smoke","CW/KOH",20240622,NA,"LL","1000x",NA,NA,"11A","K4_A",3,80,26.66666667,"K1B",3,11,0.02666666667,0,0,0,0,0,-3.62434093285137,0.0625,0,0,0,0,0,0,1284.47600540507,1152.27781684,4235.5983418576,237.203465346535,280,450.52,972.438613861386,967.75,2602.25,32.4358974358974,33.8888888888889,38.8888888888889,21.6666666666667,16.4529914529915,15,11,26,5.16620189749284,5.07089499338291,6.4179489121693,3.28478759220139,64782.5,23984.375,11217.665,1279.585,231.665,122,99053.17,101818.87,102008.995,102199.12,"Hazardous","High",NA,NA,NA,NA,NA,NA,NA,NA,NA,NA,NA,NA,NA,NA,NA,NA,NA,NA,NA,NA
"12A_B",1,0,"Konza4","Button","Smoke","CW/KOH",20240717,NA,"LL","1000x",NA,NA,"12A","K4_B",2,80,40,"1D",3,12,0.04,0,0,0,0,0,-3.2188758248682,0.0625,0,0,0,0,0,0,622.881733812605,128.82971,6136.6878516461,137.246811594203,106.25,503.145,523.299492753623,169.965,6130.96,27.1035137701804,26.6666666666667,33.3333333333333,17.2222222222222,17.6068376068376,18,15,20,4.18750501160228,4.15360555843436,6.1859474870611,2.4575655039715,27951.6,7776.6,1156.2,60.3,14,6,37250.335,37348.6,37372.9,37397.2,"Very Unhealthy","Low",113.770791378956,41.762295685,403.69334001788,1.167358855,222.804776749914,149.1473916,5.89821532395388,1.167358855,0.954531364855707,0.967099858342308,0.715751175342627,114.486542554298,228.973085108597,0.228973085108597,0.000228973085108597,2.28973085108597e-07,0.00629116811676692,0,0,0
"12A_B",2,0,"Konza4","Button","Smoke","CW/KOH",20240717,NA,"LL","1000x",NA,NA,"12A","K4_B",2,80,40,"1D",3,12,0.04,0,0,0,0,0,-3.2188758248682,0.0625,0,0,0,0,0,0,622.881733812605,128.82971,6136.6878516461,137.246811594203,106.25,503.145,523.299492753623,169.965,6130.96,27.1035137701804,26.6666666666667,33.3333333333333,17.2222222222222,17.6068376068376,18,15,20,4.18750501160228,4.15360555843436,6.1859474870611,2.4575655039715,27951.6,7776.6,1156.2,60.3,14,6,37250.335,37348.6,37372.9,37397.2,"Very Unhealthy","Low",113.770791378956,41.762295685,403.69334001788,1.167358855,222.804776749914,149.1473916,5.89821532395388,1.167358855,0.954531364855707,0.967099858342308,0.715751175342627,114.486542554298,228.973085108597,0.228973085108597,0.000228973085108597,2.28973085108597e-07,0.00629116811676692,0,0,0
"12A_B",3,0,"Konza4","Button","Smoke","CW/KOH",20240717,NA,"LL","1000x",NA,NA,"12A","K4_B",2,80,40,"1D",3,12,0.04,0,0,0,0,0,-3.2188758248682,0.0625,0,0,0,0,0,0,622.881733812605,128.82971,6136.6878516461,137.246811594203,106.25,503.145,523.299492753623,169.965,6130.96,27.1035137701804,26.6666666666667,33.3333333333333,17.2222222222222,17.6068376068376,18,15,20,4.18750501160228,4.15360555843436,6.1859474870611,2.4575655039715,27951.6,7776.6,1156.2,60.3,14,6,37250.335,37348.6,37372.9,37397.2,"Very Unhealthy","Low",113.770791378956,41.762295685,403.69334001788,1.167358855,222.804776749914,149.1473916,5.89821532395388,1.167358855,0.954531364855707,0.967099858342308,0.715751175342627,114.486542554298,228.973085108597,0.228973085108597,0.000228973085108597,2.28973085108597e-07,0.00629116811676692,0,0,0
"12A_B",4,0,"Konza4","Button","Smoke","CW/KOH",20240717,NA,"LL","1000x",NA,NA,"12A","K4_B",2,80,40,"1D",3,12,0.04,0,0,0,0,0,-3.2188758248682,0.0625,0,0,0,0,0,0,622.881733812605,128.82971,6136.6878516461,137.246811594203,106.25,503.145,523.299492753623,169.965,6130.96,27.1035137701804,26.6666666666667,33.3333333333333,17.2222222222222,17.6068376068376,18,15,20,4.18750501160228,4.15360555843436,6.1859474870611,2.4575655039715,27951.6,7776.6,1156.2,60.3,14,6,37250.335,37348.6,37372.9,37397.2,"Very Unhealthy","Low",113.770791378956,41.762295685,403.69334001788,1.167358855,222.804776749914,149.1473916,5.89821532395388,1.167358855,0.954531364855707,0.967099858342308,0.715751175342627,114.486542554298,228.973085108597,0.228973085108597,0.000228973085108597,2.28973085108597e-07,0.00629116811676692,0,0,0
"12A_B",5,0,"Konza4","Button","Smoke","CW/KOH",20240717,NA,"LL","1000x",NA,NA,"12A","K4_B",2,80,40,"1D",3,12,0.04,0,0,0,0,0,-3.2188758248682,0.0625,0,0,0,0,0,0,622.881733812605,128.82971,6136.6878516461,137.246811594203,106.25,503.145,523.299492753623,169.965,6130.96,27.1035137701804,26.6666666666667,33.3333333333333,17.2222222222222,17.6068376068376,18,15,20,4.18750501160228,4.15360555843436,6.1859474870611,2.4575655039715,27951.6,7776.6,1156.2,60.3,14,6,37250.335,37348.6,37372.9,37397.2,"Very Unhealthy","Low",113.770791378956,41.762295685,403.69334001788,1.167358855,222.804776749914,149.1473916,5.89821532395388,1.167358855,0.954531364855707,0.967099858342308,0.715751175342627,114.486542554298,228.973085108597,0.228973085108597,0.000228973085108597,2.28973085108597e-07,0.00629116811676692,0,0,0
"12A_B",6,0,"Konza4","Button","Smoke","CW/KOH",20240717,NA,"LL","1000x",NA,NA,"12A","K4_B",2,80,40,"1D",3,12,0.04,0,0,0,0,0,-3.2188758248682,0.0625,0,0,0,0,0,0,622.881733812605,128.82971,6136.6878516461,137.246811594203,106.25,503.145,523.299492753623,169.965,6130.96,27.1035137701804,26.6666666666667,33.3333333333333,17.2222222222222,17.6068376068376,18,15,20,4.18750501160228,4.15360555843436,6.1859474870611,2.4575655039715,27951.6,7776.6,1156.2,60.3,14,6,37250.335,37348.6,37372.9,37397.2,"Very Unhealthy","Low",113.770791378956,41.762295685,403.69334001788,1.167358855,222.804776749914,149.1473916,5.89821532395388,1.167358855,0.954531364855707,0.967099858342308,0.715751175342627,114.486542554298,228.973085108597,0.228973085108597,0.000228973085108597,2.28973085108597e-07,0.00629116811676692,0,0,0
"12A_B",7,0,"Konza4","Button","Smoke","CW/KOH",20240717,NA,"LL","1000x",NA,NA,"12A","K4_B",2,80,40,"1D",3,12,0.04,0,0,0,0,0,-3.2188758248682,0.0625,0,0,0,0,0,0,622.881733812605,128.82971,6136.6878516461,137.246811594203,106.25,503.145,523.299492753623,169.965,6130.96,27.1035137701804,26.6666666666667,33.3333333333333,17.2222222222222,17.6068376068376,18,15,20,4.18750501160228,4.15360555843436,6.1859474870611,2.4575655039715,27951.6,7776.6,1156.2,60.3,14,6,37250.335,37348.6,37372.9,37397.2,"Very Unhealthy","Low",113.770791378956,41.762295685,403.69334001788,1.167358855,222.804776749914,149.1473916,5.89821532395388,1.167358855,0.954531364855707,0.967099858342308,0.715751175342627,114.486542554298,228.973085108597,0.228973085108597,0.000228973085108597,2.28973085108597e-07,0.00629116811676692,0,0,0
"12A_B",8,1,"Konza4","Button","Smoke","CW/KOH",20240717,NA,"LL","1000x",NA,NA,"12A","K4_B",2,80,40,"1D",3,12,0.04,0,0,0,0,1,-3.2188758248682,0.0625,0.9375,7225,180625,6773.4375,169335.9375,152496.947685566,622.881733812605,128.82971,6136.6878516461,137.246811594203,106.25,503.145,523.299492753623,169.965,6130.96,27.1035137701804,26.6666666666667,33.3333333333333,17.2222222222222,17.6068376068376,18,15,20,4.18750501160228,4.15360555843436,6.1859474870611,2.4575655039715,27951.6,7776.6,1156.2,60.3,14,6,37250.335,37348.6,37372.9,37397.2,"Very Unhealthy","Low",113.770791378956,41.762295685,403.69334001788,1.167358855,222.804776749914,149.1473916,5.89821532395388,1.167358855,0.954531364855707,0.967099858342308,0.715751175342627,114.486542554298,228.973085108597,0.228973085108597,0.000228973085108597,2.28973085108597e-07,0.00629116811676692,666003812689.342,666003812.689342,666.003812689342
"12A_B",9,2,"Konza4","Button","Smoke","CW/KOH",20240717,NA,"LL","1000x",NA,NA,"12A","K4_B",2,80,40,"1D",3,12,0.04,0,0,0,0,2,-3.2188758248682,0.0625,1.9375,14450,361250,13998.4375,349960.9375,333121.947685566,622.881733812605,128.82971,6136.6878516461,137.246811594203,106.25,503.145,523.299492753623,169.965,6130.96,27.1035137701804,26.6666666666667,33.3333333333333,17.2222222222222,17.6068376068376,18,15,20,4.18750501160228,4.15360555843436,6.1859474870611,2.4575655039715,27951.6,7776.6,1156.2,60.3,14,6,37250.335,37348.6,37372.9,37397.2,"Very Unhealthy","Low",113.770791378956,41.762295685,403.69334001788,1.167358855,222.804776749914,149.1473916,5.89821532395388,1.167358855,0.954531364855707,0.967099858342308,0.715751175342627,114.486542554298,228.973085108597,0.228973085108597,0.000228973085108597,2.28973085108597e-07,0.00629116811676692,1454851986326.58,1454851986.32658,1454.85198632658
"12A_B",10,0,"Konza4","Button","Smoke","CW/KOH",20240717,NA,"LL","1000x",NA,NA,"12A","K4_B",2,80,40,"1D",3,12,0.04,0,0,0,0,0,-3.2188758248682,0.0625,0,0,0,0,0,0,622.881733812605,128.82971,6136.6878516461,137.246811594203,106.25,503.145,523.299492753623,169.965,6130.96,27.1035137701804,26.6666666666667,33.3333333333333,17.2222222222222,17.6068376068376,18,15,20,4.18750501160228,4.15360555843436,6.1859474870611,2.4575655039715,27951.6,7776.6,1156.2,60.3,14,6,37250.335,37348.6,37372.9,37397.2,"Very Unhealthy","Low",113.770791378956,41.762295685,403.69334001788,1.167358855,222.804776749914,149.1473916,5.89821532395388,1.167358855,0.954531364855707,0.967099858342308,0.715751175342627,114.486542554298,228.973085108597,0.228973085108597,0.000228973085108597,2.28973085108597e-07,0.00629116811676692,0,0,0
"12A_B",11,1,"Konza4","Button","Smoke","CW/KOH",20240717,NA,"LL","1000x",NA,NA,"12A","K4_B",2,80,40,"1D",3,12,0.04,0,0,0,0,1,-3.2188758248682,0.0625,0.9375,7225,180625,6773.4375,169335.9375,152496.947685566,622.881733812605,128.82971,6136.6878516461,137.246811594203,106.25,503.145,523.299492753623,169.965,6130.96,27.1035137701804,26.6666666666667,33.3333333333333,17.2222222222222,17.6068376068376,18,15,20,4.18750501160228,4.15360555843436,6.1859474870611,2.4575655039715,27951.6,7776.6,1156.2,60.3,14,6,37250.335,37348.6,37372.9,37397.2,"Very Unhealthy","Low",113.770791378956,41.762295685,403.69334001788,1.167358855,222.804776749914,149.1473916,5.89821532395388,1.167358855,0.954531364855707,0.967099858342308,0.715751175342627,114.486542554298,228.973085108597,0.228973085108597,0.000228973085108597,2.28973085108597e-07,0.00629116811676692,666003812689.342,666003812.689342,666.003812689342
"12A_B",12,1,"Konza4","Button","Smoke","CW/KOH",20240717,NA,"LL","1000x",NA,NA,"12A","K4_B",2,80,40,"1D",3,12,0.04,0,0,0,0,1,-3.2188758248682,0.0625,0.9375,7225,180625,6773.4375,169335.9375,152496.947685566,622.881733812605,128.82971,6136.6878516461,137.246811594203,106.25,503.145,523.299492753623,169.965,6130.96,27.1035137701804,26.6666666666667,33.3333333333333,17.2222222222222,17.6068376068376,18,15,20,4.18750501160228,4.15360555843436,6.1859474870611,2.4575655039715,27951.6,7776.6,1156.2,60.3,14,6,37250.335,37348.6,37372.9,37397.2,"Very Unhealthy","Low",113.770791378956,41.762295685,403.69334001788,1.167358855,222.804776749914,149.1473916,5.89821532395388,1.167358855,0.954531364855707,0.967099858342308,0.715751175342627,114.486542554298,228.973085108597,0.228973085108597,0.000228973085108597,2.28973085108597e-07,0.00629116811676692,666003812689.342,666003812.689342,666.003812689342
"12A_B",13,0,"Konza4","Button","Smoke","CW/KOH",20240717,NA,"LL","1000x",NA,NA,"12A","K4_B",2,80,40,"1D",3,12,0.04,0,0,0,0,0,-3.2188758248682,0.0625,0,0,0,0,0,0,622.881733812605,128.82971,6136.6878516461,137.246811594203,106.25,503.145,523.299492753623,169.965,6130.96,27.1035137701804,26.6666666666667,33.3333333333333,17.2222222222222,17.6068376068376,18,15,20,4.18750501160228,4.15360555843436,6.1859474870611,2.4575655039715,27951.6,7776.6,1156.2,60.3,14,6,37250.335,37348.6,37372.9,37397.2,"Very Unhealthy","Low",113.770791378956,41.762295685,403.69334001788,1.167358855,222.804776749914,149.1473916,5.89821532395388,1.167358855,0.954531364855707,0.967099858342308,0.715751175342627,114.486542554298,228.973085108597,0.228973085108597,0.000228973085108597,2.28973085108597e-07,0.00629116811676692,0,0,0
"12A_B",14,0,"Konza4","Button","Smoke","CW/KOH",20240717,NA,"LL","1000x",NA,NA,"12A","K4_B",2,80,40,"1D",3,12,0.04,0,0,0,0,0,-3.2188758248682,0.0625,0,0,0,0,0,0,622.881733812605,128.82971,6136.6878516461,137.246811594203,106.25,503.145,523.299492753623,169.965,6130.96,27.1035137701804,26.6666666666667,33.3333333333333,17.2222222222222,17.6068376068376,18,15,20,4.18750501160228,4.15360555843436,6.1859474870611,2.4575655039715,27951.6,7776.6,1156.2,60.3,14,6,37250.335,37348.6,37372.9,37397.2,"Very Unhealthy","Low",113.770791378956,41.762295685,403.69334001788,1.167358855,222.804776749914,149.1473916,5.89821532395388,1.167358855,0.954531364855707,0.967099858342308,0.715751175342627,114.486542554298,228.973085108597,0.228973085108597,0.000228973085108597,2.28973085108597e-07,0.00629116811676692,0,0,0
"12A_B",15,0,"Konza4","Button","Smoke","CW/KOH",20240717,NA,"LL","1000x",NA,NA,"12A","K4_B",2,80,40,"1D",3,12,0.04,0,0,0,0,0,-3.2188758248682,0.0625,0,0,0,0,0,0,622.881733812605,128.82971,6136.6878516461,137.246811594203,106.25,503.145,523.299492753623,169.965,6130.96,27.1035137701804,26.6666666666667,33.3333333333333,17.2222222222222,17.6068376068376,18,15,20,4.18750501160228,4.15360555843436,6.1859474870611,2.4575655039715,27951.6,7776.6,1156.2,60.3,14,6,37250.335,37348.6,37372.9,37397.2,"Very Unhealthy","Low",113.770791378956,41.762295685,403.69334001788,1.167358855,222.804776749914,149.1473916,5.89821532395388,1.167358855,0.954531364855707,0.967099858342308,0.715751175342627,114.486542554298,228.973085108597,0.228973085108597,0.000228973085108597,2.28973085108597e-07,0.00629116811676692,0,0,0
"12A_B",16,1,"Konza4","Button","Smoke","CW/KOH",20240717,NA,"LL","1000x",NA,NA,"12A","K4_B",2,80,40,"1D",3,12,0.04,0,0,0,0,1,-3.2188758248682,0.0625,0.9375,7225,180625,6773.4375,169335.9375,152496.947685566,622.881733812605,128.82971,6136.6878516461,137.246811594203,106.25,503.145,523.299492753623,169.965,6130.96,27.1035137701804,26.6666666666667,33.3333333333333,17.2222222222222,17.6068376068376,18,15,20,4.18750501160228,4.15360555843436,6.1859474870611,2.4575655039715,27951.6,7776.6,1156.2,60.3,14,6,37250.335,37348.6,37372.9,37397.2,"Very Unhealthy","Low",113.770791378956,41.762295685,403.69334001788,1.167358855,222.804776749914,149.1473916,5.89821532395388,1.167358855,0.954531364855707,0.967099858342308,0.715751175342627,114.486542554298,228.973085108597,0.228973085108597,0.000228973085108597,2.28973085108597e-07,0.00629116811676692,666003812689.342,666003812.689342,666.003812689342
"12A_B",17,0,"Konza4","Button","Smoke","CW/KOH",20240717,NA,"LL","1000x",NA,NA,"12A","K4_B",2,80,40,"1D",3,12,0.04,0,0,0,0,0,-3.2188758248682,0.0625,0,0,0,0,0,0,622.881733812605,128.82971,6136.6878516461,137.246811594203,106.25,503.145,523.299492753623,169.965,6130.96,27.1035137701804,26.6666666666667,33.3333333333333,17.2222222222222,17.6068376068376,18,15,20,4.18750501160228,4.15360555843436,6.1859474870611,2.4575655039715,27951.6,7776.6,1156.2,60.3,14,6,37250.335,37348.6,37372.9,37397.2,"Very Unhealthy","Low",113.770791378956,41.762295685,403.69334001788,1.167358855,222.804776749914,149.1473916,5.89821532395388,1.167358855,0.954531364855707,0.967099858342308,0.715751175342627,114.486542554298,228.973085108597,0.228973085108597,0.000228973085108597,2.28973085108597e-07,0.00629116811676692,0,0,0
"12A_B",18,0,"Konza4","Button","Smoke","CW/KOH",20240717,NA,"LL","1000x",NA,NA,"12A","K4_B",2,80,40,"1D",3,12,0.04,0,0,0,0,0,-3.2188758248682,0.0625,0,0,0,0,0,0,622.881733812605,128.82971,6136.6878516461,137.246811594203,106.25,503.145,523.299492753623,169.965,6130.96,27.1035137701804,26.6666666666667,33.3333333333333,17.2222222222222,17.6068376068376,18,15,20,4.18750501160228,4.15360555843436,6.1859474870611,2.4575655039715,27951.6,7776.6,1156.2,60.3,14,6,37250.335,37348.6,37372.9,37397.2,"Very Unhealthy","Low",113.770791378956,41.762295685,403.69334001788,1.167358855,222.804776749914,149.1473916,5.89821532395388,1.167358855,0.954531364855707,0.967099858342308,0.715751175342627,114.486542554298,228.973085108597,0.228973085108597,0.000228973085108597,2.28973085108597e-07,0.00629116811676692,0,0,0
"12A_B",19,1,"Konza4","Button","Smoke","CW/KOH",20240717,NA,"LL","1000x",NA,NA,"12A","K4_B",2,80,40,"1D",3,12,0.04,0,0,0,0,1,-3.2188758248682,0.0625,0.9375,7225,180625,6773.4375,169335.9375,152496.947685566,622.881733812605,128.82971,6136.6878516461,137.246811594203,106.25,503.145,523.299492753623,169.965,6130.96,27.1035137701804,26.6666666666667,33.3333333333333,17.2222222222222,17.6068376068376,18,15,20,4.18750501160228,4.15360555843436,6.1859474870611,2.4575655039715,27951.6,7776.6,1156.2,60.3,14,6,37250.335,37348.6,37372.9,37397.2,"Very Unhealthy","Low",113.770791378956,41.762295685,403.69334001788,1.167358855,222.804776749914,149.1473916,5.89821532395388,1.167358855,0.954531364855707,0.967099858342308,0.715751175342627,114.486542554298,228.973085108597,0.228973085108597,0.000228973085108597,2.28973085108597e-07,0.00629116811676692,666003812689.342,666003812.689342,666.003812689342
"12A_B",20,0,"Konza4","Button","Smoke","CW/KOH",20240717,NA,"LL","1000x",NA,NA,"12A","K4_B",2,80,40,"1D",3,12,0.04,0,0,0,0,0,-3.2188758248682,0.0625,0,0,0,0,0,0,622.881733812605,128.82971,6136.6878516461,137.246811594203,106.25,503.145,523.299492753623,169.965,6130.96,27.1035137701804,26.6666666666667,33.3333333333333,17.2222222222222,17.6068376068376,18,15,20,4.18750501160228,4.15360555843436,6.1859474870611,2.4575655039715,27951.6,7776.6,1156.2,60.3,14,6,37250.335,37348.6,37372.9,37397.2,"Very Unhealthy","Low",113.770791378956,41.762295685,403.69334001788,1.167358855,222.804776749914,149.1473916,5.89821532395388,1.167358855,0.954531364855707,0.967099858342308,0.715751175342627,114.486542554298,228.973085108597,0.228973085108597,0.000228973085108597,2.28973085108597e-07,0.00629116811676692,0,0,0
"12A_B",21,0,"Konza4","Button","Smoke","CW/KOH",20240717,NA,"LL","1000x",NA,NA,"12A","K4_B",2,80,40,"1D",3,12,0.04,0,0,0,0,0,-3.2188758248682,0.0625,0,0,0,0,0,0,622.881733812605,128.82971,6136.6878516461,137.246811594203,106.25,503.145,523.299492753623,169.965,6130.96,27.1035137701804,26.6666666666667,33.3333333333333,17.2222222222222,17.6068376068376,18,15,20,4.18750501160228,4.15360555843436,6.1859474870611,2.4575655039715,27951.6,7776.6,1156.2,60.3,14,6,37250.335,37348.6,37372.9,37397.2,"Very Unhealthy","Low",113.770791378956,41.762295685,403.69334001788,1.167358855,222.804776749914,149.1473916,5.89821532395388,1.167358855,0.954531364855707,0.967099858342308,0.715751175342627,114.486542554298,228.973085108597,0.228973085108597,0.000228973085108597,2.28973085108597e-07,0.00629116811676692,0,0,0
"12A_B",22,1,"Konza4","Button","Smoke","CW/KOH",20240717,NA,"LL","1000x",NA,NA,"12A","K4_B",2,80,40,"1D",3,12,0.04,0,0,0,0,1,-3.2188758248682,0.0625,0.9375,7225,180625,6773.4375,169335.9375,152496.947685566,622.881733812605,128.82971,6136.6878516461,137.246811594203,106.25,503.145,523.299492753623,169.965,6130.96,27.1035137701804,26.6666666666667,33.3333333333333,17.2222222222222,17.6068376068376,18,15,20,4.18750501160228,4.15360555843436,6.1859474870611,2.4575655039715,27951.6,7776.6,1156.2,60.3,14,6,37250.335,37348.6,37372.9,37397.2,"Very Unhealthy","Low",113.770791378956,41.762295685,403.69334001788,1.167358855,222.804776749914,149.1473916,5.89821532395388,1.167358855,0.954531364855707,0.967099858342308,0.715751175342627,114.486542554298,228.973085108597,0.228973085108597,0.000228973085108597,2.28973085108597e-07,0.00629116811676692,666003812689.342,666003812.689342,666.003812689342
"12A_B",23,1,"Konza4","Button","Smoke","CW/KOH",20240717,NA,"LL","1000x",NA,NA,"12A","K4_B",2,80,40,"1D",3,12,0.04,0,0,0,0,1,-3.2188758248682,0.0625,0.9375,7225,180625,6773.4375,169335.9375,152496.947685566,622.881733812605,128.82971,6136.6878516461,137.246811594203,106.25,503.145,523.299492753623,169.965,6130.96,27.1035137701804,26.6666666666667,33.3333333333333,17.2222222222222,17.6068376068376,18,15,20,4.18750501160228,4.15360555843436,6.1859474870611,2.4575655039715,27951.6,7776.6,1156.2,60.3,14,6,37250.335,37348.6,37372.9,37397.2,"Very Unhealthy","Low",113.770791378956,41.762295685,403.69334001788,1.167358855,222.804776749914,149.1473916,5.89821532395388,1.167358855,0.954531364855707,0.967099858342308,0.715751175342627,114.486542554298,228.973085108597,0.228973085108597,0.000228973085108597,2.28973085108597e-07,0.00629116811676692,666003812689.342,666003812.689342,666.003812689342
"12A_B",24,1,"Konza4","Button","Smoke","CW/KOH",20240717,NA,"LL","1000x",NA,NA,"12A","K4_B",2,80,40,"1D",3,12,0.04,0,0,0,0,1,-3.2188758248682,0.0625,0.9375,7225,180625,6773.4375,169335.9375,152496.947685566,622.881733812605,128.82971,6136.6878516461,137.246811594203,106.25,503.145,523.299492753623,169.965,6130.96,27.1035137701804,26.6666666666667,33.3333333333333,17.2222222222222,17.6068376068376,18,15,20,4.18750501160228,4.15360555843436,6.1859474870611,2.4575655039715,27951.6,7776.6,1156.2,60.3,14,6,37250.335,37348.6,37372.9,37397.2,"Very Unhealthy","Low",113.770791378956,41.762295685,403.69334001788,1.167358855,222.804776749914,149.1473916,5.89821532395388,1.167358855,0.954531364855707,0.967099858342308,0.715751175342627,114.486542554298,228.973085108597,0.228973085108597,0.000228973085108597,2.28973085108597e-07,0.00629116811676692,666003812689.342,666003812.689342,666.003812689342
"12A_B",25,1,"Konza4","Button","Smoke","CW/KOH",20240717,NA,"LL","1000x",NA,NA,"12A","K4_B",2,80,40,"1D",3,12,0.04,0,0,0,0,1,-3.2188758248682,0.0625,0.9375,7225,180625,6773.4375,169335.9375,152496.947685566,622.881733812605,128.82971,6136.6878516461,137.246811594203,106.25,503.145,523.299492753623,169.965,6130.96,27.1035137701804,26.6666666666667,33.3333333333333,17.2222222222222,17.6068376068376,18,15,20,4.18750501160228,4.15360555843436,6.1859474870611,2.4575655039715,27951.6,7776.6,1156.2,60.3,14,6,37250.335,37348.6,37372.9,37397.2,"Very Unhealthy","Low",113.770791378956,41.762295685,403.69334001788,1.167358855,222.804776749914,149.1473916,5.89821532395388,1.167358855,0.954531364855707,0.967099858342308,0.715751175342627,114.486542554298,228.973085108597,0.228973085108597,0.000228973085108597,2.28973085108597e-07,0.00629116811676692,666003812689.342,666003812.689342,666.003812689342
"12A_B",26,0,"Konza4","Button","Smoke","CW/KOH",20240717,NA,"LL","1000x",NA,NA,"12A","K4_B",2,80,40,"1D",3,12,0.04,0,0,0,0,0,-3.2188758248682,0.0625,0,0,0,0,0,0,622.881733812605,128.82971,6136.6878516461,137.246811594203,106.25,503.145,523.299492753623,169.965,6130.96,27.1035137701804,26.6666666666667,33.3333333333333,17.2222222222222,17.6068376068376,18,15,20,4.18750501160228,4.15360555843436,6.1859474870611,2.4575655039715,27951.6,7776.6,1156.2,60.3,14,6,37250.335,37348.6,37372.9,37397.2,"Very Unhealthy","Low",113.770791378956,41.762295685,403.69334001788,1.167358855,222.804776749914,149.1473916,5.89821532395388,1.167358855,0.954531364855707,0.967099858342308,0.715751175342627,114.486542554298,228.973085108597,0.228973085108597,0.000228973085108597,2.28973085108597e-07,0.00629116811676692,0,0,0
"12A_B",27,1,"Konza4","Button","Smoke","CW/KOH",20240717,NA,"LL","1000x",NA,NA,"12A","K4_B",2,80,40,"1D",3,12,0.04,0,0,0,0,1,-3.2188758248682,0.0625,0.9375,7225,180625,6773.4375,169335.9375,152496.947685566,622.881733812605,128.82971,6136.6878516461,137.246811594203,106.25,503.145,523.299492753623,169.965,6130.96,27.1035137701804,26.6666666666667,33.3333333333333,17.2222222222222,17.6068376068376,18,15,20,4.18750501160228,4.15360555843436,6.1859474870611,2.4575655039715,27951.6,7776.6,1156.2,60.3,14,6,37250.335,37348.6,37372.9,37397.2,"Very Unhealthy","Low",113.770791378956,41.762295685,403.69334001788,1.167358855,222.804776749914,149.1473916,5.89821532395388,1.167358855,0.954531364855707,0.967099858342308,0.715751175342627,114.486542554298,228.973085108597,0.228973085108597,0.000228973085108597,2.28973085108597e-07,0.00629116811676692,666003812689.342,666003812.689342,666.003812689342
"12A_B",28,1,"Konza4","Button","Smoke","CW/KOH",20240717,NA,"LL","1000x",NA,NA,"12A","K4_B",2,80,40,"1D",3,12,0.04,0,0,0,0,1,-3.2188758248682,0.0625,0.9375,7225,180625,6773.4375,169335.9375,152496.947685566,622.881733812605,128.82971,6136.6878516461,137.246811594203,106.25,503.145,523.299492753623,169.965,6130.96,27.1035137701804,26.6666666666667,33.3333333333333,17.2222222222222,17.6068376068376,18,15,20,4.18750501160228,4.15360555843436,6.1859474870611,2.4575655039715,27951.6,7776.6,1156.2,60.3,14,6,37250.335,37348.6,37372.9,37397.2,"Very Unhealthy","Low",113.770791378956,41.762295685,403.69334001788,1.167358855,222.804776749914,149.1473916,5.89821532395388,1.167358855,0.954531364855707,0.967099858342308,0.715751175342627,114.486542554298,228.973085108597,0.228973085108597,0.000228973085108597,2.28973085108597e-07,0.00629116811676692,666003812689.342,666003812.689342,666.003812689342
"12A_B",29,1,"Konza4","Button","Smoke","CW/KOH",20240717,NA,"LL","1000x",NA,NA,"12A","K4_B",2,80,40,"1D",3,12,0.04,0,0,0,0,1,-3.2188758248682,0.0625,0.9375,7225,180625,6773.4375,169335.9375,152496.947685566,622.881733812605,128.82971,6136.6878516461,137.246811594203,106.25,503.145,523.299492753623,169.965,6130.96,27.1035137701804,26.6666666666667,33.3333333333333,17.2222222222222,17.6068376068376,18,15,20,4.18750501160228,4.15360555843436,6.1859474870611,2.4575655039715,27951.6,7776.6,1156.2,60.3,14,6,37250.335,37348.6,37372.9,37397.2,"Very Unhealthy","Low",113.770791378956,41.762295685,403.69334001788,1.167358855,222.804776749914,149.1473916,5.89821532395388,1.167358855,0.954531364855707,0.967099858342308,0.715751175342627,114.486542554298,228.973085108597,0.228973085108597,0.000228973085108597,2.28973085108597e-07,0.00629116811676692,666003812689.342,666003812.689342,666.003812689342
"12A_B",30,0,"Konza4","Button","Smoke","CW/KOH",20240717,NA,"LL","1000x",NA,NA,"12A","K4_B",2,80,40,"1D",3,12,0.04,0,0,0,0,0,-3.2188758248682,0.0625,0,0,0,0,0,0,622.881733812605,128.82971,6136.6878516461,137.246811594203,106.25,503.145,523.299492753623,169.965,6130.96,27.1035137701804,26.6666666666667,33.3333333333333,17.2222222222222,17.6068376068376,18,15,20,4.18750501160228,4.15360555843436,6.1859474870611,2.4575655039715,27951.6,7776.6,1156.2,60.3,14,6,37250.335,37348.6,37372.9,37397.2,"Very Unhealthy","Low",113.770791378956,41.762295685,403.69334001788,1.167358855,222.804776749914,149.1473916,5.89821532395388,1.167358855,0.954531364855707,0.967099858342308,0.715751175342627,114.486542554298,228.973085108597,0.228973085108597,0.000228973085108597,2.28973085108597e-07,0.00629116811676692,0,0,0
"12A_B",31,1,"Konza4","Button","Smoke","CW/KOH",20240717,NA,"LL","1000x",NA,NA,"12A","K4_B",2,80,40,"1D",3,12,0.04,0,0,0,0,1,-3.2188758248682,0.0625,0.9375,7225,180625,6773.4375,169335.9375,152496.947685566,622.881733812605,128.82971,6136.6878516461,137.246811594203,106.25,503.145,523.299492753623,169.965,6130.96,27.1035137701804,26.6666666666667,33.3333333333333,17.2222222222222,17.6068376068376,18,15,20,4.18750501160228,4.15360555843436,6.1859474870611,2.4575655039715,27951.6,7776.6,1156.2,60.3,14,6,37250.335,37348.6,37372.9,37397.2,"Very Unhealthy","Low",113.770791378956,41.762295685,403.69334001788,1.167358855,222.804776749914,149.1473916,5.89821532395388,1.167358855,0.954531364855707,0.967099858342308,0.715751175342627,114.486542554298,228.973085108597,0.228973085108597,0.000228973085108597,2.28973085108597e-07,0.00629116811676692,666003812689.342,666003812.689342,666.003812689342
"12A_B",32,2,"Konza4","Button","Smoke","CW/KOH",20240717,NA,"LL","1000x",NA,NA,"12A","K4_B",2,80,40,"1D",3,12,0.04,0,0,0,0,2,-3.2188758248682,0.0625,1.9375,14450,361250,13998.4375,349960.9375,333121.947685566,622.881733812605,128.82971,6136.6878516461,137.246811594203,106.25,503.145,523.299492753623,169.965,6130.96,27.1035137701804,26.6666666666667,33.3333333333333,17.2222222222222,17.6068376068376,18,15,20,4.18750501160228,4.15360555843436,6.1859474870611,2.4575655039715,27951.6,7776.6,1156.2,60.3,14,6,37250.335,37348.6,37372.9,37397.2,"Very Unhealthy","Low",113.770791378956,41.762295685,403.69334001788,1.167358855,222.804776749914,149.1473916,5.89821532395388,1.167358855,0.954531364855707,0.967099858342308,0.715751175342627,114.486542554298,228.973085108597,0.228973085108597,0.000228973085108597,2.28973085108597e-07,0.00629116811676692,1454851986326.58,1454851986.32658,1454.85198632658
"12A_B",33,4,"Konza4","Button","Smoke","CW/KOH",20240717,NA,"LL","1000x",NA,NA,"12A","K4_B",2,80,40,"1D",3,12,0.04,0,0,0,0,4,-3.2188758248682,0.0625,3.9375,28900,722500,28448.4375,711210.9375,694371.947685566,622.881733812605,128.82971,6136.6878516461,137.246811594203,106.25,503.145,523.299492753623,169.965,6130.96,27.1035137701804,26.6666666666667,33.3333333333333,17.2222222222222,17.6068376068376,18,15,20,4.18750501160228,4.15360555843436,6.1859474870611,2.4575655039715,27951.6,7776.6,1156.2,60.3,14,6,37250.335,37348.6,37372.9,37397.2,"Very Unhealthy","Low",113.770791378956,41.762295685,403.69334001788,1.167358855,222.804776749914,149.1473916,5.89821532395388,1.167358855,0.954531364855707,0.967099858342308,0.715751175342627,114.486542554298,228.973085108597,0.228973085108597,0.000228973085108597,2.28973085108597e-07,0.00629116811676692,3032548333601.05,3032548333.60105,3032.54833360105
"12A_B",34,2,"Konza4","Button","Smoke","CW/KOH",20240717,NA,"LL","1000x",NA,NA,"12A","K4_B",2,80,40,"1D",3,12,0.04,0,0,0,0,2,-3.2188758248682,0.0625,1.9375,14450,361250,13998.4375,349960.9375,333121.947685566,622.881733812605,128.82971,6136.6878516461,137.246811594203,106.25,503.145,523.299492753623,169.965,6130.96,27.1035137701804,26.6666666666667,33.3333333333333,17.2222222222222,17.6068376068376,18,15,20,4.18750501160228,4.15360555843436,6.1859474870611,2.4575655039715,27951.6,7776.6,1156.2,60.3,14,6,37250.335,37348.6,37372.9,37397.2,"Very Unhealthy","Low",113.770791378956,41.762295685,403.69334001788,1.167358855,222.804776749914,149.1473916,5.89821532395388,1.167358855,0.954531364855707,0.967099858342308,0.715751175342627,114.486542554298,228.973085108597,0.228973085108597,0.000228973085108597,2.28973085108597e-07,0.00629116811676692,1454851986326.58,1454851986.32658,1454.85198632658
"12A_B",35,1,"Konza4","Button","Smoke","CW/KOH",20240717,NA,"LL","1000x",NA,NA,"12A","K4_B",2,80,40,"1D",3,12,0.04,0,0,0,0,1,-3.2188758248682,0.0625,0.9375,7225,180625,6773.4375,169335.9375,152496.947685566,622.881733812605,128.82971,6136.6878516461,137.246811594203,106.25,503.145,523.299492753623,169.965,6130.96,27.1035137701804,26.6666666666667,33.3333333333333,17.2222222222222,17.6068376068376,18,15,20,4.18750501160228,4.15360555843436,6.1859474870611,2.4575655039715,27951.6,7776.6,1156.2,60.3,14,6,37250.335,37348.6,37372.9,37397.2,"Very Unhealthy","Low",113.770791378956,41.762295685,403.69334001788,1.167358855,222.804776749914,149.1473916,5.89821532395388,1.167358855,0.954531364855707,0.967099858342308,0.715751175342627,114.486542554298,228.973085108597,0.228973085108597,0.000228973085108597,2.28973085108597e-07,0.00629116811676692,666003812689.342,666003812.689342,666.003812689342
"12A_B",36,1,"Konza4","Button","Smoke","CW/KOH",20240717,NA,"LL","1000x",NA,NA,"12A","K4_B",2,80,40,"1D",3,12,0.04,0,0,0,0,1,-3.2188758248682,0.0625,0.9375,7225,180625,6773.4375,169335.9375,152496.947685566,622.881733812605,128.82971,6136.6878516461,137.246811594203,106.25,503.145,523.299492753623,169.965,6130.96,27.1035137701804,26.6666666666667,33.3333333333333,17.2222222222222,17.6068376068376,18,15,20,4.18750501160228,4.15360555843436,6.1859474870611,2.4575655039715,27951.6,7776.6,1156.2,60.3,14,6,37250.335,37348.6,37372.9,37397.2,"Very Unhealthy","Low",113.770791378956,41.762295685,403.69334001788,1.167358855,222.804776749914,149.1473916,5.89821532395388,1.167358855,0.954531364855707,0.967099858342308,0.715751175342627,114.486542554298,228.973085108597,0.228973085108597,0.000228973085108597,2.28973085108597e-07,0.00629116811676692,666003812689.342,666003812.689342,666.003812689342
"12A_B",37,0,"Konza4","Button","Smoke","CW/KOH",20240717,NA,"LL","1000x",NA,NA,"12A","K4_B",2,80,40,"1D",3,12,0.04,0,0,0,0,0,-3.2188758248682,0.0625,0,0,0,0,0,0,622.881733812605,128.82971,6136.6878516461,137.246811594203,106.25,503.145,523.299492753623,169.965,6130.96,27.1035137701804,26.6666666666667,33.3333333333333,17.2222222222222,17.6068376068376,18,15,20,4.18750501160228,4.15360555843436,6.1859474870611,2.4575655039715,27951.6,7776.6,1156.2,60.3,14,6,37250.335,37348.6,37372.9,37397.2,"Very Unhealthy","Low",113.770791378956,41.762295685,403.69334001788,1.167358855,222.804776749914,149.1473916,5.89821532395388,1.167358855,0.954531364855707,0.967099858342308,0.715751175342627,114.486542554298,228.973085108597,0.228973085108597,0.000228973085108597,2.28973085108597e-07,0.00629116811676692,0,0,0
"12A_B",38,0,"Konza4","Button","Smoke","CW/KOH",20240717,NA,"LL","1000x",NA,NA,"12A","K4_B",2,80,40,"1D",3,12,0.04,0,0,0,0,0,-3.2188758248682,0.0625,0,0,0,0,0,0,622.881733812605,128.82971,6136.6878516461,137.246811594203,106.25,503.145,523.299492753623,169.965,6130.96,27.1035137701804,26.6666666666667,33.3333333333333,17.2222222222222,17.6068376068376,18,15,20,4.18750501160228,4.15360555843436,6.1859474870611,2.4575655039715,27951.6,7776.6,1156.2,60.3,14,6,37250.335,37348.6,37372.9,37397.2,"Very Unhealthy","Low",113.770791378956,41.762295685,403.69334001788,1.167358855,222.804776749914,149.1473916,5.89821532395388,1.167358855,0.954531364855707,0.967099858342308,0.715751175342627,114.486542554298,228.973085108597,0.228973085108597,0.000228973085108597,2.28973085108597e-07,0.00629116811676692,0,0,0
"12A_B",39,0,"Konza4","Button","Smoke","CW/KOH",20240717,NA,"LL","1000x",NA,NA,"12A","K4_B",2,80,40,"1D",3,12,0.04,0,0,0,0,0,-3.2188758248682,0.0625,0,0,0,0,0,0,622.881733812605,128.82971,6136.6878516461,137.246811594203,106.25,503.145,523.299492753623,169.965,6130.96,27.1035137701804,26.6666666666667,33.3333333333333,17.2222222222222,17.6068376068376,18,15,20,4.18750501160228,4.15360555843436,6.1859474870611,2.4575655039715,27951.6,7776.6,1156.2,60.3,14,6,37250.335,37348.6,37372.9,37397.2,"Very Unhealthy","Low",113.770791378956,41.762295685,403.69334001788,1.167358855,222.804776749914,149.1473916,5.89821532395388,1.167358855,0.954531364855707,0.967099858342308,0.715751175342627,114.486542554298,228.973085108597,0.228973085108597,0.000228973085108597,2.28973085108597e-07,0.00629116811676692,0,0,0
"12A_B",40,0,"Konza4","Button","Smoke","CW/KOH",20240717,NA,"LL","1000x",NA,NA,"12A","K4_B",2,80,40,"1D",3,12,0.04,0,0,0,0,0,-3.2188758248682,0.0625,0,0,0,0,0,0,622.881733812605,128.82971,6136.6878516461,137.246811594203,106.25,503.145,523.299492753623,169.965,6130.96,27.1035137701804,26.6666666666667,33.3333333333333,17.2222222222222,17.6068376068376,18,15,20,4.18750501160228,4.15360555843436,6.1859474870611,2.4575655039715,27951.6,7776.6,1156.2,60.3,14,6,37250.335,37348.6,37372.9,37397.2,"Very Unhealthy","Low",113.770791378956,41.762295685,403.69334001788,1.167358855,222.804776749914,149.1473916,5.89821532395388,1.167358855,0.954531364855707,0.967099858342308,0.715751175342627,114.486542554298,228.973085108597,0.228973085108597,0.000228973085108597,2.28973085108597e-07,0.00629116811676692,0,0,0
"13A_B",1,1,"Konza4","Button","Smoke","CW/KOH",20240717,NA,"LL","1000x",NA,NA,"13A","K4_B",2,70,35,"HQC",3,13,0.035,0,0,0,0,1,-3.35240721749272,0.0625,0.9375,7225,206428.571428571,6773.4375,193526.785714286,176687.795899852,924.310509113856,308.0829396,4657.88258384,177.016829268293,192.515,421.555,632.516768292683,327.7675,2457.465,26.084142394822,25.5555555555556,30,24.4444444444444,18.6699029126214,19,16,20,4.0963605135933,3.97476879791651,4.8606019041518,3.66330326646229,44302.75,13269.05,3197.85,249.6,36.25,23.5,61346.9325,61623.365,61669.2475,61715.13,"Hazardous","Low",72.5851657387191,55.816627655,252.779653465417,3.395322772,139.513112242051,190.2556776,6.13047205355722,3.395322772,0.930194395563963,0.944535280058603,1.47752485013167,74.0626905888508,148.125381177702,0.148125381177702,0.000148125381177702,1.48125381177702e-07,0.0203557412192215,1192825932295.05,1192825932.29505,1192.82593229505
"13A_B",2,0,"Konza4","Button","Smoke","CW/KOH",20240717,NA,"LL","1000x",NA,NA,"13A","K4_B",2,70,35,"HQC",3,13,0.035,0,0,0,0,0,-3.35240721749272,0.0625,0,0,0,0,0,0,924.310509113856,308.0829396,4657.88258384,177.016829268293,192.515,421.555,632.516768292683,327.7675,2457.465,26.084142394822,25.5555555555556,30,24.4444444444444,18.6699029126214,19,16,20,4.0963605135933,3.97476879791651,4.8606019041518,3.66330326646229,44302.75,13269.05,3197.85,249.6,36.25,23.5,61346.9325,61623.365,61669.2475,61715.13,"Hazardous","Low",72.5851657387191,55.816627655,252.779653465417,3.395322772,139.513112242051,190.2556776,6.13047205355722,3.395322772,0.930194395563963,0.944535280058603,1.47752485013167,74.0626905888508,148.125381177702,0.148125381177702,0.000148125381177702,1.48125381177702e-07,0.0203557412192215,0,0,0
"13A_B",3,0,"Konza4","Button","Smoke","CW/KOH",20240717,NA,"LL","1000x",NA,NA,"13A","K4_B",2,70,35,"HQC",3,13,0.035,0,0,0,0,0,-3.35240721749272,0.0625,0,0,0,0,0,0,924.310509113856,308.0829396,4657.88258384,177.016829268293,192.515,421.555,632.516768292683,327.7675,2457.465,26.084142394822,25.5555555555556,30,24.4444444444444,18.6699029126214,19,16,20,4.0963605135933,3.97476879791651,4.8606019041518,3.66330326646229,44302.75,13269.05,3197.85,249.6,36.25,23.5,61346.9325,61623.365,61669.2475,61715.13,"Hazardous","Low",72.5851657387191,55.816627655,252.779653465417,3.395322772,139.513112242051,190.2556776,6.13047205355722,3.395322772,0.930194395563963,0.944535280058603,1.47752485013167,74.0626905888508,148.125381177702,0.148125381177702,0.000148125381177702,1.48125381177702e-07,0.0203557412192215,0,0,0
"13A_B",4,0,"Konza4","Button","Smoke","CW/KOH",20240717,NA,"LL","1000x",NA,NA,"13A","K4_B",2,70,35,"HQC",3,13,0.035,0,0,0,0,0,-3.35240721749272,0.0625,0,0,0,0,0,0,924.310509113856,308.0829396,4657.88258384,177.016829268293,192.515,421.555,632.516768292683,327.7675,2457.465,26.084142394822,25.5555555555556,30,24.4444444444444,18.6699029126214,19,16,20,4.0963605135933,3.97476879791651,4.8606019041518,3.66330326646229,44302.75,13269.05,3197.85,249.6,36.25,23.5,61346.9325,61623.365,61669.2475,61715.13,"Hazardous","Low",72.5851657387191,55.816627655,252.779653465417,3.395322772,139.513112242051,190.2556776,6.13047205355722,3.395322772,0.930194395563963,0.944535280058603,1.47752485013167,74.0626905888508,148.125381177702,0.148125381177702,0.000148125381177702,1.48125381177702e-07,0.0203557412192215,0,0,0
"13A_B",5,0,"Konza4","Button","Smoke","CW/KOH",20240717,NA,"LL","1000x",NA,NA,"13A","K4_B",2,70,35,"HQC",3,13,0.035,0,0,0,0,0,-3.35240721749272,0.0625,0,0,0,0,0,0,924.310509113856,308.0829396,4657.88258384,177.016829268293,192.515,421.555,632.516768292683,327.7675,2457.465,26.084142394822,25.5555555555556,30,24.4444444444444,18.6699029126214,19,16,20,4.0963605135933,3.97476879791651,4.8606019041518,3.66330326646229,44302.75,13269.05,3197.85,249.6,36.25,23.5,61346.9325,61623.365,61669.2475,61715.13,"Hazardous","Low",72.5851657387191,55.816627655,252.779653465417,3.395322772,139.513112242051,190.2556776,6.13047205355722,3.395322772,0.930194395563963,0.944535280058603,1.47752485013167,74.0626905888508,148.125381177702,0.148125381177702,0.000148125381177702,1.48125381177702e-07,0.0203557412192215,0,0,0
"13A_B",6,1,"Konza4","Button","Smoke","CW/KOH",20240717,NA,"LL","1000x",NA,NA,"13A","K4_B",2,70,35,"HQC",3,13,0.035,0,0,0,0,1,-3.35240721749272,0.0625,0.9375,7225,206428.571428571,6773.4375,193526.785714286,176687.795899852,924.310509113856,308.0829396,4657.88258384,177.016829268293,192.515,421.555,632.516768292683,327.7675,2457.465,26.084142394822,25.5555555555556,30,24.4444444444444,18.6699029126214,19,16,20,4.0963605135933,3.97476879791651,4.8606019041518,3.66330326646229,44302.75,13269.05,3197.85,249.6,36.25,23.5,61346.9325,61623.365,61669.2475,61715.13,"Hazardous","Low",72.5851657387191,55.816627655,252.779653465417,3.395322772,139.513112242051,190.2556776,6.13047205355722,3.395322772,0.930194395563963,0.944535280058603,1.47752485013167,74.0626905888508,148.125381177702,0.148125381177702,0.000148125381177702,1.48125381177702e-07,0.0203557412192215,1192825932295.05,1192825932.29505,1192.82593229505
"13A_B",7,1,"Konza4","Button","Smoke","CW/KOH",20240717,NA,"LL","1000x",NA,NA,"13A","K4_B",2,70,35,"HQC",3,13,0.035,0,0,0,0,1,-3.35240721749272,0.0625,0.9375,7225,206428.571428571,6773.4375,193526.785714286,176687.795899852,924.310509113856,308.0829396,4657.88258384,177.016829268293,192.515,421.555,632.516768292683,327.7675,2457.465,26.084142394822,25.5555555555556,30,24.4444444444444,18.6699029126214,19,16,20,4.0963605135933,3.97476879791651,4.8606019041518,3.66330326646229,44302.75,13269.05,3197.85,249.6,36.25,23.5,61346.9325,61623.365,61669.2475,61715.13,"Hazardous","Low",72.5851657387191,55.816627655,252.779653465417,3.395322772,139.513112242051,190.2556776,6.13047205355722,3.395322772,0.930194395563963,0.944535280058603,1.47752485013167,74.0626905888508,148.125381177702,0.148125381177702,0.000148125381177702,1.48125381177702e-07,0.0203557412192215,1192825932295.05,1192825932.29505,1192.82593229505
"13A_B",8,0,"Konza4","Button","Smoke","CW/KOH",20240717,NA,"LL","1000x",NA,NA,"13A","K4_B",2,70,35,"HQC",3,13,0.035,0,0,0,0,0,-3.35240721749272,0.0625,0,0,0,0,0,0,924.310509113856,308.0829396,4657.88258384,177.016829268293,192.515,421.555,632.516768292683,327.7675,2457.465,26.084142394822,25.5555555555556,30,24.4444444444444,18.6699029126214,19,16,20,4.0963605135933,3.97476879791651,4.8606019041518,3.66330326646229,44302.75,13269.05,3197.85,249.6,36.25,23.5,61346.9325,61623.365,61669.2475,61715.13,"Hazardous","Low",72.5851657387191,55.816627655,252.779653465417,3.395322772,139.513112242051,190.2556776,6.13047205355722,3.395322772,0.930194395563963,0.944535280058603,1.47752485013167,74.0626905888508,148.125381177702,0.148125381177702,0.000148125381177702,1.48125381177702e-07,0.0203557412192215,0,0,0
"13A_B",9,0,"Konza4","Button","Smoke","CW/KOH",20240717,NA,"LL","1000x",NA,NA,"13A","K4_B",2,70,35,"HQC",3,13,0.035,0,0,0,0,0,-3.35240721749272,0.0625,0,0,0,0,0,0,924.310509113856,308.0829396,4657.88258384,177.016829268293,192.515,421.555,632.516768292683,327.7675,2457.465,26.084142394822,25.5555555555556,30,24.4444444444444,18.6699029126214,19,16,20,4.0963605135933,3.97476879791651,4.8606019041518,3.66330326646229,44302.75,13269.05,3197.85,249.6,36.25,23.5,61346.9325,61623.365,61669.2475,61715.13,"Hazardous","Low",72.5851657387191,55.816627655,252.779653465417,3.395322772,139.513112242051,190.2556776,6.13047205355722,3.395322772,0.930194395563963,0.944535280058603,1.47752485013167,74.0626905888508,148.125381177702,0.148125381177702,0.000148125381177702,1.48125381177702e-07,0.0203557412192215,0,0,0
"13A_B",10,0,"Konza4","Button","Smoke","CW/KOH",20240717,NA,"LL","1000x",NA,NA,"13A","K4_B",2,70,35,"HQC",3,13,0.035,0,0,0,0,0,-3.35240721749272,0.0625,0,0,0,0,0,0,924.310509113856,308.0829396,4657.88258384,177.016829268293,192.515,421.555,632.516768292683,327.7675,2457.465,26.084142394822,25.5555555555556,30,24.4444444444444,18.6699029126214,19,16,20,4.0963605135933,3.97476879791651,4.8606019041518,3.66330326646229,44302.75,13269.05,3197.85,249.6,36.25,23.5,61346.9325,61623.365,61669.2475,61715.13,"Hazardous","Low",72.5851657387191,55.816627655,252.779653465417,3.395322772,139.513112242051,190.2556776,6.13047205355722,3.395322772,0.930194395563963,0.944535280058603,1.47752485013167,74.0626905888508,148.125381177702,0.148125381177702,0.000148125381177702,1.48125381177702e-07,0.0203557412192215,0,0,0
"13A_B",11,0,"Konza4","Button","Smoke","CW/KOH",20240717,NA,"LL","1000x",NA,NA,"13A","K4_B",2,70,35,"HQC",3,13,0.035,0,0,0,0,0,-3.35240721749272,0.0625,0,0,0,0,0,0,924.310509113856,308.0829396,4657.88258384,177.016829268293,192.515,421.555,632.516768292683,327.7675,2457.465,26.084142394822,25.5555555555556,30,24.4444444444444,18.6699029126214,19,16,20,4.0963605135933,3.97476879791651,4.8606019041518,3.66330326646229,44302.75,13269.05,3197.85,249.6,36.25,23.5,61346.9325,61623.365,61669.2475,61715.13,"Hazardous","Low",72.5851657387191,55.816627655,252.779653465417,3.395322772,139.513112242051,190.2556776,6.13047205355722,3.395322772,0.930194395563963,0.944535280058603,1.47752485013167,74.0626905888508,148.125381177702,0.148125381177702,0.000148125381177702,1.48125381177702e-07,0.0203557412192215,0,0,0
"13A_B",12,0,"Konza4","Button","Smoke","CW/KOH",20240717,NA,"LL","1000x",NA,NA,"13A","K4_B",2,70,35,"HQC",3,13,0.035,0,0,0,0,0,-3.35240721749272,0.0625,0,0,0,0,0,0,924.310509113856,308.0829396,4657.88258384,177.016829268293,192.515,421.555,632.516768292683,327.7675,2457.465,26.084142394822,25.5555555555556,30,24.4444444444444,18.6699029126214,19,16,20,4.0963605135933,3.97476879791651,4.8606019041518,3.66330326646229,44302.75,13269.05,3197.85,249.6,36.25,23.5,61346.9325,61623.365,61669.2475,61715.13,"Hazardous","Low",72.5851657387191,55.816627655,252.779653465417,3.395322772,139.513112242051,190.2556776,6.13047205355722,3.395322772,0.930194395563963,0.944535280058603,1.47752485013167,74.0626905888508,148.125381177702,0.148125381177702,0.000148125381177702,1.48125381177702e-07,0.0203557412192215,0,0,0
"13A_B",13,1,"Konza4","Button","Smoke","CW/KOH",20240717,NA,"LL","1000x",NA,NA,"13A","K4_B",2,70,35,"HQC",3,13,0.035,0,0,0,0,1,-3.35240721749272,0.0625,0.9375,7225,206428.571428571,6773.4375,193526.785714286,176687.795899852,924.310509113856,308.0829396,4657.88258384,177.016829268293,192.515,421.555,632.516768292683,327.7675,2457.465,26.084142394822,25.5555555555556,30,24.4444444444444,18.6699029126214,19,16,20,4.0963605135933,3.97476879791651,4.8606019041518,3.66330326646229,44302.75,13269.05,3197.85,249.6,36.25,23.5,61346.9325,61623.365,61669.2475,61715.13,"Hazardous","Low",72.5851657387191,55.816627655,252.779653465417,3.395322772,139.513112242051,190.2556776,6.13047205355722,3.395322772,0.930194395563963,0.944535280058603,1.47752485013167,74.0626905888508,148.125381177702,0.148125381177702,0.000148125381177702,1.48125381177702e-07,0.0203557412192215,1192825932295.05,1192825932.29505,1192.82593229505
"13A_B",14,1,"Konza4","Button","Smoke","CW/KOH",20240717,NA,"LL","1000x",NA,NA,"13A","K4_B",2,70,35,"HQC",3,13,0.035,0,0,0,0,1,-3.35240721749272,0.0625,0.9375,7225,206428.571428571,6773.4375,193526.785714286,176687.795899852,924.310509113856,308.0829396,4657.88258384,177.016829268293,192.515,421.555,632.516768292683,327.7675,2457.465,26.084142394822,25.5555555555556,30,24.4444444444444,18.6699029126214,19,16,20,4.0963605135933,3.97476879791651,4.8606019041518,3.66330326646229,44302.75,13269.05,3197.85,249.6,36.25,23.5,61346.9325,61623.365,61669.2475,61715.13,"Hazardous","Low",72.5851657387191,55.816627655,252.779653465417,3.395322772,139.513112242051,190.2556776,6.13047205355722,3.395322772,0.930194395563963,0.944535280058603,1.47752485013167,74.0626905888508,148.125381177702,0.148125381177702,0.000148125381177702,1.48125381177702e-07,0.0203557412192215,1192825932295.05,1192825932.29505,1192.82593229505
"13A_B",15,0,"Konza4","Button","Smoke","CW/KOH",20240717,NA,"LL","1000x",NA,NA,"13A","K4_B",2,70,35,"HQC",3,13,0.035,0,0,0,0,0,-3.35240721749272,0.0625,0,0,0,0,0,0,924.310509113856,308.0829396,4657.88258384,177.016829268293,192.515,421.555,632.516768292683,327.7675,2457.465,26.084142394822,25.5555555555556,30,24.4444444444444,18.6699029126214,19,16,20,4.0963605135933,3.97476879791651,4.8606019041518,3.66330326646229,44302.75,13269.05,3197.85,249.6,36.25,23.5,61346.9325,61623.365,61669.2475,61715.13,"Hazardous","Low",72.5851657387191,55.816627655,252.779653465417,3.395322772,139.513112242051,190.2556776,6.13047205355722,3.395322772,0.930194395563963,0.944535280058603,1.47752485013167,74.0626905888508,148.125381177702,0.148125381177702,0.000148125381177702,1.48125381177702e-07,0.0203557412192215,0,0,0
"13A_B",16,0,"Konza4","Button","Smoke","CW/KOH",20240717,NA,"LL","1000x",NA,NA,"13A","K4_B",2,70,35,"HQC",3,13,0.035,0,0,0,0,0,-3.35240721749272,0.0625,0,0,0,0,0,0,924.310509113856,308.0829396,4657.88258384,177.016829268293,192.515,421.555,632.516768292683,327.7675,2457.465,26.084142394822,25.5555555555556,30,24.4444444444444,18.6699029126214,19,16,20,4.0963605135933,3.97476879791651,4.8606019041518,3.66330326646229,44302.75,13269.05,3197.85,249.6,36.25,23.5,61346.9325,61623.365,61669.2475,61715.13,"Hazardous","Low",72.5851657387191,55.816627655,252.779653465417,3.395322772,139.513112242051,190.2556776,6.13047205355722,3.395322772,0.930194395563963,0.944535280058603,1.47752485013167,74.0626905888508,148.125381177702,0.148125381177702,0.000148125381177702,1.48125381177702e-07,0.0203557412192215,0,0,0
"13A_B",17,0,"Konza4","Button","Smoke","CW/KOH",20240717,NA,"LL","1000x",NA,NA,"13A","K4_B",2,70,35,"HQC",3,13,0.035,0,0,0,0,0,-3.35240721749272,0.0625,0,0,0,0,0,0,924.310509113856,308.0829396,4657.88258384,177.016829268293,192.515,421.555,632.516768292683,327.7675,2457.465,26.084142394822,25.5555555555556,30,24.4444444444444,18.6699029126214,19,16,20,4.0963605135933,3.97476879791651,4.8606019041518,3.66330326646229,44302.75,13269.05,3197.85,249.6,36.25,23.5,61346.9325,61623.365,61669.2475,61715.13,"Hazardous","Low",72.5851657387191,55.816627655,252.779653465417,3.395322772,139.513112242051,190.2556776,6.13047205355722,3.395322772,0.930194395563963,0.944535280058603,1.47752485013167,74.0626905888508,148.125381177702,0.148125381177702,0.000148125381177702,1.48125381177702e-07,0.0203557412192215,0,0,0
"13A_B",18,1,"Konza4","Button","Smoke","CW/KOH",20240717,NA,"LL","1000x",NA,NA,"13A","K4_B",2,70,35,"HQC",3,13,0.035,0,0,0,0,1,-3.35240721749272,0.0625,0.9375,7225,206428.571428571,6773.4375,193526.785714286,176687.795899852,924.310509113856,308.0829396,4657.88258384,177.016829268293,192.515,421.555,632.516768292683,327.7675,2457.465,26.084142394822,25.5555555555556,30,24.4444444444444,18.6699029126214,19,16,20,4.0963605135933,3.97476879791651,4.8606019041518,3.66330326646229,44302.75,13269.05,3197.85,249.6,36.25,23.5,61346.9325,61623.365,61669.2475,61715.13,"Hazardous","Low",72.5851657387191,55.816627655,252.779653465417,3.395322772,139.513112242051,190.2556776,6.13047205355722,3.395322772,0.930194395563963,0.944535280058603,1.47752485013167,74.0626905888508,148.125381177702,0.148125381177702,0.000148125381177702,1.48125381177702e-07,0.0203557412192215,1192825932295.05,1192825932.29505,1192.82593229505
"13A_B",19,0,"Konza4","Button","Smoke","CW/KOH",20240717,NA,"LL","1000x",NA,NA,"13A","K4_B",2,70,35,"HQC",3,13,0.035,0,0,0,0,0,-3.35240721749272,0.0625,0,0,0,0,0,0,924.310509113856,308.0829396,4657.88258384,177.016829268293,192.515,421.555,632.516768292683,327.7675,2457.465,26.084142394822,25.5555555555556,30,24.4444444444444,18.6699029126214,19,16,20,4.0963605135933,3.97476879791651,4.8606019041518,3.66330326646229,44302.75,13269.05,3197.85,249.6,36.25,23.5,61346.9325,61623.365,61669.2475,61715.13,"Hazardous","Low",72.5851657387191,55.816627655,252.779653465417,3.395322772,139.513112242051,190.2556776,6.13047205355722,3.395322772,0.930194395563963,0.944535280058603,1.47752485013167,74.0626905888508,148.125381177702,0.148125381177702,0.000148125381177702,1.48125381177702e-07,0.0203557412192215,0,0,0
"13A_B",20,0,"Konza4","Button","Smoke","CW/KOH",20240717,NA,"LL","1000x",NA,NA,"13A","K4_B",2,70,35,"HQC",3,13,0.035,0,0,0,0,0,-3.35240721749272,0.0625,0,0,0,0,0,0,924.310509113856,308.0829396,4657.88258384,177.016829268293,192.515,421.555,632.516768292683,327.7675,2457.465,26.084142394822,25.5555555555556,30,24.4444444444444,18.6699029126214,19,16,20,4.0963605135933,3.97476879791651,4.8606019041518,3.66330326646229,44302.75,13269.05,3197.85,249.6,36.25,23.5,61346.9325,61623.365,61669.2475,61715.13,"Hazardous","Low",72.5851657387191,55.816627655,252.779653465417,3.395322772,139.513112242051,190.2556776,6.13047205355722,3.395322772,0.930194395563963,0.944535280058603,1.47752485013167,74.0626905888508,148.125381177702,0.148125381177702,0.000148125381177702,1.48125381177702e-07,0.0203557412192215,0,0,0
"13A_B",21,1,"Konza4","Button","Smoke","CW/KOH",20240717,NA,"LL","1000x",NA,NA,"13A","K4_B",2,70,35,"HQC",3,13,0.035,0,0,0,0,1,-3.35240721749272,0.0625,0.9375,7225,206428.571428571,6773.4375,193526.785714286,176687.795899852,924.310509113856,308.0829396,4657.88258384,177.016829268293,192.515,421.555,632.516768292683,327.7675,2457.465,26.084142394822,25.5555555555556,30,24.4444444444444,18.6699029126214,19,16,20,4.0963605135933,3.97476879791651,4.8606019041518,3.66330326646229,44302.75,13269.05,3197.85,249.6,36.25,23.5,61346.9325,61623.365,61669.2475,61715.13,"Hazardous","Low",72.5851657387191,55.816627655,252.779653465417,3.395322772,139.513112242051,190.2556776,6.13047205355722,3.395322772,0.930194395563963,0.944535280058603,1.47752485013167,74.0626905888508,148.125381177702,0.148125381177702,0.000148125381177702,1.48125381177702e-07,0.0203557412192215,1192825932295.05,1192825932.29505,1192.82593229505
"13A_B",22,2,"Konza4","Button","Smoke","CW/KOH",20240717,NA,"LL","1000x",NA,NA,"13A","K4_B",2,70,35,"HQC",3,13,0.035,0,0,0,0,2,-3.35240721749272,0.0625,1.9375,14450,412857.142857143,13998.4375,399955.357142857,383116.367328424,924.310509113856,308.0829396,4657.88258384,177.016829268293,192.515,421.555,632.516768292683,327.7675,2457.465,26.084142394822,25.5555555555556,30,24.4444444444444,18.6699029126214,19,16,20,4.0963605135933,3.97476879791651,4.8606019041518,3.66330326646229,44302.75,13269.05,3197.85,249.6,36.25,23.5,61346.9325,61623.365,61669.2475,61715.13,"Hazardous","Low",72.5851657387191,55.816627655,252.779653465417,3.395322772,139.513112242051,190.2556776,6.13047205355722,3.395322772,0.930194395563963,0.944535280058603,1.47752485013167,74.0626905888508,148.125381177702,0.148125381177702,0.000148125381177702,1.48125381177702e-07,0.0203557412192215,2586432954854.71,2586432954.85471,2586.43295485471
"13A_B",23,3,"Konza4","Button","Smoke","CW/KOH",20240717,NA,"LL","1000x",NA,NA,"13A","K4_B",2,70,35,"HQC",3,13,0.035,0,0,0,0,3,-3.35240721749272,0.0625,2.9375,21675,619285.714285714,21223.4375,606383.928571428,589544.938756995,924.310509113856,308.0829396,4657.88258384,177.016829268293,192.515,421.555,632.516768292683,327.7675,2457.465,26.084142394822,25.5555555555556,30,24.4444444444444,18.6699029126214,19,16,20,4.0963605135933,3.97476879791651,4.8606019041518,3.66330326646229,44302.75,13269.05,3197.85,249.6,36.25,23.5,61346.9325,61623.365,61669.2475,61715.13,"Hazardous","Low",72.5851657387191,55.816627655,252.779653465417,3.395322772,139.513112242051,190.2556776,6.13047205355722,3.395322772,0.930194395563963,0.944535280058603,1.47752485013167,74.0626905888508,148.125381177702,0.148125381177702,0.000148125381177702,1.48125381177702e-07,0.0203557412192215,3980039977414.37,3980039977.41437,3980.03997741437
"13A_B",24,0,"Konza4","Button","Smoke","CW/KOH",20240717,NA,"LL","1000x",NA,NA,"13A","K4_B",2,70,35,"HQC",3,13,0.035,0,0,0,0,0,-3.35240721749272,0.0625,0,0,0,0,0,0,924.310509113856,308.0829396,4657.88258384,177.016829268293,192.515,421.555,632.516768292683,327.7675,2457.465,26.084142394822,25.5555555555556,30,24.4444444444444,18.6699029126214,19,16,20,4.0963605135933,3.97476879791651,4.8606019041518,3.66330326646229,44302.75,13269.05,3197.85,249.6,36.25,23.5,61346.9325,61623.365,61669.2475,61715.13,"Hazardous","Low",72.5851657387191,55.816627655,252.779653465417,3.395322772,139.513112242051,190.2556776,6.13047205355722,3.395322772,0.930194395563963,0.944535280058603,1.47752485013167,74.0626905888508,148.125381177702,0.148125381177702,0.000148125381177702,1.48125381177702e-07,0.0203557412192215,0,0,0
"13A_B",25,2,"Konza4","Button","Smoke","CW/KOH",20240717,NA,"LL","1000x",NA,NA,"13A","K4_B",2,70,35,"HQC",3,13,0.035,0,0,0,0,2,-3.35240721749272,0.0625,1.9375,14450,412857.142857143,13998.4375,399955.357142857,383116.367328424,924.310509113856,308.0829396,4657.88258384,177.016829268293,192.515,421.555,632.516768292683,327.7675,2457.465,26.084142394822,25.5555555555556,30,24.4444444444444,18.6699029126214,19,16,20,4.0963605135933,3.97476879791651,4.8606019041518,3.66330326646229,44302.75,13269.05,3197.85,249.6,36.25,23.5,61346.9325,61623.365,61669.2475,61715.13,"Hazardous","Low",72.5851657387191,55.816627655,252.779653465417,3.395322772,139.513112242051,190.2556776,6.13047205355722,3.395322772,0.930194395563963,0.944535280058603,1.47752485013167,74.0626905888508,148.125381177702,0.148125381177702,0.000148125381177702,1.48125381177702e-07,0.0203557412192215,2586432954854.71,2586432954.85471,2586.43295485471
"13A_B",26,0,"Konza4","Button","Smoke","CW/KOH",20240717,NA,"LL","1000x",NA,NA,"13A","K4_B",2,70,35,"HQC",3,13,0.035,0,0,0,0,0,-3.35240721749272,0.0625,0,0,0,0,0,0,924.310509113856,308.0829396,4657.88258384,177.016829268293,192.515,421.555,632.516768292683,327.7675,2457.465,26.084142394822,25.5555555555556,30,24.4444444444444,18.6699029126214,19,16,20,4.0963605135933,3.97476879791651,4.8606019041518,3.66330326646229,44302.75,13269.05,3197.85,249.6,36.25,23.5,61346.9325,61623.365,61669.2475,61715.13,"Hazardous","Low",72.5851657387191,55.816627655,252.779653465417,3.395322772,139.513112242051,190.2556776,6.13047205355722,3.395322772,0.930194395563963,0.944535280058603,1.47752485013167,74.0626905888508,148.125381177702,0.148125381177702,0.000148125381177702,1.48125381177702e-07,0.0203557412192215,0,0,0
"13A_B",27,1,"Konza4","Button","Smoke","CW/KOH",20240717,NA,"LL","1000x",NA,NA,"13A","K4_B",2,70,35,"HQC",3,13,0.035,0,0,0,0,1,-3.35240721749272,0.0625,0.9375,7225,206428.571428571,6773.4375,193526.785714286,176687.795899852,924.310509113856,308.0829396,4657.88258384,177.016829268293,192.515,421.555,632.516768292683,327.7675,2457.465,26.084142394822,25.5555555555556,30,24.4444444444444,18.6699029126214,19,16,20,4.0963605135933,3.97476879791651,4.8606019041518,3.66330326646229,44302.75,13269.05,3197.85,249.6,36.25,23.5,61346.9325,61623.365,61669.2475,61715.13,"Hazardous","Low",72.5851657387191,55.816627655,252.779653465417,3.395322772,139.513112242051,190.2556776,6.13047205355722,3.395322772,0.930194395563963,0.944535280058603,1.47752485013167,74.0626905888508,148.125381177702,0.148125381177702,0.000148125381177702,1.48125381177702e-07,0.0203557412192215,1192825932295.05,1192825932.29505,1192.82593229505
"13A_B",28,0,"Konza4","Button","Smoke","CW/KOH",20240717,NA,"LL","1000x",NA,NA,"13A","K4_B",2,70,35,"HQC",3,13,0.035,0,0,0,0,0,-3.35240721749272,0.0625,0,0,0,0,0,0,924.310509113856,308.0829396,4657.88258384,177.016829268293,192.515,421.555,632.516768292683,327.7675,2457.465,26.084142394822,25.5555555555556,30,24.4444444444444,18.6699029126214,19,16,20,4.0963605135933,3.97476879791651,4.8606019041518,3.66330326646229,44302.75,13269.05,3197.85,249.6,36.25,23.5,61346.9325,61623.365,61669.2475,61715.13,"Hazardous","Low",72.5851657387191,55.816627655,252.779653465417,3.395322772,139.513112242051,190.2556776,6.13047205355722,3.395322772,0.930194395563963,0.944535280058603,1.47752485013167,74.0626905888508,148.125381177702,0.148125381177702,0.000148125381177702,1.48125381177702e-07,0.0203557412192215,0,0,0
"13A_B",29,1,"Konza4","Button","Smoke","CW/KOH",20240717,NA,"LL","1000x",NA,NA,"13A","K4_B",2,70,35,"HQC",3,13,0.035,0,0,0,0,1,-3.35240721749272,0.0625,0.9375,7225,206428.571428571,6773.4375,193526.785714286,176687.795899852,924.310509113856,308.0829396,4657.88258384,177.016829268293,192.515,421.555,632.516768292683,327.7675,2457.465,26.084142394822,25.5555555555556,30,24.4444444444444,18.6699029126214,19,16,20,4.0963605135933,3.97476879791651,4.8606019041518,3.66330326646229,44302.75,13269.05,3197.85,249.6,36.25,23.5,61346.9325,61623.365,61669.2475,61715.13,"Hazardous","Low",72.5851657387191,55.816627655,252.779653465417,3.395322772,139.513112242051,190.2556776,6.13047205355722,3.395322772,0.930194395563963,0.944535280058603,1.47752485013167,74.0626905888508,148.125381177702,0.148125381177702,0.000148125381177702,1.48125381177702e-07,0.0203557412192215,1192825932295.05,1192825932.29505,1192.82593229505
"13A_B",30,0,"Konza4","Button","Smoke","CW/KOH",20240717,NA,"LL","1000x",NA,NA,"13A","K4_B",2,70,35,"HQC",3,13,0.035,0,0,0,0,0,-3.35240721749272,0.0625,0,0,0,0,0,0,924.310509113856,308.0829396,4657.88258384,177.016829268293,192.515,421.555,632.516768292683,327.7675,2457.465,26.084142394822,25.5555555555556,30,24.4444444444444,18.6699029126214,19,16,20,4.0963605135933,3.97476879791651,4.8606019041518,3.66330326646229,44302.75,13269.05,3197.85,249.6,36.25,23.5,61346.9325,61623.365,61669.2475,61715.13,"Hazardous","Low",72.5851657387191,55.816627655,252.779653465417,3.395322772,139.513112242051,190.2556776,6.13047205355722,3.395322772,0.930194395563963,0.944535280058603,1.47752485013167,74.0626905888508,148.125381177702,0.148125381177702,0.000148125381177702,1.48125381177702e-07,0.0203557412192215,0,0,0
"13A_B",31,0,"Konza4","Button","Smoke","CW/KOH",20240717,NA,"LL","1000x",NA,NA,"13A","K4_B",2,70,35,"HQC",3,13,0.035,0,0,0,0,0,-3.35240721749272,0.0625,0,0,0,0,0,0,924.310509113856,308.0829396,4657.88258384,177.016829268293,192.515,421.555,632.516768292683,327.7675,2457.465,26.084142394822,25.5555555555556,30,24.4444444444444,18.6699029126214,19,16,20,4.0963605135933,3.97476879791651,4.8606019041518,3.66330326646229,44302.75,13269.05,3197.85,249.6,36.25,23.5,61346.9325,61623.365,61669.2475,61715.13,"Hazardous","Low",72.5851657387191,55.816627655,252.779653465417,3.395322772,139.513112242051,190.2556776,6.13047205355722,3.395322772,0.930194395563963,0.944535280058603,1.47752485013167,74.0626905888508,148.125381177702,0.148125381177702,0.000148125381177702,1.48125381177702e-07,0.0203557412192215,0,0,0
"13A_B",32,0,"Konza4","Button","Smoke","CW/KOH",20240717,NA,"LL","1000x",NA,NA,"13A","K4_B",2,70,35,"HQC",3,13,0.035,0,0,0,0,0,-3.35240721749272,0.0625,0,0,0,0,0,0,924.310509113856,308.0829396,4657.88258384,177.016829268293,192.515,421.555,632.516768292683,327.7675,2457.465,26.084142394822,25.5555555555556,30,24.4444444444444,18.6699029126214,19,16,20,4.0963605135933,3.97476879791651,4.8606019041518,3.66330326646229,44302.75,13269.05,3197.85,249.6,36.25,23.5,61346.9325,61623.365,61669.2475,61715.13,"Hazardous","Low",72.5851657387191,55.816627655,252.779653465417,3.395322772,139.513112242051,190.2556776,6.13047205355722,3.395322772,0.930194395563963,0.944535280058603,1.47752485013167,74.0626905888508,148.125381177702,0.148125381177702,0.000148125381177702,1.48125381177702e-07,0.0203557412192215,0,0,0
"13A_B",33,2,"Konza4","Button","Smoke","CW/KOH",20240717,NA,"LL","1000x",NA,NA,"13A","K4_B",2,70,35,"HQC",3,13,0.035,0,0,0,0,2,-3.35240721749272,0.0625,1.9375,14450,412857.142857143,13998.4375,399955.357142857,383116.367328424,924.310509113856,308.0829396,4657.88258384,177.016829268293,192.515,421.555,632.516768292683,327.7675,2457.465,26.084142394822,25.5555555555556,30,24.4444444444444,18.6699029126214,19,16,20,4.0963605135933,3.97476879791651,4.8606019041518,3.66330326646229,44302.75,13269.05,3197.85,249.6,36.25,23.5,61346.9325,61623.365,61669.2475,61715.13,"Hazardous","Low",72.5851657387191,55.816627655,252.779653465417,3.395322772,139.513112242051,190.2556776,6.13047205355722,3.395322772,0.930194395563963,0.944535280058603,1.47752485013167,74.0626905888508,148.125381177702,0.148125381177702,0.000148125381177702,1.48125381177702e-07,0.0203557412192215,2586432954854.71,2586432954.85471,2586.43295485471
"13A_B",34,0,"Konza4","Button","Smoke","CW/KOH",20240717,NA,"LL","1000x",NA,NA,"13A","K4_B",2,70,35,"HQC",3,13,0.035,0,0,0,0,0,-3.35240721749272,0.0625,0,0,0,0,0,0,924.310509113856,308.0829396,4657.88258384,177.016829268293,192.515,421.555,632.516768292683,327.7675,2457.465,26.084142394822,25.5555555555556,30,24.4444444444444,18.6699029126214,19,16,20,4.0963605135933,3.97476879791651,4.8606019041518,3.66330326646229,44302.75,13269.05,3197.85,249.6,36.25,23.5,61346.9325,61623.365,61669.2475,61715.13,"Hazardous","Low",72.5851657387191,55.816627655,252.779653465417,3.395322772,139.513112242051,190.2556776,6.13047205355722,3.395322772,0.930194395563963,0.944535280058603,1.47752485013167,74.0626905888508,148.125381177702,0.148125381177702,0.000148125381177702,1.48125381177702e-07,0.0203557412192215,0,0,0
"13A_B",35,0,"Konza4","Button","Smoke","CW/KOH",20240717,NA,"LL","1000x",NA,NA,"13A","K4_B",2,70,35,"HQC",3,13,0.035,0,0,0,0,0,-3.35240721749272,0.0625,0,0,0,0,0,0,924.310509113856,308.0829396,4657.88258384,177.016829268293,192.515,421.555,632.516768292683,327.7675,2457.465,26.084142394822,25.5555555555556,30,24.4444444444444,18.6699029126214,19,16,20,4.0963605135933,3.97476879791651,4.8606019041518,3.66330326646229,44302.75,13269.05,3197.85,249.6,36.25,23.5,61346.9325,61623.365,61669.2475,61715.13,"Hazardous","Low",72.5851657387191,55.816627655,252.779653465417,3.395322772,139.513112242051,190.2556776,6.13047205355722,3.395322772,0.930194395563963,0.944535280058603,1.47752485013167,74.0626905888508,148.125381177702,0.148125381177702,0.000148125381177702,1.48125381177702e-07,0.0203557412192215,0,0,0
"13A_B",36,0,"Konza4","Button","Smoke","CW/KOH",20240717,NA,"LL","1000x",NA,NA,"13A","K4_B",2,70,35,"HQC",3,13,0.035,0,0,0,0,0,-3.35240721749272,0.0625,0,0,0,0,0,0,924.310509113856,308.0829396,4657.88258384,177.016829268293,192.515,421.555,632.516768292683,327.7675,2457.465,26.084142394822,25.5555555555556,30,24.4444444444444,18.6699029126214,19,16,20,4.0963605135933,3.97476879791651,4.8606019041518,3.66330326646229,44302.75,13269.05,3197.85,249.6,36.25,23.5,61346.9325,61623.365,61669.2475,61715.13,"Hazardous","Low",72.5851657387191,55.816627655,252.779653465417,3.395322772,139.513112242051,190.2556776,6.13047205355722,3.395322772,0.930194395563963,0.944535280058603,1.47752485013167,74.0626905888508,148.125381177702,0.148125381177702,0.000148125381177702,1.48125381177702e-07,0.0203557412192215,0,0,0
"13A_B",37,0,"Konza4","Button","Smoke","CW/KOH",20240717,NA,"LL","1000x",NA,NA,"13A","K4_B",2,70,35,"HQC",3,13,0.035,0,0,0,0,0,-3.35240721749272,0.0625,0,0,0,0,0,0,924.310509113856,308.0829396,4657.88258384,177.016829268293,192.515,421.555,632.516768292683,327.7675,2457.465,26.084142394822,25.5555555555556,30,24.4444444444444,18.6699029126214,19,16,20,4.0963605135933,3.97476879791651,4.8606019041518,3.66330326646229,44302.75,13269.05,3197.85,249.6,36.25,23.5,61346.9325,61623.365,61669.2475,61715.13,"Hazardous","Low",72.5851657387191,55.816627655,252.779653465417,3.395322772,139.513112242051,190.2556776,6.13047205355722,3.395322772,0.930194395563963,0.944535280058603,1.47752485013167,74.0626905888508,148.125381177702,0.148125381177702,0.000148125381177702,1.48125381177702e-07,0.0203557412192215,0,0,0
"13A_B",38,0,"Konza4","Button","Smoke","CW/KOH",20240717,NA,"LL","1000x",NA,NA,"13A","K4_B",2,70,35,"HQC",3,13,0.035,0,0,0,0,0,-3.35240721749272,0.0625,0,0,0,0,0,0,924.310509113856,308.0829396,4657.88258384,177.016829268293,192.515,421.555,632.516768292683,327.7675,2457.465,26.084142394822,25.5555555555556,30,24.4444444444444,18.6699029126214,19,16,20,4.0963605135933,3.97476879791651,4.8606019041518,3.66330326646229,44302.75,13269.05,3197.85,249.6,36.25,23.5,61346.9325,61623.365,61669.2475,61715.13,"Hazardous","Low",72.5851657387191,55.816627655,252.779653465417,3.395322772,139.513112242051,190.2556776,6.13047205355722,3.395322772,0.930194395563963,0.944535280058603,1.47752485013167,74.0626905888508,148.125381177702,0.148125381177702,0.000148125381177702,1.48125381177702e-07,0.0203557412192215,0,0,0
"13A_B",39,0,"Konza4","Button","Smoke","CW/KOH",20240717,NA,"LL","1000x",NA,NA,"13A","K4_B",2,70,35,"HQC",3,13,0.035,0,0,0,0,0,-3.35240721749272,0.0625,0,0,0,0,0,0,924.310509113856,308.0829396,4657.88258384,177.016829268293,192.515,421.555,632.516768292683,327.7675,2457.465,26.084142394822,25.5555555555556,30,24.4444444444444,18.6699029126214,19,16,20,4.0963605135933,3.97476879791651,4.8606019041518,3.66330326646229,44302.75,13269.05,3197.85,249.6,36.25,23.5,61346.9325,61623.365,61669.2475,61715.13,"Hazardous","Low",72.5851657387191,55.816627655,252.779653465417,3.395322772,139.513112242051,190.2556776,6.13047205355722,3.395322772,0.930194395563963,0.944535280058603,1.47752485013167,74.0626905888508,148.125381177702,0.148125381177702,0.000148125381177702,1.48125381177702e-07,0.0203557412192215,0,0,0
"13A_B",40,1,"Konza4","Button","Smoke","CW/KOH",20240717,NA,"LL","1000x",NA,NA,"13A","K4_B",2,70,35,"HQC",3,13,0.035,0,0,0,0,1,-3.35240721749272,0.0625,0.9375,7225,206428.571428571,6773.4375,193526.785714286,176687.795899852,924.310509113856,308.0829396,4657.88258384,177.016829268293,192.515,421.555,632.516768292683,327.7675,2457.465,26.084142394822,25.5555555555556,30,24.4444444444444,18.6699029126214,19,16,20,4.0963605135933,3.97476879791651,4.8606019041518,3.66330326646229,44302.75,13269.05,3197.85,249.6,36.25,23.5,61346.9325,61623.365,61669.2475,61715.13,"Hazardous","Low",72.5851657387191,55.816627655,252.779653465417,3.395322772,139.513112242051,190.2556776,6.13047205355722,3.395322772,0.930194395563963,0.944535280058603,1.47752485013167,74.0626905888508,148.125381177702,0.148125381177702,0.000148125381177702,1.48125381177702e-07,0.0203557412192215,1192825932295.05,1192825932.29505,1192.82593229505
"14A_B",1,1,"Konza4","Button","Smoke","CW/KOH",20240717,NA,"LL","1000x",NA,NA,"14A","K4_B",2,60,30,"HQD",3,14,0.03,0,0,0,0,1,-3.50655789731998,0.0625,0.9375,7225,240833.333333333,6773.4375,225781.25,208942.260185566,346.957725531398,23.0219894475,1864.1743459124,138.069691358025,24,401.855,299.576666666667,37.9,1347.93,25.3219696969697,25,27.2222222222222,11.1111111111111,19.7159090909091,20,18,22,4.17359961904543,4.20984328861675,5.04866473909568,1.8092412107304,6491.4,1395.035,190.2,26.7,3.065,3,8045.57,8063.17,8066.235,8069.3,"Moderate/Unhealthy","Low",50.3792592952484,43.53598559,179.538982806098,0.748501638,99.0904209126845,155.5288223,1.67366762540774,0.748501638,0.960440695956337,0.971484399239313,0.510519738989578,50.889779034238,101.779558068476,0.101779558068476,0.000101779558068476,1.01779558068476e-07,0.0101335300703345,2052890228163.43,2052890228.16343,2052.89022816343
"14A_B",2,0,"Konza4","Button","Smoke","CW/KOH",20240717,NA,"LL","1000x",NA,NA,"14A","K4_B",2,60,30,"HQD",3,14,0.03,0,0,0,0,0,-3.50655789731998,0.0625,0,0,0,0,0,0,346.957725531398,23.0219894475,1864.1743459124,138.069691358025,24,401.855,299.576666666667,37.9,1347.93,25.3219696969697,25,27.2222222222222,11.1111111111111,19.7159090909091,20,18,22,4.17359961904543,4.20984328861675,5.04866473909568,1.8092412107304,6491.4,1395.035,190.2,26.7,3.065,3,8045.57,8063.17,8066.235,8069.3,"Moderate/Unhealthy","Low",50.3792592952484,43.53598559,179.538982806098,0.748501638,99.0904209126845,155.5288223,1.67366762540774,0.748501638,0.960440695956337,0.971484399239313,0.510519738989578,50.889779034238,101.779558068476,0.101779558068476,0.000101779558068476,1.01779558068476e-07,0.0101335300703345,0,0,0
"14A_B",3,0,"Konza4","Button","Smoke","CW/KOH",20240717,NA,"LL","1000x",NA,NA,"14A","K4_B",2,60,30,"HQD",3,14,0.03,0,0,0,0,0,-3.50655789731998,0.0625,0,0,0,0,0,0,346.957725531398,23.0219894475,1864.1743459124,138.069691358025,24,401.855,299.576666666667,37.9,1347.93,25.3219696969697,25,27.2222222222222,11.1111111111111,19.7159090909091,20,18,22,4.17359961904543,4.20984328861675,5.04866473909568,1.8092412107304,6491.4,1395.035,190.2,26.7,3.065,3,8045.57,8063.17,8066.235,8069.3,"Moderate/Unhealthy","Low",50.3792592952484,43.53598559,179.538982806098,0.748501638,99.0904209126845,155.5288223,1.67366762540774,0.748501638,0.960440695956337,0.971484399239313,0.510519738989578,50.889779034238,101.779558068476,0.101779558068476,0.000101779558068476,1.01779558068476e-07,0.0101335300703345,0,0,0
"14A_B",4,0,"Konza4","Button","Smoke","CW/KOH",20240717,NA,"LL","1000x",NA,NA,"14A","K4_B",2,60,30,"HQD",3,14,0.03,0,0,0,0,0,-3.50655789731998,0.0625,0,0,0,0,0,0,346.957725531398,23.0219894475,1864.1743459124,138.069691358025,24,401.855,299.576666666667,37.9,1347.93,25.3219696969697,25,27.2222222222222,11.1111111111111,19.7159090909091,20,18,22,4.17359961904543,4.20984328861675,5.04866473909568,1.8092412107304,6491.4,1395.035,190.2,26.7,3.065,3,8045.57,8063.17,8066.235,8069.3,"Moderate/Unhealthy","Low",50.3792592952484,43.53598559,179.538982806098,0.748501638,99.0904209126845,155.5288223,1.67366762540774,0.748501638,0.960440695956337,0.971484399239313,0.510519738989578,50.889779034238,101.779558068476,0.101779558068476,0.000101779558068476,1.01779558068476e-07,0.0101335300703345,0,0,0
"14A_B",5,1,"Konza4","Button","Smoke","CW/KOH",20240717,NA,"LL","1000x",NA,NA,"14A","K4_B",2,60,30,"HQD",3,14,0.03,0,0,0,0,1,-3.50655789731998,0.0625,0.9375,7225,240833.333333333,6773.4375,225781.25,208942.260185566,346.957725531398,23.0219894475,1864.1743459124,138.069691358025,24,401.855,299.576666666667,37.9,1347.93,25.3219696969697,25,27.2222222222222,11.1111111111111,19.7159090909091,20,18,22,4.17359961904543,4.20984328861675,5.04866473909568,1.8092412107304,6491.4,1395.035,190.2,26.7,3.065,3,8045.57,8063.17,8066.235,8069.3,"Moderate/Unhealthy","Low",50.3792592952484,43.53598559,179.538982806098,0.748501638,99.0904209126845,155.5288223,1.67366762540774,0.748501638,0.960440695956337,0.971484399239313,0.510519738989578,50.889779034238,101.779558068476,0.101779558068476,0.000101779558068476,1.01779558068476e-07,0.0101335300703345,2052890228163.43,2052890228.16343,2052.89022816343
"14A_B",6,1,"Konza4","Button","Smoke","CW/KOH",20240717,NA,"LL","1000x",NA,NA,"14A","K4_B",2,60,30,"HQD",3,14,0.03,0,0,0,0,1,-3.50655789731998,0.0625,0.9375,7225,240833.333333333,6773.4375,225781.25,208942.260185566,346.957725531398,23.0219894475,1864.1743459124,138.069691358025,24,401.855,299.576666666667,37.9,1347.93,25.3219696969697,25,27.2222222222222,11.1111111111111,19.7159090909091,20,18,22,4.17359961904543,4.20984328861675,5.04866473909568,1.8092412107304,6491.4,1395.035,190.2,26.7,3.065,3,8045.57,8063.17,8066.235,8069.3,"Moderate/Unhealthy","Low",50.3792592952484,43.53598559,179.538982806098,0.748501638,99.0904209126845,155.5288223,1.67366762540774,0.748501638,0.960440695956337,0.971484399239313,0.510519738989578,50.889779034238,101.779558068476,0.101779558068476,0.000101779558068476,1.01779558068476e-07,0.0101335300703345,2052890228163.43,2052890228.16343,2052.89022816343
"14A_B",7,0,"Konza4","Button","Smoke","CW/KOH",20240717,NA,"LL","1000x",NA,NA,"14A","K4_B",2,60,30,"HQD",3,14,0.03,0,0,0,0,0,-3.50655789731998,0.0625,0,0,0,0,0,0,346.957725531398,23.0219894475,1864.1743459124,138.069691358025,24,401.855,299.576666666667,37.9,1347.93,25.3219696969697,25,27.2222222222222,11.1111111111111,19.7159090909091,20,18,22,4.17359961904543,4.20984328861675,5.04866473909568,1.8092412107304,6491.4,1395.035,190.2,26.7,3.065,3,8045.57,8063.17,8066.235,8069.3,"Moderate/Unhealthy","Low",50.3792592952484,43.53598559,179.538982806098,0.748501638,99.0904209126845,155.5288223,1.67366762540774,0.748501638,0.960440695956337,0.971484399239313,0.510519738989578,50.889779034238,101.779558068476,0.101779558068476,0.000101779558068476,1.01779558068476e-07,0.0101335300703345,0,0,0
"14A_B",8,0,"Konza4","Button","Smoke","CW/KOH",20240717,NA,"LL","1000x",NA,NA,"14A","K4_B",2,60,30,"HQD",3,14,0.03,0,0,0,0,0,-3.50655789731998,0.0625,0,0,0,0,0,0,346.957725531398,23.0219894475,1864.1743459124,138.069691358025,24,401.855,299.576666666667,37.9,1347.93,25.3219696969697,25,27.2222222222222,11.1111111111111,19.7159090909091,20,18,22,4.17359961904543,4.20984328861675,5.04866473909568,1.8092412107304,6491.4,1395.035,190.2,26.7,3.065,3,8045.57,8063.17,8066.235,8069.3,"Moderate/Unhealthy","Low",50.3792592952484,43.53598559,179.538982806098,0.748501638,99.0904209126845,155.5288223,1.67366762540774,0.748501638,0.960440695956337,0.971484399239313,0.510519738989578,50.889779034238,101.779558068476,0.101779558068476,0.000101779558068476,1.01779558068476e-07,0.0101335300703345,0,0,0
"14A_B",9,0,"Konza4","Button","Smoke","CW/KOH",20240717,NA,"LL","1000x",NA,NA,"14A","K4_B",2,60,30,"HQD",3,14,0.03,0,0,0,0,0,-3.50655789731998,0.0625,0,0,0,0,0,0,346.957725531398,23.0219894475,1864.1743459124,138.069691358025,24,401.855,299.576666666667,37.9,1347.93,25.3219696969697,25,27.2222222222222,11.1111111111111,19.7159090909091,20,18,22,4.17359961904543,4.20984328861675,5.04866473909568,1.8092412107304,6491.4,1395.035,190.2,26.7,3.065,3,8045.57,8063.17,8066.235,8069.3,"Moderate/Unhealthy","Low",50.3792592952484,43.53598559,179.538982806098,0.748501638,99.0904209126845,155.5288223,1.67366762540774,0.748501638,0.960440695956337,0.971484399239313,0.510519738989578,50.889779034238,101.779558068476,0.101779558068476,0.000101779558068476,1.01779558068476e-07,0.0101335300703345,0,0,0
"14A_B",10,0,"Konza4","Button","Smoke","CW/KOH",20240717,NA,"LL","1000x",NA,NA,"14A","K4_B",2,60,30,"HQD",3,14,0.03,0,0,0,0,0,-3.50655789731998,0.0625,0,0,0,0,0,0,346.957725531398,23.0219894475,1864.1743459124,138.069691358025,24,401.855,299.576666666667,37.9,1347.93,25.3219696969697,25,27.2222222222222,11.1111111111111,19.7159090909091,20,18,22,4.17359961904543,4.20984328861675,5.04866473909568,1.8092412107304,6491.4,1395.035,190.2,26.7,3.065,3,8045.57,8063.17,8066.235,8069.3,"Moderate/Unhealthy","Low",50.3792592952484,43.53598559,179.538982806098,0.748501638,99.0904209126845,155.5288223,1.67366762540774,0.748501638,0.960440695956337,0.971484399239313,0.510519738989578,50.889779034238,101.779558068476,0.101779558068476,0.000101779558068476,1.01779558068476e-07,0.0101335300703345,0,0,0
"14A_B",11,0,"Konza4","Button","Smoke","CW/KOH",20240717,NA,"LL","1000x",NA,NA,"14A","K4_B",2,60,30,"HQD",3,14,0.03,0,0,0,0,0,-3.50655789731998,0.0625,0,0,0,0,0,0,346.957725531398,23.0219894475,1864.1743459124,138.069691358025,24,401.855,299.576666666667,37.9,1347.93,25.3219696969697,25,27.2222222222222,11.1111111111111,19.7159090909091,20,18,22,4.17359961904543,4.20984328861675,5.04866473909568,1.8092412107304,6491.4,1395.035,190.2,26.7,3.065,3,8045.57,8063.17,8066.235,8069.3,"Moderate/Unhealthy","Low",50.3792592952484,43.53598559,179.538982806098,0.748501638,99.0904209126845,155.5288223,1.67366762540774,0.748501638,0.960440695956337,0.971484399239313,0.510519738989578,50.889779034238,101.779558068476,0.101779558068476,0.000101779558068476,1.01779558068476e-07,0.0101335300703345,0,0,0
"14A_B",12,0,"Konza4","Button","Smoke","CW/KOH",20240717,NA,"LL","1000x",NA,NA,"14A","K4_B",2,60,30,"HQD",3,14,0.03,0,0,0,0,0,-3.50655789731998,0.0625,0,0,0,0,0,0,346.957725531398,23.0219894475,1864.1743459124,138.069691358025,24,401.855,299.576666666667,37.9,1347.93,25.3219696969697,25,27.2222222222222,11.1111111111111,19.7159090909091,20,18,22,4.17359961904543,4.20984328861675,5.04866473909568,1.8092412107304,6491.4,1395.035,190.2,26.7,3.065,3,8045.57,8063.17,8066.235,8069.3,"Moderate/Unhealthy","Low",50.3792592952484,43.53598559,179.538982806098,0.748501638,99.0904209126845,155.5288223,1.67366762540774,0.748501638,0.960440695956337,0.971484399239313,0.510519738989578,50.889779034238,101.779558068476,0.101779558068476,0.000101779558068476,1.01779558068476e-07,0.0101335300703345,0,0,0
"14A_B",13,0,"Konza4","Button","Smoke","CW/KOH",20240717,NA,"LL","1000x",NA,NA,"14A","K4_B",2,60,30,"HQD",3,14,0.03,0,0,0,0,0,-3.50655789731998,0.0625,0,0,0,0,0,0,346.957725531398,23.0219894475,1864.1743459124,138.069691358025,24,401.855,299.576666666667,37.9,1347.93,25.3219696969697,25,27.2222222222222,11.1111111111111,19.7159090909091,20,18,22,4.17359961904543,4.20984328861675,5.04866473909568,1.8092412107304,6491.4,1395.035,190.2,26.7,3.065,3,8045.57,8063.17,8066.235,8069.3,"Moderate/Unhealthy","Low",50.3792592952484,43.53598559,179.538982806098,0.748501638,99.0904209126845,155.5288223,1.67366762540774,0.748501638,0.960440695956337,0.971484399239313,0.510519738989578,50.889779034238,101.779558068476,0.101779558068476,0.000101779558068476,1.01779558068476e-07,0.0101335300703345,0,0,0
"14A_B",14,0,"Konza4","Button","Smoke","CW/KOH",20240717,NA,"LL","1000x",NA,NA,"14A","K4_B",2,60,30,"HQD",3,14,0.03,0,0,0,0,0,-3.50655789731998,0.0625,0,0,0,0,0,0,346.957725531398,23.0219894475,1864.1743459124,138.069691358025,24,401.855,299.576666666667,37.9,1347.93,25.3219696969697,25,27.2222222222222,11.1111111111111,19.7159090909091,20,18,22,4.17359961904543,4.20984328861675,5.04866473909568,1.8092412107304,6491.4,1395.035,190.2,26.7,3.065,3,8045.57,8063.17,8066.235,8069.3,"Moderate/Unhealthy","Low",50.3792592952484,43.53598559,179.538982806098,0.748501638,99.0904209126845,155.5288223,1.67366762540774,0.748501638,0.960440695956337,0.971484399239313,0.510519738989578,50.889779034238,101.779558068476,0.101779558068476,0.000101779558068476,1.01779558068476e-07,0.0101335300703345,0,0,0
"14A_B",15,0,"Konza4","Button","Smoke","CW/KOH",20240717,NA,"LL","1000x",NA,NA,"14A","K4_B",2,60,30,"HQD",3,14,0.03,0,0,0,0,0,-3.50655789731998,0.0625,0,0,0,0,0,0,346.957725531398,23.0219894475,1864.1743459124,138.069691358025,24,401.855,299.576666666667,37.9,1347.93,25.3219696969697,25,27.2222222222222,11.1111111111111,19.7159090909091,20,18,22,4.17359961904543,4.20984328861675,5.04866473909568,1.8092412107304,6491.4,1395.035,190.2,26.7,3.065,3,8045.57,8063.17,8066.235,8069.3,"Moderate/Unhealthy","Low",50.3792592952484,43.53598559,179.538982806098,0.748501638,99.0904209126845,155.5288223,1.67366762540774,0.748501638,0.960440695956337,0.971484399239313,0.510519738989578,50.889779034238,101.779558068476,0.101779558068476,0.000101779558068476,1.01779558068476e-07,0.0101335300703345,0,0,0
"14A_B",16,1,"Konza4","Button","Smoke","CW/KOH",20240717,NA,"LL","1000x",NA,NA,"14A","K4_B",2,60,30,"HQD",3,14,0.03,0,0,0,0,1,-3.50655789731998,0.0625,0.9375,7225,240833.333333333,6773.4375,225781.25,208942.260185566,346.957725531398,23.0219894475,1864.1743459124,138.069691358025,24,401.855,299.576666666667,37.9,1347.93,25.3219696969697,25,27.2222222222222,11.1111111111111,19.7159090909091,20,18,22,4.17359961904543,4.20984328861675,5.04866473909568,1.8092412107304,6491.4,1395.035,190.2,26.7,3.065,3,8045.57,8063.17,8066.235,8069.3,"Moderate/Unhealthy","Low",50.3792592952484,43.53598559,179.538982806098,0.748501638,99.0904209126845,155.5288223,1.67366762540774,0.748501638,0.960440695956337,0.971484399239313,0.510519738989578,50.889779034238,101.779558068476,0.101779558068476,0.000101779558068476,1.01779558068476e-07,0.0101335300703345,2052890228163.43,2052890228.16343,2052.89022816343
"14A_B",17,0,"Konza4","Button","Smoke","CW/KOH",20240717,NA,"LL","1000x",NA,NA,"14A","K4_B",2,60,30,"HQD",3,14,0.03,0,0,0,0,0,-3.50655789731998,0.0625,0,0,0,0,0,0,346.957725531398,23.0219894475,1864.1743459124,138.069691358025,24,401.855,299.576666666667,37.9,1347.93,25.3219696969697,25,27.2222222222222,11.1111111111111,19.7159090909091,20,18,22,4.17359961904543,4.20984328861675,5.04866473909568,1.8092412107304,6491.4,1395.035,190.2,26.7,3.065,3,8045.57,8063.17,8066.235,8069.3,"Moderate/Unhealthy","Low",50.3792592952484,43.53598559,179.538982806098,0.748501638,99.0904209126845,155.5288223,1.67366762540774,0.748501638,0.960440695956337,0.971484399239313,0.510519738989578,50.889779034238,101.779558068476,0.101779558068476,0.000101779558068476,1.01779558068476e-07,0.0101335300703345,0,0,0
"14A_B",18,0,"Konza4","Button","Smoke","CW/KOH",20240717,NA,"LL","1000x",NA,NA,"14A","K4_B",2,60,30,"HQD",3,14,0.03,0,0,0,0,0,-3.50655789731998,0.0625,0,0,0,0,0,0,346.957725531398,23.0219894475,1864.1743459124,138.069691358025,24,401.855,299.576666666667,37.9,1347.93,25.3219696969697,25,27.2222222222222,11.1111111111111,19.7159090909091,20,18,22,4.17359961904543,4.20984328861675,5.04866473909568,1.8092412107304,6491.4,1395.035,190.2,26.7,3.065,3,8045.57,8063.17,8066.235,8069.3,"Moderate/Unhealthy","Low",50.3792592952484,43.53598559,179.538982806098,0.748501638,99.0904209126845,155.5288223,1.67366762540774,0.748501638,0.960440695956337,0.971484399239313,0.510519738989578,50.889779034238,101.779558068476,0.101779558068476,0.000101779558068476,1.01779558068476e-07,0.0101335300703345,0,0,0
"14A_B",19,1,"Konza4","Button","Smoke","CW/KOH",20240717,NA,"LL","1000x",NA,NA,"14A","K4_B",2,60,30,"HQD",3,14,0.03,0,0,0,0,1,-3.50655789731998,0.0625,0.9375,7225,240833.333333333,6773.4375,225781.25,208942.260185566,346.957725531398,23.0219894475,1864.1743459124,138.069691358025,24,401.855,299.576666666667,37.9,1347.93,25.3219696969697,25,27.2222222222222,11.1111111111111,19.7159090909091,20,18,22,4.17359961904543,4.20984328861675,5.04866473909568,1.8092412107304,6491.4,1395.035,190.2,26.7,3.065,3,8045.57,8063.17,8066.235,8069.3,"Moderate/Unhealthy","Low",50.3792592952484,43.53598559,179.538982806098,0.748501638,99.0904209126845,155.5288223,1.67366762540774,0.748501638,0.960440695956337,0.971484399239313,0.510519738989578,50.889779034238,101.779558068476,0.101779558068476,0.000101779558068476,1.01779558068476e-07,0.0101335300703345,2052890228163.43,2052890228.16343,2052.89022816343
"14A_B",20,1,"Konza4","Button","Smoke","CW/KOH",20240717,NA,"LL","1000x",NA,NA,"14A","K4_B",2,60,30,"HQD",3,14,0.03,0,0,0,0,1,-3.50655789731998,0.0625,0.9375,7225,240833.333333333,6773.4375,225781.25,208942.260185566,346.957725531398,23.0219894475,1864.1743459124,138.069691358025,24,401.855,299.576666666667,37.9,1347.93,25.3219696969697,25,27.2222222222222,11.1111111111111,19.7159090909091,20,18,22,4.17359961904543,4.20984328861675,5.04866473909568,1.8092412107304,6491.4,1395.035,190.2,26.7,3.065,3,8045.57,8063.17,8066.235,8069.3,"Moderate/Unhealthy","Low",50.3792592952484,43.53598559,179.538982806098,0.748501638,99.0904209126845,155.5288223,1.67366762540774,0.748501638,0.960440695956337,0.971484399239313,0.510519738989578,50.889779034238,101.779558068476,0.101779558068476,0.000101779558068476,1.01779558068476e-07,0.0101335300703345,2052890228163.43,2052890228.16343,2052.89022816343
"14A_B",21,1,"Konza4","Button","Smoke","CW/KOH",20240717,NA,"LL","1000x",NA,NA,"14A","K4_B",2,60,30,"HQD",3,14,0.03,0,0,0,0,1,-3.50655789731998,0.0625,0.9375,7225,240833.333333333,6773.4375,225781.25,208942.260185566,346.957725531398,23.0219894475,1864.1743459124,138.069691358025,24,401.855,299.576666666667,37.9,1347.93,25.3219696969697,25,27.2222222222222,11.1111111111111,19.7159090909091,20,18,22,4.17359961904543,4.20984328861675,5.04866473909568,1.8092412107304,6491.4,1395.035,190.2,26.7,3.065,3,8045.57,8063.17,8066.235,8069.3,"Moderate/Unhealthy","Low",50.3792592952484,43.53598559,179.538982806098,0.748501638,99.0904209126845,155.5288223,1.67366762540774,0.748501638,0.960440695956337,0.971484399239313,0.510519738989578,50.889779034238,101.779558068476,0.101779558068476,0.000101779558068476,1.01779558068476e-07,0.0101335300703345,2052890228163.43,2052890228.16343,2052.89022816343
"14A_B",22,0,"Konza4","Button","Smoke","CW/KOH",20240717,NA,"LL","1000x",NA,NA,"14A","K4_B",2,60,30,"HQD",3,14,0.03,0,0,0,0,0,-3.50655789731998,0.0625,0,0,0,0,0,0,346.957725531398,23.0219894475,1864.1743459124,138.069691358025,24,401.855,299.576666666667,37.9,1347.93,25.3219696969697,25,27.2222222222222,11.1111111111111,19.7159090909091,20,18,22,4.17359961904543,4.20984328861675,5.04866473909568,1.8092412107304,6491.4,1395.035,190.2,26.7,3.065,3,8045.57,8063.17,8066.235,8069.3,"Moderate/Unhealthy","Low",50.3792592952484,43.53598559,179.538982806098,0.748501638,99.0904209126845,155.5288223,1.67366762540774,0.748501638,0.960440695956337,0.971484399239313,0.510519738989578,50.889779034238,101.779558068476,0.101779558068476,0.000101779558068476,1.01779558068476e-07,0.0101335300703345,0,0,0
"14A_B",23,0,"Konza4","Button","Smoke","CW/KOH",20240717,NA,"LL","1000x",NA,NA,"14A","K4_B",2,60,30,"HQD",3,14,0.03,0,0,0,0,0,-3.50655789731998,0.0625,0,0,0,0,0,0,346.957725531398,23.0219894475,1864.1743459124,138.069691358025,24,401.855,299.576666666667,37.9,1347.93,25.3219696969697,25,27.2222222222222,11.1111111111111,19.7159090909091,20,18,22,4.17359961904543,4.20984328861675,5.04866473909568,1.8092412107304,6491.4,1395.035,190.2,26.7,3.065,3,8045.57,8063.17,8066.235,8069.3,"Moderate/Unhealthy","Low",50.3792592952484,43.53598559,179.538982806098,0.748501638,99.0904209126845,155.5288223,1.67366762540774,0.748501638,0.960440695956337,0.971484399239313,0.510519738989578,50.889779034238,101.779558068476,0.101779558068476,0.000101779558068476,1.01779558068476e-07,0.0101335300703345,0,0,0
"14A_B",24,0,"Konza4","Button","Smoke","CW/KOH",20240717,NA,"LL","1000x",NA,NA,"14A","K4_B",2,60,30,"HQD",3,14,0.03,0,0,0,0,0,-3.50655789731998,0.0625,0,0,0,0,0,0,346.957725531398,23.0219894475,1864.1743459124,138.069691358025,24,401.855,299.576666666667,37.9,1347.93,25.3219696969697,25,27.2222222222222,11.1111111111111,19.7159090909091,20,18,22,4.17359961904543,4.20984328861675,5.04866473909568,1.8092412107304,6491.4,1395.035,190.2,26.7,3.065,3,8045.57,8063.17,8066.235,8069.3,"Moderate/Unhealthy","Low",50.3792592952484,43.53598559,179.538982806098,0.748501638,99.0904209126845,155.5288223,1.67366762540774,0.748501638,0.960440695956337,0.971484399239313,0.510519738989578,50.889779034238,101.779558068476,0.101779558068476,0.000101779558068476,1.01779558068476e-07,0.0101335300703345,0,0,0
"14A_B",25,1,"Konza4","Button","Smoke","CW/KOH",20240717,NA,"LL","1000x",NA,NA,"14A","K4_B",2,60,30,"HQD",3,14,0.03,0,0,0,0,1,-3.50655789731998,0.0625,0.9375,7225,240833.333333333,6773.4375,225781.25,208942.260185566,346.957725531398,23.0219894475,1864.1743459124,138.069691358025,24,401.855,299.576666666667,37.9,1347.93,25.3219696969697,25,27.2222222222222,11.1111111111111,19.7159090909091,20,18,22,4.17359961904543,4.20984328861675,5.04866473909568,1.8092412107304,6491.4,1395.035,190.2,26.7,3.065,3,8045.57,8063.17,8066.235,8069.3,"Moderate/Unhealthy","Low",50.3792592952484,43.53598559,179.538982806098,0.748501638,99.0904209126845,155.5288223,1.67366762540774,0.748501638,0.960440695956337,0.971484399239313,0.510519738989578,50.889779034238,101.779558068476,0.101779558068476,0.000101779558068476,1.01779558068476e-07,0.0101335300703345,2052890228163.43,2052890228.16343,2052.89022816343
"14A_B",26,1,"Konza4","Button","Smoke","CW/KOH",20240717,NA,"LL","1000x",NA,NA,"14A","K4_B",2,60,30,"HQD",3,14,0.03,0,0,0,0,1,-3.50655789731998,0.0625,0.9375,7225,240833.333333333,6773.4375,225781.25,208942.260185566,346.957725531398,23.0219894475,1864.1743459124,138.069691358025,24,401.855,299.576666666667,37.9,1347.93,25.3219696969697,25,27.2222222222222,11.1111111111111,19.7159090909091,20,18,22,4.17359961904543,4.20984328861675,5.04866473909568,1.8092412107304,6491.4,1395.035,190.2,26.7,3.065,3,8045.57,8063.17,8066.235,8069.3,"Moderate/Unhealthy","Low",50.3792592952484,43.53598559,179.538982806098,0.748501638,99.0904209126845,155.5288223,1.67366762540774,0.748501638,0.960440695956337,0.971484399239313,0.510519738989578,50.889779034238,101.779558068476,0.101779558068476,0.000101779558068476,1.01779558068476e-07,0.0101335300703345,2052890228163.43,2052890228.16343,2052.89022816343
"14A_B",27,0,"Konza4","Button","Smoke","CW/KOH",20240717,NA,"LL","1000x",NA,NA,"14A","K4_B",2,60,30,"HQD",3,14,0.03,0,0,0,0,0,-3.50655789731998,0.0625,0,0,0,0,0,0,346.957725531398,23.0219894475,1864.1743459124,138.069691358025,24,401.855,299.576666666667,37.9,1347.93,25.3219696969697,25,27.2222222222222,11.1111111111111,19.7159090909091,20,18,22,4.17359961904543,4.20984328861675,5.04866473909568,1.8092412107304,6491.4,1395.035,190.2,26.7,3.065,3,8045.57,8063.17,8066.235,8069.3,"Moderate/Unhealthy","Low",50.3792592952484,43.53598559,179.538982806098,0.748501638,99.0904209126845,155.5288223,1.67366762540774,0.748501638,0.960440695956337,0.971484399239313,0.510519738989578,50.889779034238,101.779558068476,0.101779558068476,0.000101779558068476,1.01779558068476e-07,0.0101335300703345,0,0,0
"14A_B",28,1,"Konza4","Button","Smoke","CW/KOH",20240717,NA,"LL","1000x",NA,NA,"14A","K4_B",2,60,30,"HQD",3,14,0.03,0,0,0,0,1,-3.50655789731998,0.0625,0.9375,7225,240833.333333333,6773.4375,225781.25,208942.260185566,346.957725531398,23.0219894475,1864.1743459124,138.069691358025,24,401.855,299.576666666667,37.9,1347.93,25.3219696969697,25,27.2222222222222,11.1111111111111,19.7159090909091,20,18,22,4.17359961904543,4.20984328861675,5.04866473909568,1.8092412107304,6491.4,1395.035,190.2,26.7,3.065,3,8045.57,8063.17,8066.235,8069.3,"Moderate/Unhealthy","Low",50.3792592952484,43.53598559,179.538982806098,0.748501638,99.0904209126845,155.5288223,1.67366762540774,0.748501638,0.960440695956337,0.971484399239313,0.510519738989578,50.889779034238,101.779558068476,0.101779558068476,0.000101779558068476,1.01779558068476e-07,0.0101335300703345,2052890228163.43,2052890228.16343,2052.89022816343
"14A_B",29,0,"Konza4","Button","Smoke","CW/KOH",20240717,NA,"LL","1000x",NA,NA,"14A","K4_B",2,60,30,"HQD",3,14,0.03,0,0,0,0,0,-3.50655789731998,0.0625,0,0,0,0,0,0,346.957725531398,23.0219894475,1864.1743459124,138.069691358025,24,401.855,299.576666666667,37.9,1347.93,25.3219696969697,25,27.2222222222222,11.1111111111111,19.7159090909091,20,18,22,4.17359961904543,4.20984328861675,5.04866473909568,1.8092412107304,6491.4,1395.035,190.2,26.7,3.065,3,8045.57,8063.17,8066.235,8069.3,"Moderate/Unhealthy","Low",50.3792592952484,43.53598559,179.538982806098,0.748501638,99.0904209126845,155.5288223,1.67366762540774,0.748501638,0.960440695956337,0.971484399239313,0.510519738989578,50.889779034238,101.779558068476,0.101779558068476,0.000101779558068476,1.01779558068476e-07,0.0101335300703345,0,0,0
"14A_B",30,0,"Konza4","Button","Smoke","CW/KOH",20240717,NA,"LL","1000x",NA,NA,"14A","K4_B",2,60,30,"HQD",3,14,0.03,0,0,0,0,0,-3.50655789731998,0.0625,0,0,0,0,0,0,346.957725531398,23.0219894475,1864.1743459124,138.069691358025,24,401.855,299.576666666667,37.9,1347.93,25.3219696969697,25,27.2222222222222,11.1111111111111,19.7159090909091,20,18,22,4.17359961904543,4.20984328861675,5.04866473909568,1.8092412107304,6491.4,1395.035,190.2,26.7,3.065,3,8045.57,8063.17,8066.235,8069.3,"Moderate/Unhealthy","Low",50.3792592952484,43.53598559,179.538982806098,0.748501638,99.0904209126845,155.5288223,1.67366762540774,0.748501638,0.960440695956337,0.971484399239313,0.510519738989578,50.889779034238,101.779558068476,0.101779558068476,0.000101779558068476,1.01779558068476e-07,0.0101335300703345,0,0,0
"14A_B",31,0,"Konza4","Button","Smoke","CW/KOH",20240717,NA,"LL","1000x",NA,NA,"14A","K4_B",2,60,30,"HQD",3,14,0.03,0,0,0,0,0,-3.50655789731998,0.0625,0,0,0,0,0,0,346.957725531398,23.0219894475,1864.1743459124,138.069691358025,24,401.855,299.576666666667,37.9,1347.93,25.3219696969697,25,27.2222222222222,11.1111111111111,19.7159090909091,20,18,22,4.17359961904543,4.20984328861675,5.04866473909568,1.8092412107304,6491.4,1395.035,190.2,26.7,3.065,3,8045.57,8063.17,8066.235,8069.3,"Moderate/Unhealthy","Low",50.3792592952484,43.53598559,179.538982806098,0.748501638,99.0904209126845,155.5288223,1.67366762540774,0.748501638,0.960440695956337,0.971484399239313,0.510519738989578,50.889779034238,101.779558068476,0.101779558068476,0.000101779558068476,1.01779558068476e-07,0.0101335300703345,0,0,0
"14A_B",32,0,"Konza4","Button","Smoke","CW/KOH",20240717,NA,"LL","1000x",NA,NA,"14A","K4_B",2,60,30,"HQD",3,14,0.03,0,0,0,0,0,-3.50655789731998,0.0625,0,0,0,0,0,0,346.957725531398,23.0219894475,1864.1743459124,138.069691358025,24,401.855,299.576666666667,37.9,1347.93,25.3219696969697,25,27.2222222222222,11.1111111111111,19.7159090909091,20,18,22,4.17359961904543,4.20984328861675,5.04866473909568,1.8092412107304,6491.4,1395.035,190.2,26.7,3.065,3,8045.57,8063.17,8066.235,8069.3,"Moderate/Unhealthy","Low",50.3792592952484,43.53598559,179.538982806098,0.748501638,99.0904209126845,155.5288223,1.67366762540774,0.748501638,0.960440695956337,0.971484399239313,0.510519738989578,50.889779034238,101.779558068476,0.101779558068476,0.000101779558068476,1.01779558068476e-07,0.0101335300703345,0,0,0
"14A_B",33,0,"Konza4","Button","Smoke","CW/KOH",20240717,NA,"LL","1000x",NA,NA,"14A","K4_B",2,60,30,"HQD",3,14,0.03,0,0,0,0,0,-3.50655789731998,0.0625,0,0,0,0,0,0,346.957725531398,23.0219894475,1864.1743459124,138.069691358025,24,401.855,299.576666666667,37.9,1347.93,25.3219696969697,25,27.2222222222222,11.1111111111111,19.7159090909091,20,18,22,4.17359961904543,4.20984328861675,5.04866473909568,1.8092412107304,6491.4,1395.035,190.2,26.7,3.065,3,8045.57,8063.17,8066.235,8069.3,"Moderate/Unhealthy","Low",50.3792592952484,43.53598559,179.538982806098,0.748501638,99.0904209126845,155.5288223,1.67366762540774,0.748501638,0.960440695956337,0.971484399239313,0.510519738989578,50.889779034238,101.779558068476,0.101779558068476,0.000101779558068476,1.01779558068476e-07,0.0101335300703345,0,0,0
"14A_B",34,3,"Konza4","Button","Smoke","CW/KOH",20240717,NA,"LL","1000x",NA,NA,"14A","K4_B",2,60,30,"HQD",3,14,0.03,0,0,0,0,3,-3.50655789731998,0.0625,2.9375,21675,722500,21223.4375,707447.916666667,690608.926852233,346.957725531398,23.0219894475,1864.1743459124,138.069691358025,24,401.855,299.576666666667,37.9,1347.93,25.3219696969697,25,27.2222222222222,11.1111111111111,19.7159090909091,20,18,22,4.17359961904543,4.20984328861675,5.04866473909568,1.8092412107304,6491.4,1395.035,190.2,26.7,3.065,3,8045.57,8063.17,8066.235,8069.3,"Moderate/Unhealthy","Low",50.3792592952484,43.53598559,179.538982806098,0.748501638,99.0904209126845,155.5288223,1.67366762540774,0.748501638,0.960440695956337,0.971484399239313,0.510519738989578,50.889779034238,101.779558068476,0.101779558068476,0.000101779558068476,1.01779558068476e-07,0.0101335300703345,6785340199528.08,6785340199.52808,6785.34019952809
"14A_B",35,0,"Konza4","Button","Smoke","CW/KOH",20240717,NA,"LL","1000x",NA,NA,"14A","K4_B",2,60,30,"HQD",3,14,0.03,0,0,0,0,0,-3.50655789731998,0.0625,0,0,0,0,0,0,346.957725531398,23.0219894475,1864.1743459124,138.069691358025,24,401.855,299.576666666667,37.9,1347.93,25.3219696969697,25,27.2222222222222,11.1111111111111,19.7159090909091,20,18,22,4.17359961904543,4.20984328861675,5.04866473909568,1.8092412107304,6491.4,1395.035,190.2,26.7,3.065,3,8045.57,8063.17,8066.235,8069.3,"Moderate/Unhealthy","Low",50.3792592952484,43.53598559,179.538982806098,0.748501638,99.0904209126845,155.5288223,1.67366762540774,0.748501638,0.960440695956337,0.971484399239313,0.510519738989578,50.889779034238,101.779558068476,0.101779558068476,0.000101779558068476,1.01779558068476e-07,0.0101335300703345,0,0,0
"14A_B",36,0,"Konza4","Button","Smoke","CW/KOH",20240717,NA,"LL","1000x",NA,NA,"14A","K4_B",2,60,30,"HQD",3,14,0.03,0,0,0,0,0,-3.50655789731998,0.0625,0,0,0,0,0,0,346.957725531398,23.0219894475,1864.1743459124,138.069691358025,24,401.855,299.576666666667,37.9,1347.93,25.3219696969697,25,27.2222222222222,11.1111111111111,19.7159090909091,20,18,22,4.17359961904543,4.20984328861675,5.04866473909568,1.8092412107304,6491.4,1395.035,190.2,26.7,3.065,3,8045.57,8063.17,8066.235,8069.3,"Moderate/Unhealthy","Low",50.3792592952484,43.53598559,179.538982806098,0.748501638,99.0904209126845,155.5288223,1.67366762540774,0.748501638,0.960440695956337,0.971484399239313,0.510519738989578,50.889779034238,101.779558068476,0.101779558068476,0.000101779558068476,1.01779558068476e-07,0.0101335300703345,0,0,0
"14A_B",37,0,"Konza4","Button","Smoke","CW/KOH",20240717,NA,"LL","1000x",NA,NA,"14A","K4_B",2,60,30,"HQD",3,14,0.03,0,0,0,0,0,-3.50655789731998,0.0625,0,0,0,0,0,0,346.957725531398,23.0219894475,1864.1743459124,138.069691358025,24,401.855,299.576666666667,37.9,1347.93,25.3219696969697,25,27.2222222222222,11.1111111111111,19.7159090909091,20,18,22,4.17359961904543,4.20984328861675,5.04866473909568,1.8092412107304,6491.4,1395.035,190.2,26.7,3.065,3,8045.57,8063.17,8066.235,8069.3,"Moderate/Unhealthy","Low",50.3792592952484,43.53598559,179.538982806098,0.748501638,99.0904209126845,155.5288223,1.67366762540774,0.748501638,0.960440695956337,0.971484399239313,0.510519738989578,50.889779034238,101.779558068476,0.101779558068476,0.000101779558068476,1.01779558068476e-07,0.0101335300703345,0,0,0
"14A_B",38,0,"Konza4","Button","Smoke","CW/KOH",20240717,NA,"LL","1000x",NA,NA,"14A","K4_B",2,60,30,"HQD",3,14,0.03,0,0,0,0,0,-3.50655789731998,0.0625,0,0,0,0,0,0,346.957725531398,23.0219894475,1864.1743459124,138.069691358025,24,401.855,299.576666666667,37.9,1347.93,25.3219696969697,25,27.2222222222222,11.1111111111111,19.7159090909091,20,18,22,4.17359961904543,4.20984328861675,5.04866473909568,1.8092412107304,6491.4,1395.035,190.2,26.7,3.065,3,8045.57,8063.17,8066.235,8069.3,"Moderate/Unhealthy","Low",50.3792592952484,43.53598559,179.538982806098,0.748501638,99.0904209126845,155.5288223,1.67366762540774,0.748501638,0.960440695956337,0.971484399239313,0.510519738989578,50.889779034238,101.779558068476,0.101779558068476,0.000101779558068476,1.01779558068476e-07,0.0101335300703345,0,0,0
"14A_B",39,1,"Konza4","Button","Smoke","CW/KOH",20240717,NA,"LL","1000x",NA,NA,"14A","K4_B",2,60,30,"HQD",3,14,0.03,0,0,0,0,1,-3.50655789731998,0.0625,0.9375,7225,240833.333333333,6773.4375,225781.25,208942.260185566,346.957725531398,23.0219894475,1864.1743459124,138.069691358025,24,401.855,299.576666666667,37.9,1347.93,25.3219696969697,25,27.2222222222222,11.1111111111111,19.7159090909091,20,18,22,4.17359961904543,4.20984328861675,5.04866473909568,1.8092412107304,6491.4,1395.035,190.2,26.7,3.065,3,8045.57,8063.17,8066.235,8069.3,"Moderate/Unhealthy","Low",50.3792592952484,43.53598559,179.538982806098,0.748501638,99.0904209126845,155.5288223,1.67366762540774,0.748501638,0.960440695956337,0.971484399239313,0.510519738989578,50.889779034238,101.779558068476,0.101779558068476,0.000101779558068476,1.01779558068476e-07,0.0101335300703345,2052890228163.43,2052890228.16343,2052.89022816343
"14A_B",40,0,"Konza4","Button","Smoke","CW/KOH",20240717,NA,"LL","1000x",NA,NA,"14A","K4_B",2,60,30,"HQD",3,14,0.03,0,0,0,0,0,-3.50655789731998,0.0625,0,0,0,0,0,0,346.957725531398,23.0219894475,1864.1743459124,138.069691358025,24,401.855,299.576666666667,37.9,1347.93,25.3219696969697,25,27.2222222222222,11.1111111111111,19.7159090909091,20,18,22,4.17359961904543,4.20984328861675,5.04866473909568,1.8092412107304,6491.4,1395.035,190.2,26.7,3.065,3,8045.57,8063.17,8066.235,8069.3,"Moderate/Unhealthy","Low",50.3792592952484,43.53598559,179.538982806098,0.748501638,99.0904209126845,155.5288223,1.67366762540774,0.748501638,0.960440695956337,0.971484399239313,0.510519738989578,50.889779034238,101.779558068476,0.101779558068476,0.000101779558068476,1.01779558068476e-07,0.0101335300703345,0,0,0
"LabBlank_E_20240703",1,0,"Konza4","Blank","LabBlank","CW/KOH",20240703,NA,"LL","1000x",NA,NA,"LabBlank_E_20240703","K4_B",NA,NA,NA,NA,NA,20240703,NA,0,0,0,0,0,0,0.0625,0,0,NA,0,NA,NA,NA,NA,NA,NA,NA,NA,NA,NA,NA,NA,NA,NA,NA,NA,NA,NA,NA,NA,NA,NA,NA,NA,NA,NA,NA,NA,NA,NA,NA,NA,NA,NA,NA,NA,NA,NA,NA,NA,NA,NA,NA,NA,NA,NA,NA,NA,NA,NA,NA,NA,NA,NA,NA
"LabBlank_E_20240703",2,0,"Konza4","Blank","LabBlank","CW/KOH",20240703,NA,"LL","1000x",NA,NA,"LabBlank_E_20240703","K4_B",NA,NA,NA,NA,NA,20240703,NA,0,0,0,0,0,0,0.0625,0,0,NA,0,NA,NA,NA,NA,NA,NA,NA,NA,NA,NA,NA,NA,NA,NA,NA,NA,NA,NA,NA,NA,NA,NA,NA,NA,NA,NA,NA,NA,NA,NA,NA,NA,NA,NA,NA,NA,NA,NA,NA,NA,NA,NA,NA,NA,NA,NA,NA,NA,NA,NA,NA,NA,NA,NA,NA
"LabBlank_E_20240703",3,0,"Konza4","Blank","LabBlank","CW/KOH",20240703,NA,"LL","1000x",NA,NA,"LabBlank_E_20240703","K4_B",NA,NA,NA,NA,NA,20240703,NA,0,0,0,0,0,0,0.0625,0,0,NA,0,NA,NA,NA,NA,NA,NA,NA,NA,NA,NA,NA,NA,NA,NA,NA,NA,NA,NA,NA,NA,NA,NA,NA,NA,NA,NA,NA,NA,NA,NA,NA,NA,NA,NA,NA,NA,NA,NA,NA,NA,NA,NA,NA,NA,NA,NA,NA,NA,NA,NA,NA,NA,NA,NA,NA
"LabBlank_E_20240703",4,0,"Konza4","Blank","LabBlank","CW/KOH",20240703,NA,"LL","1000x",NA,NA,"LabBlank_E_20240703","K4_B",NA,NA,NA,NA,NA,20240703,NA,0,0,0,0,0,0,0.0625,0,0,NA,0,NA,NA,NA,NA,NA,NA,NA,NA,NA,NA,NA,NA,NA,NA,NA,NA,NA,NA,NA,NA,NA,NA,NA,NA,NA,NA,NA,NA,NA,NA,NA,NA,NA,NA,NA,NA,NA,NA,NA,NA,NA,NA,NA,NA,NA,NA,NA,NA,NA,NA,NA,NA,NA,NA,NA
"LabBlank_E_20240703",5,0,"Konza4","Blank","LabBlank","CW/KOH",20240703,NA,"LL","1000x",NA,NA,"LabBlank_E_20240703","K4_B",NA,NA,NA,NA,NA,20240703,NA,0,0,0,0,0,0,0.0625,0,0,NA,0,NA,NA,NA,NA,NA,NA,NA,NA,NA,NA,NA,NA,NA,NA,NA,NA,NA,NA,NA,NA,NA,NA,NA,NA,NA,NA,NA,NA,NA,NA,NA,NA,NA,NA,NA,NA,NA,NA,NA,NA,NA,NA,NA,NA,NA,NA,NA,NA,NA,NA,NA,NA,NA,NA,NA
"LabBlank_E_20240703",6,0,"Konza4","Blank","LabBlank","CW/KOH",20240703,NA,"LL","1000x",NA,NA,"LabBlank_E_20240703","K4_B",NA,NA,NA,NA,NA,20240703,NA,0,0,0,0,0,0,0.0625,0,0,NA,0,NA,NA,NA,NA,NA,NA,NA,NA,NA,NA,NA,NA,NA,NA,NA,NA,NA,NA,NA,NA,NA,NA,NA,NA,NA,NA,NA,NA,NA,NA,NA,NA,NA,NA,NA,NA,NA,NA,NA,NA,NA,NA,NA,NA,NA,NA,NA,NA,NA,NA,NA,NA,NA,NA,NA
"LabBlank_E_20240703",7,0,"Konza4","Blank","LabBlank","CW/KOH",20240703,NA,"LL","1000x",NA,NA,"LabBlank_E_20240703","K4_B",NA,NA,NA,NA,NA,20240703,NA,0,0,0,0,0,0,0.0625,0,0,NA,0,NA,NA,NA,NA,NA,NA,NA,NA,NA,NA,NA,NA,NA,NA,NA,NA,NA,NA,NA,NA,NA,NA,NA,NA,NA,NA,NA,NA,NA,NA,NA,NA,NA,NA,NA,NA,NA,NA,NA,NA,NA,NA,NA,NA,NA,NA,NA,NA,NA,NA,NA,NA,NA,NA,NA
"LabBlank_E_20240703",8,0,"Konza4","Blank","LabBlank","CW/KOH",20240703,NA,"LL","1000x",NA,NA,"LabBlank_E_20240703","K4_B",NA,NA,NA,NA,NA,20240703,NA,0,0,0,0,0,0,0.0625,0,0,NA,0,NA,NA,NA,NA,NA,NA,NA,NA,NA,NA,NA,NA,NA,NA,NA,NA,NA,NA,NA,NA,NA,NA,NA,NA,NA,NA,NA,NA,NA,NA,NA,NA,NA,NA,NA,NA,NA,NA,NA,NA,NA,NA,NA,NA,NA,NA,NA,NA,NA,NA,NA,NA,NA,NA,NA
"LabBlank_E_20240703",9,0,"Konza4","Blank","LabBlank","CW/KOH",20240703,NA,"LL","1000x",NA,NA,"LabBlank_E_20240703","K4_B",NA,NA,NA,NA,NA,20240703,NA,0,0,0,0,0,0,0.0625,0,0,NA,0,NA,NA,NA,NA,NA,NA,NA,NA,NA,NA,NA,NA,NA,NA,NA,NA,NA,NA,NA,NA,NA,NA,NA,NA,NA,NA,NA,NA,NA,NA,NA,NA,NA,NA,NA,NA,NA,NA,NA,NA,NA,NA,NA,NA,NA,NA,NA,NA,NA,NA,NA,NA,NA,NA,NA
"LabBlank_E_20240703",10,0,"Konza4","Blank","LabBlank","CW/KOH",20240703,NA,"LL","1000x",NA,NA,"LabBlank_E_20240703","K4_B",NA,NA,NA,NA,NA,20240703,NA,0,0,0,0,0,0,0.0625,0,0,NA,0,NA,NA,NA,NA,NA,NA,NA,NA,NA,NA,NA,NA,NA,NA,NA,NA,NA,NA,NA,NA,NA,NA,NA,NA,NA,NA,NA,NA,NA,NA,NA,NA,NA,NA,NA,NA,NA,NA,NA,NA,NA,NA,NA,NA,NA,NA,NA,NA,NA,NA,NA,NA,NA,NA,NA
"LabBlank_E_20240703",11,0,"Konza4","Blank","LabBlank","CW/KOH",20240703,NA,"LL","1000x",NA,NA,"LabBlank_E_20240703","K4_B",NA,NA,NA,NA,NA,20240703,NA,0,0,0,0,0,0,0.0625,0,0,NA,0,NA,NA,NA,NA,NA,NA,NA,NA,NA,NA,NA,NA,NA,NA,NA,NA,NA,NA,NA,NA,NA,NA,NA,NA,NA,NA,NA,NA,NA,NA,NA,NA,NA,NA,NA,NA,NA,NA,NA,NA,NA,NA,NA,NA,NA,NA,NA,NA,NA,NA,NA,NA,NA,NA,NA
"LabBlank_E_20240703",12,0,"Konza4","Blank","LabBlank","CW/KOH",20240703,NA,"LL","1000x",NA,NA,"LabBlank_E_20240703","K4_B",NA,NA,NA,NA,NA,20240703,NA,0,0,0,0,0,0,0.0625,0,0,NA,0,NA,NA,NA,NA,NA,NA,NA,NA,NA,NA,NA,NA,NA,NA,NA,NA,NA,NA,NA,NA,NA,NA,NA,NA,NA,NA,NA,NA,NA,NA,NA,NA,NA,NA,NA,NA,NA,NA,NA,NA,NA,NA,NA,NA,NA,NA,NA,NA,NA,NA,NA,NA,NA,NA,NA
"LabBlank_E_20240703",13,0,"Konza4","Blank","LabBlank","CW/KOH",20240703,NA,"LL","1000x",NA,NA,"LabBlank_E_20240703","K4_B",NA,NA,NA,NA,NA,20240703,NA,0,0,0,0,0,0,0.0625,0,0,NA,0,NA,NA,NA,NA,NA,NA,NA,NA,NA,NA,NA,NA,NA,NA,NA,NA,NA,NA,NA,NA,NA,NA,NA,NA,NA,NA,NA,NA,NA,NA,NA,NA,NA,NA,NA,NA,NA,NA,NA,NA,NA,NA,NA,NA,NA,NA,NA,NA,NA,NA,NA,NA,NA,NA,NA
"LabBlank_E_20240703",14,0,"Konza4","Blank","LabBlank","CW/KOH",20240703,NA,"LL","1000x",NA,NA,"LabBlank_E_20240703","K4_B",NA,NA,NA,NA,NA,20240703,NA,0,0,0,0,0,0,0.0625,0,0,NA,0,NA,NA,NA,NA,NA,NA,NA,NA,NA,NA,NA,NA,NA,NA,NA,NA,NA,NA,NA,NA,NA,NA,NA,NA,NA,NA,NA,NA,NA,NA,NA,NA,NA,NA,NA,NA,NA,NA,NA,NA,NA,NA,NA,NA,NA,NA,NA,NA,NA,NA,NA,NA,NA,NA,NA
"LabBlank_E_20240703",15,0,"Konza4","Blank","LabBlank","CW/KOH",20240703,NA,"LL","1000x",NA,NA,"LabBlank_E_20240703","K4_B",NA,NA,NA,NA,NA,20240703,NA,0,0,0,0,0,0,0.0625,0,0,NA,0,NA,NA,NA,NA,NA,NA,NA,NA,NA,NA,NA,NA,NA,NA,NA,NA,NA,NA,NA,NA,NA,NA,NA,NA,NA,NA,NA,NA,NA,NA,NA,NA,NA,NA,NA,NA,NA,NA,NA,NA,NA,NA,NA,NA,NA,NA,NA,NA,NA,NA,NA,NA,NA,NA,NA
"LabBlank_E_20240703",16,0,"Konza4","Blank","LabBlank","CW/KOH",20240703,NA,"LL","1000x",NA,NA,"LabBlank_E_20240703","K4_B",NA,NA,NA,NA,NA,20240703,NA,0,0,0,0,0,0,0.0625,0,0,NA,0,NA,NA,NA,NA,NA,NA,NA,NA,NA,NA,NA,NA,NA,NA,NA,NA,NA,NA,NA,NA,NA,NA,NA,NA,NA,NA,NA,NA,NA,NA,NA,NA,NA,NA,NA,NA,NA,NA,NA,NA,NA,NA,NA,NA,NA,NA,NA,NA,NA,NA,NA,NA,NA,NA,NA
"LabBlank_E_20240703",17,0,"Konza4","Blank","LabBlank","CW/KOH",20240703,NA,"LL","1000x",NA,NA,"LabBlank_E_20240703","K4_B",NA,NA,NA,NA,NA,20240703,NA,0,0,0,0,0,0,0.0625,0,0,NA,0,NA,NA,NA,NA,NA,NA,NA,NA,NA,NA,NA,NA,NA,NA,NA,NA,NA,NA,NA,NA,NA,NA,NA,NA,NA,NA,NA,NA,NA,NA,NA,NA,NA,NA,NA,NA,NA,NA,NA,NA,NA,NA,NA,NA,NA,NA,NA,NA,NA,NA,NA,NA,NA,NA,NA
"LabBlank_E_20240703",18,0,"Konza4","Blank","LabBlank","CW/KOH",20240703,NA,"LL","1000x",NA,NA,"LabBlank_E_20240703","K4_B",NA,NA,NA,NA,NA,20240703,NA,0,0,0,0,0,0,0.0625,0,0,NA,0,NA,NA,NA,NA,NA,NA,NA,NA,NA,NA,NA,NA,NA,NA,NA,NA,NA,NA,NA,NA,NA,NA,NA,NA,NA,NA,NA,NA,NA,NA,NA,NA,NA,NA,NA,NA,NA,NA,NA,NA,NA,NA,NA,NA,NA,NA,NA,NA,NA,NA,NA,NA,NA,NA,NA
"LabBlank_E_20240703",19,0,"Konza4","Blank","LabBlank","CW/KOH",20240703,NA,"LL","1000x",NA,NA,"LabBlank_E_20240703","K4_B",NA,NA,NA,NA,NA,20240703,NA,0,0,0,0,0,0,0.0625,0,0,NA,0,NA,NA,NA,NA,NA,NA,NA,NA,NA,NA,NA,NA,NA,NA,NA,NA,NA,NA,NA,NA,NA,NA,NA,NA,NA,NA,NA,NA,NA,NA,NA,NA,NA,NA,NA,NA,NA,NA,NA,NA,NA,NA,NA,NA,NA,NA,NA,NA,NA,NA,NA,NA,NA,NA,NA
"LabBlank_E_20240703",20,0,"Konza4","Blank","LabBlank","CW/KOH",20240703,NA,"LL","1000x",NA,NA,"LabBlank_E_20240703","K4_B",NA,NA,NA,NA,NA,20240703,NA,0,0,0,0,0,0,0.0625,0,0,NA,0,NA,NA,NA,NA,NA,NA,NA,NA,NA,NA,NA,NA,NA,NA,NA,NA,NA,NA,NA,NA,NA,NA,NA,NA,NA,NA,NA,NA,NA,NA,NA,NA,NA,NA,NA,NA,NA,NA,NA,NA,NA,NA,NA,NA,NA,NA,NA,NA,NA,NA,NA,NA,NA,NA,NA
"LabBlank_E_20240703",21,0,"Konza4","Blank","LabBlank","CW/KOH",20240703,NA,"LL","1000x",NA,NA,"LabBlank_E_20240703","K4_B",NA,NA,NA,NA,NA,20240703,NA,0,0,0,0,0,0,0.0625,0,0,NA,0,NA,NA,NA,NA,NA,NA,NA,NA,NA,NA,NA,NA,NA,NA,NA,NA,NA,NA,NA,NA,NA,NA,NA,NA,NA,NA,NA,NA,NA,NA,NA,NA,NA,NA,NA,NA,NA,NA,NA,NA,NA,NA,NA,NA,NA,NA,NA,NA,NA,NA,NA,NA,NA,NA,NA
"LabBlank_E_20240703",22,0,"Konza4","Blank","LabBlank","CW/KOH",20240703,NA,"LL","1000x",NA,NA,"LabBlank_E_20240703","K4_B",NA,NA,NA,NA,NA,20240703,NA,0,0,0,0,0,0,0.0625,0,0,NA,0,NA,NA,NA,NA,NA,NA,NA,NA,NA,NA,NA,NA,NA,NA,NA,NA,NA,NA,NA,NA,NA,NA,NA,NA,NA,NA,NA,NA,NA,NA,NA,NA,NA,NA,NA,NA,NA,NA,NA,NA,NA,NA,NA,NA,NA,NA,NA,NA,NA,NA,NA,NA,NA,NA,NA
"LabBlank_E_20240703",23,0,"Konza4","Blank","LabBlank","CW/KOH",20240703,NA,"LL","1000x",NA,NA,"LabBlank_E_20240703","K4_B",NA,NA,NA,NA,NA,20240703,NA,0,0,0,0,0,0,0.0625,0,0,NA,0,NA,NA,NA,NA,NA,NA,NA,NA,NA,NA,NA,NA,NA,NA,NA,NA,NA,NA,NA,NA,NA,NA,NA,NA,NA,NA,NA,NA,NA,NA,NA,NA,NA,NA,NA,NA,NA,NA,NA,NA,NA,NA,NA,NA,NA,NA,NA,NA,NA,NA,NA,NA,NA,NA,NA
"LabBlank_E_20240703",24,0,"Konza4","Blank","LabBlank","CW/KOH",20240703,NA,"LL","1000x",NA,NA,"LabBlank_E_20240703","K4_B",NA,NA,NA,NA,NA,20240703,NA,0,0,0,0,0,0,0.0625,0,0,NA,0,NA,NA,NA,NA,NA,NA,NA,NA,NA,NA,NA,NA,NA,NA,NA,NA,NA,NA,NA,NA,NA,NA,NA,NA,NA,NA,NA,NA,NA,NA,NA,NA,NA,NA,NA,NA,NA,NA,NA,NA,NA,NA,NA,NA,NA,NA,NA,NA,NA,NA,NA,NA,NA,NA,NA
"LabBlank_E_20240703",25,0,"Konza4","Blank","LabBlank","CW/KOH",20240703,NA,"LL","1000x",NA,NA,"LabBlank_E_20240703","K4_B",NA,NA,NA,NA,NA,20240703,NA,0,0,0,0,0,0,0.0625,0,0,NA,0,NA,NA,NA,NA,NA,NA,NA,NA,NA,NA,NA,NA,NA,NA,NA,NA,NA,NA,NA,NA,NA,NA,NA,NA,NA,NA,NA,NA,NA,NA,NA,NA,NA,NA,NA,NA,NA,NA,NA,NA,NA,NA,NA,NA,NA,NA,NA,NA,NA,NA,NA,NA,NA,NA,NA
"LabBlank_E_20240703",26,0,"Konza4","Blank","LabBlank","CW/KOH",20240703,NA,"LL","1000x",NA,NA,"LabBlank_E_20240703","K4_B",NA,NA,NA,NA,NA,20240703,NA,0,0,0,0,0,0,0.0625,0,0,NA,0,NA,NA,NA,NA,NA,NA,NA,NA,NA,NA,NA,NA,NA,NA,NA,NA,NA,NA,NA,NA,NA,NA,NA,NA,NA,NA,NA,NA,NA,NA,NA,NA,NA,NA,NA,NA,NA,NA,NA,NA,NA,NA,NA,NA,NA,NA,NA,NA,NA,NA,NA,NA,NA,NA,NA
"LabBlank_E_20240703",27,0,"Konza4","Blank","LabBlank","CW/KOH",20240703,NA,"LL","1000x",NA,NA,"LabBlank_E_20240703","K4_B",NA,NA,NA,NA,NA,20240703,NA,0,0,0,0,0,0,0.0625,0,0,NA,0,NA,NA,NA,NA,NA,NA,NA,NA,NA,NA,NA,NA,NA,NA,NA,NA,NA,NA,NA,NA,NA,NA,NA,NA,NA,NA,NA,NA,NA,NA,NA,NA,NA,NA,NA,NA,NA,NA,NA,NA,NA,NA,NA,NA,NA,NA,NA,NA,NA,NA,NA,NA,NA,NA,NA
"LabBlank_E_20240703",28,0,"Konza4","Blank","LabBlank","CW/KOH",20240703,NA,"LL","1000x",NA,NA,"LabBlank_E_20240703","K4_B",NA,NA,NA,NA,NA,20240703,NA,0,0,0,0,0,0,0.0625,0,0,NA,0,NA,NA,NA,NA,NA,NA,NA,NA,NA,NA,NA,NA,NA,NA,NA,NA,NA,NA,NA,NA,NA,NA,NA,NA,NA,NA,NA,NA,NA,NA,NA,NA,NA,NA,NA,NA,NA,NA,NA,NA,NA,NA,NA,NA,NA,NA,NA,NA,NA,NA,NA,NA,NA,NA,NA
"LabBlank_E_20240703",29,0,"Konza4","Blank","LabBlank","CW/KOH",20240703,NA,"LL","1000x",NA,NA,"LabBlank_E_20240703","K4_B",NA,NA,NA,NA,NA,20240703,NA,0,0,0,0,0,0,0.0625,0,0,NA,0,NA,NA,NA,NA,NA,NA,NA,NA,NA,NA,NA,NA,NA,NA,NA,NA,NA,NA,NA,NA,NA,NA,NA,NA,NA,NA,NA,NA,NA,NA,NA,NA,NA,NA,NA,NA,NA,NA,NA,NA,NA,NA,NA,NA,NA,NA,NA,NA,NA,NA,NA,NA,NA,NA,NA
"LabBlank_E_20240703",30,0,"Konza4","Blank","LabBlank","CW/KOH",20240703,NA,"LL","1000x",NA,NA,"LabBlank_E_20240703","K4_B",NA,NA,NA,NA,NA,20240703,NA,0,0,0,0,0,0,0.0625,0,0,NA,0,NA,NA,NA,NA,NA,NA,NA,NA,NA,NA,NA,NA,NA,NA,NA,NA,NA,NA,NA,NA,NA,NA,NA,NA,NA,NA,NA,NA,NA,NA,NA,NA,NA,NA,NA,NA,NA,NA,NA,NA,NA,NA,NA,NA,NA,NA,NA,NA,NA,NA,NA,NA,NA,NA,NA
"LabBlank_E_20240703",31,0,"Konza4","Blank","LabBlank","CW/KOH",20240703,NA,"LL","1000x",NA,NA,"LabBlank_E_20240703","K4_B",NA,NA,NA,NA,NA,20240703,NA,0,0,0,0,0,0,0.0625,0,0,NA,0,NA,NA,NA,NA,NA,NA,NA,NA,NA,NA,NA,NA,NA,NA,NA,NA,NA,NA,NA,NA,NA,NA,NA,NA,NA,NA,NA,NA,NA,NA,NA,NA,NA,NA,NA,NA,NA,NA,NA,NA,NA,NA,NA,NA,NA,NA,NA,NA,NA,NA,NA,NA,NA,NA,NA
"LabBlank_E_20240703",32,0,"Konza4","Blank","LabBlank","CW/KOH",20240703,NA,"LL","1000x",NA,NA,"LabBlank_E_20240703","K4_B",NA,NA,NA,NA,NA,20240703,NA,0,0,0,0,0,0,0.0625,0,0,NA,0,NA,NA,NA,NA,NA,NA,NA,NA,NA,NA,NA,NA,NA,NA,NA,NA,NA,NA,NA,NA,NA,NA,NA,NA,NA,NA,NA,NA,NA,NA,NA,NA,NA,NA,NA,NA,NA,NA,NA,NA,NA,NA,NA,NA,NA,NA,NA,NA,NA,NA,NA,NA,NA,NA,NA
"LabBlank_E_20240703",33,0,"Konza4","Blank","LabBlank","CW/KOH",20240703,NA,"LL","1000x",NA,NA,"LabBlank_E_20240703","K4_B",NA,NA,NA,NA,NA,20240703,NA,0,0,0,0,0,0,0.0625,0,0,NA,0,NA,NA,NA,NA,NA,NA,NA,NA,NA,NA,NA,NA,NA,NA,NA,NA,NA,NA,NA,NA,NA,NA,NA,NA,NA,NA,NA,NA,NA,NA,NA,NA,NA,NA,NA,NA,NA,NA,NA,NA,NA,NA,NA,NA,NA,NA,NA,NA,NA,NA,NA,NA,NA,NA,NA
"LabBlank_E_20240703",34,0,"Konza4","Blank","LabBlank","CW/KOH",20240703,NA,"LL","1000x",NA,NA,"LabBlank_E_20240703","K4_B",NA,NA,NA,NA,NA,20240703,NA,0,0,0,0,0,0,0.0625,0,0,NA,0,NA,NA,NA,NA,NA,NA,NA,NA,NA,NA,NA,NA,NA,NA,NA,NA,NA,NA,NA,NA,NA,NA,NA,NA,NA,NA,NA,NA,NA,NA,NA,NA,NA,NA,NA,NA,NA,NA,NA,NA,NA,NA,NA,NA,NA,NA,NA,NA,NA,NA,NA,NA,NA,NA,NA
"LabBlank_E_20240703",35,0,"Konza4","Blank","LabBlank","CW/KOH",20240703,NA,"LL","1000x",NA,NA,"LabBlank_E_20240703","K4_B",NA,NA,NA,NA,NA,20240703,NA,0,0,0,0,0,0,0.0625,0,0,NA,0,NA,NA,NA,NA,NA,NA,NA,NA,NA,NA,NA,NA,NA,NA,NA,NA,NA,NA,NA,NA,NA,NA,NA,NA,NA,NA,NA,NA,NA,NA,NA,NA,NA,NA,NA,NA,NA,NA,NA,NA,NA,NA,NA,NA,NA,NA,NA,NA,NA,NA,NA,NA,NA,NA,NA
"LabBlank_E_20240703",36,0,"Konza4","Blank","LabBlank","CW/KOH",20240703,NA,"LL","1000x",NA,NA,"LabBlank_E_20240703","K4_B",NA,NA,NA,NA,NA,20240703,NA,0,0,0,0,0,0,0.0625,0,0,NA,0,NA,NA,NA,NA,NA,NA,NA,NA,NA,NA,NA,NA,NA,NA,NA,NA,NA,NA,NA,NA,NA,NA,NA,NA,NA,NA,NA,NA,NA,NA,NA,NA,NA,NA,NA,NA,NA,NA,NA,NA,NA,NA,NA,NA,NA,NA,NA,NA,NA,NA,NA,NA,NA,NA,NA
"LabBlank_E_20240703",37,0,"Konza4","Blank","LabBlank","CW/KOH",20240703,NA,"LL","1000x",NA,NA,"LabBlank_E_20240703","K4_B",NA,NA,NA,NA,NA,20240703,NA,0,0,0,0,0,0,0.0625,0,0,NA,0,NA,NA,NA,NA,NA,NA,NA,NA,NA,NA,NA,NA,NA,NA,NA,NA,NA,NA,NA,NA,NA,NA,NA,NA,NA,NA,NA,NA,NA,NA,NA,NA,NA,NA,NA,NA,NA,NA,NA,NA,NA,NA,NA,NA,NA,NA,NA,NA,NA,NA,NA,NA,NA,NA,NA
"LabBlank_E_20240703",38,0,"Konza4","Blank","LabBlank","CW/KOH",20240703,NA,"LL","1000x",NA,NA,"LabBlank_E_20240703","K4_B",NA,NA,NA,NA,NA,20240703,NA,0,0,0,0,0,0,0.0625,0,0,NA,0,NA,NA,NA,NA,NA,NA,NA,NA,NA,NA,NA,NA,NA,NA,NA,NA,NA,NA,NA,NA,NA,NA,NA,NA,NA,NA,NA,NA,NA,NA,NA,NA,NA,NA,NA,NA,NA,NA,NA,NA,NA,NA,NA,NA,NA,NA,NA,NA,NA,NA,NA,NA,NA,NA,NA
"LabBlank_E_20240703",39,0,"Konza4","Blank","LabBlank","CW/KOH",20240703,NA,"LL","1000x",NA,NA,"LabBlank_E_20240703","K4_B",NA,NA,NA,NA,NA,20240703,NA,0,0,0,0,0,0,0.0625,0,0,NA,0,NA,NA,NA,NA,NA,NA,NA,NA,NA,NA,NA,NA,NA,NA,NA,NA,NA,NA,NA,NA,NA,NA,NA,NA,NA,NA,NA,NA,NA,NA,NA,NA,NA,NA,NA,NA,NA,NA,NA,NA,NA,NA,NA,NA,NA,NA,NA,NA,NA,NA,NA,NA,NA,NA,NA
"LabBlank_E_20240703",40,0,"Konza4","Blank","LabBlank","CW/KOH",20240703,NA,"LL","1000x",NA,NA,"LabBlank_E_20240703","K4_B",NA,NA,NA,NA,NA,20240703,NA,0,0,0,0,0,0,0.0625,0,0,NA,0,NA,NA,NA,NA,NA,NA,NA,NA,NA,NA,NA,NA,NA,NA,NA,NA,NA,NA,NA,NA,NA,NA,NA,NA,NA,NA,NA,NA,NA,NA,NA,NA,NA,NA,NA,NA,NA,NA,NA,NA,NA,NA,NA,NA,NA,NA,NA,NA,NA,NA,NA,NA,NA,NA,NA
"FieldBlank3B_B",1,0,"Konza4","Blank","FieldBlank","CW/KOH",20250329,NA,"LL","1000x",NA,NA,"FieldBlank3B","K4_D",NA,NA,NA,NA,NA,3,NA,0,0,0,0,0,0,0.0625,0,0,NA,0,NA,NA,768.656601961873,459.23263138345,3992.1647178469,191.34987804878,211.6325,373.835,669.541890243902,495.425,3316.835,25.989417989418,26.6666666666667,29.4444444444444,22.7777777777778,23.3142857142857,23,21,26,5.04252004022786,5.19825988690415,6.08027508422063,4.25956384674497,52837.375,16384.0825,5154.3825,561.5225,104.9925,49.5,75501.24,75807.255,75857.54,75907.825,"Hazardous","High",100.047736041016,62.8247464,352.514205295751,4.160485768,195.685125629135,220.6158964,7.15892455454043,4.160485768,0.950072560421741,0.964770671674934,0.946687897898232,100.994423938914,201.988847877828,0.201988847877828,0.000201988847877828,2.01988847877828e-07,0.00946236202196647,NA,NA,NA
"FieldBlank3B_B",2,0,"Konza4","Blank","FieldBlank","CW/KOH",20250329,NA,"LL","1000x",NA,NA,"FieldBlank3B","K4_D",NA,NA,NA,NA,NA,3,NA,0,0,0,0,0,0,0.0625,0,0,NA,0,NA,NA,768.656601961873,459.23263138345,3992.1647178469,191.34987804878,211.6325,373.835,669.541890243902,495.425,3316.835,25.989417989418,26.6666666666667,29.4444444444444,22.7777777777778,23.3142857142857,23,21,26,5.04252004022786,5.19825988690415,6.08027508422063,4.25956384674497,52837.375,16384.0825,5154.3825,561.5225,104.9925,49.5,75501.24,75807.255,75857.54,75907.825,"Hazardous","High",100.047736041016,62.8247464,352.514205295751,4.160485768,195.685125629135,220.6158964,7.15892455454043,4.160485768,0.950072560421741,0.964770671674934,0.946687897898232,100.994423938914,201.988847877828,0.201988847877828,0.000201988847877828,2.01988847877828e-07,0.00946236202196647,NA,NA,NA
"FieldBlank3B_B",3,0,"Konza4","Blank","FieldBlank","CW/KOH",20250329,NA,"LL","1000x",NA,NA,"FieldBlank3B","K4_D",NA,NA,NA,NA,NA,3,NA,0,0,0,0,0,0,0.0625,0,0,NA,0,NA,NA,768.656601961873,459.23263138345,3992.1647178469,191.34987804878,211.6325,373.835,669.541890243902,495.425,3316.835,25.989417989418,26.6666666666667,29.4444444444444,22.7777777777778,23.3142857142857,23,21,26,5.04252004022786,5.19825988690415,6.08027508422063,4.25956384674497,52837.375,16384.0825,5154.3825,561.5225,104.9925,49.5,75501.24,75807.255,75857.54,75907.825,"Hazardous","High",100.047736041016,62.8247464,352.514205295751,4.160485768,195.685125629135,220.6158964,7.15892455454043,4.160485768,0.950072560421741,0.964770671674934,0.946687897898232,100.994423938914,201.988847877828,0.201988847877828,0.000201988847877828,2.01988847877828e-07,0.00946236202196647,NA,NA,NA
"FieldBlank3B_B",4,0,"Konza4","Blank","FieldBlank","CW/KOH",20250329,NA,"LL","1000x",NA,NA,"FieldBlank3B","K4_D",NA,NA,NA,NA,NA,3,NA,0,0,0,0,0,0,0.0625,0,0,NA,0,NA,NA,768.656601961873,459.23263138345,3992.1647178469,191.34987804878,211.6325,373.835,669.541890243902,495.425,3316.835,25.989417989418,26.6666666666667,29.4444444444444,22.7777777777778,23.3142857142857,23,21,26,5.04252004022786,5.19825988690415,6.08027508422063,4.25956384674497,52837.375,16384.0825,5154.3825,561.5225,104.9925,49.5,75501.24,75807.255,75857.54,75907.825,"Hazardous","High",100.047736041016,62.8247464,352.514205295751,4.160485768,195.685125629135,220.6158964,7.15892455454043,4.160485768,0.950072560421741,0.964770671674934,0.946687897898232,100.994423938914,201.988847877828,0.201988847877828,0.000201988847877828,2.01988847877828e-07,0.00946236202196647,NA,NA,NA
"FieldBlank3B_B",5,0,"Konza4","Blank","FieldBlank","CW/KOH",20250329,NA,"LL","1000x",NA,NA,"FieldBlank3B","K4_D",NA,NA,NA,NA,NA,3,NA,0,0,0,0,0,0,0.0625,0,0,NA,0,NA,NA,768.656601961873,459.23263138345,3992.1647178469,191.34987804878,211.6325,373.835,669.541890243902,495.425,3316.835,25.989417989418,26.6666666666667,29.4444444444444,22.7777777777778,23.3142857142857,23,21,26,5.04252004022786,5.19825988690415,6.08027508422063,4.25956384674497,52837.375,16384.0825,5154.3825,561.5225,104.9925,49.5,75501.24,75807.255,75857.54,75907.825,"Hazardous","High",100.047736041016,62.8247464,352.514205295751,4.160485768,195.685125629135,220.6158964,7.15892455454043,4.160485768,0.950072560421741,0.964770671674934,0.946687897898232,100.994423938914,201.988847877828,0.201988847877828,0.000201988847877828,2.01988847877828e-07,0.00946236202196647,NA,NA,NA
"FieldBlank3B_B",6,0,"Konza4","Blank","FieldBlank","CW/KOH",20250329,NA,"LL","1000x",NA,NA,"FieldBlank3B","K4_D",NA,NA,NA,NA,NA,3,NA,0,0,0,0,0,0,0.0625,0,0,NA,0,NA,NA,768.656601961873,459.23263138345,3992.1647178469,191.34987804878,211.6325,373.835,669.541890243902,495.425,3316.835,25.989417989418,26.6666666666667,29.4444444444444,22.7777777777778,23.3142857142857,23,21,26,5.04252004022786,5.19825988690415,6.08027508422063,4.25956384674497,52837.375,16384.0825,5154.3825,561.5225,104.9925,49.5,75501.24,75807.255,75857.54,75907.825,"Hazardous","High",100.047736041016,62.8247464,352.514205295751,4.160485768,195.685125629135,220.6158964,7.15892455454043,4.160485768,0.950072560421741,0.964770671674934,0.946687897898232,100.994423938914,201.988847877828,0.201988847877828,0.000201988847877828,2.01988847877828e-07,0.00946236202196647,NA,NA,NA
"FieldBlank3B_B",7,0,"Konza4","Blank","FieldBlank","CW/KOH",20250329,NA,"LL","1000x",NA,NA,"FieldBlank3B","K4_D",NA,NA,NA,NA,NA,3,NA,0,0,0,0,0,0,0.0625,0,0,NA,0,NA,NA,768.656601961873,459.23263138345,3992.1647178469,191.34987804878,211.6325,373.835,669.541890243902,495.425,3316.835,25.989417989418,26.6666666666667,29.4444444444444,22.7777777777778,23.3142857142857,23,21,26,5.04252004022786,5.19825988690415,6.08027508422063,4.25956384674497,52837.375,16384.0825,5154.3825,561.5225,104.9925,49.5,75501.24,75807.255,75857.54,75907.825,"Hazardous","High",100.047736041016,62.8247464,352.514205295751,4.160485768,195.685125629135,220.6158964,7.15892455454043,4.160485768,0.950072560421741,0.964770671674934,0.946687897898232,100.994423938914,201.988847877828,0.201988847877828,0.000201988847877828,2.01988847877828e-07,0.00946236202196647,NA,NA,NA
"FieldBlank3B_B",8,0,"Konza4","Blank","FieldBlank","CW/KOH",20250329,NA,"LL","1000x",NA,NA,"FieldBlank3B","K4_D",NA,NA,NA,NA,NA,3,NA,0,0,0,0,0,0,0.0625,0,0,NA,0,NA,NA,768.656601961873,459.23263138345,3992.1647178469,191.34987804878,211.6325,373.835,669.541890243902,495.425,3316.835,25.989417989418,26.6666666666667,29.4444444444444,22.7777777777778,23.3142857142857,23,21,26,5.04252004022786,5.19825988690415,6.08027508422063,4.25956384674497,52837.375,16384.0825,5154.3825,561.5225,104.9925,49.5,75501.24,75807.255,75857.54,75907.825,"Hazardous","High",100.047736041016,62.8247464,352.514205295751,4.160485768,195.685125629135,220.6158964,7.15892455454043,4.160485768,0.950072560421741,0.964770671674934,0.946687897898232,100.994423938914,201.988847877828,0.201988847877828,0.000201988847877828,2.01988847877828e-07,0.00946236202196647,NA,NA,NA
"FieldBlank3B_B",9,0,"Konza4","Blank","FieldBlank","CW/KOH",20250329,NA,"LL","1000x",NA,NA,"FieldBlank3B","K4_D",NA,NA,NA,NA,NA,3,NA,0,0,0,0,0,0,0.0625,0,0,NA,0,NA,NA,768.656601961873,459.23263138345,3992.1647178469,191.34987804878,211.6325,373.835,669.541890243902,495.425,3316.835,25.989417989418,26.6666666666667,29.4444444444444,22.7777777777778,23.3142857142857,23,21,26,5.04252004022786,5.19825988690415,6.08027508422063,4.25956384674497,52837.375,16384.0825,5154.3825,561.5225,104.9925,49.5,75501.24,75807.255,75857.54,75907.825,"Hazardous","High",100.047736041016,62.8247464,352.514205295751,4.160485768,195.685125629135,220.6158964,7.15892455454043,4.160485768,0.950072560421741,0.964770671674934,0.946687897898232,100.994423938914,201.988847877828,0.201988847877828,0.000201988847877828,2.01988847877828e-07,0.00946236202196647,NA,NA,NA
"FieldBlank3B_B",10,0,"Konza4","Blank","FieldBlank","CW/KOH",20250329,NA,"LL","1000x",NA,NA,"FieldBlank3B","K4_D",NA,NA,NA,NA,NA,3,NA,0,0,0,0,0,0,0.0625,0,0,NA,0,NA,NA,768.656601961873,459.23263138345,3992.1647178469,191.34987804878,211.6325,373.835,669.541890243902,495.425,3316.835,25.989417989418,26.6666666666667,29.4444444444444,22.7777777777778,23.3142857142857,23,21,26,5.04252004022786,5.19825988690415,6.08027508422063,4.25956384674497,52837.375,16384.0825,5154.3825,561.5225,104.9925,49.5,75501.24,75807.255,75857.54,75907.825,"Hazardous","High",100.047736041016,62.8247464,352.514205295751,4.160485768,195.685125629135,220.6158964,7.15892455454043,4.160485768,0.950072560421741,0.964770671674934,0.946687897898232,100.994423938914,201.988847877828,0.201988847877828,0.000201988847877828,2.01988847877828e-07,0.00946236202196647,NA,NA,NA
"FieldBlank3B_B",11,0,"Konza4","Blank","FieldBlank","CW/KOH",20250329,NA,"LL","1000x",NA,NA,"FieldBlank3B","K4_D",NA,NA,NA,NA,NA,3,NA,0,0,0,0,0,0,0.0625,0,0,NA,0,NA,NA,768.656601961873,459.23263138345,3992.1647178469,191.34987804878,211.6325,373.835,669.541890243902,495.425,3316.835,25.989417989418,26.6666666666667,29.4444444444444,22.7777777777778,23.3142857142857,23,21,26,5.04252004022786,5.19825988690415,6.08027508422063,4.25956384674497,52837.375,16384.0825,5154.3825,561.5225,104.9925,49.5,75501.24,75807.255,75857.54,75907.825,"Hazardous","High",100.047736041016,62.8247464,352.514205295751,4.160485768,195.685125629135,220.6158964,7.15892455454043,4.160485768,0.950072560421741,0.964770671674934,0.946687897898232,100.994423938914,201.988847877828,0.201988847877828,0.000201988847877828,2.01988847877828e-07,0.00946236202196647,NA,NA,NA
"FieldBlank3B_B",12,0,"Konza4","Blank","FieldBlank","CW/KOH",20250329,NA,"LL","1000x",NA,NA,"FieldBlank3B","K4_D",NA,NA,NA,NA,NA,3,NA,0,0,0,0,0,0,0.0625,0,0,NA,0,NA,NA,768.656601961873,459.23263138345,3992.1647178469,191.34987804878,211.6325,373.835,669.541890243902,495.425,3316.835,25.989417989418,26.6666666666667,29.4444444444444,22.7777777777778,23.3142857142857,23,21,26,5.04252004022786,5.19825988690415,6.08027508422063,4.25956384674497,52837.375,16384.0825,5154.3825,561.5225,104.9925,49.5,75501.24,75807.255,75857.54,75907.825,"Hazardous","High",100.047736041016,62.8247464,352.514205295751,4.160485768,195.685125629135,220.6158964,7.15892455454043,4.160485768,0.950072560421741,0.964770671674934,0.946687897898232,100.994423938914,201.988847877828,0.201988847877828,0.000201988847877828,2.01988847877828e-07,0.00946236202196647,NA,NA,NA
"FieldBlank3B_B",13,0,"Konza4","Blank","FieldBlank","CW/KOH",20250329,NA,"LL","1000x",NA,NA,"FieldBlank3B","K4_D",NA,NA,NA,NA,NA,3,NA,0,0,0,0,0,0,0.0625,0,0,NA,0,NA,NA,768.656601961873,459.23263138345,3992.1647178469,191.34987804878,211.6325,373.835,669.541890243902,495.425,3316.835,25.989417989418,26.6666666666667,29.4444444444444,22.7777777777778,23.3142857142857,23,21,26,5.04252004022786,5.19825988690415,6.08027508422063,4.25956384674497,52837.375,16384.0825,5154.3825,561.5225,104.9925,49.5,75501.24,75807.255,75857.54,75907.825,"Hazardous","High",100.047736041016,62.8247464,352.514205295751,4.160485768,195.685125629135,220.6158964,7.15892455454043,4.160485768,0.950072560421741,0.964770671674934,0.946687897898232,100.994423938914,201.988847877828,0.201988847877828,0.000201988847877828,2.01988847877828e-07,0.00946236202196647,NA,NA,NA
"FieldBlank3B_B",14,0,"Konza4","Blank","FieldBlank","CW/KOH",20250329,NA,"LL","1000x",NA,NA,"FieldBlank3B","K4_D",NA,NA,NA,NA,NA,3,NA,0,0,0,0,0,0,0.0625,0,0,NA,0,NA,NA,768.656601961873,459.23263138345,3992.1647178469,191.34987804878,211.6325,373.835,669.541890243902,495.425,3316.835,25.989417989418,26.6666666666667,29.4444444444444,22.7777777777778,23.3142857142857,23,21,26,5.04252004022786,5.19825988690415,6.08027508422063,4.25956384674497,52837.375,16384.0825,5154.3825,561.5225,104.9925,49.5,75501.24,75807.255,75857.54,75907.825,"Hazardous","High",100.047736041016,62.8247464,352.514205295751,4.160485768,195.685125629135,220.6158964,7.15892455454043,4.160485768,0.950072560421741,0.964770671674934,0.946687897898232,100.994423938914,201.988847877828,0.201988847877828,0.000201988847877828,2.01988847877828e-07,0.00946236202196647,NA,NA,NA
"FieldBlank3B_B",15,0,"Konza4","Blank","FieldBlank","CW/KOH",20250329,NA,"LL","1000x",NA,NA,"FieldBlank3B","K4_D",NA,NA,NA,NA,NA,3,NA,0,0,0,0,0,0,0.0625,0,0,NA,0,NA,NA,768.656601961873,459.23263138345,3992.1647178469,191.34987804878,211.6325,373.835,669.541890243902,495.425,3316.835,25.989417989418,26.6666666666667,29.4444444444444,22.7777777777778,23.3142857142857,23,21,26,5.04252004022786,5.19825988690415,6.08027508422063,4.25956384674497,52837.375,16384.0825,5154.3825,561.5225,104.9925,49.5,75501.24,75807.255,75857.54,75907.825,"Hazardous","High",100.047736041016,62.8247464,352.514205295751,4.160485768,195.685125629135,220.6158964,7.15892455454043,4.160485768,0.950072560421741,0.964770671674934,0.946687897898232,100.994423938914,201.988847877828,0.201988847877828,0.000201988847877828,2.01988847877828e-07,0.00946236202196647,NA,NA,NA
"FieldBlank3B_B",16,0,"Konza4","Blank","FieldBlank","CW/KOH",20250329,NA,"LL","1000x",NA,NA,"FieldBlank3B","K4_D",NA,NA,NA,NA,NA,3,NA,0,0,0,0,0,0,0.0625,0,0,NA,0,NA,NA,768.656601961873,459.23263138345,3992.1647178469,191.34987804878,211.6325,373.835,669.541890243902,495.425,3316.835,25.989417989418,26.6666666666667,29.4444444444444,22.7777777777778,23.3142857142857,23,21,26,5.04252004022786,5.19825988690415,6.08027508422063,4.25956384674497,52837.375,16384.0825,5154.3825,561.5225,104.9925,49.5,75501.24,75807.255,75857.54,75907.825,"Hazardous","High",100.047736041016,62.8247464,352.514205295751,4.160485768,195.685125629135,220.6158964,7.15892455454043,4.160485768,0.950072560421741,0.964770671674934,0.946687897898232,100.994423938914,201.988847877828,0.201988847877828,0.000201988847877828,2.01988847877828e-07,0.00946236202196647,NA,NA,NA
"FieldBlank3B_B",17,0,"Konza4","Blank","FieldBlank","CW/KOH",20250329,NA,"LL","1000x",NA,NA,"FieldBlank3B","K4_D",NA,NA,NA,NA,NA,3,NA,0,0,0,0,0,0,0.0625,0,0,NA,0,NA,NA,768.656601961873,459.23263138345,3992.1647178469,191.34987804878,211.6325,373.835,669.541890243902,495.425,3316.835,25.989417989418,26.6666666666667,29.4444444444444,22.7777777777778,23.3142857142857,23,21,26,5.04252004022786,5.19825988690415,6.08027508422063,4.25956384674497,52837.375,16384.0825,5154.3825,561.5225,104.9925,49.5,75501.24,75807.255,75857.54,75907.825,"Hazardous","High",100.047736041016,62.8247464,352.514205295751,4.160485768,195.685125629135,220.6158964,7.15892455454043,4.160485768,0.950072560421741,0.964770671674934,0.946687897898232,100.994423938914,201.988847877828,0.201988847877828,0.000201988847877828,2.01988847877828e-07,0.00946236202196647,NA,NA,NA
"FieldBlank3B_B",18,0,"Konza4","Blank","FieldBlank","CW/KOH",20250329,NA,"LL","1000x",NA,NA,"FieldBlank3B","K4_D",NA,NA,NA,NA,NA,3,NA,0,0,0,0,0,0,0.0625,0,0,NA,0,NA,NA,768.656601961873,459.23263138345,3992.1647178469,191.34987804878,211.6325,373.835,669.541890243902,495.425,3316.835,25.989417989418,26.6666666666667,29.4444444444444,22.7777777777778,23.3142857142857,23,21,26,5.04252004022786,5.19825988690415,6.08027508422063,4.25956384674497,52837.375,16384.0825,5154.3825,561.5225,104.9925,49.5,75501.24,75807.255,75857.54,75907.825,"Hazardous","High",100.047736041016,62.8247464,352.514205295751,4.160485768,195.685125629135,220.6158964,7.15892455454043,4.160485768,0.950072560421741,0.964770671674934,0.946687897898232,100.994423938914,201.988847877828,0.201988847877828,0.000201988847877828,2.01988847877828e-07,0.00946236202196647,NA,NA,NA
"FieldBlank3B_B",19,0,"Konza4","Blank","FieldBlank","CW/KOH",20250329,NA,"LL","1000x",NA,NA,"FieldBlank3B","K4_D",NA,NA,NA,NA,NA,3,NA,0,0,0,0,0,0,0.0625,0,0,NA,0,NA,NA,768.656601961873,459.23263138345,3992.1647178469,191.34987804878,211.6325,373.835,669.541890243902,495.425,3316.835,25.989417989418,26.6666666666667,29.4444444444444,22.7777777777778,23.3142857142857,23,21,26,5.04252004022786,5.19825988690415,6.08027508422063,4.25956384674497,52837.375,16384.0825,5154.3825,561.5225,104.9925,49.5,75501.24,75807.255,75857.54,75907.825,"Hazardous","High",100.047736041016,62.8247464,352.514205295751,4.160485768,195.685125629135,220.6158964,7.15892455454043,4.160485768,0.950072560421741,0.964770671674934,0.946687897898232,100.994423938914,201.988847877828,0.201988847877828,0.000201988847877828,2.01988847877828e-07,0.00946236202196647,NA,NA,NA
"FieldBlank3B_B",20,0,"Konza4","Blank","FieldBlank","CW/KOH",20250329,NA,"LL","1000x",NA,NA,"FieldBlank3B","K4_D",NA,NA,NA,NA,NA,3,NA,0,0,0,0,0,0,0.0625,0,0,NA,0,NA,NA,768.656601961873,459.23263138345,3992.1647178469,191.34987804878,211.6325,373.835,669.541890243902,495.425,3316.835,25.989417989418,26.6666666666667,29.4444444444444,22.7777777777778,23.3142857142857,23,21,26,5.04252004022786,5.19825988690415,6.08027508422063,4.25956384674497,52837.375,16384.0825,5154.3825,561.5225,104.9925,49.5,75501.24,75807.255,75857.54,75907.825,"Hazardous","High",100.047736041016,62.8247464,352.514205295751,4.160485768,195.685125629135,220.6158964,7.15892455454043,4.160485768,0.950072560421741,0.964770671674934,0.946687897898232,100.994423938914,201.988847877828,0.201988847877828,0.000201988847877828,2.01988847877828e-07,0.00946236202196647,NA,NA,NA
"FieldBlank3B_B",21,0,"Konza4","Blank","FieldBlank","CW/KOH",20250329,NA,"LL","1000x",NA,NA,"FieldBlank3B","K4_D",NA,NA,NA,NA,NA,3,NA,0,0,0,0,0,0,0.0625,0,0,NA,0,NA,NA,768.656601961873,459.23263138345,3992.1647178469,191.34987804878,211.6325,373.835,669.541890243902,495.425,3316.835,25.989417989418,26.6666666666667,29.4444444444444,22.7777777777778,23.3142857142857,23,21,26,5.04252004022786,5.19825988690415,6.08027508422063,4.25956384674497,52837.375,16384.0825,5154.3825,561.5225,104.9925,49.5,75501.24,75807.255,75857.54,75907.825,"Hazardous","High",100.047736041016,62.8247464,352.514205295751,4.160485768,195.685125629135,220.6158964,7.15892455454043,4.160485768,0.950072560421741,0.964770671674934,0.946687897898232,100.994423938914,201.988847877828,0.201988847877828,0.000201988847877828,2.01988847877828e-07,0.00946236202196647,NA,NA,NA
"FieldBlank3B_B",22,0,"Konza4","Blank","FieldBlank","CW/KOH",20250329,NA,"LL","1000x",NA,NA,"FieldBlank3B","K4_D",NA,NA,NA,NA,NA,3,NA,0,0,0,0,0,0,0.0625,0,0,NA,0,NA,NA,768.656601961873,459.23263138345,3992.1647178469,191.34987804878,211.6325,373.835,669.541890243902,495.425,3316.835,25.989417989418,26.6666666666667,29.4444444444444,22.7777777777778,23.3142857142857,23,21,26,5.04252004022786,5.19825988690415,6.08027508422063,4.25956384674497,52837.375,16384.0825,5154.3825,561.5225,104.9925,49.5,75501.24,75807.255,75857.54,75907.825,"Hazardous","High",100.047736041016,62.8247464,352.514205295751,4.160485768,195.685125629135,220.6158964,7.15892455454043,4.160485768,0.950072560421741,0.964770671674934,0.946687897898232,100.994423938914,201.988847877828,0.201988847877828,0.000201988847877828,2.01988847877828e-07,0.00946236202196647,NA,NA,NA
"FieldBlank3B_B",23,0,"Konza4","Blank","FieldBlank","CW/KOH",20250329,NA,"LL","1000x",NA,NA,"FieldBlank3B","K4_D",NA,NA,NA,NA,NA,3,NA,0,0,0,0,0,0,0.0625,0,0,NA,0,NA,NA,768.656601961873,459.23263138345,3992.1647178469,191.34987804878,211.6325,373.835,669.541890243902,495.425,3316.835,25.989417989418,26.6666666666667,29.4444444444444,22.7777777777778,23.3142857142857,23,21,26,5.04252004022786,5.19825988690415,6.08027508422063,4.25956384674497,52837.375,16384.0825,5154.3825,561.5225,104.9925,49.5,75501.24,75807.255,75857.54,75907.825,"Hazardous","High",100.047736041016,62.8247464,352.514205295751,4.160485768,195.685125629135,220.6158964,7.15892455454043,4.160485768,0.950072560421741,0.964770671674934,0.946687897898232,100.994423938914,201.988847877828,0.201988847877828,0.000201988847877828,2.01988847877828e-07,0.00946236202196647,NA,NA,NA
"FieldBlank3B_B",24,0,"Konza4","Blank","FieldBlank","CW/KOH",20250329,NA,"LL","1000x",NA,NA,"FieldBlank3B","K4_D",NA,NA,NA,NA,NA,3,NA,0,0,0,0,0,0,0.0625,0,0,NA,0,NA,NA,768.656601961873,459.23263138345,3992.1647178469,191.34987804878,211.6325,373.835,669.541890243902,495.425,3316.835,25.989417989418,26.6666666666667,29.4444444444444,22.7777777777778,23.3142857142857,23,21,26,5.04252004022786,5.19825988690415,6.08027508422063,4.25956384674497,52837.375,16384.0825,5154.3825,561.5225,104.9925,49.5,75501.24,75807.255,75857.54,75907.825,"Hazardous","High",100.047736041016,62.8247464,352.514205295751,4.160485768,195.685125629135,220.6158964,7.15892455454043,4.160485768,0.950072560421741,0.964770671674934,0.946687897898232,100.994423938914,201.988847877828,0.201988847877828,0.000201988847877828,2.01988847877828e-07,0.00946236202196647,NA,NA,NA
"FieldBlank3B_B",25,0,"Konza4","Blank","FieldBlank","CW/KOH",20250329,NA,"LL","1000x",NA,NA,"FieldBlank3B","K4_D",NA,NA,NA,NA,NA,3,NA,0,0,0,0,0,0,0.0625,0,0,NA,0,NA,NA,768.656601961873,459.23263138345,3992.1647178469,191.34987804878,211.6325,373.835,669.541890243902,495.425,3316.835,25.989417989418,26.6666666666667,29.4444444444444,22.7777777777778,23.3142857142857,23,21,26,5.04252004022786,5.19825988690415,6.08027508422063,4.25956384674497,52837.375,16384.0825,5154.3825,561.5225,104.9925,49.5,75501.24,75807.255,75857.54,75907.825,"Hazardous","High",100.047736041016,62.8247464,352.514205295751,4.160485768,195.685125629135,220.6158964,7.15892455454043,4.160485768,0.950072560421741,0.964770671674934,0.946687897898232,100.994423938914,201.988847877828,0.201988847877828,0.000201988847877828,2.01988847877828e-07,0.00946236202196647,NA,NA,NA
"FieldBlank3B_B",26,0,"Konza4","Blank","FieldBlank","CW/KOH",20250329,NA,"LL","1000x",NA,NA,"FieldBlank3B","K4_D",NA,NA,NA,NA,NA,3,NA,0,0,0,0,0,0,0.0625,0,0,NA,0,NA,NA,768.656601961873,459.23263138345,3992.1647178469,191.34987804878,211.6325,373.835,669.541890243902,495.425,3316.835,25.989417989418,26.6666666666667,29.4444444444444,22.7777777777778,23.3142857142857,23,21,26,5.04252004022786,5.19825988690415,6.08027508422063,4.25956384674497,52837.375,16384.0825,5154.3825,561.5225,104.9925,49.5,75501.24,75807.255,75857.54,75907.825,"Hazardous","High",100.047736041016,62.8247464,352.514205295751,4.160485768,195.685125629135,220.6158964,7.15892455454043,4.160485768,0.950072560421741,0.964770671674934,0.946687897898232,100.994423938914,201.988847877828,0.201988847877828,0.000201988847877828,2.01988847877828e-07,0.00946236202196647,NA,NA,NA
"FieldBlank3B_B",27,0,"Konza4","Blank","FieldBlank","CW/KOH",20250329,NA,"LL","1000x",NA,NA,"FieldBlank3B","K4_D",NA,NA,NA,NA,NA,3,NA,0,0,0,0,0,0,0.0625,0,0,NA,0,NA,NA,768.656601961873,459.23263138345,3992.1647178469,191.34987804878,211.6325,373.835,669.541890243902,495.425,3316.835,25.989417989418,26.6666666666667,29.4444444444444,22.7777777777778,23.3142857142857,23,21,26,5.04252004022786,5.19825988690415,6.08027508422063,4.25956384674497,52837.375,16384.0825,5154.3825,561.5225,104.9925,49.5,75501.24,75807.255,75857.54,75907.825,"Hazardous","High",100.047736041016,62.8247464,352.514205295751,4.160485768,195.685125629135,220.6158964,7.15892455454043,4.160485768,0.950072560421741,0.964770671674934,0.946687897898232,100.994423938914,201.988847877828,0.201988847877828,0.000201988847877828,2.01988847877828e-07,0.00946236202196647,NA,NA,NA
"FieldBlank3B_B",28,0,"Konza4","Blank","FieldBlank","CW/KOH",20250329,NA,"LL","1000x",NA,NA,"FieldBlank3B","K4_D",NA,NA,NA,NA,NA,3,NA,0,0,0,0,0,0,0.0625,0,0,NA,0,NA,NA,768.656601961873,459.23263138345,3992.1647178469,191.34987804878,211.6325,373.835,669.541890243902,495.425,3316.835,25.989417989418,26.6666666666667,29.4444444444444,22.7777777777778,23.3142857142857,23,21,26,5.04252004022786,5.19825988690415,6.08027508422063,4.25956384674497,52837.375,16384.0825,5154.3825,561.5225,104.9925,49.5,75501.24,75807.255,75857.54,75907.825,"Hazardous","High",100.047736041016,62.8247464,352.514205295751,4.160485768,195.685125629135,220.6158964,7.15892455454043,4.160485768,0.950072560421741,0.964770671674934,0.946687897898232,100.994423938914,201.988847877828,0.201988847877828,0.000201988847877828,2.01988847877828e-07,0.00946236202196647,NA,NA,NA
"FieldBlank3B_B",29,0,"Konza4","Blank","FieldBlank","CW/KOH",20250329,NA,"LL","1000x",NA,NA,"FieldBlank3B","K4_D",NA,NA,NA,NA,NA,3,NA,0,0,0,0,0,0,0.0625,0,0,NA,0,NA,NA,768.656601961873,459.23263138345,3992.1647178469,191.34987804878,211.6325,373.835,669.541890243902,495.425,3316.835,25.989417989418,26.6666666666667,29.4444444444444,22.7777777777778,23.3142857142857,23,21,26,5.04252004022786,5.19825988690415,6.08027508422063,4.25956384674497,52837.375,16384.0825,5154.3825,561.5225,104.9925,49.5,75501.24,75807.255,75857.54,75907.825,"Hazardous","High",100.047736041016,62.8247464,352.514205295751,4.160485768,195.685125629135,220.6158964,7.15892455454043,4.160485768,0.950072560421741,0.964770671674934,0.946687897898232,100.994423938914,201.988847877828,0.201988847877828,0.000201988847877828,2.01988847877828e-07,0.00946236202196647,NA,NA,NA
"FieldBlank3B_B",30,0,"Konza4","Blank","FieldBlank","CW/KOH",20250329,NA,"LL","1000x",NA,NA,"FieldBlank3B","K4_D",NA,NA,NA,NA,NA,3,NA,0,0,0,0,0,0,0.0625,0,0,NA,0,NA,NA,768.656601961873,459.23263138345,3992.1647178469,191.34987804878,211.6325,373.835,669.541890243902,495.425,3316.835,25.989417989418,26.6666666666667,29.4444444444444,22.7777777777778,23.3142857142857,23,21,26,5.04252004022786,5.19825988690415,6.08027508422063,4.25956384674497,52837.375,16384.0825,5154.3825,561.5225,104.9925,49.5,75501.24,75807.255,75857.54,75907.825,"Hazardous","High",100.047736041016,62.8247464,352.514205295751,4.160485768,195.685125629135,220.6158964,7.15892455454043,4.160485768,0.950072560421741,0.964770671674934,0.946687897898232,100.994423938914,201.988847877828,0.201988847877828,0.000201988847877828,2.01988847877828e-07,0.00946236202196647,NA,NA,NA
"FieldBlank3B_B",31,0,"Konza4","Blank","FieldBlank","CW/KOH",20250329,NA,"LL","1000x",NA,NA,"FieldBlank3B","K4_D",NA,NA,NA,NA,NA,3,NA,0,0,0,0,0,0,0.0625,0,0,NA,0,NA,NA,768.656601961873,459.23263138345,3992.1647178469,191.34987804878,211.6325,373.835,669.541890243902,495.425,3316.835,25.989417989418,26.6666666666667,29.4444444444444,22.7777777777778,23.3142857142857,23,21,26,5.04252004022786,5.19825988690415,6.08027508422063,4.25956384674497,52837.375,16384.0825,5154.3825,561.5225,104.9925,49.5,75501.24,75807.255,75857.54,75907.825,"Hazardous","High",100.047736041016,62.8247464,352.514205295751,4.160485768,195.685125629135,220.6158964,7.15892455454043,4.160485768,0.950072560421741,0.964770671674934,0.946687897898232,100.994423938914,201.988847877828,0.201988847877828,0.000201988847877828,2.01988847877828e-07,0.00946236202196647,NA,NA,NA
"FieldBlank3B_B",32,0,"Konza4","Blank","FieldBlank","CW/KOH",20250329,NA,"LL","1000x",NA,NA,"FieldBlank3B","K4_D",NA,NA,NA,NA,NA,3,NA,0,0,0,0,0,0,0.0625,0,0,NA,0,NA,NA,768.656601961873,459.23263138345,3992.1647178469,191.34987804878,211.6325,373.835,669.541890243902,495.425,3316.835,25.989417989418,26.6666666666667,29.4444444444444,22.7777777777778,23.3142857142857,23,21,26,5.04252004022786,5.19825988690415,6.08027508422063,4.25956384674497,52837.375,16384.0825,5154.3825,561.5225,104.9925,49.5,75501.24,75807.255,75857.54,75907.825,"Hazardous","High",100.047736041016,62.8247464,352.514205295751,4.160485768,195.685125629135,220.6158964,7.15892455454043,4.160485768,0.950072560421741,0.964770671674934,0.946687897898232,100.994423938914,201.988847877828,0.201988847877828,0.000201988847877828,2.01988847877828e-07,0.00946236202196647,NA,NA,NA
"FieldBlank3B_B",33,0,"Konza4","Blank","FieldBlank","CW/KOH",20250329,NA,"LL","1000x",NA,NA,"FieldBlank3B","K4_D",NA,NA,NA,NA,NA,3,NA,0,0,0,0,0,0,0.0625,0,0,NA,0,NA,NA,768.656601961873,459.23263138345,3992.1647178469,191.34987804878,211.6325,373.835,669.541890243902,495.425,3316.835,25.989417989418,26.6666666666667,29.4444444444444,22.7777777777778,23.3142857142857,23,21,26,5.04252004022786,5.19825988690415,6.08027508422063,4.25956384674497,52837.375,16384.0825,5154.3825,561.5225,104.9925,49.5,75501.24,75807.255,75857.54,75907.825,"Hazardous","High",100.047736041016,62.8247464,352.514205295751,4.160485768,195.685125629135,220.6158964,7.15892455454043,4.160485768,0.950072560421741,0.964770671674934,0.946687897898232,100.994423938914,201.988847877828,0.201988847877828,0.000201988847877828,2.01988847877828e-07,0.00946236202196647,NA,NA,NA
"FieldBlank3B_B",34,0,"Konza4","Blank","FieldBlank","CW/KOH",20250329,NA,"LL","1000x",NA,NA,"FieldBlank3B","K4_D",NA,NA,NA,NA,NA,3,NA,0,0,0,0,0,0,0.0625,0,0,NA,0,NA,NA,768.656601961873,459.23263138345,3992.1647178469,191.34987804878,211.6325,373.835,669.541890243902,495.425,3316.835,25.989417989418,26.6666666666667,29.4444444444444,22.7777777777778,23.3142857142857,23,21,26,5.04252004022786,5.19825988690415,6.08027508422063,4.25956384674497,52837.375,16384.0825,5154.3825,561.5225,104.9925,49.5,75501.24,75807.255,75857.54,75907.825,"Hazardous","High",100.047736041016,62.8247464,352.514205295751,4.160485768,195.685125629135,220.6158964,7.15892455454043,4.160485768,0.950072560421741,0.964770671674934,0.946687897898232,100.994423938914,201.988847877828,0.201988847877828,0.000201988847877828,2.01988847877828e-07,0.00946236202196647,NA,NA,NA
"FieldBlank3B_B",35,0,"Konza4","Blank","FieldBlank","CW/KOH",20250329,NA,"LL","1000x",NA,NA,"FieldBlank3B","K4_D",NA,NA,NA,NA,NA,3,NA,0,0,0,0,0,0,0.0625,0,0,NA,0,NA,NA,768.656601961873,459.23263138345,3992.1647178469,191.34987804878,211.6325,373.835,669.541890243902,495.425,3316.835,25.989417989418,26.6666666666667,29.4444444444444,22.7777777777778,23.3142857142857,23,21,26,5.04252004022786,5.19825988690415,6.08027508422063,4.25956384674497,52837.375,16384.0825,5154.3825,561.5225,104.9925,49.5,75501.24,75807.255,75857.54,75907.825,"Hazardous","High",100.047736041016,62.8247464,352.514205295751,4.160485768,195.685125629135,220.6158964,7.15892455454043,4.160485768,0.950072560421741,0.964770671674934,0.946687897898232,100.994423938914,201.988847877828,0.201988847877828,0.000201988847877828,2.01988847877828e-07,0.00946236202196647,NA,NA,NA
"FieldBlank3B_B",36,0,"Konza4","Blank","FieldBlank","CW/KOH",20250329,NA,"LL","1000x",NA,NA,"FieldBlank3B","K4_D",NA,NA,NA,NA,NA,3,NA,0,0,0,0,0,0,0.0625,0,0,NA,0,NA,NA,768.656601961873,459.23263138345,3992.1647178469,191.34987804878,211.6325,373.835,669.541890243902,495.425,3316.835,25.989417989418,26.6666666666667,29.4444444444444,22.7777777777778,23.3142857142857,23,21,26,5.04252004022786,5.19825988690415,6.08027508422063,4.25956384674497,52837.375,16384.0825,5154.3825,561.5225,104.9925,49.5,75501.24,75807.255,75857.54,75907.825,"Hazardous","High",100.047736041016,62.8247464,352.514205295751,4.160485768,195.685125629135,220.6158964,7.15892455454043,4.160485768,0.950072560421741,0.964770671674934,0.946687897898232,100.994423938914,201.988847877828,0.201988847877828,0.000201988847877828,2.01988847877828e-07,0.00946236202196647,NA,NA,NA
"FieldBlank3B_B",37,0,"Konza4","Blank","FieldBlank","CW/KOH",20250329,NA,"LL","1000x",NA,NA,"FieldBlank3B","K4_D",NA,NA,NA,NA,NA,3,NA,0,0,0,0,0,0,0.0625,0,0,NA,0,NA,NA,768.656601961873,459.23263138345,3992.1647178469,191.34987804878,211.6325,373.835,669.541890243902,495.425,3316.835,25.989417989418,26.6666666666667,29.4444444444444,22.7777777777778,23.3142857142857,23,21,26,5.04252004022786,5.19825988690415,6.08027508422063,4.25956384674497,52837.375,16384.0825,5154.3825,561.5225,104.9925,49.5,75501.24,75807.255,75857.54,75907.825,"Hazardous","High",100.047736041016,62.8247464,352.514205295751,4.160485768,195.685125629135,220.6158964,7.15892455454043,4.160485768,0.950072560421741,0.964770671674934,0.946687897898232,100.994423938914,201.988847877828,0.201988847877828,0.000201988847877828,2.01988847877828e-07,0.00946236202196647,NA,NA,NA
"FieldBlank3B_B",38,0,"Konza4","Blank","FieldBlank","CW/KOH",20250329,NA,"LL","1000x",NA,NA,"FieldBlank3B","K4_D",NA,NA,NA,NA,NA,3,NA,0,0,0,0,0,0,0.0625,0,0,NA,0,NA,NA,768.656601961873,459.23263138345,3992.1647178469,191.34987804878,211.6325,373.835,669.541890243902,495.425,3316.835,25.989417989418,26.6666666666667,29.4444444444444,22.7777777777778,23.3142857142857,23,21,26,5.04252004022786,5.19825988690415,6.08027508422063,4.25956384674497,52837.375,16384.0825,5154.3825,561.5225,104.9925,49.5,75501.24,75807.255,75857.54,75907.825,"Hazardous","High",100.047736041016,62.8247464,352.514205295751,4.160485768,195.685125629135,220.6158964,7.15892455454043,4.160485768,0.950072560421741,0.964770671674934,0.946687897898232,100.994423938914,201.988847877828,0.201988847877828,0.000201988847877828,2.01988847877828e-07,0.00946236202196647,NA,NA,NA
"FieldBlank3B_B",39,0,"Konza4","Blank","FieldBlank","CW/KOH",20250329,NA,"LL","1000x",NA,NA,"FieldBlank3B","K4_D",NA,NA,NA,NA,NA,3,NA,0,0,0,0,0,0,0.0625,0,0,NA,0,NA,NA,768.656601961873,459.23263138345,3992.1647178469,191.34987804878,211.6325,373.835,669.541890243902,495.425,3316.835,25.989417989418,26.6666666666667,29.4444444444444,22.7777777777778,23.3142857142857,23,21,26,5.04252004022786,5.19825988690415,6.08027508422063,4.25956384674497,52837.375,16384.0825,5154.3825,561.5225,104.9925,49.5,75501.24,75807.255,75857.54,75907.825,"Hazardous","High",100.047736041016,62.8247464,352.514205295751,4.160485768,195.685125629135,220.6158964,7.15892455454043,4.160485768,0.950072560421741,0.964770671674934,0.946687897898232,100.994423938914,201.988847877828,0.201988847877828,0.000201988847877828,2.01988847877828e-07,0.00946236202196647,NA,NA,NA
"FieldBlank3B_B",40,0,"Konza4","Blank","FieldBlank","CW/KOH",20250329,NA,"LL","1000x",NA,NA,"FieldBlank3B","K4_D",NA,NA,NA,NA,NA,3,NA,0,0,0,0,0,0,0.0625,0,0,NA,0,NA,NA,768.656601961873,459.23263138345,3992.1647178469,191.34987804878,211.6325,373.835,669.541890243902,495.425,3316.835,25.989417989418,26.6666666666667,29.4444444444444,22.7777777777778,23.3142857142857,23,21,26,5.04252004022786,5.19825988690415,6.08027508422063,4.25956384674497,52837.375,16384.0825,5154.3825,561.5225,104.9925,49.5,75501.24,75807.255,75857.54,75907.825,"Hazardous","High",100.047736041016,62.8247464,352.514205295751,4.160485768,195.685125629135,220.6158964,7.15892455454043,4.160485768,0.950072560421741,0.964770671674934,0.946687897898232,100.994423938914,201.988847877828,0.201988847877828,0.000201988847877828,2.01988847877828e-07,0.00946236202196647,NA,NA,NA
"LabBlank_B_20240621",1,0,"Konza4","Blank","LabBlank","CW/KOH",20240621,NA,"LL","1000x",NA,NA,"LabBlank_B_20240621","K4_A",NA,NA,NA,NA,NA,20240621,NA,0,0,0,0,0,0,0.0625,0,0,NA,0,NA,NA,NA,NA,NA,NA,NA,NA,NA,NA,NA,NA,NA,NA,NA,NA,NA,NA,NA,NA,NA,NA,NA,NA,NA,NA,NA,NA,NA,NA,NA,NA,NA,NA,NA,NA,NA,NA,NA,NA,NA,NA,NA,NA,NA,NA,NA,NA,NA,NA,NA,NA,NA,NA,NA
"LabBlank_B_20240621",2,0,"Konza4","Blank","LabBlank","CW/KOH",20240621,NA,"LL","1000x",NA,NA,"LabBlank_B_20240621","K4_A",NA,NA,NA,NA,NA,20240621,NA,0,0,0,0,0,0,0.0625,0,0,NA,0,NA,NA,NA,NA,NA,NA,NA,NA,NA,NA,NA,NA,NA,NA,NA,NA,NA,NA,NA,NA,NA,NA,NA,NA,NA,NA,NA,NA,NA,NA,NA,NA,NA,NA,NA,NA,NA,NA,NA,NA,NA,NA,NA,NA,NA,NA,NA,NA,NA,NA,NA,NA,NA,NA,NA
"LabBlank_B_20240621",3,0,"Konza4","Blank","LabBlank","CW/KOH",20240621,NA,"LL","1000x",NA,NA,"LabBlank_B_20240621","K4_A",NA,NA,NA,NA,NA,20240621,NA,0,0,0,0,0,0,0.0625,0,0,NA,0,NA,NA,NA,NA,NA,NA,NA,NA,NA,NA,NA,NA,NA,NA,NA,NA,NA,NA,NA,NA,NA,NA,NA,NA,NA,NA,NA,NA,NA,NA,NA,NA,NA,NA,NA,NA,NA,NA,NA,NA,NA,NA,NA,NA,NA,NA,NA,NA,NA,NA,NA,NA,NA,NA,NA
"LabBlank_B_20240621",4,0,"Konza4","Blank","LabBlank","CW/KOH",20240621,NA,"LL","1000x",NA,NA,"LabBlank_B_20240621","K4_A",NA,NA,NA,NA,NA,20240621,NA,0,0,0,0,0,0,0.0625,0,0,NA,0,NA,NA,NA,NA,NA,NA,NA,NA,NA,NA,NA,NA,NA,NA,NA,NA,NA,NA,NA,NA,NA,NA,NA,NA,NA,NA,NA,NA,NA,NA,NA,NA,NA,NA,NA,NA,NA,NA,NA,NA,NA,NA,NA,NA,NA,NA,NA,NA,NA,NA,NA,NA,NA,NA,NA
"LabBlank_B_20240621",5,0,"Konza4","Blank","LabBlank","CW/KOH",20240621,NA,"LL","1000x",NA,NA,"LabBlank_B_20240621","K4_A",NA,NA,NA,NA,NA,20240621,NA,0,0,0,0,0,0,0.0625,0,0,NA,0,NA,NA,NA,NA,NA,NA,NA,NA,NA,NA,NA,NA,NA,NA,NA,NA,NA,NA,NA,NA,NA,NA,NA,NA,NA,NA,NA,NA,NA,NA,NA,NA,NA,NA,NA,NA,NA,NA,NA,NA,NA,NA,NA,NA,NA,NA,NA,NA,NA,NA,NA,NA,NA,NA,NA
"LabBlank_B_20240621",6,0,"Konza4","Blank","LabBlank","CW/KOH",20240621,NA,"LL","1000x",NA,NA,"LabBlank_B_20240621","K4_A",NA,NA,NA,NA,NA,20240621,NA,0,0,0,0,0,0,0.0625,0,0,NA,0,NA,NA,NA,NA,NA,NA,NA,NA,NA,NA,NA,NA,NA,NA,NA,NA,NA,NA,NA,NA,NA,NA,NA,NA,NA,NA,NA,NA,NA,NA,NA,NA,NA,NA,NA,NA,NA,NA,NA,NA,NA,NA,NA,NA,NA,NA,NA,NA,NA,NA,NA,NA,NA,NA,NA
"LabBlank_B_20240621",7,0,"Konza4","Blank","LabBlank","CW/KOH",20240621,NA,"LL","1000x",NA,NA,"LabBlank_B_20240621","K4_A",NA,NA,NA,NA,NA,20240621,NA,0,0,0,0,0,0,0.0625,0,0,NA,0,NA,NA,NA,NA,NA,NA,NA,NA,NA,NA,NA,NA,NA,NA,NA,NA,NA,NA,NA,NA,NA,NA,NA,NA,NA,NA,NA,NA,NA,NA,NA,NA,NA,NA,NA,NA,NA,NA,NA,NA,NA,NA,NA,NA,NA,NA,NA,NA,NA,NA,NA,NA,NA,NA,NA
"LabBlank_B_20240621",8,0,"Konza4","Blank","LabBlank","CW/KOH",20240621,NA,"LL","1000x",NA,NA,"LabBlank_B_20240621","K4_A",NA,NA,NA,NA,NA,20240621,NA,0,0,0,0,0,0,0.0625,0,0,NA,0,NA,NA,NA,NA,NA,NA,NA,NA,NA,NA,NA,NA,NA,NA,NA,NA,NA,NA,NA,NA,NA,NA,NA,NA,NA,NA,NA,NA,NA,NA,NA,NA,NA,NA,NA,NA,NA,NA,NA,NA,NA,NA,NA,NA,NA,NA,NA,NA,NA,NA,NA,NA,NA,NA,NA
"LabBlank_B_20240621",9,0,"Konza4","Blank","LabBlank","CW/KOH",20240621,NA,"LL","1000x",NA,NA,"LabBlank_B_20240621","K4_A",NA,NA,NA,NA,NA,20240621,NA,0,0,0,0,0,0,0.0625,0,0,NA,0,NA,NA,NA,NA,NA,NA,NA,NA,NA,NA,NA,NA,NA,NA,NA,NA,NA,NA,NA,NA,NA,NA,NA,NA,NA,NA,NA,NA,NA,NA,NA,NA,NA,NA,NA,NA,NA,NA,NA,NA,NA,NA,NA,NA,NA,NA,NA,NA,NA,NA,NA,NA,NA,NA,NA
"LabBlank_B_20240621",10,0,"Konza4","Blank","LabBlank","CW/KOH",20240621,NA,"LL","1000x",NA,NA,"LabBlank_B_20240621","K4_A",NA,NA,NA,NA,NA,20240621,NA,0,0,0,0,0,0,0.0625,0,0,NA,0,NA,NA,NA,NA,NA,NA,NA,NA,NA,NA,NA,NA,NA,NA,NA,NA,NA,NA,NA,NA,NA,NA,NA,NA,NA,NA,NA,NA,NA,NA,NA,NA,NA,NA,NA,NA,NA,NA,NA,NA,NA,NA,NA,NA,NA,NA,NA,NA,NA,NA,NA,NA,NA,NA,NA
"LabBlank_B_20240621",11,0,"Konza4","Blank","LabBlank","CW/KOH",20240621,NA,"LL","1000x",NA,NA,"LabBlank_B_20240621","K4_A",NA,NA,NA,NA,NA,20240621,NA,0,0,0,0,0,0,0.0625,0,0,NA,0,NA,NA,NA,NA,NA,NA,NA,NA,NA,NA,NA,NA,NA,NA,NA,NA,NA,NA,NA,NA,NA,NA,NA,NA,NA,NA,NA,NA,NA,NA,NA,NA,NA,NA,NA,NA,NA,NA,NA,NA,NA,NA,NA,NA,NA,NA,NA,NA,NA,NA,NA,NA,NA,NA,NA
"LabBlank_B_20240621",12,0,"Konza4","Blank","LabBlank","CW/KOH",20240621,NA,"LL","1000x",NA,NA,"LabBlank_B_20240621","K4_A",NA,NA,NA,NA,NA,20240621,NA,0,0,0,0,0,0,0.0625,0,0,NA,0,NA,NA,NA,NA,NA,NA,NA,NA,NA,NA,NA,NA,NA,NA,NA,NA,NA,NA,NA,NA,NA,NA,NA,NA,NA,NA,NA,NA,NA,NA,NA,NA,NA,NA,NA,NA,NA,NA,NA,NA,NA,NA,NA,NA,NA,NA,NA,NA,NA,NA,NA,NA,NA,NA,NA
"LabBlank_B_20240621",13,0,"Konza4","Blank","LabBlank","CW/KOH",20240621,NA,"LL","1000x",NA,NA,"LabBlank_B_20240621","K4_A",NA,NA,NA,NA,NA,20240621,NA,0,0,0,0,0,0,0.0625,0,0,NA,0,NA,NA,NA,NA,NA,NA,NA,NA,NA,NA,NA,NA,NA,NA,NA,NA,NA,NA,NA,NA,NA,NA,NA,NA,NA,NA,NA,NA,NA,NA,NA,NA,NA,NA,NA,NA,NA,NA,NA,NA,NA,NA,NA,NA,NA,NA,NA,NA,NA,NA,NA,NA,NA,NA,NA
"LabBlank_B_20240621",14,0,"Konza4","Blank","LabBlank","CW/KOH",20240621,NA,"LL","1000x",NA,NA,"LabBlank_B_20240621","K4_A",NA,NA,NA,NA,NA,20240621,NA,0,0,0,0,0,0,0.0625,0,0,NA,0,NA,NA,NA,NA,NA,NA,NA,NA,NA,NA,NA,NA,NA,NA,NA,NA,NA,NA,NA,NA,NA,NA,NA,NA,NA,NA,NA,NA,NA,NA,NA,NA,NA,NA,NA,NA,NA,NA,NA,NA,NA,NA,NA,NA,NA,NA,NA,NA,NA,NA,NA,NA,NA,NA,NA
"LabBlank_B_20240621",15,0,"Konza4","Blank","LabBlank","CW/KOH",20240621,NA,"LL","1000x",NA,NA,"LabBlank_B_20240621","K4_A",NA,NA,NA,NA,NA,20240621,NA,0,0,0,0,0,0,0.0625,0,0,NA,0,NA,NA,NA,NA,NA,NA,NA,NA,NA,NA,NA,NA,NA,NA,NA,NA,NA,NA,NA,NA,NA,NA,NA,NA,NA,NA,NA,NA,NA,NA,NA,NA,NA,NA,NA,NA,NA,NA,NA,NA,NA,NA,NA,NA,NA,NA,NA,NA,NA,NA,NA,NA,NA,NA,NA
"LabBlank_B_20240621",16,0,"Konza4","Blank","LabBlank","CW/KOH",20240621,NA,"LL","1000x",NA,NA,"LabBlank_B_20240621","K4_A",NA,NA,NA,NA,NA,20240621,NA,0,0,0,0,0,0,0.0625,0,0,NA,0,NA,NA,NA,NA,NA,NA,NA,NA,NA,NA,NA,NA,NA,NA,NA,NA,NA,NA,NA,NA,NA,NA,NA,NA,NA,NA,NA,NA,NA,NA,NA,NA,NA,NA,NA,NA,NA,NA,NA,NA,NA,NA,NA,NA,NA,NA,NA,NA,NA,NA,NA,NA,NA,NA,NA
"LabBlank_B_20240621",17,0,"Konza4","Blank","LabBlank","CW/KOH",20240621,NA,"LL","1000x",NA,NA,"LabBlank_B_20240621","K4_A",NA,NA,NA,NA,NA,20240621,NA,0,0,0,0,0,0,0.0625,0,0,NA,0,NA,NA,NA,NA,NA,NA,NA,NA,NA,NA,NA,NA,NA,NA,NA,NA,NA,NA,NA,NA,NA,NA,NA,NA,NA,NA,NA,NA,NA,NA,NA,NA,NA,NA,NA,NA,NA,NA,NA,NA,NA,NA,NA,NA,NA,NA,NA,NA,NA,NA,NA,NA,NA,NA,NA
"LabBlank_B_20240621",18,0,"Konza4","Blank","LabBlank","CW/KOH",20240621,NA,"LL","1000x",NA,NA,"LabBlank_B_20240621","K4_A",NA,NA,NA,NA,NA,20240621,NA,0,0,0,0,0,0,0.0625,0,0,NA,0,NA,NA,NA,NA,NA,NA,NA,NA,NA,NA,NA,NA,NA,NA,NA,NA,NA,NA,NA,NA,NA,NA,NA,NA,NA,NA,NA,NA,NA,NA,NA,NA,NA,NA,NA,NA,NA,NA,NA,NA,NA,NA,NA,NA,NA,NA,NA,NA,NA,NA,NA,NA,NA,NA,NA
"LabBlank_B_20240621",19,0,"Konza4","Blank","LabBlank","CW/KOH",20240621,NA,"LL","1000x",NA,NA,"LabBlank_B_20240621","K4_A",NA,NA,NA,NA,NA,20240621,NA,0,0,0,0,0,0,0.0625,0,0,NA,0,NA,NA,NA,NA,NA,NA,NA,NA,NA,NA,NA,NA,NA,NA,NA,NA,NA,NA,NA,NA,NA,NA,NA,NA,NA,NA,NA,NA,NA,NA,NA,NA,NA,NA,NA,NA,NA,NA,NA,NA,NA,NA,NA,NA,NA,NA,NA,NA,NA,NA,NA,NA,NA,NA,NA
"LabBlank_B_20240621",20,0,"Konza4","Blank","LabBlank","CW/KOH",20240621,NA,"LL","1000x",NA,NA,"LabBlank_B_20240621","K4_A",NA,NA,NA,NA,NA,20240621,NA,0,0,0,0,0,0,0.0625,0,0,NA,0,NA,NA,NA,NA,NA,NA,NA,NA,NA,NA,NA,NA,NA,NA,NA,NA,NA,NA,NA,NA,NA,NA,NA,NA,NA,NA,NA,NA,NA,NA,NA,NA,NA,NA,NA,NA,NA,NA,NA,NA,NA,NA,NA,NA,NA,NA,NA,NA,NA,NA,NA,NA,NA,NA,NA
"LabBlank_B_20240621",21,0,"Konza4","Blank","LabBlank","CW/KOH",20240621,NA,"LL","1000x",NA,NA,"LabBlank_B_20240621","K4_A",NA,NA,NA,NA,NA,20240621,NA,0,0,0,0,0,0,0.0625,0,0,NA,0,NA,NA,NA,NA,NA,NA,NA,NA,NA,NA,NA,NA,NA,NA,NA,NA,NA,NA,NA,NA,NA,NA,NA,NA,NA,NA,NA,NA,NA,NA,NA,NA,NA,NA,NA,NA,NA,NA,NA,NA,NA,NA,NA,NA,NA,NA,NA,NA,NA,NA,NA,NA,NA,NA,NA
"LabBlank_B_20240621",22,0,"Konza4","Blank","LabBlank","CW/KOH",20240621,NA,"LL","1000x",NA,NA,"LabBlank_B_20240621","K4_A",NA,NA,NA,NA,NA,20240621,NA,0,0,0,0,0,0,0.0625,0,0,NA,0,NA,NA,NA,NA,NA,NA,NA,NA,NA,NA,NA,NA,NA,NA,NA,NA,NA,NA,NA,NA,NA,NA,NA,NA,NA,NA,NA,NA,NA,NA,NA,NA,NA,NA,NA,NA,NA,NA,NA,NA,NA,NA,NA,NA,NA,NA,NA,NA,NA,NA,NA,NA,NA,NA,NA
"LabBlank_B_20240621",23,0,"Konza4","Blank","LabBlank","CW/KOH",20240621,NA,"LL","1000x",NA,NA,"LabBlank_B_20240621","K4_A",NA,NA,NA,NA,NA,20240621,NA,0,0,0,0,0,0,0.0625,0,0,NA,0,NA,NA,NA,NA,NA,NA,NA,NA,NA,NA,NA,NA,NA,NA,NA,NA,NA,NA,NA,NA,NA,NA,NA,NA,NA,NA,NA,NA,NA,NA,NA,NA,NA,NA,NA,NA,NA,NA,NA,NA,NA,NA,NA,NA,NA,NA,NA,NA,NA,NA,NA,NA,NA,NA,NA
"LabBlank_B_20240621",24,0,"Konza4","Blank","LabBlank","CW/KOH",20240621,NA,"LL","1000x",NA,NA,"LabBlank_B_20240621","K4_A",NA,NA,NA,NA,NA,20240621,NA,0,0,0,0,0,0,0.0625,0,0,NA,0,NA,NA,NA,NA,NA,NA,NA,NA,NA,NA,NA,NA,NA,NA,NA,NA,NA,NA,NA,NA,NA,NA,NA,NA,NA,NA,NA,NA,NA,NA,NA,NA,NA,NA,NA,NA,NA,NA,NA,NA,NA,NA,NA,NA,NA,NA,NA,NA,NA,NA,NA,NA,NA,NA,NA
"LabBlank_B_20240621",25,0,"Konza4","Blank","LabBlank","CW/KOH",20240621,NA,"LL","1000x",NA,NA,"LabBlank_B_20240621","K4_A",NA,NA,NA,NA,NA,20240621,NA,0,0,0,0,0,0,0.0625,0,0,NA,0,NA,NA,NA,NA,NA,NA,NA,NA,NA,NA,NA,NA,NA,NA,NA,NA,NA,NA,NA,NA,NA,NA,NA,NA,NA,NA,NA,NA,NA,NA,NA,NA,NA,NA,NA,NA,NA,NA,NA,NA,NA,NA,NA,NA,NA,NA,NA,NA,NA,NA,NA,NA,NA,NA,NA
"LabBlank_B_20240621",26,0,"Konza4","Blank","LabBlank","CW/KOH",20240621,NA,"LL","1000x",NA,NA,"LabBlank_B_20240621","K4_A",NA,NA,NA,NA,NA,20240621,NA,0,0,0,0,0,0,0.0625,0,0,NA,0,NA,NA,NA,NA,NA,NA,NA,NA,NA,NA,NA,NA,NA,NA,NA,NA,NA,NA,NA,NA,NA,NA,NA,NA,NA,NA,NA,NA,NA,NA,NA,NA,NA,NA,NA,NA,NA,NA,NA,NA,NA,NA,NA,NA,NA,NA,NA,NA,NA,NA,NA,NA,NA,NA,NA
"LabBlank_B_20240621",27,0,"Konza4","Blank","LabBlank","CW/KOH",20240621,NA,"LL","1000x",NA,NA,"LabBlank_B_20240621","K4_A",NA,NA,NA,NA,NA,20240621,NA,0,0,0,0,0,0,0.0625,0,0,NA,0,NA,NA,NA,NA,NA,NA,NA,NA,NA,NA,NA,NA,NA,NA,NA,NA,NA,NA,NA,NA,NA,NA,NA,NA,NA,NA,NA,NA,NA,NA,NA,NA,NA,NA,NA,NA,NA,NA,NA,NA,NA,NA,NA,NA,NA,NA,NA,NA,NA,NA,NA,NA,NA,NA,NA
"LabBlank_B_20240621",28,0,"Konza4","Blank","LabBlank","CW/KOH",20240621,NA,"LL","1000x",NA,NA,"LabBlank_B_20240621","K4_A",NA,NA,NA,NA,NA,20240621,NA,0,0,0,0,0,0,0.0625,0,0,NA,0,NA,NA,NA,NA,NA,NA,NA,NA,NA,NA,NA,NA,NA,NA,NA,NA,NA,NA,NA,NA,NA,NA,NA,NA,NA,NA,NA,NA,NA,NA,NA,NA,NA,NA,NA,NA,NA,NA,NA,NA,NA,NA,NA,NA,NA,NA,NA,NA,NA,NA,NA,NA,NA,NA,NA
"LabBlank_B_20240621",29,0,"Konza4","Blank","LabBlank","CW/KOH",20240621,NA,"LL","1000x",NA,NA,"LabBlank_B_20240621","K4_A",NA,NA,NA,NA,NA,20240621,NA,0,0,0,0,0,0,0.0625,0,0,NA,0,NA,NA,NA,NA,NA,NA,NA,NA,NA,NA,NA,NA,NA,NA,NA,NA,NA,NA,NA,NA,NA,NA,NA,NA,NA,NA,NA,NA,NA,NA,NA,NA,NA,NA,NA,NA,NA,NA,NA,NA,NA,NA,NA,NA,NA,NA,NA,NA,NA,NA,NA,NA,NA,NA,NA
"LabBlank_B_20240621",30,0,"Konza4","Blank","LabBlank","CW/KOH",20240621,NA,"LL","1000x",NA,NA,"LabBlank_B_20240621","K4_A",NA,NA,NA,NA,NA,20240621,NA,0,0,0,0,0,0,0.0625,0,0,NA,0,NA,NA,NA,NA,NA,NA,NA,NA,NA,NA,NA,NA,NA,NA,NA,NA,NA,NA,NA,NA,NA,NA,NA,NA,NA,NA,NA,NA,NA,NA,NA,NA,NA,NA,NA,NA,NA,NA,NA,NA,NA,NA,NA,NA,NA,NA,NA,NA,NA,NA,NA,NA,NA,NA,NA
"LabBlank_B_20240621",31,0,"Konza4","Blank","LabBlank","CW/KOH",20240621,NA,"LL","1000x",NA,NA,"LabBlank_B_20240621","K4_A",NA,NA,NA,NA,NA,20240621,NA,0,0,0,0,0,0,0.0625,0,0,NA,0,NA,NA,NA,NA,NA,NA,NA,NA,NA,NA,NA,NA,NA,NA,NA,NA,NA,NA,NA,NA,NA,NA,NA,NA,NA,NA,NA,NA,NA,NA,NA,NA,NA,NA,NA,NA,NA,NA,NA,NA,NA,NA,NA,NA,NA,NA,NA,NA,NA,NA,NA,NA,NA,NA,NA
"LabBlank_B_20240621",32,0,"Konza4","Blank","LabBlank","CW/KOH",20240621,NA,"LL","1000x",NA,NA,"LabBlank_B_20240621","K4_A",NA,NA,NA,NA,NA,20240621,NA,0,0,0,0,0,0,0.0625,0,0,NA,0,NA,NA,NA,NA,NA,NA,NA,NA,NA,NA,NA,NA,NA,NA,NA,NA,NA,NA,NA,NA,NA,NA,NA,NA,NA,NA,NA,NA,NA,NA,NA,NA,NA,NA,NA,NA,NA,NA,NA,NA,NA,NA,NA,NA,NA,NA,NA,NA,NA,NA,NA,NA,NA,NA,NA
"LabBlank_B_20240621",33,0,"Konza4","Blank","LabBlank","CW/KOH",20240621,NA,"LL","1000x",NA,NA,"LabBlank_B_20240621","K4_A",NA,NA,NA,NA,NA,20240621,NA,0,0,0,0,0,0,0.0625,0,0,NA,0,NA,NA,NA,NA,NA,NA,NA,NA,NA,NA,NA,NA,NA,NA,NA,NA,NA,NA,NA,NA,NA,NA,NA,NA,NA,NA,NA,NA,NA,NA,NA,NA,NA,NA,NA,NA,NA,NA,NA,NA,NA,NA,NA,NA,NA,NA,NA,NA,NA,NA,NA,NA,NA,NA,NA
"LabBlank_B_20240621",34,0,"Konza4","Blank","LabBlank","CW/KOH",20240621,NA,"LL","1000x",NA,NA,"LabBlank_B_20240621","K4_A",NA,NA,NA,NA,NA,20240621,NA,0,0,0,0,0,0,0.0625,0,0,NA,0,NA,NA,NA,NA,NA,NA,NA,NA,NA,NA,NA,NA,NA,NA,NA,NA,NA,NA,NA,NA,NA,NA,NA,NA,NA,NA,NA,NA,NA,NA,NA,NA,NA,NA,NA,NA,NA,NA,NA,NA,NA,NA,NA,NA,NA,NA,NA,NA,NA,NA,NA,NA,NA,NA,NA
"LabBlank_B_20240621",35,0,"Konza4","Blank","LabBlank","CW/KOH",20240621,NA,"LL","1000x",NA,NA,"LabBlank_B_20240621","K4_A",NA,NA,NA,NA,NA,20240621,NA,0,0,0,0,0,0,0.0625,0,0,NA,0,NA,NA,NA,NA,NA,NA,NA,NA,NA,NA,NA,NA,NA,NA,NA,NA,NA,NA,NA,NA,NA,NA,NA,NA,NA,NA,NA,NA,NA,NA,NA,NA,NA,NA,NA,NA,NA,NA,NA,NA,NA,NA,NA,NA,NA,NA,NA,NA,NA,NA,NA,NA,NA,NA,NA
"LabBlank_B_20240621",36,0,"Konza4","Blank","LabBlank","CW/KOH",20240621,NA,"LL","1000x",NA,NA,"LabBlank_B_20240621","K4_A",NA,NA,NA,NA,NA,20240621,NA,0,0,0,0,0,0,0.0625,0,0,NA,0,NA,NA,NA,NA,NA,NA,NA,NA,NA,NA,NA,NA,NA,NA,NA,NA,NA,NA,NA,NA,NA,NA,NA,NA,NA,NA,NA,NA,NA,NA,NA,NA,NA,NA,NA,NA,NA,NA,NA,NA,NA,NA,NA,NA,NA,NA,NA,NA,NA,NA,NA,NA,NA,NA,NA
"LabBlank_B_20240621",37,0,"Konza4","Blank","LabBlank","CW/KOH",20240621,NA,"LL","1000x",NA,NA,"LabBlank_B_20240621","K4_A",NA,NA,NA,NA,NA,20240621,NA,0,0,0,0,0,0,0.0625,0,0,NA,0,NA,NA,NA,NA,NA,NA,NA,NA,NA,NA,NA,NA,NA,NA,NA,NA,NA,NA,NA,NA,NA,NA,NA,NA,NA,NA,NA,NA,NA,NA,NA,NA,NA,NA,NA,NA,NA,NA,NA,NA,NA,NA,NA,NA,NA,NA,NA,NA,NA,NA,NA,NA,NA,NA,NA
"LabBlank_B_20240621",38,0,"Konza4","Blank","LabBlank","CW/KOH",20240621,NA,"LL","1000x",NA,NA,"LabBlank_B_20240621","K4_A",NA,NA,NA,NA,NA,20240621,NA,0,0,0,0,0,0,0.0625,0,0,NA,0,NA,NA,NA,NA,NA,NA,NA,NA,NA,NA,NA,NA,NA,NA,NA,NA,NA,NA,NA,NA,NA,NA,NA,NA,NA,NA,NA,NA,NA,NA,NA,NA,NA,NA,NA,NA,NA,NA,NA,NA,NA,NA,NA,NA,NA,NA,NA,NA,NA,NA,NA,NA,NA,NA,NA
"LabBlank_B_20240621",39,0,"Konza4","Blank","LabBlank","CW/KOH",20240621,NA,"LL","1000x",NA,NA,"LabBlank_B_20240621","K4_A",NA,NA,NA,NA,NA,20240621,NA,0,0,0,0,0,0,0.0625,0,0,NA,0,NA,NA,NA,NA,NA,NA,NA,NA,NA,NA,NA,NA,NA,NA,NA,NA,NA,NA,NA,NA,NA,NA,NA,NA,NA,NA,NA,NA,NA,NA,NA,NA,NA,NA,NA,NA,NA,NA,NA,NA,NA,NA,NA,NA,NA,NA,NA,NA,NA,NA,NA,NA,NA,NA,NA
"LabBlank_B_20240621",40,0,"Konza4","Blank","LabBlank","CW/KOH",20240621,NA,"LL","1000x",NA,NA,"LabBlank_B_20240621","K4_A",NA,NA,NA,NA,NA,20240621,NA,0,0,0,0,0,0,0.0625,0,0,NA,0,NA,NA,NA,NA,NA,NA,NA,NA,NA,NA,NA,NA,NA,NA,NA,NA,NA,NA,NA,NA,NA,NA,NA,NA,NA,NA,NA,NA,NA,NA,NA,NA,NA,NA,NA,NA,NA,NA,NA,NA,NA,NA,NA,NA,NA,NA,NA,NA,NA,NA,NA,NA,NA,NA,NA
"FieldBlank4B_B",1,0,"Konza4","Blank","FieldBlank","CW/KOH",20250330,NA,"LL","1000x",NA,NA,"FieldBlank4B","K4_D",NA,NA,NA,NA,NA,4,NA,0,0,0,0,0,0,0.0625,0,0,NA,0,NA,NA,244.172872456846,244.1118395425,592.6388621869,146.161379310345,155.0425,308.085,278.877155172414,303.425,578.415,20.7152777777778,20.5555555555556,22.2222222222222,12.2222222222222,27.6,28,26,29,4.32319476271773,4.25978414847026,4.61522109314314,2.62820125297068,37520.2,11152.425,2789.4,267.2825,57.7325,32.2,51892.025,52163.775,52217.575,52271.375,"Hazardous","Low",22.778470492887,20.238029895,81.0226656961431,0.768317888,44.1497946392527,72.56262205,1.32389368666259,0.768317888,0.963179902051019,0.978183544881587,0.368165561693298,23.1466360545803,46.2932721091607,0.0462932721091607,4.62932721091607e-05,4.62932721091607e-08,0.0161628745796722,NA,NA,NA
"FieldBlank4B_B",2,0,"Konza4","Blank","FieldBlank","CW/KOH",20250330,NA,"LL","1000x",NA,NA,"FieldBlank4B","K4_D",NA,NA,NA,NA,NA,4,NA,0,0,0,0,0,0,0.0625,0,0,NA,0,NA,NA,244.172872456846,244.1118395425,592.6388621869,146.161379310345,155.0425,308.085,278.877155172414,303.425,578.415,20.7152777777778,20.5555555555556,22.2222222222222,12.2222222222222,27.6,28,26,29,4.32319476271773,4.25978414847026,4.61522109314314,2.62820125297068,37520.2,11152.425,2789.4,267.2825,57.7325,32.2,51892.025,52163.775,52217.575,52271.375,"Hazardous","Low",22.778470492887,20.238029895,81.0226656961431,0.768317888,44.1497946392527,72.56262205,1.32389368666259,0.768317888,0.963179902051019,0.978183544881587,0.368165561693298,23.1466360545803,46.2932721091607,0.0462932721091607,4.62932721091607e-05,4.62932721091607e-08,0.0161628745796722,NA,NA,NA
"FieldBlank4B_B",3,0,"Konza4","Blank","FieldBlank","CW/KOH",20250330,NA,"LL","1000x",NA,NA,"FieldBlank4B","K4_D",NA,NA,NA,NA,NA,4,NA,0,0,0,0,0,0,0.0625,0,0,NA,0,NA,NA,244.172872456846,244.1118395425,592.6388621869,146.161379310345,155.0425,308.085,278.877155172414,303.425,578.415,20.7152777777778,20.5555555555556,22.2222222222222,12.2222222222222,27.6,28,26,29,4.32319476271773,4.25978414847026,4.61522109314314,2.62820125297068,37520.2,11152.425,2789.4,267.2825,57.7325,32.2,51892.025,52163.775,52217.575,52271.375,"Hazardous","Low",22.778470492887,20.238029895,81.0226656961431,0.768317888,44.1497946392527,72.56262205,1.32389368666259,0.768317888,0.963179902051019,0.978183544881587,0.368165561693298,23.1466360545803,46.2932721091607,0.0462932721091607,4.62932721091607e-05,4.62932721091607e-08,0.0161628745796722,NA,NA,NA
"FieldBlank4B_B",4,2,"Konza4","Blank","FieldBlank","CW/KOH",20250330,NA,"LL","1000x",NA,NA,"FieldBlank4B","K4_D",NA,NA,NA,NA,NA,4,NA,0,0,0,0,2,0,0.0625,1.9375,14450,NA,13998.4375,NA,NA,244.172872456846,244.1118395425,592.6388621869,146.161379310345,155.0425,308.085,278.877155172414,303.425,578.415,20.7152777777778,20.5555555555556,22.2222222222222,12.2222222222222,27.6,28,26,29,4.32319476271773,4.25978414847026,4.61522109314314,2.62820125297068,37520.2,11152.425,2789.4,267.2825,57.7325,32.2,51892.025,52163.775,52217.575,52271.375,"Hazardous","Low",22.778470492887,20.238029895,81.0226656961431,0.768317888,44.1497946392527,72.56262205,1.32389368666259,0.768317888,0.963179902051019,0.978183544881587,0.368165561693298,23.1466360545803,46.2932721091607,0.0462932721091607,4.62932721091607e-05,4.62932721091607e-08,0.0161628745796722,NA,NA,NA
"FieldBlank4B_B",5,0,"Konza4","Blank","FieldBlank","CW/KOH",20250330,NA,"LL","1000x",NA,NA,"FieldBlank4B","K4_D",NA,NA,NA,NA,NA,4,NA,0,0,0,0,0,0,0.0625,0,0,NA,0,NA,NA,244.172872456846,244.1118395425,592.6388621869,146.161379310345,155.0425,308.085,278.877155172414,303.425,578.415,20.7152777777778,20.5555555555556,22.2222222222222,12.2222222222222,27.6,28,26,29,4.32319476271773,4.25978414847026,4.61522109314314,2.62820125297068,37520.2,11152.425,2789.4,267.2825,57.7325,32.2,51892.025,52163.775,52217.575,52271.375,"Hazardous","Low",22.778470492887,20.238029895,81.0226656961431,0.768317888,44.1497946392527,72.56262205,1.32389368666259,0.768317888,0.963179902051019,0.978183544881587,0.368165561693298,23.1466360545803,46.2932721091607,0.0462932721091607,4.62932721091607e-05,4.62932721091607e-08,0.0161628745796722,NA,NA,NA
"FieldBlank4B_B",6,0,"Konza4","Blank","FieldBlank","CW/KOH",20250330,NA,"LL","1000x",NA,NA,"FieldBlank4B","K4_D",NA,NA,NA,NA,NA,4,NA,0,0,0,0,0,0,0.0625,0,0,NA,0,NA,NA,244.172872456846,244.1118395425,592.6388621869,146.161379310345,155.0425,308.085,278.877155172414,303.425,578.415,20.7152777777778,20.5555555555556,22.2222222222222,12.2222222222222,27.6,28,26,29,4.32319476271773,4.25978414847026,4.61522109314314,2.62820125297068,37520.2,11152.425,2789.4,267.2825,57.7325,32.2,51892.025,52163.775,52217.575,52271.375,"Hazardous","Low",22.778470492887,20.238029895,81.0226656961431,0.768317888,44.1497946392527,72.56262205,1.32389368666259,0.768317888,0.963179902051019,0.978183544881587,0.368165561693298,23.1466360545803,46.2932721091607,0.0462932721091607,4.62932721091607e-05,4.62932721091607e-08,0.0161628745796722,NA,NA,NA
"FieldBlank4B_B",7,0,"Konza4","Blank","FieldBlank","CW/KOH",20250330,NA,"LL","1000x",NA,NA,"FieldBlank4B","K4_D",NA,NA,NA,NA,NA,4,NA,0,0,0,0,0,0,0.0625,0,0,NA,0,NA,NA,244.172872456846,244.1118395425,592.6388621869,146.161379310345,155.0425,308.085,278.877155172414,303.425,578.415,20.7152777777778,20.5555555555556,22.2222222222222,12.2222222222222,27.6,28,26,29,4.32319476271773,4.25978414847026,4.61522109314314,2.62820125297068,37520.2,11152.425,2789.4,267.2825,57.7325,32.2,51892.025,52163.775,52217.575,52271.375,"Hazardous","Low",22.778470492887,20.238029895,81.0226656961431,0.768317888,44.1497946392527,72.56262205,1.32389368666259,0.768317888,0.963179902051019,0.978183544881587,0.368165561693298,23.1466360545803,46.2932721091607,0.0462932721091607,4.62932721091607e-05,4.62932721091607e-08,0.0161628745796722,NA,NA,NA
"FieldBlank4B_B",8,0,"Konza4","Blank","FieldBlank","CW/KOH",20250330,NA,"LL","1000x",NA,NA,"FieldBlank4B","K4_D",NA,NA,NA,NA,NA,4,NA,0,0,0,0,0,0,0.0625,0,0,NA,0,NA,NA,244.172872456846,244.1118395425,592.6388621869,146.161379310345,155.0425,308.085,278.877155172414,303.425,578.415,20.7152777777778,20.5555555555556,22.2222222222222,12.2222222222222,27.6,28,26,29,4.32319476271773,4.25978414847026,4.61522109314314,2.62820125297068,37520.2,11152.425,2789.4,267.2825,57.7325,32.2,51892.025,52163.775,52217.575,52271.375,"Hazardous","Low",22.778470492887,20.238029895,81.0226656961431,0.768317888,44.1497946392527,72.56262205,1.32389368666259,0.768317888,0.963179902051019,0.978183544881587,0.368165561693298,23.1466360545803,46.2932721091607,0.0462932721091607,4.62932721091607e-05,4.62932721091607e-08,0.0161628745796722,NA,NA,NA
"FieldBlank4B_B",9,0,"Konza4","Blank","FieldBlank","CW/KOH",20250330,NA,"LL","1000x",NA,NA,"FieldBlank4B","K4_D",NA,NA,NA,NA,NA,4,NA,0,0,0,0,0,0,0.0625,0,0,NA,0,NA,NA,244.172872456846,244.1118395425,592.6388621869,146.161379310345,155.0425,308.085,278.877155172414,303.425,578.415,20.7152777777778,20.5555555555556,22.2222222222222,12.2222222222222,27.6,28,26,29,4.32319476271773,4.25978414847026,4.61522109314314,2.62820125297068,37520.2,11152.425,2789.4,267.2825,57.7325,32.2,51892.025,52163.775,52217.575,52271.375,"Hazardous","Low",22.778470492887,20.238029895,81.0226656961431,0.768317888,44.1497946392527,72.56262205,1.32389368666259,0.768317888,0.963179902051019,0.978183544881587,0.368165561693298,23.1466360545803,46.2932721091607,0.0462932721091607,4.62932721091607e-05,4.62932721091607e-08,0.0161628745796722,NA,NA,NA
"FieldBlank4B_B",10,0,"Konza4","Blank","FieldBlank","CW/KOH",20250330,NA,"LL","1000x",NA,NA,"FieldBlank4B","K4_D",NA,NA,NA,NA,NA,4,NA,0,0,0,0,0,0,0.0625,0,0,NA,0,NA,NA,244.172872456846,244.1118395425,592.6388621869,146.161379310345,155.0425,308.085,278.877155172414,303.425,578.415,20.7152777777778,20.5555555555556,22.2222222222222,12.2222222222222,27.6,28,26,29,4.32319476271773,4.25978414847026,4.61522109314314,2.62820125297068,37520.2,11152.425,2789.4,267.2825,57.7325,32.2,51892.025,52163.775,52217.575,52271.375,"Hazardous","Low",22.778470492887,20.238029895,81.0226656961431,0.768317888,44.1497946392527,72.56262205,1.32389368666259,0.768317888,0.963179902051019,0.978183544881587,0.368165561693298,23.1466360545803,46.2932721091607,0.0462932721091607,4.62932721091607e-05,4.62932721091607e-08,0.0161628745796722,NA,NA,NA
"FieldBlank4B_B",11,0,"Konza4","Blank","FieldBlank","CW/KOH",20250330,NA,"LL","1000x",NA,NA,"FieldBlank4B","K4_D",NA,NA,NA,NA,NA,4,NA,0,0,0,0,0,0,0.0625,0,0,NA,0,NA,NA,244.172872456846,244.1118395425,592.6388621869,146.161379310345,155.0425,308.085,278.877155172414,303.425,578.415,20.7152777777778,20.5555555555556,22.2222222222222,12.2222222222222,27.6,28,26,29,4.32319476271773,4.25978414847026,4.61522109314314,2.62820125297068,37520.2,11152.425,2789.4,267.2825,57.7325,32.2,51892.025,52163.775,52217.575,52271.375,"Hazardous","Low",22.778470492887,20.238029895,81.0226656961431,0.768317888,44.1497946392527,72.56262205,1.32389368666259,0.768317888,0.963179902051019,0.978183544881587,0.368165561693298,23.1466360545803,46.2932721091607,0.0462932721091607,4.62932721091607e-05,4.62932721091607e-08,0.0161628745796722,NA,NA,NA
"FieldBlank4B_B",12,0,"Konza4","Blank","FieldBlank","CW/KOH",20250330,NA,"LL","1000x",NA,NA,"FieldBlank4B","K4_D",NA,NA,NA,NA,NA,4,NA,0,0,0,0,0,0,0.0625,0,0,NA,0,NA,NA,244.172872456846,244.1118395425,592.6388621869,146.161379310345,155.0425,308.085,278.877155172414,303.425,578.415,20.7152777777778,20.5555555555556,22.2222222222222,12.2222222222222,27.6,28,26,29,4.32319476271773,4.25978414847026,4.61522109314314,2.62820125297068,37520.2,11152.425,2789.4,267.2825,57.7325,32.2,51892.025,52163.775,52217.575,52271.375,"Hazardous","Low",22.778470492887,20.238029895,81.0226656961431,0.768317888,44.1497946392527,72.56262205,1.32389368666259,0.768317888,0.963179902051019,0.978183544881587,0.368165561693298,23.1466360545803,46.2932721091607,0.0462932721091607,4.62932721091607e-05,4.62932721091607e-08,0.0161628745796722,NA,NA,NA
"FieldBlank4B_B",13,0,"Konza4","Blank","FieldBlank","CW/KOH",20250330,NA,"LL","1000x",NA,NA,"FieldBlank4B","K4_D",NA,NA,NA,NA,NA,4,NA,0,0,0,0,0,0,0.0625,0,0,NA,0,NA,NA,244.172872456846,244.1118395425,592.6388621869,146.161379310345,155.0425,308.085,278.877155172414,303.425,578.415,20.7152777777778,20.5555555555556,22.2222222222222,12.2222222222222,27.6,28,26,29,4.32319476271773,4.25978414847026,4.61522109314314,2.62820125297068,37520.2,11152.425,2789.4,267.2825,57.7325,32.2,51892.025,52163.775,52217.575,52271.375,"Hazardous","Low",22.778470492887,20.238029895,81.0226656961431,0.768317888,44.1497946392527,72.56262205,1.32389368666259,0.768317888,0.963179902051019,0.978183544881587,0.368165561693298,23.1466360545803,46.2932721091607,0.0462932721091607,4.62932721091607e-05,4.62932721091607e-08,0.0161628745796722,NA,NA,NA
"FieldBlank4B_B",14,0,"Konza4","Blank","FieldBlank","CW/KOH",20250330,NA,"LL","1000x",NA,NA,"FieldBlank4B","K4_D",NA,NA,NA,NA,NA,4,NA,0,0,0,0,0,0,0.0625,0,0,NA,0,NA,NA,244.172872456846,244.1118395425,592.6388621869,146.161379310345,155.0425,308.085,278.877155172414,303.425,578.415,20.7152777777778,20.5555555555556,22.2222222222222,12.2222222222222,27.6,28,26,29,4.32319476271773,4.25978414847026,4.61522109314314,2.62820125297068,37520.2,11152.425,2789.4,267.2825,57.7325,32.2,51892.025,52163.775,52217.575,52271.375,"Hazardous","Low",22.778470492887,20.238029895,81.0226656961431,0.768317888,44.1497946392527,72.56262205,1.32389368666259,0.768317888,0.963179902051019,0.978183544881587,0.368165561693298,23.1466360545803,46.2932721091607,0.0462932721091607,4.62932721091607e-05,4.62932721091607e-08,0.0161628745796722,NA,NA,NA
"FieldBlank4B_B",15,0,"Konza4","Blank","FieldBlank","CW/KOH",20250330,NA,"LL","1000x",NA,NA,"FieldBlank4B","K4_D",NA,NA,NA,NA,NA,4,NA,0,0,0,0,0,0,0.0625,0,0,NA,0,NA,NA,244.172872456846,244.1118395425,592.6388621869,146.161379310345,155.0425,308.085,278.877155172414,303.425,578.415,20.7152777777778,20.5555555555556,22.2222222222222,12.2222222222222,27.6,28,26,29,4.32319476271773,4.25978414847026,4.61522109314314,2.62820125297068,37520.2,11152.425,2789.4,267.2825,57.7325,32.2,51892.025,52163.775,52217.575,52271.375,"Hazardous","Low",22.778470492887,20.238029895,81.0226656961431,0.768317888,44.1497946392527,72.56262205,1.32389368666259,0.768317888,0.963179902051019,0.978183544881587,0.368165561693298,23.1466360545803,46.2932721091607,0.0462932721091607,4.62932721091607e-05,4.62932721091607e-08,0.0161628745796722,NA,NA,NA
"FieldBlank4B_B",16,0,"Konza4","Blank","FieldBlank","CW/KOH",20250330,NA,"LL","1000x",NA,NA,"FieldBlank4B","K4_D",NA,NA,NA,NA,NA,4,NA,0,0,0,0,0,0,0.0625,0,0,NA,0,NA,NA,244.172872456846,244.1118395425,592.6388621869,146.161379310345,155.0425,308.085,278.877155172414,303.425,578.415,20.7152777777778,20.5555555555556,22.2222222222222,12.2222222222222,27.6,28,26,29,4.32319476271773,4.25978414847026,4.61522109314314,2.62820125297068,37520.2,11152.425,2789.4,267.2825,57.7325,32.2,51892.025,52163.775,52217.575,52271.375,"Hazardous","Low",22.778470492887,20.238029895,81.0226656961431,0.768317888,44.1497946392527,72.56262205,1.32389368666259,0.768317888,0.963179902051019,0.978183544881587,0.368165561693298,23.1466360545803,46.2932721091607,0.0462932721091607,4.62932721091607e-05,4.62932721091607e-08,0.0161628745796722,NA,NA,NA
"FieldBlank4B_B",17,0,"Konza4","Blank","FieldBlank","CW/KOH",20250330,NA,"LL","1000x",NA,NA,"FieldBlank4B","K4_D",NA,NA,NA,NA,NA,4,NA,0,0,0,0,0,0,0.0625,0,0,NA,0,NA,NA,244.172872456846,244.1118395425,592.6388621869,146.161379310345,155.0425,308.085,278.877155172414,303.425,578.415,20.7152777777778,20.5555555555556,22.2222222222222,12.2222222222222,27.6,28,26,29,4.32319476271773,4.25978414847026,4.61522109314314,2.62820125297068,37520.2,11152.425,2789.4,267.2825,57.7325,32.2,51892.025,52163.775,52217.575,52271.375,"Hazardous","Low",22.778470492887,20.238029895,81.0226656961431,0.768317888,44.1497946392527,72.56262205,1.32389368666259,0.768317888,0.963179902051019,0.978183544881587,0.368165561693298,23.1466360545803,46.2932721091607,0.0462932721091607,4.62932721091607e-05,4.62932721091607e-08,0.0161628745796722,NA,NA,NA
"FieldBlank4B_B",18,0,"Konza4","Blank","FieldBlank","CW/KOH",20250330,NA,"LL","1000x",NA,NA,"FieldBlank4B","K4_D",NA,NA,NA,NA,NA,4,NA,0,0,0,0,0,0,0.0625,0,0,NA,0,NA,NA,244.172872456846,244.1118395425,592.6388621869,146.161379310345,155.0425,308.085,278.877155172414,303.425,578.415,20.7152777777778,20.5555555555556,22.2222222222222,12.2222222222222,27.6,28,26,29,4.32319476271773,4.25978414847026,4.61522109314314,2.62820125297068,37520.2,11152.425,2789.4,267.2825,57.7325,32.2,51892.025,52163.775,52217.575,52271.375,"Hazardous","Low",22.778470492887,20.238029895,81.0226656961431,0.768317888,44.1497946392527,72.56262205,1.32389368666259,0.768317888,0.963179902051019,0.978183544881587,0.368165561693298,23.1466360545803,46.2932721091607,0.0462932721091607,4.62932721091607e-05,4.62932721091607e-08,0.0161628745796722,NA,NA,NA
"FieldBlank4B_B",19,0,"Konza4","Blank","FieldBlank","CW/KOH",20250330,NA,"LL","1000x",NA,NA,"FieldBlank4B","K4_D",NA,NA,NA,NA,NA,4,NA,0,0,0,0,0,0,0.0625,0,0,NA,0,NA,NA,244.172872456846,244.1118395425,592.6388621869,146.161379310345,155.0425,308.085,278.877155172414,303.425,578.415,20.7152777777778,20.5555555555556,22.2222222222222,12.2222222222222,27.6,28,26,29,4.32319476271773,4.25978414847026,4.61522109314314,2.62820125297068,37520.2,11152.425,2789.4,267.2825,57.7325,32.2,51892.025,52163.775,52217.575,52271.375,"Hazardous","Low",22.778470492887,20.238029895,81.0226656961431,0.768317888,44.1497946392527,72.56262205,1.32389368666259,0.768317888,0.963179902051019,0.978183544881587,0.368165561693298,23.1466360545803,46.2932721091607,0.0462932721091607,4.62932721091607e-05,4.62932721091607e-08,0.0161628745796722,NA,NA,NA
"FieldBlank4B_B",20,0,"Konza4","Blank","FieldBlank","CW/KOH",20250330,NA,"LL","1000x",NA,NA,"FieldBlank4B","K4_D",NA,NA,NA,NA,NA,4,NA,0,0,0,0,0,0,0.0625,0,0,NA,0,NA,NA,244.172872456846,244.1118395425,592.6388621869,146.161379310345,155.0425,308.085,278.877155172414,303.425,578.415,20.7152777777778,20.5555555555556,22.2222222222222,12.2222222222222,27.6,28,26,29,4.32319476271773,4.25978414847026,4.61522109314314,2.62820125297068,37520.2,11152.425,2789.4,267.2825,57.7325,32.2,51892.025,52163.775,52217.575,52271.375,"Hazardous","Low",22.778470492887,20.238029895,81.0226656961431,0.768317888,44.1497946392527,72.56262205,1.32389368666259,0.768317888,0.963179902051019,0.978183544881587,0.368165561693298,23.1466360545803,46.2932721091607,0.0462932721091607,4.62932721091607e-05,4.62932721091607e-08,0.0161628745796722,NA,NA,NA
"FieldBlank4B_B",21,0,"Konza4","Blank","FieldBlank","CW/KOH",20250330,NA,"LL","1000x",NA,NA,"FieldBlank4B","K4_D",NA,NA,NA,NA,NA,4,NA,0,0,0,0,0,0,0.0625,0,0,NA,0,NA,NA,244.172872456846,244.1118395425,592.6388621869,146.161379310345,155.0425,308.085,278.877155172414,303.425,578.415,20.7152777777778,20.5555555555556,22.2222222222222,12.2222222222222,27.6,28,26,29,4.32319476271773,4.25978414847026,4.61522109314314,2.62820125297068,37520.2,11152.425,2789.4,267.2825,57.7325,32.2,51892.025,52163.775,52217.575,52271.375,"Hazardous","Low",22.778470492887,20.238029895,81.0226656961431,0.768317888,44.1497946392527,72.56262205,1.32389368666259,0.768317888,0.963179902051019,0.978183544881587,0.368165561693298,23.1466360545803,46.2932721091607,0.0462932721091607,4.62932721091607e-05,4.62932721091607e-08,0.0161628745796722,NA,NA,NA
"FieldBlank4B_B",22,0,"Konza4","Blank","FieldBlank","CW/KOH",20250330,NA,"LL","1000x",NA,NA,"FieldBlank4B","K4_D",NA,NA,NA,NA,NA,4,NA,0,0,0,0,0,0,0.0625,0,0,NA,0,NA,NA,244.172872456846,244.1118395425,592.6388621869,146.161379310345,155.0425,308.085,278.877155172414,303.425,578.415,20.7152777777778,20.5555555555556,22.2222222222222,12.2222222222222,27.6,28,26,29,4.32319476271773,4.25978414847026,4.61522109314314,2.62820125297068,37520.2,11152.425,2789.4,267.2825,57.7325,32.2,51892.025,52163.775,52217.575,52271.375,"Hazardous","Low",22.778470492887,20.238029895,81.0226656961431,0.768317888,44.1497946392527,72.56262205,1.32389368666259,0.768317888,0.963179902051019,0.978183544881587,0.368165561693298,23.1466360545803,46.2932721091607,0.0462932721091607,4.62932721091607e-05,4.62932721091607e-08,0.0161628745796722,NA,NA,NA
"FieldBlank4B_B",23,0,"Konza4","Blank","FieldBlank","CW/KOH",20250330,NA,"LL","1000x",NA,NA,"FieldBlank4B","K4_D",NA,NA,NA,NA,NA,4,NA,0,0,0,0,0,0,0.0625,0,0,NA,0,NA,NA,244.172872456846,244.1118395425,592.6388621869,146.161379310345,155.0425,308.085,278.877155172414,303.425,578.415,20.7152777777778,20.5555555555556,22.2222222222222,12.2222222222222,27.6,28,26,29,4.32319476271773,4.25978414847026,4.61522109314314,2.62820125297068,37520.2,11152.425,2789.4,267.2825,57.7325,32.2,51892.025,52163.775,52217.575,52271.375,"Hazardous","Low",22.778470492887,20.238029895,81.0226656961431,0.768317888,44.1497946392527,72.56262205,1.32389368666259,0.768317888,0.963179902051019,0.978183544881587,0.368165561693298,23.1466360545803,46.2932721091607,0.0462932721091607,4.62932721091607e-05,4.62932721091607e-08,0.0161628745796722,NA,NA,NA
"FieldBlank4B_B",24,3,"Konza4","Blank","FieldBlank","CW/KOH",20250330,NA,"LL","1000x",NA,NA,"FieldBlank4B","K4_D",NA,NA,NA,NA,NA,4,NA,0,0,0,0,3,0,0.0625,2.9375,21675,NA,21223.4375,NA,NA,244.172872456846,244.1118395425,592.6388621869,146.161379310345,155.0425,308.085,278.877155172414,303.425,578.415,20.7152777777778,20.5555555555556,22.2222222222222,12.2222222222222,27.6,28,26,29,4.32319476271773,4.25978414847026,4.61522109314314,2.62820125297068,37520.2,11152.425,2789.4,267.2825,57.7325,32.2,51892.025,52163.775,52217.575,52271.375,"Hazardous","Low",22.778470492887,20.238029895,81.0226656961431,0.768317888,44.1497946392527,72.56262205,1.32389368666259,0.768317888,0.963179902051019,0.978183544881587,0.368165561693298,23.1466360545803,46.2932721091607,0.0462932721091607,4.62932721091607e-05,4.62932721091607e-08,0.0161628745796722,NA,NA,NA
"FieldBlank4B_B",25,0,"Konza4","Blank","FieldBlank","CW/KOH",20250330,NA,"LL","1000x",NA,NA,"FieldBlank4B","K4_D",NA,NA,NA,NA,NA,4,NA,0,0,0,0,0,0,0.0625,0,0,NA,0,NA,NA,244.172872456846,244.1118395425,592.6388621869,146.161379310345,155.0425,308.085,278.877155172414,303.425,578.415,20.7152777777778,20.5555555555556,22.2222222222222,12.2222222222222,27.6,28,26,29,4.32319476271773,4.25978414847026,4.61522109314314,2.62820125297068,37520.2,11152.425,2789.4,267.2825,57.7325,32.2,51892.025,52163.775,52217.575,52271.375,"Hazardous","Low",22.778470492887,20.238029895,81.0226656961431,0.768317888,44.1497946392527,72.56262205,1.32389368666259,0.768317888,0.963179902051019,0.978183544881587,0.368165561693298,23.1466360545803,46.2932721091607,0.0462932721091607,4.62932721091607e-05,4.62932721091607e-08,0.0161628745796722,NA,NA,NA
"FieldBlank4B_B",26,0,"Konza4","Blank","FieldBlank","CW/KOH",20250330,NA,"LL","1000x",NA,NA,"FieldBlank4B","K4_D",NA,NA,NA,NA,NA,4,NA,0,0,0,0,0,0,0.0625,0,0,NA,0,NA,NA,244.172872456846,244.1118395425,592.6388621869,146.161379310345,155.0425,308.085,278.877155172414,303.425,578.415,20.7152777777778,20.5555555555556,22.2222222222222,12.2222222222222,27.6,28,26,29,4.32319476271773,4.25978414847026,4.61522109314314,2.62820125297068,37520.2,11152.425,2789.4,267.2825,57.7325,32.2,51892.025,52163.775,52217.575,52271.375,"Hazardous","Low",22.778470492887,20.238029895,81.0226656961431,0.768317888,44.1497946392527,72.56262205,1.32389368666259,0.768317888,0.963179902051019,0.978183544881587,0.368165561693298,23.1466360545803,46.2932721091607,0.0462932721091607,4.62932721091607e-05,4.62932721091607e-08,0.0161628745796722,NA,NA,NA
"FieldBlank4B_B",27,0,"Konza4","Blank","FieldBlank","CW/KOH",20250330,NA,"LL","1000x",NA,NA,"FieldBlank4B","K4_D",NA,NA,NA,NA,NA,4,NA,0,0,0,0,0,0,0.0625,0,0,NA,0,NA,NA,244.172872456846,244.1118395425,592.6388621869,146.161379310345,155.0425,308.085,278.877155172414,303.425,578.415,20.7152777777778,20.5555555555556,22.2222222222222,12.2222222222222,27.6,28,26,29,4.32319476271773,4.25978414847026,4.61522109314314,2.62820125297068,37520.2,11152.425,2789.4,267.2825,57.7325,32.2,51892.025,52163.775,52217.575,52271.375,"Hazardous","Low",22.778470492887,20.238029895,81.0226656961431,0.768317888,44.1497946392527,72.56262205,1.32389368666259,0.768317888,0.963179902051019,0.978183544881587,0.368165561693298,23.1466360545803,46.2932721091607,0.0462932721091607,4.62932721091607e-05,4.62932721091607e-08,0.0161628745796722,NA,NA,NA
"FieldBlank4B_B",28,0,"Konza4","Blank","FieldBlank","CW/KOH",20250330,NA,"LL","1000x",NA,NA,"FieldBlank4B","K4_D",NA,NA,NA,NA,NA,4,NA,0,0,0,0,0,0,0.0625,0,0,NA,0,NA,NA,244.172872456846,244.1118395425,592.6388621869,146.161379310345,155.0425,308.085,278.877155172414,303.425,578.415,20.7152777777778,20.5555555555556,22.2222222222222,12.2222222222222,27.6,28,26,29,4.32319476271773,4.25978414847026,4.61522109314314,2.62820125297068,37520.2,11152.425,2789.4,267.2825,57.7325,32.2,51892.025,52163.775,52217.575,52271.375,"Hazardous","Low",22.778470492887,20.238029895,81.0226656961431,0.768317888,44.1497946392527,72.56262205,1.32389368666259,0.768317888,0.963179902051019,0.978183544881587,0.368165561693298,23.1466360545803,46.2932721091607,0.0462932721091607,4.62932721091607e-05,4.62932721091607e-08,0.0161628745796722,NA,NA,NA
"FieldBlank4B_B",29,0,"Konza4","Blank","FieldBlank","CW/KOH",20250330,NA,"LL","1000x",NA,NA,"FieldBlank4B","K4_D",NA,NA,NA,NA,NA,4,NA,0,0,0,0,0,0,0.0625,0,0,NA,0,NA,NA,244.172872456846,244.1118395425,592.6388621869,146.161379310345,155.0425,308.085,278.877155172414,303.425,578.415,20.7152777777778,20.5555555555556,22.2222222222222,12.2222222222222,27.6,28,26,29,4.32319476271773,4.25978414847026,4.61522109314314,2.62820125297068,37520.2,11152.425,2789.4,267.2825,57.7325,32.2,51892.025,52163.775,52217.575,52271.375,"Hazardous","Low",22.778470492887,20.238029895,81.0226656961431,0.768317888,44.1497946392527,72.56262205,1.32389368666259,0.768317888,0.963179902051019,0.978183544881587,0.368165561693298,23.1466360545803,46.2932721091607,0.0462932721091607,4.62932721091607e-05,4.62932721091607e-08,0.0161628745796722,NA,NA,NA
"FieldBlank4B_B",30,0,"Konza4","Blank","FieldBlank","CW/KOH",20250330,NA,"LL","1000x",NA,NA,"FieldBlank4B","K4_D",NA,NA,NA,NA,NA,4,NA,0,0,0,0,0,0,0.0625,0,0,NA,0,NA,NA,244.172872456846,244.1118395425,592.6388621869,146.161379310345,155.0425,308.085,278.877155172414,303.425,578.415,20.7152777777778,20.5555555555556,22.2222222222222,12.2222222222222,27.6,28,26,29,4.32319476271773,4.25978414847026,4.61522109314314,2.62820125297068,37520.2,11152.425,2789.4,267.2825,57.7325,32.2,51892.025,52163.775,52217.575,52271.375,"Hazardous","Low",22.778470492887,20.238029895,81.0226656961431,0.768317888,44.1497946392527,72.56262205,1.32389368666259,0.768317888,0.963179902051019,0.978183544881587,0.368165561693298,23.1466360545803,46.2932721091607,0.0462932721091607,4.62932721091607e-05,4.62932721091607e-08,0.0161628745796722,NA,NA,NA
"FieldBlank4B_B",31,0,"Konza4","Blank","FieldBlank","CW/KOH",20250330,NA,"LL","1000x",NA,NA,"FieldBlank4B","K4_D",NA,NA,NA,NA,NA,4,NA,0,0,0,0,0,0,0.0625,0,0,NA,0,NA,NA,244.172872456846,244.1118395425,592.6388621869,146.161379310345,155.0425,308.085,278.877155172414,303.425,578.415,20.7152777777778,20.5555555555556,22.2222222222222,12.2222222222222,27.6,28,26,29,4.32319476271773,4.25978414847026,4.61522109314314,2.62820125297068,37520.2,11152.425,2789.4,267.2825,57.7325,32.2,51892.025,52163.775,52217.575,52271.375,"Hazardous","Low",22.778470492887,20.238029895,81.0226656961431,0.768317888,44.1497946392527,72.56262205,1.32389368666259,0.768317888,0.963179902051019,0.978183544881587,0.368165561693298,23.1466360545803,46.2932721091607,0.0462932721091607,4.62932721091607e-05,4.62932721091607e-08,0.0161628745796722,NA,NA,NA
"FieldBlank4B_B",32,0,"Konza4","Blank","FieldBlank","CW/KOH",20250330,NA,"LL","1000x",NA,NA,"FieldBlank4B","K4_D",NA,NA,NA,NA,NA,4,NA,0,0,0,0,0,0,0.0625,0,0,NA,0,NA,NA,244.172872456846,244.1118395425,592.6388621869,146.161379310345,155.0425,308.085,278.877155172414,303.425,578.415,20.7152777777778,20.5555555555556,22.2222222222222,12.2222222222222,27.6,28,26,29,4.32319476271773,4.25978414847026,4.61522109314314,2.62820125297068,37520.2,11152.425,2789.4,267.2825,57.7325,32.2,51892.025,52163.775,52217.575,52271.375,"Hazardous","Low",22.778470492887,20.238029895,81.0226656961431,0.768317888,44.1497946392527,72.56262205,1.32389368666259,0.768317888,0.963179902051019,0.978183544881587,0.368165561693298,23.1466360545803,46.2932721091607,0.0462932721091607,4.62932721091607e-05,4.62932721091607e-08,0.0161628745796722,NA,NA,NA
"FieldBlank4B_B",33,0,"Konza4","Blank","FieldBlank","CW/KOH",20250330,NA,"LL","1000x",NA,NA,"FieldBlank4B","K4_D",NA,NA,NA,NA,NA,4,NA,0,0,0,0,0,0,0.0625,0,0,NA,0,NA,NA,244.172872456846,244.1118395425,592.6388621869,146.161379310345,155.0425,308.085,278.877155172414,303.425,578.415,20.7152777777778,20.5555555555556,22.2222222222222,12.2222222222222,27.6,28,26,29,4.32319476271773,4.25978414847026,4.61522109314314,2.62820125297068,37520.2,11152.425,2789.4,267.2825,57.7325,32.2,51892.025,52163.775,52217.575,52271.375,"Hazardous","Low",22.778470492887,20.238029895,81.0226656961431,0.768317888,44.1497946392527,72.56262205,1.32389368666259,0.768317888,0.963179902051019,0.978183544881587,0.368165561693298,23.1466360545803,46.2932721091607,0.0462932721091607,4.62932721091607e-05,4.62932721091607e-08,0.0161628745796722,NA,NA,NA
"FieldBlank4B_B",34,0,"Konza4","Blank","FieldBlank","CW/KOH",20250330,NA,"LL","1000x",NA,NA,"FieldBlank4B","K4_D",NA,NA,NA,NA,NA,4,NA,0,0,0,0,0,0,0.0625,0,0,NA,0,NA,NA,244.172872456846,244.1118395425,592.6388621869,146.161379310345,155.0425,308.085,278.877155172414,303.425,578.415,20.7152777777778,20.5555555555556,22.2222222222222,12.2222222222222,27.6,28,26,29,4.32319476271773,4.25978414847026,4.61522109314314,2.62820125297068,37520.2,11152.425,2789.4,267.2825,57.7325,32.2,51892.025,52163.775,52217.575,52271.375,"Hazardous","Low",22.778470492887,20.238029895,81.0226656961431,0.768317888,44.1497946392527,72.56262205,1.32389368666259,0.768317888,0.963179902051019,0.978183544881587,0.368165561693298,23.1466360545803,46.2932721091607,0.0462932721091607,4.62932721091607e-05,4.62932721091607e-08,0.0161628745796722,NA,NA,NA
"FieldBlank4B_B",35,0,"Konza4","Blank","FieldBlank","CW/KOH",20250330,NA,"LL","1000x",NA,NA,"FieldBlank4B","K4_D",NA,NA,NA,NA,NA,4,NA,0,0,0,0,0,0,0.0625,0,0,NA,0,NA,NA,244.172872456846,244.1118395425,592.6388621869,146.161379310345,155.0425,308.085,278.877155172414,303.425,578.415,20.7152777777778,20.5555555555556,22.2222222222222,12.2222222222222,27.6,28,26,29,4.32319476271773,4.25978414847026,4.61522109314314,2.62820125297068,37520.2,11152.425,2789.4,267.2825,57.7325,32.2,51892.025,52163.775,52217.575,52271.375,"Hazardous","Low",22.778470492887,20.238029895,81.0226656961431,0.768317888,44.1497946392527,72.56262205,1.32389368666259,0.768317888,0.963179902051019,0.978183544881587,0.368165561693298,23.1466360545803,46.2932721091607,0.0462932721091607,4.62932721091607e-05,4.62932721091607e-08,0.0161628745796722,NA,NA,NA
"FieldBlank4B_B",36,0,"Konza4","Blank","FieldBlank","CW/KOH",20250330,NA,"LL","1000x",NA,NA,"FieldBlank4B","K4_D",NA,NA,NA,NA,NA,4,NA,0,0,0,0,0,0,0.0625,0,0,NA,0,NA,NA,244.172872456846,244.1118395425,592.6388621869,146.161379310345,155.0425,308.085,278.877155172414,303.425,578.415,20.7152777777778,20.5555555555556,22.2222222222222,12.2222222222222,27.6,28,26,29,4.32319476271773,4.25978414847026,4.61522109314314,2.62820125297068,37520.2,11152.425,2789.4,267.2825,57.7325,32.2,51892.025,52163.775,52217.575,52271.375,"Hazardous","Low",22.778470492887,20.238029895,81.0226656961431,0.768317888,44.1497946392527,72.56262205,1.32389368666259,0.768317888,0.963179902051019,0.978183544881587,0.368165561693298,23.1466360545803,46.2932721091607,0.0462932721091607,4.62932721091607e-05,4.62932721091607e-08,0.0161628745796722,NA,NA,NA
"FieldBlank4B_B",37,0,"Konza4","Blank","FieldBlank","CW/KOH",20250330,NA,"LL","1000x",NA,NA,"FieldBlank4B","K4_D",NA,NA,NA,NA,NA,4,NA,0,0,0,0,0,0,0.0625,0,0,NA,0,NA,NA,244.172872456846,244.1118395425,592.6388621869,146.161379310345,155.0425,308.085,278.877155172414,303.425,578.415,20.7152777777778,20.5555555555556,22.2222222222222,12.2222222222222,27.6,28,26,29,4.32319476271773,4.25978414847026,4.61522109314314,2.62820125297068,37520.2,11152.425,2789.4,267.2825,57.7325,32.2,51892.025,52163.775,52217.575,52271.375,"Hazardous","Low",22.778470492887,20.238029895,81.0226656961431,0.768317888,44.1497946392527,72.56262205,1.32389368666259,0.768317888,0.963179902051019,0.978183544881587,0.368165561693298,23.1466360545803,46.2932721091607,0.0462932721091607,4.62932721091607e-05,4.62932721091607e-08,0.0161628745796722,NA,NA,NA
"FieldBlank4B_B",38,0,"Konza4","Blank","FieldBlank","CW/KOH",20250330,NA,"LL","1000x",NA,NA,"FieldBlank4B","K4_D",NA,NA,NA,NA,NA,4,NA,0,0,0,0,0,0,0.0625,0,0,NA,0,NA,NA,244.172872456846,244.1118395425,592.6388621869,146.161379310345,155.0425,308.085,278.877155172414,303.425,578.415,20.7152777777778,20.5555555555556,22.2222222222222,12.2222222222222,27.6,28,26,29,4.32319476271773,4.25978414847026,4.61522109314314,2.62820125297068,37520.2,11152.425,2789.4,267.2825,57.7325,32.2,51892.025,52163.775,52217.575,52271.375,"Hazardous","Low",22.778470492887,20.238029895,81.0226656961431,0.768317888,44.1497946392527,72.56262205,1.32389368666259,0.768317888,0.963179902051019,0.978183544881587,0.368165561693298,23.1466360545803,46.2932721091607,0.0462932721091607,4.62932721091607e-05,4.62932721091607e-08,0.0161628745796722,NA,NA,NA
"FieldBlank4B_B",39,0,"Konza4","Blank","FieldBlank","CW/KOH",20250330,NA,"LL","1000x",NA,NA,"FieldBlank4B","K4_D",NA,NA,NA,NA,NA,4,NA,0,0,0,0,0,0,0.0625,0,0,NA,0,NA,NA,244.172872456846,244.1118395425,592.6388621869,146.161379310345,155.0425,308.085,278.877155172414,303.425,578.415,20.7152777777778,20.5555555555556,22.2222222222222,12.2222222222222,27.6,28,26,29,4.32319476271773,4.25978414847026,4.61522109314314,2.62820125297068,37520.2,11152.425,2789.4,267.2825,57.7325,32.2,51892.025,52163.775,52217.575,52271.375,"Hazardous","Low",22.778470492887,20.238029895,81.0226656961431,0.768317888,44.1497946392527,72.56262205,1.32389368666259,0.768317888,0.963179902051019,0.978183544881587,0.368165561693298,23.1466360545803,46.2932721091607,0.0462932721091607,4.62932721091607e-05,4.62932721091607e-08,0.0161628745796722,NA,NA,NA
"FieldBlank4B_B",40,0,"Konza4","Blank","FieldBlank","CW/KOH",20250330,NA,"LL","1000x",NA,NA,"FieldBlank4B","K4_D",NA,NA,NA,NA,NA,4,NA,0,0,0,0,0,0,0.0625,0,0,NA,0,NA,NA,244.172872456846,244.1118395425,592.6388621869,146.161379310345,155.0425,308.085,278.877155172414,303.425,578.415,20.7152777777778,20.5555555555556,22.2222222222222,12.2222222222222,27.6,28,26,29,4.32319476271773,4.25978414847026,4.61522109314314,2.62820125297068,37520.2,11152.425,2789.4,267.2825,57.7325,32.2,51892.025,52163.775,52217.575,52271.375,"Hazardous","Low",22.778470492887,20.238029895,81.0226656961431,0.768317888,44.1497946392527,72.56262205,1.32389368666259,0.768317888,0.963179902051019,0.978183544881587,0.368165561693298,23.1466360545803,46.2932721091607,0.0462932721091607,4.62932721091607e-05,4.62932721091607e-08,0.0161628745796722,NA,NA,NA
"LabBlank_B_20250329",1,0,"Konza4","Blank","LabBlank","CW/KOH",20250329,NA,"LL","1000x",NA,NA,"LabBlank_B_20250329","K4_D",NA,NA,NA,NA,NA,20250329,NA,0,0,0,0,0,0,0.0625,0,0,NA,0,NA,NA,NA,NA,NA,NA,NA,NA,NA,NA,NA,NA,NA,NA,NA,NA,NA,NA,NA,NA,NA,NA,NA,NA,NA,NA,NA,NA,NA,NA,NA,NA,NA,NA,NA,NA,NA,NA,NA,NA,NA,NA,NA,NA,NA,NA,NA,NA,NA,NA,NA,NA,NA,NA,NA
"LabBlank_B_20250329",2,0,"Konza4","Blank","LabBlank","CW/KOH",20250329,NA,"LL","1000x",NA,NA,"LabBlank_B_20250329","K4_D",NA,NA,NA,NA,NA,20250329,NA,0,0,0,0,0,0,0.0625,0,0,NA,0,NA,NA,NA,NA,NA,NA,NA,NA,NA,NA,NA,NA,NA,NA,NA,NA,NA,NA,NA,NA,NA,NA,NA,NA,NA,NA,NA,NA,NA,NA,NA,NA,NA,NA,NA,NA,NA,NA,NA,NA,NA,NA,NA,NA,NA,NA,NA,NA,NA,NA,NA,NA,NA,NA,NA
"LabBlank_B_20250329",3,0,"Konza4","Blank","LabBlank","CW/KOH",20250329,NA,"LL","1000x",NA,NA,"LabBlank_B_20250329","K4_D",NA,NA,NA,NA,NA,20250329,NA,0,0,0,0,0,0,0.0625,0,0,NA,0,NA,NA,NA,NA,NA,NA,NA,NA,NA,NA,NA,NA,NA,NA,NA,NA,NA,NA,NA,NA,NA,NA,NA,NA,NA,NA,NA,NA,NA,NA,NA,NA,NA,NA,NA,NA,NA,NA,NA,NA,NA,NA,NA,NA,NA,NA,NA,NA,NA,NA,NA,NA,NA,NA,NA
"LabBlank_B_20250329",4,0,"Konza4","Blank","LabBlank","CW/KOH",20250329,NA,"LL","1000x",NA,NA,"LabBlank_B_20250329","K4_D",NA,NA,NA,NA,NA,20250329,NA,0,0,0,0,0,0,0.0625,0,0,NA,0,NA,NA,NA,NA,NA,NA,NA,NA,NA,NA,NA,NA,NA,NA,NA,NA,NA,NA,NA,NA,NA,NA,NA,NA,NA,NA,NA,NA,NA,NA,NA,NA,NA,NA,NA,NA,NA,NA,NA,NA,NA,NA,NA,NA,NA,NA,NA,NA,NA,NA,NA,NA,NA,NA,NA
"LabBlank_B_20250329",5,0,"Konza4","Blank","LabBlank","CW/KOH",20250329,NA,"LL","1000x",NA,NA,"LabBlank_B_20250329","K4_D",NA,NA,NA,NA,NA,20250329,NA,0,0,0,0,0,0,0.0625,0,0,NA,0,NA,NA,NA,NA,NA,NA,NA,NA,NA,NA,NA,NA,NA,NA,NA,NA,NA,NA,NA,NA,NA,NA,NA,NA,NA,NA,NA,NA,NA,NA,NA,NA,NA,NA,NA,NA,NA,NA,NA,NA,NA,NA,NA,NA,NA,NA,NA,NA,NA,NA,NA,NA,NA,NA,NA
"LabBlank_B_20250329",6,0,"Konza4","Blank","LabBlank","CW/KOH",20250329,NA,"LL","1000x",NA,NA,"LabBlank_B_20250329","K4_D",NA,NA,NA,NA,NA,20250329,NA,0,0,0,0,0,0,0.0625,0,0,NA,0,NA,NA,NA,NA,NA,NA,NA,NA,NA,NA,NA,NA,NA,NA,NA,NA,NA,NA,NA,NA,NA,NA,NA,NA,NA,NA,NA,NA,NA,NA,NA,NA,NA,NA,NA,NA,NA,NA,NA,NA,NA,NA,NA,NA,NA,NA,NA,NA,NA,NA,NA,NA,NA,NA,NA
"LabBlank_B_20250329",7,0,"Konza4","Blank","LabBlank","CW/KOH",20250329,NA,"LL","1000x",NA,NA,"LabBlank_B_20250329","K4_D",NA,NA,NA,NA,NA,20250329,NA,0,0,0,0,0,0,0.0625,0,0,NA,0,NA,NA,NA,NA,NA,NA,NA,NA,NA,NA,NA,NA,NA,NA,NA,NA,NA,NA,NA,NA,NA,NA,NA,NA,NA,NA,NA,NA,NA,NA,NA,NA,NA,NA,NA,NA,NA,NA,NA,NA,NA,NA,NA,NA,NA,NA,NA,NA,NA,NA,NA,NA,NA,NA,NA
"LabBlank_B_20250329",8,0,"Konza4","Blank","LabBlank","CW/KOH",20250329,NA,"LL","1000x",NA,NA,"LabBlank_B_20250329","K4_D",NA,NA,NA,NA,NA,20250329,NA,0,0,0,0,0,0,0.0625,0,0,NA,0,NA,NA,NA,NA,NA,NA,NA,NA,NA,NA,NA,NA,NA,NA,NA,NA,NA,NA,NA,NA,NA,NA,NA,NA,NA,NA,NA,NA,NA,NA,NA,NA,NA,NA,NA,NA,NA,NA,NA,NA,NA,NA,NA,NA,NA,NA,NA,NA,NA,NA,NA,NA,NA,NA,NA
"LabBlank_B_20250329",9,0,"Konza4","Blank","LabBlank","CW/KOH",20250329,NA,"LL","1000x",NA,NA,"LabBlank_B_20250329","K4_D",NA,NA,NA,NA,NA,20250329,NA,0,0,0,0,0,0,0.0625,0,0,NA,0,NA,NA,NA,NA,NA,NA,NA,NA,NA,NA,NA,NA,NA,NA,NA,NA,NA,NA,NA,NA,NA,NA,NA,NA,NA,NA,NA,NA,NA,NA,NA,NA,NA,NA,NA,NA,NA,NA,NA,NA,NA,NA,NA,NA,NA,NA,NA,NA,NA,NA,NA,NA,NA,NA,NA
"LabBlank_B_20250329",10,0,"Konza4","Blank","LabBlank","CW/KOH",20250329,NA,"LL","1000x",NA,NA,"LabBlank_B_20250329","K4_D",NA,NA,NA,NA,NA,20250329,NA,0,0,0,0,0,0,0.0625,0,0,NA,0,NA,NA,NA,NA,NA,NA,NA,NA,NA,NA,NA,NA,NA,NA,NA,NA,NA,NA,NA,NA,NA,NA,NA,NA,NA,NA,NA,NA,NA,NA,NA,NA,NA,NA,NA,NA,NA,NA,NA,NA,NA,NA,NA,NA,NA,NA,NA,NA,NA,NA,NA,NA,NA,NA,NA
"LabBlank_B_20250329",11,0,"Konza4","Blank","LabBlank","CW/KOH",20250329,NA,"LL","1000x",NA,NA,"LabBlank_B_20250329","K4_D",NA,NA,NA,NA,NA,20250329,NA,0,0,0,0,0,0,0.0625,0,0,NA,0,NA,NA,NA,NA,NA,NA,NA,NA,NA,NA,NA,NA,NA,NA,NA,NA,NA,NA,NA,NA,NA,NA,NA,NA,NA,NA,NA,NA,NA,NA,NA,NA,NA,NA,NA,NA,NA,NA,NA,NA,NA,NA,NA,NA,NA,NA,NA,NA,NA,NA,NA,NA,NA,NA,NA
"LabBlank_B_20250329",12,0,"Konza4","Blank","LabBlank","CW/KOH",20250329,NA,"LL","1000x",NA,NA,"LabBlank_B_20250329","K4_D",NA,NA,NA,NA,NA,20250329,NA,0,0,0,0,0,0,0.0625,0,0,NA,0,NA,NA,NA,NA,NA,NA,NA,NA,NA,NA,NA,NA,NA,NA,NA,NA,NA,NA,NA,NA,NA,NA,NA,NA,NA,NA,NA,NA,NA,NA,NA,NA,NA,NA,NA,NA,NA,NA,NA,NA,NA,NA,NA,NA,NA,NA,NA,NA,NA,NA,NA,NA,NA,NA,NA
"LabBlank_B_20250329",13,0,"Konza4","Blank","LabBlank","CW/KOH",20250329,NA,"LL","1000x",NA,NA,"LabBlank_B_20250329","K4_D",NA,NA,NA,NA,NA,20250329,NA,0,0,0,0,0,0,0.0625,0,0,NA,0,NA,NA,NA,NA,NA,NA,NA,NA,NA,NA,NA,NA,NA,NA,NA,NA,NA,NA,NA,NA,NA,NA,NA,NA,NA,NA,NA,NA,NA,NA,NA,NA,NA,NA,NA,NA,NA,NA,NA,NA,NA,NA,NA,NA,NA,NA,NA,NA,NA,NA,NA,NA,NA,NA,NA
"LabBlank_B_20250329",14,0,"Konza4","Blank","LabBlank","CW/KOH",20250329,NA,"LL","1000x",NA,NA,"LabBlank_B_20250329","K4_D",NA,NA,NA,NA,NA,20250329,NA,0,0,0,0,0,0,0.0625,0,0,NA,0,NA,NA,NA,NA,NA,NA,NA,NA,NA,NA,NA,NA,NA,NA,NA,NA,NA,NA,NA,NA,NA,NA,NA,NA,NA,NA,NA,NA,NA,NA,NA,NA,NA,NA,NA,NA,NA,NA,NA,NA,NA,NA,NA,NA,NA,NA,NA,NA,NA,NA,NA,NA,NA,NA,NA
"LabBlank_B_20250329",15,0,"Konza4","Blank","LabBlank","CW/KOH",20250329,NA,"LL","1000x",NA,NA,"LabBlank_B_20250329","K4_D",NA,NA,NA,NA,NA,20250329,NA,0,0,0,0,0,0,0.0625,0,0,NA,0,NA,NA,NA,NA,NA,NA,NA,NA,NA,NA,NA,NA,NA,NA,NA,NA,NA,NA,NA,NA,NA,NA,NA,NA,NA,NA,NA,NA,NA,NA,NA,NA,NA,NA,NA,NA,NA,NA,NA,NA,NA,NA,NA,NA,NA,NA,NA,NA,NA,NA,NA,NA,NA,NA,NA
"LabBlank_B_20250329",16,0,"Konza4","Blank","LabBlank","CW/KOH",20250329,NA,"LL","1000x",NA,NA,"LabBlank_B_20250329","K4_D",NA,NA,NA,NA,NA,20250329,NA,0,0,0,0,0,0,0.0625,0,0,NA,0,NA,NA,NA,NA,NA,NA,NA,NA,NA,NA,NA,NA,NA,NA,NA,NA,NA,NA,NA,NA,NA,NA,NA,NA,NA,NA,NA,NA,NA,NA,NA,NA,NA,NA,NA,NA,NA,NA,NA,NA,NA,NA,NA,NA,NA,NA,NA,NA,NA,NA,NA,NA,NA,NA,NA
"LabBlank_B_20250329",17,0,"Konza4","Blank","LabBlank","CW/KOH",20250329,NA,"LL","1000x",NA,NA,"LabBlank_B_20250329","K4_D",NA,NA,NA,NA,NA,20250329,NA,0,0,0,0,0,0,0.0625,0,0,NA,0,NA,NA,NA,NA,NA,NA,NA,NA,NA,NA,NA,NA,NA,NA,NA,NA,NA,NA,NA,NA,NA,NA,NA,NA,NA,NA,NA,NA,NA,NA,NA,NA,NA,NA,NA,NA,NA,NA,NA,NA,NA,NA,NA,NA,NA,NA,NA,NA,NA,NA,NA,NA,NA,NA,NA
"LabBlank_B_20250329",18,0,"Konza4","Blank","LabBlank","CW/KOH",20250329,NA,"LL","1000x",NA,NA,"LabBlank_B_20250329","K4_D",NA,NA,NA,NA,NA,20250329,NA,0,0,0,0,0,0,0.0625,0,0,NA,0,NA,NA,NA,NA,NA,NA,NA,NA,NA,NA,NA,NA,NA,NA,NA,NA,NA,NA,NA,NA,NA,NA,NA,NA,NA,NA,NA,NA,NA,NA,NA,NA,NA,NA,NA,NA,NA,NA,NA,NA,NA,NA,NA,NA,NA,NA,NA,NA,NA,NA,NA,NA,NA,NA,NA
"LabBlank_B_20250329",19,0,"Konza4","Blank","LabBlank","CW/KOH",20250329,NA,"LL","1000x",NA,NA,"LabBlank_B_20250329","K4_D",NA,NA,NA,NA,NA,20250329,NA,0,0,0,0,0,0,0.0625,0,0,NA,0,NA,NA,NA,NA,NA,NA,NA,NA,NA,NA,NA,NA,NA,NA,NA,NA,NA,NA,NA,NA,NA,NA,NA,NA,NA,NA,NA,NA,NA,NA,NA,NA,NA,NA,NA,NA,NA,NA,NA,NA,NA,NA,NA,NA,NA,NA,NA,NA,NA,NA,NA,NA,NA,NA,NA
"LabBlank_B_20250329",20,0,"Konza4","Blank","LabBlank","CW/KOH",20250329,NA,"LL","1000x",NA,NA,"LabBlank_B_20250329","K4_D",NA,NA,NA,NA,NA,20250329,NA,0,0,0,0,0,0,0.0625,0,0,NA,0,NA,NA,NA,NA,NA,NA,NA,NA,NA,NA,NA,NA,NA,NA,NA,NA,NA,NA,NA,NA,NA,NA,NA,NA,NA,NA,NA,NA,NA,NA,NA,NA,NA,NA,NA,NA,NA,NA,NA,NA,NA,NA,NA,NA,NA,NA,NA,NA,NA,NA,NA,NA,NA,NA,NA
"LabBlank_B_20250329",21,0,"Konza4","Blank","LabBlank","CW/KOH",20250329,NA,"LL","1000x",NA,NA,"LabBlank_B_20250329","K4_D",NA,NA,NA,NA,NA,20250329,NA,0,0,0,0,0,0,0.0625,0,0,NA,0,NA,NA,NA,NA,NA,NA,NA,NA,NA,NA,NA,NA,NA,NA,NA,NA,NA,NA,NA,NA,NA,NA,NA,NA,NA,NA,NA,NA,NA,NA,NA,NA,NA,NA,NA,NA,NA,NA,NA,NA,NA,NA,NA,NA,NA,NA,NA,NA,NA,NA,NA,NA,NA,NA,NA
"LabBlank_B_20250329",22,0,"Konza4","Blank","LabBlank","CW/KOH",20250329,NA,"LL","1000x",NA,NA,"LabBlank_B_20250329","K4_D",NA,NA,NA,NA,NA,20250329,NA,0,0,0,0,0,0,0.0625,0,0,NA,0,NA,NA,NA,NA,NA,NA,NA,NA,NA,NA,NA,NA,NA,NA,NA,NA,NA,NA,NA,NA,NA,NA,NA,NA,NA,NA,NA,NA,NA,NA,NA,NA,NA,NA,NA,NA,NA,NA,NA,NA,NA,NA,NA,NA,NA,NA,NA,NA,NA,NA,NA,NA,NA,NA,NA
"LabBlank_B_20250329",23,0,"Konza4","Blank","LabBlank","CW/KOH",20250329,NA,"LL","1000x",NA,NA,"LabBlank_B_20250329","K4_D",NA,NA,NA,NA,NA,20250329,NA,0,0,0,0,0,0,0.0625,0,0,NA,0,NA,NA,NA,NA,NA,NA,NA,NA,NA,NA,NA,NA,NA,NA,NA,NA,NA,NA,NA,NA,NA,NA,NA,NA,NA,NA,NA,NA,NA,NA,NA,NA,NA,NA,NA,NA,NA,NA,NA,NA,NA,NA,NA,NA,NA,NA,NA,NA,NA,NA,NA,NA,NA,NA,NA
"LabBlank_B_20250329",24,0,"Konza4","Blank","LabBlank","CW/KOH",20250329,NA,"LL","1000x",NA,NA,"LabBlank_B_20250329","K4_D",NA,NA,NA,NA,NA,20250329,NA,0,0,0,0,0,0,0.0625,0,0,NA,0,NA,NA,NA,NA,NA,NA,NA,NA,NA,NA,NA,NA,NA,NA,NA,NA,NA,NA,NA,NA,NA,NA,NA,NA,NA,NA,NA,NA,NA,NA,NA,NA,NA,NA,NA,NA,NA,NA,NA,NA,NA,NA,NA,NA,NA,NA,NA,NA,NA,NA,NA,NA,NA,NA,NA
"LabBlank_B_20250329",25,0,"Konza4","Blank","LabBlank","CW/KOH",20250329,NA,"LL","1000x",NA,NA,"LabBlank_B_20250329","K4_D",NA,NA,NA,NA,NA,20250329,NA,0,0,0,0,0,0,0.0625,0,0,NA,0,NA,NA,NA,NA,NA,NA,NA,NA,NA,NA,NA,NA,NA,NA,NA,NA,NA,NA,NA,NA,NA,NA,NA,NA,NA,NA,NA,NA,NA,NA,NA,NA,NA,NA,NA,NA,NA,NA,NA,NA,NA,NA,NA,NA,NA,NA,NA,NA,NA,NA,NA,NA,NA,NA,NA
"LabBlank_B_20250329",26,0,"Konza4","Blank","LabBlank","CW/KOH",20250329,NA,"LL","1000x",NA,NA,"LabBlank_B_20250329","K4_D",NA,NA,NA,NA,NA,20250329,NA,0,0,0,0,0,0,0.0625,0,0,NA,0,NA,NA,NA,NA,NA,NA,NA,NA,NA,NA,NA,NA,NA,NA,NA,NA,NA,NA,NA,NA,NA,NA,NA,NA,NA,NA,NA,NA,NA,NA,NA,NA,NA,NA,NA,NA,NA,NA,NA,NA,NA,NA,NA,NA,NA,NA,NA,NA,NA,NA,NA,NA,NA,NA,NA
"LabBlank_B_20250329",27,0,"Konza4","Blank","LabBlank","CW/KOH",20250329,NA,"LL","1000x",NA,NA,"LabBlank_B_20250329","K4_D",NA,NA,NA,NA,NA,20250329,NA,0,0,0,0,0,0,0.0625,0,0,NA,0,NA,NA,NA,NA,NA,NA,NA,NA,NA,NA,NA,NA,NA,NA,NA,NA,NA,NA,NA,NA,NA,NA,NA,NA,NA,NA,NA,NA,NA,NA,NA,NA,NA,NA,NA,NA,NA,NA,NA,NA,NA,NA,NA,NA,NA,NA,NA,NA,NA,NA,NA,NA,NA,NA,NA
"LabBlank_B_20250329",28,0,"Konza4","Blank","LabBlank","CW/KOH",20250329,NA,"LL","1000x",NA,NA,"LabBlank_B_20250329","K4_D",NA,NA,NA,NA,NA,20250329,NA,0,0,0,0,0,0,0.0625,0,0,NA,0,NA,NA,NA,NA,NA,NA,NA,NA,NA,NA,NA,NA,NA,NA,NA,NA,NA,NA,NA,NA,NA,NA,NA,NA,NA,NA,NA,NA,NA,NA,NA,NA,NA,NA,NA,NA,NA,NA,NA,NA,NA,NA,NA,NA,NA,NA,NA,NA,NA,NA,NA,NA,NA,NA,NA
"LabBlank_B_20250329",29,0,"Konza4","Blank","LabBlank","CW/KOH",20250329,NA,"LL","1000x",NA,NA,"LabBlank_B_20250329","K4_D",NA,NA,NA,NA,NA,20250329,NA,0,0,0,0,0,0,0.0625,0,0,NA,0,NA,NA,NA,NA,NA,NA,NA,NA,NA,NA,NA,NA,NA,NA,NA,NA,NA,NA,NA,NA,NA,NA,NA,NA,NA,NA,NA,NA,NA,NA,NA,NA,NA,NA,NA,NA,NA,NA,NA,NA,NA,NA,NA,NA,NA,NA,NA,NA,NA,NA,NA,NA,NA,NA,NA
"LabBlank_B_20250329",30,0,"Konza4","Blank","LabBlank","CW/KOH",20250329,NA,"LL","1000x",NA,NA,"LabBlank_B_20250329","K4_D",NA,NA,NA,NA,NA,20250329,NA,0,0,0,0,0,0,0.0625,0,0,NA,0,NA,NA,NA,NA,NA,NA,NA,NA,NA,NA,NA,NA,NA,NA,NA,NA,NA,NA,NA,NA,NA,NA,NA,NA,NA,NA,NA,NA,NA,NA,NA,NA,NA,NA,NA,NA,NA,NA,NA,NA,NA,NA,NA,NA,NA,NA,NA,NA,NA,NA,NA,NA,NA,NA,NA
"LabBlank_B_20250329",31,0,"Konza4","Blank","LabBlank","CW/KOH",20250329,NA,"LL","1000x",NA,NA,"LabBlank_B_20250329","K4_D",NA,NA,NA,NA,NA,20250329,NA,0,0,0,0,0,0,0.0625,0,0,NA,0,NA,NA,NA,NA,NA,NA,NA,NA,NA,NA,NA,NA,NA,NA,NA,NA,NA,NA,NA,NA,NA,NA,NA,NA,NA,NA,NA,NA,NA,NA,NA,NA,NA,NA,NA,NA,NA,NA,NA,NA,NA,NA,NA,NA,NA,NA,NA,NA,NA,NA,NA,NA,NA,NA,NA
"LabBlank_B_20250329",32,0,"Konza4","Blank","LabBlank","CW/KOH",20250329,NA,"LL","1000x",NA,NA,"LabBlank_B_20250329","K4_D",NA,NA,NA,NA,NA,20250329,NA,0,0,0,0,0,0,0.0625,0,0,NA,0,NA,NA,NA,NA,NA,NA,NA,NA,NA,NA,NA,NA,NA,NA,NA,NA,NA,NA,NA,NA,NA,NA,NA,NA,NA,NA,NA,NA,NA,NA,NA,NA,NA,NA,NA,NA,NA,NA,NA,NA,NA,NA,NA,NA,NA,NA,NA,NA,NA,NA,NA,NA,NA,NA,NA
"LabBlank_B_20250329",33,0,"Konza4","Blank","LabBlank","CW/KOH",20250329,NA,"LL","1000x",NA,NA,"LabBlank_B_20250329","K4_D",NA,NA,NA,NA,NA,20250329,NA,0,0,0,0,0,0,0.0625,0,0,NA,0,NA,NA,NA,NA,NA,NA,NA,NA,NA,NA,NA,NA,NA,NA,NA,NA,NA,NA,NA,NA,NA,NA,NA,NA,NA,NA,NA,NA,NA,NA,NA,NA,NA,NA,NA,NA,NA,NA,NA,NA,NA,NA,NA,NA,NA,NA,NA,NA,NA,NA,NA,NA,NA,NA,NA
"LabBlank_B_20250329",34,0,"Konza4","Blank","LabBlank","CW/KOH",20250329,NA,"LL","1000x",NA,NA,"LabBlank_B_20250329","K4_D",NA,NA,NA,NA,NA,20250329,NA,0,0,0,0,0,0,0.0625,0,0,NA,0,NA,NA,NA,NA,NA,NA,NA,NA,NA,NA,NA,NA,NA,NA,NA,NA,NA,NA,NA,NA,NA,NA,NA,NA,NA,NA,NA,NA,NA,NA,NA,NA,NA,NA,NA,NA,NA,NA,NA,NA,NA,NA,NA,NA,NA,NA,NA,NA,NA,NA,NA,NA,NA,NA,NA
"LabBlank_B_20250329",35,0,"Konza4","Blank","LabBlank","CW/KOH",20250329,NA,"LL","1000x",NA,NA,"LabBlank_B_20250329","K4_D",NA,NA,NA,NA,NA,20250329,NA,0,0,0,0,0,0,0.0625,0,0,NA,0,NA,NA,NA,NA,NA,NA,NA,NA,NA,NA,NA,NA,NA,NA,NA,NA,NA,NA,NA,NA,NA,NA,NA,NA,NA,NA,NA,NA,NA,NA,NA,NA,NA,NA,NA,NA,NA,NA,NA,NA,NA,NA,NA,NA,NA,NA,NA,NA,NA,NA,NA,NA,NA,NA,NA
"LabBlank_B_20250329",36,0,"Konza4","Blank","LabBlank","CW/KOH",20250329,NA,"LL","1000x",NA,NA,"LabBlank_B_20250329","K4_D",NA,NA,NA,NA,NA,20250329,NA,0,0,0,0,0,0,0.0625,0,0,NA,0,NA,NA,NA,NA,NA,NA,NA,NA,NA,NA,NA,NA,NA,NA,NA,NA,NA,NA,NA,NA,NA,NA,NA,NA,NA,NA,NA,NA,NA,NA,NA,NA,NA,NA,NA,NA,NA,NA,NA,NA,NA,NA,NA,NA,NA,NA,NA,NA,NA,NA,NA,NA,NA,NA,NA
"LabBlank_B_20250329",37,0,"Konza4","Blank","LabBlank","CW/KOH",20250329,NA,"LL","1000x",NA,NA,"LabBlank_B_20250329","K4_D",NA,NA,NA,NA,NA,20250329,NA,0,0,0,0,0,0,0.0625,0,0,NA,0,NA,NA,NA,NA,NA,NA,NA,NA,NA,NA,NA,NA,NA,NA,NA,NA,NA,NA,NA,NA,NA,NA,NA,NA,NA,NA,NA,NA,NA,NA,NA,NA,NA,NA,NA,NA,NA,NA,NA,NA,NA,NA,NA,NA,NA,NA,NA,NA,NA,NA,NA,NA,NA,NA,NA
"LabBlank_B_20250329",38,0,"Konza4","Blank","LabBlank","CW/KOH",20250329,NA,"LL","1000x",NA,NA,"LabBlank_B_20250329","K4_D",NA,NA,NA,NA,NA,20250329,NA,0,0,0,0,0,0,0.0625,0,0,NA,0,NA,NA,NA,NA,NA,NA,NA,NA,NA,NA,NA,NA,NA,NA,NA,NA,NA,NA,NA,NA,NA,NA,NA,NA,NA,NA,NA,NA,NA,NA,NA,NA,NA,NA,NA,NA,NA,NA,NA,NA,NA,NA,NA,NA,NA,NA,NA,NA,NA,NA,NA,NA,NA,NA,NA
"LabBlank_B_20250329",39,0,"Konza4","Blank","LabBlank","CW/KOH",20250329,NA,"LL","1000x",NA,NA,"LabBlank_B_20250329","K4_D",NA,NA,NA,NA,NA,20250329,NA,0,0,0,0,0,0,0.0625,0,0,NA,0,NA,NA,NA,NA,NA,NA,NA,NA,NA,NA,NA,NA,NA,NA,NA,NA,NA,NA,NA,NA,NA,NA,NA,NA,NA,NA,NA,NA,NA,NA,NA,NA,NA,NA,NA,NA,NA,NA,NA,NA,NA,NA,NA,NA,NA,NA,NA,NA,NA,NA,NA,NA,NA,NA,NA
"LabBlank_B_20250329",40,0,"Konza4","Blank","LabBlank","CW/KOH",20250329,NA,"LL","1000x",NA,NA,"LabBlank_B_20250329","K4_D",NA,NA,NA,NA,NA,20250329,NA,0,0,0,0,0,0,0.0625,0,0,NA,0,NA,NA,NA,NA,NA,NA,NA,NA,NA,NA,NA,NA,NA,NA,NA,NA,NA,NA,NA,NA,NA,NA,NA,NA,NA,NA,NA,NA,NA,NA,NA,NA,NA,NA,NA,NA,NA,NA,NA,NA,NA,NA,NA,NA,NA,NA,NA,NA,NA,NA,NA,NA,NA,NA,NA
"LabBlank_B_20241119",1,0,"Konza4","Blank","LabBlank","CW/KOH",20241119,NA,"LL","1000x",NA,NA,"LabBlank_B_20241119","K4_C",NA,NA,NA,NA,NA,20241119,NA,0.15,1083.75,0.139761942375159,6.98910482467846,0,0,0.2125,0,0,NA,0,NA,NA,NA,NA,NA,NA,NA,NA,NA,NA,NA,NA,NA,NA,NA,NA,NA,NA,NA,NA,NA,NA,NA,NA,NA,NA,NA,NA,NA,NA,NA,NA,NA,NA,NA,NA,NA,NA,NA,NA,NA,NA,NA,NA,NA,NA,NA,NA,NA,NA,NA,NA,NA,NA,NA
"LabBlank_B_20241119",2,2,"Konza4","Blank","LabBlank","CW/KOH",20241119,NA,"LL","1000x",NA,NA,"LabBlank_B_20241119","K4_C",NA,NA,NA,NA,NA,20241119,NA,0.15,1083.75,0.139761942375159,6.98910482467846,1.85,0,0.2125,1.7875,14450,NA,12914.6875,NA,NA,NA,NA,NA,NA,NA,NA,NA,NA,NA,NA,NA,NA,NA,NA,NA,NA,NA,NA,NA,NA,NA,NA,NA,NA,NA,NA,NA,NA,NA,NA,NA,NA,NA,NA,NA,NA,NA,NA,NA,NA,NA,NA,NA,NA,NA,NA,NA,NA,NA,NA,NA,NA,NA
"LabBlank_B_20241119",3,1,"Konza4","Blank","LabBlank","CW/KOH",20241119,NA,"LL","1000x",NA,NA,"LabBlank_B_20241119","K4_C",NA,NA,NA,NA,NA,20241119,NA,0.15,1083.75,0.139761942375159,6.98910482467846,0.85,0,0.2125,0.7875,7225,NA,5689.6875,NA,NA,NA,NA,NA,NA,NA,NA,NA,NA,NA,NA,NA,NA,NA,NA,NA,NA,NA,NA,NA,NA,NA,NA,NA,NA,NA,NA,NA,NA,NA,NA,NA,NA,NA,NA,NA,NA,NA,NA,NA,NA,NA,NA,NA,NA,NA,NA,NA,NA,NA,NA,NA,NA,NA
"LabBlank_B_20241119",4,0,"Konza4","Blank","LabBlank","CW/KOH",20241119,NA,"LL","1000x",NA,NA,"LabBlank_B_20241119","K4_C",NA,NA,NA,NA,NA,20241119,NA,0.15,1083.75,0.139761942375159,6.98910482467846,0,0,0.2125,0,0,NA,0,NA,NA,NA,NA,NA,NA,NA,NA,NA,NA,NA,NA,NA,NA,NA,NA,NA,NA,NA,NA,NA,NA,NA,NA,NA,NA,NA,NA,NA,NA,NA,NA,NA,NA,NA,NA,NA,NA,NA,NA,NA,NA,NA,NA,NA,NA,NA,NA,NA,NA,NA,NA,NA,NA,NA
"LabBlank_B_20241119",5,0,"Konza4","Blank","LabBlank","CW/KOH",20241119,NA,"LL","1000x",NA,NA,"LabBlank_B_20241119","K4_C",NA,NA,NA,NA,NA,20241119,NA,0.15,1083.75,0.139761942375159,6.98910482467846,0,0,0.2125,0,0,NA,0,NA,NA,NA,NA,NA,NA,NA,NA,NA,NA,NA,NA,NA,NA,NA,NA,NA,NA,NA,NA,NA,NA,NA,NA,NA,NA,NA,NA,NA,NA,NA,NA,NA,NA,NA,NA,NA,NA,NA,NA,NA,NA,NA,NA,NA,NA,NA,NA,NA,NA,NA,NA,NA,NA,NA
"LabBlank_B_20241119",6,0,"Konza4","Blank","LabBlank","CW/KOH",20241119,NA,"LL","1000x",NA,NA,"LabBlank_B_20241119","K4_C",NA,NA,NA,NA,NA,20241119,NA,0.15,1083.75,0.139761942375159,6.98910482467846,0,0,0.2125,0,0,NA,0,NA,NA,NA,NA,NA,NA,NA,NA,NA,NA,NA,NA,NA,NA,NA,NA,NA,NA,NA,NA,NA,NA,NA,NA,NA,NA,NA,NA,NA,NA,NA,NA,NA,NA,NA,NA,NA,NA,NA,NA,NA,NA,NA,NA,NA,NA,NA,NA,NA,NA,NA,NA,NA,NA,NA
"LabBlank_B_20241119",7,0,"Konza4","Blank","LabBlank","CW/KOH",20241119,NA,"LL","1000x",NA,NA,"LabBlank_B_20241119","K4_C",NA,NA,NA,NA,NA,20241119,NA,0.15,1083.75,0.139761942375159,6.98910482467846,0,0,0.2125,0,0,NA,0,NA,NA,NA,NA,NA,NA,NA,NA,NA,NA,NA,NA,NA,NA,NA,NA,NA,NA,NA,NA,NA,NA,NA,NA,NA,NA,NA,NA,NA,NA,NA,NA,NA,NA,NA,NA,NA,NA,NA,NA,NA,NA,NA,NA,NA,NA,NA,NA,NA,NA,NA,NA,NA,NA,NA
"LabBlank_B_20241119",8,0,"Konza4","Blank","LabBlank","CW/KOH",20241119,NA,"LL","1000x",NA,NA,"LabBlank_B_20241119","K4_C",NA,NA,NA,NA,NA,20241119,NA,0.15,1083.75,0.139761942375159,6.98910482467846,0,0,0.2125,0,0,NA,0,NA,NA,NA,NA,NA,NA,NA,NA,NA,NA,NA,NA,NA,NA,NA,NA,NA,NA,NA,NA,NA,NA,NA,NA,NA,NA,NA,NA,NA,NA,NA,NA,NA,NA,NA,NA,NA,NA,NA,NA,NA,NA,NA,NA,NA,NA,NA,NA,NA,NA,NA,NA,NA,NA,NA
"LabBlank_B_20241119",9,0,"Konza4","Blank","LabBlank","CW/KOH",20241119,NA,"LL","1000x",NA,NA,"LabBlank_B_20241119","K4_C",NA,NA,NA,NA,NA,20241119,NA,0.15,1083.75,0.139761942375159,6.98910482467846,0,0,0.2125,0,0,NA,0,NA,NA,NA,NA,NA,NA,NA,NA,NA,NA,NA,NA,NA,NA,NA,NA,NA,NA,NA,NA,NA,NA,NA,NA,NA,NA,NA,NA,NA,NA,NA,NA,NA,NA,NA,NA,NA,NA,NA,NA,NA,NA,NA,NA,NA,NA,NA,NA,NA,NA,NA,NA,NA,NA,NA
"LabBlank_B_20241119",10,0,"Konza4","Blank","LabBlank","CW/KOH",20241119,NA,"LL","1000x",NA,NA,"LabBlank_B_20241119","K4_C",NA,NA,NA,NA,NA,20241119,NA,0.15,1083.75,0.139761942375159,6.98910482467846,0,0,0.2125,0,0,NA,0,NA,NA,NA,NA,NA,NA,NA,NA,NA,NA,NA,NA,NA,NA,NA,NA,NA,NA,NA,NA,NA,NA,NA,NA,NA,NA,NA,NA,NA,NA,NA,NA,NA,NA,NA,NA,NA,NA,NA,NA,NA,NA,NA,NA,NA,NA,NA,NA,NA,NA,NA,NA,NA,NA,NA
"LabBlank_B_20241119",11,0,"Konza4","Blank","LabBlank","CW/KOH",20241119,NA,"LL","1000x",NA,NA,"LabBlank_B_20241119","K4_C",NA,NA,NA,NA,NA,20241119,NA,0.15,1083.75,0.139761942375159,6.98910482467846,0,0,0.2125,0,0,NA,0,NA,NA,NA,NA,NA,NA,NA,NA,NA,NA,NA,NA,NA,NA,NA,NA,NA,NA,NA,NA,NA,NA,NA,NA,NA,NA,NA,NA,NA,NA,NA,NA,NA,NA,NA,NA,NA,NA,NA,NA,NA,NA,NA,NA,NA,NA,NA,NA,NA,NA,NA,NA,NA,NA,NA
"LabBlank_B_20241119",12,0,"Konza4","Blank","LabBlank","CW/KOH",20241119,NA,"LL","1000x",NA,NA,"LabBlank_B_20241119","K4_C",NA,NA,NA,NA,NA,20241119,NA,0.15,1083.75,0.139761942375159,6.98910482467846,0,0,0.2125,0,0,NA,0,NA,NA,NA,NA,NA,NA,NA,NA,NA,NA,NA,NA,NA,NA,NA,NA,NA,NA,NA,NA,NA,NA,NA,NA,NA,NA,NA,NA,NA,NA,NA,NA,NA,NA,NA,NA,NA,NA,NA,NA,NA,NA,NA,NA,NA,NA,NA,NA,NA,NA,NA,NA,NA,NA,NA
"LabBlank_B_20241119",13,0,"Konza4","Blank","LabBlank","CW/KOH",20241119,NA,"LL","1000x",NA,NA,"LabBlank_B_20241119","K4_C",NA,NA,NA,NA,NA,20241119,NA,0.15,1083.75,0.139761942375159,6.98910482467846,0,0,0.2125,0,0,NA,0,NA,NA,NA,NA,NA,NA,NA,NA,NA,NA,NA,NA,NA,NA,NA,NA,NA,NA,NA,NA,NA,NA,NA,NA,NA,NA,NA,NA,NA,NA,NA,NA,NA,NA,NA,NA,NA,NA,NA,NA,NA,NA,NA,NA,NA,NA,NA,NA,NA,NA,NA,NA,NA,NA,NA
"LabBlank_B_20241119",14,0,"Konza4","Blank","LabBlank","CW/KOH",20241119,NA,"LL","1000x",NA,NA,"LabBlank_B_20241119","K4_C",NA,NA,NA,NA,NA,20241119,NA,0.15,1083.75,0.139761942375159,6.98910482467846,0,0,0.2125,0,0,NA,0,NA,NA,NA,NA,NA,NA,NA,NA,NA,NA,NA,NA,NA,NA,NA,NA,NA,NA,NA,NA,NA,NA,NA,NA,NA,NA,NA,NA,NA,NA,NA,NA,NA,NA,NA,NA,NA,NA,NA,NA,NA,NA,NA,NA,NA,NA,NA,NA,NA,NA,NA,NA,NA,NA,NA
"LabBlank_B_20241119",15,0,"Konza4","Blank","LabBlank","CW/KOH",20241119,NA,"LL","1000x",NA,NA,"LabBlank_B_20241119","K4_C",NA,NA,NA,NA,NA,20241119,NA,0.15,1083.75,0.139761942375159,6.98910482467846,0,0,0.2125,0,0,NA,0,NA,NA,NA,NA,NA,NA,NA,NA,NA,NA,NA,NA,NA,NA,NA,NA,NA,NA,NA,NA,NA,NA,NA,NA,NA,NA,NA,NA,NA,NA,NA,NA,NA,NA,NA,NA,NA,NA,NA,NA,NA,NA,NA,NA,NA,NA,NA,NA,NA,NA,NA,NA,NA,NA,NA
"LabBlank_B_20241119",16,1,"Konza4","Blank","LabBlank","CW/KOH",20241119,NA,"LL","1000x",NA,NA,"LabBlank_B_20241119","K4_C",NA,NA,NA,NA,NA,20241119,NA,0.15,1083.75,0.139761942375159,6.98910482467846,0.85,0,0.2125,0.7875,7225,NA,5689.6875,NA,NA,NA,NA,NA,NA,NA,NA,NA,NA,NA,NA,NA,NA,NA,NA,NA,NA,NA,NA,NA,NA,NA,NA,NA,NA,NA,NA,NA,NA,NA,NA,NA,NA,NA,NA,NA,NA,NA,NA,NA,NA,NA,NA,NA,NA,NA,NA,NA,NA,NA,NA,NA,NA,NA
"LabBlank_B_20241119",17,0,"Konza4","Blank","LabBlank","CW/KOH",20241119,NA,"LL","1000x",NA,NA,"LabBlank_B_20241119","K4_C",NA,NA,NA,NA,NA,20241119,NA,0.15,1083.75,0.139761942375159,6.98910482467846,0,0,0.2125,0,0,NA,0,NA,NA,NA,NA,NA,NA,NA,NA,NA,NA,NA,NA,NA,NA,NA,NA,NA,NA,NA,NA,NA,NA,NA,NA,NA,NA,NA,NA,NA,NA,NA,NA,NA,NA,NA,NA,NA,NA,NA,NA,NA,NA,NA,NA,NA,NA,NA,NA,NA,NA,NA,NA,NA,NA,NA
"LabBlank_B_20241119",18,0,"Konza4","Blank","LabBlank","CW/KOH",20241119,NA,"LL","1000x",NA,NA,"LabBlank_B_20241119","K4_C",NA,NA,NA,NA,NA,20241119,NA,0.15,1083.75,0.139761942375159,6.98910482467846,0,0,0.2125,0,0,NA,0,NA,NA,NA,NA,NA,NA,NA,NA,NA,NA,NA,NA,NA,NA,NA,NA,NA,NA,NA,NA,NA,NA,NA,NA,NA,NA,NA,NA,NA,NA,NA,NA,NA,NA,NA,NA,NA,NA,NA,NA,NA,NA,NA,NA,NA,NA,NA,NA,NA,NA,NA,NA,NA,NA,NA
"LabBlank_B_20241119",19,0,"Konza4","Blank","LabBlank","CW/KOH",20241119,NA,"LL","1000x",NA,NA,"LabBlank_B_20241119","K4_C",NA,NA,NA,NA,NA,20241119,NA,0.15,1083.75,0.139761942375159,6.98910482467846,0,0,0.2125,0,0,NA,0,NA,NA,NA,NA,NA,NA,NA,NA,NA,NA,NA,NA,NA,NA,NA,NA,NA,NA,NA,NA,NA,NA,NA,NA,NA,NA,NA,NA,NA,NA,NA,NA,NA,NA,NA,NA,NA,NA,NA,NA,NA,NA,NA,NA,NA,NA,NA,NA,NA,NA,NA,NA,NA,NA,NA
"LabBlank_B_20241119",20,0,"Konza4","Blank","LabBlank","CW/KOH",20241119,NA,"LL","1000x",NA,NA,"LabBlank_B_20241119","K4_C",NA,NA,NA,NA,NA,20241119,NA,0.15,1083.75,0.139761942375159,6.98910482467846,0,0,0.2125,0,0,NA,0,NA,NA,NA,NA,NA,NA,NA,NA,NA,NA,NA,NA,NA,NA,NA,NA,NA,NA,NA,NA,NA,NA,NA,NA,NA,NA,NA,NA,NA,NA,NA,NA,NA,NA,NA,NA,NA,NA,NA,NA,NA,NA,NA,NA,NA,NA,NA,NA,NA,NA,NA,NA,NA,NA,NA
"LabBlank_B_20241119",21,0,"Konza4","Blank","LabBlank","CW/KOH",20241119,NA,"LL","1000x",NA,NA,"LabBlank_B_20241119","K4_C",NA,NA,NA,NA,NA,20241119,NA,0.15,1083.75,0.139761942375159,6.98910482467846,0,0,0.2125,0,0,NA,0,NA,NA,NA,NA,NA,NA,NA,NA,NA,NA,NA,NA,NA,NA,NA,NA,NA,NA,NA,NA,NA,NA,NA,NA,NA,NA,NA,NA,NA,NA,NA,NA,NA,NA,NA,NA,NA,NA,NA,NA,NA,NA,NA,NA,NA,NA,NA,NA,NA,NA,NA,NA,NA,NA,NA
"LabBlank_B_20241119",22,0,"Konza4","Blank","LabBlank","CW/KOH",20241119,NA,"LL","1000x",NA,NA,"LabBlank_B_20241119","K4_C",NA,NA,NA,NA,NA,20241119,NA,0.15,1083.75,0.139761942375159,6.98910482467846,0,0,0.2125,0,0,NA,0,NA,NA,NA,NA,NA,NA,NA,NA,NA,NA,NA,NA,NA,NA,NA,NA,NA,NA,NA,NA,NA,NA,NA,NA,NA,NA,NA,NA,NA,NA,NA,NA,NA,NA,NA,NA,NA,NA,NA,NA,NA,NA,NA,NA,NA,NA,NA,NA,NA,NA,NA,NA,NA,NA,NA
"LabBlank_B_20241119",23,1,"Konza4","Blank","LabBlank","CW/KOH",20241119,NA,"LL","1000x",NA,NA,"LabBlank_B_20241119","K4_C",NA,NA,NA,NA,NA,20241119,NA,0.15,1083.75,0.139761942375159,6.98910482467846,0.85,0,0.2125,0.7875,7225,NA,5689.6875,NA,NA,NA,NA,NA,NA,NA,NA,NA,NA,NA,NA,NA,NA,NA,NA,NA,NA,NA,NA,NA,NA,NA,NA,NA,NA,NA,NA,NA,NA,NA,NA,NA,NA,NA,NA,NA,NA,NA,NA,NA,NA,NA,NA,NA,NA,NA,NA,NA,NA,NA,NA,NA,NA,NA
"LabBlank_B_20241119",24,0,"Konza4","Blank","LabBlank","CW/KOH",20241119,NA,"LL","1000x",NA,NA,"LabBlank_B_20241119","K4_C",NA,NA,NA,NA,NA,20241119,NA,0.15,1083.75,0.139761942375159,6.98910482467846,0,0,0.2125,0,0,NA,0,NA,NA,NA,NA,NA,NA,NA,NA,NA,NA,NA,NA,NA,NA,NA,NA,NA,NA,NA,NA,NA,NA,NA,NA,NA,NA,NA,NA,NA,NA,NA,NA,NA,NA,NA,NA,NA,NA,NA,NA,NA,NA,NA,NA,NA,NA,NA,NA,NA,NA,NA,NA,NA,NA,NA
"LabBlank_B_20241119",25,0,"Konza4","Blank","LabBlank","CW/KOH",20241119,NA,"LL","1000x",NA,NA,"LabBlank_B_20241119","K4_C",NA,NA,NA,NA,NA,20241119,NA,0.15,1083.75,0.139761942375159,6.98910482467846,0,0,0.2125,0,0,NA,0,NA,NA,NA,NA,NA,NA,NA,NA,NA,NA,NA,NA,NA,NA,NA,NA,NA,NA,NA,NA,NA,NA,NA,NA,NA,NA,NA,NA,NA,NA,NA,NA,NA,NA,NA,NA,NA,NA,NA,NA,NA,NA,NA,NA,NA,NA,NA,NA,NA,NA,NA,NA,NA,NA,NA
"LabBlank_B_20241119",26,0,"Konza4","Blank","LabBlank","CW/KOH",20241119,NA,"LL","1000x",NA,NA,"LabBlank_B_20241119","K4_C",NA,NA,NA,NA,NA,20241119,NA,0.15,1083.75,0.139761942375159,6.98910482467846,0,0,0.2125,0,0,NA,0,NA,NA,NA,NA,NA,NA,NA,NA,NA,NA,NA,NA,NA,NA,NA,NA,NA,NA,NA,NA,NA,NA,NA,NA,NA,NA,NA,NA,NA,NA,NA,NA,NA,NA,NA,NA,NA,NA,NA,NA,NA,NA,NA,NA,NA,NA,NA,NA,NA,NA,NA,NA,NA,NA,NA
"LabBlank_B_20241119",27,1,"Konza4","Blank","LabBlank","CW/KOH",20241119,NA,"LL","1000x",NA,NA,"LabBlank_B_20241119","K4_C",NA,NA,NA,NA,NA,20241119,NA,0.15,1083.75,0.139761942375159,6.98910482467846,0.85,0,0.2125,0.7875,7225,NA,5689.6875,NA,NA,NA,NA,NA,NA,NA,NA,NA,NA,NA,NA,NA,NA,NA,NA,NA,NA,NA,NA,NA,NA,NA,NA,NA,NA,NA,NA,NA,NA,NA,NA,NA,NA,NA,NA,NA,NA,NA,NA,NA,NA,NA,NA,NA,NA,NA,NA,NA,NA,NA,NA,NA,NA,NA
"LabBlank_B_20241119",28,0,"Konza4","Blank","LabBlank","CW/KOH",20241119,NA,"LL","1000x",NA,NA,"LabBlank_B_20241119","K4_C",NA,NA,NA,NA,NA,20241119,NA,0.15,1083.75,0.139761942375159,6.98910482467846,0,0,0.2125,0,0,NA,0,NA,NA,NA,NA,NA,NA,NA,NA,NA,NA,NA,NA,NA,NA,NA,NA,NA,NA,NA,NA,NA,NA,NA,NA,NA,NA,NA,NA,NA,NA,NA,NA,NA,NA,NA,NA,NA,NA,NA,NA,NA,NA,NA,NA,NA,NA,NA,NA,NA,NA,NA,NA,NA,NA,NA
"LabBlank_B_20241119",29,0,"Konza4","Blank","LabBlank","CW/KOH",20241119,NA,"LL","1000x",NA,NA,"LabBlank_B_20241119","K4_C",NA,NA,NA,NA,NA,20241119,NA,0.15,1083.75,0.139761942375159,6.98910482467846,0,0,0.2125,0,0,NA,0,NA,NA,NA,NA,NA,NA,NA,NA,NA,NA,NA,NA,NA,NA,NA,NA,NA,NA,NA,NA,NA,NA,NA,NA,NA,NA,NA,NA,NA,NA,NA,NA,NA,NA,NA,NA,NA,NA,NA,NA,NA,NA,NA,NA,NA,NA,NA,NA,NA,NA,NA,NA,NA,NA,NA
"LabBlank_B_20241119",30,0,"Konza4","Blank","LabBlank","CW/KOH",20241119,NA,"LL","1000x",NA,NA,"LabBlank_B_20241119","K4_C",NA,NA,NA,NA,NA,20241119,NA,0.15,1083.75,0.139761942375159,6.98910482467846,0,0,0.2125,0,0,NA,0,NA,NA,NA,NA,NA,NA,NA,NA,NA,NA,NA,NA,NA,NA,NA,NA,NA,NA,NA,NA,NA,NA,NA,NA,NA,NA,NA,NA,NA,NA,NA,NA,NA,NA,NA,NA,NA,NA,NA,NA,NA,NA,NA,NA,NA,NA,NA,NA,NA,NA,NA,NA,NA,NA,NA
"LabBlank_B_20241119",31,0,"Konza4","Blank","LabBlank","CW/KOH",20241119,NA,"LL","1000x",NA,NA,"LabBlank_B_20241119","K4_C",NA,NA,NA,NA,NA,20241119,NA,0.15,1083.75,0.139761942375159,6.98910482467846,0,0,0.2125,0,0,NA,0,NA,NA,NA,NA,NA,NA,NA,NA,NA,NA,NA,NA,NA,NA,NA,NA,NA,NA,NA,NA,NA,NA,NA,NA,NA,NA,NA,NA,NA,NA,NA,NA,NA,NA,NA,NA,NA,NA,NA,NA,NA,NA,NA,NA,NA,NA,NA,NA,NA,NA,NA,NA,NA,NA,NA
"LabBlank_B_20241119",32,0,"Konza4","Blank","LabBlank","CW/KOH",20241119,NA,"LL","1000x",NA,NA,"LabBlank_B_20241119","K4_C",NA,NA,NA,NA,NA,20241119,NA,0.15,1083.75,0.139761942375159,6.98910482467846,0,0,0.2125,0,0,NA,0,NA,NA,NA,NA,NA,NA,NA,NA,NA,NA,NA,NA,NA,NA,NA,NA,NA,NA,NA,NA,NA,NA,NA,NA,NA,NA,NA,NA,NA,NA,NA,NA,NA,NA,NA,NA,NA,NA,NA,NA,NA,NA,NA,NA,NA,NA,NA,NA,NA,NA,NA,NA,NA,NA,NA
"LabBlank_B_20241119",33,0,"Konza4","Blank","LabBlank","CW/KOH",20241119,NA,"LL","1000x",NA,NA,"LabBlank_B_20241119","K4_C",NA,NA,NA,NA,NA,20241119,NA,0.15,1083.75,0.139761942375159,6.98910482467846,0,0,0.2125,0,0,NA,0,NA,NA,NA,NA,NA,NA,NA,NA,NA,NA,NA,NA,NA,NA,NA,NA,NA,NA,NA,NA,NA,NA,NA,NA,NA,NA,NA,NA,NA,NA,NA,NA,NA,NA,NA,NA,NA,NA,NA,NA,NA,NA,NA,NA,NA,NA,NA,NA,NA,NA,NA,NA,NA,NA,NA
"LabBlank_B_20241119",34,0,"Konza4","Blank","LabBlank","CW/KOH",20241119,NA,"LL","1000x",NA,NA,"LabBlank_B_20241119","K4_C",NA,NA,NA,NA,NA,20241119,NA,0.15,1083.75,0.139761942375159,6.98910482467846,0,0,0.2125,0,0,NA,0,NA,NA,NA,NA,NA,NA,NA,NA,NA,NA,NA,NA,NA,NA,NA,NA,NA,NA,NA,NA,NA,NA,NA,NA,NA,NA,NA,NA,NA,NA,NA,NA,NA,NA,NA,NA,NA,NA,NA,NA,NA,NA,NA,NA,NA,NA,NA,NA,NA,NA,NA,NA,NA,NA,NA
"LabBlank_B_20241119",35,0,"Konza4","Blank","LabBlank","CW/KOH",20241119,NA,"LL","1000x",NA,NA,"LabBlank_B_20241119","K4_C",NA,NA,NA,NA,NA,20241119,NA,0.15,1083.75,0.139761942375159,6.98910482467846,0,0,0.2125,0,0,NA,0,NA,NA,NA,NA,NA,NA,NA,NA,NA,NA,NA,NA,NA,NA,NA,NA,NA,NA,NA,NA,NA,NA,NA,NA,NA,NA,NA,NA,NA,NA,NA,NA,NA,NA,NA,NA,NA,NA,NA,NA,NA,NA,NA,NA,NA,NA,NA,NA,NA,NA,NA,NA,NA,NA,NA
"LabBlank_B_20241119",36,0,"Konza4","Blank","LabBlank","CW/KOH",20241119,NA,"LL","1000x",NA,NA,"LabBlank_B_20241119","K4_C",NA,NA,NA,NA,NA,20241119,NA,0.15,1083.75,0.139761942375159,6.98910482467846,0,0,0.2125,0,0,NA,0,NA,NA,NA,NA,NA,NA,NA,NA,NA,NA,NA,NA,NA,NA,NA,NA,NA,NA,NA,NA,NA,NA,NA,NA,NA,NA,NA,NA,NA,NA,NA,NA,NA,NA,NA,NA,NA,NA,NA,NA,NA,NA,NA,NA,NA,NA,NA,NA,NA,NA,NA,NA,NA,NA,NA
"LabBlank_B_20241119",37,0,"Konza4","Blank","LabBlank","CW/KOH",20241119,NA,"LL","1000x",NA,NA,"LabBlank_B_20241119","K4_C",NA,NA,NA,NA,NA,20241119,NA,0.15,1083.75,0.139761942375159,6.98910482467846,0,0,0.2125,0,0,NA,0,NA,NA,NA,NA,NA,NA,NA,NA,NA,NA,NA,NA,NA,NA,NA,NA,NA,NA,NA,NA,NA,NA,NA,NA,NA,NA,NA,NA,NA,NA,NA,NA,NA,NA,NA,NA,NA,NA,NA,NA,NA,NA,NA,NA,NA,NA,NA,NA,NA,NA,NA,NA,NA,NA,NA
"LabBlank_B_20241119",38,0,"Konza4","Blank","LabBlank","CW/KOH",20241119,NA,"LL","1000x",NA,NA,"LabBlank_B_20241119","K4_C",NA,NA,NA,NA,NA,20241119,NA,0.15,1083.75,0.139761942375159,6.98910482467846,0,0,0.2125,0,0,NA,0,NA,NA,NA,NA,NA,NA,NA,NA,NA,NA,NA,NA,NA,NA,NA,NA,NA,NA,NA,NA,NA,NA,NA,NA,NA,NA,NA,NA,NA,NA,NA,NA,NA,NA,NA,NA,NA,NA,NA,NA,NA,NA,NA,NA,NA,NA,NA,NA,NA,NA,NA,NA,NA,NA,NA
"LabBlank_B_20241119",39,0,"Konza4","Blank","LabBlank","CW/KOH",20241119,NA,"LL","1000x",NA,NA,"LabBlank_B_20241119","K4_C",NA,NA,NA,NA,NA,20241119,NA,0.15,1083.75,0.139761942375159,6.98910482467846,0,0,0.2125,0,0,NA,0,NA,NA,NA,NA,NA,NA,NA,NA,NA,NA,NA,NA,NA,NA,NA,NA,NA,NA,NA,NA,NA,NA,NA,NA,NA,NA,NA,NA,NA,NA,NA,NA,NA,NA,NA,NA,NA,NA,NA,NA,NA,NA,NA,NA,NA,NA,NA,NA,NA,NA,NA,NA,NA,NA,NA
"LabBlank_B_20241119",40,0,"Konza4","Blank","LabBlank","CW/KOH",20241119,NA,"LL","1000x",NA,NA,"LabBlank_B_20241119","K4_C",NA,NA,NA,NA,NA,20241119,NA,0.15,1083.75,0.139761942375159,6.98910482467846,0,0,0.2125,0,0,NA,0,NA,NA,NA,NA,NA,NA,NA,NA,NA,NA,NA,NA,NA,NA,NA,NA,NA,NA,NA,NA,NA,NA,NA,NA,NA,NA,NA,NA,NA,NA,NA,NA,NA,NA,NA,NA,NA,NA,NA,NA,NA,NA,NA,NA,NA,NA,NA,NA,NA,NA,NA,NA,NA,NA,NA
