"SlideID","FOV","TotalSpores","Project","Sampler","SampleType","StainType","StainDate","DateCounted","Who","Magn.","Photos","Notes.x","SampleID","LB_Batch","DATE_UTC","DateTime_MDT","DateTime_UTC","Day","Platform","FilterType","FlowRate","Volume_L","SamplingDuration_dmin","SampleStart_UTC","SampleEnd_UTC","Notes.y","SampleID_short","RepVolume_L","RepVolume_m3","TotalSpores_LB","TotalSpores_LBcorr","log_volume_offset_m3","TotalSpores_FBLB","TotalSpores_FBLBcorr","Sample_num","TotalSpores.filter","TotalSpores.m3","TotalSpores.filter_FBLBcorr","TotalSpores_FBLBcorr.m3","TotalSpores_Bcorr.m3","Ambient_Offset","MeanPM2.5_ug.m3","MedianPM2.5_ug.m3","MaxPM2.5_ug.m3","MeanPM1.0ug.m3","MedianPM1.0_ug.m3","MaxPM1.0_ug.m3","MeanPM10_ug.m3","MedianPM10_ug.m3","MaxPM10_ug.m3","MeanTemp_C","MedianTemp_C","MaxTemp_C","MinTemp_C","MeanRH","MedianRH","MinRH","MaxRH","MeanMR","MedianMR","MaxMR","MinMR","p0.3um.dl","p0.5um.dl","p1.0um.dl","p2.5um.dl","p5.0um.dl","p10.0um.dl","p_lt1.0um.dl","p_lt2.5um.dl","p_lt5.0um.dl","p_lt10.0um.dl","logPM2.5","AQI_PM2.5","SmokeLevel","Mean_CO2_CO_mg.m3","Median_CO2_CO_mg.m3","Mean_DeltaCO2_mg.m3","Median_DeltaCO_mg.m3","Mean_DeltaCO2_ppm","Median_DeltaCO2_ppm","Mean_DeltaCO_ppm","Median_DeltaCO_ppm","Max_DeltaCO_ppm","MeanMCE","MedianMCE","Gas_TC_Carbon_mg.m3","biomass_mg","biomass_g","biomass_kg","biomass_Mg","spores.Mg","spores.kg","spores.mg"
"B6B_B",1,6,"FASMEE23","Button","Smoke","CW/KOH",20250115,20250502,"LL","1000x","n/a","","B6B","F23_E",2023-10-09,2023-10-09 15:17:00,2023-10-09 21:17:00,2,"Blue","PTFE",4,60,15,2023-10-09 21:17:00,2023-10-09 21:32:00,"","B6",30,0.03,0,6,-3.50655789731998,0.10625,5.89375,6,43350,1445000,42582.34375,1419411.45833333,1306534.94466146,123050.78125,2552.17293182856,2955.6625303125,6517.6734277669,154.507209302326,194.25,313.25,1664.15703488372,1963.75,3738.33,13.8242894056848,13.8888888888889,15.5555555555556,11.1111111111111,23.2209302325581,23,22,26,3.31172741096193,3.36444793603563,3.99314168636426,2.60160702948977,31377.8325,30549.3325,22195.395,4200.125,822.5,468.5,83635.29,87917.25,88776.25,89658.9375,7.9914781112452,"Hazardous","High",431.473416388428,332.035187727671,1516.66468062123,39.6013389194573,823.729565151522,1165.0074584524,35.5148560084716,33.6919988392252,74.8868796292252,0.956378385565098,0.96119482754625,436.857954671367,873.715909342734,0.873715909342734,0.000873715909342734,8.73715909342734e-07,1495377308219.46,1495377308.21946,1495.37730821946
"B6B_B",2,12,"FASMEE23","Button","Smoke","CW/KOH",20250115,20250502,"LL","1000x","n/a","","B6B","F23_E",2023-10-09,2023-10-09 15:17:00,2023-10-09 21:17:00,2,"Blue","PTFE",4,60,15,2023-10-09 21:17:00,2023-10-09 21:32:00,"","B6",30,0.03,0,12,-3.50655789731998,0.10625,11.89375,6,86700,2890000,85932.34375,2864411.45833333,2751534.94466146,123050.78125,2552.17293182856,2955.6625303125,6517.6734277669,154.507209302326,194.25,313.25,1664.15703488372,1963.75,3738.33,13.8242894056848,13.8888888888889,15.5555555555556,11.1111111111111,23.2209302325581,23,22,26,3.31172741096193,3.36444793603563,3.99314168636426,2.60160702948977,31377.8325,30549.3325,22195.395,4200.125,822.5,468.5,83635.29,87917.25,88776.25,89658.9375,7.9914781112452,"Hazardous","High",431.473416388428,332.035187727671,1516.66468062123,39.6013389194573,823.729565151522,1165.0074584524,35.5148560084716,33.6919988392252,74.8868796292252,0.956378385565098,0.96119482754625,436.857954671367,873.715909342734,0.873715909342734,0.000873715909342734,8.73715909342734e-07,3149232966046.53,3149232966.04653,3149.23296604653
"B6B_B",3,3,"FASMEE23","Button","Smoke","CW/KOH",20250115,20250502,"LL","1000x","n/a","","B6B","F23_E",2023-10-09,2023-10-09 15:17:00,2023-10-09 21:17:00,2,"Blue","PTFE",4,60,15,2023-10-09 21:17:00,2023-10-09 21:32:00,"","B6",30,0.03,0,3,-3.50655789731998,0.10625,2.89375,6,21675,722500,20907.34375,696911.458333333,584034.944661458,123050.78125,2552.17293182856,2955.6625303125,6517.6734277669,154.507209302326,194.25,313.25,1664.15703488372,1963.75,3738.33,13.8242894056848,13.8888888888889,15.5555555555556,11.1111111111111,23.2209302325581,23,22,26,3.31172741096193,3.36444793603563,3.99314168636426,2.60160702948977,31377.8325,30549.3325,22195.395,4200.125,822.5,468.5,83635.29,87917.25,88776.25,89658.9375,7.9914781112452,"Hazardous","High",431.473416388428,332.035187727671,1516.66468062123,39.6013389194573,823.729565151522,1165.0074584524,35.5148560084716,33.6919988392252,74.8868796292252,0.956378385565098,0.96119482754625,436.857954671367,873.715909342734,0.873715909342734,0.000873715909342734,8.73715909342734e-07,668449479305.931,668449479.30593,668.44947930593
"B6B_B",4,0,"FASMEE23","Button","Smoke","CW/KOH",20250115,20250502,"LL","1000x","n/a","","B6B","F23_E",2023-10-09,2023-10-09 15:17:00,2023-10-09 21:17:00,2,"Blue","PTFE",4,60,15,2023-10-09 21:17:00,2023-10-09 21:32:00,"","B6",30,0.03,0,0,-3.50655789731998,0.10625,0,6,0,0,0,0,0,123050.78125,2552.17293182856,2955.6625303125,6517.6734277669,154.507209302326,194.25,313.25,1664.15703488372,1963.75,3738.33,13.8242894056848,13.8888888888889,15.5555555555556,11.1111111111111,23.2209302325581,23,22,26,3.31172741096193,3.36444793603563,3.99314168636426,2.60160702948977,31377.8325,30549.3325,22195.395,4200.125,822.5,468.5,83635.29,87917.25,88776.25,89658.9375,7.9914781112452,"Hazardous","High",431.473416388428,332.035187727671,1516.66468062123,39.6013389194573,823.729565151522,1165.0074584524,35.5148560084716,33.6919988392252,74.8868796292252,0.956378385565098,0.96119482754625,436.857954671367,873.715909342734,0.873715909342734,0.000873715909342734,8.73715909342734e-07,0,0,0
"B6B_B",5,0,"FASMEE23","Button","Smoke","CW/KOH",20250115,20250502,"LL","1000x","n/a","","B6B","F23_E",2023-10-09,2023-10-09 15:17:00,2023-10-09 21:17:00,2,"Blue","PTFE",4,60,15,2023-10-09 21:17:00,2023-10-09 21:32:00,"","B6",30,0.03,0,0,-3.50655789731998,0.10625,0,6,0,0,0,0,0,123050.78125,2552.17293182856,2955.6625303125,6517.6734277669,154.507209302326,194.25,313.25,1664.15703488372,1963.75,3738.33,13.8242894056848,13.8888888888889,15.5555555555556,11.1111111111111,23.2209302325581,23,22,26,3.31172741096193,3.36444793603563,3.99314168636426,2.60160702948977,31377.8325,30549.3325,22195.395,4200.125,822.5,468.5,83635.29,87917.25,88776.25,89658.9375,7.9914781112452,"Hazardous","High",431.473416388428,332.035187727671,1516.66468062123,39.6013389194573,823.729565151522,1165.0074584524,35.5148560084716,33.6919988392252,74.8868796292252,0.956378385565098,0.96119482754625,436.857954671367,873.715909342734,0.873715909342734,0.000873715909342734,8.73715909342734e-07,0,0,0
"B6B_B",6,0,"FASMEE23","Button","Smoke","CW/KOH",20250115,20250502,"LL","1000x","n/a","","B6B","F23_E",2023-10-09,2023-10-09 15:17:00,2023-10-09 21:17:00,2,"Blue","PTFE",4,60,15,2023-10-09 21:17:00,2023-10-09 21:32:00,"","B6",30,0.03,0,0,-3.50655789731998,0.10625,0,6,0,0,0,0,0,123050.78125,2552.17293182856,2955.6625303125,6517.6734277669,154.507209302326,194.25,313.25,1664.15703488372,1963.75,3738.33,13.8242894056848,13.8888888888889,15.5555555555556,11.1111111111111,23.2209302325581,23,22,26,3.31172741096193,3.36444793603563,3.99314168636426,2.60160702948977,31377.8325,30549.3325,22195.395,4200.125,822.5,468.5,83635.29,87917.25,88776.25,89658.9375,7.9914781112452,"Hazardous","High",431.473416388428,332.035187727671,1516.66468062123,39.6013389194573,823.729565151522,1165.0074584524,35.5148560084716,33.6919988392252,74.8868796292252,0.956378385565098,0.96119482754625,436.857954671367,873.715909342734,0.873715909342734,0.000873715909342734,8.73715909342734e-07,0,0,0
"B6B_B",7,0,"FASMEE23","Button","Smoke","CW/KOH",20250115,20250502,"LL","1000x","n/a","","B6B","F23_E",2023-10-09,2023-10-09 15:17:00,2023-10-09 21:17:00,2,"Blue","PTFE",4,60,15,2023-10-09 21:17:00,2023-10-09 21:32:00,"","B6",30,0.03,0,0,-3.50655789731998,0.10625,0,6,0,0,0,0,0,123050.78125,2552.17293182856,2955.6625303125,6517.6734277669,154.507209302326,194.25,313.25,1664.15703488372,1963.75,3738.33,13.8242894056848,13.8888888888889,15.5555555555556,11.1111111111111,23.2209302325581,23,22,26,3.31172741096193,3.36444793603563,3.99314168636426,2.60160702948977,31377.8325,30549.3325,22195.395,4200.125,822.5,468.5,83635.29,87917.25,88776.25,89658.9375,7.9914781112452,"Hazardous","High",431.473416388428,332.035187727671,1516.66468062123,39.6013389194573,823.729565151522,1165.0074584524,35.5148560084716,33.6919988392252,74.8868796292252,0.956378385565098,0.96119482754625,436.857954671367,873.715909342734,0.873715909342734,0.000873715909342734,8.73715909342734e-07,0,0,0
"B6B_B",8,0,"FASMEE23","Button","Smoke","CW/KOH",20250115,20250502,"LL","1000x","n/a","","B6B","F23_E",2023-10-09,2023-10-09 15:17:00,2023-10-09 21:17:00,2,"Blue","PTFE",4,60,15,2023-10-09 21:17:00,2023-10-09 21:32:00,"","B6",30,0.03,0,0,-3.50655789731998,0.10625,0,6,0,0,0,0,0,123050.78125,2552.17293182856,2955.6625303125,6517.6734277669,154.507209302326,194.25,313.25,1664.15703488372,1963.75,3738.33,13.8242894056848,13.8888888888889,15.5555555555556,11.1111111111111,23.2209302325581,23,22,26,3.31172741096193,3.36444793603563,3.99314168636426,2.60160702948977,31377.8325,30549.3325,22195.395,4200.125,822.5,468.5,83635.29,87917.25,88776.25,89658.9375,7.9914781112452,"Hazardous","High",431.473416388428,332.035187727671,1516.66468062123,39.6013389194573,823.729565151522,1165.0074584524,35.5148560084716,33.6919988392252,74.8868796292252,0.956378385565098,0.96119482754625,436.857954671367,873.715909342734,0.873715909342734,0.000873715909342734,8.73715909342734e-07,0,0,0
"B6B_B",9,0,"FASMEE23","Button","Smoke","CW/KOH",20250115,20250502,"LL","1000x","n/a","","B6B","F23_E",2023-10-09,2023-10-09 15:17:00,2023-10-09 21:17:00,2,"Blue","PTFE",4,60,15,2023-10-09 21:17:00,2023-10-09 21:32:00,"","B6",30,0.03,0,0,-3.50655789731998,0.10625,0,6,0,0,0,0,0,123050.78125,2552.17293182856,2955.6625303125,6517.6734277669,154.507209302326,194.25,313.25,1664.15703488372,1963.75,3738.33,13.8242894056848,13.8888888888889,15.5555555555556,11.1111111111111,23.2209302325581,23,22,26,3.31172741096193,3.36444793603563,3.99314168636426,2.60160702948977,31377.8325,30549.3325,22195.395,4200.125,822.5,468.5,83635.29,87917.25,88776.25,89658.9375,7.9914781112452,"Hazardous","High",431.473416388428,332.035187727671,1516.66468062123,39.6013389194573,823.729565151522,1165.0074584524,35.5148560084716,33.6919988392252,74.8868796292252,0.956378385565098,0.96119482754625,436.857954671367,873.715909342734,0.873715909342734,0.000873715909342734,8.73715909342734e-07,0,0,0
"B6B_B",10,0,"FASMEE23","Button","Smoke","CW/KOH",20250115,20250502,"LL","1000x","n/a","","B6B","F23_E",2023-10-09,2023-10-09 15:17:00,2023-10-09 21:17:00,2,"Blue","PTFE",4,60,15,2023-10-09 21:17:00,2023-10-09 21:32:00,"","B6",30,0.03,0,0,-3.50655789731998,0.10625,0,6,0,0,0,0,0,123050.78125,2552.17293182856,2955.6625303125,6517.6734277669,154.507209302326,194.25,313.25,1664.15703488372,1963.75,3738.33,13.8242894056848,13.8888888888889,15.5555555555556,11.1111111111111,23.2209302325581,23,22,26,3.31172741096193,3.36444793603563,3.99314168636426,2.60160702948977,31377.8325,30549.3325,22195.395,4200.125,822.5,468.5,83635.29,87917.25,88776.25,89658.9375,7.9914781112452,"Hazardous","High",431.473416388428,332.035187727671,1516.66468062123,39.6013389194573,823.729565151522,1165.0074584524,35.5148560084716,33.6919988392252,74.8868796292252,0.956378385565098,0.96119482754625,436.857954671367,873.715909342734,0.873715909342734,0.000873715909342734,8.73715909342734e-07,0,0,0
"B6B_B",11,9,"FASMEE23","Button","Smoke","CW/KOH",20250115,20250502,"LL","1000x","n/a","","B6B","F23_E",2023-10-09,2023-10-09 15:17:00,2023-10-09 21:17:00,2,"Blue","PTFE",4,60,15,2023-10-09 21:17:00,2023-10-09 21:32:00,"","B6",30,0.03,0,9,-3.50655789731998,0.10625,8.89375,6,65025,2167500,64257.34375,2141911.45833333,2029034.94466146,123050.78125,2552.17293182856,2955.6625303125,6517.6734277669,154.507209302326,194.25,313.25,1664.15703488372,1963.75,3738.33,13.8242894056848,13.8888888888889,15.5555555555556,11.1111111111111,23.2209302325581,23,22,26,3.31172741096193,3.36444793603563,3.99314168636426,2.60160702948977,31377.8325,30549.3325,22195.395,4200.125,822.5,468.5,83635.29,87917.25,88776.25,89658.9375,7.9914781112452,"Hazardous","High",431.473416388428,332.035187727671,1516.66468062123,39.6013389194573,823.729565151522,1165.0074584524,35.5148560084716,33.6919988392252,74.8868796292252,0.956378385565098,0.96119482754625,436.857954671367,873.715909342734,0.873715909342734,0.000873715909342734,8.73715909342734e-07,2322305137133,2322305137.133,2322.305137133
"B6B_B",12,2,"FASMEE23","Button","Smoke","CW/KOH",20250115,20250502,"LL","1000x","n/a","","B6B","F23_E",2023-10-09,2023-10-09 15:17:00,2023-10-09 21:17:00,2,"Blue","PTFE",4,60,15,2023-10-09 21:17:00,2023-10-09 21:32:00,"","B6",30,0.03,0,2,-3.50655789731998,0.10625,1.89375,6,14450,481666.666666667,13682.34375,456078.125,343201.611328125,123050.78125,2552.17293182856,2955.6625303125,6517.6734277669,154.507209302326,194.25,313.25,1664.15703488372,1963.75,3738.33,13.8242894056848,13.8888888888889,15.5555555555556,11.1111111111111,23.2209302325581,23,22,26,3.31172741096193,3.36444793603563,3.99314168636426,2.60160702948977,31377.8325,30549.3325,22195.395,4200.125,822.5,468.5,83635.29,87917.25,88776.25,89658.9375,7.9914781112452,"Hazardous","High",431.473416388428,332.035187727671,1516.66468062123,39.6013389194573,823.729565151522,1165.0074584524,35.5148560084716,33.6919988392252,74.8868796292252,0.956378385565098,0.96119482754625,436.857954671367,873.715909342734,0.873715909342734,0.000873715909342734,8.73715909342734e-07,392806869668.086,392806869.668086,392.806869668086
"B6B_B",13,0,"FASMEE23","Button","Smoke","CW/KOH",20250115,20250502,"LL","1000x","n/a","","B6B","F23_E",2023-10-09,2023-10-09 15:17:00,2023-10-09 21:17:00,2,"Blue","PTFE",4,60,15,2023-10-09 21:17:00,2023-10-09 21:32:00,"","B6",30,0.03,0,0,-3.50655789731998,0.10625,0,6,0,0,0,0,0,123050.78125,2552.17293182856,2955.6625303125,6517.6734277669,154.507209302326,194.25,313.25,1664.15703488372,1963.75,3738.33,13.8242894056848,13.8888888888889,15.5555555555556,11.1111111111111,23.2209302325581,23,22,26,3.31172741096193,3.36444793603563,3.99314168636426,2.60160702948977,31377.8325,30549.3325,22195.395,4200.125,822.5,468.5,83635.29,87917.25,88776.25,89658.9375,7.9914781112452,"Hazardous","High",431.473416388428,332.035187727671,1516.66468062123,39.6013389194573,823.729565151522,1165.0074584524,35.5148560084716,33.6919988392252,74.8868796292252,0.956378385565098,0.96119482754625,436.857954671367,873.715909342734,0.873715909342734,0.000873715909342734,8.73715909342734e-07,0,0,0
"B6B_B",14,0,"FASMEE23","Button","Smoke","CW/KOH",20250115,20250502,"LL","1000x","n/a","","B6B","F23_E",2023-10-09,2023-10-09 15:17:00,2023-10-09 21:17:00,2,"Blue","PTFE",4,60,15,2023-10-09 21:17:00,2023-10-09 21:32:00,"","B6",30,0.03,0,0,-3.50655789731998,0.10625,0,6,0,0,0,0,0,123050.78125,2552.17293182856,2955.6625303125,6517.6734277669,154.507209302326,194.25,313.25,1664.15703488372,1963.75,3738.33,13.8242894056848,13.8888888888889,15.5555555555556,11.1111111111111,23.2209302325581,23,22,26,3.31172741096193,3.36444793603563,3.99314168636426,2.60160702948977,31377.8325,30549.3325,22195.395,4200.125,822.5,468.5,83635.29,87917.25,88776.25,89658.9375,7.9914781112452,"Hazardous","High",431.473416388428,332.035187727671,1516.66468062123,39.6013389194573,823.729565151522,1165.0074584524,35.5148560084716,33.6919988392252,74.8868796292252,0.956378385565098,0.96119482754625,436.857954671367,873.715909342734,0.873715909342734,0.000873715909342734,8.73715909342734e-07,0,0,0
"B6B_B",15,0,"FASMEE23","Button","Smoke","CW/KOH",20250115,20250502,"LL","1000x","n/a","","B6B","F23_E",2023-10-09,2023-10-09 15:17:00,2023-10-09 21:17:00,2,"Blue","PTFE",4,60,15,2023-10-09 21:17:00,2023-10-09 21:32:00,"","B6",30,0.03,0,0,-3.50655789731998,0.10625,0,6,0,0,0,0,0,123050.78125,2552.17293182856,2955.6625303125,6517.6734277669,154.507209302326,194.25,313.25,1664.15703488372,1963.75,3738.33,13.8242894056848,13.8888888888889,15.5555555555556,11.1111111111111,23.2209302325581,23,22,26,3.31172741096193,3.36444793603563,3.99314168636426,2.60160702948977,31377.8325,30549.3325,22195.395,4200.125,822.5,468.5,83635.29,87917.25,88776.25,89658.9375,7.9914781112452,"Hazardous","High",431.473416388428,332.035187727671,1516.66468062123,39.6013389194573,823.729565151522,1165.0074584524,35.5148560084716,33.6919988392252,74.8868796292252,0.956378385565098,0.96119482754625,436.857954671367,873.715909342734,0.873715909342734,0.000873715909342734,8.73715909342734e-07,0,0,0
"B6B_B",16,0,"FASMEE23","Button","Smoke","CW/KOH",20250115,20250502,"LL","1000x","n/a","","B6B","F23_E",2023-10-09,2023-10-09 15:17:00,2023-10-09 21:17:00,2,"Blue","PTFE",4,60,15,2023-10-09 21:17:00,2023-10-09 21:32:00,"","B6",30,0.03,0,0,-3.50655789731998,0.10625,0,6,0,0,0,0,0,123050.78125,2552.17293182856,2955.6625303125,6517.6734277669,154.507209302326,194.25,313.25,1664.15703488372,1963.75,3738.33,13.8242894056848,13.8888888888889,15.5555555555556,11.1111111111111,23.2209302325581,23,22,26,3.31172741096193,3.36444793603563,3.99314168636426,2.60160702948977,31377.8325,30549.3325,22195.395,4200.125,822.5,468.5,83635.29,87917.25,88776.25,89658.9375,7.9914781112452,"Hazardous","High",431.473416388428,332.035187727671,1516.66468062123,39.6013389194573,823.729565151522,1165.0074584524,35.5148560084716,33.6919988392252,74.8868796292252,0.956378385565098,0.96119482754625,436.857954671367,873.715909342734,0.873715909342734,0.000873715909342734,8.73715909342734e-07,0,0,0
"B6B_B",17,4,"FASMEE23","Button","Smoke","CW/KOH",20250115,20250502,"LL","1000x","n/a","","B6B","F23_E",2023-10-09,2023-10-09 15:17:00,2023-10-09 21:17:00,2,"Blue","PTFE",4,60,15,2023-10-09 21:17:00,2023-10-09 21:32:00,"","B6",30,0.03,0,4,-3.50655789731998,0.10625,3.89375,6,28900,963333.333333333,28132.34375,937744.791666667,824868.277994792,123050.78125,2552.17293182856,2955.6625303125,6517.6734277669,154.507209302326,194.25,313.25,1664.15703488372,1963.75,3738.33,13.8242894056848,13.8888888888889,15.5555555555556,11.1111111111111,23.2209302325581,23,22,26,3.31172741096193,3.36444793603563,3.99314168636426,2.60160702948977,31377.8325,30549.3325,22195.395,4200.125,822.5,468.5,83635.29,87917.25,88776.25,89658.9375,7.9914781112452,"Hazardous","High",431.473416388428,332.035187727671,1516.66468062123,39.6013389194573,823.729565151522,1165.0074584524,35.5148560084716,33.6919988392252,74.8868796292252,0.956378385565098,0.96119482754625,436.857954671367,873.715909342734,0.873715909342734,0.000873715909342734,8.73715909342734e-07,944092088943.775,944092088.943775,944.092088943775
"B6B_B",18,1,"FASMEE23","Button","Smoke","CW/KOH",20250115,20250502,"LL","1000x","n/a","","B6B","F23_E",2023-10-09,2023-10-09 15:17:00,2023-10-09 21:17:00,2,"Blue","PTFE",4,60,15,2023-10-09 21:17:00,2023-10-09 21:32:00,"","B6",30,0.03,0,1,-3.50655789731998,0.10625,0.89375,6,7225,240833.333333333,6457.34375,215244.791666667,102368.277994792,123050.78125,2552.17293182856,2955.6625303125,6517.6734277669,154.507209302326,194.25,313.25,1664.15703488372,1963.75,3738.33,13.8242894056848,13.8888888888889,15.5555555555556,11.1111111111111,23.2209302325581,23,22,26,3.31172741096193,3.36444793603563,3.99314168636426,2.60160702948977,31377.8325,30549.3325,22195.395,4200.125,822.5,468.5,83635.29,87917.25,88776.25,89658.9375,7.9914781112452,"Hazardous","High",431.473416388428,332.035187727671,1516.66468062123,39.6013389194573,823.729565151522,1165.0074584524,35.5148560084716,33.6919988392252,74.8868796292252,0.956378385565098,0.96119482754625,436.857954671367,873.715909342734,0.873715909342734,0.000873715909342734,8.73715909342734e-07,117164260030.242,117164260.030242,117.164260030242
"B6B_B",19,2,"FASMEE23","Button","Smoke","CW/KOH",20250115,20250502,"LL","1000x","n/a","","B6B","F23_E",2023-10-09,2023-10-09 15:17:00,2023-10-09 21:17:00,2,"Blue","PTFE",4,60,15,2023-10-09 21:17:00,2023-10-09 21:32:00,"","B6",30,0.03,0,2,-3.50655789731998,0.10625,1.89375,6,14450,481666.666666667,13682.34375,456078.125,343201.611328125,123050.78125,2552.17293182856,2955.6625303125,6517.6734277669,154.507209302326,194.25,313.25,1664.15703488372,1963.75,3738.33,13.8242894056848,13.8888888888889,15.5555555555556,11.1111111111111,23.2209302325581,23,22,26,3.31172741096193,3.36444793603563,3.99314168636426,2.60160702948977,31377.8325,30549.3325,22195.395,4200.125,822.5,468.5,83635.29,87917.25,88776.25,89658.9375,7.9914781112452,"Hazardous","High",431.473416388428,332.035187727671,1516.66468062123,39.6013389194573,823.729565151522,1165.0074584524,35.5148560084716,33.6919988392252,74.8868796292252,0.956378385565098,0.96119482754625,436.857954671367,873.715909342734,0.873715909342734,0.000873715909342734,8.73715909342734e-07,392806869668.086,392806869.668086,392.806869668086
"B6B_B",20,2,"FASMEE23","Button","Smoke","CW/KOH",20250115,20250502,"LL","1000x","n/a","","B6B","F23_E",2023-10-09,2023-10-09 15:17:00,2023-10-09 21:17:00,2,"Blue","PTFE",4,60,15,2023-10-09 21:17:00,2023-10-09 21:32:00,"","B6",30,0.03,0,2,-3.50655789731998,0.10625,1.89375,6,14450,481666.666666667,13682.34375,456078.125,343201.611328125,123050.78125,2552.17293182856,2955.6625303125,6517.6734277669,154.507209302326,194.25,313.25,1664.15703488372,1963.75,3738.33,13.8242894056848,13.8888888888889,15.5555555555556,11.1111111111111,23.2209302325581,23,22,26,3.31172741096193,3.36444793603563,3.99314168636426,2.60160702948977,31377.8325,30549.3325,22195.395,4200.125,822.5,468.5,83635.29,87917.25,88776.25,89658.9375,7.9914781112452,"Hazardous","High",431.473416388428,332.035187727671,1516.66468062123,39.6013389194573,823.729565151522,1165.0074584524,35.5148560084716,33.6919988392252,74.8868796292252,0.956378385565098,0.96119482754625,436.857954671367,873.715909342734,0.873715909342734,0.000873715909342734,8.73715909342734e-07,392806869668.086,392806869.668086,392.806869668086
"B6B_B",21,8,"FASMEE23","Button","Smoke","CW/KOH",20250115,20250502,"LL","1000x","n/a","","B6B","F23_E",2023-10-09,2023-10-09 15:17:00,2023-10-09 21:17:00,2,"Blue","PTFE",4,60,15,2023-10-09 21:17:00,2023-10-09 21:32:00,"","B6",30,0.03,0,8,-3.50655789731998,0.10625,7.89375,6,57800,1926666.66666667,57032.34375,1901078.125,1788201.61132812,123050.78125,2552.17293182856,2955.6625303125,6517.6734277669,154.507209302326,194.25,313.25,1664.15703488372,1963.75,3738.33,13.8242894056848,13.8888888888889,15.5555555555556,11.1111111111111,23.2209302325581,23,22,26,3.31172741096193,3.36444793603563,3.99314168636426,2.60160702948977,31377.8325,30549.3325,22195.395,4200.125,822.5,468.5,83635.29,87917.25,88776.25,89658.9375,7.9914781112452,"Hazardous","High",431.473416388428,332.035187727671,1516.66468062123,39.6013389194573,823.729565151522,1165.0074584524,35.5148560084716,33.6919988392252,74.8868796292252,0.956378385565098,0.96119482754625,436.857954671367,873.715909342734,0.873715909342734,0.000873715909342734,8.73715909342734e-07,2046662527495.15,2046662527.49515,2046.66252749515
"B6B_B",22,3,"FASMEE23","Button","Smoke","CW/KOH",20250115,20250502,"LL","1000x","n/a","","B6B","F23_E",2023-10-09,2023-10-09 15:17:00,2023-10-09 21:17:00,2,"Blue","PTFE",4,60,15,2023-10-09 21:17:00,2023-10-09 21:32:00,"","B6",30,0.03,0,3,-3.50655789731998,0.10625,2.89375,6,21675,722500,20907.34375,696911.458333333,584034.944661458,123050.78125,2552.17293182856,2955.6625303125,6517.6734277669,154.507209302326,194.25,313.25,1664.15703488372,1963.75,3738.33,13.8242894056848,13.8888888888889,15.5555555555556,11.1111111111111,23.2209302325581,23,22,26,3.31172741096193,3.36444793603563,3.99314168636426,2.60160702948977,31377.8325,30549.3325,22195.395,4200.125,822.5,468.5,83635.29,87917.25,88776.25,89658.9375,7.9914781112452,"Hazardous","High",431.473416388428,332.035187727671,1516.66468062123,39.6013389194573,823.729565151522,1165.0074584524,35.5148560084716,33.6919988392252,74.8868796292252,0.956378385565098,0.96119482754625,436.857954671367,873.715909342734,0.873715909342734,0.000873715909342734,8.73715909342734e-07,668449479305.931,668449479.30593,668.44947930593
"B6B_B",23,9,"FASMEE23","Button","Smoke","CW/KOH",20250115,20250502,"LL","1000x","n/a","","B6B","F23_E",2023-10-09,2023-10-09 15:17:00,2023-10-09 21:17:00,2,"Blue","PTFE",4,60,15,2023-10-09 21:17:00,2023-10-09 21:32:00,"","B6",30,0.03,0,9,-3.50655789731998,0.10625,8.89375,6,65025,2167500,64257.34375,2141911.45833333,2029034.94466146,123050.78125,2552.17293182856,2955.6625303125,6517.6734277669,154.507209302326,194.25,313.25,1664.15703488372,1963.75,3738.33,13.8242894056848,13.8888888888889,15.5555555555556,11.1111111111111,23.2209302325581,23,22,26,3.31172741096193,3.36444793603563,3.99314168636426,2.60160702948977,31377.8325,30549.3325,22195.395,4200.125,822.5,468.5,83635.29,87917.25,88776.25,89658.9375,7.9914781112452,"Hazardous","High",431.473416388428,332.035187727671,1516.66468062123,39.6013389194573,823.729565151522,1165.0074584524,35.5148560084716,33.6919988392252,74.8868796292252,0.956378385565098,0.96119482754625,436.857954671367,873.715909342734,0.873715909342734,0.000873715909342734,8.73715909342734e-07,2322305137133,2322305137.133,2322.305137133
"B6B_B",24,8,"FASMEE23","Button","Smoke","CW/KOH",20250115,20250502,"LL","1000x","n/a","","B6B","F23_E",2023-10-09,2023-10-09 15:17:00,2023-10-09 21:17:00,2,"Blue","PTFE",4,60,15,2023-10-09 21:17:00,2023-10-09 21:32:00,"","B6",30,0.03,0,8,-3.50655789731998,0.10625,7.89375,6,57800,1926666.66666667,57032.34375,1901078.125,1788201.61132812,123050.78125,2552.17293182856,2955.6625303125,6517.6734277669,154.507209302326,194.25,313.25,1664.15703488372,1963.75,3738.33,13.8242894056848,13.8888888888889,15.5555555555556,11.1111111111111,23.2209302325581,23,22,26,3.31172741096193,3.36444793603563,3.99314168636426,2.60160702948977,31377.8325,30549.3325,22195.395,4200.125,822.5,468.5,83635.29,87917.25,88776.25,89658.9375,7.9914781112452,"Hazardous","High",431.473416388428,332.035187727671,1516.66468062123,39.6013389194573,823.729565151522,1165.0074584524,35.5148560084716,33.6919988392252,74.8868796292252,0.956378385565098,0.96119482754625,436.857954671367,873.715909342734,0.873715909342734,0.000873715909342734,8.73715909342734e-07,2046662527495.15,2046662527.49515,2046.66252749515
"B6B_B",25,5,"FASMEE23","Button","Smoke","CW/KOH",20250115,20250502,"LL","1000x","n/a","","B6B","F23_E",2023-10-09,2023-10-09 15:17:00,2023-10-09 21:17:00,2,"Blue","PTFE",4,60,15,2023-10-09 21:17:00,2023-10-09 21:32:00,"","B6",30,0.03,0,5,-3.50655789731998,0.10625,4.89375,6,36125,1204166.66666667,35357.34375,1178578.125,1065701.61132812,123050.78125,2552.17293182856,2955.6625303125,6517.6734277669,154.507209302326,194.25,313.25,1664.15703488372,1963.75,3738.33,13.8242894056848,13.8888888888889,15.5555555555556,11.1111111111111,23.2209302325581,23,22,26,3.31172741096193,3.36444793603563,3.99314168636426,2.60160702948977,31377.8325,30549.3325,22195.395,4200.125,822.5,468.5,83635.29,87917.25,88776.25,89658.9375,7.9914781112452,"Hazardous","High",431.473416388428,332.035187727671,1516.66468062123,39.6013389194573,823.729565151522,1165.0074584524,35.5148560084716,33.6919988392252,74.8868796292252,0.956378385565098,0.96119482754625,436.857954671367,873.715909342734,0.873715909342734,0.000873715909342734,8.73715909342734e-07,1219734698581.62,1219734698.58162,1219.73469858162
"B6B_B",26,2,"FASMEE23","Button","Smoke","CW/KOH",20250115,20250502,"LL","1000x","n/a","","B6B","F23_E",2023-10-09,2023-10-09 15:17:00,2023-10-09 21:17:00,2,"Blue","PTFE",4,60,15,2023-10-09 21:17:00,2023-10-09 21:32:00,"","B6",30,0.03,0,2,-3.50655789731998,0.10625,1.89375,6,14450,481666.666666667,13682.34375,456078.125,343201.611328125,123050.78125,2552.17293182856,2955.6625303125,6517.6734277669,154.507209302326,194.25,313.25,1664.15703488372,1963.75,3738.33,13.8242894056848,13.8888888888889,15.5555555555556,11.1111111111111,23.2209302325581,23,22,26,3.31172741096193,3.36444793603563,3.99314168636426,2.60160702948977,31377.8325,30549.3325,22195.395,4200.125,822.5,468.5,83635.29,87917.25,88776.25,89658.9375,7.9914781112452,"Hazardous","High",431.473416388428,332.035187727671,1516.66468062123,39.6013389194573,823.729565151522,1165.0074584524,35.5148560084716,33.6919988392252,74.8868796292252,0.956378385565098,0.96119482754625,436.857954671367,873.715909342734,0.873715909342734,0.000873715909342734,8.73715909342734e-07,392806869668.086,392806869.668086,392.806869668086
"B6B_B",27,3,"FASMEE23","Button","Smoke","CW/KOH",20250115,20250502,"LL","1000x","n/a","","B6B","F23_E",2023-10-09,2023-10-09 15:17:00,2023-10-09 21:17:00,2,"Blue","PTFE",4,60,15,2023-10-09 21:17:00,2023-10-09 21:32:00,"","B6",30,0.03,0,3,-3.50655789731998,0.10625,2.89375,6,21675,722500,20907.34375,696911.458333333,584034.944661458,123050.78125,2552.17293182856,2955.6625303125,6517.6734277669,154.507209302326,194.25,313.25,1664.15703488372,1963.75,3738.33,13.8242894056848,13.8888888888889,15.5555555555556,11.1111111111111,23.2209302325581,23,22,26,3.31172741096193,3.36444793603563,3.99314168636426,2.60160702948977,31377.8325,30549.3325,22195.395,4200.125,822.5,468.5,83635.29,87917.25,88776.25,89658.9375,7.9914781112452,"Hazardous","High",431.473416388428,332.035187727671,1516.66468062123,39.6013389194573,823.729565151522,1165.0074584524,35.5148560084716,33.6919988392252,74.8868796292252,0.956378385565098,0.96119482754625,436.857954671367,873.715909342734,0.873715909342734,0.000873715909342734,8.73715909342734e-07,668449479305.931,668449479.30593,668.44947930593
"B6B_B",28,0,"FASMEE23","Button","Smoke","CW/KOH",20250115,20250502,"LL","1000x","n/a","","B6B","F23_E",2023-10-09,2023-10-09 15:17:00,2023-10-09 21:17:00,2,"Blue","PTFE",4,60,15,2023-10-09 21:17:00,2023-10-09 21:32:00,"","B6",30,0.03,0,0,-3.50655789731998,0.10625,0,6,0,0,0,0,0,123050.78125,2552.17293182856,2955.6625303125,6517.6734277669,154.507209302326,194.25,313.25,1664.15703488372,1963.75,3738.33,13.8242894056848,13.8888888888889,15.5555555555556,11.1111111111111,23.2209302325581,23,22,26,3.31172741096193,3.36444793603563,3.99314168636426,2.60160702948977,31377.8325,30549.3325,22195.395,4200.125,822.5,468.5,83635.29,87917.25,88776.25,89658.9375,7.9914781112452,"Hazardous","High",431.473416388428,332.035187727671,1516.66468062123,39.6013389194573,823.729565151522,1165.0074584524,35.5148560084716,33.6919988392252,74.8868796292252,0.956378385565098,0.96119482754625,436.857954671367,873.715909342734,0.873715909342734,0.000873715909342734,8.73715909342734e-07,0,0,0
"B6B_B",29,0,"FASMEE23","Button","Smoke","CW/KOH",20250115,20250502,"LL","1000x","n/a","","B6B","F23_E",2023-10-09,2023-10-09 15:17:00,2023-10-09 21:17:00,2,"Blue","PTFE",4,60,15,2023-10-09 21:17:00,2023-10-09 21:32:00,"","B6",30,0.03,0,0,-3.50655789731998,0.10625,0,6,0,0,0,0,0,123050.78125,2552.17293182856,2955.6625303125,6517.6734277669,154.507209302326,194.25,313.25,1664.15703488372,1963.75,3738.33,13.8242894056848,13.8888888888889,15.5555555555556,11.1111111111111,23.2209302325581,23,22,26,3.31172741096193,3.36444793603563,3.99314168636426,2.60160702948977,31377.8325,30549.3325,22195.395,4200.125,822.5,468.5,83635.29,87917.25,88776.25,89658.9375,7.9914781112452,"Hazardous","High",431.473416388428,332.035187727671,1516.66468062123,39.6013389194573,823.729565151522,1165.0074584524,35.5148560084716,33.6919988392252,74.8868796292252,0.956378385565098,0.96119482754625,436.857954671367,873.715909342734,0.873715909342734,0.000873715909342734,8.73715909342734e-07,0,0,0
"B6B_B",30,0,"FASMEE23","Button","Smoke","CW/KOH",20250115,20250502,"LL","1000x","n/a","","B6B","F23_E",2023-10-09,2023-10-09 15:17:00,2023-10-09 21:17:00,2,"Blue","PTFE",4,60,15,2023-10-09 21:17:00,2023-10-09 21:32:00,"","B6",30,0.03,0,0,-3.50655789731998,0.10625,0,6,0,0,0,0,0,123050.78125,2552.17293182856,2955.6625303125,6517.6734277669,154.507209302326,194.25,313.25,1664.15703488372,1963.75,3738.33,13.8242894056848,13.8888888888889,15.5555555555556,11.1111111111111,23.2209302325581,23,22,26,3.31172741096193,3.36444793603563,3.99314168636426,2.60160702948977,31377.8325,30549.3325,22195.395,4200.125,822.5,468.5,83635.29,87917.25,88776.25,89658.9375,7.9914781112452,"Hazardous","High",431.473416388428,332.035187727671,1516.66468062123,39.6013389194573,823.729565151522,1165.0074584524,35.5148560084716,33.6919988392252,74.8868796292252,0.956378385565098,0.96119482754625,436.857954671367,873.715909342734,0.873715909342734,0.000873715909342734,8.73715909342734e-07,0,0,0
"B6B_B",31,3,"FASMEE23","Button","Smoke","CW/KOH",20250115,20250502,"LL","1000x","n/a","","B6B","F23_E",2023-10-09,2023-10-09 15:17:00,2023-10-09 21:17:00,2,"Blue","PTFE",4,60,15,2023-10-09 21:17:00,2023-10-09 21:32:00,"","B6",30,0.03,0,3,-3.50655789731998,0.10625,2.89375,6,21675,722500,20907.34375,696911.458333333,584034.944661458,123050.78125,2552.17293182856,2955.6625303125,6517.6734277669,154.507209302326,194.25,313.25,1664.15703488372,1963.75,3738.33,13.8242894056848,13.8888888888889,15.5555555555556,11.1111111111111,23.2209302325581,23,22,26,3.31172741096193,3.36444793603563,3.99314168636426,2.60160702948977,31377.8325,30549.3325,22195.395,4200.125,822.5,468.5,83635.29,87917.25,88776.25,89658.9375,7.9914781112452,"Hazardous","High",431.473416388428,332.035187727671,1516.66468062123,39.6013389194573,823.729565151522,1165.0074584524,35.5148560084716,33.6919988392252,74.8868796292252,0.956378385565098,0.96119482754625,436.857954671367,873.715909342734,0.873715909342734,0.000873715909342734,8.73715909342734e-07,668449479305.931,668449479.30593,668.44947930593
"B6B_B",32,0,"FASMEE23","Button","Smoke","CW/KOH",20250115,20250502,"LL","1000x","n/a","","B6B","F23_E",2023-10-09,2023-10-09 15:17:00,2023-10-09 21:17:00,2,"Blue","PTFE",4,60,15,2023-10-09 21:17:00,2023-10-09 21:32:00,"","B6",30,0.03,0,0,-3.50655789731998,0.10625,0,6,0,0,0,0,0,123050.78125,2552.17293182856,2955.6625303125,6517.6734277669,154.507209302326,194.25,313.25,1664.15703488372,1963.75,3738.33,13.8242894056848,13.8888888888889,15.5555555555556,11.1111111111111,23.2209302325581,23,22,26,3.31172741096193,3.36444793603563,3.99314168636426,2.60160702948977,31377.8325,30549.3325,22195.395,4200.125,822.5,468.5,83635.29,87917.25,88776.25,89658.9375,7.9914781112452,"Hazardous","High",431.473416388428,332.035187727671,1516.66468062123,39.6013389194573,823.729565151522,1165.0074584524,35.5148560084716,33.6919988392252,74.8868796292252,0.956378385565098,0.96119482754625,436.857954671367,873.715909342734,0.873715909342734,0.000873715909342734,8.73715909342734e-07,0,0,0
"B6B_B",33,0,"FASMEE23","Button","Smoke","CW/KOH",20250115,20250502,"LL","1000x","n/a","","B6B","F23_E",2023-10-09,2023-10-09 15:17:00,2023-10-09 21:17:00,2,"Blue","PTFE",4,60,15,2023-10-09 21:17:00,2023-10-09 21:32:00,"","B6",30,0.03,0,0,-3.50655789731998,0.10625,0,6,0,0,0,0,0,123050.78125,2552.17293182856,2955.6625303125,6517.6734277669,154.507209302326,194.25,313.25,1664.15703488372,1963.75,3738.33,13.8242894056848,13.8888888888889,15.5555555555556,11.1111111111111,23.2209302325581,23,22,26,3.31172741096193,3.36444793603563,3.99314168636426,2.60160702948977,31377.8325,30549.3325,22195.395,4200.125,822.5,468.5,83635.29,87917.25,88776.25,89658.9375,7.9914781112452,"Hazardous","High",431.473416388428,332.035187727671,1516.66468062123,39.6013389194573,823.729565151522,1165.0074584524,35.5148560084716,33.6919988392252,74.8868796292252,0.956378385565098,0.96119482754625,436.857954671367,873.715909342734,0.873715909342734,0.000873715909342734,8.73715909342734e-07,0,0,0
"B6B_B",34,0,"FASMEE23","Button","Smoke","CW/KOH",20250115,20250502,"LL","1000x","n/a","","B6B","F23_E",2023-10-09,2023-10-09 15:17:00,2023-10-09 21:17:00,2,"Blue","PTFE",4,60,15,2023-10-09 21:17:00,2023-10-09 21:32:00,"","B6",30,0.03,0,0,-3.50655789731998,0.10625,0,6,0,0,0,0,0,123050.78125,2552.17293182856,2955.6625303125,6517.6734277669,154.507209302326,194.25,313.25,1664.15703488372,1963.75,3738.33,13.8242894056848,13.8888888888889,15.5555555555556,11.1111111111111,23.2209302325581,23,22,26,3.31172741096193,3.36444793603563,3.99314168636426,2.60160702948977,31377.8325,30549.3325,22195.395,4200.125,822.5,468.5,83635.29,87917.25,88776.25,89658.9375,7.9914781112452,"Hazardous","High",431.473416388428,332.035187727671,1516.66468062123,39.6013389194573,823.729565151522,1165.0074584524,35.5148560084716,33.6919988392252,74.8868796292252,0.956378385565098,0.96119482754625,436.857954671367,873.715909342734,0.873715909342734,0.000873715909342734,8.73715909342734e-07,0,0,0
"B6B_B",35,8,"FASMEE23","Button","Smoke","CW/KOH",20250115,20250502,"LL","1000x","n/a","","B6B","F23_E",2023-10-09,2023-10-09 15:17:00,2023-10-09 21:17:00,2,"Blue","PTFE",4,60,15,2023-10-09 21:17:00,2023-10-09 21:32:00,"","B6",30,0.03,0,8,-3.50655789731998,0.10625,7.89375,6,57800,1926666.66666667,57032.34375,1901078.125,1788201.61132812,123050.78125,2552.17293182856,2955.6625303125,6517.6734277669,154.507209302326,194.25,313.25,1664.15703488372,1963.75,3738.33,13.8242894056848,13.8888888888889,15.5555555555556,11.1111111111111,23.2209302325581,23,22,26,3.31172741096193,3.36444793603563,3.99314168636426,2.60160702948977,31377.8325,30549.3325,22195.395,4200.125,822.5,468.5,83635.29,87917.25,88776.25,89658.9375,7.9914781112452,"Hazardous","High",431.473416388428,332.035187727671,1516.66468062123,39.6013389194573,823.729565151522,1165.0074584524,35.5148560084716,33.6919988392252,74.8868796292252,0.956378385565098,0.96119482754625,436.857954671367,873.715909342734,0.873715909342734,0.000873715909342734,8.73715909342734e-07,2046662527495.15,2046662527.49515,2046.66252749515
"B6B_B",36,1,"FASMEE23","Button","Smoke","CW/KOH",20250115,20250502,"LL","1000x","n/a","","B6B","F23_E",2023-10-09,2023-10-09 15:17:00,2023-10-09 21:17:00,2,"Blue","PTFE",4,60,15,2023-10-09 21:17:00,2023-10-09 21:32:00,"","B6",30,0.03,0,1,-3.50655789731998,0.10625,0.89375,6,7225,240833.333333333,6457.34375,215244.791666667,102368.277994792,123050.78125,2552.17293182856,2955.6625303125,6517.6734277669,154.507209302326,194.25,313.25,1664.15703488372,1963.75,3738.33,13.8242894056848,13.8888888888889,15.5555555555556,11.1111111111111,23.2209302325581,23,22,26,3.31172741096193,3.36444793603563,3.99314168636426,2.60160702948977,31377.8325,30549.3325,22195.395,4200.125,822.5,468.5,83635.29,87917.25,88776.25,89658.9375,7.9914781112452,"Hazardous","High",431.473416388428,332.035187727671,1516.66468062123,39.6013389194573,823.729565151522,1165.0074584524,35.5148560084716,33.6919988392252,74.8868796292252,0.956378385565098,0.96119482754625,436.857954671367,873.715909342734,0.873715909342734,0.000873715909342734,8.73715909342734e-07,117164260030.242,117164260.030242,117.164260030242
"B6B_B",37,1,"FASMEE23","Button","Smoke","CW/KOH",20250115,20250502,"LL","1000x","n/a","","B6B","F23_E",2023-10-09,2023-10-09 15:17:00,2023-10-09 21:17:00,2,"Blue","PTFE",4,60,15,2023-10-09 21:17:00,2023-10-09 21:32:00,"","B6",30,0.03,0,1,-3.50655789731998,0.10625,0.89375,6,7225,240833.333333333,6457.34375,215244.791666667,102368.277994792,123050.78125,2552.17293182856,2955.6625303125,6517.6734277669,154.507209302326,194.25,313.25,1664.15703488372,1963.75,3738.33,13.8242894056848,13.8888888888889,15.5555555555556,11.1111111111111,23.2209302325581,23,22,26,3.31172741096193,3.36444793603563,3.99314168636426,2.60160702948977,31377.8325,30549.3325,22195.395,4200.125,822.5,468.5,83635.29,87917.25,88776.25,89658.9375,7.9914781112452,"Hazardous","High",431.473416388428,332.035187727671,1516.66468062123,39.6013389194573,823.729565151522,1165.0074584524,35.5148560084716,33.6919988392252,74.8868796292252,0.956378385565098,0.96119482754625,436.857954671367,873.715909342734,0.873715909342734,0.000873715909342734,8.73715909342734e-07,117164260030.242,117164260.030242,117.164260030242
"B6B_B",38,1,"FASMEE23","Button","Smoke","CW/KOH",20250115,20250502,"LL","1000x","n/a","","B6B","F23_E",2023-10-09,2023-10-09 15:17:00,2023-10-09 21:17:00,2,"Blue","PTFE",4,60,15,2023-10-09 21:17:00,2023-10-09 21:32:00,"","B6",30,0.03,0,1,-3.50655789731998,0.10625,0.89375,6,7225,240833.333333333,6457.34375,215244.791666667,102368.277994792,123050.78125,2552.17293182856,2955.6625303125,6517.6734277669,154.507209302326,194.25,313.25,1664.15703488372,1963.75,3738.33,13.8242894056848,13.8888888888889,15.5555555555556,11.1111111111111,23.2209302325581,23,22,26,3.31172741096193,3.36444793603563,3.99314168636426,2.60160702948977,31377.8325,30549.3325,22195.395,4200.125,822.5,468.5,83635.29,87917.25,88776.25,89658.9375,7.9914781112452,"Hazardous","High",431.473416388428,332.035187727671,1516.66468062123,39.6013389194573,823.729565151522,1165.0074584524,35.5148560084716,33.6919988392252,74.8868796292252,0.956378385565098,0.96119482754625,436.857954671367,873.715909342734,0.873715909342734,0.000873715909342734,8.73715909342734e-07,117164260030.242,117164260.030242,117.164260030242
"B6B_B",39,1,"FASMEE23","Button","Smoke","CW/KOH",20250115,20250502,"LL","1000x","n/a","","B6B","F23_E",2023-10-09,2023-10-09 15:17:00,2023-10-09 21:17:00,2,"Blue","PTFE",4,60,15,2023-10-09 21:17:00,2023-10-09 21:32:00,"","B6",30,0.03,0,1,-3.50655789731998,0.10625,0.89375,6,7225,240833.333333333,6457.34375,215244.791666667,102368.277994792,123050.78125,2552.17293182856,2955.6625303125,6517.6734277669,154.507209302326,194.25,313.25,1664.15703488372,1963.75,3738.33,13.8242894056848,13.8888888888889,15.5555555555556,11.1111111111111,23.2209302325581,23,22,26,3.31172741096193,3.36444793603563,3.99314168636426,2.60160702948977,31377.8325,30549.3325,22195.395,4200.125,822.5,468.5,83635.29,87917.25,88776.25,89658.9375,7.9914781112452,"Hazardous","High",431.473416388428,332.035187727671,1516.66468062123,39.6013389194573,823.729565151522,1165.0074584524,35.5148560084716,33.6919988392252,74.8868796292252,0.956378385565098,0.96119482754625,436.857954671367,873.715909342734,0.873715909342734,0.000873715909342734,8.73715909342734e-07,117164260030.242,117164260.030242,117.164260030242
"B6B_B",40,0,"FASMEE23","Button","Smoke","CW/KOH",20250115,20250502,"LL","1000x","n/a","","B6B","F23_E",2023-10-09,2023-10-09 15:17:00,2023-10-09 21:17:00,2,"Blue","PTFE",4,60,15,2023-10-09 21:17:00,2023-10-09 21:32:00,"","B6",30,0.03,0,0,-3.50655789731998,0.10625,0,6,0,0,0,0,0,123050.78125,2552.17293182856,2955.6625303125,6517.6734277669,154.507209302326,194.25,313.25,1664.15703488372,1963.75,3738.33,13.8242894056848,13.8888888888889,15.5555555555556,11.1111111111111,23.2209302325581,23,22,26,3.31172741096193,3.36444793603563,3.99314168636426,2.60160702948977,31377.8325,30549.3325,22195.395,4200.125,822.5,468.5,83635.29,87917.25,88776.25,89658.9375,7.9914781112452,"Hazardous","High",431.473416388428,332.035187727671,1516.66468062123,39.6013389194573,823.729565151522,1165.0074584524,35.5148560084716,33.6919988392252,74.8868796292252,0.956378385565098,0.96119482754625,436.857954671367,873.715909342734,0.873715909342734,0.000873715909342734,8.73715909342734e-07,0,0,0
"B7B_B",1,0,"FASMEE23","Button","Smoke","CW/KOH",20250221,20250502,"LL","1000x","n/a","","B7B","F23_F",2023-10-10,2023-10-09 18:17:00,2023-10-10 00:17:00,2,"Blue","PTFE",4,60,15,2023-10-10 00:17:00,2023-10-10 00:32:00,"","B7",30,0.03,0.1,0,-3.50655789731998,0.20625,0,7,0,0,0,0,0,123050.78125,1625.52013208166,1670.54342003125,4296.5432918125,191.864464285714,243.5,323.75,1134.54755952381,1266.25,2565.125,11.9378306878307,12.2222222222222,12.7777777777778,9.44444444444444,27.4642857142857,27,27,29,3.43830869055206,3.49798559298276,3.81130962441916,2.83267941327911,27600.25,26431.75,16400.9375,2164.5625,366.75,209,70499.125,72762.875,73162.6025,73501.915,7.42090425369562,"Hazardous","High",NA,NA,NA,NA,NA,NA,NA,NA,NA,NA,NA,NA,NA,NA,NA,NA,NA,NA,NA
"B7B_B",2,0,"FASMEE23","Button","Smoke","CW/KOH",20250221,20250502,"LL","1000x","n/a","","B7B","F23_F",2023-10-10,2023-10-09 18:17:00,2023-10-10 00:17:00,2,"Blue","PTFE",4,60,15,2023-10-10 00:17:00,2023-10-10 00:32:00,"","B7",30,0.03,0.1,0,-3.50655789731998,0.20625,0,7,0,0,0,0,0,123050.78125,1625.52013208166,1670.54342003125,4296.5432918125,191.864464285714,243.5,323.75,1134.54755952381,1266.25,2565.125,11.9378306878307,12.2222222222222,12.7777777777778,9.44444444444444,27.4642857142857,27,27,29,3.43830869055206,3.49798559298276,3.81130962441916,2.83267941327911,27600.25,26431.75,16400.9375,2164.5625,366.75,209,70499.125,72762.875,73162.6025,73501.915,7.42090425369562,"Hazardous","High",NA,NA,NA,NA,NA,NA,NA,NA,NA,NA,NA,NA,NA,NA,NA,NA,NA,NA,NA
"B7B_B",3,1,"FASMEE23","Button","Smoke","CW/KOH",20250221,20250502,"LL","1000x","n/a","","B7B","F23_F",2023-10-10,2023-10-09 18:17:00,2023-10-10 00:17:00,2,"Blue","PTFE",4,60,15,2023-10-10 00:17:00,2023-10-10 00:32:00,"","B7",30,0.03,0.1,0.9,-3.50655789731998,0.20625,0.79375,7,7225,240833.333333333,5734.84375,191161.458333333,78284.9446614584,123050.78125,1625.52013208166,1670.54342003125,4296.5432918125,191.864464285714,243.5,323.75,1134.54755952381,1266.25,2565.125,11.9378306878307,12.2222222222222,12.7777777777778,9.44444444444444,27.4642857142857,27,27,29,3.43830869055206,3.49798559298276,3.81130962441916,2.83267941327911,27600.25,26431.75,16400.9375,2164.5625,366.75,209,70499.125,72762.875,73162.6025,73501.915,7.42090425369562,"Hazardous","High",NA,NA,NA,NA,NA,NA,NA,NA,NA,NA,NA,NA,NA,NA,NA,NA,NA,NA,NA
"B7B_B",4,8,"FASMEE23","Button","Smoke","CW/KOH",20250221,20250502,"LL","1000x","n/a","","B7B","F23_F",2023-10-10,2023-10-09 18:17:00,2023-10-10 00:17:00,2,"Blue","PTFE",4,60,15,2023-10-10 00:17:00,2023-10-10 00:32:00,"","B7",30,0.03,0.1,7.9,-3.50655789731998,0.20625,7.79375,7,57800,1926666.66666667,56309.84375,1876994.79166667,1764118.27799479,123050.78125,1625.52013208166,1670.54342003125,4296.5432918125,191.864464285714,243.5,323.75,1134.54755952381,1266.25,2565.125,11.9378306878307,12.2222222222222,12.7777777777778,9.44444444444444,27.4642857142857,27,27,29,3.43830869055206,3.49798559298276,3.81130962441916,2.83267941327911,27600.25,26431.75,16400.9375,2164.5625,366.75,209,70499.125,72762.875,73162.6025,73501.915,7.42090425369562,"Hazardous","High",NA,NA,NA,NA,NA,NA,NA,NA,NA,NA,NA,NA,NA,NA,NA,NA,NA,NA,NA
"B7B_B",5,9,"FASMEE23","Button","Smoke","CW/KOH",20250221,20250502,"LL","1000x","n/a","","B7B","F23_F",2023-10-10,2023-10-09 18:17:00,2023-10-10 00:17:00,2,"Blue","PTFE",4,60,15,2023-10-10 00:17:00,2023-10-10 00:32:00,"","B7",30,0.03,0.1,8.9,-3.50655789731998,0.20625,8.79375,7,65025,2167500,63534.84375,2117828.125,2004951.61132812,123050.78125,1625.52013208166,1670.54342003125,4296.5432918125,191.864464285714,243.5,323.75,1134.54755952381,1266.25,2565.125,11.9378306878307,12.2222222222222,12.7777777777778,9.44444444444444,27.4642857142857,27,27,29,3.43830869055206,3.49798559298276,3.81130962441916,2.83267941327911,27600.25,26431.75,16400.9375,2164.5625,366.75,209,70499.125,72762.875,73162.6025,73501.915,7.42090425369562,"Hazardous","High",NA,NA,NA,NA,NA,NA,NA,NA,NA,NA,NA,NA,NA,NA,NA,NA,NA,NA,NA
"B7B_B",6,0,"FASMEE23","Button","Smoke","CW/KOH",20250221,20250502,"LL","1000x","n/a","","B7B","F23_F",2023-10-10,2023-10-09 18:17:00,2023-10-10 00:17:00,2,"Blue","PTFE",4,60,15,2023-10-10 00:17:00,2023-10-10 00:32:00,"","B7",30,0.03,0.1,0,-3.50655789731998,0.20625,0,7,0,0,0,0,0,123050.78125,1625.52013208166,1670.54342003125,4296.5432918125,191.864464285714,243.5,323.75,1134.54755952381,1266.25,2565.125,11.9378306878307,12.2222222222222,12.7777777777778,9.44444444444444,27.4642857142857,27,27,29,3.43830869055206,3.49798559298276,3.81130962441916,2.83267941327911,27600.25,26431.75,16400.9375,2164.5625,366.75,209,70499.125,72762.875,73162.6025,73501.915,7.42090425369562,"Hazardous","High",NA,NA,NA,NA,NA,NA,NA,NA,NA,NA,NA,NA,NA,NA,NA,NA,NA,NA,NA
"B7B_B",7,0,"FASMEE23","Button","Smoke","CW/KOH",20250221,20250502,"LL","1000x","n/a","","B7B","F23_F",2023-10-10,2023-10-09 18:17:00,2023-10-10 00:17:00,2,"Blue","PTFE",4,60,15,2023-10-10 00:17:00,2023-10-10 00:32:00,"","B7",30,0.03,0.1,0,-3.50655789731998,0.20625,0,7,0,0,0,0,0,123050.78125,1625.52013208166,1670.54342003125,4296.5432918125,191.864464285714,243.5,323.75,1134.54755952381,1266.25,2565.125,11.9378306878307,12.2222222222222,12.7777777777778,9.44444444444444,27.4642857142857,27,27,29,3.43830869055206,3.49798559298276,3.81130962441916,2.83267941327911,27600.25,26431.75,16400.9375,2164.5625,366.75,209,70499.125,72762.875,73162.6025,73501.915,7.42090425369562,"Hazardous","High",NA,NA,NA,NA,NA,NA,NA,NA,NA,NA,NA,NA,NA,NA,NA,NA,NA,NA,NA
"B7B_B",8,10,"FASMEE23","Button","Smoke","CW/KOH",20250221,20250502,"LL","1000x","n/a","","B7B","F23_F",2023-10-10,2023-10-09 18:17:00,2023-10-10 00:17:00,2,"Blue","PTFE",4,60,15,2023-10-10 00:17:00,2023-10-10 00:32:00,"","B7",30,0.03,0.1,9.9,-3.50655789731998,0.20625,9.79375,7,72250,2408333.33333333,70759.84375,2358661.45833333,2245784.94466146,123050.78125,1625.52013208166,1670.54342003125,4296.5432918125,191.864464285714,243.5,323.75,1134.54755952381,1266.25,2565.125,11.9378306878307,12.2222222222222,12.7777777777778,9.44444444444444,27.4642857142857,27,27,29,3.43830869055206,3.49798559298276,3.81130962441916,2.83267941327911,27600.25,26431.75,16400.9375,2164.5625,366.75,209,70499.125,72762.875,73162.6025,73501.915,7.42090425369562,"Hazardous","High",NA,NA,NA,NA,NA,NA,NA,NA,NA,NA,NA,NA,NA,NA,NA,NA,NA,NA,NA
"B7B_B",9,1,"FASMEE23","Button","Smoke","CW/KOH",20250221,20250502,"LL","1000x","n/a","","B7B","F23_F",2023-10-10,2023-10-09 18:17:00,2023-10-10 00:17:00,2,"Blue","PTFE",4,60,15,2023-10-10 00:17:00,2023-10-10 00:32:00,"","B7",30,0.03,0.1,0.9,-3.50655789731998,0.20625,0.79375,7,7225,240833.333333333,5734.84375,191161.458333333,78284.9446614584,123050.78125,1625.52013208166,1670.54342003125,4296.5432918125,191.864464285714,243.5,323.75,1134.54755952381,1266.25,2565.125,11.9378306878307,12.2222222222222,12.7777777777778,9.44444444444444,27.4642857142857,27,27,29,3.43830869055206,3.49798559298276,3.81130962441916,2.83267941327911,27600.25,26431.75,16400.9375,2164.5625,366.75,209,70499.125,72762.875,73162.6025,73501.915,7.42090425369562,"Hazardous","High",NA,NA,NA,NA,NA,NA,NA,NA,NA,NA,NA,NA,NA,NA,NA,NA,NA,NA,NA
"B7B_B",10,0,"FASMEE23","Button","Smoke","CW/KOH",20250221,20250502,"LL","1000x","n/a","","B7B","F23_F",2023-10-10,2023-10-09 18:17:00,2023-10-10 00:17:00,2,"Blue","PTFE",4,60,15,2023-10-10 00:17:00,2023-10-10 00:32:00,"","B7",30,0.03,0.1,0,-3.50655789731998,0.20625,0,7,0,0,0,0,0,123050.78125,1625.52013208166,1670.54342003125,4296.5432918125,191.864464285714,243.5,323.75,1134.54755952381,1266.25,2565.125,11.9378306878307,12.2222222222222,12.7777777777778,9.44444444444444,27.4642857142857,27,27,29,3.43830869055206,3.49798559298276,3.81130962441916,2.83267941327911,27600.25,26431.75,16400.9375,2164.5625,366.75,209,70499.125,72762.875,73162.6025,73501.915,7.42090425369562,"Hazardous","High",NA,NA,NA,NA,NA,NA,NA,NA,NA,NA,NA,NA,NA,NA,NA,NA,NA,NA,NA
"B7B_B",11,0,"FASMEE23","Button","Smoke","CW/KOH",20250221,20250502,"LL","1000x","n/a","","B7B","F23_F",2023-10-10,2023-10-09 18:17:00,2023-10-10 00:17:00,2,"Blue","PTFE",4,60,15,2023-10-10 00:17:00,2023-10-10 00:32:00,"","B7",30,0.03,0.1,0,-3.50655789731998,0.20625,0,7,0,0,0,0,0,123050.78125,1625.52013208166,1670.54342003125,4296.5432918125,191.864464285714,243.5,323.75,1134.54755952381,1266.25,2565.125,11.9378306878307,12.2222222222222,12.7777777777778,9.44444444444444,27.4642857142857,27,27,29,3.43830869055206,3.49798559298276,3.81130962441916,2.83267941327911,27600.25,26431.75,16400.9375,2164.5625,366.75,209,70499.125,72762.875,73162.6025,73501.915,7.42090425369562,"Hazardous","High",NA,NA,NA,NA,NA,NA,NA,NA,NA,NA,NA,NA,NA,NA,NA,NA,NA,NA,NA
"B7B_B",12,1,"FASMEE23","Button","Smoke","CW/KOH",20250221,20250502,"LL","1000x","n/a","","B7B","F23_F",2023-10-10,2023-10-09 18:17:00,2023-10-10 00:17:00,2,"Blue","PTFE",4,60,15,2023-10-10 00:17:00,2023-10-10 00:32:00,"","B7",30,0.03,0.1,0.9,-3.50655789731998,0.20625,0.79375,7,7225,240833.333333333,5734.84375,191161.458333333,78284.9446614584,123050.78125,1625.52013208166,1670.54342003125,4296.5432918125,191.864464285714,243.5,323.75,1134.54755952381,1266.25,2565.125,11.9378306878307,12.2222222222222,12.7777777777778,9.44444444444444,27.4642857142857,27,27,29,3.43830869055206,3.49798559298276,3.81130962441916,2.83267941327911,27600.25,26431.75,16400.9375,2164.5625,366.75,209,70499.125,72762.875,73162.6025,73501.915,7.42090425369562,"Hazardous","High",NA,NA,NA,NA,NA,NA,NA,NA,NA,NA,NA,NA,NA,NA,NA,NA,NA,NA,NA
"B7B_B",13,3,"FASMEE23","Button","Smoke","CW/KOH",20250221,20250502,"LL","1000x","n/a","","B7B","F23_F",2023-10-10,2023-10-09 18:17:00,2023-10-10 00:17:00,2,"Blue","PTFE",4,60,15,2023-10-10 00:17:00,2023-10-10 00:32:00,"","B7",30,0.03,0.1,2.9,-3.50655789731998,0.20625,2.79375,7,21675,722500,20184.84375,672828.125,559951.611328125,123050.78125,1625.52013208166,1670.54342003125,4296.5432918125,191.864464285714,243.5,323.75,1134.54755952381,1266.25,2565.125,11.9378306878307,12.2222222222222,12.7777777777778,9.44444444444444,27.4642857142857,27,27,29,3.43830869055206,3.49798559298276,3.81130962441916,2.83267941327911,27600.25,26431.75,16400.9375,2164.5625,366.75,209,70499.125,72762.875,73162.6025,73501.915,7.42090425369562,"Hazardous","High",NA,NA,NA,NA,NA,NA,NA,NA,NA,NA,NA,NA,NA,NA,NA,NA,NA,NA,NA
"B7B_B",14,0,"FASMEE23","Button","Smoke","CW/KOH",20250221,20250502,"LL","1000x","n/a","","B7B","F23_F",2023-10-10,2023-10-09 18:17:00,2023-10-10 00:17:00,2,"Blue","PTFE",4,60,15,2023-10-10 00:17:00,2023-10-10 00:32:00,"","B7",30,0.03,0.1,0,-3.50655789731998,0.20625,0,7,0,0,0,0,0,123050.78125,1625.52013208166,1670.54342003125,4296.5432918125,191.864464285714,243.5,323.75,1134.54755952381,1266.25,2565.125,11.9378306878307,12.2222222222222,12.7777777777778,9.44444444444444,27.4642857142857,27,27,29,3.43830869055206,3.49798559298276,3.81130962441916,2.83267941327911,27600.25,26431.75,16400.9375,2164.5625,366.75,209,70499.125,72762.875,73162.6025,73501.915,7.42090425369562,"Hazardous","High",NA,NA,NA,NA,NA,NA,NA,NA,NA,NA,NA,NA,NA,NA,NA,NA,NA,NA,NA
"B7B_B",15,0,"FASMEE23","Button","Smoke","CW/KOH",20250221,20250502,"LL","1000x","n/a","","B7B","F23_F",2023-10-10,2023-10-09 18:17:00,2023-10-10 00:17:00,2,"Blue","PTFE",4,60,15,2023-10-10 00:17:00,2023-10-10 00:32:00,"","B7",30,0.03,0.1,0,-3.50655789731998,0.20625,0,7,0,0,0,0,0,123050.78125,1625.52013208166,1670.54342003125,4296.5432918125,191.864464285714,243.5,323.75,1134.54755952381,1266.25,2565.125,11.9378306878307,12.2222222222222,12.7777777777778,9.44444444444444,27.4642857142857,27,27,29,3.43830869055206,3.49798559298276,3.81130962441916,2.83267941327911,27600.25,26431.75,16400.9375,2164.5625,366.75,209,70499.125,72762.875,73162.6025,73501.915,7.42090425369562,"Hazardous","High",NA,NA,NA,NA,NA,NA,NA,NA,NA,NA,NA,NA,NA,NA,NA,NA,NA,NA,NA
"B7B_B",16,0,"FASMEE23","Button","Smoke","CW/KOH",20250221,20250502,"LL","1000x","n/a","","B7B","F23_F",2023-10-10,2023-10-09 18:17:00,2023-10-10 00:17:00,2,"Blue","PTFE",4,60,15,2023-10-10 00:17:00,2023-10-10 00:32:00,"","B7",30,0.03,0.1,0,-3.50655789731998,0.20625,0,7,0,0,0,0,0,123050.78125,1625.52013208166,1670.54342003125,4296.5432918125,191.864464285714,243.5,323.75,1134.54755952381,1266.25,2565.125,11.9378306878307,12.2222222222222,12.7777777777778,9.44444444444444,27.4642857142857,27,27,29,3.43830869055206,3.49798559298276,3.81130962441916,2.83267941327911,27600.25,26431.75,16400.9375,2164.5625,366.75,209,70499.125,72762.875,73162.6025,73501.915,7.42090425369562,"Hazardous","High",NA,NA,NA,NA,NA,NA,NA,NA,NA,NA,NA,NA,NA,NA,NA,NA,NA,NA,NA
"B7B_B",17,5,"FASMEE23","Button","Smoke","CW/KOH",20250221,20250502,"LL","1000x","n/a","","B7B","F23_F",2023-10-10,2023-10-09 18:17:00,2023-10-10 00:17:00,2,"Blue","PTFE",4,60,15,2023-10-10 00:17:00,2023-10-10 00:32:00,"","B7",30,0.03,0.1,4.9,-3.50655789731998,0.20625,4.79375,7,36125,1204166.66666667,34634.84375,1154494.79166667,1041618.27799479,123050.78125,1625.52013208166,1670.54342003125,4296.5432918125,191.864464285714,243.5,323.75,1134.54755952381,1266.25,2565.125,11.9378306878307,12.2222222222222,12.7777777777778,9.44444444444444,27.4642857142857,27,27,29,3.43830869055206,3.49798559298276,3.81130962441916,2.83267941327911,27600.25,26431.75,16400.9375,2164.5625,366.75,209,70499.125,72762.875,73162.6025,73501.915,7.42090425369562,"Hazardous","High",NA,NA,NA,NA,NA,NA,NA,NA,NA,NA,NA,NA,NA,NA,NA,NA,NA,NA,NA
"B7B_B",18,1,"FASMEE23","Button","Smoke","CW/KOH",20250221,20250502,"LL","1000x","n/a","","B7B","F23_F",2023-10-10,2023-10-09 18:17:00,2023-10-10 00:17:00,2,"Blue","PTFE",4,60,15,2023-10-10 00:17:00,2023-10-10 00:32:00,"","B7",30,0.03,0.1,0.9,-3.50655789731998,0.20625,0.79375,7,7225,240833.333333333,5734.84375,191161.458333333,78284.9446614584,123050.78125,1625.52013208166,1670.54342003125,4296.5432918125,191.864464285714,243.5,323.75,1134.54755952381,1266.25,2565.125,11.9378306878307,12.2222222222222,12.7777777777778,9.44444444444444,27.4642857142857,27,27,29,3.43830869055206,3.49798559298276,3.81130962441916,2.83267941327911,27600.25,26431.75,16400.9375,2164.5625,366.75,209,70499.125,72762.875,73162.6025,73501.915,7.42090425369562,"Hazardous","High",NA,NA,NA,NA,NA,NA,NA,NA,NA,NA,NA,NA,NA,NA,NA,NA,NA,NA,NA
"B7B_B",19,0,"FASMEE23","Button","Smoke","CW/KOH",20250221,20250502,"LL","1000x","n/a","","B7B","F23_F",2023-10-10,2023-10-09 18:17:00,2023-10-10 00:17:00,2,"Blue","PTFE",4,60,15,2023-10-10 00:17:00,2023-10-10 00:32:00,"","B7",30,0.03,0.1,0,-3.50655789731998,0.20625,0,7,0,0,0,0,0,123050.78125,1625.52013208166,1670.54342003125,4296.5432918125,191.864464285714,243.5,323.75,1134.54755952381,1266.25,2565.125,11.9378306878307,12.2222222222222,12.7777777777778,9.44444444444444,27.4642857142857,27,27,29,3.43830869055206,3.49798559298276,3.81130962441916,2.83267941327911,27600.25,26431.75,16400.9375,2164.5625,366.75,209,70499.125,72762.875,73162.6025,73501.915,7.42090425369562,"Hazardous","High",NA,NA,NA,NA,NA,NA,NA,NA,NA,NA,NA,NA,NA,NA,NA,NA,NA,NA,NA
"B7B_B",20,0,"FASMEE23","Button","Smoke","CW/KOH",20250221,20250502,"LL","1000x","n/a","","B7B","F23_F",2023-10-10,2023-10-09 18:17:00,2023-10-10 00:17:00,2,"Blue","PTFE",4,60,15,2023-10-10 00:17:00,2023-10-10 00:32:00,"","B7",30,0.03,0.1,0,-3.50655789731998,0.20625,0,7,0,0,0,0,0,123050.78125,1625.52013208166,1670.54342003125,4296.5432918125,191.864464285714,243.5,323.75,1134.54755952381,1266.25,2565.125,11.9378306878307,12.2222222222222,12.7777777777778,9.44444444444444,27.4642857142857,27,27,29,3.43830869055206,3.49798559298276,3.81130962441916,2.83267941327911,27600.25,26431.75,16400.9375,2164.5625,366.75,209,70499.125,72762.875,73162.6025,73501.915,7.42090425369562,"Hazardous","High",NA,NA,NA,NA,NA,NA,NA,NA,NA,NA,NA,NA,NA,NA,NA,NA,NA,NA,NA
"B7B_B",21,0,"FASMEE23","Button","Smoke","CW/KOH",20250221,20250502,"LL","1000x","n/a","","B7B","F23_F",2023-10-10,2023-10-09 18:17:00,2023-10-10 00:17:00,2,"Blue","PTFE",4,60,15,2023-10-10 00:17:00,2023-10-10 00:32:00,"","B7",30,0.03,0.1,0,-3.50655789731998,0.20625,0,7,0,0,0,0,0,123050.78125,1625.52013208166,1670.54342003125,4296.5432918125,191.864464285714,243.5,323.75,1134.54755952381,1266.25,2565.125,11.9378306878307,12.2222222222222,12.7777777777778,9.44444444444444,27.4642857142857,27,27,29,3.43830869055206,3.49798559298276,3.81130962441916,2.83267941327911,27600.25,26431.75,16400.9375,2164.5625,366.75,209,70499.125,72762.875,73162.6025,73501.915,7.42090425369562,"Hazardous","High",NA,NA,NA,NA,NA,NA,NA,NA,NA,NA,NA,NA,NA,NA,NA,NA,NA,NA,NA
"B7B_B",22,0,"FASMEE23","Button","Smoke","CW/KOH",20250221,20250502,"LL","1000x","n/a","","B7B","F23_F",2023-10-10,2023-10-09 18:17:00,2023-10-10 00:17:00,2,"Blue","PTFE",4,60,15,2023-10-10 00:17:00,2023-10-10 00:32:00,"","B7",30,0.03,0.1,0,-3.50655789731998,0.20625,0,7,0,0,0,0,0,123050.78125,1625.52013208166,1670.54342003125,4296.5432918125,191.864464285714,243.5,323.75,1134.54755952381,1266.25,2565.125,11.9378306878307,12.2222222222222,12.7777777777778,9.44444444444444,27.4642857142857,27,27,29,3.43830869055206,3.49798559298276,3.81130962441916,2.83267941327911,27600.25,26431.75,16400.9375,2164.5625,366.75,209,70499.125,72762.875,73162.6025,73501.915,7.42090425369562,"Hazardous","High",NA,NA,NA,NA,NA,NA,NA,NA,NA,NA,NA,NA,NA,NA,NA,NA,NA,NA,NA
"B7B_B",23,0,"FASMEE23","Button","Smoke","CW/KOH",20250221,20250502,"LL","1000x","n/a","","B7B","F23_F",2023-10-10,2023-10-09 18:17:00,2023-10-10 00:17:00,2,"Blue","PTFE",4,60,15,2023-10-10 00:17:00,2023-10-10 00:32:00,"","B7",30,0.03,0.1,0,-3.50655789731998,0.20625,0,7,0,0,0,0,0,123050.78125,1625.52013208166,1670.54342003125,4296.5432918125,191.864464285714,243.5,323.75,1134.54755952381,1266.25,2565.125,11.9378306878307,12.2222222222222,12.7777777777778,9.44444444444444,27.4642857142857,27,27,29,3.43830869055206,3.49798559298276,3.81130962441916,2.83267941327911,27600.25,26431.75,16400.9375,2164.5625,366.75,209,70499.125,72762.875,73162.6025,73501.915,7.42090425369562,"Hazardous","High",NA,NA,NA,NA,NA,NA,NA,NA,NA,NA,NA,NA,NA,NA,NA,NA,NA,NA,NA
"B7B_B",24,2,"FASMEE23","Button","Smoke","CW/KOH",20250221,20250502,"LL","1000x","n/a","","B7B","F23_F",2023-10-10,2023-10-09 18:17:00,2023-10-10 00:17:00,2,"Blue","PTFE",4,60,15,2023-10-10 00:17:00,2023-10-10 00:32:00,"","B7",30,0.03,0.1,1.9,-3.50655789731998,0.20625,1.79375,7,14450,481666.666666667,12959.84375,431994.791666667,319118.277994792,123050.78125,1625.52013208166,1670.54342003125,4296.5432918125,191.864464285714,243.5,323.75,1134.54755952381,1266.25,2565.125,11.9378306878307,12.2222222222222,12.7777777777778,9.44444444444444,27.4642857142857,27,27,29,3.43830869055206,3.49798559298276,3.81130962441916,2.83267941327911,27600.25,26431.75,16400.9375,2164.5625,366.75,209,70499.125,72762.875,73162.6025,73501.915,7.42090425369562,"Hazardous","High",NA,NA,NA,NA,NA,NA,NA,NA,NA,NA,NA,NA,NA,NA,NA,NA,NA,NA,NA
"B7B_B",25,0,"FASMEE23","Button","Smoke","CW/KOH",20250221,20250502,"LL","1000x","n/a","","B7B","F23_F",2023-10-10,2023-10-09 18:17:00,2023-10-10 00:17:00,2,"Blue","PTFE",4,60,15,2023-10-10 00:17:00,2023-10-10 00:32:00,"","B7",30,0.03,0.1,0,-3.50655789731998,0.20625,0,7,0,0,0,0,0,123050.78125,1625.52013208166,1670.54342003125,4296.5432918125,191.864464285714,243.5,323.75,1134.54755952381,1266.25,2565.125,11.9378306878307,12.2222222222222,12.7777777777778,9.44444444444444,27.4642857142857,27,27,29,3.43830869055206,3.49798559298276,3.81130962441916,2.83267941327911,27600.25,26431.75,16400.9375,2164.5625,366.75,209,70499.125,72762.875,73162.6025,73501.915,7.42090425369562,"Hazardous","High",NA,NA,NA,NA,NA,NA,NA,NA,NA,NA,NA,NA,NA,NA,NA,NA,NA,NA,NA
"B7B_B",26,0,"FASMEE23","Button","Smoke","CW/KOH",20250221,20250502,"LL","1000x","n/a","","B7B","F23_F",2023-10-10,2023-10-09 18:17:00,2023-10-10 00:17:00,2,"Blue","PTFE",4,60,15,2023-10-10 00:17:00,2023-10-10 00:32:00,"","B7",30,0.03,0.1,0,-3.50655789731998,0.20625,0,7,0,0,0,0,0,123050.78125,1625.52013208166,1670.54342003125,4296.5432918125,191.864464285714,243.5,323.75,1134.54755952381,1266.25,2565.125,11.9378306878307,12.2222222222222,12.7777777777778,9.44444444444444,27.4642857142857,27,27,29,3.43830869055206,3.49798559298276,3.81130962441916,2.83267941327911,27600.25,26431.75,16400.9375,2164.5625,366.75,209,70499.125,72762.875,73162.6025,73501.915,7.42090425369562,"Hazardous","High",NA,NA,NA,NA,NA,NA,NA,NA,NA,NA,NA,NA,NA,NA,NA,NA,NA,NA,NA
"B7B_B",27,0,"FASMEE23","Button","Smoke","CW/KOH",20250221,20250502,"LL","1000x","n/a","","B7B","F23_F",2023-10-10,2023-10-09 18:17:00,2023-10-10 00:17:00,2,"Blue","PTFE",4,60,15,2023-10-10 00:17:00,2023-10-10 00:32:00,"","B7",30,0.03,0.1,0,-3.50655789731998,0.20625,0,7,0,0,0,0,0,123050.78125,1625.52013208166,1670.54342003125,4296.5432918125,191.864464285714,243.5,323.75,1134.54755952381,1266.25,2565.125,11.9378306878307,12.2222222222222,12.7777777777778,9.44444444444444,27.4642857142857,27,27,29,3.43830869055206,3.49798559298276,3.81130962441916,2.83267941327911,27600.25,26431.75,16400.9375,2164.5625,366.75,209,70499.125,72762.875,73162.6025,73501.915,7.42090425369562,"Hazardous","High",NA,NA,NA,NA,NA,NA,NA,NA,NA,NA,NA,NA,NA,NA,NA,NA,NA,NA,NA
"B7B_B",28,0,"FASMEE23","Button","Smoke","CW/KOH",20250221,20250502,"LL","1000x","n/a","","B7B","F23_F",2023-10-10,2023-10-09 18:17:00,2023-10-10 00:17:00,2,"Blue","PTFE",4,60,15,2023-10-10 00:17:00,2023-10-10 00:32:00,"","B7",30,0.03,0.1,0,-3.50655789731998,0.20625,0,7,0,0,0,0,0,123050.78125,1625.52013208166,1670.54342003125,4296.5432918125,191.864464285714,243.5,323.75,1134.54755952381,1266.25,2565.125,11.9378306878307,12.2222222222222,12.7777777777778,9.44444444444444,27.4642857142857,27,27,29,3.43830869055206,3.49798559298276,3.81130962441916,2.83267941327911,27600.25,26431.75,16400.9375,2164.5625,366.75,209,70499.125,72762.875,73162.6025,73501.915,7.42090425369562,"Hazardous","High",NA,NA,NA,NA,NA,NA,NA,NA,NA,NA,NA,NA,NA,NA,NA,NA,NA,NA,NA
"B7B_B",29,1,"FASMEE23","Button","Smoke","CW/KOH",20250221,20250502,"LL","1000x","n/a","","B7B","F23_F",2023-10-10,2023-10-09 18:17:00,2023-10-10 00:17:00,2,"Blue","PTFE",4,60,15,2023-10-10 00:17:00,2023-10-10 00:32:00,"","B7",30,0.03,0.1,0.9,-3.50655789731998,0.20625,0.79375,7,7225,240833.333333333,5734.84375,191161.458333333,78284.9446614584,123050.78125,1625.52013208166,1670.54342003125,4296.5432918125,191.864464285714,243.5,323.75,1134.54755952381,1266.25,2565.125,11.9378306878307,12.2222222222222,12.7777777777778,9.44444444444444,27.4642857142857,27,27,29,3.43830869055206,3.49798559298276,3.81130962441916,2.83267941327911,27600.25,26431.75,16400.9375,2164.5625,366.75,209,70499.125,72762.875,73162.6025,73501.915,7.42090425369562,"Hazardous","High",NA,NA,NA,NA,NA,NA,NA,NA,NA,NA,NA,NA,NA,NA,NA,NA,NA,NA,NA
"B7B_B",30,3,"FASMEE23","Button","Smoke","CW/KOH",20250221,20250502,"LL","1000x","n/a","","B7B","F23_F",2023-10-10,2023-10-09 18:17:00,2023-10-10 00:17:00,2,"Blue","PTFE",4,60,15,2023-10-10 00:17:00,2023-10-10 00:32:00,"","B7",30,0.03,0.1,2.9,-3.50655789731998,0.20625,2.79375,7,21675,722500,20184.84375,672828.125,559951.611328125,123050.78125,1625.52013208166,1670.54342003125,4296.5432918125,191.864464285714,243.5,323.75,1134.54755952381,1266.25,2565.125,11.9378306878307,12.2222222222222,12.7777777777778,9.44444444444444,27.4642857142857,27,27,29,3.43830869055206,3.49798559298276,3.81130962441916,2.83267941327911,27600.25,26431.75,16400.9375,2164.5625,366.75,209,70499.125,72762.875,73162.6025,73501.915,7.42090425369562,"Hazardous","High",NA,NA,NA,NA,NA,NA,NA,NA,NA,NA,NA,NA,NA,NA,NA,NA,NA,NA,NA
"B7B_B",31,0,"FASMEE23","Button","Smoke","CW/KOH",20250221,20250502,"LL","1000x","n/a","","B7B","F23_F",2023-10-10,2023-10-09 18:17:00,2023-10-10 00:17:00,2,"Blue","PTFE",4,60,15,2023-10-10 00:17:00,2023-10-10 00:32:00,"","B7",30,0.03,0.1,0,-3.50655789731998,0.20625,0,7,0,0,0,0,0,123050.78125,1625.52013208166,1670.54342003125,4296.5432918125,191.864464285714,243.5,323.75,1134.54755952381,1266.25,2565.125,11.9378306878307,12.2222222222222,12.7777777777778,9.44444444444444,27.4642857142857,27,27,29,3.43830869055206,3.49798559298276,3.81130962441916,2.83267941327911,27600.25,26431.75,16400.9375,2164.5625,366.75,209,70499.125,72762.875,73162.6025,73501.915,7.42090425369562,"Hazardous","High",NA,NA,NA,NA,NA,NA,NA,NA,NA,NA,NA,NA,NA,NA,NA,NA,NA,NA,NA
"B7B_B",32,0,"FASMEE23","Button","Smoke","CW/KOH",20250221,20250502,"LL","1000x","n/a","","B7B","F23_F",2023-10-10,2023-10-09 18:17:00,2023-10-10 00:17:00,2,"Blue","PTFE",4,60,15,2023-10-10 00:17:00,2023-10-10 00:32:00,"","B7",30,0.03,0.1,0,-3.50655789731998,0.20625,0,7,0,0,0,0,0,123050.78125,1625.52013208166,1670.54342003125,4296.5432918125,191.864464285714,243.5,323.75,1134.54755952381,1266.25,2565.125,11.9378306878307,12.2222222222222,12.7777777777778,9.44444444444444,27.4642857142857,27,27,29,3.43830869055206,3.49798559298276,3.81130962441916,2.83267941327911,27600.25,26431.75,16400.9375,2164.5625,366.75,209,70499.125,72762.875,73162.6025,73501.915,7.42090425369562,"Hazardous","High",NA,NA,NA,NA,NA,NA,NA,NA,NA,NA,NA,NA,NA,NA,NA,NA,NA,NA,NA
"B7B_B",33,0,"FASMEE23","Button","Smoke","CW/KOH",20250221,20250502,"LL","1000x","n/a","","B7B","F23_F",2023-10-10,2023-10-09 18:17:00,2023-10-10 00:17:00,2,"Blue","PTFE",4,60,15,2023-10-10 00:17:00,2023-10-10 00:32:00,"","B7",30,0.03,0.1,0,-3.50655789731998,0.20625,0,7,0,0,0,0,0,123050.78125,1625.52013208166,1670.54342003125,4296.5432918125,191.864464285714,243.5,323.75,1134.54755952381,1266.25,2565.125,11.9378306878307,12.2222222222222,12.7777777777778,9.44444444444444,27.4642857142857,27,27,29,3.43830869055206,3.49798559298276,3.81130962441916,2.83267941327911,27600.25,26431.75,16400.9375,2164.5625,366.75,209,70499.125,72762.875,73162.6025,73501.915,7.42090425369562,"Hazardous","High",NA,NA,NA,NA,NA,NA,NA,NA,NA,NA,NA,NA,NA,NA,NA,NA,NA,NA,NA
"B7B_B",34,0,"FASMEE23","Button","Smoke","CW/KOH",20250221,20250502,"LL","1000x","n/a","","B7B","F23_F",2023-10-10,2023-10-09 18:17:00,2023-10-10 00:17:00,2,"Blue","PTFE",4,60,15,2023-10-10 00:17:00,2023-10-10 00:32:00,"","B7",30,0.03,0.1,0,-3.50655789731998,0.20625,0,7,0,0,0,0,0,123050.78125,1625.52013208166,1670.54342003125,4296.5432918125,191.864464285714,243.5,323.75,1134.54755952381,1266.25,2565.125,11.9378306878307,12.2222222222222,12.7777777777778,9.44444444444444,27.4642857142857,27,27,29,3.43830869055206,3.49798559298276,3.81130962441916,2.83267941327911,27600.25,26431.75,16400.9375,2164.5625,366.75,209,70499.125,72762.875,73162.6025,73501.915,7.42090425369562,"Hazardous","High",NA,NA,NA,NA,NA,NA,NA,NA,NA,NA,NA,NA,NA,NA,NA,NA,NA,NA,NA
"B7B_B",35,0,"FASMEE23","Button","Smoke","CW/KOH",20250221,20250502,"LL","1000x","n/a","","B7B","F23_F",2023-10-10,2023-10-09 18:17:00,2023-10-10 00:17:00,2,"Blue","PTFE",4,60,15,2023-10-10 00:17:00,2023-10-10 00:32:00,"","B7",30,0.03,0.1,0,-3.50655789731998,0.20625,0,7,0,0,0,0,0,123050.78125,1625.52013208166,1670.54342003125,4296.5432918125,191.864464285714,243.5,323.75,1134.54755952381,1266.25,2565.125,11.9378306878307,12.2222222222222,12.7777777777778,9.44444444444444,27.4642857142857,27,27,29,3.43830869055206,3.49798559298276,3.81130962441916,2.83267941327911,27600.25,26431.75,16400.9375,2164.5625,366.75,209,70499.125,72762.875,73162.6025,73501.915,7.42090425369562,"Hazardous","High",NA,NA,NA,NA,NA,NA,NA,NA,NA,NA,NA,NA,NA,NA,NA,NA,NA,NA,NA
"B7B_B",36,1,"FASMEE23","Button","Smoke","CW/KOH",20250221,20250502,"LL","1000x","n/a","","B7B","F23_F",2023-10-10,2023-10-09 18:17:00,2023-10-10 00:17:00,2,"Blue","PTFE",4,60,15,2023-10-10 00:17:00,2023-10-10 00:32:00,"","B7",30,0.03,0.1,0.9,-3.50655789731998,0.20625,0.79375,7,7225,240833.333333333,5734.84375,191161.458333333,78284.9446614584,123050.78125,1625.52013208166,1670.54342003125,4296.5432918125,191.864464285714,243.5,323.75,1134.54755952381,1266.25,2565.125,11.9378306878307,12.2222222222222,12.7777777777778,9.44444444444444,27.4642857142857,27,27,29,3.43830869055206,3.49798559298276,3.81130962441916,2.83267941327911,27600.25,26431.75,16400.9375,2164.5625,366.75,209,70499.125,72762.875,73162.6025,73501.915,7.42090425369562,"Hazardous","High",NA,NA,NA,NA,NA,NA,NA,NA,NA,NA,NA,NA,NA,NA,NA,NA,NA,NA,NA
"B7B_B",37,0,"FASMEE23","Button","Smoke","CW/KOH",20250221,20250502,"LL","1000x","n/a","","B7B","F23_F",2023-10-10,2023-10-09 18:17:00,2023-10-10 00:17:00,2,"Blue","PTFE",4,60,15,2023-10-10 00:17:00,2023-10-10 00:32:00,"","B7",30,0.03,0.1,0,-3.50655789731998,0.20625,0,7,0,0,0,0,0,123050.78125,1625.52013208166,1670.54342003125,4296.5432918125,191.864464285714,243.5,323.75,1134.54755952381,1266.25,2565.125,11.9378306878307,12.2222222222222,12.7777777777778,9.44444444444444,27.4642857142857,27,27,29,3.43830869055206,3.49798559298276,3.81130962441916,2.83267941327911,27600.25,26431.75,16400.9375,2164.5625,366.75,209,70499.125,72762.875,73162.6025,73501.915,7.42090425369562,"Hazardous","High",NA,NA,NA,NA,NA,NA,NA,NA,NA,NA,NA,NA,NA,NA,NA,NA,NA,NA,NA
"B7B_B",38,0,"FASMEE23","Button","Smoke","CW/KOH",20250221,20250502,"LL","1000x","n/a","","B7B","F23_F",2023-10-10,2023-10-09 18:17:00,2023-10-10 00:17:00,2,"Blue","PTFE",4,60,15,2023-10-10 00:17:00,2023-10-10 00:32:00,"","B7",30,0.03,0.1,0,-3.50655789731998,0.20625,0,7,0,0,0,0,0,123050.78125,1625.52013208166,1670.54342003125,4296.5432918125,191.864464285714,243.5,323.75,1134.54755952381,1266.25,2565.125,11.9378306878307,12.2222222222222,12.7777777777778,9.44444444444444,27.4642857142857,27,27,29,3.43830869055206,3.49798559298276,3.81130962441916,2.83267941327911,27600.25,26431.75,16400.9375,2164.5625,366.75,209,70499.125,72762.875,73162.6025,73501.915,7.42090425369562,"Hazardous","High",NA,NA,NA,NA,NA,NA,NA,NA,NA,NA,NA,NA,NA,NA,NA,NA,NA,NA,NA
"B7B_B",39,0,"FASMEE23","Button","Smoke","CW/KOH",20250221,20250502,"LL","1000x","n/a","","B7B","F23_F",2023-10-10,2023-10-09 18:17:00,2023-10-10 00:17:00,2,"Blue","PTFE",4,60,15,2023-10-10 00:17:00,2023-10-10 00:32:00,"","B7",30,0.03,0.1,0,-3.50655789731998,0.20625,0,7,0,0,0,0,0,123050.78125,1625.52013208166,1670.54342003125,4296.5432918125,191.864464285714,243.5,323.75,1134.54755952381,1266.25,2565.125,11.9378306878307,12.2222222222222,12.7777777777778,9.44444444444444,27.4642857142857,27,27,29,3.43830869055206,3.49798559298276,3.81130962441916,2.83267941327911,27600.25,26431.75,16400.9375,2164.5625,366.75,209,70499.125,72762.875,73162.6025,73501.915,7.42090425369562,"Hazardous","High",NA,NA,NA,NA,NA,NA,NA,NA,NA,NA,NA,NA,NA,NA,NA,NA,NA,NA,NA
"B7B_B",40,0,"FASMEE23","Button","Smoke","CW/KOH",20250221,20250502,"LL","1000x","n/a","","B7B","F23_F",2023-10-10,2023-10-09 18:17:00,2023-10-10 00:17:00,2,"Blue","PTFE",4,60,15,2023-10-10 00:17:00,2023-10-10 00:32:00,"","B7",30,0.03,0.1,0,-3.50655789731998,0.20625,0,7,0,0,0,0,0,123050.78125,1625.52013208166,1670.54342003125,4296.5432918125,191.864464285714,243.5,323.75,1134.54755952381,1266.25,2565.125,11.9378306878307,12.2222222222222,12.7777777777778,9.44444444444444,27.4642857142857,27,27,29,3.43830869055206,3.49798559298276,3.81130962441916,2.83267941327911,27600.25,26431.75,16400.9375,2164.5625,366.75,209,70499.125,72762.875,73162.6025,73501.915,7.42090425369562,"Hazardous","High",NA,NA,NA,NA,NA,NA,NA,NA,NA,NA,NA,NA,NA,NA,NA,NA,NA,NA,NA
"B8B_B",1,0,"FASMEE23","Button","Smoke","CW/KOH",20250221,20250502,"LL","1000x","n/a","","B8B","F23_F",2023-10-10,2023-10-09 18:45:00,2023-10-10 00:45:00,2,"Blue","PTFE",4,60,15,2023-10-10 00:45:00,2023-10-10 01:00:00,"","B8",30,0.03,0.1,0,-3.50655789731998,0.20625,0,8,0,0,0,0,0,123050.78125,1205.06665382693,1303.733104,3018.616525,226.646470588235,286,417.125,876.608941176471,1025.165,1821,12.078431372549,11.6666666666667,13.8888888888889,10.5555555555556,27.6117647058824,28,26,30,3.48006033349395,3.49058669865849,3.8025217445426,3.05727862595733,26588.54,25222.5,13803,1123.75,154.17,81.33,66054.875,67628,67854.375,68080.75,7.17298704669122,"Hazardous","High",NA,NA,NA,NA,NA,NA,NA,NA,NA,NA,NA,NA,NA,NA,NA,NA,NA,NA,NA
"B8B_B",2,0,"FASMEE23","Button","Smoke","CW/KOH",20250221,20250502,"LL","1000x","n/a","","B8B","F23_F",2023-10-10,2023-10-09 18:45:00,2023-10-10 00:45:00,2,"Blue","PTFE",4,60,15,2023-10-10 00:45:00,2023-10-10 01:00:00,"","B8",30,0.03,0.1,0,-3.50655789731998,0.20625,0,8,0,0,0,0,0,123050.78125,1205.06665382693,1303.733104,3018.616525,226.646470588235,286,417.125,876.608941176471,1025.165,1821,12.078431372549,11.6666666666667,13.8888888888889,10.5555555555556,27.6117647058824,28,26,30,3.48006033349395,3.49058669865849,3.8025217445426,3.05727862595733,26588.54,25222.5,13803,1123.75,154.17,81.33,66054.875,67628,67854.375,68080.75,7.17298704669122,"Hazardous","High",NA,NA,NA,NA,NA,NA,NA,NA,NA,NA,NA,NA,NA,NA,NA,NA,NA,NA,NA
"B8B_B",3,0,"FASMEE23","Button","Smoke","CW/KOH",20250221,20250502,"LL","1000x","n/a","","B8B","F23_F",2023-10-10,2023-10-09 18:45:00,2023-10-10 00:45:00,2,"Blue","PTFE",4,60,15,2023-10-10 00:45:00,2023-10-10 01:00:00,"","B8",30,0.03,0.1,0,-3.50655789731998,0.20625,0,8,0,0,0,0,0,123050.78125,1205.06665382693,1303.733104,3018.616525,226.646470588235,286,417.125,876.608941176471,1025.165,1821,12.078431372549,11.6666666666667,13.8888888888889,10.5555555555556,27.6117647058824,28,26,30,3.48006033349395,3.49058669865849,3.8025217445426,3.05727862595733,26588.54,25222.5,13803,1123.75,154.17,81.33,66054.875,67628,67854.375,68080.75,7.17298704669122,"Hazardous","High",NA,NA,NA,NA,NA,NA,NA,NA,NA,NA,NA,NA,NA,NA,NA,NA,NA,NA,NA
"B8B_B",4,3,"FASMEE23","Button","Smoke","CW/KOH",20250221,20250502,"LL","1000x","n/a","","B8B","F23_F",2023-10-10,2023-10-09 18:45:00,2023-10-10 00:45:00,2,"Blue","PTFE",4,60,15,2023-10-10 00:45:00,2023-10-10 01:00:00,"","B8",30,0.03,0.1,2.9,-3.50655789731998,0.20625,2.79375,8,21675,722500,20184.84375,672828.125,559951.611328125,123050.78125,1205.06665382693,1303.733104,3018.616525,226.646470588235,286,417.125,876.608941176471,1025.165,1821,12.078431372549,11.6666666666667,13.8888888888889,10.5555555555556,27.6117647058824,28,26,30,3.48006033349395,3.49058669865849,3.8025217445426,3.05727862595733,26588.54,25222.5,13803,1123.75,154.17,81.33,66054.875,67628,67854.375,68080.75,7.17298704669122,"Hazardous","High",NA,NA,NA,NA,NA,NA,NA,NA,NA,NA,NA,NA,NA,NA,NA,NA,NA,NA,NA
"B8B_B",5,3,"FASMEE23","Button","Smoke","CW/KOH",20250221,20250502,"LL","1000x","n/a","","B8B","F23_F",2023-10-10,2023-10-09 18:45:00,2023-10-10 00:45:00,2,"Blue","PTFE",4,60,15,2023-10-10 00:45:00,2023-10-10 01:00:00,"","B8",30,0.03,0.1,2.9,-3.50655789731998,0.20625,2.79375,8,21675,722500,20184.84375,672828.125,559951.611328125,123050.78125,1205.06665382693,1303.733104,3018.616525,226.646470588235,286,417.125,876.608941176471,1025.165,1821,12.078431372549,11.6666666666667,13.8888888888889,10.5555555555556,27.6117647058824,28,26,30,3.48006033349395,3.49058669865849,3.8025217445426,3.05727862595733,26588.54,25222.5,13803,1123.75,154.17,81.33,66054.875,67628,67854.375,68080.75,7.17298704669122,"Hazardous","High",NA,NA,NA,NA,NA,NA,NA,NA,NA,NA,NA,NA,NA,NA,NA,NA,NA,NA,NA
"B8B_B",6,0,"FASMEE23","Button","Smoke","CW/KOH",20250221,20250502,"LL","1000x","n/a","","B8B","F23_F",2023-10-10,2023-10-09 18:45:00,2023-10-10 00:45:00,2,"Blue","PTFE",4,60,15,2023-10-10 00:45:00,2023-10-10 01:00:00,"","B8",30,0.03,0.1,0,-3.50655789731998,0.20625,0,8,0,0,0,0,0,123050.78125,1205.06665382693,1303.733104,3018.616525,226.646470588235,286,417.125,876.608941176471,1025.165,1821,12.078431372549,11.6666666666667,13.8888888888889,10.5555555555556,27.6117647058824,28,26,30,3.48006033349395,3.49058669865849,3.8025217445426,3.05727862595733,26588.54,25222.5,13803,1123.75,154.17,81.33,66054.875,67628,67854.375,68080.75,7.17298704669122,"Hazardous","High",NA,NA,NA,NA,NA,NA,NA,NA,NA,NA,NA,NA,NA,NA,NA,NA,NA,NA,NA
"B8B_B",7,0,"FASMEE23","Button","Smoke","CW/KOH",20250221,20250502,"LL","1000x","n/a","","B8B","F23_F",2023-10-10,2023-10-09 18:45:00,2023-10-10 00:45:00,2,"Blue","PTFE",4,60,15,2023-10-10 00:45:00,2023-10-10 01:00:00,"","B8",30,0.03,0.1,0,-3.50655789731998,0.20625,0,8,0,0,0,0,0,123050.78125,1205.06665382693,1303.733104,3018.616525,226.646470588235,286,417.125,876.608941176471,1025.165,1821,12.078431372549,11.6666666666667,13.8888888888889,10.5555555555556,27.6117647058824,28,26,30,3.48006033349395,3.49058669865849,3.8025217445426,3.05727862595733,26588.54,25222.5,13803,1123.75,154.17,81.33,66054.875,67628,67854.375,68080.75,7.17298704669122,"Hazardous","High",NA,NA,NA,NA,NA,NA,NA,NA,NA,NA,NA,NA,NA,NA,NA,NA,NA,NA,NA
"B8B_B",8,0,"FASMEE23","Button","Smoke","CW/KOH",20250221,20250502,"LL","1000x","n/a","","B8B","F23_F",2023-10-10,2023-10-09 18:45:00,2023-10-10 00:45:00,2,"Blue","PTFE",4,60,15,2023-10-10 00:45:00,2023-10-10 01:00:00,"","B8",30,0.03,0.1,0,-3.50655789731998,0.20625,0,8,0,0,0,0,0,123050.78125,1205.06665382693,1303.733104,3018.616525,226.646470588235,286,417.125,876.608941176471,1025.165,1821,12.078431372549,11.6666666666667,13.8888888888889,10.5555555555556,27.6117647058824,28,26,30,3.48006033349395,3.49058669865849,3.8025217445426,3.05727862595733,26588.54,25222.5,13803,1123.75,154.17,81.33,66054.875,67628,67854.375,68080.75,7.17298704669122,"Hazardous","High",NA,NA,NA,NA,NA,NA,NA,NA,NA,NA,NA,NA,NA,NA,NA,NA,NA,NA,NA
"B8B_B",9,1,"FASMEE23","Button","Smoke","CW/KOH",20250221,20250502,"LL","1000x","n/a","","B8B","F23_F",2023-10-10,2023-10-09 18:45:00,2023-10-10 00:45:00,2,"Blue","PTFE",4,60,15,2023-10-10 00:45:00,2023-10-10 01:00:00,"","B8",30,0.03,0.1,0.9,-3.50655789731998,0.20625,0.79375,8,7225,240833.333333333,5734.84375,191161.458333333,78284.9446614584,123050.78125,1205.06665382693,1303.733104,3018.616525,226.646470588235,286,417.125,876.608941176471,1025.165,1821,12.078431372549,11.6666666666667,13.8888888888889,10.5555555555556,27.6117647058824,28,26,30,3.48006033349395,3.49058669865849,3.8025217445426,3.05727862595733,26588.54,25222.5,13803,1123.75,154.17,81.33,66054.875,67628,67854.375,68080.75,7.17298704669122,"Hazardous","High",NA,NA,NA,NA,NA,NA,NA,NA,NA,NA,NA,NA,NA,NA,NA,NA,NA,NA,NA
"B8B_B",10,2,"FASMEE23","Button","Smoke","CW/KOH",20250221,20250502,"LL","1000x","n/a","","B8B","F23_F",2023-10-10,2023-10-09 18:45:00,2023-10-10 00:45:00,2,"Blue","PTFE",4,60,15,2023-10-10 00:45:00,2023-10-10 01:00:00,"","B8",30,0.03,0.1,1.9,-3.50655789731998,0.20625,1.79375,8,14450,481666.666666667,12959.84375,431994.791666667,319118.277994792,123050.78125,1205.06665382693,1303.733104,3018.616525,226.646470588235,286,417.125,876.608941176471,1025.165,1821,12.078431372549,11.6666666666667,13.8888888888889,10.5555555555556,27.6117647058824,28,26,30,3.48006033349395,3.49058669865849,3.8025217445426,3.05727862595733,26588.54,25222.5,13803,1123.75,154.17,81.33,66054.875,67628,67854.375,68080.75,7.17298704669122,"Hazardous","High",NA,NA,NA,NA,NA,NA,NA,NA,NA,NA,NA,NA,NA,NA,NA,NA,NA,NA,NA
"B8B_B",11,0,"FASMEE23","Button","Smoke","CW/KOH",20250221,20250502,"LL","1000x","n/a","","B8B","F23_F",2023-10-10,2023-10-09 18:45:00,2023-10-10 00:45:00,2,"Blue","PTFE",4,60,15,2023-10-10 00:45:00,2023-10-10 01:00:00,"","B8",30,0.03,0.1,0,-3.50655789731998,0.20625,0,8,0,0,0,0,0,123050.78125,1205.06665382693,1303.733104,3018.616525,226.646470588235,286,417.125,876.608941176471,1025.165,1821,12.078431372549,11.6666666666667,13.8888888888889,10.5555555555556,27.6117647058824,28,26,30,3.48006033349395,3.49058669865849,3.8025217445426,3.05727862595733,26588.54,25222.5,13803,1123.75,154.17,81.33,66054.875,67628,67854.375,68080.75,7.17298704669122,"Hazardous","High",NA,NA,NA,NA,NA,NA,NA,NA,NA,NA,NA,NA,NA,NA,NA,NA,NA,NA,NA
"B8B_B",12,0,"FASMEE23","Button","Smoke","CW/KOH",20250221,20250502,"LL","1000x","n/a","","B8B","F23_F",2023-10-10,2023-10-09 18:45:00,2023-10-10 00:45:00,2,"Blue","PTFE",4,60,15,2023-10-10 00:45:00,2023-10-10 01:00:00,"","B8",30,0.03,0.1,0,-3.50655789731998,0.20625,0,8,0,0,0,0,0,123050.78125,1205.06665382693,1303.733104,3018.616525,226.646470588235,286,417.125,876.608941176471,1025.165,1821,12.078431372549,11.6666666666667,13.8888888888889,10.5555555555556,27.6117647058824,28,26,30,3.48006033349395,3.49058669865849,3.8025217445426,3.05727862595733,26588.54,25222.5,13803,1123.75,154.17,81.33,66054.875,67628,67854.375,68080.75,7.17298704669122,"Hazardous","High",NA,NA,NA,NA,NA,NA,NA,NA,NA,NA,NA,NA,NA,NA,NA,NA,NA,NA,NA
"B8B_B",13,2,"FASMEE23","Button","Smoke","CW/KOH",20250221,20250502,"LL","1000x","n/a","","B8B","F23_F",2023-10-10,2023-10-09 18:45:00,2023-10-10 00:45:00,2,"Blue","PTFE",4,60,15,2023-10-10 00:45:00,2023-10-10 01:00:00,"","B8",30,0.03,0.1,1.9,-3.50655789731998,0.20625,1.79375,8,14450,481666.666666667,12959.84375,431994.791666667,319118.277994792,123050.78125,1205.06665382693,1303.733104,3018.616525,226.646470588235,286,417.125,876.608941176471,1025.165,1821,12.078431372549,11.6666666666667,13.8888888888889,10.5555555555556,27.6117647058824,28,26,30,3.48006033349395,3.49058669865849,3.8025217445426,3.05727862595733,26588.54,25222.5,13803,1123.75,154.17,81.33,66054.875,67628,67854.375,68080.75,7.17298704669122,"Hazardous","High",NA,NA,NA,NA,NA,NA,NA,NA,NA,NA,NA,NA,NA,NA,NA,NA,NA,NA,NA
"B8B_B",14,0,"FASMEE23","Button","Smoke","CW/KOH",20250221,20250502,"LL","1000x","n/a","","B8B","F23_F",2023-10-10,2023-10-09 18:45:00,2023-10-10 00:45:00,2,"Blue","PTFE",4,60,15,2023-10-10 00:45:00,2023-10-10 01:00:00,"","B8",30,0.03,0.1,0,-3.50655789731998,0.20625,0,8,0,0,0,0,0,123050.78125,1205.06665382693,1303.733104,3018.616525,226.646470588235,286,417.125,876.608941176471,1025.165,1821,12.078431372549,11.6666666666667,13.8888888888889,10.5555555555556,27.6117647058824,28,26,30,3.48006033349395,3.49058669865849,3.8025217445426,3.05727862595733,26588.54,25222.5,13803,1123.75,154.17,81.33,66054.875,67628,67854.375,68080.75,7.17298704669122,"Hazardous","High",NA,NA,NA,NA,NA,NA,NA,NA,NA,NA,NA,NA,NA,NA,NA,NA,NA,NA,NA
"B8B_B",15,0,"FASMEE23","Button","Smoke","CW/KOH",20250221,20250502,"LL","1000x","n/a","","B8B","F23_F",2023-10-10,2023-10-09 18:45:00,2023-10-10 00:45:00,2,"Blue","PTFE",4,60,15,2023-10-10 00:45:00,2023-10-10 01:00:00,"","B8",30,0.03,0.1,0,-3.50655789731998,0.20625,0,8,0,0,0,0,0,123050.78125,1205.06665382693,1303.733104,3018.616525,226.646470588235,286,417.125,876.608941176471,1025.165,1821,12.078431372549,11.6666666666667,13.8888888888889,10.5555555555556,27.6117647058824,28,26,30,3.48006033349395,3.49058669865849,3.8025217445426,3.05727862595733,26588.54,25222.5,13803,1123.75,154.17,81.33,66054.875,67628,67854.375,68080.75,7.17298704669122,"Hazardous","High",NA,NA,NA,NA,NA,NA,NA,NA,NA,NA,NA,NA,NA,NA,NA,NA,NA,NA,NA
"B8B_B",16,0,"FASMEE23","Button","Smoke","CW/KOH",20250221,20250502,"LL","1000x","n/a","","B8B","F23_F",2023-10-10,2023-10-09 18:45:00,2023-10-10 00:45:00,2,"Blue","PTFE",4,60,15,2023-10-10 00:45:00,2023-10-10 01:00:00,"","B8",30,0.03,0.1,0,-3.50655789731998,0.20625,0,8,0,0,0,0,0,123050.78125,1205.06665382693,1303.733104,3018.616525,226.646470588235,286,417.125,876.608941176471,1025.165,1821,12.078431372549,11.6666666666667,13.8888888888889,10.5555555555556,27.6117647058824,28,26,30,3.48006033349395,3.49058669865849,3.8025217445426,3.05727862595733,26588.54,25222.5,13803,1123.75,154.17,81.33,66054.875,67628,67854.375,68080.75,7.17298704669122,"Hazardous","High",NA,NA,NA,NA,NA,NA,NA,NA,NA,NA,NA,NA,NA,NA,NA,NA,NA,NA,NA
"B8B_B",17,0,"FASMEE23","Button","Smoke","CW/KOH",20250221,20250502,"LL","1000x","n/a","","B8B","F23_F",2023-10-10,2023-10-09 18:45:00,2023-10-10 00:45:00,2,"Blue","PTFE",4,60,15,2023-10-10 00:45:00,2023-10-10 01:00:00,"","B8",30,0.03,0.1,0,-3.50655789731998,0.20625,0,8,0,0,0,0,0,123050.78125,1205.06665382693,1303.733104,3018.616525,226.646470588235,286,417.125,876.608941176471,1025.165,1821,12.078431372549,11.6666666666667,13.8888888888889,10.5555555555556,27.6117647058824,28,26,30,3.48006033349395,3.49058669865849,3.8025217445426,3.05727862595733,26588.54,25222.5,13803,1123.75,154.17,81.33,66054.875,67628,67854.375,68080.75,7.17298704669122,"Hazardous","High",NA,NA,NA,NA,NA,NA,NA,NA,NA,NA,NA,NA,NA,NA,NA,NA,NA,NA,NA
"B8B_B",18,0,"FASMEE23","Button","Smoke","CW/KOH",20250221,20250502,"LL","1000x","n/a","","B8B","F23_F",2023-10-10,2023-10-09 18:45:00,2023-10-10 00:45:00,2,"Blue","PTFE",4,60,15,2023-10-10 00:45:00,2023-10-10 01:00:00,"","B8",30,0.03,0.1,0,-3.50655789731998,0.20625,0,8,0,0,0,0,0,123050.78125,1205.06665382693,1303.733104,3018.616525,226.646470588235,286,417.125,876.608941176471,1025.165,1821,12.078431372549,11.6666666666667,13.8888888888889,10.5555555555556,27.6117647058824,28,26,30,3.48006033349395,3.49058669865849,3.8025217445426,3.05727862595733,26588.54,25222.5,13803,1123.75,154.17,81.33,66054.875,67628,67854.375,68080.75,7.17298704669122,"Hazardous","High",NA,NA,NA,NA,NA,NA,NA,NA,NA,NA,NA,NA,NA,NA,NA,NA,NA,NA,NA
"B8B_B",19,0,"FASMEE23","Button","Smoke","CW/KOH",20250221,20250502,"LL","1000x","n/a","","B8B","F23_F",2023-10-10,2023-10-09 18:45:00,2023-10-10 00:45:00,2,"Blue","PTFE",4,60,15,2023-10-10 00:45:00,2023-10-10 01:00:00,"","B8",30,0.03,0.1,0,-3.50655789731998,0.20625,0,8,0,0,0,0,0,123050.78125,1205.06665382693,1303.733104,3018.616525,226.646470588235,286,417.125,876.608941176471,1025.165,1821,12.078431372549,11.6666666666667,13.8888888888889,10.5555555555556,27.6117647058824,28,26,30,3.48006033349395,3.49058669865849,3.8025217445426,3.05727862595733,26588.54,25222.5,13803,1123.75,154.17,81.33,66054.875,67628,67854.375,68080.75,7.17298704669122,"Hazardous","High",NA,NA,NA,NA,NA,NA,NA,NA,NA,NA,NA,NA,NA,NA,NA,NA,NA,NA,NA
"B8B_B",20,2,"FASMEE23","Button","Smoke","CW/KOH",20250221,20250502,"LL","1000x","n/a","","B8B","F23_F",2023-10-10,2023-10-09 18:45:00,2023-10-10 00:45:00,2,"Blue","PTFE",4,60,15,2023-10-10 00:45:00,2023-10-10 01:00:00,"","B8",30,0.03,0.1,1.9,-3.50655789731998,0.20625,1.79375,8,14450,481666.666666667,12959.84375,431994.791666667,319118.277994792,123050.78125,1205.06665382693,1303.733104,3018.616525,226.646470588235,286,417.125,876.608941176471,1025.165,1821,12.078431372549,11.6666666666667,13.8888888888889,10.5555555555556,27.6117647058824,28,26,30,3.48006033349395,3.49058669865849,3.8025217445426,3.05727862595733,26588.54,25222.5,13803,1123.75,154.17,81.33,66054.875,67628,67854.375,68080.75,7.17298704669122,"Hazardous","High",NA,NA,NA,NA,NA,NA,NA,NA,NA,NA,NA,NA,NA,NA,NA,NA,NA,NA,NA
"B8B_B",21,0,"FASMEE23","Button","Smoke","CW/KOH",20250221,20250502,"LL","1000x","n/a","","B8B","F23_F",2023-10-10,2023-10-09 18:45:00,2023-10-10 00:45:00,2,"Blue","PTFE",4,60,15,2023-10-10 00:45:00,2023-10-10 01:00:00,"","B8",30,0.03,0.1,0,-3.50655789731998,0.20625,0,8,0,0,0,0,0,123050.78125,1205.06665382693,1303.733104,3018.616525,226.646470588235,286,417.125,876.608941176471,1025.165,1821,12.078431372549,11.6666666666667,13.8888888888889,10.5555555555556,27.6117647058824,28,26,30,3.48006033349395,3.49058669865849,3.8025217445426,3.05727862595733,26588.54,25222.5,13803,1123.75,154.17,81.33,66054.875,67628,67854.375,68080.75,7.17298704669122,"Hazardous","High",NA,NA,NA,NA,NA,NA,NA,NA,NA,NA,NA,NA,NA,NA,NA,NA,NA,NA,NA
"B8B_B",22,1,"FASMEE23","Button","Smoke","CW/KOH",20250221,20250502,"LL","1000x","n/a","","B8B","F23_F",2023-10-10,2023-10-09 18:45:00,2023-10-10 00:45:00,2,"Blue","PTFE",4,60,15,2023-10-10 00:45:00,2023-10-10 01:00:00,"","B8",30,0.03,0.1,0.9,-3.50655789731998,0.20625,0.79375,8,7225,240833.333333333,5734.84375,191161.458333333,78284.9446614584,123050.78125,1205.06665382693,1303.733104,3018.616525,226.646470588235,286,417.125,876.608941176471,1025.165,1821,12.078431372549,11.6666666666667,13.8888888888889,10.5555555555556,27.6117647058824,28,26,30,3.48006033349395,3.49058669865849,3.8025217445426,3.05727862595733,26588.54,25222.5,13803,1123.75,154.17,81.33,66054.875,67628,67854.375,68080.75,7.17298704669122,"Hazardous","High",NA,NA,NA,NA,NA,NA,NA,NA,NA,NA,NA,NA,NA,NA,NA,NA,NA,NA,NA
"B8B_B",23,0,"FASMEE23","Button","Smoke","CW/KOH",20250221,20250502,"LL","1000x","n/a","","B8B","F23_F",2023-10-10,2023-10-09 18:45:00,2023-10-10 00:45:00,2,"Blue","PTFE",4,60,15,2023-10-10 00:45:00,2023-10-10 01:00:00,"","B8",30,0.03,0.1,0,-3.50655789731998,0.20625,0,8,0,0,0,0,0,123050.78125,1205.06665382693,1303.733104,3018.616525,226.646470588235,286,417.125,876.608941176471,1025.165,1821,12.078431372549,11.6666666666667,13.8888888888889,10.5555555555556,27.6117647058824,28,26,30,3.48006033349395,3.49058669865849,3.8025217445426,3.05727862595733,26588.54,25222.5,13803,1123.75,154.17,81.33,66054.875,67628,67854.375,68080.75,7.17298704669122,"Hazardous","High",NA,NA,NA,NA,NA,NA,NA,NA,NA,NA,NA,NA,NA,NA,NA,NA,NA,NA,NA
"B8B_B",24,0,"FASMEE23","Button","Smoke","CW/KOH",20250221,20250502,"LL","1000x","n/a","","B8B","F23_F",2023-10-10,2023-10-09 18:45:00,2023-10-10 00:45:00,2,"Blue","PTFE",4,60,15,2023-10-10 00:45:00,2023-10-10 01:00:00,"","B8",30,0.03,0.1,0,-3.50655789731998,0.20625,0,8,0,0,0,0,0,123050.78125,1205.06665382693,1303.733104,3018.616525,226.646470588235,286,417.125,876.608941176471,1025.165,1821,12.078431372549,11.6666666666667,13.8888888888889,10.5555555555556,27.6117647058824,28,26,30,3.48006033349395,3.49058669865849,3.8025217445426,3.05727862595733,26588.54,25222.5,13803,1123.75,154.17,81.33,66054.875,67628,67854.375,68080.75,7.17298704669122,"Hazardous","High",NA,NA,NA,NA,NA,NA,NA,NA,NA,NA,NA,NA,NA,NA,NA,NA,NA,NA,NA
"B8B_B",25,0,"FASMEE23","Button","Smoke","CW/KOH",20250221,20250502,"LL","1000x","n/a","","B8B","F23_F",2023-10-10,2023-10-09 18:45:00,2023-10-10 00:45:00,2,"Blue","PTFE",4,60,15,2023-10-10 00:45:00,2023-10-10 01:00:00,"","B8",30,0.03,0.1,0,-3.50655789731998,0.20625,0,8,0,0,0,0,0,123050.78125,1205.06665382693,1303.733104,3018.616525,226.646470588235,286,417.125,876.608941176471,1025.165,1821,12.078431372549,11.6666666666667,13.8888888888889,10.5555555555556,27.6117647058824,28,26,30,3.48006033349395,3.49058669865849,3.8025217445426,3.05727862595733,26588.54,25222.5,13803,1123.75,154.17,81.33,66054.875,67628,67854.375,68080.75,7.17298704669122,"Hazardous","High",NA,NA,NA,NA,NA,NA,NA,NA,NA,NA,NA,NA,NA,NA,NA,NA,NA,NA,NA
"B8B_B",26,0,"FASMEE23","Button","Smoke","CW/KOH",20250221,20250502,"LL","1000x","n/a","","B8B","F23_F",2023-10-10,2023-10-09 18:45:00,2023-10-10 00:45:00,2,"Blue","PTFE",4,60,15,2023-10-10 00:45:00,2023-10-10 01:00:00,"","B8",30,0.03,0.1,0,-3.50655789731998,0.20625,0,8,0,0,0,0,0,123050.78125,1205.06665382693,1303.733104,3018.616525,226.646470588235,286,417.125,876.608941176471,1025.165,1821,12.078431372549,11.6666666666667,13.8888888888889,10.5555555555556,27.6117647058824,28,26,30,3.48006033349395,3.49058669865849,3.8025217445426,3.05727862595733,26588.54,25222.5,13803,1123.75,154.17,81.33,66054.875,67628,67854.375,68080.75,7.17298704669122,"Hazardous","High",NA,NA,NA,NA,NA,NA,NA,NA,NA,NA,NA,NA,NA,NA,NA,NA,NA,NA,NA
"B8B_B",27,1,"FASMEE23","Button","Smoke","CW/KOH",20250221,20250502,"LL","1000x","n/a","","B8B","F23_F",2023-10-10,2023-10-09 18:45:00,2023-10-10 00:45:00,2,"Blue","PTFE",4,60,15,2023-10-10 00:45:00,2023-10-10 01:00:00,"","B8",30,0.03,0.1,0.9,-3.50655789731998,0.20625,0.79375,8,7225,240833.333333333,5734.84375,191161.458333333,78284.9446614584,123050.78125,1205.06665382693,1303.733104,3018.616525,226.646470588235,286,417.125,876.608941176471,1025.165,1821,12.078431372549,11.6666666666667,13.8888888888889,10.5555555555556,27.6117647058824,28,26,30,3.48006033349395,3.49058669865849,3.8025217445426,3.05727862595733,26588.54,25222.5,13803,1123.75,154.17,81.33,66054.875,67628,67854.375,68080.75,7.17298704669122,"Hazardous","High",NA,NA,NA,NA,NA,NA,NA,NA,NA,NA,NA,NA,NA,NA,NA,NA,NA,NA,NA
"B8B_B",28,0,"FASMEE23","Button","Smoke","CW/KOH",20250221,20250502,"LL","1000x","n/a","","B8B","F23_F",2023-10-10,2023-10-09 18:45:00,2023-10-10 00:45:00,2,"Blue","PTFE",4,60,15,2023-10-10 00:45:00,2023-10-10 01:00:00,"","B8",30,0.03,0.1,0,-3.50655789731998,0.20625,0,8,0,0,0,0,0,123050.78125,1205.06665382693,1303.733104,3018.616525,226.646470588235,286,417.125,876.608941176471,1025.165,1821,12.078431372549,11.6666666666667,13.8888888888889,10.5555555555556,27.6117647058824,28,26,30,3.48006033349395,3.49058669865849,3.8025217445426,3.05727862595733,26588.54,25222.5,13803,1123.75,154.17,81.33,66054.875,67628,67854.375,68080.75,7.17298704669122,"Hazardous","High",NA,NA,NA,NA,NA,NA,NA,NA,NA,NA,NA,NA,NA,NA,NA,NA,NA,NA,NA
"B8B_B",29,0,"FASMEE23","Button","Smoke","CW/KOH",20250221,20250502,"LL","1000x","n/a","","B8B","F23_F",2023-10-10,2023-10-09 18:45:00,2023-10-10 00:45:00,2,"Blue","PTFE",4,60,15,2023-10-10 00:45:00,2023-10-10 01:00:00,"","B8",30,0.03,0.1,0,-3.50655789731998,0.20625,0,8,0,0,0,0,0,123050.78125,1205.06665382693,1303.733104,3018.616525,226.646470588235,286,417.125,876.608941176471,1025.165,1821,12.078431372549,11.6666666666667,13.8888888888889,10.5555555555556,27.6117647058824,28,26,30,3.48006033349395,3.49058669865849,3.8025217445426,3.05727862595733,26588.54,25222.5,13803,1123.75,154.17,81.33,66054.875,67628,67854.375,68080.75,7.17298704669122,"Hazardous","High",NA,NA,NA,NA,NA,NA,NA,NA,NA,NA,NA,NA,NA,NA,NA,NA,NA,NA,NA
"B8B_B",30,12,"FASMEE23","Button","Smoke","CW/KOH",20250221,20250502,"LL","1000x","n/a","","B8B","F23_F",2023-10-10,2023-10-09 18:45:00,2023-10-10 00:45:00,2,"Blue","PTFE",4,60,15,2023-10-10 00:45:00,2023-10-10 01:00:00,"","B8",30,0.03,0.1,11.9,-3.50655789731998,0.20625,11.79375,8,86700,2890000,85209.84375,2840328.125,2727451.61132812,123050.78125,1205.06665382693,1303.733104,3018.616525,226.646470588235,286,417.125,876.608941176471,1025.165,1821,12.078431372549,11.6666666666667,13.8888888888889,10.5555555555556,27.6117647058824,28,26,30,3.48006033349395,3.49058669865849,3.8025217445426,3.05727862595733,26588.54,25222.5,13803,1123.75,154.17,81.33,66054.875,67628,67854.375,68080.75,7.17298704669122,"Hazardous","High",NA,NA,NA,NA,NA,NA,NA,NA,NA,NA,NA,NA,NA,NA,NA,NA,NA,NA,NA
"B8B_B",31,0,"FASMEE23","Button","Smoke","CW/KOH",20250221,20250502,"LL","1000x","n/a","","B8B","F23_F",2023-10-10,2023-10-09 18:45:00,2023-10-10 00:45:00,2,"Blue","PTFE",4,60,15,2023-10-10 00:45:00,2023-10-10 01:00:00,"","B8",30,0.03,0.1,0,-3.50655789731998,0.20625,0,8,0,0,0,0,0,123050.78125,1205.06665382693,1303.733104,3018.616525,226.646470588235,286,417.125,876.608941176471,1025.165,1821,12.078431372549,11.6666666666667,13.8888888888889,10.5555555555556,27.6117647058824,28,26,30,3.48006033349395,3.49058669865849,3.8025217445426,3.05727862595733,26588.54,25222.5,13803,1123.75,154.17,81.33,66054.875,67628,67854.375,68080.75,7.17298704669122,"Hazardous","High",NA,NA,NA,NA,NA,NA,NA,NA,NA,NA,NA,NA,NA,NA,NA,NA,NA,NA,NA
"B8B_B",32,0,"FASMEE23","Button","Smoke","CW/KOH",20250221,20250502,"LL","1000x","n/a","","B8B","F23_F",2023-10-10,2023-10-09 18:45:00,2023-10-10 00:45:00,2,"Blue","PTFE",4,60,15,2023-10-10 00:45:00,2023-10-10 01:00:00,"","B8",30,0.03,0.1,0,-3.50655789731998,0.20625,0,8,0,0,0,0,0,123050.78125,1205.06665382693,1303.733104,3018.616525,226.646470588235,286,417.125,876.608941176471,1025.165,1821,12.078431372549,11.6666666666667,13.8888888888889,10.5555555555556,27.6117647058824,28,26,30,3.48006033349395,3.49058669865849,3.8025217445426,3.05727862595733,26588.54,25222.5,13803,1123.75,154.17,81.33,66054.875,67628,67854.375,68080.75,7.17298704669122,"Hazardous","High",NA,NA,NA,NA,NA,NA,NA,NA,NA,NA,NA,NA,NA,NA,NA,NA,NA,NA,NA
"B8B_B",33,7,"FASMEE23","Button","Smoke","CW/KOH",20250221,20250502,"LL","1000x","n/a","","B8B","F23_F",2023-10-10,2023-10-09 18:45:00,2023-10-10 00:45:00,2,"Blue","PTFE",4,60,15,2023-10-10 00:45:00,2023-10-10 01:00:00,"","B8",30,0.03,0.1,6.9,-3.50655789731998,0.20625,6.79375,8,50575,1685833.33333333,49084.84375,1636161.45833333,1523284.94466146,123050.78125,1205.06665382693,1303.733104,3018.616525,226.646470588235,286,417.125,876.608941176471,1025.165,1821,12.078431372549,11.6666666666667,13.8888888888889,10.5555555555556,27.6117647058824,28,26,30,3.48006033349395,3.49058669865849,3.8025217445426,3.05727862595733,26588.54,25222.5,13803,1123.75,154.17,81.33,66054.875,67628,67854.375,68080.75,7.17298704669122,"Hazardous","High",NA,NA,NA,NA,NA,NA,NA,NA,NA,NA,NA,NA,NA,NA,NA,NA,NA,NA,NA
"B8B_B",34,3,"FASMEE23","Button","Smoke","CW/KOH",20250221,20250502,"LL","1000x","n/a","","B8B","F23_F",2023-10-10,2023-10-09 18:45:00,2023-10-10 00:45:00,2,"Blue","PTFE",4,60,15,2023-10-10 00:45:00,2023-10-10 01:00:00,"","B8",30,0.03,0.1,2.9,-3.50655789731998,0.20625,2.79375,8,21675,722500,20184.84375,672828.125,559951.611328125,123050.78125,1205.06665382693,1303.733104,3018.616525,226.646470588235,286,417.125,876.608941176471,1025.165,1821,12.078431372549,11.6666666666667,13.8888888888889,10.5555555555556,27.6117647058824,28,26,30,3.48006033349395,3.49058669865849,3.8025217445426,3.05727862595733,26588.54,25222.5,13803,1123.75,154.17,81.33,66054.875,67628,67854.375,68080.75,7.17298704669122,"Hazardous","High",NA,NA,NA,NA,NA,NA,NA,NA,NA,NA,NA,NA,NA,NA,NA,NA,NA,NA,NA
"B8B_B",35,0,"FASMEE23","Button","Smoke","CW/KOH",20250221,20250502,"LL","1000x","n/a","","B8B","F23_F",2023-10-10,2023-10-09 18:45:00,2023-10-10 00:45:00,2,"Blue","PTFE",4,60,15,2023-10-10 00:45:00,2023-10-10 01:00:00,"","B8",30,0.03,0.1,0,-3.50655789731998,0.20625,0,8,0,0,0,0,0,123050.78125,1205.06665382693,1303.733104,3018.616525,226.646470588235,286,417.125,876.608941176471,1025.165,1821,12.078431372549,11.6666666666667,13.8888888888889,10.5555555555556,27.6117647058824,28,26,30,3.48006033349395,3.49058669865849,3.8025217445426,3.05727862595733,26588.54,25222.5,13803,1123.75,154.17,81.33,66054.875,67628,67854.375,68080.75,7.17298704669122,"Hazardous","High",NA,NA,NA,NA,NA,NA,NA,NA,NA,NA,NA,NA,NA,NA,NA,NA,NA,NA,NA
"B8B_B",36,4,"FASMEE23","Button","Smoke","CW/KOH",20250221,20250502,"LL","1000x","n/a","","B8B","F23_F",2023-10-10,2023-10-09 18:45:00,2023-10-10 00:45:00,2,"Blue","PTFE",4,60,15,2023-10-10 00:45:00,2023-10-10 01:00:00,"","B8",30,0.03,0.1,3.9,-3.50655789731998,0.20625,3.79375,8,28900,963333.333333333,27409.84375,913661.458333333,800784.944661458,123050.78125,1205.06665382693,1303.733104,3018.616525,226.646470588235,286,417.125,876.608941176471,1025.165,1821,12.078431372549,11.6666666666667,13.8888888888889,10.5555555555556,27.6117647058824,28,26,30,3.48006033349395,3.49058669865849,3.8025217445426,3.05727862595733,26588.54,25222.5,13803,1123.75,154.17,81.33,66054.875,67628,67854.375,68080.75,7.17298704669122,"Hazardous","High",NA,NA,NA,NA,NA,NA,NA,NA,NA,NA,NA,NA,NA,NA,NA,NA,NA,NA,NA
"B8B_B",37,0,"FASMEE23","Button","Smoke","CW/KOH",20250221,20250502,"LL","1000x","n/a","","B8B","F23_F",2023-10-10,2023-10-09 18:45:00,2023-10-10 00:45:00,2,"Blue","PTFE",4,60,15,2023-10-10 00:45:00,2023-10-10 01:00:00,"","B8",30,0.03,0.1,0,-3.50655789731998,0.20625,0,8,0,0,0,0,0,123050.78125,1205.06665382693,1303.733104,3018.616525,226.646470588235,286,417.125,876.608941176471,1025.165,1821,12.078431372549,11.6666666666667,13.8888888888889,10.5555555555556,27.6117647058824,28,26,30,3.48006033349395,3.49058669865849,3.8025217445426,3.05727862595733,26588.54,25222.5,13803,1123.75,154.17,81.33,66054.875,67628,67854.375,68080.75,7.17298704669122,"Hazardous","High",NA,NA,NA,NA,NA,NA,NA,NA,NA,NA,NA,NA,NA,NA,NA,NA,NA,NA,NA
"B8B_B",38,0,"FASMEE23","Button","Smoke","CW/KOH",20250221,20250502,"LL","1000x","n/a","","B8B","F23_F",2023-10-10,2023-10-09 18:45:00,2023-10-10 00:45:00,2,"Blue","PTFE",4,60,15,2023-10-10 00:45:00,2023-10-10 01:00:00,"","B8",30,0.03,0.1,0,-3.50655789731998,0.20625,0,8,0,0,0,0,0,123050.78125,1205.06665382693,1303.733104,3018.616525,226.646470588235,286,417.125,876.608941176471,1025.165,1821,12.078431372549,11.6666666666667,13.8888888888889,10.5555555555556,27.6117647058824,28,26,30,3.48006033349395,3.49058669865849,3.8025217445426,3.05727862595733,26588.54,25222.5,13803,1123.75,154.17,81.33,66054.875,67628,67854.375,68080.75,7.17298704669122,"Hazardous","High",NA,NA,NA,NA,NA,NA,NA,NA,NA,NA,NA,NA,NA,NA,NA,NA,NA,NA,NA
"B8B_B",39,0,"FASMEE23","Button","Smoke","CW/KOH",20250221,20250502,"LL","1000x","n/a","","B8B","F23_F",2023-10-10,2023-10-09 18:45:00,2023-10-10 00:45:00,2,"Blue","PTFE",4,60,15,2023-10-10 00:45:00,2023-10-10 01:00:00,"","B8",30,0.03,0.1,0,-3.50655789731998,0.20625,0,8,0,0,0,0,0,123050.78125,1205.06665382693,1303.733104,3018.616525,226.646470588235,286,417.125,876.608941176471,1025.165,1821,12.078431372549,11.6666666666667,13.8888888888889,10.5555555555556,27.6117647058824,28,26,30,3.48006033349395,3.49058669865849,3.8025217445426,3.05727862595733,26588.54,25222.5,13803,1123.75,154.17,81.33,66054.875,67628,67854.375,68080.75,7.17298704669122,"Hazardous","High",NA,NA,NA,NA,NA,NA,NA,NA,NA,NA,NA,NA,NA,NA,NA,NA,NA,NA,NA
"B8B_B",40,0,"FASMEE23","Button","Smoke","CW/KOH",20250221,20250502,"LL","1000x","n/a","","B8B","F23_F",2023-10-10,2023-10-09 18:45:00,2023-10-10 00:45:00,2,"Blue","PTFE",4,60,15,2023-10-10 00:45:00,2023-10-10 01:00:00,"","B8",30,0.03,0.1,0,-3.50655789731998,0.20625,0,8,0,0,0,0,0,123050.78125,1205.06665382693,1303.733104,3018.616525,226.646470588235,286,417.125,876.608941176471,1025.165,1821,12.078431372549,11.6666666666667,13.8888888888889,10.5555555555556,27.6117647058824,28,26,30,3.48006033349395,3.49058669865849,3.8025217445426,3.05727862595733,26588.54,25222.5,13803,1123.75,154.17,81.33,66054.875,67628,67854.375,68080.75,7.17298704669122,"Hazardous","High",NA,NA,NA,NA,NA,NA,NA,NA,NA,NA,NA,NA,NA,NA,NA,NA,NA,NA,NA
"B9B_B",1,12,"FASMEE23","Button","Smoke","CW/KOH",20250127,20250502,"LL","1000x","n/a","","B9B","F23_E",2023-10-10,2023-10-10 15:09:00,2023-10-10 21:09:00,3,"Blue","PTFE",4,60,15,2023-10-10 21:09:00,2023-10-10 21:24:00,"","B9",30,0.03,0,12,-3.50655789731998,0.10625,11.89375,9,86700,2890000,85932.34375,2864411.45833333,2751534.94466146,123050.78125,584.100794087505,188.516922417344,3114.5911041344,176.698148148148,130.5,422.625,446.172839506173,237.875,1716.21,10.8074935400517,10.5555555555556,11.6666666666667,10,33.0116279069767,33,31,34,3.84755654322465,3.82515368908763,4.16705056996941,3.64859285797902,11336.5,10298.67,2475.79,88.25,0.125,0,24722.5,24835.125,24836.25,24837.375,5.23918777695593,"Very Unhealthy","Low",61.2042743966305,66.3921308617705,201.814906555965,15.7464380900351,108.784440826061,218.711205508665,12.1776042318889,13.3199766930851,24.5377224480851,0.896793933565282,0.89807374740202,62.9928010192709,125.985602038542,0.125985602038542,0.000125985602038542,1.25985602038542e-07,21840074581059.7,21840074581.0597,21840.0745810597
"B9B_B",2,0,"FASMEE23","Button","Smoke","CW/KOH",20250127,20250502,"LL","1000x","n/a","","B9B","F23_E",2023-10-10,2023-10-10 15:09:00,2023-10-10 21:09:00,3,"Blue","PTFE",4,60,15,2023-10-10 21:09:00,2023-10-10 21:24:00,"","B9",30,0.03,0,0,-3.50655789731998,0.10625,0,9,0,0,0,0,0,123050.78125,584.100794087505,188.516922417344,3114.5911041344,176.698148148148,130.5,422.625,446.172839506173,237.875,1716.21,10.8074935400517,10.5555555555556,11.6666666666667,10,33.0116279069767,33,31,34,3.84755654322465,3.82515368908763,4.16705056996941,3.64859285797902,11336.5,10298.67,2475.79,88.25,0.125,0,24722.5,24835.125,24836.25,24837.375,5.23918777695593,"Very Unhealthy","Low",61.2042743966305,66.3921308617705,201.814906555965,15.7464380900351,108.784440826061,218.711205508665,12.1776042318889,13.3199766930851,24.5377224480851,0.896793933565282,0.89807374740202,62.9928010192709,125.985602038542,0.125985602038542,0.000125985602038542,1.25985602038542e-07,0,0,0
"B9B_B",3,0,"FASMEE23","Button","Smoke","CW/KOH",20250127,20250502,"LL","1000x","n/a","","B9B","F23_E",2023-10-10,2023-10-10 15:09:00,2023-10-10 21:09:00,3,"Blue","PTFE",4,60,15,2023-10-10 21:09:00,2023-10-10 21:24:00,"","B9",30,0.03,0,0,-3.50655789731998,0.10625,0,9,0,0,0,0,0,123050.78125,584.100794087505,188.516922417344,3114.5911041344,176.698148148148,130.5,422.625,446.172839506173,237.875,1716.21,10.8074935400517,10.5555555555556,11.6666666666667,10,33.0116279069767,33,31,34,3.84755654322465,3.82515368908763,4.16705056996941,3.64859285797902,11336.5,10298.67,2475.79,88.25,0.125,0,24722.5,24835.125,24836.25,24837.375,5.23918777695593,"Very Unhealthy","Low",61.2042743966305,66.3921308617705,201.814906555965,15.7464380900351,108.784440826061,218.711205508665,12.1776042318889,13.3199766930851,24.5377224480851,0.896793933565282,0.89807374740202,62.9928010192709,125.985602038542,0.125985602038542,0.000125985602038542,1.25985602038542e-07,0,0,0
"B9B_B",4,0,"FASMEE23","Button","Smoke","CW/KOH",20250127,20250502,"LL","1000x","n/a","","B9B","F23_E",2023-10-10,2023-10-10 15:09:00,2023-10-10 21:09:00,3,"Blue","PTFE",4,60,15,2023-10-10 21:09:00,2023-10-10 21:24:00,"","B9",30,0.03,0,0,-3.50655789731998,0.10625,0,9,0,0,0,0,0,123050.78125,584.100794087505,188.516922417344,3114.5911041344,176.698148148148,130.5,422.625,446.172839506173,237.875,1716.21,10.8074935400517,10.5555555555556,11.6666666666667,10,33.0116279069767,33,31,34,3.84755654322465,3.82515368908763,4.16705056996941,3.64859285797902,11336.5,10298.67,2475.79,88.25,0.125,0,24722.5,24835.125,24836.25,24837.375,5.23918777695593,"Very Unhealthy","Low",61.2042743966305,66.3921308617705,201.814906555965,15.7464380900351,108.784440826061,218.711205508665,12.1776042318889,13.3199766930851,24.5377224480851,0.896793933565282,0.89807374740202,62.9928010192709,125.985602038542,0.125985602038542,0.000125985602038542,1.25985602038542e-07,0,0,0
"B9B_B",5,0,"FASMEE23","Button","Smoke","CW/KOH",20250127,20250502,"LL","1000x","n/a","","B9B","F23_E",2023-10-10,2023-10-10 15:09:00,2023-10-10 21:09:00,3,"Blue","PTFE",4,60,15,2023-10-10 21:09:00,2023-10-10 21:24:00,"","B9",30,0.03,0,0,-3.50655789731998,0.10625,0,9,0,0,0,0,0,123050.78125,584.100794087505,188.516922417344,3114.5911041344,176.698148148148,130.5,422.625,446.172839506173,237.875,1716.21,10.8074935400517,10.5555555555556,11.6666666666667,10,33.0116279069767,33,31,34,3.84755654322465,3.82515368908763,4.16705056996941,3.64859285797902,11336.5,10298.67,2475.79,88.25,0.125,0,24722.5,24835.125,24836.25,24837.375,5.23918777695593,"Very Unhealthy","Low",61.2042743966305,66.3921308617705,201.814906555965,15.7464380900351,108.784440826061,218.711205508665,12.1776042318889,13.3199766930851,24.5377224480851,0.896793933565282,0.89807374740202,62.9928010192709,125.985602038542,0.125985602038542,0.000125985602038542,1.25985602038542e-07,0,0,0
"B9B_B",6,1,"FASMEE23","Button","Smoke","CW/KOH",20250127,20250502,"LL","1000x","n/a","","B9B","F23_E",2023-10-10,2023-10-10 15:09:00,2023-10-10 21:09:00,3,"Blue","PTFE",4,60,15,2023-10-10 21:09:00,2023-10-10 21:24:00,"","B9",30,0.03,0,1,-3.50655789731998,0.10625,0.89375,9,7225,240833.333333333,6457.34375,215244.791666667,102368.277994792,123050.78125,584.100794087505,188.516922417344,3114.5911041344,176.698148148148,130.5,422.625,446.172839506173,237.875,1716.21,10.8074935400517,10.5555555555556,11.6666666666667,10,33.0116279069767,33,31,34,3.84755654322465,3.82515368908763,4.16705056996941,3.64859285797902,11336.5,10298.67,2475.79,88.25,0.125,0,24722.5,24835.125,24836.25,24837.375,5.23918777695593,"Very Unhealthy","Low",61.2042743966305,66.3921308617705,201.814906555965,15.7464380900351,108.784440826061,218.711205508665,12.1776042318889,13.3199766930851,24.5377224480851,0.896793933565282,0.89807374740202,62.9928010192709,125.985602038542,0.125985602038542,0.000125985602038542,1.25985602038542e-07,812539499263.376,812539499.263376,812.539499263376
"B9B_B",7,1,"FASMEE23","Button","Smoke","CW/KOH",20250127,20250502,"LL","1000x","n/a","","B9B","F23_E",2023-10-10,2023-10-10 15:09:00,2023-10-10 21:09:00,3,"Blue","PTFE",4,60,15,2023-10-10 21:09:00,2023-10-10 21:24:00,"","B9",30,0.03,0,1,-3.50655789731998,0.10625,0.89375,9,7225,240833.333333333,6457.34375,215244.791666667,102368.277994792,123050.78125,584.100794087505,188.516922417344,3114.5911041344,176.698148148148,130.5,422.625,446.172839506173,237.875,1716.21,10.8074935400517,10.5555555555556,11.6666666666667,10,33.0116279069767,33,31,34,3.84755654322465,3.82515368908763,4.16705056996941,3.64859285797902,11336.5,10298.67,2475.79,88.25,0.125,0,24722.5,24835.125,24836.25,24837.375,5.23918777695593,"Very Unhealthy","Low",61.2042743966305,66.3921308617705,201.814906555965,15.7464380900351,108.784440826061,218.711205508665,12.1776042318889,13.3199766930851,24.5377224480851,0.896793933565282,0.89807374740202,62.9928010192709,125.985602038542,0.125985602038542,0.000125985602038542,1.25985602038542e-07,812539499263.376,812539499.263376,812.539499263376
"B9B_B",8,3,"FASMEE23","Button","Smoke","CW/KOH",20250127,20250502,"LL","1000x","n/a","","B9B","F23_E",2023-10-10,2023-10-10 15:09:00,2023-10-10 21:09:00,3,"Blue","PTFE",4,60,15,2023-10-10 21:09:00,2023-10-10 21:24:00,"","B9",30,0.03,0,3,-3.50655789731998,0.10625,2.89375,9,21675,722500,20907.34375,696911.458333333,584034.944661458,123050.78125,584.100794087505,188.516922417344,3114.5911041344,176.698148148148,130.5,422.625,446.172839506173,237.875,1716.21,10.8074935400517,10.5555555555556,11.6666666666667,10,33.0116279069767,33,31,34,3.84755654322465,3.82515368908763,4.16705056996941,3.64859285797902,11336.5,10298.67,2475.79,88.25,0.125,0,24722.5,24835.125,24836.25,24837.375,5.23918777695593,"Very Unhealthy","Low",61.2042743966305,66.3921308617705,201.814906555965,15.7464380900351,108.784440826061,218.711205508665,12.1776042318889,13.3199766930851,24.5377224480851,0.896793933565282,0.89807374740202,62.9928010192709,125.985602038542,0.125985602038542,0.000125985602038542,1.25985602038542e-07,4635727695953.62,4635727695.95362,4635.72769595362
"B9B_B",9,2,"FASMEE23","Button","Smoke","CW/KOH",20250127,20250502,"LL","1000x","n/a","","B9B","F23_E",2023-10-10,2023-10-10 15:09:00,2023-10-10 21:09:00,3,"Blue","PTFE",4,60,15,2023-10-10 21:09:00,2023-10-10 21:24:00,"","B9",30,0.03,0,2,-3.50655789731998,0.10625,1.89375,9,14450,481666.666666667,13682.34375,456078.125,343201.611328125,123050.78125,584.100794087505,188.516922417344,3114.5911041344,176.698148148148,130.5,422.625,446.172839506173,237.875,1716.21,10.8074935400517,10.5555555555556,11.6666666666667,10,33.0116279069767,33,31,34,3.84755654322465,3.82515368908763,4.16705056996941,3.64859285797902,11336.5,10298.67,2475.79,88.25,0.125,0,24722.5,24835.125,24836.25,24837.375,5.23918777695593,"Very Unhealthy","Low",61.2042743966305,66.3921308617705,201.814906555965,15.7464380900351,108.784440826061,218.711205508665,12.1776042318889,13.3199766930851,24.5377224480851,0.896793933565282,0.89807374740202,62.9928010192709,125.985602038542,0.125985602038542,0.000125985602038542,1.25985602038542e-07,2724133597608.5,2724133597.6085,2724.1335976085
"B9B_B",10,0,"FASMEE23","Button","Smoke","CW/KOH",20250127,20250502,"LL","1000x","n/a","","B9B","F23_E",2023-10-10,2023-10-10 15:09:00,2023-10-10 21:09:00,3,"Blue","PTFE",4,60,15,2023-10-10 21:09:00,2023-10-10 21:24:00,"","B9",30,0.03,0,0,-3.50655789731998,0.10625,0,9,0,0,0,0,0,123050.78125,584.100794087505,188.516922417344,3114.5911041344,176.698148148148,130.5,422.625,446.172839506173,237.875,1716.21,10.8074935400517,10.5555555555556,11.6666666666667,10,33.0116279069767,33,31,34,3.84755654322465,3.82515368908763,4.16705056996941,3.64859285797902,11336.5,10298.67,2475.79,88.25,0.125,0,24722.5,24835.125,24836.25,24837.375,5.23918777695593,"Very Unhealthy","Low",61.2042743966305,66.3921308617705,201.814906555965,15.7464380900351,108.784440826061,218.711205508665,12.1776042318889,13.3199766930851,24.5377224480851,0.896793933565282,0.89807374740202,62.9928010192709,125.985602038542,0.125985602038542,0.000125985602038542,1.25985602038542e-07,0,0,0
"B9B_B",11,4,"FASMEE23","Button","Smoke","CW/KOH",20250127,20250502,"LL","1000x","n/a","","B9B","F23_E",2023-10-10,2023-10-10 15:09:00,2023-10-10 21:09:00,3,"Blue","PTFE",4,60,15,2023-10-10 21:09:00,2023-10-10 21:24:00,"","B9",30,0.03,0,4,-3.50655789731998,0.10625,3.89375,9,28900,963333.333333333,28132.34375,937744.791666667,824868.277994792,123050.78125,584.100794087505,188.516922417344,3114.5911041344,176.698148148148,130.5,422.625,446.172839506173,237.875,1716.21,10.8074935400517,10.5555555555556,11.6666666666667,10,33.0116279069767,33,31,34,3.84755654322465,3.82515368908763,4.16705056996941,3.64859285797902,11336.5,10298.67,2475.79,88.25,0.125,0,24722.5,24835.125,24836.25,24837.375,5.23918777695593,"Very Unhealthy","Low",61.2042743966305,66.3921308617705,201.814906555965,15.7464380900351,108.784440826061,218.711205508665,12.1776042318889,13.3199766930851,24.5377224480851,0.896793933565282,0.89807374740202,62.9928010192709,125.985602038542,0.125985602038542,0.000125985602038542,1.25985602038542e-07,6547321794298.74,6547321794.29874,6547.32179429874
"B9B_B",12,7,"FASMEE23","Button","Smoke","CW/KOH",20250127,20250502,"LL","1000x","n/a","","B9B","F23_E",2023-10-10,2023-10-10 15:09:00,2023-10-10 21:09:00,3,"Blue","PTFE",4,60,15,2023-10-10 21:09:00,2023-10-10 21:24:00,"","B9",30,0.03,0,7,-3.50655789731998,0.10625,6.89375,9,50575,1685833.33333333,49807.34375,1660244.79166667,1547368.27799479,123050.78125,584.100794087505,188.516922417344,3114.5911041344,176.698148148148,130.5,422.625,446.172839506173,237.875,1716.21,10.8074935400517,10.5555555555556,11.6666666666667,10,33.0116279069767,33,31,34,3.84755654322465,3.82515368908763,4.16705056996941,3.64859285797902,11336.5,10298.67,2475.79,88.25,0.125,0,24722.5,24835.125,24836.25,24837.375,5.23918777695593,"Very Unhealthy","Low",61.2042743966305,66.3921308617705,201.814906555965,15.7464380900351,108.784440826061,218.711205508665,12.1776042318889,13.3199766930851,24.5377224480851,0.896793933565282,0.89807374740202,62.9928010192709,125.985602038542,0.125985602038542,0.000125985602038542,1.25985602038542e-07,12282104089334.1,12282104089.3341,12282.1040893341
"B9B_B",13,6,"FASMEE23","Button","Smoke","CW/KOH",20250127,20250502,"LL","1000x","n/a","","B9B","F23_E",2023-10-10,2023-10-10 15:09:00,2023-10-10 21:09:00,3,"Blue","PTFE",4,60,15,2023-10-10 21:09:00,2023-10-10 21:24:00,"","B9",30,0.03,0,6,-3.50655789731998,0.10625,5.89375,9,43350,1445000,42582.34375,1419411.45833333,1306534.94466146,123050.78125,584.100794087505,188.516922417344,3114.5911041344,176.698148148148,130.5,422.625,446.172839506173,237.875,1716.21,10.8074935400517,10.5555555555556,11.6666666666667,10,33.0116279069767,33,31,34,3.84755654322465,3.82515368908763,4.16705056996941,3.64859285797902,11336.5,10298.67,2475.79,88.25,0.125,0,24722.5,24835.125,24836.25,24837.375,5.23918777695593,"Very Unhealthy","Low",61.2042743966305,66.3921308617705,201.814906555965,15.7464380900351,108.784440826061,218.711205508665,12.1776042318889,13.3199766930851,24.5377224480851,0.896793933565282,0.89807374740202,62.9928010192709,125.985602038542,0.125985602038542,0.000125985602038542,1.25985602038542e-07,10370509990989,10370509990.989,10370.509990989
"B9B_B",14,3,"FASMEE23","Button","Smoke","CW/KOH",20250127,20250502,"LL","1000x","n/a","","B9B","F23_E",2023-10-10,2023-10-10 15:09:00,2023-10-10 21:09:00,3,"Blue","PTFE",4,60,15,2023-10-10 21:09:00,2023-10-10 21:24:00,"","B9",30,0.03,0,3,-3.50655789731998,0.10625,2.89375,9,21675,722500,20907.34375,696911.458333333,584034.944661458,123050.78125,584.100794087505,188.516922417344,3114.5911041344,176.698148148148,130.5,422.625,446.172839506173,237.875,1716.21,10.8074935400517,10.5555555555556,11.6666666666667,10,33.0116279069767,33,31,34,3.84755654322465,3.82515368908763,4.16705056996941,3.64859285797902,11336.5,10298.67,2475.79,88.25,0.125,0,24722.5,24835.125,24836.25,24837.375,5.23918777695593,"Very Unhealthy","Low",61.2042743966305,66.3921308617705,201.814906555965,15.7464380900351,108.784440826061,218.711205508665,12.1776042318889,13.3199766930851,24.5377224480851,0.896793933565282,0.89807374740202,62.9928010192709,125.985602038542,0.125985602038542,0.000125985602038542,1.25985602038542e-07,4635727695953.62,4635727695.95362,4635.72769595362
"B9B_B",15,2,"FASMEE23","Button","Smoke","CW/KOH",20250127,20250502,"LL","1000x","n/a","","B9B","F23_E",2023-10-10,2023-10-10 15:09:00,2023-10-10 21:09:00,3,"Blue","PTFE",4,60,15,2023-10-10 21:09:00,2023-10-10 21:24:00,"","B9",30,0.03,0,2,-3.50655789731998,0.10625,1.89375,9,14450,481666.666666667,13682.34375,456078.125,343201.611328125,123050.78125,584.100794087505,188.516922417344,3114.5911041344,176.698148148148,130.5,422.625,446.172839506173,237.875,1716.21,10.8074935400517,10.5555555555556,11.6666666666667,10,33.0116279069767,33,31,34,3.84755654322465,3.82515368908763,4.16705056996941,3.64859285797902,11336.5,10298.67,2475.79,88.25,0.125,0,24722.5,24835.125,24836.25,24837.375,5.23918777695593,"Very Unhealthy","Low",61.2042743966305,66.3921308617705,201.814906555965,15.7464380900351,108.784440826061,218.711205508665,12.1776042318889,13.3199766930851,24.5377224480851,0.896793933565282,0.89807374740202,62.9928010192709,125.985602038542,0.125985602038542,0.000125985602038542,1.25985602038542e-07,2724133597608.5,2724133597.6085,2724.1335976085
"B9B_B",16,5,"FASMEE23","Button","Smoke","CW/KOH",20250127,20250502,"LL","1000x","n/a","","B9B","F23_E",2023-10-10,2023-10-10 15:09:00,2023-10-10 21:09:00,3,"Blue","PTFE",4,60,15,2023-10-10 21:09:00,2023-10-10 21:24:00,"","B9",30,0.03,0,5,-3.50655789731998,0.10625,4.89375,9,36125,1204166.66666667,35357.34375,1178578.125,1065701.61132812,123050.78125,584.100794087505,188.516922417344,3114.5911041344,176.698148148148,130.5,422.625,446.172839506173,237.875,1716.21,10.8074935400517,10.5555555555556,11.6666666666667,10,33.0116279069767,33,31,34,3.84755654322465,3.82515368908763,4.16705056996941,3.64859285797902,11336.5,10298.67,2475.79,88.25,0.125,0,24722.5,24835.125,24836.25,24837.375,5.23918777695593,"Very Unhealthy","Low",61.2042743966305,66.3921308617705,201.814906555965,15.7464380900351,108.784440826061,218.711205508665,12.1776042318889,13.3199766930851,24.5377224480851,0.896793933565282,0.89807374740202,62.9928010192709,125.985602038542,0.125985602038542,0.000125985602038542,1.25985602038542e-07,8458915892643.86,8458915892.64386,8458.91589264386
"B9B_B",17,3,"FASMEE23","Button","Smoke","CW/KOH",20250127,20250502,"LL","1000x","n/a","","B9B","F23_E",2023-10-10,2023-10-10 15:09:00,2023-10-10 21:09:00,3,"Blue","PTFE",4,60,15,2023-10-10 21:09:00,2023-10-10 21:24:00,"","B9",30,0.03,0,3,-3.50655789731998,0.10625,2.89375,9,21675,722500,20907.34375,696911.458333333,584034.944661458,123050.78125,584.100794087505,188.516922417344,3114.5911041344,176.698148148148,130.5,422.625,446.172839506173,237.875,1716.21,10.8074935400517,10.5555555555556,11.6666666666667,10,33.0116279069767,33,31,34,3.84755654322465,3.82515368908763,4.16705056996941,3.64859285797902,11336.5,10298.67,2475.79,88.25,0.125,0,24722.5,24835.125,24836.25,24837.375,5.23918777695593,"Very Unhealthy","Low",61.2042743966305,66.3921308617705,201.814906555965,15.7464380900351,108.784440826061,218.711205508665,12.1776042318889,13.3199766930851,24.5377224480851,0.896793933565282,0.89807374740202,62.9928010192709,125.985602038542,0.125985602038542,0.000125985602038542,1.25985602038542e-07,4635727695953.62,4635727695.95362,4635.72769595362
"B9B_B",18,5,"FASMEE23","Button","Smoke","CW/KOH",20250127,20250502,"LL","1000x","n/a","","B9B","F23_E",2023-10-10,2023-10-10 15:09:00,2023-10-10 21:09:00,3,"Blue","PTFE",4,60,15,2023-10-10 21:09:00,2023-10-10 21:24:00,"","B9",30,0.03,0,5,-3.50655789731998,0.10625,4.89375,9,36125,1204166.66666667,35357.34375,1178578.125,1065701.61132812,123050.78125,584.100794087505,188.516922417344,3114.5911041344,176.698148148148,130.5,422.625,446.172839506173,237.875,1716.21,10.8074935400517,10.5555555555556,11.6666666666667,10,33.0116279069767,33,31,34,3.84755654322465,3.82515368908763,4.16705056996941,3.64859285797902,11336.5,10298.67,2475.79,88.25,0.125,0,24722.5,24835.125,24836.25,24837.375,5.23918777695593,"Very Unhealthy","Low",61.2042743966305,66.3921308617705,201.814906555965,15.7464380900351,108.784440826061,218.711205508665,12.1776042318889,13.3199766930851,24.5377224480851,0.896793933565282,0.89807374740202,62.9928010192709,125.985602038542,0.125985602038542,0.000125985602038542,1.25985602038542e-07,8458915892643.86,8458915892.64386,8458.91589264386
"B9B_B",19,4,"FASMEE23","Button","Smoke","CW/KOH",20250127,20250502,"LL","1000x","n/a","","B9B","F23_E",2023-10-10,2023-10-10 15:09:00,2023-10-10 21:09:00,3,"Blue","PTFE",4,60,15,2023-10-10 21:09:00,2023-10-10 21:24:00,"","B9",30,0.03,0,4,-3.50655789731998,0.10625,3.89375,9,28900,963333.333333333,28132.34375,937744.791666667,824868.277994792,123050.78125,584.100794087505,188.516922417344,3114.5911041344,176.698148148148,130.5,422.625,446.172839506173,237.875,1716.21,10.8074935400517,10.5555555555556,11.6666666666667,10,33.0116279069767,33,31,34,3.84755654322465,3.82515368908763,4.16705056996941,3.64859285797902,11336.5,10298.67,2475.79,88.25,0.125,0,24722.5,24835.125,24836.25,24837.375,5.23918777695593,"Very Unhealthy","Low",61.2042743966305,66.3921308617705,201.814906555965,15.7464380900351,108.784440826061,218.711205508665,12.1776042318889,13.3199766930851,24.5377224480851,0.896793933565282,0.89807374740202,62.9928010192709,125.985602038542,0.125985602038542,0.000125985602038542,1.25985602038542e-07,6547321794298.74,6547321794.29874,6547.32179429874
"B9B_B",20,5,"FASMEE23","Button","Smoke","CW/KOH",20250127,20250502,"LL","1000x","n/a","","B9B","F23_E",2023-10-10,2023-10-10 15:09:00,2023-10-10 21:09:00,3,"Blue","PTFE",4,60,15,2023-10-10 21:09:00,2023-10-10 21:24:00,"","B9",30,0.03,0,5,-3.50655789731998,0.10625,4.89375,9,36125,1204166.66666667,35357.34375,1178578.125,1065701.61132812,123050.78125,584.100794087505,188.516922417344,3114.5911041344,176.698148148148,130.5,422.625,446.172839506173,237.875,1716.21,10.8074935400517,10.5555555555556,11.6666666666667,10,33.0116279069767,33,31,34,3.84755654322465,3.82515368908763,4.16705056996941,3.64859285797902,11336.5,10298.67,2475.79,88.25,0.125,0,24722.5,24835.125,24836.25,24837.375,5.23918777695593,"Very Unhealthy","Low",61.2042743966305,66.3921308617705,201.814906555965,15.7464380900351,108.784440826061,218.711205508665,12.1776042318889,13.3199766930851,24.5377224480851,0.896793933565282,0.89807374740202,62.9928010192709,125.985602038542,0.125985602038542,0.000125985602038542,1.25985602038542e-07,8458915892643.86,8458915892.64386,8458.91589264386
"B9B_B",21,3,"FASMEE23","Button","Smoke","CW/KOH",20250127,20250502,"LL","1000x","n/a","","B9B","F23_E",2023-10-10,2023-10-10 15:09:00,2023-10-10 21:09:00,3,"Blue","PTFE",4,60,15,2023-10-10 21:09:00,2023-10-10 21:24:00,"","B9",30,0.03,0,3,-3.50655789731998,0.10625,2.89375,9,21675,722500,20907.34375,696911.458333333,584034.944661458,123050.78125,584.100794087505,188.516922417344,3114.5911041344,176.698148148148,130.5,422.625,446.172839506173,237.875,1716.21,10.8074935400517,10.5555555555556,11.6666666666667,10,33.0116279069767,33,31,34,3.84755654322465,3.82515368908763,4.16705056996941,3.64859285797902,11336.5,10298.67,2475.79,88.25,0.125,0,24722.5,24835.125,24836.25,24837.375,5.23918777695593,"Very Unhealthy","Low",61.2042743966305,66.3921308617705,201.814906555965,15.7464380900351,108.784440826061,218.711205508665,12.1776042318889,13.3199766930851,24.5377224480851,0.896793933565282,0.89807374740202,62.9928010192709,125.985602038542,0.125985602038542,0.000125985602038542,1.25985602038542e-07,4635727695953.62,4635727695.95362,4635.72769595362
"B9B_B",22,2,"FASMEE23","Button","Smoke","CW/KOH",20250127,20250502,"LL","1000x","n/a","","B9B","F23_E",2023-10-10,2023-10-10 15:09:00,2023-10-10 21:09:00,3,"Blue","PTFE",4,60,15,2023-10-10 21:09:00,2023-10-10 21:24:00,"","B9",30,0.03,0,2,-3.50655789731998,0.10625,1.89375,9,14450,481666.666666667,13682.34375,456078.125,343201.611328125,123050.78125,584.100794087505,188.516922417344,3114.5911041344,176.698148148148,130.5,422.625,446.172839506173,237.875,1716.21,10.8074935400517,10.5555555555556,11.6666666666667,10,33.0116279069767,33,31,34,3.84755654322465,3.82515368908763,4.16705056996941,3.64859285797902,11336.5,10298.67,2475.79,88.25,0.125,0,24722.5,24835.125,24836.25,24837.375,5.23918777695593,"Very Unhealthy","Low",61.2042743966305,66.3921308617705,201.814906555965,15.7464380900351,108.784440826061,218.711205508665,12.1776042318889,13.3199766930851,24.5377224480851,0.896793933565282,0.89807374740202,62.9928010192709,125.985602038542,0.125985602038542,0.000125985602038542,1.25985602038542e-07,2724133597608.5,2724133597.6085,2724.1335976085
"B9B_B",23,8,"FASMEE23","Button","Smoke","CW/KOH",20250127,20250502,"LL","1000x","n/a","","B9B","F23_E",2023-10-10,2023-10-10 15:09:00,2023-10-10 21:09:00,3,"Blue","PTFE",4,60,15,2023-10-10 21:09:00,2023-10-10 21:24:00,"","B9",30,0.03,0,8,-3.50655789731998,0.10625,7.89375,9,57800,1926666.66666667,57032.34375,1901078.125,1788201.61132812,123050.78125,584.100794087505,188.516922417344,3114.5911041344,176.698148148148,130.5,422.625,446.172839506173,237.875,1716.21,10.8074935400517,10.5555555555556,11.6666666666667,10,33.0116279069767,33,31,34,3.84755654322465,3.82515368908763,4.16705056996941,3.64859285797902,11336.5,10298.67,2475.79,88.25,0.125,0,24722.5,24835.125,24836.25,24837.375,5.23918777695593,"Very Unhealthy","Low",61.2042743966305,66.3921308617705,201.814906555965,15.7464380900351,108.784440826061,218.711205508665,12.1776042318889,13.3199766930851,24.5377224480851,0.896793933565282,0.89807374740202,62.9928010192709,125.985602038542,0.125985602038542,0.000125985602038542,1.25985602038542e-07,14193698187679.2,14193698187.6792,14193.6981876792
"B9B_B",24,3,"FASMEE23","Button","Smoke","CW/KOH",20250127,20250502,"LL","1000x","n/a","","B9B","F23_E",2023-10-10,2023-10-10 15:09:00,2023-10-10 21:09:00,3,"Blue","PTFE",4,60,15,2023-10-10 21:09:00,2023-10-10 21:24:00,"","B9",30,0.03,0,3,-3.50655789731998,0.10625,2.89375,9,21675,722500,20907.34375,696911.458333333,584034.944661458,123050.78125,584.100794087505,188.516922417344,3114.5911041344,176.698148148148,130.5,422.625,446.172839506173,237.875,1716.21,10.8074935400517,10.5555555555556,11.6666666666667,10,33.0116279069767,33,31,34,3.84755654322465,3.82515368908763,4.16705056996941,3.64859285797902,11336.5,10298.67,2475.79,88.25,0.125,0,24722.5,24835.125,24836.25,24837.375,5.23918777695593,"Very Unhealthy","Low",61.2042743966305,66.3921308617705,201.814906555965,15.7464380900351,108.784440826061,218.711205508665,12.1776042318889,13.3199766930851,24.5377224480851,0.896793933565282,0.89807374740202,62.9928010192709,125.985602038542,0.125985602038542,0.000125985602038542,1.25985602038542e-07,4635727695953.62,4635727695.95362,4635.72769595362
"B9B_B",25,3,"FASMEE23","Button","Smoke","CW/KOH",20250127,20250502,"LL","1000x","n/a","","B9B","F23_E",2023-10-10,2023-10-10 15:09:00,2023-10-10 21:09:00,3,"Blue","PTFE",4,60,15,2023-10-10 21:09:00,2023-10-10 21:24:00,"","B9",30,0.03,0,3,-3.50655789731998,0.10625,2.89375,9,21675,722500,20907.34375,696911.458333333,584034.944661458,123050.78125,584.100794087505,188.516922417344,3114.5911041344,176.698148148148,130.5,422.625,446.172839506173,237.875,1716.21,10.8074935400517,10.5555555555556,11.6666666666667,10,33.0116279069767,33,31,34,3.84755654322465,3.82515368908763,4.16705056996941,3.64859285797902,11336.5,10298.67,2475.79,88.25,0.125,0,24722.5,24835.125,24836.25,24837.375,5.23918777695593,"Very Unhealthy","Low",61.2042743966305,66.3921308617705,201.814906555965,15.7464380900351,108.784440826061,218.711205508665,12.1776042318889,13.3199766930851,24.5377224480851,0.896793933565282,0.89807374740202,62.9928010192709,125.985602038542,0.125985602038542,0.000125985602038542,1.25985602038542e-07,4635727695953.62,4635727695.95362,4635.72769595362
"B9B_B",26,2,"FASMEE23","Button","Smoke","CW/KOH",20250127,20250502,"LL","1000x","n/a","","B9B","F23_E",2023-10-10,2023-10-10 15:09:00,2023-10-10 21:09:00,3,"Blue","PTFE",4,60,15,2023-10-10 21:09:00,2023-10-10 21:24:00,"","B9",30,0.03,0,2,-3.50655789731998,0.10625,1.89375,9,14450,481666.666666667,13682.34375,456078.125,343201.611328125,123050.78125,584.100794087505,188.516922417344,3114.5911041344,176.698148148148,130.5,422.625,446.172839506173,237.875,1716.21,10.8074935400517,10.5555555555556,11.6666666666667,10,33.0116279069767,33,31,34,3.84755654322465,3.82515368908763,4.16705056996941,3.64859285797902,11336.5,10298.67,2475.79,88.25,0.125,0,24722.5,24835.125,24836.25,24837.375,5.23918777695593,"Very Unhealthy","Low",61.2042743966305,66.3921308617705,201.814906555965,15.7464380900351,108.784440826061,218.711205508665,12.1776042318889,13.3199766930851,24.5377224480851,0.896793933565282,0.89807374740202,62.9928010192709,125.985602038542,0.125985602038542,0.000125985602038542,1.25985602038542e-07,2724133597608.5,2724133597.6085,2724.1335976085
"B9B_B",27,4,"FASMEE23","Button","Smoke","CW/KOH",20250127,20250502,"LL","1000x","n/a","","B9B","F23_E",2023-10-10,2023-10-10 15:09:00,2023-10-10 21:09:00,3,"Blue","PTFE",4,60,15,2023-10-10 21:09:00,2023-10-10 21:24:00,"","B9",30,0.03,0,4,-3.50655789731998,0.10625,3.89375,9,28900,963333.333333333,28132.34375,937744.791666667,824868.277994792,123050.78125,584.100794087505,188.516922417344,3114.5911041344,176.698148148148,130.5,422.625,446.172839506173,237.875,1716.21,10.8074935400517,10.5555555555556,11.6666666666667,10,33.0116279069767,33,31,34,3.84755654322465,3.82515368908763,4.16705056996941,3.64859285797902,11336.5,10298.67,2475.79,88.25,0.125,0,24722.5,24835.125,24836.25,24837.375,5.23918777695593,"Very Unhealthy","Low",61.2042743966305,66.3921308617705,201.814906555965,15.7464380900351,108.784440826061,218.711205508665,12.1776042318889,13.3199766930851,24.5377224480851,0.896793933565282,0.89807374740202,62.9928010192709,125.985602038542,0.125985602038542,0.000125985602038542,1.25985602038542e-07,6547321794298.74,6547321794.29874,6547.32179429874
"B9B_B",28,2,"FASMEE23","Button","Smoke","CW/KOH",20250127,20250502,"LL","1000x","n/a","","B9B","F23_E",2023-10-10,2023-10-10 15:09:00,2023-10-10 21:09:00,3,"Blue","PTFE",4,60,15,2023-10-10 21:09:00,2023-10-10 21:24:00,"","B9",30,0.03,0,2,-3.50655789731998,0.10625,1.89375,9,14450,481666.666666667,13682.34375,456078.125,343201.611328125,123050.78125,584.100794087505,188.516922417344,3114.5911041344,176.698148148148,130.5,422.625,446.172839506173,237.875,1716.21,10.8074935400517,10.5555555555556,11.6666666666667,10,33.0116279069767,33,31,34,3.84755654322465,3.82515368908763,4.16705056996941,3.64859285797902,11336.5,10298.67,2475.79,88.25,0.125,0,24722.5,24835.125,24836.25,24837.375,5.23918777695593,"Very Unhealthy","Low",61.2042743966305,66.3921308617705,201.814906555965,15.7464380900351,108.784440826061,218.711205508665,12.1776042318889,13.3199766930851,24.5377224480851,0.896793933565282,0.89807374740202,62.9928010192709,125.985602038542,0.125985602038542,0.000125985602038542,1.25985602038542e-07,2724133597608.5,2724133597.6085,2724.1335976085
"B9B_B",29,5,"FASMEE23","Button","Smoke","CW/KOH",20250127,20250502,"LL","1000x","n/a","","B9B","F23_E",2023-10-10,2023-10-10 15:09:00,2023-10-10 21:09:00,3,"Blue","PTFE",4,60,15,2023-10-10 21:09:00,2023-10-10 21:24:00,"","B9",30,0.03,0,5,-3.50655789731998,0.10625,4.89375,9,36125,1204166.66666667,35357.34375,1178578.125,1065701.61132812,123050.78125,584.100794087505,188.516922417344,3114.5911041344,176.698148148148,130.5,422.625,446.172839506173,237.875,1716.21,10.8074935400517,10.5555555555556,11.6666666666667,10,33.0116279069767,33,31,34,3.84755654322465,3.82515368908763,4.16705056996941,3.64859285797902,11336.5,10298.67,2475.79,88.25,0.125,0,24722.5,24835.125,24836.25,24837.375,5.23918777695593,"Very Unhealthy","Low",61.2042743966305,66.3921308617705,201.814906555965,15.7464380900351,108.784440826061,218.711205508665,12.1776042318889,13.3199766930851,24.5377224480851,0.896793933565282,0.89807374740202,62.9928010192709,125.985602038542,0.125985602038542,0.000125985602038542,1.25985602038542e-07,8458915892643.86,8458915892.64386,8458.91589264386
"B9B_B",30,2,"FASMEE23","Button","Smoke","CW/KOH",20250127,20250502,"LL","1000x","n/a","","B9B","F23_E",2023-10-10,2023-10-10 15:09:00,2023-10-10 21:09:00,3,"Blue","PTFE",4,60,15,2023-10-10 21:09:00,2023-10-10 21:24:00,"","B9",30,0.03,0,2,-3.50655789731998,0.10625,1.89375,9,14450,481666.666666667,13682.34375,456078.125,343201.611328125,123050.78125,584.100794087505,188.516922417344,3114.5911041344,176.698148148148,130.5,422.625,446.172839506173,237.875,1716.21,10.8074935400517,10.5555555555556,11.6666666666667,10,33.0116279069767,33,31,34,3.84755654322465,3.82515368908763,4.16705056996941,3.64859285797902,11336.5,10298.67,2475.79,88.25,0.125,0,24722.5,24835.125,24836.25,24837.375,5.23918777695593,"Very Unhealthy","Low",61.2042743966305,66.3921308617705,201.814906555965,15.7464380900351,108.784440826061,218.711205508665,12.1776042318889,13.3199766930851,24.5377224480851,0.896793933565282,0.89807374740202,62.9928010192709,125.985602038542,0.125985602038542,0.000125985602038542,1.25985602038542e-07,2724133597608.5,2724133597.6085,2724.1335976085
"B9B_B",31,1,"FASMEE23","Button","Smoke","CW/KOH",20250127,20250502,"LL","1000x","n/a","","B9B","F23_E",2023-10-10,2023-10-10 15:09:00,2023-10-10 21:09:00,3,"Blue","PTFE",4,60,15,2023-10-10 21:09:00,2023-10-10 21:24:00,"","B9",30,0.03,0,1,-3.50655789731998,0.10625,0.89375,9,7225,240833.333333333,6457.34375,215244.791666667,102368.277994792,123050.78125,584.100794087505,188.516922417344,3114.5911041344,176.698148148148,130.5,422.625,446.172839506173,237.875,1716.21,10.8074935400517,10.5555555555556,11.6666666666667,10,33.0116279069767,33,31,34,3.84755654322465,3.82515368908763,4.16705056996941,3.64859285797902,11336.5,10298.67,2475.79,88.25,0.125,0,24722.5,24835.125,24836.25,24837.375,5.23918777695593,"Very Unhealthy","Low",61.2042743966305,66.3921308617705,201.814906555965,15.7464380900351,108.784440826061,218.711205508665,12.1776042318889,13.3199766930851,24.5377224480851,0.896793933565282,0.89807374740202,62.9928010192709,125.985602038542,0.125985602038542,0.000125985602038542,1.25985602038542e-07,812539499263.376,812539499.263376,812.539499263376
"B9B_B",32,1,"FASMEE23","Button","Smoke","CW/KOH",20250127,20250502,"LL","1000x","n/a","","B9B","F23_E",2023-10-10,2023-10-10 15:09:00,2023-10-10 21:09:00,3,"Blue","PTFE",4,60,15,2023-10-10 21:09:00,2023-10-10 21:24:00,"","B9",30,0.03,0,1,-3.50655789731998,0.10625,0.89375,9,7225,240833.333333333,6457.34375,215244.791666667,102368.277994792,123050.78125,584.100794087505,188.516922417344,3114.5911041344,176.698148148148,130.5,422.625,446.172839506173,237.875,1716.21,10.8074935400517,10.5555555555556,11.6666666666667,10,33.0116279069767,33,31,34,3.84755654322465,3.82515368908763,4.16705056996941,3.64859285797902,11336.5,10298.67,2475.79,88.25,0.125,0,24722.5,24835.125,24836.25,24837.375,5.23918777695593,"Very Unhealthy","Low",61.2042743966305,66.3921308617705,201.814906555965,15.7464380900351,108.784440826061,218.711205508665,12.1776042318889,13.3199766930851,24.5377224480851,0.896793933565282,0.89807374740202,62.9928010192709,125.985602038542,0.125985602038542,0.000125985602038542,1.25985602038542e-07,812539499263.376,812539499.263376,812.539499263376
"B9B_B",33,2,"FASMEE23","Button","Smoke","CW/KOH",20250127,20250502,"LL","1000x","n/a","","B9B","F23_E",2023-10-10,2023-10-10 15:09:00,2023-10-10 21:09:00,3,"Blue","PTFE",4,60,15,2023-10-10 21:09:00,2023-10-10 21:24:00,"","B9",30,0.03,0,2,-3.50655789731998,0.10625,1.89375,9,14450,481666.666666667,13682.34375,456078.125,343201.611328125,123050.78125,584.100794087505,188.516922417344,3114.5911041344,176.698148148148,130.5,422.625,446.172839506173,237.875,1716.21,10.8074935400517,10.5555555555556,11.6666666666667,10,33.0116279069767,33,31,34,3.84755654322465,3.82515368908763,4.16705056996941,3.64859285797902,11336.5,10298.67,2475.79,88.25,0.125,0,24722.5,24835.125,24836.25,24837.375,5.23918777695593,"Very Unhealthy","Low",61.2042743966305,66.3921308617705,201.814906555965,15.7464380900351,108.784440826061,218.711205508665,12.1776042318889,13.3199766930851,24.5377224480851,0.896793933565282,0.89807374740202,62.9928010192709,125.985602038542,0.125985602038542,0.000125985602038542,1.25985602038542e-07,2724133597608.5,2724133597.6085,2724.1335976085
"B9B_B",34,5,"FASMEE23","Button","Smoke","CW/KOH",20250127,20250502,"LL","1000x","n/a","","B9B","F23_E",2023-10-10,2023-10-10 15:09:00,2023-10-10 21:09:00,3,"Blue","PTFE",4,60,15,2023-10-10 21:09:00,2023-10-10 21:24:00,"","B9",30,0.03,0,5,-3.50655789731998,0.10625,4.89375,9,36125,1204166.66666667,35357.34375,1178578.125,1065701.61132812,123050.78125,584.100794087505,188.516922417344,3114.5911041344,176.698148148148,130.5,422.625,446.172839506173,237.875,1716.21,10.8074935400517,10.5555555555556,11.6666666666667,10,33.0116279069767,33,31,34,3.84755654322465,3.82515368908763,4.16705056996941,3.64859285797902,11336.5,10298.67,2475.79,88.25,0.125,0,24722.5,24835.125,24836.25,24837.375,5.23918777695593,"Very Unhealthy","Low",61.2042743966305,66.3921308617705,201.814906555965,15.7464380900351,108.784440826061,218.711205508665,12.1776042318889,13.3199766930851,24.5377224480851,0.896793933565282,0.89807374740202,62.9928010192709,125.985602038542,0.125985602038542,0.000125985602038542,1.25985602038542e-07,8458915892643.86,8458915892.64386,8458.91589264386
"B9B_B",35,3,"FASMEE23","Button","Smoke","CW/KOH",20250127,20250502,"LL","1000x","n/a","","B9B","F23_E",2023-10-10,2023-10-10 15:09:00,2023-10-10 21:09:00,3,"Blue","PTFE",4,60,15,2023-10-10 21:09:00,2023-10-10 21:24:00,"","B9",30,0.03,0,3,-3.50655789731998,0.10625,2.89375,9,21675,722500,20907.34375,696911.458333333,584034.944661458,123050.78125,584.100794087505,188.516922417344,3114.5911041344,176.698148148148,130.5,422.625,446.172839506173,237.875,1716.21,10.8074935400517,10.5555555555556,11.6666666666667,10,33.0116279069767,33,31,34,3.84755654322465,3.82515368908763,4.16705056996941,3.64859285797902,11336.5,10298.67,2475.79,88.25,0.125,0,24722.5,24835.125,24836.25,24837.375,5.23918777695593,"Very Unhealthy","Low",61.2042743966305,66.3921308617705,201.814906555965,15.7464380900351,108.784440826061,218.711205508665,12.1776042318889,13.3199766930851,24.5377224480851,0.896793933565282,0.89807374740202,62.9928010192709,125.985602038542,0.125985602038542,0.000125985602038542,1.25985602038542e-07,4635727695953.62,4635727695.95362,4635.72769595362
"B9B_B",36,3,"FASMEE23","Button","Smoke","CW/KOH",20250127,20250502,"LL","1000x","n/a","","B9B","F23_E",2023-10-10,2023-10-10 15:09:00,2023-10-10 21:09:00,3,"Blue","PTFE",4,60,15,2023-10-10 21:09:00,2023-10-10 21:24:00,"","B9",30,0.03,0,3,-3.50655789731998,0.10625,2.89375,9,21675,722500,20907.34375,696911.458333333,584034.944661458,123050.78125,584.100794087505,188.516922417344,3114.5911041344,176.698148148148,130.5,422.625,446.172839506173,237.875,1716.21,10.8074935400517,10.5555555555556,11.6666666666667,10,33.0116279069767,33,31,34,3.84755654322465,3.82515368908763,4.16705056996941,3.64859285797902,11336.5,10298.67,2475.79,88.25,0.125,0,24722.5,24835.125,24836.25,24837.375,5.23918777695593,"Very Unhealthy","Low",61.2042743966305,66.3921308617705,201.814906555965,15.7464380900351,108.784440826061,218.711205508665,12.1776042318889,13.3199766930851,24.5377224480851,0.896793933565282,0.89807374740202,62.9928010192709,125.985602038542,0.125985602038542,0.000125985602038542,1.25985602038542e-07,4635727695953.62,4635727695.95362,4635.72769595362
"B9B_B",37,4,"FASMEE23","Button","Smoke","CW/KOH",20250127,20250502,"LL","1000x","n/a","","B9B","F23_E",2023-10-10,2023-10-10 15:09:00,2023-10-10 21:09:00,3,"Blue","PTFE",4,60,15,2023-10-10 21:09:00,2023-10-10 21:24:00,"","B9",30,0.03,0,4,-3.50655789731998,0.10625,3.89375,9,28900,963333.333333333,28132.34375,937744.791666667,824868.277994792,123050.78125,584.100794087505,188.516922417344,3114.5911041344,176.698148148148,130.5,422.625,446.172839506173,237.875,1716.21,10.8074935400517,10.5555555555556,11.6666666666667,10,33.0116279069767,33,31,34,3.84755654322465,3.82515368908763,4.16705056996941,3.64859285797902,11336.5,10298.67,2475.79,88.25,0.125,0,24722.5,24835.125,24836.25,24837.375,5.23918777695593,"Very Unhealthy","Low",61.2042743966305,66.3921308617705,201.814906555965,15.7464380900351,108.784440826061,218.711205508665,12.1776042318889,13.3199766930851,24.5377224480851,0.896793933565282,0.89807374740202,62.9928010192709,125.985602038542,0.125985602038542,0.000125985602038542,1.25985602038542e-07,6547321794298.74,6547321794.29874,6547.32179429874
"B9B_B",38,3,"FASMEE23","Button","Smoke","CW/KOH",20250127,20250502,"LL","1000x","n/a","","B9B","F23_E",2023-10-10,2023-10-10 15:09:00,2023-10-10 21:09:00,3,"Blue","PTFE",4,60,15,2023-10-10 21:09:00,2023-10-10 21:24:00,"","B9",30,0.03,0,3,-3.50655789731998,0.10625,2.89375,9,21675,722500,20907.34375,696911.458333333,584034.944661458,123050.78125,584.100794087505,188.516922417344,3114.5911041344,176.698148148148,130.5,422.625,446.172839506173,237.875,1716.21,10.8074935400517,10.5555555555556,11.6666666666667,10,33.0116279069767,33,31,34,3.84755654322465,3.82515368908763,4.16705056996941,3.64859285797902,11336.5,10298.67,2475.79,88.25,0.125,0,24722.5,24835.125,24836.25,24837.375,5.23918777695593,"Very Unhealthy","Low",61.2042743966305,66.3921308617705,201.814906555965,15.7464380900351,108.784440826061,218.711205508665,12.1776042318889,13.3199766930851,24.5377224480851,0.896793933565282,0.89807374740202,62.9928010192709,125.985602038542,0.125985602038542,0.000125985602038542,1.25985602038542e-07,4635727695953.62,4635727695.95362,4635.72769595362
"B9B_B",39,3,"FASMEE23","Button","Smoke","CW/KOH",20250127,20250502,"LL","1000x","n/a","","B9B","F23_E",2023-10-10,2023-10-10 15:09:00,2023-10-10 21:09:00,3,"Blue","PTFE",4,60,15,2023-10-10 21:09:00,2023-10-10 21:24:00,"","B9",30,0.03,0,3,-3.50655789731998,0.10625,2.89375,9,21675,722500,20907.34375,696911.458333333,584034.944661458,123050.78125,584.100794087505,188.516922417344,3114.5911041344,176.698148148148,130.5,422.625,446.172839506173,237.875,1716.21,10.8074935400517,10.5555555555556,11.6666666666667,10,33.0116279069767,33,31,34,3.84755654322465,3.82515368908763,4.16705056996941,3.64859285797902,11336.5,10298.67,2475.79,88.25,0.125,0,24722.5,24835.125,24836.25,24837.375,5.23918777695593,"Very Unhealthy","Low",61.2042743966305,66.3921308617705,201.814906555965,15.7464380900351,108.784440826061,218.711205508665,12.1776042318889,13.3199766930851,24.5377224480851,0.896793933565282,0.89807374740202,62.9928010192709,125.985602038542,0.125985602038542,0.000125985602038542,1.25985602038542e-07,4635727695953.62,4635727695.95362,4635.72769595362
"B9B_B",40,5,"FASMEE23","Button","Smoke","CW/KOH",20250127,20250502,"LL","1000x","n/a","","B9B","F23_E",2023-10-10,2023-10-10 15:09:00,2023-10-10 21:09:00,3,"Blue","PTFE",4,60,15,2023-10-10 21:09:00,2023-10-10 21:24:00,"","B9",30,0.03,0,5,-3.50655789731998,0.10625,4.89375,9,36125,1204166.66666667,35357.34375,1178578.125,1065701.61132812,123050.78125,584.100794087505,188.516922417344,3114.5911041344,176.698148148148,130.5,422.625,446.172839506173,237.875,1716.21,10.8074935400517,10.5555555555556,11.6666666666667,10,33.0116279069767,33,31,34,3.84755654322465,3.82515368908763,4.16705056996941,3.64859285797902,11336.5,10298.67,2475.79,88.25,0.125,0,24722.5,24835.125,24836.25,24837.375,5.23918777695593,"Very Unhealthy","Low",61.2042743966305,66.3921308617705,201.814906555965,15.7464380900351,108.784440826061,218.711205508665,12.1776042318889,13.3199766930851,24.5377224480851,0.896793933565282,0.89807374740202,62.9928010192709,125.985602038542,0.125985602038542,0.000125985602038542,1.25985602038542e-07,8458915892643.86,8458915892.64386,8458.91589264386
"B1B_B",1,3,"FASMEE23","Button","Ambient","CW/KOH",20240505,20250505,"LL","1000x","104","","B1B","F23_A",2023-10-08,2023-10-08 14:48:00,2023-10-08 20:48:00,1,"Blue","PTFE",4,40,10,2023-10-08 20:48:00,2023-10-08 20:58:00,"","B1",20,0.02,0.2,2.8,-3.91202300542815,0.30625,2.69375,1,21675,1083750,19462.34375,973117.1875,NA,123050.78125,3.69313538461538,3.6812,3.8536,0,0,0,0.0166923076923077,0,0.375,19.8717948717949,19.4444444444444,21.1111111111111,18.3333333333333,23.8615384615385,24,22,26,4.82188619030089,4.73837584914535,5.14397613428947,4.37656394135745,98.21,69,0,0,0,0,170.21,170.21,170.21,170.21,1.30323878598256,"Good","None",NA,NA,NA,NA,NA,NA,NA,NA,NA,NA,NA,NA,NA,NA,NA,NA,NA,NA,NA
"B1B_B",2,1,"FASMEE23","Button","Ambient","CW/KOH",20240505,20250505,"LL","1000x","104","","B1B","F23_A",2023-10-08,2023-10-08 14:48:00,2023-10-08 20:48:00,1,"Blue","PTFE",4,40,10,2023-10-08 20:48:00,2023-10-08 20:58:00,"","B1",20,0.02,0.2,0.8,-3.91202300542815,0.30625,0.69375,1,7225,361250,5012.34375,250617.1875,NA,123050.78125,3.69313538461538,3.6812,3.8536,0,0,0,0.0166923076923077,0,0.375,19.8717948717949,19.4444444444444,21.1111111111111,18.3333333333333,23.8615384615385,24,22,26,4.82188619030089,4.73837584914535,5.14397613428947,4.37656394135745,98.21,69,0,0,0,0,170.21,170.21,170.21,170.21,1.30323878598256,"Good","None",NA,NA,NA,NA,NA,NA,NA,NA,NA,NA,NA,NA,NA,NA,NA,NA,NA,NA,NA
"B1B_B",3,1,"FASMEE23","Button","Ambient","CW/KOH",20240505,20250505,"LL","1000x","104","","B1B","F23_A",2023-10-08,2023-10-08 14:48:00,2023-10-08 20:48:00,1,"Blue","PTFE",4,40,10,2023-10-08 20:48:00,2023-10-08 20:58:00,"","B1",20,0.02,0.2,0.8,-3.91202300542815,0.30625,0.69375,1,7225,361250,5012.34375,250617.1875,NA,123050.78125,3.69313538461538,3.6812,3.8536,0,0,0,0.0166923076923077,0,0.375,19.8717948717949,19.4444444444444,21.1111111111111,18.3333333333333,23.8615384615385,24,22,26,4.82188619030089,4.73837584914535,5.14397613428947,4.37656394135745,98.21,69,0,0,0,0,170.21,170.21,170.21,170.21,1.30323878598256,"Good","None",NA,NA,NA,NA,NA,NA,NA,NA,NA,NA,NA,NA,NA,NA,NA,NA,NA,NA,NA
"B1B_B",4,2,"FASMEE23","Button","Ambient","CW/KOH",20240505,20250505,"LL","1000x","104","","B1B","F23_A",2023-10-08,2023-10-08 14:48:00,2023-10-08 20:48:00,1,"Blue","PTFE",4,40,10,2023-10-08 20:48:00,2023-10-08 20:58:00,"","B1",20,0.02,0.2,1.8,-3.91202300542815,0.30625,1.69375,1,14450,722500,12237.34375,611867.1875,NA,123050.78125,3.69313538461538,3.6812,3.8536,0,0,0,0.0166923076923077,0,0.375,19.8717948717949,19.4444444444444,21.1111111111111,18.3333333333333,23.8615384615385,24,22,26,4.82188619030089,4.73837584914535,5.14397613428947,4.37656394135745,98.21,69,0,0,0,0,170.21,170.21,170.21,170.21,1.30323878598256,"Good","None",NA,NA,NA,NA,NA,NA,NA,NA,NA,NA,NA,NA,NA,NA,NA,NA,NA,NA,NA
"B1B_B",5,4,"FASMEE23","Button","Ambient","CW/KOH",20240505,20250505,"LL","1000x","104","","B1B","F23_A",2023-10-08,2023-10-08 14:48:00,2023-10-08 20:48:00,1,"Blue","PTFE",4,40,10,2023-10-08 20:48:00,2023-10-08 20:58:00,"","B1",20,0.02,0.2,3.8,-3.91202300542815,0.30625,3.69375,1,28900,1445000,26687.34375,1334367.1875,NA,123050.78125,3.69313538461538,3.6812,3.8536,0,0,0,0.0166923076923077,0,0.375,19.8717948717949,19.4444444444444,21.1111111111111,18.3333333333333,23.8615384615385,24,22,26,4.82188619030089,4.73837584914535,5.14397613428947,4.37656394135745,98.21,69,0,0,0,0,170.21,170.21,170.21,170.21,1.30323878598256,"Good","None",NA,NA,NA,NA,NA,NA,NA,NA,NA,NA,NA,NA,NA,NA,NA,NA,NA,NA,NA
"B1B_B",6,2,"FASMEE23","Button","Ambient","CW/KOH",20240505,20250505,"LL","1000x","104","","B1B","F23_A",2023-10-08,2023-10-08 14:48:00,2023-10-08 20:48:00,1,"Blue","PTFE",4,40,10,2023-10-08 20:48:00,2023-10-08 20:58:00,"","B1",20,0.02,0.2,1.8,-3.91202300542815,0.30625,1.69375,1,14450,722500,12237.34375,611867.1875,NA,123050.78125,3.69313538461538,3.6812,3.8536,0,0,0,0.0166923076923077,0,0.375,19.8717948717949,19.4444444444444,21.1111111111111,18.3333333333333,23.8615384615385,24,22,26,4.82188619030089,4.73837584914535,5.14397613428947,4.37656394135745,98.21,69,0,0,0,0,170.21,170.21,170.21,170.21,1.30323878598256,"Good","None",NA,NA,NA,NA,NA,NA,NA,NA,NA,NA,NA,NA,NA,NA,NA,NA,NA,NA,NA
"B1B_B",7,0,"FASMEE23","Button","Ambient","CW/KOH",20240505,20250505,"LL","1000x","104","","B1B","F23_A",2023-10-08,2023-10-08 14:48:00,2023-10-08 20:48:00,1,"Blue","PTFE",4,40,10,2023-10-08 20:48:00,2023-10-08 20:58:00,"","B1",20,0.02,0.2,0,-3.91202300542815,0.30625,0,1,0,0,0,0,NA,123050.78125,3.69313538461538,3.6812,3.8536,0,0,0,0.0166923076923077,0,0.375,19.8717948717949,19.4444444444444,21.1111111111111,18.3333333333333,23.8615384615385,24,22,26,4.82188619030089,4.73837584914535,5.14397613428947,4.37656394135745,98.21,69,0,0,0,0,170.21,170.21,170.21,170.21,1.30323878598256,"Good","None",NA,NA,NA,NA,NA,NA,NA,NA,NA,NA,NA,NA,NA,NA,NA,NA,NA,NA,NA
"B1B_B",8,0,"FASMEE23","Button","Ambient","CW/KOH",20240505,20250505,"LL","1000x","104","","B1B","F23_A",2023-10-08,2023-10-08 14:48:00,2023-10-08 20:48:00,1,"Blue","PTFE",4,40,10,2023-10-08 20:48:00,2023-10-08 20:58:00,"","B1",20,0.02,0.2,0,-3.91202300542815,0.30625,0,1,0,0,0,0,NA,123050.78125,3.69313538461538,3.6812,3.8536,0,0,0,0.0166923076923077,0,0.375,19.8717948717949,19.4444444444444,21.1111111111111,18.3333333333333,23.8615384615385,24,22,26,4.82188619030089,4.73837584914535,5.14397613428947,4.37656394135745,98.21,69,0,0,0,0,170.21,170.21,170.21,170.21,1.30323878598256,"Good","None",NA,NA,NA,NA,NA,NA,NA,NA,NA,NA,NA,NA,NA,NA,NA,NA,NA,NA,NA
"B1B_B",9,0,"FASMEE23","Button","Ambient","CW/KOH",20240505,20250505,"LL","1000x","104","","B1B","F23_A",2023-10-08,2023-10-08 14:48:00,2023-10-08 20:48:00,1,"Blue","PTFE",4,40,10,2023-10-08 20:48:00,2023-10-08 20:58:00,"","B1",20,0.02,0.2,0,-3.91202300542815,0.30625,0,1,0,0,0,0,NA,123050.78125,3.69313538461538,3.6812,3.8536,0,0,0,0.0166923076923077,0,0.375,19.8717948717949,19.4444444444444,21.1111111111111,18.3333333333333,23.8615384615385,24,22,26,4.82188619030089,4.73837584914535,5.14397613428947,4.37656394135745,98.21,69,0,0,0,0,170.21,170.21,170.21,170.21,1.30323878598256,"Good","None",NA,NA,NA,NA,NA,NA,NA,NA,NA,NA,NA,NA,NA,NA,NA,NA,NA,NA,NA
"B1B_B",10,1,"FASMEE23","Button","Ambient","CW/KOH",20240505,20250505,"LL","1000x","104","","B1B","F23_A",2023-10-08,2023-10-08 14:48:00,2023-10-08 20:48:00,1,"Blue","PTFE",4,40,10,2023-10-08 20:48:00,2023-10-08 20:58:00,"","B1",20,0.02,0.2,0.8,-3.91202300542815,0.30625,0.69375,1,7225,361250,5012.34375,250617.1875,NA,123050.78125,3.69313538461538,3.6812,3.8536,0,0,0,0.0166923076923077,0,0.375,19.8717948717949,19.4444444444444,21.1111111111111,18.3333333333333,23.8615384615385,24,22,26,4.82188619030089,4.73837584914535,5.14397613428947,4.37656394135745,98.21,69,0,0,0,0,170.21,170.21,170.21,170.21,1.30323878598256,"Good","None",NA,NA,NA,NA,NA,NA,NA,NA,NA,NA,NA,NA,NA,NA,NA,NA,NA,NA,NA
"B1B_B",11,0,"FASMEE23","Button","Ambient","CW/KOH",20240505,20250505,"LL","1000x","104","","B1B","F23_A",2023-10-08,2023-10-08 14:48:00,2023-10-08 20:48:00,1,"Blue","PTFE",4,40,10,2023-10-08 20:48:00,2023-10-08 20:58:00,"","B1",20,0.02,0.2,0,-3.91202300542815,0.30625,0,1,0,0,0,0,NA,123050.78125,3.69313538461538,3.6812,3.8536,0,0,0,0.0166923076923077,0,0.375,19.8717948717949,19.4444444444444,21.1111111111111,18.3333333333333,23.8615384615385,24,22,26,4.82188619030089,4.73837584914535,5.14397613428947,4.37656394135745,98.21,69,0,0,0,0,170.21,170.21,170.21,170.21,1.30323878598256,"Good","None",NA,NA,NA,NA,NA,NA,NA,NA,NA,NA,NA,NA,NA,NA,NA,NA,NA,NA,NA
"B1B_B",12,0,"FASMEE23","Button","Ambient","CW/KOH",20240505,20250505,"LL","1000x","104","","B1B","F23_A",2023-10-08,2023-10-08 14:48:00,2023-10-08 20:48:00,1,"Blue","PTFE",4,40,10,2023-10-08 20:48:00,2023-10-08 20:58:00,"","B1",20,0.02,0.2,0,-3.91202300542815,0.30625,0,1,0,0,0,0,NA,123050.78125,3.69313538461538,3.6812,3.8536,0,0,0,0.0166923076923077,0,0.375,19.8717948717949,19.4444444444444,21.1111111111111,18.3333333333333,23.8615384615385,24,22,26,4.82188619030089,4.73837584914535,5.14397613428947,4.37656394135745,98.21,69,0,0,0,0,170.21,170.21,170.21,170.21,1.30323878598256,"Good","None",NA,NA,NA,NA,NA,NA,NA,NA,NA,NA,NA,NA,NA,NA,NA,NA,NA,NA,NA
"B1B_B",13,0,"FASMEE23","Button","Ambient","CW/KOH",20240505,20250505,"LL","1000x","104","","B1B","F23_A",2023-10-08,2023-10-08 14:48:00,2023-10-08 20:48:00,1,"Blue","PTFE",4,40,10,2023-10-08 20:48:00,2023-10-08 20:58:00,"","B1",20,0.02,0.2,0,-3.91202300542815,0.30625,0,1,0,0,0,0,NA,123050.78125,3.69313538461538,3.6812,3.8536,0,0,0,0.0166923076923077,0,0.375,19.8717948717949,19.4444444444444,21.1111111111111,18.3333333333333,23.8615384615385,24,22,26,4.82188619030089,4.73837584914535,5.14397613428947,4.37656394135745,98.21,69,0,0,0,0,170.21,170.21,170.21,170.21,1.30323878598256,"Good","None",NA,NA,NA,NA,NA,NA,NA,NA,NA,NA,NA,NA,NA,NA,NA,NA,NA,NA,NA
"B1B_B",14,0,"FASMEE23","Button","Ambient","CW/KOH",20240505,20250505,"LL","1000x","104","","B1B","F23_A",2023-10-08,2023-10-08 14:48:00,2023-10-08 20:48:00,1,"Blue","PTFE",4,40,10,2023-10-08 20:48:00,2023-10-08 20:58:00,"","B1",20,0.02,0.2,0,-3.91202300542815,0.30625,0,1,0,0,0,0,NA,123050.78125,3.69313538461538,3.6812,3.8536,0,0,0,0.0166923076923077,0,0.375,19.8717948717949,19.4444444444444,21.1111111111111,18.3333333333333,23.8615384615385,24,22,26,4.82188619030089,4.73837584914535,5.14397613428947,4.37656394135745,98.21,69,0,0,0,0,170.21,170.21,170.21,170.21,1.30323878598256,"Good","None",NA,NA,NA,NA,NA,NA,NA,NA,NA,NA,NA,NA,NA,NA,NA,NA,NA,NA,NA
"B1B_B",15,0,"FASMEE23","Button","Ambient","CW/KOH",20240505,20250505,"LL","1000x","104","","B1B","F23_A",2023-10-08,2023-10-08 14:48:00,2023-10-08 20:48:00,1,"Blue","PTFE",4,40,10,2023-10-08 20:48:00,2023-10-08 20:58:00,"","B1",20,0.02,0.2,0,-3.91202300542815,0.30625,0,1,0,0,0,0,NA,123050.78125,3.69313538461538,3.6812,3.8536,0,0,0,0.0166923076923077,0,0.375,19.8717948717949,19.4444444444444,21.1111111111111,18.3333333333333,23.8615384615385,24,22,26,4.82188619030089,4.73837584914535,5.14397613428947,4.37656394135745,98.21,69,0,0,0,0,170.21,170.21,170.21,170.21,1.30323878598256,"Good","None",NA,NA,NA,NA,NA,NA,NA,NA,NA,NA,NA,NA,NA,NA,NA,NA,NA,NA,NA
"B1B_B",16,0,"FASMEE23","Button","Ambient","CW/KOH",20240505,20250505,"LL","1000x","104","","B1B","F23_A",2023-10-08,2023-10-08 14:48:00,2023-10-08 20:48:00,1,"Blue","PTFE",4,40,10,2023-10-08 20:48:00,2023-10-08 20:58:00,"","B1",20,0.02,0.2,0,-3.91202300542815,0.30625,0,1,0,0,0,0,NA,123050.78125,3.69313538461538,3.6812,3.8536,0,0,0,0.0166923076923077,0,0.375,19.8717948717949,19.4444444444444,21.1111111111111,18.3333333333333,23.8615384615385,24,22,26,4.82188619030089,4.73837584914535,5.14397613428947,4.37656394135745,98.21,69,0,0,0,0,170.21,170.21,170.21,170.21,1.30323878598256,"Good","None",NA,NA,NA,NA,NA,NA,NA,NA,NA,NA,NA,NA,NA,NA,NA,NA,NA,NA,NA
"B1B_B",17,0,"FASMEE23","Button","Ambient","CW/KOH",20240505,20250505,"LL","1000x","104","","B1B","F23_A",2023-10-08,2023-10-08 14:48:00,2023-10-08 20:48:00,1,"Blue","PTFE",4,40,10,2023-10-08 20:48:00,2023-10-08 20:58:00,"","B1",20,0.02,0.2,0,-3.91202300542815,0.30625,0,1,0,0,0,0,NA,123050.78125,3.69313538461538,3.6812,3.8536,0,0,0,0.0166923076923077,0,0.375,19.8717948717949,19.4444444444444,21.1111111111111,18.3333333333333,23.8615384615385,24,22,26,4.82188619030089,4.73837584914535,5.14397613428947,4.37656394135745,98.21,69,0,0,0,0,170.21,170.21,170.21,170.21,1.30323878598256,"Good","None",NA,NA,NA,NA,NA,NA,NA,NA,NA,NA,NA,NA,NA,NA,NA,NA,NA,NA,NA
"B1B_B",18,0,"FASMEE23","Button","Ambient","CW/KOH",20240505,20250505,"LL","1000x","104","","B1B","F23_A",2023-10-08,2023-10-08 14:48:00,2023-10-08 20:48:00,1,"Blue","PTFE",4,40,10,2023-10-08 20:48:00,2023-10-08 20:58:00,"","B1",20,0.02,0.2,0,-3.91202300542815,0.30625,0,1,0,0,0,0,NA,123050.78125,3.69313538461538,3.6812,3.8536,0,0,0,0.0166923076923077,0,0.375,19.8717948717949,19.4444444444444,21.1111111111111,18.3333333333333,23.8615384615385,24,22,26,4.82188619030089,4.73837584914535,5.14397613428947,4.37656394135745,98.21,69,0,0,0,0,170.21,170.21,170.21,170.21,1.30323878598256,"Good","None",NA,NA,NA,NA,NA,NA,NA,NA,NA,NA,NA,NA,NA,NA,NA,NA,NA,NA,NA
"B1B_B",19,0,"FASMEE23","Button","Ambient","CW/KOH",20240505,20250505,"LL","1000x","104","","B1B","F23_A",2023-10-08,2023-10-08 14:48:00,2023-10-08 20:48:00,1,"Blue","PTFE",4,40,10,2023-10-08 20:48:00,2023-10-08 20:58:00,"","B1",20,0.02,0.2,0,-3.91202300542815,0.30625,0,1,0,0,0,0,NA,123050.78125,3.69313538461538,3.6812,3.8536,0,0,0,0.0166923076923077,0,0.375,19.8717948717949,19.4444444444444,21.1111111111111,18.3333333333333,23.8615384615385,24,22,26,4.82188619030089,4.73837584914535,5.14397613428947,4.37656394135745,98.21,69,0,0,0,0,170.21,170.21,170.21,170.21,1.30323878598256,"Good","None",NA,NA,NA,NA,NA,NA,NA,NA,NA,NA,NA,NA,NA,NA,NA,NA,NA,NA,NA
"B1B_B",20,0,"FASMEE23","Button","Ambient","CW/KOH",20240505,20250505,"LL","1000x","104","","B1B","F23_A",2023-10-08,2023-10-08 14:48:00,2023-10-08 20:48:00,1,"Blue","PTFE",4,40,10,2023-10-08 20:48:00,2023-10-08 20:58:00,"","B1",20,0.02,0.2,0,-3.91202300542815,0.30625,0,1,0,0,0,0,NA,123050.78125,3.69313538461538,3.6812,3.8536,0,0,0,0.0166923076923077,0,0.375,19.8717948717949,19.4444444444444,21.1111111111111,18.3333333333333,23.8615384615385,24,22,26,4.82188619030089,4.73837584914535,5.14397613428947,4.37656394135745,98.21,69,0,0,0,0,170.21,170.21,170.21,170.21,1.30323878598256,"Good","None",NA,NA,NA,NA,NA,NA,NA,NA,NA,NA,NA,NA,NA,NA,NA,NA,NA,NA,NA
"B1B_B",21,0,"FASMEE23","Button","Ambient","CW/KOH",20240505,20250505,"LL","1000x","104","","B1B","F23_A",2023-10-08,2023-10-08 14:48:00,2023-10-08 20:48:00,1,"Blue","PTFE",4,40,10,2023-10-08 20:48:00,2023-10-08 20:58:00,"","B1",20,0.02,0.2,0,-3.91202300542815,0.30625,0,1,0,0,0,0,NA,123050.78125,3.69313538461538,3.6812,3.8536,0,0,0,0.0166923076923077,0,0.375,19.8717948717949,19.4444444444444,21.1111111111111,18.3333333333333,23.8615384615385,24,22,26,4.82188619030089,4.73837584914535,5.14397613428947,4.37656394135745,98.21,69,0,0,0,0,170.21,170.21,170.21,170.21,1.30323878598256,"Good","None",NA,NA,NA,NA,NA,NA,NA,NA,NA,NA,NA,NA,NA,NA,NA,NA,NA,NA,NA
"B1B_B",22,0,"FASMEE23","Button","Ambient","CW/KOH",20240505,20250505,"LL","1000x","104","","B1B","F23_A",2023-10-08,2023-10-08 14:48:00,2023-10-08 20:48:00,1,"Blue","PTFE",4,40,10,2023-10-08 20:48:00,2023-10-08 20:58:00,"","B1",20,0.02,0.2,0,-3.91202300542815,0.30625,0,1,0,0,0,0,NA,123050.78125,3.69313538461538,3.6812,3.8536,0,0,0,0.0166923076923077,0,0.375,19.8717948717949,19.4444444444444,21.1111111111111,18.3333333333333,23.8615384615385,24,22,26,4.82188619030089,4.73837584914535,5.14397613428947,4.37656394135745,98.21,69,0,0,0,0,170.21,170.21,170.21,170.21,1.30323878598256,"Good","None",NA,NA,NA,NA,NA,NA,NA,NA,NA,NA,NA,NA,NA,NA,NA,NA,NA,NA,NA
"B1B_B",23,0,"FASMEE23","Button","Ambient","CW/KOH",20240505,20250505,"LL","1000x","104","","B1B","F23_A",2023-10-08,2023-10-08 14:48:00,2023-10-08 20:48:00,1,"Blue","PTFE",4,40,10,2023-10-08 20:48:00,2023-10-08 20:58:00,"","B1",20,0.02,0.2,0,-3.91202300542815,0.30625,0,1,0,0,0,0,NA,123050.78125,3.69313538461538,3.6812,3.8536,0,0,0,0.0166923076923077,0,0.375,19.8717948717949,19.4444444444444,21.1111111111111,18.3333333333333,23.8615384615385,24,22,26,4.82188619030089,4.73837584914535,5.14397613428947,4.37656394135745,98.21,69,0,0,0,0,170.21,170.21,170.21,170.21,1.30323878598256,"Good","None",NA,NA,NA,NA,NA,NA,NA,NA,NA,NA,NA,NA,NA,NA,NA,NA,NA,NA,NA
"B1B_B",24,0,"FASMEE23","Button","Ambient","CW/KOH",20240505,20250505,"LL","1000x","104","","B1B","F23_A",2023-10-08,2023-10-08 14:48:00,2023-10-08 20:48:00,1,"Blue","PTFE",4,40,10,2023-10-08 20:48:00,2023-10-08 20:58:00,"","B1",20,0.02,0.2,0,-3.91202300542815,0.30625,0,1,0,0,0,0,NA,123050.78125,3.69313538461538,3.6812,3.8536,0,0,0,0.0166923076923077,0,0.375,19.8717948717949,19.4444444444444,21.1111111111111,18.3333333333333,23.8615384615385,24,22,26,4.82188619030089,4.73837584914535,5.14397613428947,4.37656394135745,98.21,69,0,0,0,0,170.21,170.21,170.21,170.21,1.30323878598256,"Good","None",NA,NA,NA,NA,NA,NA,NA,NA,NA,NA,NA,NA,NA,NA,NA,NA,NA,NA,NA
"B1B_B",25,0,"FASMEE23","Button","Ambient","CW/KOH",20240505,20250505,"LL","1000x","104","","B1B","F23_A",2023-10-08,2023-10-08 14:48:00,2023-10-08 20:48:00,1,"Blue","PTFE",4,40,10,2023-10-08 20:48:00,2023-10-08 20:58:00,"","B1",20,0.02,0.2,0,-3.91202300542815,0.30625,0,1,0,0,0,0,NA,123050.78125,3.69313538461538,3.6812,3.8536,0,0,0,0.0166923076923077,0,0.375,19.8717948717949,19.4444444444444,21.1111111111111,18.3333333333333,23.8615384615385,24,22,26,4.82188619030089,4.73837584914535,5.14397613428947,4.37656394135745,98.21,69,0,0,0,0,170.21,170.21,170.21,170.21,1.30323878598256,"Good","None",NA,NA,NA,NA,NA,NA,NA,NA,NA,NA,NA,NA,NA,NA,NA,NA,NA,NA,NA
"B1B_B",26,0,"FASMEE23","Button","Ambient","CW/KOH",20240505,20250505,"LL","1000x","104","","B1B","F23_A",2023-10-08,2023-10-08 14:48:00,2023-10-08 20:48:00,1,"Blue","PTFE",4,40,10,2023-10-08 20:48:00,2023-10-08 20:58:00,"","B1",20,0.02,0.2,0,-3.91202300542815,0.30625,0,1,0,0,0,0,NA,123050.78125,3.69313538461538,3.6812,3.8536,0,0,0,0.0166923076923077,0,0.375,19.8717948717949,19.4444444444444,21.1111111111111,18.3333333333333,23.8615384615385,24,22,26,4.82188619030089,4.73837584914535,5.14397613428947,4.37656394135745,98.21,69,0,0,0,0,170.21,170.21,170.21,170.21,1.30323878598256,"Good","None",NA,NA,NA,NA,NA,NA,NA,NA,NA,NA,NA,NA,NA,NA,NA,NA,NA,NA,NA
"B1B_B",27,0,"FASMEE23","Button","Ambient","CW/KOH",20240505,20250505,"LL","1000x","104","","B1B","F23_A",2023-10-08,2023-10-08 14:48:00,2023-10-08 20:48:00,1,"Blue","PTFE",4,40,10,2023-10-08 20:48:00,2023-10-08 20:58:00,"","B1",20,0.02,0.2,0,-3.91202300542815,0.30625,0,1,0,0,0,0,NA,123050.78125,3.69313538461538,3.6812,3.8536,0,0,0,0.0166923076923077,0,0.375,19.8717948717949,19.4444444444444,21.1111111111111,18.3333333333333,23.8615384615385,24,22,26,4.82188619030089,4.73837584914535,5.14397613428947,4.37656394135745,98.21,69,0,0,0,0,170.21,170.21,170.21,170.21,1.30323878598256,"Good","None",NA,NA,NA,NA,NA,NA,NA,NA,NA,NA,NA,NA,NA,NA,NA,NA,NA,NA,NA
"B1B_B",28,0,"FASMEE23","Button","Ambient","CW/KOH",20240505,20250505,"LL","1000x","104","","B1B","F23_A",2023-10-08,2023-10-08 14:48:00,2023-10-08 20:48:00,1,"Blue","PTFE",4,40,10,2023-10-08 20:48:00,2023-10-08 20:58:00,"","B1",20,0.02,0.2,0,-3.91202300542815,0.30625,0,1,0,0,0,0,NA,123050.78125,3.69313538461538,3.6812,3.8536,0,0,0,0.0166923076923077,0,0.375,19.8717948717949,19.4444444444444,21.1111111111111,18.3333333333333,23.8615384615385,24,22,26,4.82188619030089,4.73837584914535,5.14397613428947,4.37656394135745,98.21,69,0,0,0,0,170.21,170.21,170.21,170.21,1.30323878598256,"Good","None",NA,NA,NA,NA,NA,NA,NA,NA,NA,NA,NA,NA,NA,NA,NA,NA,NA,NA,NA
"B1B_B",29,0,"FASMEE23","Button","Ambient","CW/KOH",20240505,20250505,"LL","1000x","104","","B1B","F23_A",2023-10-08,2023-10-08 14:48:00,2023-10-08 20:48:00,1,"Blue","PTFE",4,40,10,2023-10-08 20:48:00,2023-10-08 20:58:00,"","B1",20,0.02,0.2,0,-3.91202300542815,0.30625,0,1,0,0,0,0,NA,123050.78125,3.69313538461538,3.6812,3.8536,0,0,0,0.0166923076923077,0,0.375,19.8717948717949,19.4444444444444,21.1111111111111,18.3333333333333,23.8615384615385,24,22,26,4.82188619030089,4.73837584914535,5.14397613428947,4.37656394135745,98.21,69,0,0,0,0,170.21,170.21,170.21,170.21,1.30323878598256,"Good","None",NA,NA,NA,NA,NA,NA,NA,NA,NA,NA,NA,NA,NA,NA,NA,NA,NA,NA,NA
"B1B_B",30,0,"FASMEE23","Button","Ambient","CW/KOH",20240505,20250505,"LL","1000x","104","","B1B","F23_A",2023-10-08,2023-10-08 14:48:00,2023-10-08 20:48:00,1,"Blue","PTFE",4,40,10,2023-10-08 20:48:00,2023-10-08 20:58:00,"","B1",20,0.02,0.2,0,-3.91202300542815,0.30625,0,1,0,0,0,0,NA,123050.78125,3.69313538461538,3.6812,3.8536,0,0,0,0.0166923076923077,0,0.375,19.8717948717949,19.4444444444444,21.1111111111111,18.3333333333333,23.8615384615385,24,22,26,4.82188619030089,4.73837584914535,5.14397613428947,4.37656394135745,98.21,69,0,0,0,0,170.21,170.21,170.21,170.21,1.30323878598256,"Good","None",NA,NA,NA,NA,NA,NA,NA,NA,NA,NA,NA,NA,NA,NA,NA,NA,NA,NA,NA
"B1B_B",31,0,"FASMEE23","Button","Ambient","CW/KOH",20240505,20250505,"LL","1000x","104","","B1B","F23_A",2023-10-08,2023-10-08 14:48:00,2023-10-08 20:48:00,1,"Blue","PTFE",4,40,10,2023-10-08 20:48:00,2023-10-08 20:58:00,"","B1",20,0.02,0.2,0,-3.91202300542815,0.30625,0,1,0,0,0,0,NA,123050.78125,3.69313538461538,3.6812,3.8536,0,0,0,0.0166923076923077,0,0.375,19.8717948717949,19.4444444444444,21.1111111111111,18.3333333333333,23.8615384615385,24,22,26,4.82188619030089,4.73837584914535,5.14397613428947,4.37656394135745,98.21,69,0,0,0,0,170.21,170.21,170.21,170.21,1.30323878598256,"Good","None",NA,NA,NA,NA,NA,NA,NA,NA,NA,NA,NA,NA,NA,NA,NA,NA,NA,NA,NA
"B1B_B",32,0,"FASMEE23","Button","Ambient","CW/KOH",20240505,20250505,"LL","1000x","104","","B1B","F23_A",2023-10-08,2023-10-08 14:48:00,2023-10-08 20:48:00,1,"Blue","PTFE",4,40,10,2023-10-08 20:48:00,2023-10-08 20:58:00,"","B1",20,0.02,0.2,0,-3.91202300542815,0.30625,0,1,0,0,0,0,NA,123050.78125,3.69313538461538,3.6812,3.8536,0,0,0,0.0166923076923077,0,0.375,19.8717948717949,19.4444444444444,21.1111111111111,18.3333333333333,23.8615384615385,24,22,26,4.82188619030089,4.73837584914535,5.14397613428947,4.37656394135745,98.21,69,0,0,0,0,170.21,170.21,170.21,170.21,1.30323878598256,"Good","None",NA,NA,NA,NA,NA,NA,NA,NA,NA,NA,NA,NA,NA,NA,NA,NA,NA,NA,NA
"B1B_B",33,0,"FASMEE23","Button","Ambient","CW/KOH",20240505,20250505,"LL","1000x","104","","B1B","F23_A",2023-10-08,2023-10-08 14:48:00,2023-10-08 20:48:00,1,"Blue","PTFE",4,40,10,2023-10-08 20:48:00,2023-10-08 20:58:00,"","B1",20,0.02,0.2,0,-3.91202300542815,0.30625,0,1,0,0,0,0,NA,123050.78125,3.69313538461538,3.6812,3.8536,0,0,0,0.0166923076923077,0,0.375,19.8717948717949,19.4444444444444,21.1111111111111,18.3333333333333,23.8615384615385,24,22,26,4.82188619030089,4.73837584914535,5.14397613428947,4.37656394135745,98.21,69,0,0,0,0,170.21,170.21,170.21,170.21,1.30323878598256,"Good","None",NA,NA,NA,NA,NA,NA,NA,NA,NA,NA,NA,NA,NA,NA,NA,NA,NA,NA,NA
"B1B_B",34,1,"FASMEE23","Button","Ambient","CW/KOH",20240505,20250505,"LL","1000x","104","","B1B","F23_A",2023-10-08,2023-10-08 14:48:00,2023-10-08 20:48:00,1,"Blue","PTFE",4,40,10,2023-10-08 20:48:00,2023-10-08 20:58:00,"","B1",20,0.02,0.2,0.8,-3.91202300542815,0.30625,0.69375,1,7225,361250,5012.34375,250617.1875,NA,123050.78125,3.69313538461538,3.6812,3.8536,0,0,0,0.0166923076923077,0,0.375,19.8717948717949,19.4444444444444,21.1111111111111,18.3333333333333,23.8615384615385,24,22,26,4.82188619030089,4.73837584914535,5.14397613428947,4.37656394135745,98.21,69,0,0,0,0,170.21,170.21,170.21,170.21,1.30323878598256,"Good","None",NA,NA,NA,NA,NA,NA,NA,NA,NA,NA,NA,NA,NA,NA,NA,NA,NA,NA,NA
"B1B_B",35,0,"FASMEE23","Button","Ambient","CW/KOH",20240505,20250505,"LL","1000x","104","","B1B","F23_A",2023-10-08,2023-10-08 14:48:00,2023-10-08 20:48:00,1,"Blue","PTFE",4,40,10,2023-10-08 20:48:00,2023-10-08 20:58:00,"","B1",20,0.02,0.2,0,-3.91202300542815,0.30625,0,1,0,0,0,0,NA,123050.78125,3.69313538461538,3.6812,3.8536,0,0,0,0.0166923076923077,0,0.375,19.8717948717949,19.4444444444444,21.1111111111111,18.3333333333333,23.8615384615385,24,22,26,4.82188619030089,4.73837584914535,5.14397613428947,4.37656394135745,98.21,69,0,0,0,0,170.21,170.21,170.21,170.21,1.30323878598256,"Good","None",NA,NA,NA,NA,NA,NA,NA,NA,NA,NA,NA,NA,NA,NA,NA,NA,NA,NA,NA
"B1B_B",36,0,"FASMEE23","Button","Ambient","CW/KOH",20240505,20250505,"LL","1000x","104","","B1B","F23_A",2023-10-08,2023-10-08 14:48:00,2023-10-08 20:48:00,1,"Blue","PTFE",4,40,10,2023-10-08 20:48:00,2023-10-08 20:58:00,"","B1",20,0.02,0.2,0,-3.91202300542815,0.30625,0,1,0,0,0,0,NA,123050.78125,3.69313538461538,3.6812,3.8536,0,0,0,0.0166923076923077,0,0.375,19.8717948717949,19.4444444444444,21.1111111111111,18.3333333333333,23.8615384615385,24,22,26,4.82188619030089,4.73837584914535,5.14397613428947,4.37656394135745,98.21,69,0,0,0,0,170.21,170.21,170.21,170.21,1.30323878598256,"Good","None",NA,NA,NA,NA,NA,NA,NA,NA,NA,NA,NA,NA,NA,NA,NA,NA,NA,NA,NA
"B1B_B",37,5,"FASMEE23","Button","Ambient","CW/KOH",20240505,20250505,"LL","1000x","104","","B1B","F23_A",2023-10-08,2023-10-08 14:48:00,2023-10-08 20:48:00,1,"Blue","PTFE",4,40,10,2023-10-08 20:48:00,2023-10-08 20:58:00,"","B1",20,0.02,0.2,4.8,-3.91202300542815,0.30625,4.69375,1,36125,1806250,33912.34375,1695617.1875,NA,123050.78125,3.69313538461538,3.6812,3.8536,0,0,0,0.0166923076923077,0,0.375,19.8717948717949,19.4444444444444,21.1111111111111,18.3333333333333,23.8615384615385,24,22,26,4.82188619030089,4.73837584914535,5.14397613428947,4.37656394135745,98.21,69,0,0,0,0,170.21,170.21,170.21,170.21,1.30323878598256,"Good","None",NA,NA,NA,NA,NA,NA,NA,NA,NA,NA,NA,NA,NA,NA,NA,NA,NA,NA,NA
"B1B_B",38,2,"FASMEE23","Button","Ambient","CW/KOH",20240505,20250505,"LL","1000x","104","","B1B","F23_A",2023-10-08,2023-10-08 14:48:00,2023-10-08 20:48:00,1,"Blue","PTFE",4,40,10,2023-10-08 20:48:00,2023-10-08 20:58:00,"","B1",20,0.02,0.2,1.8,-3.91202300542815,0.30625,1.69375,1,14450,722500,12237.34375,611867.1875,NA,123050.78125,3.69313538461538,3.6812,3.8536,0,0,0,0.0166923076923077,0,0.375,19.8717948717949,19.4444444444444,21.1111111111111,18.3333333333333,23.8615384615385,24,22,26,4.82188619030089,4.73837584914535,5.14397613428947,4.37656394135745,98.21,69,0,0,0,0,170.21,170.21,170.21,170.21,1.30323878598256,"Good","None",NA,NA,NA,NA,NA,NA,NA,NA,NA,NA,NA,NA,NA,NA,NA,NA,NA,NA,NA
"B1B_B",39,0,"FASMEE23","Button","Ambient","CW/KOH",20240505,20250505,"LL","1000x","104","","B1B","F23_A",2023-10-08,2023-10-08 14:48:00,2023-10-08 20:48:00,1,"Blue","PTFE",4,40,10,2023-10-08 20:48:00,2023-10-08 20:58:00,"","B1",20,0.02,0.2,0,-3.91202300542815,0.30625,0,1,0,0,0,0,NA,123050.78125,3.69313538461538,3.6812,3.8536,0,0,0,0.0166923076923077,0,0.375,19.8717948717949,19.4444444444444,21.1111111111111,18.3333333333333,23.8615384615385,24,22,26,4.82188619030089,4.73837584914535,5.14397613428947,4.37656394135745,98.21,69,0,0,0,0,170.21,170.21,170.21,170.21,1.30323878598256,"Good","None",NA,NA,NA,NA,NA,NA,NA,NA,NA,NA,NA,NA,NA,NA,NA,NA,NA,NA,NA
"B1B_B",40,0,"FASMEE23","Button","Ambient","CW/KOH",20240505,20250505,"LL","1000x","104","","B1B","F23_A",2023-10-08,2023-10-08 14:48:00,2023-10-08 20:48:00,1,"Blue","PTFE",4,40,10,2023-10-08 20:48:00,2023-10-08 20:58:00,"","B1",20,0.02,0.2,0,-3.91202300542815,0.30625,0,1,0,0,0,0,NA,123050.78125,3.69313538461538,3.6812,3.8536,0,0,0,0.0166923076923077,0,0.375,19.8717948717949,19.4444444444444,21.1111111111111,18.3333333333333,23.8615384615385,24,22,26,4.82188619030089,4.73837584914535,5.14397613428947,4.37656394135745,98.21,69,0,0,0,0,170.21,170.21,170.21,170.21,1.30323878598256,"Good","None",NA,NA,NA,NA,NA,NA,NA,NA,NA,NA,NA,NA,NA,NA,NA,NA,NA,NA,NA
"B12B_B",1,2,"FASMEE23","Button","Smoke","CW/KOH",20240912,20250505,"LL","1000x","n/a","very few, faint","B12B","F23_B",2023-10-11,2023-10-10 19:29:00,2023-10-11 01:29:00,3,"Blue","PTFE",4,60,15,2023-10-11 01:29:00,2023-10-11 01:44:00,"Partial smoke at best","B12",30,0.03,0,2,-3.50655789731998,0.10625,1.89375,12,14450,481666.666666667,13682.34375,456078.125,343201.611328125,123050.78125,97.2710784691779,70.63031,343.96187725,71.5695081967213,55.375,217.25,119.030737704918,94.21,369.875,9.51730418943534,9.44444444444444,10.5555555555556,8.88888888888889,30.2622950819672,30,30,32,3.22274350561617,3.20067977403102,3.59115262850359,3.05362161156916,5352.375,4262.04,915.835,8.29,0,0,10439.125,10456.375,10456.375,10456.375,4.257459372481,"Moderate/Unhealthy","Low",12.4836759454948,13.1564633792446,42.6384496071778,2.83267731716567,22.6222156083308,43.3128495814939,1.66076798489259,2.36439821080882,3.08124897580882,0.948198027037845,0.934616975798477,12.580490102955,25.1609802059101,0.02516098020591,2.516098020591e-05,2.516098020591e-08,13640232157867.6,13640232157.8676,13640.2321578676
"B12B_B",2,0,"FASMEE23","Button","Smoke","CW/KOH",20240912,20250505,"LL","1000x","n/a","very few, faint","B12B","F23_B",2023-10-11,2023-10-10 19:29:00,2023-10-11 01:29:00,3,"Blue","PTFE",4,60,15,2023-10-11 01:29:00,2023-10-11 01:44:00,"Partial smoke at best","B12",30,0.03,0,0,-3.50655789731998,0.10625,0,12,0,0,0,0,0,123050.78125,97.2710784691779,70.63031,343.96187725,71.5695081967213,55.375,217.25,119.030737704918,94.21,369.875,9.51730418943534,9.44444444444444,10.5555555555556,8.88888888888889,30.2622950819672,30,30,32,3.22274350561617,3.20067977403102,3.59115262850359,3.05362161156916,5352.375,4262.04,915.835,8.29,0,0,10439.125,10456.375,10456.375,10456.375,4.257459372481,"Moderate/Unhealthy","Low",12.4836759454948,13.1564633792446,42.6384496071778,2.83267731716567,22.6222156083308,43.3128495814939,1.66076798489259,2.36439821080882,3.08124897580882,0.948198027037845,0.934616975798477,12.580490102955,25.1609802059101,0.02516098020591,2.516098020591e-05,2.516098020591e-08,0,0,0
"B12B_B",3,0,"FASMEE23","Button","Smoke","CW/KOH",20240912,20250505,"LL","1000x","n/a","very few, faint","B12B","F23_B",2023-10-11,2023-10-10 19:29:00,2023-10-11 01:29:00,3,"Blue","PTFE",4,60,15,2023-10-11 01:29:00,2023-10-11 01:44:00,"Partial smoke at best","B12",30,0.03,0,0,-3.50655789731998,0.10625,0,12,0,0,0,0,0,123050.78125,97.2710784691779,70.63031,343.96187725,71.5695081967213,55.375,217.25,119.030737704918,94.21,369.875,9.51730418943534,9.44444444444444,10.5555555555556,8.88888888888889,30.2622950819672,30,30,32,3.22274350561617,3.20067977403102,3.59115262850359,3.05362161156916,5352.375,4262.04,915.835,8.29,0,0,10439.125,10456.375,10456.375,10456.375,4.257459372481,"Moderate/Unhealthy","Low",12.4836759454948,13.1564633792446,42.6384496071778,2.83267731716567,22.6222156083308,43.3128495814939,1.66076798489259,2.36439821080882,3.08124897580882,0.948198027037845,0.934616975798477,12.580490102955,25.1609802059101,0.02516098020591,2.516098020591e-05,2.516098020591e-08,0,0,0
"B12B_B",4,1,"FASMEE23","Button","Smoke","CW/KOH",20240912,20250505,"LL","1000x","n/a","very few, faint","B12B","F23_B",2023-10-11,2023-10-10 19:29:00,2023-10-11 01:29:00,3,"Blue","PTFE",4,60,15,2023-10-11 01:29:00,2023-10-11 01:44:00,"Partial smoke at best","B12",30,0.03,0,1,-3.50655789731998,0.10625,0.89375,12,7225,240833.333333333,6457.34375,215244.791666667,102368.277994792,123050.78125,97.2710784691779,70.63031,343.96187725,71.5695081967213,55.375,217.25,119.030737704918,94.21,369.875,9.51730418943534,9.44444444444444,10.5555555555556,8.88888888888889,30.2622950819672,30,30,32,3.22274350561617,3.20067977403102,3.59115262850359,3.05362161156916,5352.375,4262.04,915.835,8.29,0,0,10439.125,10456.375,10456.375,10456.375,4.257459372481,"Moderate/Unhealthy","Low",12.4836759454948,13.1564633792446,42.6384496071778,2.83267731716567,22.6222156083308,43.3128495814939,1.66076798489259,2.36439821080882,3.08124897580882,0.948198027037845,0.934616975798477,12.580490102955,25.1609802059101,0.02516098020591,2.516098020591e-05,2.516098020591e-08,4068532988661.01,4068532988.66101,4068.53298866101
"B12B_B",5,2,"FASMEE23","Button","Smoke","CW/KOH",20240912,20250505,"LL","1000x","n/a","very few, faint","B12B","F23_B",2023-10-11,2023-10-10 19:29:00,2023-10-11 01:29:00,3,"Blue","PTFE",4,60,15,2023-10-11 01:29:00,2023-10-11 01:44:00,"Partial smoke at best","B12",30,0.03,0,2,-3.50655789731998,0.10625,1.89375,12,14450,481666.666666667,13682.34375,456078.125,343201.611328125,123050.78125,97.2710784691779,70.63031,343.96187725,71.5695081967213,55.375,217.25,119.030737704918,94.21,369.875,9.51730418943534,9.44444444444444,10.5555555555556,8.88888888888889,30.2622950819672,30,30,32,3.22274350561617,3.20067977403102,3.59115262850359,3.05362161156916,5352.375,4262.04,915.835,8.29,0,0,10439.125,10456.375,10456.375,10456.375,4.257459372481,"Moderate/Unhealthy","Low",12.4836759454948,13.1564633792446,42.6384496071778,2.83267731716567,22.6222156083308,43.3128495814939,1.66076798489259,2.36439821080882,3.08124897580882,0.948198027037845,0.934616975798477,12.580490102955,25.1609802059101,0.02516098020591,2.516098020591e-05,2.516098020591e-08,13640232157867.6,13640232157.8676,13640.2321578676
"B12B_B",6,0,"FASMEE23","Button","Smoke","CW/KOH",20240912,20250505,"LL","1000x","n/a","very few, faint","B12B","F23_B",2023-10-11,2023-10-10 19:29:00,2023-10-11 01:29:00,3,"Blue","PTFE",4,60,15,2023-10-11 01:29:00,2023-10-11 01:44:00,"Partial smoke at best","B12",30,0.03,0,0,-3.50655789731998,0.10625,0,12,0,0,0,0,0,123050.78125,97.2710784691779,70.63031,343.96187725,71.5695081967213,55.375,217.25,119.030737704918,94.21,369.875,9.51730418943534,9.44444444444444,10.5555555555556,8.88888888888889,30.2622950819672,30,30,32,3.22274350561617,3.20067977403102,3.59115262850359,3.05362161156916,5352.375,4262.04,915.835,8.29,0,0,10439.125,10456.375,10456.375,10456.375,4.257459372481,"Moderate/Unhealthy","Low",12.4836759454948,13.1564633792446,42.6384496071778,2.83267731716567,22.6222156083308,43.3128495814939,1.66076798489259,2.36439821080882,3.08124897580882,0.948198027037845,0.934616975798477,12.580490102955,25.1609802059101,0.02516098020591,2.516098020591e-05,2.516098020591e-08,0,0,0
"B12B_B",7,2,"FASMEE23","Button","Smoke","CW/KOH",20240912,20250505,"LL","1000x","n/a","very few, faint","B12B","F23_B",2023-10-11,2023-10-10 19:29:00,2023-10-11 01:29:00,3,"Blue","PTFE",4,60,15,2023-10-11 01:29:00,2023-10-11 01:44:00,"Partial smoke at best","B12",30,0.03,0,2,-3.50655789731998,0.10625,1.89375,12,14450,481666.666666667,13682.34375,456078.125,343201.611328125,123050.78125,97.2710784691779,70.63031,343.96187725,71.5695081967213,55.375,217.25,119.030737704918,94.21,369.875,9.51730418943534,9.44444444444444,10.5555555555556,8.88888888888889,30.2622950819672,30,30,32,3.22274350561617,3.20067977403102,3.59115262850359,3.05362161156916,5352.375,4262.04,915.835,8.29,0,0,10439.125,10456.375,10456.375,10456.375,4.257459372481,"Moderate/Unhealthy","Low",12.4836759454948,13.1564633792446,42.6384496071778,2.83267731716567,22.6222156083308,43.3128495814939,1.66076798489259,2.36439821080882,3.08124897580882,0.948198027037845,0.934616975798477,12.580490102955,25.1609802059101,0.02516098020591,2.516098020591e-05,2.516098020591e-08,13640232157867.6,13640232157.8676,13640.2321578676
"B12B_B",8,0,"FASMEE23","Button","Smoke","CW/KOH",20240912,20250505,"LL","1000x","n/a","very few, faint","B12B","F23_B",2023-10-11,2023-10-10 19:29:00,2023-10-11 01:29:00,3,"Blue","PTFE",4,60,15,2023-10-11 01:29:00,2023-10-11 01:44:00,"Partial smoke at best","B12",30,0.03,0,0,-3.50655789731998,0.10625,0,12,0,0,0,0,0,123050.78125,97.2710784691779,70.63031,343.96187725,71.5695081967213,55.375,217.25,119.030737704918,94.21,369.875,9.51730418943534,9.44444444444444,10.5555555555556,8.88888888888889,30.2622950819672,30,30,32,3.22274350561617,3.20067977403102,3.59115262850359,3.05362161156916,5352.375,4262.04,915.835,8.29,0,0,10439.125,10456.375,10456.375,10456.375,4.257459372481,"Moderate/Unhealthy","Low",12.4836759454948,13.1564633792446,42.6384496071778,2.83267731716567,22.6222156083308,43.3128495814939,1.66076798489259,2.36439821080882,3.08124897580882,0.948198027037845,0.934616975798477,12.580490102955,25.1609802059101,0.02516098020591,2.516098020591e-05,2.516098020591e-08,0,0,0
"B12B_B",9,2,"FASMEE23","Button","Smoke","CW/KOH",20240912,20250505,"LL","1000x","n/a","very few, faint","B12B","F23_B",2023-10-11,2023-10-10 19:29:00,2023-10-11 01:29:00,3,"Blue","PTFE",4,60,15,2023-10-11 01:29:00,2023-10-11 01:44:00,"Partial smoke at best","B12",30,0.03,0,2,-3.50655789731998,0.10625,1.89375,12,14450,481666.666666667,13682.34375,456078.125,343201.611328125,123050.78125,97.2710784691779,70.63031,343.96187725,71.5695081967213,55.375,217.25,119.030737704918,94.21,369.875,9.51730418943534,9.44444444444444,10.5555555555556,8.88888888888889,30.2622950819672,30,30,32,3.22274350561617,3.20067977403102,3.59115262850359,3.05362161156916,5352.375,4262.04,915.835,8.29,0,0,10439.125,10456.375,10456.375,10456.375,4.257459372481,"Moderate/Unhealthy","Low",12.4836759454948,13.1564633792446,42.6384496071778,2.83267731716567,22.6222156083308,43.3128495814939,1.66076798489259,2.36439821080882,3.08124897580882,0.948198027037845,0.934616975798477,12.580490102955,25.1609802059101,0.02516098020591,2.516098020591e-05,2.516098020591e-08,13640232157867.6,13640232157.8676,13640.2321578676
"B12B_B",10,0,"FASMEE23","Button","Smoke","CW/KOH",20240912,20250505,"LL","1000x","n/a","very few, faint","B12B","F23_B",2023-10-11,2023-10-10 19:29:00,2023-10-11 01:29:00,3,"Blue","PTFE",4,60,15,2023-10-11 01:29:00,2023-10-11 01:44:00,"Partial smoke at best","B12",30,0.03,0,0,-3.50655789731998,0.10625,0,12,0,0,0,0,0,123050.78125,97.2710784691779,70.63031,343.96187725,71.5695081967213,55.375,217.25,119.030737704918,94.21,369.875,9.51730418943534,9.44444444444444,10.5555555555556,8.88888888888889,30.2622950819672,30,30,32,3.22274350561617,3.20067977403102,3.59115262850359,3.05362161156916,5352.375,4262.04,915.835,8.29,0,0,10439.125,10456.375,10456.375,10456.375,4.257459372481,"Moderate/Unhealthy","Low",12.4836759454948,13.1564633792446,42.6384496071778,2.83267731716567,22.6222156083308,43.3128495814939,1.66076798489259,2.36439821080882,3.08124897580882,0.948198027037845,0.934616975798477,12.580490102955,25.1609802059101,0.02516098020591,2.516098020591e-05,2.516098020591e-08,0,0,0
"B12B_B",11,1,"FASMEE23","Button","Smoke","CW/KOH",20240912,20250505,"LL","1000x","n/a","very few, faint","B12B","F23_B",2023-10-11,2023-10-10 19:29:00,2023-10-11 01:29:00,3,"Blue","PTFE",4,60,15,2023-10-11 01:29:00,2023-10-11 01:44:00,"Partial smoke at best","B12",30,0.03,0,1,-3.50655789731998,0.10625,0.89375,12,7225,240833.333333333,6457.34375,215244.791666667,102368.277994792,123050.78125,97.2710784691779,70.63031,343.96187725,71.5695081967213,55.375,217.25,119.030737704918,94.21,369.875,9.51730418943534,9.44444444444444,10.5555555555556,8.88888888888889,30.2622950819672,30,30,32,3.22274350561617,3.20067977403102,3.59115262850359,3.05362161156916,5352.375,4262.04,915.835,8.29,0,0,10439.125,10456.375,10456.375,10456.375,4.257459372481,"Moderate/Unhealthy","Low",12.4836759454948,13.1564633792446,42.6384496071778,2.83267731716567,22.6222156083308,43.3128495814939,1.66076798489259,2.36439821080882,3.08124897580882,0.948198027037845,0.934616975798477,12.580490102955,25.1609802059101,0.02516098020591,2.516098020591e-05,2.516098020591e-08,4068532988661.01,4068532988.66101,4068.53298866101
"B12B_B",12,1,"FASMEE23","Button","Smoke","CW/KOH",20240912,20250505,"LL","1000x","n/a","very few, faint","B12B","F23_B",2023-10-11,2023-10-10 19:29:00,2023-10-11 01:29:00,3,"Blue","PTFE",4,60,15,2023-10-11 01:29:00,2023-10-11 01:44:00,"Partial smoke at best","B12",30,0.03,0,1,-3.50655789731998,0.10625,0.89375,12,7225,240833.333333333,6457.34375,215244.791666667,102368.277994792,123050.78125,97.2710784691779,70.63031,343.96187725,71.5695081967213,55.375,217.25,119.030737704918,94.21,369.875,9.51730418943534,9.44444444444444,10.5555555555556,8.88888888888889,30.2622950819672,30,30,32,3.22274350561617,3.20067977403102,3.59115262850359,3.05362161156916,5352.375,4262.04,915.835,8.29,0,0,10439.125,10456.375,10456.375,10456.375,4.257459372481,"Moderate/Unhealthy","Low",12.4836759454948,13.1564633792446,42.6384496071778,2.83267731716567,22.6222156083308,43.3128495814939,1.66076798489259,2.36439821080882,3.08124897580882,0.948198027037845,0.934616975798477,12.580490102955,25.1609802059101,0.02516098020591,2.516098020591e-05,2.516098020591e-08,4068532988661.01,4068532988.66101,4068.53298866101
"B12B_B",13,0,"FASMEE23","Button","Smoke","CW/KOH",20240912,20250505,"LL","1000x","n/a","very few, faint","B12B","F23_B",2023-10-11,2023-10-10 19:29:00,2023-10-11 01:29:00,3,"Blue","PTFE",4,60,15,2023-10-11 01:29:00,2023-10-11 01:44:00,"Partial smoke at best","B12",30,0.03,0,0,-3.50655789731998,0.10625,0,12,0,0,0,0,0,123050.78125,97.2710784691779,70.63031,343.96187725,71.5695081967213,55.375,217.25,119.030737704918,94.21,369.875,9.51730418943534,9.44444444444444,10.5555555555556,8.88888888888889,30.2622950819672,30,30,32,3.22274350561617,3.20067977403102,3.59115262850359,3.05362161156916,5352.375,4262.04,915.835,8.29,0,0,10439.125,10456.375,10456.375,10456.375,4.257459372481,"Moderate/Unhealthy","Low",12.4836759454948,13.1564633792446,42.6384496071778,2.83267731716567,22.6222156083308,43.3128495814939,1.66076798489259,2.36439821080882,3.08124897580882,0.948198027037845,0.934616975798477,12.580490102955,25.1609802059101,0.02516098020591,2.516098020591e-05,2.516098020591e-08,0,0,0
"B12B_B",14,0,"FASMEE23","Button","Smoke","CW/KOH",20240912,20250505,"LL","1000x","n/a","very few, faint","B12B","F23_B",2023-10-11,2023-10-10 19:29:00,2023-10-11 01:29:00,3,"Blue","PTFE",4,60,15,2023-10-11 01:29:00,2023-10-11 01:44:00,"Partial smoke at best","B12",30,0.03,0,0,-3.50655789731998,0.10625,0,12,0,0,0,0,0,123050.78125,97.2710784691779,70.63031,343.96187725,71.5695081967213,55.375,217.25,119.030737704918,94.21,369.875,9.51730418943534,9.44444444444444,10.5555555555556,8.88888888888889,30.2622950819672,30,30,32,3.22274350561617,3.20067977403102,3.59115262850359,3.05362161156916,5352.375,4262.04,915.835,8.29,0,0,10439.125,10456.375,10456.375,10456.375,4.257459372481,"Moderate/Unhealthy","Low",12.4836759454948,13.1564633792446,42.6384496071778,2.83267731716567,22.6222156083308,43.3128495814939,1.66076798489259,2.36439821080882,3.08124897580882,0.948198027037845,0.934616975798477,12.580490102955,25.1609802059101,0.02516098020591,2.516098020591e-05,2.516098020591e-08,0,0,0
"B12B_B",15,0,"FASMEE23","Button","Smoke","CW/KOH",20240912,20250505,"LL","1000x","n/a","very few, faint","B12B","F23_B",2023-10-11,2023-10-10 19:29:00,2023-10-11 01:29:00,3,"Blue","PTFE",4,60,15,2023-10-11 01:29:00,2023-10-11 01:44:00,"Partial smoke at best","B12",30,0.03,0,0,-3.50655789731998,0.10625,0,12,0,0,0,0,0,123050.78125,97.2710784691779,70.63031,343.96187725,71.5695081967213,55.375,217.25,119.030737704918,94.21,369.875,9.51730418943534,9.44444444444444,10.5555555555556,8.88888888888889,30.2622950819672,30,30,32,3.22274350561617,3.20067977403102,3.59115262850359,3.05362161156916,5352.375,4262.04,915.835,8.29,0,0,10439.125,10456.375,10456.375,10456.375,4.257459372481,"Moderate/Unhealthy","Low",12.4836759454948,13.1564633792446,42.6384496071778,2.83267731716567,22.6222156083308,43.3128495814939,1.66076798489259,2.36439821080882,3.08124897580882,0.948198027037845,0.934616975798477,12.580490102955,25.1609802059101,0.02516098020591,2.516098020591e-05,2.516098020591e-08,0,0,0
"B12B_B",16,3,"FASMEE23","Button","Smoke","CW/KOH",20240912,20250505,"LL","1000x","n/a","very few, faint","B12B","F23_B",2023-10-11,2023-10-10 19:29:00,2023-10-11 01:29:00,3,"Blue","PTFE",4,60,15,2023-10-11 01:29:00,2023-10-11 01:44:00,"Partial smoke at best","B12",30,0.03,0,3,-3.50655789731998,0.10625,2.89375,12,21675,722500,20907.34375,696911.458333333,584034.944661458,123050.78125,97.2710784691779,70.63031,343.96187725,71.5695081967213,55.375,217.25,119.030737704918,94.21,369.875,9.51730418943534,9.44444444444444,10.5555555555556,8.88888888888889,30.2622950819672,30,30,32,3.22274350561617,3.20067977403102,3.59115262850359,3.05362161156916,5352.375,4262.04,915.835,8.29,0,0,10439.125,10456.375,10456.375,10456.375,4.257459372481,"Moderate/Unhealthy","Low",12.4836759454948,13.1564633792446,42.6384496071778,2.83267731716567,22.6222156083308,43.3128495814939,1.66076798489259,2.36439821080882,3.08124897580882,0.948198027037845,0.934616975798477,12.580490102955,25.1609802059101,0.02516098020591,2.516098020591e-05,2.516098020591e-08,23211931327074.2,23211931327.0742,23211.9313270742
"B12B_B",17,0,"FASMEE23","Button","Smoke","CW/KOH",20240912,20250505,"LL","1000x","n/a","very few, faint","B12B","F23_B",2023-10-11,2023-10-10 19:29:00,2023-10-11 01:29:00,3,"Blue","PTFE",4,60,15,2023-10-11 01:29:00,2023-10-11 01:44:00,"Partial smoke at best","B12",30,0.03,0,0,-3.50655789731998,0.10625,0,12,0,0,0,0,0,123050.78125,97.2710784691779,70.63031,343.96187725,71.5695081967213,55.375,217.25,119.030737704918,94.21,369.875,9.51730418943534,9.44444444444444,10.5555555555556,8.88888888888889,30.2622950819672,30,30,32,3.22274350561617,3.20067977403102,3.59115262850359,3.05362161156916,5352.375,4262.04,915.835,8.29,0,0,10439.125,10456.375,10456.375,10456.375,4.257459372481,"Moderate/Unhealthy","Low",12.4836759454948,13.1564633792446,42.6384496071778,2.83267731716567,22.6222156083308,43.3128495814939,1.66076798489259,2.36439821080882,3.08124897580882,0.948198027037845,0.934616975798477,12.580490102955,25.1609802059101,0.02516098020591,2.516098020591e-05,2.516098020591e-08,0,0,0
"B12B_B",18,2,"FASMEE23","Button","Smoke","CW/KOH",20240912,20250505,"LL","1000x","n/a","very few, faint","B12B","F23_B",2023-10-11,2023-10-10 19:29:00,2023-10-11 01:29:00,3,"Blue","PTFE",4,60,15,2023-10-11 01:29:00,2023-10-11 01:44:00,"Partial smoke at best","B12",30,0.03,0,2,-3.50655789731998,0.10625,1.89375,12,14450,481666.666666667,13682.34375,456078.125,343201.611328125,123050.78125,97.2710784691779,70.63031,343.96187725,71.5695081967213,55.375,217.25,119.030737704918,94.21,369.875,9.51730418943534,9.44444444444444,10.5555555555556,8.88888888888889,30.2622950819672,30,30,32,3.22274350561617,3.20067977403102,3.59115262850359,3.05362161156916,5352.375,4262.04,915.835,8.29,0,0,10439.125,10456.375,10456.375,10456.375,4.257459372481,"Moderate/Unhealthy","Low",12.4836759454948,13.1564633792446,42.6384496071778,2.83267731716567,22.6222156083308,43.3128495814939,1.66076798489259,2.36439821080882,3.08124897580882,0.948198027037845,0.934616975798477,12.580490102955,25.1609802059101,0.02516098020591,2.516098020591e-05,2.516098020591e-08,13640232157867.6,13640232157.8676,13640.2321578676
"B12B_B",19,1,"FASMEE23","Button","Smoke","CW/KOH",20240912,20250505,"LL","1000x","n/a","very few, faint","B12B","F23_B",2023-10-11,2023-10-10 19:29:00,2023-10-11 01:29:00,3,"Blue","PTFE",4,60,15,2023-10-11 01:29:00,2023-10-11 01:44:00,"Partial smoke at best","B12",30,0.03,0,1,-3.50655789731998,0.10625,0.89375,12,7225,240833.333333333,6457.34375,215244.791666667,102368.277994792,123050.78125,97.2710784691779,70.63031,343.96187725,71.5695081967213,55.375,217.25,119.030737704918,94.21,369.875,9.51730418943534,9.44444444444444,10.5555555555556,8.88888888888889,30.2622950819672,30,30,32,3.22274350561617,3.20067977403102,3.59115262850359,3.05362161156916,5352.375,4262.04,915.835,8.29,0,0,10439.125,10456.375,10456.375,10456.375,4.257459372481,"Moderate/Unhealthy","Low",12.4836759454948,13.1564633792446,42.6384496071778,2.83267731716567,22.6222156083308,43.3128495814939,1.66076798489259,2.36439821080882,3.08124897580882,0.948198027037845,0.934616975798477,12.580490102955,25.1609802059101,0.02516098020591,2.516098020591e-05,2.516098020591e-08,4068532988661.01,4068532988.66101,4068.53298866101
"B12B_B",20,1,"FASMEE23","Button","Smoke","CW/KOH",20240912,20250505,"LL","1000x","n/a","very few, faint","B12B","F23_B",2023-10-11,2023-10-10 19:29:00,2023-10-11 01:29:00,3,"Blue","PTFE",4,60,15,2023-10-11 01:29:00,2023-10-11 01:44:00,"Partial smoke at best","B12",30,0.03,0,1,-3.50655789731998,0.10625,0.89375,12,7225,240833.333333333,6457.34375,215244.791666667,102368.277994792,123050.78125,97.2710784691779,70.63031,343.96187725,71.5695081967213,55.375,217.25,119.030737704918,94.21,369.875,9.51730418943534,9.44444444444444,10.5555555555556,8.88888888888889,30.2622950819672,30,30,32,3.22274350561617,3.20067977403102,3.59115262850359,3.05362161156916,5352.375,4262.04,915.835,8.29,0,0,10439.125,10456.375,10456.375,10456.375,4.257459372481,"Moderate/Unhealthy","Low",12.4836759454948,13.1564633792446,42.6384496071778,2.83267731716567,22.6222156083308,43.3128495814939,1.66076798489259,2.36439821080882,3.08124897580882,0.948198027037845,0.934616975798477,12.580490102955,25.1609802059101,0.02516098020591,2.516098020591e-05,2.516098020591e-08,4068532988661.01,4068532988.66101,4068.53298866101
"B12B_B",21,1,"FASMEE23","Button","Smoke","CW/KOH",20240912,20250505,"LL","1000x","n/a","very few, faint","B12B","F23_B",2023-10-11,2023-10-10 19:29:00,2023-10-11 01:29:00,3,"Blue","PTFE",4,60,15,2023-10-11 01:29:00,2023-10-11 01:44:00,"Partial smoke at best","B12",30,0.03,0,1,-3.50655789731998,0.10625,0.89375,12,7225,240833.333333333,6457.34375,215244.791666667,102368.277994792,123050.78125,97.2710784691779,70.63031,343.96187725,71.5695081967213,55.375,217.25,119.030737704918,94.21,369.875,9.51730418943534,9.44444444444444,10.5555555555556,8.88888888888889,30.2622950819672,30,30,32,3.22274350561617,3.20067977403102,3.59115262850359,3.05362161156916,5352.375,4262.04,915.835,8.29,0,0,10439.125,10456.375,10456.375,10456.375,4.257459372481,"Moderate/Unhealthy","Low",12.4836759454948,13.1564633792446,42.6384496071778,2.83267731716567,22.6222156083308,43.3128495814939,1.66076798489259,2.36439821080882,3.08124897580882,0.948198027037845,0.934616975798477,12.580490102955,25.1609802059101,0.02516098020591,2.516098020591e-05,2.516098020591e-08,4068532988661.01,4068532988.66101,4068.53298866101
"B12B_B",22,1,"FASMEE23","Button","Smoke","CW/KOH",20240912,20250505,"LL","1000x","n/a","very few, faint","B12B","F23_B",2023-10-11,2023-10-10 19:29:00,2023-10-11 01:29:00,3,"Blue","PTFE",4,60,15,2023-10-11 01:29:00,2023-10-11 01:44:00,"Partial smoke at best","B12",30,0.03,0,1,-3.50655789731998,0.10625,0.89375,12,7225,240833.333333333,6457.34375,215244.791666667,102368.277994792,123050.78125,97.2710784691779,70.63031,343.96187725,71.5695081967213,55.375,217.25,119.030737704918,94.21,369.875,9.51730418943534,9.44444444444444,10.5555555555556,8.88888888888889,30.2622950819672,30,30,32,3.22274350561617,3.20067977403102,3.59115262850359,3.05362161156916,5352.375,4262.04,915.835,8.29,0,0,10439.125,10456.375,10456.375,10456.375,4.257459372481,"Moderate/Unhealthy","Low",12.4836759454948,13.1564633792446,42.6384496071778,2.83267731716567,22.6222156083308,43.3128495814939,1.66076798489259,2.36439821080882,3.08124897580882,0.948198027037845,0.934616975798477,12.580490102955,25.1609802059101,0.02516098020591,2.516098020591e-05,2.516098020591e-08,4068532988661.01,4068532988.66101,4068.53298866101
"B12B_B",23,0,"FASMEE23","Button","Smoke","CW/KOH",20240912,20250505,"LL","1000x","n/a","very few, faint","B12B","F23_B",2023-10-11,2023-10-10 19:29:00,2023-10-11 01:29:00,3,"Blue","PTFE",4,60,15,2023-10-11 01:29:00,2023-10-11 01:44:00,"Partial smoke at best","B12",30,0.03,0,0,-3.50655789731998,0.10625,0,12,0,0,0,0,0,123050.78125,97.2710784691779,70.63031,343.96187725,71.5695081967213,55.375,217.25,119.030737704918,94.21,369.875,9.51730418943534,9.44444444444444,10.5555555555556,8.88888888888889,30.2622950819672,30,30,32,3.22274350561617,3.20067977403102,3.59115262850359,3.05362161156916,5352.375,4262.04,915.835,8.29,0,0,10439.125,10456.375,10456.375,10456.375,4.257459372481,"Moderate/Unhealthy","Low",12.4836759454948,13.1564633792446,42.6384496071778,2.83267731716567,22.6222156083308,43.3128495814939,1.66076798489259,2.36439821080882,3.08124897580882,0.948198027037845,0.934616975798477,12.580490102955,25.1609802059101,0.02516098020591,2.516098020591e-05,2.516098020591e-08,0,0,0
"B12B_B",24,0,"FASMEE23","Button","Smoke","CW/KOH",20240912,20250505,"LL","1000x","n/a","very few, faint","B12B","F23_B",2023-10-11,2023-10-10 19:29:00,2023-10-11 01:29:00,3,"Blue","PTFE",4,60,15,2023-10-11 01:29:00,2023-10-11 01:44:00,"Partial smoke at best","B12",30,0.03,0,0,-3.50655789731998,0.10625,0,12,0,0,0,0,0,123050.78125,97.2710784691779,70.63031,343.96187725,71.5695081967213,55.375,217.25,119.030737704918,94.21,369.875,9.51730418943534,9.44444444444444,10.5555555555556,8.88888888888889,30.2622950819672,30,30,32,3.22274350561617,3.20067977403102,3.59115262850359,3.05362161156916,5352.375,4262.04,915.835,8.29,0,0,10439.125,10456.375,10456.375,10456.375,4.257459372481,"Moderate/Unhealthy","Low",12.4836759454948,13.1564633792446,42.6384496071778,2.83267731716567,22.6222156083308,43.3128495814939,1.66076798489259,2.36439821080882,3.08124897580882,0.948198027037845,0.934616975798477,12.580490102955,25.1609802059101,0.02516098020591,2.516098020591e-05,2.516098020591e-08,0,0,0
"B12B_B",25,0,"FASMEE23","Button","Smoke","CW/KOH",20240912,20250505,"LL","1000x","n/a","very few, faint","B12B","F23_B",2023-10-11,2023-10-10 19:29:00,2023-10-11 01:29:00,3,"Blue","PTFE",4,60,15,2023-10-11 01:29:00,2023-10-11 01:44:00,"Partial smoke at best","B12",30,0.03,0,0,-3.50655789731998,0.10625,0,12,0,0,0,0,0,123050.78125,97.2710784691779,70.63031,343.96187725,71.5695081967213,55.375,217.25,119.030737704918,94.21,369.875,9.51730418943534,9.44444444444444,10.5555555555556,8.88888888888889,30.2622950819672,30,30,32,3.22274350561617,3.20067977403102,3.59115262850359,3.05362161156916,5352.375,4262.04,915.835,8.29,0,0,10439.125,10456.375,10456.375,10456.375,4.257459372481,"Moderate/Unhealthy","Low",12.4836759454948,13.1564633792446,42.6384496071778,2.83267731716567,22.6222156083308,43.3128495814939,1.66076798489259,2.36439821080882,3.08124897580882,0.948198027037845,0.934616975798477,12.580490102955,25.1609802059101,0.02516098020591,2.516098020591e-05,2.516098020591e-08,0,0,0
"B12B_B",26,0,"FASMEE23","Button","Smoke","CW/KOH",20240912,20250505,"LL","1000x","n/a","very few, faint","B12B","F23_B",2023-10-11,2023-10-10 19:29:00,2023-10-11 01:29:00,3,"Blue","PTFE",4,60,15,2023-10-11 01:29:00,2023-10-11 01:44:00,"Partial smoke at best","B12",30,0.03,0,0,-3.50655789731998,0.10625,0,12,0,0,0,0,0,123050.78125,97.2710784691779,70.63031,343.96187725,71.5695081967213,55.375,217.25,119.030737704918,94.21,369.875,9.51730418943534,9.44444444444444,10.5555555555556,8.88888888888889,30.2622950819672,30,30,32,3.22274350561617,3.20067977403102,3.59115262850359,3.05362161156916,5352.375,4262.04,915.835,8.29,0,0,10439.125,10456.375,10456.375,10456.375,4.257459372481,"Moderate/Unhealthy","Low",12.4836759454948,13.1564633792446,42.6384496071778,2.83267731716567,22.6222156083308,43.3128495814939,1.66076798489259,2.36439821080882,3.08124897580882,0.948198027037845,0.934616975798477,12.580490102955,25.1609802059101,0.02516098020591,2.516098020591e-05,2.516098020591e-08,0,0,0
"B12B_B",27,0,"FASMEE23","Button","Smoke","CW/KOH",20240912,20250505,"LL","1000x","n/a","very few, faint","B12B","F23_B",2023-10-11,2023-10-10 19:29:00,2023-10-11 01:29:00,3,"Blue","PTFE",4,60,15,2023-10-11 01:29:00,2023-10-11 01:44:00,"Partial smoke at best","B12",30,0.03,0,0,-3.50655789731998,0.10625,0,12,0,0,0,0,0,123050.78125,97.2710784691779,70.63031,343.96187725,71.5695081967213,55.375,217.25,119.030737704918,94.21,369.875,9.51730418943534,9.44444444444444,10.5555555555556,8.88888888888889,30.2622950819672,30,30,32,3.22274350561617,3.20067977403102,3.59115262850359,3.05362161156916,5352.375,4262.04,915.835,8.29,0,0,10439.125,10456.375,10456.375,10456.375,4.257459372481,"Moderate/Unhealthy","Low",12.4836759454948,13.1564633792446,42.6384496071778,2.83267731716567,22.6222156083308,43.3128495814939,1.66076798489259,2.36439821080882,3.08124897580882,0.948198027037845,0.934616975798477,12.580490102955,25.1609802059101,0.02516098020591,2.516098020591e-05,2.516098020591e-08,0,0,0
"B12B_B",28,1,"FASMEE23","Button","Smoke","CW/KOH",20240912,20250505,"LL","1000x","n/a","very few, faint","B12B","F23_B",2023-10-11,2023-10-10 19:29:00,2023-10-11 01:29:00,3,"Blue","PTFE",4,60,15,2023-10-11 01:29:00,2023-10-11 01:44:00,"Partial smoke at best","B12",30,0.03,0,1,-3.50655789731998,0.10625,0.89375,12,7225,240833.333333333,6457.34375,215244.791666667,102368.277994792,123050.78125,97.2710784691779,70.63031,343.96187725,71.5695081967213,55.375,217.25,119.030737704918,94.21,369.875,9.51730418943534,9.44444444444444,10.5555555555556,8.88888888888889,30.2622950819672,30,30,32,3.22274350561617,3.20067977403102,3.59115262850359,3.05362161156916,5352.375,4262.04,915.835,8.29,0,0,10439.125,10456.375,10456.375,10456.375,4.257459372481,"Moderate/Unhealthy","Low",12.4836759454948,13.1564633792446,42.6384496071778,2.83267731716567,22.6222156083308,43.3128495814939,1.66076798489259,2.36439821080882,3.08124897580882,0.948198027037845,0.934616975798477,12.580490102955,25.1609802059101,0.02516098020591,2.516098020591e-05,2.516098020591e-08,4068532988661.01,4068532988.66101,4068.53298866101
"B12B_B",29,1,"FASMEE23","Button","Smoke","CW/KOH",20240912,20250505,"LL","1000x","n/a","very few, faint","B12B","F23_B",2023-10-11,2023-10-10 19:29:00,2023-10-11 01:29:00,3,"Blue","PTFE",4,60,15,2023-10-11 01:29:00,2023-10-11 01:44:00,"Partial smoke at best","B12",30,0.03,0,1,-3.50655789731998,0.10625,0.89375,12,7225,240833.333333333,6457.34375,215244.791666667,102368.277994792,123050.78125,97.2710784691779,70.63031,343.96187725,71.5695081967213,55.375,217.25,119.030737704918,94.21,369.875,9.51730418943534,9.44444444444444,10.5555555555556,8.88888888888889,30.2622950819672,30,30,32,3.22274350561617,3.20067977403102,3.59115262850359,3.05362161156916,5352.375,4262.04,915.835,8.29,0,0,10439.125,10456.375,10456.375,10456.375,4.257459372481,"Moderate/Unhealthy","Low",12.4836759454948,13.1564633792446,42.6384496071778,2.83267731716567,22.6222156083308,43.3128495814939,1.66076798489259,2.36439821080882,3.08124897580882,0.948198027037845,0.934616975798477,12.580490102955,25.1609802059101,0.02516098020591,2.516098020591e-05,2.516098020591e-08,4068532988661.01,4068532988.66101,4068.53298866101
"B12B_B",30,0,"FASMEE23","Button","Smoke","CW/KOH",20240912,20250505,"LL","1000x","n/a","very few, faint","B12B","F23_B",2023-10-11,2023-10-10 19:29:00,2023-10-11 01:29:00,3,"Blue","PTFE",4,60,15,2023-10-11 01:29:00,2023-10-11 01:44:00,"Partial smoke at best","B12",30,0.03,0,0,-3.50655789731998,0.10625,0,12,0,0,0,0,0,123050.78125,97.2710784691779,70.63031,343.96187725,71.5695081967213,55.375,217.25,119.030737704918,94.21,369.875,9.51730418943534,9.44444444444444,10.5555555555556,8.88888888888889,30.2622950819672,30,30,32,3.22274350561617,3.20067977403102,3.59115262850359,3.05362161156916,5352.375,4262.04,915.835,8.29,0,0,10439.125,10456.375,10456.375,10456.375,4.257459372481,"Moderate/Unhealthy","Low",12.4836759454948,13.1564633792446,42.6384496071778,2.83267731716567,22.6222156083308,43.3128495814939,1.66076798489259,2.36439821080882,3.08124897580882,0.948198027037845,0.934616975798477,12.580490102955,25.1609802059101,0.02516098020591,2.516098020591e-05,2.516098020591e-08,0,0,0
"B12B_B",31,1,"FASMEE23","Button","Smoke","CW/KOH",20240912,20250505,"LL","1000x","n/a","very few, faint","B12B","F23_B",2023-10-11,2023-10-10 19:29:00,2023-10-11 01:29:00,3,"Blue","PTFE",4,60,15,2023-10-11 01:29:00,2023-10-11 01:44:00,"Partial smoke at best","B12",30,0.03,0,1,-3.50655789731998,0.10625,0.89375,12,7225,240833.333333333,6457.34375,215244.791666667,102368.277994792,123050.78125,97.2710784691779,70.63031,343.96187725,71.5695081967213,55.375,217.25,119.030737704918,94.21,369.875,9.51730418943534,9.44444444444444,10.5555555555556,8.88888888888889,30.2622950819672,30,30,32,3.22274350561617,3.20067977403102,3.59115262850359,3.05362161156916,5352.375,4262.04,915.835,8.29,0,0,10439.125,10456.375,10456.375,10456.375,4.257459372481,"Moderate/Unhealthy","Low",12.4836759454948,13.1564633792446,42.6384496071778,2.83267731716567,22.6222156083308,43.3128495814939,1.66076798489259,2.36439821080882,3.08124897580882,0.948198027037845,0.934616975798477,12.580490102955,25.1609802059101,0.02516098020591,2.516098020591e-05,2.516098020591e-08,4068532988661.01,4068532988.66101,4068.53298866101
"B12B_B",32,1,"FASMEE23","Button","Smoke","CW/KOH",20240912,20250505,"LL","1000x","n/a","very few, faint","B12B","F23_B",2023-10-11,2023-10-10 19:29:00,2023-10-11 01:29:00,3,"Blue","PTFE",4,60,15,2023-10-11 01:29:00,2023-10-11 01:44:00,"Partial smoke at best","B12",30,0.03,0,1,-3.50655789731998,0.10625,0.89375,12,7225,240833.333333333,6457.34375,215244.791666667,102368.277994792,123050.78125,97.2710784691779,70.63031,343.96187725,71.5695081967213,55.375,217.25,119.030737704918,94.21,369.875,9.51730418943534,9.44444444444444,10.5555555555556,8.88888888888889,30.2622950819672,30,30,32,3.22274350561617,3.20067977403102,3.59115262850359,3.05362161156916,5352.375,4262.04,915.835,8.29,0,0,10439.125,10456.375,10456.375,10456.375,4.257459372481,"Moderate/Unhealthy","Low",12.4836759454948,13.1564633792446,42.6384496071778,2.83267731716567,22.6222156083308,43.3128495814939,1.66076798489259,2.36439821080882,3.08124897580882,0.948198027037845,0.934616975798477,12.580490102955,25.1609802059101,0.02516098020591,2.516098020591e-05,2.516098020591e-08,4068532988661.01,4068532988.66101,4068.53298866101
"B12B_B",33,0,"FASMEE23","Button","Smoke","CW/KOH",20240912,20250505,"LL","1000x","n/a","very few, faint","B12B","F23_B",2023-10-11,2023-10-10 19:29:00,2023-10-11 01:29:00,3,"Blue","PTFE",4,60,15,2023-10-11 01:29:00,2023-10-11 01:44:00,"Partial smoke at best","B12",30,0.03,0,0,-3.50655789731998,0.10625,0,12,0,0,0,0,0,123050.78125,97.2710784691779,70.63031,343.96187725,71.5695081967213,55.375,217.25,119.030737704918,94.21,369.875,9.51730418943534,9.44444444444444,10.5555555555556,8.88888888888889,30.2622950819672,30,30,32,3.22274350561617,3.20067977403102,3.59115262850359,3.05362161156916,5352.375,4262.04,915.835,8.29,0,0,10439.125,10456.375,10456.375,10456.375,4.257459372481,"Moderate/Unhealthy","Low",12.4836759454948,13.1564633792446,42.6384496071778,2.83267731716567,22.6222156083308,43.3128495814939,1.66076798489259,2.36439821080882,3.08124897580882,0.948198027037845,0.934616975798477,12.580490102955,25.1609802059101,0.02516098020591,2.516098020591e-05,2.516098020591e-08,0,0,0
"B12B_B",34,1,"FASMEE23","Button","Smoke","CW/KOH",20240912,20250505,"LL","1000x","n/a","very few, faint","B12B","F23_B",2023-10-11,2023-10-10 19:29:00,2023-10-11 01:29:00,3,"Blue","PTFE",4,60,15,2023-10-11 01:29:00,2023-10-11 01:44:00,"Partial smoke at best","B12",30,0.03,0,1,-3.50655789731998,0.10625,0.89375,12,7225,240833.333333333,6457.34375,215244.791666667,102368.277994792,123050.78125,97.2710784691779,70.63031,343.96187725,71.5695081967213,55.375,217.25,119.030737704918,94.21,369.875,9.51730418943534,9.44444444444444,10.5555555555556,8.88888888888889,30.2622950819672,30,30,32,3.22274350561617,3.20067977403102,3.59115262850359,3.05362161156916,5352.375,4262.04,915.835,8.29,0,0,10439.125,10456.375,10456.375,10456.375,4.257459372481,"Moderate/Unhealthy","Low",12.4836759454948,13.1564633792446,42.6384496071778,2.83267731716567,22.6222156083308,43.3128495814939,1.66076798489259,2.36439821080882,3.08124897580882,0.948198027037845,0.934616975798477,12.580490102955,25.1609802059101,0.02516098020591,2.516098020591e-05,2.516098020591e-08,4068532988661.01,4068532988.66101,4068.53298866101
"B12B_B",35,0,"FASMEE23","Button","Smoke","CW/KOH",20240912,20250505,"LL","1000x","n/a","very few, faint","B12B","F23_B",2023-10-11,2023-10-10 19:29:00,2023-10-11 01:29:00,3,"Blue","PTFE",4,60,15,2023-10-11 01:29:00,2023-10-11 01:44:00,"Partial smoke at best","B12",30,0.03,0,0,-3.50655789731998,0.10625,0,12,0,0,0,0,0,123050.78125,97.2710784691779,70.63031,343.96187725,71.5695081967213,55.375,217.25,119.030737704918,94.21,369.875,9.51730418943534,9.44444444444444,10.5555555555556,8.88888888888889,30.2622950819672,30,30,32,3.22274350561617,3.20067977403102,3.59115262850359,3.05362161156916,5352.375,4262.04,915.835,8.29,0,0,10439.125,10456.375,10456.375,10456.375,4.257459372481,"Moderate/Unhealthy","Low",12.4836759454948,13.1564633792446,42.6384496071778,2.83267731716567,22.6222156083308,43.3128495814939,1.66076798489259,2.36439821080882,3.08124897580882,0.948198027037845,0.934616975798477,12.580490102955,25.1609802059101,0.02516098020591,2.516098020591e-05,2.516098020591e-08,0,0,0
"B12B_B",36,0,"FASMEE23","Button","Smoke","CW/KOH",20240912,20250505,"LL","1000x","n/a","very few, faint","B12B","F23_B",2023-10-11,2023-10-10 19:29:00,2023-10-11 01:29:00,3,"Blue","PTFE",4,60,15,2023-10-11 01:29:00,2023-10-11 01:44:00,"Partial smoke at best","B12",30,0.03,0,0,-3.50655789731998,0.10625,0,12,0,0,0,0,0,123050.78125,97.2710784691779,70.63031,343.96187725,71.5695081967213,55.375,217.25,119.030737704918,94.21,369.875,9.51730418943534,9.44444444444444,10.5555555555556,8.88888888888889,30.2622950819672,30,30,32,3.22274350561617,3.20067977403102,3.59115262850359,3.05362161156916,5352.375,4262.04,915.835,8.29,0,0,10439.125,10456.375,10456.375,10456.375,4.257459372481,"Moderate/Unhealthy","Low",12.4836759454948,13.1564633792446,42.6384496071778,2.83267731716567,22.6222156083308,43.3128495814939,1.66076798489259,2.36439821080882,3.08124897580882,0.948198027037845,0.934616975798477,12.580490102955,25.1609802059101,0.02516098020591,2.516098020591e-05,2.516098020591e-08,0,0,0
"B12B_B",37,2,"FASMEE23","Button","Smoke","CW/KOH",20240912,20250505,"LL","1000x","n/a","very few, faint","B12B","F23_B",2023-10-11,2023-10-10 19:29:00,2023-10-11 01:29:00,3,"Blue","PTFE",4,60,15,2023-10-11 01:29:00,2023-10-11 01:44:00,"Partial smoke at best","B12",30,0.03,0,2,-3.50655789731998,0.10625,1.89375,12,14450,481666.666666667,13682.34375,456078.125,343201.611328125,123050.78125,97.2710784691779,70.63031,343.96187725,71.5695081967213,55.375,217.25,119.030737704918,94.21,369.875,9.51730418943534,9.44444444444444,10.5555555555556,8.88888888888889,30.2622950819672,30,30,32,3.22274350561617,3.20067977403102,3.59115262850359,3.05362161156916,5352.375,4262.04,915.835,8.29,0,0,10439.125,10456.375,10456.375,10456.375,4.257459372481,"Moderate/Unhealthy","Low",12.4836759454948,13.1564633792446,42.6384496071778,2.83267731716567,22.6222156083308,43.3128495814939,1.66076798489259,2.36439821080882,3.08124897580882,0.948198027037845,0.934616975798477,12.580490102955,25.1609802059101,0.02516098020591,2.516098020591e-05,2.516098020591e-08,13640232157867.6,13640232157.8676,13640.2321578676
"B12B_B",38,0,"FASMEE23","Button","Smoke","CW/KOH",20240912,20250505,"LL","1000x","n/a","very few, faint","B12B","F23_B",2023-10-11,2023-10-10 19:29:00,2023-10-11 01:29:00,3,"Blue","PTFE",4,60,15,2023-10-11 01:29:00,2023-10-11 01:44:00,"Partial smoke at best","B12",30,0.03,0,0,-3.50655789731998,0.10625,0,12,0,0,0,0,0,123050.78125,97.2710784691779,70.63031,343.96187725,71.5695081967213,55.375,217.25,119.030737704918,94.21,369.875,9.51730418943534,9.44444444444444,10.5555555555556,8.88888888888889,30.2622950819672,30,30,32,3.22274350561617,3.20067977403102,3.59115262850359,3.05362161156916,5352.375,4262.04,915.835,8.29,0,0,10439.125,10456.375,10456.375,10456.375,4.257459372481,"Moderate/Unhealthy","Low",12.4836759454948,13.1564633792446,42.6384496071778,2.83267731716567,22.6222156083308,43.3128495814939,1.66076798489259,2.36439821080882,3.08124897580882,0.948198027037845,0.934616975798477,12.580490102955,25.1609802059101,0.02516098020591,2.516098020591e-05,2.516098020591e-08,0,0,0
"B12B_B",39,0,"FASMEE23","Button","Smoke","CW/KOH",20240912,20250505,"LL","1000x","n/a","very few, faint","B12B","F23_B",2023-10-11,2023-10-10 19:29:00,2023-10-11 01:29:00,3,"Blue","PTFE",4,60,15,2023-10-11 01:29:00,2023-10-11 01:44:00,"Partial smoke at best","B12",30,0.03,0,0,-3.50655789731998,0.10625,0,12,0,0,0,0,0,123050.78125,97.2710784691779,70.63031,343.96187725,71.5695081967213,55.375,217.25,119.030737704918,94.21,369.875,9.51730418943534,9.44444444444444,10.5555555555556,8.88888888888889,30.2622950819672,30,30,32,3.22274350561617,3.20067977403102,3.59115262850359,3.05362161156916,5352.375,4262.04,915.835,8.29,0,0,10439.125,10456.375,10456.375,10456.375,4.257459372481,"Moderate/Unhealthy","Low",12.4836759454948,13.1564633792446,42.6384496071778,2.83267731716567,22.6222156083308,43.3128495814939,1.66076798489259,2.36439821080882,3.08124897580882,0.948198027037845,0.934616975798477,12.580490102955,25.1609802059101,0.02516098020591,2.516098020591e-05,2.516098020591e-08,0,0,0
"B12B_B",40,2,"FASMEE23","Button","Smoke","CW/KOH",20240912,20250505,"LL","1000x","n/a","very few, faint","B12B","F23_B",2023-10-11,2023-10-10 19:29:00,2023-10-11 01:29:00,3,"Blue","PTFE",4,60,15,2023-10-11 01:29:00,2023-10-11 01:44:00,"Partial smoke at best","B12",30,0.03,0,2,-3.50655789731998,0.10625,1.89375,12,14450,481666.666666667,13682.34375,456078.125,343201.611328125,123050.78125,97.2710784691779,70.63031,343.96187725,71.5695081967213,55.375,217.25,119.030737704918,94.21,369.875,9.51730418943534,9.44444444444444,10.5555555555556,8.88888888888889,30.2622950819672,30,30,32,3.22274350561617,3.20067977403102,3.59115262850359,3.05362161156916,5352.375,4262.04,915.835,8.29,0,0,10439.125,10456.375,10456.375,10456.375,4.257459372481,"Moderate/Unhealthy","Low",12.4836759454948,13.1564633792446,42.6384496071778,2.83267731716567,22.6222156083308,43.3128495814939,1.66076798489259,2.36439821080882,3.08124897580882,0.948198027037845,0.934616975798477,12.580490102955,25.1609802059101,0.02516098020591,2.516098020591e-05,2.516098020591e-08,13640232157867.6,13640232157.8676,13640.2321578676
"B11B_B",1,15,"FASMEE23","Button","Smoke","CW/KOH",20240912,20250505,"LL","1000x","100-103","consistent amount, lots of circles, some ovals, various sizes","B11B","F23_B",2023-10-11,2023-10-10 18:53:00,2023-10-11 00:53:00,3,"Blue","PTFE",4,52.28,13.07,2023-10-11 00:53:00,2023-10-11 01:06:04,"Arms loose on ATAT-RTH with time remaining on leland (1:56min)","B11",26.14,0.02614,0,15,-3.64428857078606,0.10625,14.89375,11,108375,4145944.91201224,107607.34375,4116577.80221882,4003701.28854695,123050.78125,126.519445912158,109.433425,372.7538288125,95.9646621621622,85.5425,240.415,159.535135135135,142.02,385.5,9.42192192192192,9.44444444444444,10,7.22222222222222,30.3108108108108,30,30,31,3.19763860610841,3.20003153837661,3.34652644641426,2.69939809952541,7999.75,6403.1875,1424.23,38.7925,0,0,15778.3125,15811,15812.25,15813.5,4.69531637348758,"Moderate/Unhealthy","Low",5.03917002239612,3.45635072732919,16.9430562803866,0.334627603826129,8.98035194956724,9.22013137699785,0.812405426978007,0.278427065808824,2.83584060580882,0.912070919480452,0.931800219280138,5.14133045415266,10.2826609083053,0.0102826609083053,1.02826609083053e-05,1.02826609083053e-08,389364321574890,389364321574.89,389364.32157489
"B11B_B",2,10,"FASMEE23","Button","Smoke","CW/KOH",20240912,20250505,"LL","1000x","100-103","consistent amount, lots of circles, some ovals, various sizes","B11B","F23_B",2023-10-11,2023-10-10 18:53:00,2023-10-11 00:53:00,3,"Blue","PTFE",4,52.28,13.07,2023-10-11 00:53:00,2023-10-11 01:06:04,"Arms loose on ATAT-RTH with time remaining on leland (1:56min)","B11",26.14,0.02614,0,10,-3.64428857078606,0.10625,9.89375,11,72250,2763963.27467483,71482.34375,2734596.16488141,2621719.65120953,123050.78125,126.519445912158,109.433425,372.7538288125,95.9646621621622,85.5425,240.415,159.535135135135,142.02,385.5,9.42192192192192,9.44444444444444,10,7.22222222222222,30.3108108108108,30,30,31,3.19763860610841,3.20003153837661,3.34652644641426,2.69939809952541,7999.75,6403.1875,1424.23,38.7925,0,0,15778.3125,15811,15812.25,15813.5,4.69531637348758,"Moderate/Unhealthy","Low",5.03917002239612,3.45635072732919,16.9430562803866,0.334627603826129,8.98035194956724,9.22013137699785,0.812405426978007,0.278427065808824,2.83584060580882,0.912070919480452,0.931800219280138,5.14133045415266,10.2826609083053,0.0102826609083053,1.02826609083053e-05,1.02826609083053e-08,254965098488463,254965098488.463,254965.098488463
"B11B_B",3,1,"FASMEE23","Button","Smoke","CW/KOH",20240912,20250505,"LL","1000x","100-103","consistent amount, lots of circles, some ovals, various sizes","B11B","F23_B",2023-10-11,2023-10-10 18:53:00,2023-10-11 00:53:00,3,"Blue","PTFE",4,52.28,13.07,2023-10-11 00:53:00,2023-10-11 01:06:04,"Arms loose on ATAT-RTH with time remaining on leland (1:56min)","B11",26.14,0.02614,0,1,-3.64428857078606,0.10625,0.89375,11,7225,276396.327467483,6457.34375,247029.217674063,134152.704002188,123050.78125,126.519445912158,109.433425,372.7538288125,95.9646621621622,85.5425,240.415,159.535135135135,142.02,385.5,9.42192192192192,9.44444444444444,10,7.22222222222222,30.3108108108108,30,30,31,3.19763860610841,3.20003153837661,3.34652644641426,2.69939809952541,7999.75,6403.1875,1424.23,38.7925,0,0,15778.3125,15811,15812.25,15813.5,4.69531637348758,"Moderate/Unhealthy","Low",5.03917002239612,3.45635072732919,16.9430562803866,0.334627603826129,8.98035194956724,9.22013137699785,0.812405426978007,0.278427065808824,2.83584060580882,0.912070919480452,0.931800219280138,5.14133045415266,10.2826609083053,0.0102826609083053,1.02826609083053e-05,1.02826609083053e-08,13046496932893.3,13046496932.8933,13046.4969328933
"B11B_B",4,3,"FASMEE23","Button","Smoke","CW/KOH",20240912,20250505,"LL","1000x","100-103","consistent amount, lots of circles, some ovals, various sizes","B11B","F23_B",2023-10-11,2023-10-10 18:53:00,2023-10-11 00:53:00,3,"Blue","PTFE",4,52.28,13.07,2023-10-11 00:53:00,2023-10-11 01:06:04,"Arms loose on ATAT-RTH with time remaining on leland (1:56min)","B11",26.14,0.02614,0,3,-3.64428857078606,0.10625,2.89375,11,21675,829188.982402448,20907.34375,799821.872609028,686945.358937153,123050.78125,126.519445912158,109.433425,372.7538288125,95.9646621621622,85.5425,240.415,159.535135135135,142.02,385.5,9.42192192192192,9.44444444444444,10,7.22222222222222,30.3108108108108,30,30,31,3.19763860610841,3.20003153837661,3.34652644641426,2.69939809952541,7999.75,6403.1875,1424.23,38.7925,0,0,15778.3125,15811,15812.25,15813.5,4.69531637348758,"Moderate/Unhealthy","Low",5.03917002239612,3.45635072732919,16.9430562803866,0.334627603826129,8.98035194956724,9.22013137699785,0.812405426978007,0.278427065808824,2.83584060580882,0.912070919480452,0.931800219280138,5.14133045415266,10.2826609083053,0.0102826609083053,1.02826609083053e-05,1.02826609083053e-08,66806186167464.3,66806186167.4643,66806.1861674643
"B11B_B",5,6,"FASMEE23","Button","Smoke","CW/KOH",20240912,20250505,"LL","1000x","100-103","consistent amount, lots of circles, some ovals, various sizes","B11B","F23_B",2023-10-11,2023-10-10 18:53:00,2023-10-11 00:53:00,3,"Blue","PTFE",4,52.28,13.07,2023-10-11 00:53:00,2023-10-11 01:06:04,"Arms loose on ATAT-RTH with time remaining on leland (1:56min)","B11",26.14,0.02614,0,6,-3.64428857078606,0.10625,5.89375,11,43350,1658377.9648049,42582.34375,1629010.85501148,1516134.3413396,123050.78125,126.519445912158,109.433425,372.7538288125,95.9646621621622,85.5425,240.415,159.535135135135,142.02,385.5,9.42192192192192,9.44444444444444,10,7.22222222222222,30.3108108108108,30,30,31,3.19763860610841,3.20003153837661,3.34652644641426,2.69939809952541,7999.75,6403.1875,1424.23,38.7925,0,0,15778.3125,15811,15812.25,15813.5,4.69531637348758,"Moderate/Unhealthy","Low",5.03917002239612,3.45635072732919,16.9430562803866,0.334627603826129,8.98035194956724,9.22013137699785,0.812405426978007,0.278427065808824,2.83584060580882,0.912070919480452,0.931800219280138,5.14133045415266,10.2826609083053,0.0102826609083053,1.02826609083053e-05,1.02826609083053e-08,147445720019321,147445720019.321,147445.720019321
"B11B_B",6,22,"FASMEE23","Button","Smoke","CW/KOH",20240912,20250505,"LL","1000x","100-103","consistent amount, lots of circles, some ovals, various sizes","B11B","F23_B",2023-10-11,2023-10-10 18:53:00,2023-10-11 00:53:00,3,"Blue","PTFE",4,52.28,13.07,2023-10-11 00:53:00,2023-10-11 01:06:04,"Arms loose on ATAT-RTH with time remaining on leland (1:56min)","B11",26.14,0.02614,0,22,-3.64428857078606,0.10625,21.89375,11,158950,6080719.20428462,158182.34375,6051352.0944912,5938475.58081933,123050.78125,126.519445912158,109.433425,372.7538288125,95.9646621621622,85.5425,240.415,159.535135135135,142.02,385.5,9.42192192192192,9.44444444444444,10,7.22222222222222,30.3108108108108,30,30,31,3.19763860610841,3.20003153837661,3.34652644641426,2.69939809952541,7999.75,6403.1875,1424.23,38.7925,0,0,15778.3125,15811,15812.25,15813.5,4.69531637348758,"Moderate/Unhealthy","Low",5.03917002239612,3.45635072732919,16.9430562803866,0.334627603826129,8.98035194956724,9.22013137699785,0.812405426978007,0.278427065808824,2.83584060580882,0.912070919480452,0.931800219280138,5.14133045415266,10.2826609083053,0.0102826609083053,1.02826609083053e-05,1.02826609083053e-08,577523233895888,577523233895.888,577523.233895888
"B11B_B",7,4,"FASMEE23","Button","Smoke","CW/KOH",20240912,20250505,"LL","1000x","100-103","consistent amount, lots of circles, some ovals, various sizes","B11B","F23_B",2023-10-11,2023-10-10 18:53:00,2023-10-11 00:53:00,3,"Blue","PTFE",4,52.28,13.07,2023-10-11 00:53:00,2023-10-11 01:06:04,"Arms loose on ATAT-RTH with time remaining on leland (1:56min)","B11",26.14,0.02614,0,4,-3.64428857078606,0.10625,3.89375,11,28900,1105585.30986993,28132.34375,1076218.20007651,963341.686404636,123050.78125,126.519445912158,109.433425,372.7538288125,95.9646621621622,85.5425,240.415,159.535135135135,142.02,385.5,9.42192192192192,9.44444444444444,10,7.22222222222222,30.3108108108108,30,30,31,3.19763860610841,3.20003153837661,3.34652644641426,2.69939809952541,7999.75,6403.1875,1424.23,38.7925,0,0,15778.3125,15811,15812.25,15813.5,4.69531637348758,"Moderate/Unhealthy","Low",5.03917002239612,3.45635072732919,16.9430562803866,0.334627603826129,8.98035194956724,9.22013137699785,0.812405426978007,0.278427065808824,2.83584060580882,0.912070919480452,0.931800219280138,5.14133045415266,10.2826609083053,0.0102826609083053,1.02826609083053e-05,1.02826609083053e-08,93686030784749.8,93686030784.7497,93686.0307847497
"B11B_B",8,2,"FASMEE23","Button","Smoke","CW/KOH",20240912,20250505,"LL","1000x","100-103","consistent amount, lots of circles, some ovals, various sizes","B11B","F23_B",2023-10-11,2023-10-10 18:53:00,2023-10-11 00:53:00,3,"Blue","PTFE",4,52.28,13.07,2023-10-11 00:53:00,2023-10-11 01:06:04,"Arms loose on ATAT-RTH with time remaining on leland (1:56min)","B11",26.14,0.02614,0,2,-3.64428857078606,0.10625,1.89375,11,14450,552792.654934966,13682.34375,523425.545141545,410549.03146967,123050.78125,126.519445912158,109.433425,372.7538288125,95.9646621621622,85.5425,240.415,159.535135135135,142.02,385.5,9.42192192192192,9.44444444444444,10,7.22222222222222,30.3108108108108,30,30,31,3.19763860610841,3.20003153837661,3.34652644641426,2.69939809952541,7999.75,6403.1875,1424.23,38.7925,0,0,15778.3125,15811,15812.25,15813.5,4.69531637348758,"Moderate/Unhealthy","Low",5.03917002239612,3.45635072732919,16.9430562803866,0.334627603826129,8.98035194956724,9.22013137699785,0.812405426978007,0.278427065808824,2.83584060580882,0.912070919480452,0.931800219280138,5.14133045415266,10.2826609083053,0.0102826609083053,1.02826609083053e-05,1.02826609083053e-08,39926341550178.8,39926341550.1788,39926.3415501788
"B11B_B",9,3,"FASMEE23","Button","Smoke","CW/KOH",20240912,20250505,"LL","1000x","100-103","consistent amount, lots of circles, some ovals, various sizes","B11B","F23_B",2023-10-11,2023-10-10 18:53:00,2023-10-11 00:53:00,3,"Blue","PTFE",4,52.28,13.07,2023-10-11 00:53:00,2023-10-11 01:06:04,"Arms loose on ATAT-RTH with time remaining on leland (1:56min)","B11",26.14,0.02614,0,3,-3.64428857078606,0.10625,2.89375,11,21675,829188.982402448,20907.34375,799821.872609028,686945.358937153,123050.78125,126.519445912158,109.433425,372.7538288125,95.9646621621622,85.5425,240.415,159.535135135135,142.02,385.5,9.42192192192192,9.44444444444444,10,7.22222222222222,30.3108108108108,30,30,31,3.19763860610841,3.20003153837661,3.34652644641426,2.69939809952541,7999.75,6403.1875,1424.23,38.7925,0,0,15778.3125,15811,15812.25,15813.5,4.69531637348758,"Moderate/Unhealthy","Low",5.03917002239612,3.45635072732919,16.9430562803866,0.334627603826129,8.98035194956724,9.22013137699785,0.812405426978007,0.278427065808824,2.83584060580882,0.912070919480452,0.931800219280138,5.14133045415266,10.2826609083053,0.0102826609083053,1.02826609083053e-05,1.02826609083053e-08,66806186167464.3,66806186167.4643,66806.1861674643
"B11B_B",10,16,"FASMEE23","Button","Smoke","CW/KOH",20240912,20250505,"LL","1000x","100-103","consistent amount, lots of circles, some ovals, various sizes","B11B","F23_B",2023-10-11,2023-10-10 18:53:00,2023-10-11 00:53:00,3,"Blue","PTFE",4,52.28,13.07,2023-10-11 00:53:00,2023-10-11 01:06:04,"Arms loose on ATAT-RTH with time remaining on leland (1:56min)","B11",26.14,0.02614,0,16,-3.64428857078606,0.10625,15.89375,11,115600,4422341.23947972,114832.34375,4392974.1296863,4280097.61601443,123050.78125,126.519445912158,109.433425,372.7538288125,95.9646621621622,85.5425,240.415,159.535135135135,142.02,385.5,9.42192192192192,9.44444444444444,10,7.22222222222222,30.3108108108108,30,30,31,3.19763860610841,3.20003153837661,3.34652644641426,2.69939809952541,7999.75,6403.1875,1424.23,38.7925,0,0,15778.3125,15811,15812.25,15813.5,4.69531637348758,"Moderate/Unhealthy","Low",5.03917002239612,3.45635072732919,16.9430562803866,0.334627603826129,8.98035194956724,9.22013137699785,0.812405426978007,0.278427065808824,2.83584060580882,0.912070919480452,0.931800219280138,5.14133045415266,10.2826609083053,0.0102826609083053,1.02826609083053e-05,1.02826609083053e-08,416244166192175,416244166192.175,416244.166192175
"B11B_B",11,6,"FASMEE23","Button","Smoke","CW/KOH",20240912,20250505,"LL","1000x","100-103","consistent amount, lots of circles, some ovals, various sizes","B11B","F23_B",2023-10-11,2023-10-10 18:53:00,2023-10-11 00:53:00,3,"Blue","PTFE",4,52.28,13.07,2023-10-11 00:53:00,2023-10-11 01:06:04,"Arms loose on ATAT-RTH with time remaining on leland (1:56min)","B11",26.14,0.02614,0,6,-3.64428857078606,0.10625,5.89375,11,43350,1658377.9648049,42582.34375,1629010.85501148,1516134.3413396,123050.78125,126.519445912158,109.433425,372.7538288125,95.9646621621622,85.5425,240.415,159.535135135135,142.02,385.5,9.42192192192192,9.44444444444444,10,7.22222222222222,30.3108108108108,30,30,31,3.19763860610841,3.20003153837661,3.34652644641426,2.69939809952541,7999.75,6403.1875,1424.23,38.7925,0,0,15778.3125,15811,15812.25,15813.5,4.69531637348758,"Moderate/Unhealthy","Low",5.03917002239612,3.45635072732919,16.9430562803866,0.334627603826129,8.98035194956724,9.22013137699785,0.812405426978007,0.278427065808824,2.83584060580882,0.912070919480452,0.931800219280138,5.14133045415266,10.2826609083053,0.0102826609083053,1.02826609083053e-05,1.02826609083053e-08,147445720019321,147445720019.321,147445.720019321
"B11B_B",12,0,"FASMEE23","Button","Smoke","CW/KOH",20240912,20250505,"LL","1000x","100-103","consistent amount, lots of circles, some ovals, various sizes","B11B","F23_B",2023-10-11,2023-10-10 18:53:00,2023-10-11 00:53:00,3,"Blue","PTFE",4,52.28,13.07,2023-10-11 00:53:00,2023-10-11 01:06:04,"Arms loose on ATAT-RTH with time remaining on leland (1:56min)","B11",26.14,0.02614,0,0,-3.64428857078606,0.10625,0,11,0,0,0,0,0,123050.78125,126.519445912158,109.433425,372.7538288125,95.9646621621622,85.5425,240.415,159.535135135135,142.02,385.5,9.42192192192192,9.44444444444444,10,7.22222222222222,30.3108108108108,30,30,31,3.19763860610841,3.20003153837661,3.34652644641426,2.69939809952541,7999.75,6403.1875,1424.23,38.7925,0,0,15778.3125,15811,15812.25,15813.5,4.69531637348758,"Moderate/Unhealthy","Low",5.03917002239612,3.45635072732919,16.9430562803866,0.334627603826129,8.98035194956724,9.22013137699785,0.812405426978007,0.278427065808824,2.83584060580882,0.912070919480452,0.931800219280138,5.14133045415266,10.2826609083053,0.0102826609083053,1.02826609083053e-05,1.02826609083053e-08,0,0,0
"B11B_B",13,5,"FASMEE23","Button","Smoke","CW/KOH",20240912,20250505,"LL","1000x","100-103","consistent amount, lots of circles, some ovals, various sizes","B11B","F23_B",2023-10-11,2023-10-10 18:53:00,2023-10-11 00:53:00,3,"Blue","PTFE",4,52.28,13.07,2023-10-11 00:53:00,2023-10-11 01:06:04,"Arms loose on ATAT-RTH with time remaining on leland (1:56min)","B11",26.14,0.02614,0,5,-3.64428857078606,0.10625,4.89375,11,36125,1381981.63733741,35357.34375,1352614.52754399,1239738.01387212,123050.78125,126.519445912158,109.433425,372.7538288125,95.9646621621622,85.5425,240.415,159.535135135135,142.02,385.5,9.42192192192192,9.44444444444444,10,7.22222222222222,30.3108108108108,30,30,31,3.19763860610841,3.20003153837661,3.34652644641426,2.69939809952541,7999.75,6403.1875,1424.23,38.7925,0,0,15778.3125,15811,15812.25,15813.5,4.69531637348758,"Moderate/Unhealthy","Low",5.03917002239612,3.45635072732919,16.9430562803866,0.334627603826129,8.98035194956724,9.22013137699785,0.812405426978007,0.278427065808824,2.83584060580882,0.912070919480452,0.931800219280138,5.14133045415266,10.2826609083053,0.0102826609083053,1.02826609083053e-05,1.02826609083053e-08,120565875402035,120565875402.035,120565.875402035
"B11B_B",14,2,"FASMEE23","Button","Smoke","CW/KOH",20240912,20250505,"LL","1000x","100-103","consistent amount, lots of circles, some ovals, various sizes","B11B","F23_B",2023-10-11,2023-10-10 18:53:00,2023-10-11 00:53:00,3,"Blue","PTFE",4,52.28,13.07,2023-10-11 00:53:00,2023-10-11 01:06:04,"Arms loose on ATAT-RTH with time remaining on leland (1:56min)","B11",26.14,0.02614,0,2,-3.64428857078606,0.10625,1.89375,11,14450,552792.654934966,13682.34375,523425.545141545,410549.03146967,123050.78125,126.519445912158,109.433425,372.7538288125,95.9646621621622,85.5425,240.415,159.535135135135,142.02,385.5,9.42192192192192,9.44444444444444,10,7.22222222222222,30.3108108108108,30,30,31,3.19763860610841,3.20003153837661,3.34652644641426,2.69939809952541,7999.75,6403.1875,1424.23,38.7925,0,0,15778.3125,15811,15812.25,15813.5,4.69531637348758,"Moderate/Unhealthy","Low",5.03917002239612,3.45635072732919,16.9430562803866,0.334627603826129,8.98035194956724,9.22013137699785,0.812405426978007,0.278427065808824,2.83584060580882,0.912070919480452,0.931800219280138,5.14133045415266,10.2826609083053,0.0102826609083053,1.02826609083053e-05,1.02826609083053e-08,39926341550178.8,39926341550.1788,39926.3415501788
"B11B_B",15,4,"FASMEE23","Button","Smoke","CW/KOH",20240912,20250505,"LL","1000x","100-103","consistent amount, lots of circles, some ovals, various sizes","B11B","F23_B",2023-10-11,2023-10-10 18:53:00,2023-10-11 00:53:00,3,"Blue","PTFE",4,52.28,13.07,2023-10-11 00:53:00,2023-10-11 01:06:04,"Arms loose on ATAT-RTH with time remaining on leland (1:56min)","B11",26.14,0.02614,0,4,-3.64428857078606,0.10625,3.89375,11,28900,1105585.30986993,28132.34375,1076218.20007651,963341.686404636,123050.78125,126.519445912158,109.433425,372.7538288125,95.9646621621622,85.5425,240.415,159.535135135135,142.02,385.5,9.42192192192192,9.44444444444444,10,7.22222222222222,30.3108108108108,30,30,31,3.19763860610841,3.20003153837661,3.34652644641426,2.69939809952541,7999.75,6403.1875,1424.23,38.7925,0,0,15778.3125,15811,15812.25,15813.5,4.69531637348758,"Moderate/Unhealthy","Low",5.03917002239612,3.45635072732919,16.9430562803866,0.334627603826129,8.98035194956724,9.22013137699785,0.812405426978007,0.278427065808824,2.83584060580882,0.912070919480452,0.931800219280138,5.14133045415266,10.2826609083053,0.0102826609083053,1.02826609083053e-05,1.02826609083053e-08,93686030784749.8,93686030784.7497,93686.0307847497
"B11B_B",16,5,"FASMEE23","Button","Smoke","CW/KOH",20240912,20250505,"LL","1000x","100-103","consistent amount, lots of circles, some ovals, various sizes","B11B","F23_B",2023-10-11,2023-10-10 18:53:00,2023-10-11 00:53:00,3,"Blue","PTFE",4,52.28,13.07,2023-10-11 00:53:00,2023-10-11 01:06:04,"Arms loose on ATAT-RTH with time remaining on leland (1:56min)","B11",26.14,0.02614,0,5,-3.64428857078606,0.10625,4.89375,11,36125,1381981.63733741,35357.34375,1352614.52754399,1239738.01387212,123050.78125,126.519445912158,109.433425,372.7538288125,95.9646621621622,85.5425,240.415,159.535135135135,142.02,385.5,9.42192192192192,9.44444444444444,10,7.22222222222222,30.3108108108108,30,30,31,3.19763860610841,3.20003153837661,3.34652644641426,2.69939809952541,7999.75,6403.1875,1424.23,38.7925,0,0,15778.3125,15811,15812.25,15813.5,4.69531637348758,"Moderate/Unhealthy","Low",5.03917002239612,3.45635072732919,16.9430562803866,0.334627603826129,8.98035194956724,9.22013137699785,0.812405426978007,0.278427065808824,2.83584060580882,0.912070919480452,0.931800219280138,5.14133045415266,10.2826609083053,0.0102826609083053,1.02826609083053e-05,1.02826609083053e-08,120565875402035,120565875402.035,120565.875402035
"B11B_B",17,5,"FASMEE23","Button","Smoke","CW/KOH",20240912,20250505,"LL","1000x","100-103","consistent amount, lots of circles, some ovals, various sizes","B11B","F23_B",2023-10-11,2023-10-10 18:53:00,2023-10-11 00:53:00,3,"Blue","PTFE",4,52.28,13.07,2023-10-11 00:53:00,2023-10-11 01:06:04,"Arms loose on ATAT-RTH with time remaining on leland (1:56min)","B11",26.14,0.02614,0,5,-3.64428857078606,0.10625,4.89375,11,36125,1381981.63733741,35357.34375,1352614.52754399,1239738.01387212,123050.78125,126.519445912158,109.433425,372.7538288125,95.9646621621622,85.5425,240.415,159.535135135135,142.02,385.5,9.42192192192192,9.44444444444444,10,7.22222222222222,30.3108108108108,30,30,31,3.19763860610841,3.20003153837661,3.34652644641426,2.69939809952541,7999.75,6403.1875,1424.23,38.7925,0,0,15778.3125,15811,15812.25,15813.5,4.69531637348758,"Moderate/Unhealthy","Low",5.03917002239612,3.45635072732919,16.9430562803866,0.334627603826129,8.98035194956724,9.22013137699785,0.812405426978007,0.278427065808824,2.83584060580882,0.912070919480452,0.931800219280138,5.14133045415266,10.2826609083053,0.0102826609083053,1.02826609083053e-05,1.02826609083053e-08,120565875402035,120565875402.035,120565.875402035
"B11B_B",18,7,"FASMEE23","Button","Smoke","CW/KOH",20240912,20250505,"LL","1000x","100-103","consistent amount, lots of circles, some ovals, various sizes","B11B","F23_B",2023-10-11,2023-10-10 18:53:00,2023-10-11 00:53:00,3,"Blue","PTFE",4,52.28,13.07,2023-10-11 00:53:00,2023-10-11 01:06:04,"Arms loose on ATAT-RTH with time remaining on leland (1:56min)","B11",26.14,0.02614,0,7,-3.64428857078606,0.10625,6.89375,11,50575,1934774.29227238,49807.34375,1905407.18247896,1792530.66880708,123050.78125,126.519445912158,109.433425,372.7538288125,95.9646621621622,85.5425,240.415,159.535135135135,142.02,385.5,9.42192192192192,9.44444444444444,10,7.22222222222222,30.3108108108108,30,30,31,3.19763860610841,3.20003153837661,3.34652644641426,2.69939809952541,7999.75,6403.1875,1424.23,38.7925,0,0,15778.3125,15811,15812.25,15813.5,4.69531637348758,"Moderate/Unhealthy","Low",5.03917002239612,3.45635072732919,16.9430562803866,0.334627603826129,8.98035194956724,9.22013137699785,0.812405426978007,0.278427065808824,2.83584060580882,0.912070919480452,0.931800219280138,5.14133045415266,10.2826609083053,0.0102826609083053,1.02826609083053e-05,1.02826609083053e-08,174325564636606,174325564636.606,174325.564636606
"B11B_B",19,0,"FASMEE23","Button","Smoke","CW/KOH",20240912,20250505,"LL","1000x","100-103","consistent amount, lots of circles, some ovals, various sizes","B11B","F23_B",2023-10-11,2023-10-10 18:53:00,2023-10-11 00:53:00,3,"Blue","PTFE",4,52.28,13.07,2023-10-11 00:53:00,2023-10-11 01:06:04,"Arms loose on ATAT-RTH with time remaining on leland (1:56min)","B11",26.14,0.02614,0,0,-3.64428857078606,0.10625,0,11,0,0,0,0,0,123050.78125,126.519445912158,109.433425,372.7538288125,95.9646621621622,85.5425,240.415,159.535135135135,142.02,385.5,9.42192192192192,9.44444444444444,10,7.22222222222222,30.3108108108108,30,30,31,3.19763860610841,3.20003153837661,3.34652644641426,2.69939809952541,7999.75,6403.1875,1424.23,38.7925,0,0,15778.3125,15811,15812.25,15813.5,4.69531637348758,"Moderate/Unhealthy","Low",5.03917002239612,3.45635072732919,16.9430562803866,0.334627603826129,8.98035194956724,9.22013137699785,0.812405426978007,0.278427065808824,2.83584060580882,0.912070919480452,0.931800219280138,5.14133045415266,10.2826609083053,0.0102826609083053,1.02826609083053e-05,1.02826609083053e-08,0,0,0
"B11B_B",20,4,"FASMEE23","Button","Smoke","CW/KOH",20240912,20250505,"LL","1000x","100-103","consistent amount, lots of circles, some ovals, various sizes","B11B","F23_B",2023-10-11,2023-10-10 18:53:00,2023-10-11 00:53:00,3,"Blue","PTFE",4,52.28,13.07,2023-10-11 00:53:00,2023-10-11 01:06:04,"Arms loose on ATAT-RTH with time remaining on leland (1:56min)","B11",26.14,0.02614,0,4,-3.64428857078606,0.10625,3.89375,11,28900,1105585.30986993,28132.34375,1076218.20007651,963341.686404636,123050.78125,126.519445912158,109.433425,372.7538288125,95.9646621621622,85.5425,240.415,159.535135135135,142.02,385.5,9.42192192192192,9.44444444444444,10,7.22222222222222,30.3108108108108,30,30,31,3.19763860610841,3.20003153837661,3.34652644641426,2.69939809952541,7999.75,6403.1875,1424.23,38.7925,0,0,15778.3125,15811,15812.25,15813.5,4.69531637348758,"Moderate/Unhealthy","Low",5.03917002239612,3.45635072732919,16.9430562803866,0.334627603826129,8.98035194956724,9.22013137699785,0.812405426978007,0.278427065808824,2.83584060580882,0.912070919480452,0.931800219280138,5.14133045415266,10.2826609083053,0.0102826609083053,1.02826609083053e-05,1.02826609083053e-08,93686030784749.8,93686030784.7497,93686.0307847497
"B11B_B",21,3,"FASMEE23","Button","Smoke","CW/KOH",20240912,20250505,"LL","1000x","100-103","consistent amount, lots of circles, some ovals, various sizes","B11B","F23_B",2023-10-11,2023-10-10 18:53:00,2023-10-11 00:53:00,3,"Blue","PTFE",4,52.28,13.07,2023-10-11 00:53:00,2023-10-11 01:06:04,"Arms loose on ATAT-RTH with time remaining on leland (1:56min)","B11",26.14,0.02614,0,3,-3.64428857078606,0.10625,2.89375,11,21675,829188.982402448,20907.34375,799821.872609028,686945.358937153,123050.78125,126.519445912158,109.433425,372.7538288125,95.9646621621622,85.5425,240.415,159.535135135135,142.02,385.5,9.42192192192192,9.44444444444444,10,7.22222222222222,30.3108108108108,30,30,31,3.19763860610841,3.20003153837661,3.34652644641426,2.69939809952541,7999.75,6403.1875,1424.23,38.7925,0,0,15778.3125,15811,15812.25,15813.5,4.69531637348758,"Moderate/Unhealthy","Low",5.03917002239612,3.45635072732919,16.9430562803866,0.334627603826129,8.98035194956724,9.22013137699785,0.812405426978007,0.278427065808824,2.83584060580882,0.912070919480452,0.931800219280138,5.14133045415266,10.2826609083053,0.0102826609083053,1.02826609083053e-05,1.02826609083053e-08,66806186167464.3,66806186167.4643,66806.1861674643
"B11B_B",22,1,"FASMEE23","Button","Smoke","CW/KOH",20240912,20250505,"LL","1000x","100-103","consistent amount, lots of circles, some ovals, various sizes","B11B","F23_B",2023-10-11,2023-10-10 18:53:00,2023-10-11 00:53:00,3,"Blue","PTFE",4,52.28,13.07,2023-10-11 00:53:00,2023-10-11 01:06:04,"Arms loose on ATAT-RTH with time remaining on leland (1:56min)","B11",26.14,0.02614,0,1,-3.64428857078606,0.10625,0.89375,11,7225,276396.327467483,6457.34375,247029.217674063,134152.704002188,123050.78125,126.519445912158,109.433425,372.7538288125,95.9646621621622,85.5425,240.415,159.535135135135,142.02,385.5,9.42192192192192,9.44444444444444,10,7.22222222222222,30.3108108108108,30,30,31,3.19763860610841,3.20003153837661,3.34652644641426,2.69939809952541,7999.75,6403.1875,1424.23,38.7925,0,0,15778.3125,15811,15812.25,15813.5,4.69531637348758,"Moderate/Unhealthy","Low",5.03917002239612,3.45635072732919,16.9430562803866,0.334627603826129,8.98035194956724,9.22013137699785,0.812405426978007,0.278427065808824,2.83584060580882,0.912070919480452,0.931800219280138,5.14133045415266,10.2826609083053,0.0102826609083053,1.02826609083053e-05,1.02826609083053e-08,13046496932893.3,13046496932.8933,13046.4969328933
"B11B_B",23,4,"FASMEE23","Button","Smoke","CW/KOH",20240912,20250505,"LL","1000x","100-103","consistent amount, lots of circles, some ovals, various sizes","B11B","F23_B",2023-10-11,2023-10-10 18:53:00,2023-10-11 00:53:00,3,"Blue","PTFE",4,52.28,13.07,2023-10-11 00:53:00,2023-10-11 01:06:04,"Arms loose on ATAT-RTH with time remaining on leland (1:56min)","B11",26.14,0.02614,0,4,-3.64428857078606,0.10625,3.89375,11,28900,1105585.30986993,28132.34375,1076218.20007651,963341.686404636,123050.78125,126.519445912158,109.433425,372.7538288125,95.9646621621622,85.5425,240.415,159.535135135135,142.02,385.5,9.42192192192192,9.44444444444444,10,7.22222222222222,30.3108108108108,30,30,31,3.19763860610841,3.20003153837661,3.34652644641426,2.69939809952541,7999.75,6403.1875,1424.23,38.7925,0,0,15778.3125,15811,15812.25,15813.5,4.69531637348758,"Moderate/Unhealthy","Low",5.03917002239612,3.45635072732919,16.9430562803866,0.334627603826129,8.98035194956724,9.22013137699785,0.812405426978007,0.278427065808824,2.83584060580882,0.912070919480452,0.931800219280138,5.14133045415266,10.2826609083053,0.0102826609083053,1.02826609083053e-05,1.02826609083053e-08,93686030784749.8,93686030784.7497,93686.0307847497
"B11B_B",24,3,"FASMEE23","Button","Smoke","CW/KOH",20240912,20250505,"LL","1000x","100-103","consistent amount, lots of circles, some ovals, various sizes","B11B","F23_B",2023-10-11,2023-10-10 18:53:00,2023-10-11 00:53:00,3,"Blue","PTFE",4,52.28,13.07,2023-10-11 00:53:00,2023-10-11 01:06:04,"Arms loose on ATAT-RTH with time remaining on leland (1:56min)","B11",26.14,0.02614,0,3,-3.64428857078606,0.10625,2.89375,11,21675,829188.982402448,20907.34375,799821.872609028,686945.358937153,123050.78125,126.519445912158,109.433425,372.7538288125,95.9646621621622,85.5425,240.415,159.535135135135,142.02,385.5,9.42192192192192,9.44444444444444,10,7.22222222222222,30.3108108108108,30,30,31,3.19763860610841,3.20003153837661,3.34652644641426,2.69939809952541,7999.75,6403.1875,1424.23,38.7925,0,0,15778.3125,15811,15812.25,15813.5,4.69531637348758,"Moderate/Unhealthy","Low",5.03917002239612,3.45635072732919,16.9430562803866,0.334627603826129,8.98035194956724,9.22013137699785,0.812405426978007,0.278427065808824,2.83584060580882,0.912070919480452,0.931800219280138,5.14133045415266,10.2826609083053,0.0102826609083053,1.02826609083053e-05,1.02826609083053e-08,66806186167464.3,66806186167.4643,66806.1861674643
"B11B_B",25,2,"FASMEE23","Button","Smoke","CW/KOH",20240912,20250505,"LL","1000x","100-103","consistent amount, lots of circles, some ovals, various sizes","B11B","F23_B",2023-10-11,2023-10-10 18:53:00,2023-10-11 00:53:00,3,"Blue","PTFE",4,52.28,13.07,2023-10-11 00:53:00,2023-10-11 01:06:04,"Arms loose on ATAT-RTH with time remaining on leland (1:56min)","B11",26.14,0.02614,0,2,-3.64428857078606,0.10625,1.89375,11,14450,552792.654934966,13682.34375,523425.545141545,410549.03146967,123050.78125,126.519445912158,109.433425,372.7538288125,95.9646621621622,85.5425,240.415,159.535135135135,142.02,385.5,9.42192192192192,9.44444444444444,10,7.22222222222222,30.3108108108108,30,30,31,3.19763860610841,3.20003153837661,3.34652644641426,2.69939809952541,7999.75,6403.1875,1424.23,38.7925,0,0,15778.3125,15811,15812.25,15813.5,4.69531637348758,"Moderate/Unhealthy","Low",5.03917002239612,3.45635072732919,16.9430562803866,0.334627603826129,8.98035194956724,9.22013137699785,0.812405426978007,0.278427065808824,2.83584060580882,0.912070919480452,0.931800219280138,5.14133045415266,10.2826609083053,0.0102826609083053,1.02826609083053e-05,1.02826609083053e-08,39926341550178.8,39926341550.1788,39926.3415501788
"B11B_B",26,12,"FASMEE23","Button","Smoke","CW/KOH",20240912,20250505,"LL","1000x","100-103","consistent amount, lots of circles, some ovals, various sizes","B11B","F23_B",2023-10-11,2023-10-10 18:53:00,2023-10-11 00:53:00,3,"Blue","PTFE",4,52.28,13.07,2023-10-11 00:53:00,2023-10-11 01:06:04,"Arms loose on ATAT-RTH with time remaining on leland (1:56min)","B11",26.14,0.02614,0,12,-3.64428857078606,0.10625,11.89375,11,86700,3316755.92960979,85932.34375,3287388.81981637,3174512.3061445,123050.78125,126.519445912158,109.433425,372.7538288125,95.9646621621622,85.5425,240.415,159.535135135135,142.02,385.5,9.42192192192192,9.44444444444444,10,7.22222222222222,30.3108108108108,30,30,31,3.19763860610841,3.20003153837661,3.34652644641426,2.69939809952541,7999.75,6403.1875,1424.23,38.7925,0,0,15778.3125,15811,15812.25,15813.5,4.69531637348758,"Moderate/Unhealthy","Low",5.03917002239612,3.45635072732919,16.9430562803866,0.334627603826129,8.98035194956724,9.22013137699785,0.812405426978007,0.278427065808824,2.83584060580882,0.912070919480452,0.931800219280138,5.14133045415266,10.2826609083053,0.0102826609083053,1.02826609083053e-05,1.02826609083053e-08,308724787723034,308724787723.034,308724.787723034
"B11B_B",27,1,"FASMEE23","Button","Smoke","CW/KOH",20240912,20250505,"LL","1000x","100-103","consistent amount, lots of circles, some ovals, various sizes","B11B","F23_B",2023-10-11,2023-10-10 18:53:00,2023-10-11 00:53:00,3,"Blue","PTFE",4,52.28,13.07,2023-10-11 00:53:00,2023-10-11 01:06:04,"Arms loose on ATAT-RTH with time remaining on leland (1:56min)","B11",26.14,0.02614,0,1,-3.64428857078606,0.10625,0.89375,11,7225,276396.327467483,6457.34375,247029.217674063,134152.704002188,123050.78125,126.519445912158,109.433425,372.7538288125,95.9646621621622,85.5425,240.415,159.535135135135,142.02,385.5,9.42192192192192,9.44444444444444,10,7.22222222222222,30.3108108108108,30,30,31,3.19763860610841,3.20003153837661,3.34652644641426,2.69939809952541,7999.75,6403.1875,1424.23,38.7925,0,0,15778.3125,15811,15812.25,15813.5,4.69531637348758,"Moderate/Unhealthy","Low",5.03917002239612,3.45635072732919,16.9430562803866,0.334627603826129,8.98035194956724,9.22013137699785,0.812405426978007,0.278427065808824,2.83584060580882,0.912070919480452,0.931800219280138,5.14133045415266,10.2826609083053,0.0102826609083053,1.02826609083053e-05,1.02826609083053e-08,13046496932893.3,13046496932.8933,13046.4969328933
"B11B_B",28,2,"FASMEE23","Button","Smoke","CW/KOH",20240912,20250505,"LL","1000x","100-103","consistent amount, lots of circles, some ovals, various sizes","B11B","F23_B",2023-10-11,2023-10-10 18:53:00,2023-10-11 00:53:00,3,"Blue","PTFE",4,52.28,13.07,2023-10-11 00:53:00,2023-10-11 01:06:04,"Arms loose on ATAT-RTH with time remaining on leland (1:56min)","B11",26.14,0.02614,0,2,-3.64428857078606,0.10625,1.89375,11,14450,552792.654934966,13682.34375,523425.545141545,410549.03146967,123050.78125,126.519445912158,109.433425,372.7538288125,95.9646621621622,85.5425,240.415,159.535135135135,142.02,385.5,9.42192192192192,9.44444444444444,10,7.22222222222222,30.3108108108108,30,30,31,3.19763860610841,3.20003153837661,3.34652644641426,2.69939809952541,7999.75,6403.1875,1424.23,38.7925,0,0,15778.3125,15811,15812.25,15813.5,4.69531637348758,"Moderate/Unhealthy","Low",5.03917002239612,3.45635072732919,16.9430562803866,0.334627603826129,8.98035194956724,9.22013137699785,0.812405426978007,0.278427065808824,2.83584060580882,0.912070919480452,0.931800219280138,5.14133045415266,10.2826609083053,0.0102826609083053,1.02826609083053e-05,1.02826609083053e-08,39926341550178.8,39926341550.1788,39926.3415501788
"B11B_B",29,4,"FASMEE23","Button","Smoke","CW/KOH",20240912,20250505,"LL","1000x","100-103","consistent amount, lots of circles, some ovals, various sizes","B11B","F23_B",2023-10-11,2023-10-10 18:53:00,2023-10-11 00:53:00,3,"Blue","PTFE",4,52.28,13.07,2023-10-11 00:53:00,2023-10-11 01:06:04,"Arms loose on ATAT-RTH with time remaining on leland (1:56min)","B11",26.14,0.02614,0,4,-3.64428857078606,0.10625,3.89375,11,28900,1105585.30986993,28132.34375,1076218.20007651,963341.686404636,123050.78125,126.519445912158,109.433425,372.7538288125,95.9646621621622,85.5425,240.415,159.535135135135,142.02,385.5,9.42192192192192,9.44444444444444,10,7.22222222222222,30.3108108108108,30,30,31,3.19763860610841,3.20003153837661,3.34652644641426,2.69939809952541,7999.75,6403.1875,1424.23,38.7925,0,0,15778.3125,15811,15812.25,15813.5,4.69531637348758,"Moderate/Unhealthy","Low",5.03917002239612,3.45635072732919,16.9430562803866,0.334627603826129,8.98035194956724,9.22013137699785,0.812405426978007,0.278427065808824,2.83584060580882,0.912070919480452,0.931800219280138,5.14133045415266,10.2826609083053,0.0102826609083053,1.02826609083053e-05,1.02826609083053e-08,93686030784749.8,93686030784.7497,93686.0307847497
"B11B_B",30,4,"FASMEE23","Button","Smoke","CW/KOH",20240912,20250505,"LL","1000x","100-103","consistent amount, lots of circles, some ovals, various sizes","B11B","F23_B",2023-10-11,2023-10-10 18:53:00,2023-10-11 00:53:00,3,"Blue","PTFE",4,52.28,13.07,2023-10-11 00:53:00,2023-10-11 01:06:04,"Arms loose on ATAT-RTH with time remaining on leland (1:56min)","B11",26.14,0.02614,0,4,-3.64428857078606,0.10625,3.89375,11,28900,1105585.30986993,28132.34375,1076218.20007651,963341.686404636,123050.78125,126.519445912158,109.433425,372.7538288125,95.9646621621622,85.5425,240.415,159.535135135135,142.02,385.5,9.42192192192192,9.44444444444444,10,7.22222222222222,30.3108108108108,30,30,31,3.19763860610841,3.20003153837661,3.34652644641426,2.69939809952541,7999.75,6403.1875,1424.23,38.7925,0,0,15778.3125,15811,15812.25,15813.5,4.69531637348758,"Moderate/Unhealthy","Low",5.03917002239612,3.45635072732919,16.9430562803866,0.334627603826129,8.98035194956724,9.22013137699785,0.812405426978007,0.278427065808824,2.83584060580882,0.912070919480452,0.931800219280138,5.14133045415266,10.2826609083053,0.0102826609083053,1.02826609083053e-05,1.02826609083053e-08,93686030784749.8,93686030784.7497,93686.0307847497
"B11B_B",31,3,"FASMEE23","Button","Smoke","CW/KOH",20240912,20250505,"LL","1000x","100-103","consistent amount, lots of circles, some ovals, various sizes","B11B","F23_B",2023-10-11,2023-10-10 18:53:00,2023-10-11 00:53:00,3,"Blue","PTFE",4,52.28,13.07,2023-10-11 00:53:00,2023-10-11 01:06:04,"Arms loose on ATAT-RTH with time remaining on leland (1:56min)","B11",26.14,0.02614,0,3,-3.64428857078606,0.10625,2.89375,11,21675,829188.982402448,20907.34375,799821.872609028,686945.358937153,123050.78125,126.519445912158,109.433425,372.7538288125,95.9646621621622,85.5425,240.415,159.535135135135,142.02,385.5,9.42192192192192,9.44444444444444,10,7.22222222222222,30.3108108108108,30,30,31,3.19763860610841,3.20003153837661,3.34652644641426,2.69939809952541,7999.75,6403.1875,1424.23,38.7925,0,0,15778.3125,15811,15812.25,15813.5,4.69531637348758,"Moderate/Unhealthy","Low",5.03917002239612,3.45635072732919,16.9430562803866,0.334627603826129,8.98035194956724,9.22013137699785,0.812405426978007,0.278427065808824,2.83584060580882,0.912070919480452,0.931800219280138,5.14133045415266,10.2826609083053,0.0102826609083053,1.02826609083053e-05,1.02826609083053e-08,66806186167464.3,66806186167.4643,66806.1861674643
"B11B_B",32,3,"FASMEE23","Button","Smoke","CW/KOH",20240912,20250505,"LL","1000x","100-103","consistent amount, lots of circles, some ovals, various sizes","B11B","F23_B",2023-10-11,2023-10-10 18:53:00,2023-10-11 00:53:00,3,"Blue","PTFE",4,52.28,13.07,2023-10-11 00:53:00,2023-10-11 01:06:04,"Arms loose on ATAT-RTH with time remaining on leland (1:56min)","B11",26.14,0.02614,0,3,-3.64428857078606,0.10625,2.89375,11,21675,829188.982402448,20907.34375,799821.872609028,686945.358937153,123050.78125,126.519445912158,109.433425,372.7538288125,95.9646621621622,85.5425,240.415,159.535135135135,142.02,385.5,9.42192192192192,9.44444444444444,10,7.22222222222222,30.3108108108108,30,30,31,3.19763860610841,3.20003153837661,3.34652644641426,2.69939809952541,7999.75,6403.1875,1424.23,38.7925,0,0,15778.3125,15811,15812.25,15813.5,4.69531637348758,"Moderate/Unhealthy","Low",5.03917002239612,3.45635072732919,16.9430562803866,0.334627603826129,8.98035194956724,9.22013137699785,0.812405426978007,0.278427065808824,2.83584060580882,0.912070919480452,0.931800219280138,5.14133045415266,10.2826609083053,0.0102826609083053,1.02826609083053e-05,1.02826609083053e-08,66806186167464.3,66806186167.4643,66806.1861674643
"B11B_B",33,2,"FASMEE23","Button","Smoke","CW/KOH",20240912,20250505,"LL","1000x","100-103","consistent amount, lots of circles, some ovals, various sizes","B11B","F23_B",2023-10-11,2023-10-10 18:53:00,2023-10-11 00:53:00,3,"Blue","PTFE",4,52.28,13.07,2023-10-11 00:53:00,2023-10-11 01:06:04,"Arms loose on ATAT-RTH with time remaining on leland (1:56min)","B11",26.14,0.02614,0,2,-3.64428857078606,0.10625,1.89375,11,14450,552792.654934966,13682.34375,523425.545141545,410549.03146967,123050.78125,126.519445912158,109.433425,372.7538288125,95.9646621621622,85.5425,240.415,159.535135135135,142.02,385.5,9.42192192192192,9.44444444444444,10,7.22222222222222,30.3108108108108,30,30,31,3.19763860610841,3.20003153837661,3.34652644641426,2.69939809952541,7999.75,6403.1875,1424.23,38.7925,0,0,15778.3125,15811,15812.25,15813.5,4.69531637348758,"Moderate/Unhealthy","Low",5.03917002239612,3.45635072732919,16.9430562803866,0.334627603826129,8.98035194956724,9.22013137699785,0.812405426978007,0.278427065808824,2.83584060580882,0.912070919480452,0.931800219280138,5.14133045415266,10.2826609083053,0.0102826609083053,1.02826609083053e-05,1.02826609083053e-08,39926341550178.8,39926341550.1788,39926.3415501788
"B11B_B",34,1,"FASMEE23","Button","Smoke","CW/KOH",20240912,20250505,"LL","1000x","100-103","consistent amount, lots of circles, some ovals, various sizes","B11B","F23_B",2023-10-11,2023-10-10 18:53:00,2023-10-11 00:53:00,3,"Blue","PTFE",4,52.28,13.07,2023-10-11 00:53:00,2023-10-11 01:06:04,"Arms loose on ATAT-RTH with time remaining on leland (1:56min)","B11",26.14,0.02614,0,1,-3.64428857078606,0.10625,0.89375,11,7225,276396.327467483,6457.34375,247029.217674063,134152.704002188,123050.78125,126.519445912158,109.433425,372.7538288125,95.9646621621622,85.5425,240.415,159.535135135135,142.02,385.5,9.42192192192192,9.44444444444444,10,7.22222222222222,30.3108108108108,30,30,31,3.19763860610841,3.20003153837661,3.34652644641426,2.69939809952541,7999.75,6403.1875,1424.23,38.7925,0,0,15778.3125,15811,15812.25,15813.5,4.69531637348758,"Moderate/Unhealthy","Low",5.03917002239612,3.45635072732919,16.9430562803866,0.334627603826129,8.98035194956724,9.22013137699785,0.812405426978007,0.278427065808824,2.83584060580882,0.912070919480452,0.931800219280138,5.14133045415266,10.2826609083053,0.0102826609083053,1.02826609083053e-05,1.02826609083053e-08,13046496932893.3,13046496932.8933,13046.4969328933
"B11B_B",35,2,"FASMEE23","Button","Smoke","CW/KOH",20240912,20250505,"LL","1000x","100-103","consistent amount, lots of circles, some ovals, various sizes","B11B","F23_B",2023-10-11,2023-10-10 18:53:00,2023-10-11 00:53:00,3,"Blue","PTFE",4,52.28,13.07,2023-10-11 00:53:00,2023-10-11 01:06:04,"Arms loose on ATAT-RTH with time remaining on leland (1:56min)","B11",26.14,0.02614,0,2,-3.64428857078606,0.10625,1.89375,11,14450,552792.654934966,13682.34375,523425.545141545,410549.03146967,123050.78125,126.519445912158,109.433425,372.7538288125,95.9646621621622,85.5425,240.415,159.535135135135,142.02,385.5,9.42192192192192,9.44444444444444,10,7.22222222222222,30.3108108108108,30,30,31,3.19763860610841,3.20003153837661,3.34652644641426,2.69939809952541,7999.75,6403.1875,1424.23,38.7925,0,0,15778.3125,15811,15812.25,15813.5,4.69531637348758,"Moderate/Unhealthy","Low",5.03917002239612,3.45635072732919,16.9430562803866,0.334627603826129,8.98035194956724,9.22013137699785,0.812405426978007,0.278427065808824,2.83584060580882,0.912070919480452,0.931800219280138,5.14133045415266,10.2826609083053,0.0102826609083053,1.02826609083053e-05,1.02826609083053e-08,39926341550178.8,39926341550.1788,39926.3415501788
"B11B_B",36,5,"FASMEE23","Button","Smoke","CW/KOH",20240912,20250505,"LL","1000x","100-103","consistent amount, lots of circles, some ovals, various sizes","B11B","F23_B",2023-10-11,2023-10-10 18:53:00,2023-10-11 00:53:00,3,"Blue","PTFE",4,52.28,13.07,2023-10-11 00:53:00,2023-10-11 01:06:04,"Arms loose on ATAT-RTH with time remaining on leland (1:56min)","B11",26.14,0.02614,0,5,-3.64428857078606,0.10625,4.89375,11,36125,1381981.63733741,35357.34375,1352614.52754399,1239738.01387212,123050.78125,126.519445912158,109.433425,372.7538288125,95.9646621621622,85.5425,240.415,159.535135135135,142.02,385.5,9.42192192192192,9.44444444444444,10,7.22222222222222,30.3108108108108,30,30,31,3.19763860610841,3.20003153837661,3.34652644641426,2.69939809952541,7999.75,6403.1875,1424.23,38.7925,0,0,15778.3125,15811,15812.25,15813.5,4.69531637348758,"Moderate/Unhealthy","Low",5.03917002239612,3.45635072732919,16.9430562803866,0.334627603826129,8.98035194956724,9.22013137699785,0.812405426978007,0.278427065808824,2.83584060580882,0.912070919480452,0.931800219280138,5.14133045415266,10.2826609083053,0.0102826609083053,1.02826609083053e-05,1.02826609083053e-08,120565875402035,120565875402.035,120565.875402035
"B11B_B",37,4,"FASMEE23","Button","Smoke","CW/KOH",20240912,20250505,"LL","1000x","100-103","consistent amount, lots of circles, some ovals, various sizes","B11B","F23_B",2023-10-11,2023-10-10 18:53:00,2023-10-11 00:53:00,3,"Blue","PTFE",4,52.28,13.07,2023-10-11 00:53:00,2023-10-11 01:06:04,"Arms loose on ATAT-RTH with time remaining on leland (1:56min)","B11",26.14,0.02614,0,4,-3.64428857078606,0.10625,3.89375,11,28900,1105585.30986993,28132.34375,1076218.20007651,963341.686404636,123050.78125,126.519445912158,109.433425,372.7538288125,95.9646621621622,85.5425,240.415,159.535135135135,142.02,385.5,9.42192192192192,9.44444444444444,10,7.22222222222222,30.3108108108108,30,30,31,3.19763860610841,3.20003153837661,3.34652644641426,2.69939809952541,7999.75,6403.1875,1424.23,38.7925,0,0,15778.3125,15811,15812.25,15813.5,4.69531637348758,"Moderate/Unhealthy","Low",5.03917002239612,3.45635072732919,16.9430562803866,0.334627603826129,8.98035194956724,9.22013137699785,0.812405426978007,0.278427065808824,2.83584060580882,0.912070919480452,0.931800219280138,5.14133045415266,10.2826609083053,0.0102826609083053,1.02826609083053e-05,1.02826609083053e-08,93686030784749.8,93686030784.7497,93686.0307847497
"B11B_B",38,2,"FASMEE23","Button","Smoke","CW/KOH",20240912,20250505,"LL","1000x","100-103","consistent amount, lots of circles, some ovals, various sizes","B11B","F23_B",2023-10-11,2023-10-10 18:53:00,2023-10-11 00:53:00,3,"Blue","PTFE",4,52.28,13.07,2023-10-11 00:53:00,2023-10-11 01:06:04,"Arms loose on ATAT-RTH with time remaining on leland (1:56min)","B11",26.14,0.02614,0,2,-3.64428857078606,0.10625,1.89375,11,14450,552792.654934966,13682.34375,523425.545141545,410549.03146967,123050.78125,126.519445912158,109.433425,372.7538288125,95.9646621621622,85.5425,240.415,159.535135135135,142.02,385.5,9.42192192192192,9.44444444444444,10,7.22222222222222,30.3108108108108,30,30,31,3.19763860610841,3.20003153837661,3.34652644641426,2.69939809952541,7999.75,6403.1875,1424.23,38.7925,0,0,15778.3125,15811,15812.25,15813.5,4.69531637348758,"Moderate/Unhealthy","Low",5.03917002239612,3.45635072732919,16.9430562803866,0.334627603826129,8.98035194956724,9.22013137699785,0.812405426978007,0.278427065808824,2.83584060580882,0.912070919480452,0.931800219280138,5.14133045415266,10.2826609083053,0.0102826609083053,1.02826609083053e-05,1.02826609083053e-08,39926341550178.8,39926341550.1788,39926.3415501788
"B11B_B",39,2,"FASMEE23","Button","Smoke","CW/KOH",20240912,20250505,"LL","1000x","100-103","consistent amount, lots of circles, some ovals, various sizes","B11B","F23_B",2023-10-11,2023-10-10 18:53:00,2023-10-11 00:53:00,3,"Blue","PTFE",4,52.28,13.07,2023-10-11 00:53:00,2023-10-11 01:06:04,"Arms loose on ATAT-RTH with time remaining on leland (1:56min)","B11",26.14,0.02614,0,2,-3.64428857078606,0.10625,1.89375,11,14450,552792.654934966,13682.34375,523425.545141545,410549.03146967,123050.78125,126.519445912158,109.433425,372.7538288125,95.9646621621622,85.5425,240.415,159.535135135135,142.02,385.5,9.42192192192192,9.44444444444444,10,7.22222222222222,30.3108108108108,30,30,31,3.19763860610841,3.20003153837661,3.34652644641426,2.69939809952541,7999.75,6403.1875,1424.23,38.7925,0,0,15778.3125,15811,15812.25,15813.5,4.69531637348758,"Moderate/Unhealthy","Low",5.03917002239612,3.45635072732919,16.9430562803866,0.334627603826129,8.98035194956724,9.22013137699785,0.812405426978007,0.278427065808824,2.83584060580882,0.912070919480452,0.931800219280138,5.14133045415266,10.2826609083053,0.0102826609083053,1.02826609083053e-05,1.02826609083053e-08,39926341550178.8,39926341550.1788,39926.3415501788
"B11B_B",40,0,"FASMEE23","Button","Smoke","CW/KOH",20240912,20250505,"LL","1000x","100-103","consistent amount, lots of circles, some ovals, various sizes","B11B","F23_B",2023-10-11,2023-10-10 18:53:00,2023-10-11 00:53:00,3,"Blue","PTFE",4,52.28,13.07,2023-10-11 00:53:00,2023-10-11 01:06:04,"Arms loose on ATAT-RTH with time remaining on leland (1:56min)","B11",26.14,0.02614,0,0,-3.64428857078606,0.10625,0,11,0,0,0,0,0,123050.78125,126.519445912158,109.433425,372.7538288125,95.9646621621622,85.5425,240.415,159.535135135135,142.02,385.5,9.42192192192192,9.44444444444444,10,7.22222222222222,30.3108108108108,30,30,31,3.19763860610841,3.20003153837661,3.34652644641426,2.69939809952541,7999.75,6403.1875,1424.23,38.7925,0,0,15778.3125,15811,15812.25,15813.5,4.69531637348758,"Moderate/Unhealthy","Low",5.03917002239612,3.45635072732919,16.9430562803866,0.334627603826129,8.98035194956724,9.22013137699785,0.812405426978007,0.278427065808824,2.83584060580882,0.912070919480452,0.931800219280138,5.14133045415266,10.2826609083053,0.0102826609083053,1.02826609083053e-05,1.02826609083053e-08,0,0,0
"B10B_B",1,10,"FASMEE23","Button","Smoke","CW/KOH",20240912,20250505,"LL","1000x","91-99","mostly circles","B10B","F23_B",2023-10-11,2023-10-10 18:25:00,2023-10-11 00:25:00,3,"Blue","PTFE",4,60,15,2023-10-11 00:25:00,2023-10-11 00:40:00,"Partial smoke at best","B10",30,0.03,0,10,-3.50655789731998,0.10625,9.89375,10,72250,2408333.33333333,71482.34375,2382744.79166667,2269868.27799479,123050.78125,296.817832329909,284.73479828125,913.5914568125,162.399186046512,183.125,370.5,298.041569767442,316.625,762.75,10.0638569604087,10,10.5555555555556,7.77777777777778,31.3333333333333,31,31,32,3.46114545081116,3.49829032819435,3.65288745104373,2.95692571743565,15821,13422.125,3222.3325,205,3.335,0,32372.0625,32590.23,32594.855,32599.48,5.65155821470817,"Hazardous","Low",9.16936754497504,7.15880794304564,30.8100107581134,1.51685239597926,16.3873253245179,22.7938558681921,1.49529188355726,1.26651866080882,4.28245836580882,0.903533173719327,0.926980348124455,9.26602549754036,18.5320509950807,0.0185320509950807,1.85320509950807e-05,1.85320509950807e-08,122483381823055,122483381823.055,122483.381823055
"B10B_B",2,13,"FASMEE23","Button","Smoke","CW/KOH",20240912,20250505,"LL","1000x","91-99","mostly circles","B10B","F23_B",2023-10-11,2023-10-10 18:25:00,2023-10-11 00:25:00,3,"Blue","PTFE",4,60,15,2023-10-11 00:25:00,2023-10-11 00:40:00,"Partial smoke at best","B10",30,0.03,0,13,-3.50655789731998,0.10625,12.89375,10,93925,3130833.33333333,93157.34375,3105244.79166667,2992368.27799479,123050.78125,296.817832329909,284.73479828125,913.5914568125,162.399186046512,183.125,370.5,298.041569767442,316.625,762.75,10.0638569604087,10,10.5555555555556,7.77777777777778,31.3333333333333,31,31,32,3.46114545081116,3.49829032819435,3.65288745104373,2.95692571743565,15821,13422.125,3222.3325,205,3.335,0,32372.0625,32590.23,32594.855,32599.48,5.65155821470817,"Hazardous","Low",9.16936754497504,7.15880794304564,30.8100107581134,1.51685239597926,16.3873253245179,22.7938558681921,1.49529188355726,1.26651866080882,4.28245836580882,0.903533173719327,0.926980348124455,9.26602549754036,18.5320509950807,0.0185320509950807,1.85320509950807e-05,1.85320509950807e-08,161469892284945,161469892284.945,161469.892284945
"B10B_B",3,5,"FASMEE23","Button","Smoke","CW/KOH",20240912,20250505,"LL","1000x","91-99","mostly circles","B10B","F23_B",2023-10-11,2023-10-10 18:25:00,2023-10-11 00:25:00,3,"Blue","PTFE",4,60,15,2023-10-11 00:25:00,2023-10-11 00:40:00,"Partial smoke at best","B10",30,0.03,0,5,-3.50655789731998,0.10625,4.89375,10,36125,1204166.66666667,35357.34375,1178578.125,1065701.61132812,123050.78125,296.817832329909,284.73479828125,913.5914568125,162.399186046512,183.125,370.5,298.041569767442,316.625,762.75,10.0638569604087,10,10.5555555555556,7.77777777777778,31.3333333333333,31,31,32,3.46114545081116,3.49829032819435,3.65288745104373,2.95692571743565,15821,13422.125,3222.3325,205,3.335,0,32372.0625,32590.23,32594.855,32599.48,5.65155821470817,"Hazardous","Low",9.16936754497504,7.15880794304564,30.8100107581134,1.51685239597926,16.3873253245179,22.7938558681921,1.49529188355726,1.26651866080882,4.28245836580882,0.903533173719327,0.926980348124455,9.26602549754036,18.5320509950807,0.0185320509950807,1.85320509950807e-05,1.85320509950807e-08,57505864386570.7,57505864386.5707,57505.8643865707
"B10B_B",4,3,"FASMEE23","Button","Smoke","CW/KOH",20240912,20250505,"LL","1000x","91-99","mostly circles","B10B","F23_B",2023-10-11,2023-10-10 18:25:00,2023-10-11 00:25:00,3,"Blue","PTFE",4,60,15,2023-10-11 00:25:00,2023-10-11 00:40:00,"Partial smoke at best","B10",30,0.03,0,3,-3.50655789731998,0.10625,2.89375,10,21675,722500,20907.34375,696911.458333333,584034.944661458,123050.78125,296.817832329909,284.73479828125,913.5914568125,162.399186046512,183.125,370.5,298.041569767442,316.625,762.75,10.0638569604087,10,10.5555555555556,7.77777777777778,31.3333333333333,31,31,32,3.46114545081116,3.49829032819435,3.65288745104373,2.95692571743565,15821,13422.125,3222.3325,205,3.335,0,32372.0625,32590.23,32594.855,32599.48,5.65155821470817,"Hazardous","Low",9.16936754497504,7.15880794304564,30.8100107581134,1.51685239597926,16.3873253245179,22.7938558681921,1.49529188355726,1.26651866080882,4.28245836580882,0.903533173719327,0.926980348124455,9.26602549754036,18.5320509950807,0.0185320509950807,1.85320509950807e-05,1.85320509950807e-08,31514857411977.2,31514857411.9772,31514.8574119772
"B10B_B",5,1,"FASMEE23","Button","Smoke","CW/KOH",20240912,20250505,"LL","1000x","91-99","mostly circles","B10B","F23_B",2023-10-11,2023-10-10 18:25:00,2023-10-11 00:25:00,3,"Blue","PTFE",4,60,15,2023-10-11 00:25:00,2023-10-11 00:40:00,"Partial smoke at best","B10",30,0.03,0,1,-3.50655789731998,0.10625,0.89375,10,7225,240833.333333333,6457.34375,215244.791666667,102368.277994792,123050.78125,296.817832329909,284.73479828125,913.5914568125,162.399186046512,183.125,370.5,298.041569767442,316.625,762.75,10.0638569604087,10,10.5555555555556,7.77777777777778,31.3333333333333,31,31,32,3.46114545081116,3.49829032819435,3.65288745104373,2.95692571743565,15821,13422.125,3222.3325,205,3.335,0,32372.0625,32590.23,32594.855,32599.48,5.65155821470817,"Hazardous","Low",9.16936754497504,7.15880794304564,30.8100107581134,1.51685239597926,16.3873253245179,22.7938558681921,1.49529188355726,1.26651866080882,4.28245836580882,0.903533173719327,0.926980348124455,9.26602549754036,18.5320509950807,0.0185320509950807,1.85320509950807e-05,1.85320509950807e-08,5523850437383.59,5523850437.38359,5523.85043738359
"B10B_B",6,2,"FASMEE23","Button","Smoke","CW/KOH",20240912,20250505,"LL","1000x","91-99","mostly circles","B10B","F23_B",2023-10-11,2023-10-10 18:25:00,2023-10-11 00:25:00,3,"Blue","PTFE",4,60,15,2023-10-11 00:25:00,2023-10-11 00:40:00,"Partial smoke at best","B10",30,0.03,0,2,-3.50655789731998,0.10625,1.89375,10,14450,481666.666666667,13682.34375,456078.125,343201.611328125,123050.78125,296.817832329909,284.73479828125,913.5914568125,162.399186046512,183.125,370.5,298.041569767442,316.625,762.75,10.0638569604087,10,10.5555555555556,7.77777777777778,31.3333333333333,31,31,32,3.46114545081116,3.49829032819435,3.65288745104373,2.95692571743565,15821,13422.125,3222.3325,205,3.335,0,32372.0625,32590.23,32594.855,32599.48,5.65155821470817,"Hazardous","Low",9.16936754497504,7.15880794304564,30.8100107581134,1.51685239597926,16.3873253245179,22.7938558681921,1.49529188355726,1.26651866080882,4.28245836580882,0.903533173719327,0.926980348124455,9.26602549754036,18.5320509950807,0.0185320509950807,1.85320509950807e-05,1.85320509950807e-08,18519353924680.4,18519353924.6804,18519.3539246804
"B10B_B",7,1,"FASMEE23","Button","Smoke","CW/KOH",20240912,20250505,"LL","1000x","91-99","mostly circles","B10B","F23_B",2023-10-11,2023-10-10 18:25:00,2023-10-11 00:25:00,3,"Blue","PTFE",4,60,15,2023-10-11 00:25:00,2023-10-11 00:40:00,"Partial smoke at best","B10",30,0.03,0,1,-3.50655789731998,0.10625,0.89375,10,7225,240833.333333333,6457.34375,215244.791666667,102368.277994792,123050.78125,296.817832329909,284.73479828125,913.5914568125,162.399186046512,183.125,370.5,298.041569767442,316.625,762.75,10.0638569604087,10,10.5555555555556,7.77777777777778,31.3333333333333,31,31,32,3.46114545081116,3.49829032819435,3.65288745104373,2.95692571743565,15821,13422.125,3222.3325,205,3.335,0,32372.0625,32590.23,32594.855,32599.48,5.65155821470817,"Hazardous","Low",9.16936754497504,7.15880794304564,30.8100107581134,1.51685239597926,16.3873253245179,22.7938558681921,1.49529188355726,1.26651866080882,4.28245836580882,0.903533173719327,0.926980348124455,9.26602549754036,18.5320509950807,0.0185320509950807,1.85320509950807e-05,1.85320509950807e-08,5523850437383.59,5523850437.38359,5523.85043738359
"B10B_B",8,0,"FASMEE23","Button","Smoke","CW/KOH",20240912,20250505,"LL","1000x","91-99","mostly circles","B10B","F23_B",2023-10-11,2023-10-10 18:25:00,2023-10-11 00:25:00,3,"Blue","PTFE",4,60,15,2023-10-11 00:25:00,2023-10-11 00:40:00,"Partial smoke at best","B10",30,0.03,0,0,-3.50655789731998,0.10625,0,10,0,0,0,0,0,123050.78125,296.817832329909,284.73479828125,913.5914568125,162.399186046512,183.125,370.5,298.041569767442,316.625,762.75,10.0638569604087,10,10.5555555555556,7.77777777777778,31.3333333333333,31,31,32,3.46114545081116,3.49829032819435,3.65288745104373,2.95692571743565,15821,13422.125,3222.3325,205,3.335,0,32372.0625,32590.23,32594.855,32599.48,5.65155821470817,"Hazardous","Low",9.16936754497504,7.15880794304564,30.8100107581134,1.51685239597926,16.3873253245179,22.7938558681921,1.49529188355726,1.26651866080882,4.28245836580882,0.903533173719327,0.926980348124455,9.26602549754036,18.5320509950807,0.0185320509950807,1.85320509950807e-05,1.85320509950807e-08,0,0,0
"B10B_B",9,1,"FASMEE23","Button","Smoke","CW/KOH",20240912,20250505,"LL","1000x","91-99","mostly circles","B10B","F23_B",2023-10-11,2023-10-10 18:25:00,2023-10-11 00:25:00,3,"Blue","PTFE",4,60,15,2023-10-11 00:25:00,2023-10-11 00:40:00,"Partial smoke at best","B10",30,0.03,0,1,-3.50655789731998,0.10625,0.89375,10,7225,240833.333333333,6457.34375,215244.791666667,102368.277994792,123050.78125,296.817832329909,284.73479828125,913.5914568125,162.399186046512,183.125,370.5,298.041569767442,316.625,762.75,10.0638569604087,10,10.5555555555556,7.77777777777778,31.3333333333333,31,31,32,3.46114545081116,3.49829032819435,3.65288745104373,2.95692571743565,15821,13422.125,3222.3325,205,3.335,0,32372.0625,32590.23,32594.855,32599.48,5.65155821470817,"Hazardous","Low",9.16936754497504,7.15880794304564,30.8100107581134,1.51685239597926,16.3873253245179,22.7938558681921,1.49529188355726,1.26651866080882,4.28245836580882,0.903533173719327,0.926980348124455,9.26602549754036,18.5320509950807,0.0185320509950807,1.85320509950807e-05,1.85320509950807e-08,5523850437383.59,5523850437.38359,5523.85043738359
"B10B_B",10,7,"FASMEE23","Button","Smoke","CW/KOH",20240912,20250505,"LL","1000x","91-99","mostly circles","B10B","F23_B",2023-10-11,2023-10-10 18:25:00,2023-10-11 00:25:00,3,"Blue","PTFE",4,60,15,2023-10-11 00:25:00,2023-10-11 00:40:00,"Partial smoke at best","B10",30,0.03,0,7,-3.50655789731998,0.10625,6.89375,10,50575,1685833.33333333,49807.34375,1660244.79166667,1547368.27799479,123050.78125,296.817832329909,284.73479828125,913.5914568125,162.399186046512,183.125,370.5,298.041569767442,316.625,762.75,10.0638569604087,10,10.5555555555556,7.77777777777778,31.3333333333333,31,31,32,3.46114545081116,3.49829032819435,3.65288745104373,2.95692571743565,15821,13422.125,3222.3325,205,3.335,0,32372.0625,32590.23,32594.855,32599.48,5.65155821470817,"Hazardous","Low",9.16936754497504,7.15880794304564,30.8100107581134,1.51685239597926,16.3873253245179,22.7938558681921,1.49529188355726,1.26651866080882,4.28245836580882,0.903533173719327,0.926980348124455,9.26602549754036,18.5320509950807,0.0185320509950807,1.85320509950807e-05,1.85320509950807e-08,83496871361164.3,83496871361.1643,83496.8713611643
"B10B_B",11,5,"FASMEE23","Button","Smoke","CW/KOH",20240912,20250505,"LL","1000x","91-99","mostly circles","B10B","F23_B",2023-10-11,2023-10-10 18:25:00,2023-10-11 00:25:00,3,"Blue","PTFE",4,60,15,2023-10-11 00:25:00,2023-10-11 00:40:00,"Partial smoke at best","B10",30,0.03,0,5,-3.50655789731998,0.10625,4.89375,10,36125,1204166.66666667,35357.34375,1178578.125,1065701.61132812,123050.78125,296.817832329909,284.73479828125,913.5914568125,162.399186046512,183.125,370.5,298.041569767442,316.625,762.75,10.0638569604087,10,10.5555555555556,7.77777777777778,31.3333333333333,31,31,32,3.46114545081116,3.49829032819435,3.65288745104373,2.95692571743565,15821,13422.125,3222.3325,205,3.335,0,32372.0625,32590.23,32594.855,32599.48,5.65155821470817,"Hazardous","Low",9.16936754497504,7.15880794304564,30.8100107581134,1.51685239597926,16.3873253245179,22.7938558681921,1.49529188355726,1.26651866080882,4.28245836580882,0.903533173719327,0.926980348124455,9.26602549754036,18.5320509950807,0.0185320509950807,1.85320509950807e-05,1.85320509950807e-08,57505864386570.7,57505864386.5707,57505.8643865707
"B10B_B",12,1,"FASMEE23","Button","Smoke","CW/KOH",20240912,20250505,"LL","1000x","91-99","mostly circles","B10B","F23_B",2023-10-11,2023-10-10 18:25:00,2023-10-11 00:25:00,3,"Blue","PTFE",4,60,15,2023-10-11 00:25:00,2023-10-11 00:40:00,"Partial smoke at best","B10",30,0.03,0,1,-3.50655789731998,0.10625,0.89375,10,7225,240833.333333333,6457.34375,215244.791666667,102368.277994792,123050.78125,296.817832329909,284.73479828125,913.5914568125,162.399186046512,183.125,370.5,298.041569767442,316.625,762.75,10.0638569604087,10,10.5555555555556,7.77777777777778,31.3333333333333,31,31,32,3.46114545081116,3.49829032819435,3.65288745104373,2.95692571743565,15821,13422.125,3222.3325,205,3.335,0,32372.0625,32590.23,32594.855,32599.48,5.65155821470817,"Hazardous","Low",9.16936754497504,7.15880794304564,30.8100107581134,1.51685239597926,16.3873253245179,22.7938558681921,1.49529188355726,1.26651866080882,4.28245836580882,0.903533173719327,0.926980348124455,9.26602549754036,18.5320509950807,0.0185320509950807,1.85320509950807e-05,1.85320509950807e-08,5523850437383.59,5523850437.38359,5523.85043738359
"B10B_B",13,5,"FASMEE23","Button","Smoke","CW/KOH",20240912,20250505,"LL","1000x","91-99","mostly circles","B10B","F23_B",2023-10-11,2023-10-10 18:25:00,2023-10-11 00:25:00,3,"Blue","PTFE",4,60,15,2023-10-11 00:25:00,2023-10-11 00:40:00,"Partial smoke at best","B10",30,0.03,0,5,-3.50655789731998,0.10625,4.89375,10,36125,1204166.66666667,35357.34375,1178578.125,1065701.61132812,123050.78125,296.817832329909,284.73479828125,913.5914568125,162.399186046512,183.125,370.5,298.041569767442,316.625,762.75,10.0638569604087,10,10.5555555555556,7.77777777777778,31.3333333333333,31,31,32,3.46114545081116,3.49829032819435,3.65288745104373,2.95692571743565,15821,13422.125,3222.3325,205,3.335,0,32372.0625,32590.23,32594.855,32599.48,5.65155821470817,"Hazardous","Low",9.16936754497504,7.15880794304564,30.8100107581134,1.51685239597926,16.3873253245179,22.7938558681921,1.49529188355726,1.26651866080882,4.28245836580882,0.903533173719327,0.926980348124455,9.26602549754036,18.5320509950807,0.0185320509950807,1.85320509950807e-05,1.85320509950807e-08,57505864386570.7,57505864386.5707,57505.8643865707
"B10B_B",14,2,"FASMEE23","Button","Smoke","CW/KOH",20240912,20250505,"LL","1000x","91-99","mostly circles","B10B","F23_B",2023-10-11,2023-10-10 18:25:00,2023-10-11 00:25:00,3,"Blue","PTFE",4,60,15,2023-10-11 00:25:00,2023-10-11 00:40:00,"Partial smoke at best","B10",30,0.03,0,2,-3.50655789731998,0.10625,1.89375,10,14450,481666.666666667,13682.34375,456078.125,343201.611328125,123050.78125,296.817832329909,284.73479828125,913.5914568125,162.399186046512,183.125,370.5,298.041569767442,316.625,762.75,10.0638569604087,10,10.5555555555556,7.77777777777778,31.3333333333333,31,31,32,3.46114545081116,3.49829032819435,3.65288745104373,2.95692571743565,15821,13422.125,3222.3325,205,3.335,0,32372.0625,32590.23,32594.855,32599.48,5.65155821470817,"Hazardous","Low",9.16936754497504,7.15880794304564,30.8100107581134,1.51685239597926,16.3873253245179,22.7938558681921,1.49529188355726,1.26651866080882,4.28245836580882,0.903533173719327,0.926980348124455,9.26602549754036,18.5320509950807,0.0185320509950807,1.85320509950807e-05,1.85320509950807e-08,18519353924680.4,18519353924.6804,18519.3539246804
"B10B_B",15,0,"FASMEE23","Button","Smoke","CW/KOH",20240912,20250505,"LL","1000x","91-99","mostly circles","B10B","F23_B",2023-10-11,2023-10-10 18:25:00,2023-10-11 00:25:00,3,"Blue","PTFE",4,60,15,2023-10-11 00:25:00,2023-10-11 00:40:00,"Partial smoke at best","B10",30,0.03,0,0,-3.50655789731998,0.10625,0,10,0,0,0,0,0,123050.78125,296.817832329909,284.73479828125,913.5914568125,162.399186046512,183.125,370.5,298.041569767442,316.625,762.75,10.0638569604087,10,10.5555555555556,7.77777777777778,31.3333333333333,31,31,32,3.46114545081116,3.49829032819435,3.65288745104373,2.95692571743565,15821,13422.125,3222.3325,205,3.335,0,32372.0625,32590.23,32594.855,32599.48,5.65155821470817,"Hazardous","Low",9.16936754497504,7.15880794304564,30.8100107581134,1.51685239597926,16.3873253245179,22.7938558681921,1.49529188355726,1.26651866080882,4.28245836580882,0.903533173719327,0.926980348124455,9.26602549754036,18.5320509950807,0.0185320509950807,1.85320509950807e-05,1.85320509950807e-08,0,0,0
"B10B_B",16,2,"FASMEE23","Button","Smoke","CW/KOH",20240912,20250505,"LL","1000x","91-99","mostly circles","B10B","F23_B",2023-10-11,2023-10-10 18:25:00,2023-10-11 00:25:00,3,"Blue","PTFE",4,60,15,2023-10-11 00:25:00,2023-10-11 00:40:00,"Partial smoke at best","B10",30,0.03,0,2,-3.50655789731998,0.10625,1.89375,10,14450,481666.666666667,13682.34375,456078.125,343201.611328125,123050.78125,296.817832329909,284.73479828125,913.5914568125,162.399186046512,183.125,370.5,298.041569767442,316.625,762.75,10.0638569604087,10,10.5555555555556,7.77777777777778,31.3333333333333,31,31,32,3.46114545081116,3.49829032819435,3.65288745104373,2.95692571743565,15821,13422.125,3222.3325,205,3.335,0,32372.0625,32590.23,32594.855,32599.48,5.65155821470817,"Hazardous","Low",9.16936754497504,7.15880794304564,30.8100107581134,1.51685239597926,16.3873253245179,22.7938558681921,1.49529188355726,1.26651866080882,4.28245836580882,0.903533173719327,0.926980348124455,9.26602549754036,18.5320509950807,0.0185320509950807,1.85320509950807e-05,1.85320509950807e-08,18519353924680.4,18519353924.6804,18519.3539246804
"B10B_B",17,8,"FASMEE23","Button","Smoke","CW/KOH",20240912,20250505,"LL","1000x","91-99","mostly circles","B10B","F23_B",2023-10-11,2023-10-10 18:25:00,2023-10-11 00:25:00,3,"Blue","PTFE",4,60,15,2023-10-11 00:25:00,2023-10-11 00:40:00,"Partial smoke at best","B10",30,0.03,0,8,-3.50655789731998,0.10625,7.89375,10,57800,1926666.66666667,57032.34375,1901078.125,1788201.61132812,123050.78125,296.817832329909,284.73479828125,913.5914568125,162.399186046512,183.125,370.5,298.041569767442,316.625,762.75,10.0638569604087,10,10.5555555555556,7.77777777777778,31.3333333333333,31,31,32,3.46114545081116,3.49829032819435,3.65288745104373,2.95692571743565,15821,13422.125,3222.3325,205,3.335,0,32372.0625,32590.23,32594.855,32599.48,5.65155821470817,"Hazardous","Low",9.16936754497504,7.15880794304564,30.8100107581134,1.51685239597926,16.3873253245179,22.7938558681921,1.49529188355726,1.26651866080882,4.28245836580882,0.903533173719327,0.926980348124455,9.26602549754036,18.5320509950807,0.0185320509950807,1.85320509950807e-05,1.85320509950807e-08,96492374848461.1,96492374848.4611,96492.3748484611
"B10B_B",18,3,"FASMEE23","Button","Smoke","CW/KOH",20240912,20250505,"LL","1000x","91-99","mostly circles","B10B","F23_B",2023-10-11,2023-10-10 18:25:00,2023-10-11 00:25:00,3,"Blue","PTFE",4,60,15,2023-10-11 00:25:00,2023-10-11 00:40:00,"Partial smoke at best","B10",30,0.03,0,3,-3.50655789731998,0.10625,2.89375,10,21675,722500,20907.34375,696911.458333333,584034.944661458,123050.78125,296.817832329909,284.73479828125,913.5914568125,162.399186046512,183.125,370.5,298.041569767442,316.625,762.75,10.0638569604087,10,10.5555555555556,7.77777777777778,31.3333333333333,31,31,32,3.46114545081116,3.49829032819435,3.65288745104373,2.95692571743565,15821,13422.125,3222.3325,205,3.335,0,32372.0625,32590.23,32594.855,32599.48,5.65155821470817,"Hazardous","Low",9.16936754497504,7.15880794304564,30.8100107581134,1.51685239597926,16.3873253245179,22.7938558681921,1.49529188355726,1.26651866080882,4.28245836580882,0.903533173719327,0.926980348124455,9.26602549754036,18.5320509950807,0.0185320509950807,1.85320509950807e-05,1.85320509950807e-08,31514857411977.2,31514857411.9772,31514.8574119772
"B10B_B",19,2,"FASMEE23","Button","Smoke","CW/KOH",20240912,20250505,"LL","1000x","91-99","mostly circles","B10B","F23_B",2023-10-11,2023-10-10 18:25:00,2023-10-11 00:25:00,3,"Blue","PTFE",4,60,15,2023-10-11 00:25:00,2023-10-11 00:40:00,"Partial smoke at best","B10",30,0.03,0,2,-3.50655789731998,0.10625,1.89375,10,14450,481666.666666667,13682.34375,456078.125,343201.611328125,123050.78125,296.817832329909,284.73479828125,913.5914568125,162.399186046512,183.125,370.5,298.041569767442,316.625,762.75,10.0638569604087,10,10.5555555555556,7.77777777777778,31.3333333333333,31,31,32,3.46114545081116,3.49829032819435,3.65288745104373,2.95692571743565,15821,13422.125,3222.3325,205,3.335,0,32372.0625,32590.23,32594.855,32599.48,5.65155821470817,"Hazardous","Low",9.16936754497504,7.15880794304564,30.8100107581134,1.51685239597926,16.3873253245179,22.7938558681921,1.49529188355726,1.26651866080882,4.28245836580882,0.903533173719327,0.926980348124455,9.26602549754036,18.5320509950807,0.0185320509950807,1.85320509950807e-05,1.85320509950807e-08,18519353924680.4,18519353924.6804,18519.3539246804
"B10B_B",20,1,"FASMEE23","Button","Smoke","CW/KOH",20240912,20250505,"LL","1000x","91-99","mostly circles","B10B","F23_B",2023-10-11,2023-10-10 18:25:00,2023-10-11 00:25:00,3,"Blue","PTFE",4,60,15,2023-10-11 00:25:00,2023-10-11 00:40:00,"Partial smoke at best","B10",30,0.03,0,1,-3.50655789731998,0.10625,0.89375,10,7225,240833.333333333,6457.34375,215244.791666667,102368.277994792,123050.78125,296.817832329909,284.73479828125,913.5914568125,162.399186046512,183.125,370.5,298.041569767442,316.625,762.75,10.0638569604087,10,10.5555555555556,7.77777777777778,31.3333333333333,31,31,32,3.46114545081116,3.49829032819435,3.65288745104373,2.95692571743565,15821,13422.125,3222.3325,205,3.335,0,32372.0625,32590.23,32594.855,32599.48,5.65155821470817,"Hazardous","Low",9.16936754497504,7.15880794304564,30.8100107581134,1.51685239597926,16.3873253245179,22.7938558681921,1.49529188355726,1.26651866080882,4.28245836580882,0.903533173719327,0.926980348124455,9.26602549754036,18.5320509950807,0.0185320509950807,1.85320509950807e-05,1.85320509950807e-08,5523850437383.59,5523850437.38359,5523.85043738359
"B10B_B",21,1,"FASMEE23","Button","Smoke","CW/KOH",20240912,20250505,"LL","1000x","91-99","mostly circles","B10B","F23_B",2023-10-11,2023-10-10 18:25:00,2023-10-11 00:25:00,3,"Blue","PTFE",4,60,15,2023-10-11 00:25:00,2023-10-11 00:40:00,"Partial smoke at best","B10",30,0.03,0,1,-3.50655789731998,0.10625,0.89375,10,7225,240833.333333333,6457.34375,215244.791666667,102368.277994792,123050.78125,296.817832329909,284.73479828125,913.5914568125,162.399186046512,183.125,370.5,298.041569767442,316.625,762.75,10.0638569604087,10,10.5555555555556,7.77777777777778,31.3333333333333,31,31,32,3.46114545081116,3.49829032819435,3.65288745104373,2.95692571743565,15821,13422.125,3222.3325,205,3.335,0,32372.0625,32590.23,32594.855,32599.48,5.65155821470817,"Hazardous","Low",9.16936754497504,7.15880794304564,30.8100107581134,1.51685239597926,16.3873253245179,22.7938558681921,1.49529188355726,1.26651866080882,4.28245836580882,0.903533173719327,0.926980348124455,9.26602549754036,18.5320509950807,0.0185320509950807,1.85320509950807e-05,1.85320509950807e-08,5523850437383.59,5523850437.38359,5523.85043738359
"B10B_B",22,2,"FASMEE23","Button","Smoke","CW/KOH",20240912,20250505,"LL","1000x","91-99","mostly circles","B10B","F23_B",2023-10-11,2023-10-10 18:25:00,2023-10-11 00:25:00,3,"Blue","PTFE",4,60,15,2023-10-11 00:25:00,2023-10-11 00:40:00,"Partial smoke at best","B10",30,0.03,0,2,-3.50655789731998,0.10625,1.89375,10,14450,481666.666666667,13682.34375,456078.125,343201.611328125,123050.78125,296.817832329909,284.73479828125,913.5914568125,162.399186046512,183.125,370.5,298.041569767442,316.625,762.75,10.0638569604087,10,10.5555555555556,7.77777777777778,31.3333333333333,31,31,32,3.46114545081116,3.49829032819435,3.65288745104373,2.95692571743565,15821,13422.125,3222.3325,205,3.335,0,32372.0625,32590.23,32594.855,32599.48,5.65155821470817,"Hazardous","Low",9.16936754497504,7.15880794304564,30.8100107581134,1.51685239597926,16.3873253245179,22.7938558681921,1.49529188355726,1.26651866080882,4.28245836580882,0.903533173719327,0.926980348124455,9.26602549754036,18.5320509950807,0.0185320509950807,1.85320509950807e-05,1.85320509950807e-08,18519353924680.4,18519353924.6804,18519.3539246804
"B10B_B",23,1,"FASMEE23","Button","Smoke","CW/KOH",20240912,20250505,"LL","1000x","91-99","mostly circles","B10B","F23_B",2023-10-11,2023-10-10 18:25:00,2023-10-11 00:25:00,3,"Blue","PTFE",4,60,15,2023-10-11 00:25:00,2023-10-11 00:40:00,"Partial smoke at best","B10",30,0.03,0,1,-3.50655789731998,0.10625,0.89375,10,7225,240833.333333333,6457.34375,215244.791666667,102368.277994792,123050.78125,296.817832329909,284.73479828125,913.5914568125,162.399186046512,183.125,370.5,298.041569767442,316.625,762.75,10.0638569604087,10,10.5555555555556,7.77777777777778,31.3333333333333,31,31,32,3.46114545081116,3.49829032819435,3.65288745104373,2.95692571743565,15821,13422.125,3222.3325,205,3.335,0,32372.0625,32590.23,32594.855,32599.48,5.65155821470817,"Hazardous","Low",9.16936754497504,7.15880794304564,30.8100107581134,1.51685239597926,16.3873253245179,22.7938558681921,1.49529188355726,1.26651866080882,4.28245836580882,0.903533173719327,0.926980348124455,9.26602549754036,18.5320509950807,0.0185320509950807,1.85320509950807e-05,1.85320509950807e-08,5523850437383.59,5523850437.38359,5523.85043738359
"B10B_B",24,3,"FASMEE23","Button","Smoke","CW/KOH",20240912,20250505,"LL","1000x","91-99","mostly circles","B10B","F23_B",2023-10-11,2023-10-10 18:25:00,2023-10-11 00:25:00,3,"Blue","PTFE",4,60,15,2023-10-11 00:25:00,2023-10-11 00:40:00,"Partial smoke at best","B10",30,0.03,0,3,-3.50655789731998,0.10625,2.89375,10,21675,722500,20907.34375,696911.458333333,584034.944661458,123050.78125,296.817832329909,284.73479828125,913.5914568125,162.399186046512,183.125,370.5,298.041569767442,316.625,762.75,10.0638569604087,10,10.5555555555556,7.77777777777778,31.3333333333333,31,31,32,3.46114545081116,3.49829032819435,3.65288745104373,2.95692571743565,15821,13422.125,3222.3325,205,3.335,0,32372.0625,32590.23,32594.855,32599.48,5.65155821470817,"Hazardous","Low",9.16936754497504,7.15880794304564,30.8100107581134,1.51685239597926,16.3873253245179,22.7938558681921,1.49529188355726,1.26651866080882,4.28245836580882,0.903533173719327,0.926980348124455,9.26602549754036,18.5320509950807,0.0185320509950807,1.85320509950807e-05,1.85320509950807e-08,31514857411977.2,31514857411.9772,31514.8574119772
"B10B_B",25,3,"FASMEE23","Button","Smoke","CW/KOH",20240912,20250505,"LL","1000x","91-99","mostly circles","B10B","F23_B",2023-10-11,2023-10-10 18:25:00,2023-10-11 00:25:00,3,"Blue","PTFE",4,60,15,2023-10-11 00:25:00,2023-10-11 00:40:00,"Partial smoke at best","B10",30,0.03,0,3,-3.50655789731998,0.10625,2.89375,10,21675,722500,20907.34375,696911.458333333,584034.944661458,123050.78125,296.817832329909,284.73479828125,913.5914568125,162.399186046512,183.125,370.5,298.041569767442,316.625,762.75,10.0638569604087,10,10.5555555555556,7.77777777777778,31.3333333333333,31,31,32,3.46114545081116,3.49829032819435,3.65288745104373,2.95692571743565,15821,13422.125,3222.3325,205,3.335,0,32372.0625,32590.23,32594.855,32599.48,5.65155821470817,"Hazardous","Low",9.16936754497504,7.15880794304564,30.8100107581134,1.51685239597926,16.3873253245179,22.7938558681921,1.49529188355726,1.26651866080882,4.28245836580882,0.903533173719327,0.926980348124455,9.26602549754036,18.5320509950807,0.0185320509950807,1.85320509950807e-05,1.85320509950807e-08,31514857411977.2,31514857411.9772,31514.8574119772
"B10B_B",26,1,"FASMEE23","Button","Smoke","CW/KOH",20240912,20250505,"LL","1000x","91-99","mostly circles","B10B","F23_B",2023-10-11,2023-10-10 18:25:00,2023-10-11 00:25:00,3,"Blue","PTFE",4,60,15,2023-10-11 00:25:00,2023-10-11 00:40:00,"Partial smoke at best","B10",30,0.03,0,1,-3.50655789731998,0.10625,0.89375,10,7225,240833.333333333,6457.34375,215244.791666667,102368.277994792,123050.78125,296.817832329909,284.73479828125,913.5914568125,162.399186046512,183.125,370.5,298.041569767442,316.625,762.75,10.0638569604087,10,10.5555555555556,7.77777777777778,31.3333333333333,31,31,32,3.46114545081116,3.49829032819435,3.65288745104373,2.95692571743565,15821,13422.125,3222.3325,205,3.335,0,32372.0625,32590.23,32594.855,32599.48,5.65155821470817,"Hazardous","Low",9.16936754497504,7.15880794304564,30.8100107581134,1.51685239597926,16.3873253245179,22.7938558681921,1.49529188355726,1.26651866080882,4.28245836580882,0.903533173719327,0.926980348124455,9.26602549754036,18.5320509950807,0.0185320509950807,1.85320509950807e-05,1.85320509950807e-08,5523850437383.59,5523850437.38359,5523.85043738359
"B10B_B",27,1,"FASMEE23","Button","Smoke","CW/KOH",20240912,20250505,"LL","1000x","91-99","mostly circles","B10B","F23_B",2023-10-11,2023-10-10 18:25:00,2023-10-11 00:25:00,3,"Blue","PTFE",4,60,15,2023-10-11 00:25:00,2023-10-11 00:40:00,"Partial smoke at best","B10",30,0.03,0,1,-3.50655789731998,0.10625,0.89375,10,7225,240833.333333333,6457.34375,215244.791666667,102368.277994792,123050.78125,296.817832329909,284.73479828125,913.5914568125,162.399186046512,183.125,370.5,298.041569767442,316.625,762.75,10.0638569604087,10,10.5555555555556,7.77777777777778,31.3333333333333,31,31,32,3.46114545081116,3.49829032819435,3.65288745104373,2.95692571743565,15821,13422.125,3222.3325,205,3.335,0,32372.0625,32590.23,32594.855,32599.48,5.65155821470817,"Hazardous","Low",9.16936754497504,7.15880794304564,30.8100107581134,1.51685239597926,16.3873253245179,22.7938558681921,1.49529188355726,1.26651866080882,4.28245836580882,0.903533173719327,0.926980348124455,9.26602549754036,18.5320509950807,0.0185320509950807,1.85320509950807e-05,1.85320509950807e-08,5523850437383.59,5523850437.38359,5523.85043738359
"B10B_B",28,6,"FASMEE23","Button","Smoke","CW/KOH",20240912,20250505,"LL","1000x","91-99","mostly circles","B10B","F23_B",2023-10-11,2023-10-10 18:25:00,2023-10-11 00:25:00,3,"Blue","PTFE",4,60,15,2023-10-11 00:25:00,2023-10-11 00:40:00,"Partial smoke at best","B10",30,0.03,0,6,-3.50655789731998,0.10625,5.89375,10,43350,1445000,42582.34375,1419411.45833333,1306534.94466146,123050.78125,296.817832329909,284.73479828125,913.5914568125,162.399186046512,183.125,370.5,298.041569767442,316.625,762.75,10.0638569604087,10,10.5555555555556,7.77777777777778,31.3333333333333,31,31,32,3.46114545081116,3.49829032819435,3.65288745104373,2.95692571743565,15821,13422.125,3222.3325,205,3.335,0,32372.0625,32590.23,32594.855,32599.48,5.65155821470817,"Hazardous","Low",9.16936754497504,7.15880794304564,30.8100107581134,1.51685239597926,16.3873253245179,22.7938558681921,1.49529188355726,1.26651866080882,4.28245836580882,0.903533173719327,0.926980348124455,9.26602549754036,18.5320509950807,0.0185320509950807,1.85320509950807e-05,1.85320509950807e-08,70501367873867.5,70501367873.8675,70501.3678738675
"B10B_B",29,0,"FASMEE23","Button","Smoke","CW/KOH",20240912,20250505,"LL","1000x","91-99","mostly circles","B10B","F23_B",2023-10-11,2023-10-10 18:25:00,2023-10-11 00:25:00,3,"Blue","PTFE",4,60,15,2023-10-11 00:25:00,2023-10-11 00:40:00,"Partial smoke at best","B10",30,0.03,0,0,-3.50655789731998,0.10625,0,10,0,0,0,0,0,123050.78125,296.817832329909,284.73479828125,913.5914568125,162.399186046512,183.125,370.5,298.041569767442,316.625,762.75,10.0638569604087,10,10.5555555555556,7.77777777777778,31.3333333333333,31,31,32,3.46114545081116,3.49829032819435,3.65288745104373,2.95692571743565,15821,13422.125,3222.3325,205,3.335,0,32372.0625,32590.23,32594.855,32599.48,5.65155821470817,"Hazardous","Low",9.16936754497504,7.15880794304564,30.8100107581134,1.51685239597926,16.3873253245179,22.7938558681921,1.49529188355726,1.26651866080882,4.28245836580882,0.903533173719327,0.926980348124455,9.26602549754036,18.5320509950807,0.0185320509950807,1.85320509950807e-05,1.85320509950807e-08,0,0,0
"B10B_B",30,2,"FASMEE23","Button","Smoke","CW/KOH",20240912,20250505,"LL","1000x","91-99","mostly circles","B10B","F23_B",2023-10-11,2023-10-10 18:25:00,2023-10-11 00:25:00,3,"Blue","PTFE",4,60,15,2023-10-11 00:25:00,2023-10-11 00:40:00,"Partial smoke at best","B10",30,0.03,0,2,-3.50655789731998,0.10625,1.89375,10,14450,481666.666666667,13682.34375,456078.125,343201.611328125,123050.78125,296.817832329909,284.73479828125,913.5914568125,162.399186046512,183.125,370.5,298.041569767442,316.625,762.75,10.0638569604087,10,10.5555555555556,7.77777777777778,31.3333333333333,31,31,32,3.46114545081116,3.49829032819435,3.65288745104373,2.95692571743565,15821,13422.125,3222.3325,205,3.335,0,32372.0625,32590.23,32594.855,32599.48,5.65155821470817,"Hazardous","Low",9.16936754497504,7.15880794304564,30.8100107581134,1.51685239597926,16.3873253245179,22.7938558681921,1.49529188355726,1.26651866080882,4.28245836580882,0.903533173719327,0.926980348124455,9.26602549754036,18.5320509950807,0.0185320509950807,1.85320509950807e-05,1.85320509950807e-08,18519353924680.4,18519353924.6804,18519.3539246804
"B10B_B",31,0,"FASMEE23","Button","Smoke","CW/KOH",20240912,20250505,"LL","1000x","91-99","mostly circles","B10B","F23_B",2023-10-11,2023-10-10 18:25:00,2023-10-11 00:25:00,3,"Blue","PTFE",4,60,15,2023-10-11 00:25:00,2023-10-11 00:40:00,"Partial smoke at best","B10",30,0.03,0,0,-3.50655789731998,0.10625,0,10,0,0,0,0,0,123050.78125,296.817832329909,284.73479828125,913.5914568125,162.399186046512,183.125,370.5,298.041569767442,316.625,762.75,10.0638569604087,10,10.5555555555556,7.77777777777778,31.3333333333333,31,31,32,3.46114545081116,3.49829032819435,3.65288745104373,2.95692571743565,15821,13422.125,3222.3325,205,3.335,0,32372.0625,32590.23,32594.855,32599.48,5.65155821470817,"Hazardous","Low",9.16936754497504,7.15880794304564,30.8100107581134,1.51685239597926,16.3873253245179,22.7938558681921,1.49529188355726,1.26651866080882,4.28245836580882,0.903533173719327,0.926980348124455,9.26602549754036,18.5320509950807,0.0185320509950807,1.85320509950807e-05,1.85320509950807e-08,0,0,0
"B10B_B",32,1,"FASMEE23","Button","Smoke","CW/KOH",20240912,20250505,"LL","1000x","91-99","mostly circles","B10B","F23_B",2023-10-11,2023-10-10 18:25:00,2023-10-11 00:25:00,3,"Blue","PTFE",4,60,15,2023-10-11 00:25:00,2023-10-11 00:40:00,"Partial smoke at best","B10",30,0.03,0,1,-3.50655789731998,0.10625,0.89375,10,7225,240833.333333333,6457.34375,215244.791666667,102368.277994792,123050.78125,296.817832329909,284.73479828125,913.5914568125,162.399186046512,183.125,370.5,298.041569767442,316.625,762.75,10.0638569604087,10,10.5555555555556,7.77777777777778,31.3333333333333,31,31,32,3.46114545081116,3.49829032819435,3.65288745104373,2.95692571743565,15821,13422.125,3222.3325,205,3.335,0,32372.0625,32590.23,32594.855,32599.48,5.65155821470817,"Hazardous","Low",9.16936754497504,7.15880794304564,30.8100107581134,1.51685239597926,16.3873253245179,22.7938558681921,1.49529188355726,1.26651866080882,4.28245836580882,0.903533173719327,0.926980348124455,9.26602549754036,18.5320509950807,0.0185320509950807,1.85320509950807e-05,1.85320509950807e-08,5523850437383.59,5523850437.38359,5523.85043738359
"B10B_B",33,3,"FASMEE23","Button","Smoke","CW/KOH",20240912,20250505,"LL","1000x","91-99","mostly circles","B10B","F23_B",2023-10-11,2023-10-10 18:25:00,2023-10-11 00:25:00,3,"Blue","PTFE",4,60,15,2023-10-11 00:25:00,2023-10-11 00:40:00,"Partial smoke at best","B10",30,0.03,0,3,-3.50655789731998,0.10625,2.89375,10,21675,722500,20907.34375,696911.458333333,584034.944661458,123050.78125,296.817832329909,284.73479828125,913.5914568125,162.399186046512,183.125,370.5,298.041569767442,316.625,762.75,10.0638569604087,10,10.5555555555556,7.77777777777778,31.3333333333333,31,31,32,3.46114545081116,3.49829032819435,3.65288745104373,2.95692571743565,15821,13422.125,3222.3325,205,3.335,0,32372.0625,32590.23,32594.855,32599.48,5.65155821470817,"Hazardous","Low",9.16936754497504,7.15880794304564,30.8100107581134,1.51685239597926,16.3873253245179,22.7938558681921,1.49529188355726,1.26651866080882,4.28245836580882,0.903533173719327,0.926980348124455,9.26602549754036,18.5320509950807,0.0185320509950807,1.85320509950807e-05,1.85320509950807e-08,31514857411977.2,31514857411.9772,31514.8574119772
"B10B_B",34,5,"FASMEE23","Button","Smoke","CW/KOH",20240912,20250505,"LL","1000x","91-99","mostly circles","B10B","F23_B",2023-10-11,2023-10-10 18:25:00,2023-10-11 00:25:00,3,"Blue","PTFE",4,60,15,2023-10-11 00:25:00,2023-10-11 00:40:00,"Partial smoke at best","B10",30,0.03,0,5,-3.50655789731998,0.10625,4.89375,10,36125,1204166.66666667,35357.34375,1178578.125,1065701.61132812,123050.78125,296.817832329909,284.73479828125,913.5914568125,162.399186046512,183.125,370.5,298.041569767442,316.625,762.75,10.0638569604087,10,10.5555555555556,7.77777777777778,31.3333333333333,31,31,32,3.46114545081116,3.49829032819435,3.65288745104373,2.95692571743565,15821,13422.125,3222.3325,205,3.335,0,32372.0625,32590.23,32594.855,32599.48,5.65155821470817,"Hazardous","Low",9.16936754497504,7.15880794304564,30.8100107581134,1.51685239597926,16.3873253245179,22.7938558681921,1.49529188355726,1.26651866080882,4.28245836580882,0.903533173719327,0.926980348124455,9.26602549754036,18.5320509950807,0.0185320509950807,1.85320509950807e-05,1.85320509950807e-08,57505864386570.7,57505864386.5707,57505.8643865707
"B10B_B",35,1,"FASMEE23","Button","Smoke","CW/KOH",20240912,20250505,"LL","1000x","91-99","mostly circles","B10B","F23_B",2023-10-11,2023-10-10 18:25:00,2023-10-11 00:25:00,3,"Blue","PTFE",4,60,15,2023-10-11 00:25:00,2023-10-11 00:40:00,"Partial smoke at best","B10",30,0.03,0,1,-3.50655789731998,0.10625,0.89375,10,7225,240833.333333333,6457.34375,215244.791666667,102368.277994792,123050.78125,296.817832329909,284.73479828125,913.5914568125,162.399186046512,183.125,370.5,298.041569767442,316.625,762.75,10.0638569604087,10,10.5555555555556,7.77777777777778,31.3333333333333,31,31,32,3.46114545081116,3.49829032819435,3.65288745104373,2.95692571743565,15821,13422.125,3222.3325,205,3.335,0,32372.0625,32590.23,32594.855,32599.48,5.65155821470817,"Hazardous","Low",9.16936754497504,7.15880794304564,30.8100107581134,1.51685239597926,16.3873253245179,22.7938558681921,1.49529188355726,1.26651866080882,4.28245836580882,0.903533173719327,0.926980348124455,9.26602549754036,18.5320509950807,0.0185320509950807,1.85320509950807e-05,1.85320509950807e-08,5523850437383.59,5523850437.38359,5523.85043738359
"B10B_B",36,0,"FASMEE23","Button","Smoke","CW/KOH",20240912,20250505,"LL","1000x","91-99","mostly circles","B10B","F23_B",2023-10-11,2023-10-10 18:25:00,2023-10-11 00:25:00,3,"Blue","PTFE",4,60,15,2023-10-11 00:25:00,2023-10-11 00:40:00,"Partial smoke at best","B10",30,0.03,0,0,-3.50655789731998,0.10625,0,10,0,0,0,0,0,123050.78125,296.817832329909,284.73479828125,913.5914568125,162.399186046512,183.125,370.5,298.041569767442,316.625,762.75,10.0638569604087,10,10.5555555555556,7.77777777777778,31.3333333333333,31,31,32,3.46114545081116,3.49829032819435,3.65288745104373,2.95692571743565,15821,13422.125,3222.3325,205,3.335,0,32372.0625,32590.23,32594.855,32599.48,5.65155821470817,"Hazardous","Low",9.16936754497504,7.15880794304564,30.8100107581134,1.51685239597926,16.3873253245179,22.7938558681921,1.49529188355726,1.26651866080882,4.28245836580882,0.903533173719327,0.926980348124455,9.26602549754036,18.5320509950807,0.0185320509950807,1.85320509950807e-05,1.85320509950807e-08,0,0,0
"B10B_B",37,2,"FASMEE23","Button","Smoke","CW/KOH",20240912,20250505,"LL","1000x","91-99","mostly circles","B10B","F23_B",2023-10-11,2023-10-10 18:25:00,2023-10-11 00:25:00,3,"Blue","PTFE",4,60,15,2023-10-11 00:25:00,2023-10-11 00:40:00,"Partial smoke at best","B10",30,0.03,0,2,-3.50655789731998,0.10625,1.89375,10,14450,481666.666666667,13682.34375,456078.125,343201.611328125,123050.78125,296.817832329909,284.73479828125,913.5914568125,162.399186046512,183.125,370.5,298.041569767442,316.625,762.75,10.0638569604087,10,10.5555555555556,7.77777777777778,31.3333333333333,31,31,32,3.46114545081116,3.49829032819435,3.65288745104373,2.95692571743565,15821,13422.125,3222.3325,205,3.335,0,32372.0625,32590.23,32594.855,32599.48,5.65155821470817,"Hazardous","Low",9.16936754497504,7.15880794304564,30.8100107581134,1.51685239597926,16.3873253245179,22.7938558681921,1.49529188355726,1.26651866080882,4.28245836580882,0.903533173719327,0.926980348124455,9.26602549754036,18.5320509950807,0.0185320509950807,1.85320509950807e-05,1.85320509950807e-08,18519353924680.4,18519353924.6804,18519.3539246804
"B10B_B",38,4,"FASMEE23","Button","Smoke","CW/KOH",20240912,20250505,"LL","1000x","91-99","mostly circles","B10B","F23_B",2023-10-11,2023-10-10 18:25:00,2023-10-11 00:25:00,3,"Blue","PTFE",4,60,15,2023-10-11 00:25:00,2023-10-11 00:40:00,"Partial smoke at best","B10",30,0.03,0,4,-3.50655789731998,0.10625,3.89375,10,28900,963333.333333333,28132.34375,937744.791666667,824868.277994792,123050.78125,296.817832329909,284.73479828125,913.5914568125,162.399186046512,183.125,370.5,298.041569767442,316.625,762.75,10.0638569604087,10,10.5555555555556,7.77777777777778,31.3333333333333,31,31,32,3.46114545081116,3.49829032819435,3.65288745104373,2.95692571743565,15821,13422.125,3222.3325,205,3.335,0,32372.0625,32590.23,32594.855,32599.48,5.65155821470817,"Hazardous","Low",9.16936754497504,7.15880794304564,30.8100107581134,1.51685239597926,16.3873253245179,22.7938558681921,1.49529188355726,1.26651866080882,4.28245836580882,0.903533173719327,0.926980348124455,9.26602549754036,18.5320509950807,0.0185320509950807,1.85320509950807e-05,1.85320509950807e-08,44510360899273.9,44510360899.2739,44510.360899274
"B10B_B",39,6,"FASMEE23","Button","Smoke","CW/KOH",20240912,20250505,"LL","1000x","91-99","mostly circles","B10B","F23_B",2023-10-11,2023-10-10 18:25:00,2023-10-11 00:25:00,3,"Blue","PTFE",4,60,15,2023-10-11 00:25:00,2023-10-11 00:40:00,"Partial smoke at best","B10",30,0.03,0,6,-3.50655789731998,0.10625,5.89375,10,43350,1445000,42582.34375,1419411.45833333,1306534.94466146,123050.78125,296.817832329909,284.73479828125,913.5914568125,162.399186046512,183.125,370.5,298.041569767442,316.625,762.75,10.0638569604087,10,10.5555555555556,7.77777777777778,31.3333333333333,31,31,32,3.46114545081116,3.49829032819435,3.65288745104373,2.95692571743565,15821,13422.125,3222.3325,205,3.335,0,32372.0625,32590.23,32594.855,32599.48,5.65155821470817,"Hazardous","Low",9.16936754497504,7.15880794304564,30.8100107581134,1.51685239597926,16.3873253245179,22.7938558681921,1.49529188355726,1.26651866080882,4.28245836580882,0.903533173719327,0.926980348124455,9.26602549754036,18.5320509950807,0.0185320509950807,1.85320509950807e-05,1.85320509950807e-08,70501367873867.5,70501367873.8675,70501.3678738675
"B10B_B",40,3,"FASMEE23","Button","Smoke","CW/KOH",20240912,20250505,"LL","1000x","91-99","mostly circles","B10B","F23_B",2023-10-11,2023-10-10 18:25:00,2023-10-11 00:25:00,3,"Blue","PTFE",4,60,15,2023-10-11 00:25:00,2023-10-11 00:40:00,"Partial smoke at best","B10",30,0.03,0,3,-3.50655789731998,0.10625,2.89375,10,21675,722500,20907.34375,696911.458333333,584034.944661458,123050.78125,296.817832329909,284.73479828125,913.5914568125,162.399186046512,183.125,370.5,298.041569767442,316.625,762.75,10.0638569604087,10,10.5555555555556,7.77777777777778,31.3333333333333,31,31,32,3.46114545081116,3.49829032819435,3.65288745104373,2.95692571743565,15821,13422.125,3222.3325,205,3.335,0,32372.0625,32590.23,32594.855,32599.48,5.65155821470817,"Hazardous","Low",9.16936754497504,7.15880794304564,30.8100107581134,1.51685239597926,16.3873253245179,22.7938558681921,1.49529188355726,1.26651866080882,4.28245836580882,0.903533173719327,0.926980348124455,9.26602549754036,18.5320509950807,0.0185320509950807,1.85320509950807e-05,1.85320509950807e-08,31514857411977.2,31514857411.9772,31514.8574119772
"B2B_B",1,1,"FASMEE23","Button","Ambient","CW/KOH",20241210,20250506,"LL","1000x","105","a few, all circles ","B2B","F23_D",2023-10-08,2023-10-08 15:41:00,2023-10-08 21:41:00,1,"Blue","PTFE",4,40,10,2023-10-08 21:41:00,2023-10-08 21:51:00,"","B2",20,0.02,0,1,-3.91202300542815,0.10625,0.89375,2,7225,361250,6457.34375,322867.1875,NA,123050.78125,3.60333222222222,3.5088,4.643,0.0863888888888889,0,1,0.325648148148148,0,2,14.3103448275862,14.1666666666667,15.5555555555556,12.7777777777778,26.5862068965517,26,25,30,3.80315690124411,3.870117245036,4.03730877881372,3.5555960775929,392.8125,126.0625,0,0,0,0,521.5625,521.5625,521.5625,521.5625,1.25527409868149,"Good","None",NA,NA,NA,NA,NA,NA,NA,NA,NA,NA,NA,NA,NA,NA,NA,NA,NA,NA,NA
"B2B_B",2,3,"FASMEE23","Button","Ambient","CW/KOH",20241210,20250506,"LL","1000x","105","a few, all circles ","B2B","F23_D",2023-10-08,2023-10-08 15:41:00,2023-10-08 21:41:00,1,"Blue","PTFE",4,40,10,2023-10-08 21:41:00,2023-10-08 21:51:00,"","B2",20,0.02,0,3,-3.91202300542815,0.10625,2.89375,2,21675,1083750,20907.34375,1045367.1875,NA,123050.78125,3.60333222222222,3.5088,4.643,0.0863888888888889,0,1,0.325648148148148,0,2,14.3103448275862,14.1666666666667,15.5555555555556,12.7777777777778,26.5862068965517,26,25,30,3.80315690124411,3.870117245036,4.03730877881372,3.5555960775929,392.8125,126.0625,0,0,0,0,521.5625,521.5625,521.5625,521.5625,1.25527409868149,"Good","None",NA,NA,NA,NA,NA,NA,NA,NA,NA,NA,NA,NA,NA,NA,NA,NA,NA,NA,NA
"B2B_B",3,0,"FASMEE23","Button","Ambient","CW/KOH",20241210,20250506,"LL","1000x","105","a few, all circles ","B2B","F23_D",2023-10-08,2023-10-08 15:41:00,2023-10-08 21:41:00,1,"Blue","PTFE",4,40,10,2023-10-08 21:41:00,2023-10-08 21:51:00,"","B2",20,0.02,0,0,-3.91202300542815,0.10625,0,2,0,0,0,0,NA,123050.78125,3.60333222222222,3.5088,4.643,0.0863888888888889,0,1,0.325648148148148,0,2,14.3103448275862,14.1666666666667,15.5555555555556,12.7777777777778,26.5862068965517,26,25,30,3.80315690124411,3.870117245036,4.03730877881372,3.5555960775929,392.8125,126.0625,0,0,0,0,521.5625,521.5625,521.5625,521.5625,1.25527409868149,"Good","None",NA,NA,NA,NA,NA,NA,NA,NA,NA,NA,NA,NA,NA,NA,NA,NA,NA,NA,NA
"B2B_B",4,0,"FASMEE23","Button","Ambient","CW/KOH",20241210,20250506,"LL","1000x","105","a few, all circles ","B2B","F23_D",2023-10-08,2023-10-08 15:41:00,2023-10-08 21:41:00,1,"Blue","PTFE",4,40,10,2023-10-08 21:41:00,2023-10-08 21:51:00,"","B2",20,0.02,0,0,-3.91202300542815,0.10625,0,2,0,0,0,0,NA,123050.78125,3.60333222222222,3.5088,4.643,0.0863888888888889,0,1,0.325648148148148,0,2,14.3103448275862,14.1666666666667,15.5555555555556,12.7777777777778,26.5862068965517,26,25,30,3.80315690124411,3.870117245036,4.03730877881372,3.5555960775929,392.8125,126.0625,0,0,0,0,521.5625,521.5625,521.5625,521.5625,1.25527409868149,"Good","None",NA,NA,NA,NA,NA,NA,NA,NA,NA,NA,NA,NA,NA,NA,NA,NA,NA,NA,NA
"B2B_B",5,0,"FASMEE23","Button","Ambient","CW/KOH",20241210,20250506,"LL","1000x","105","a few, all circles ","B2B","F23_D",2023-10-08,2023-10-08 15:41:00,2023-10-08 21:41:00,1,"Blue","PTFE",4,40,10,2023-10-08 21:41:00,2023-10-08 21:51:00,"","B2",20,0.02,0,0,-3.91202300542815,0.10625,0,2,0,0,0,0,NA,123050.78125,3.60333222222222,3.5088,4.643,0.0863888888888889,0,1,0.325648148148148,0,2,14.3103448275862,14.1666666666667,15.5555555555556,12.7777777777778,26.5862068965517,26,25,30,3.80315690124411,3.870117245036,4.03730877881372,3.5555960775929,392.8125,126.0625,0,0,0,0,521.5625,521.5625,521.5625,521.5625,1.25527409868149,"Good","None",NA,NA,NA,NA,NA,NA,NA,NA,NA,NA,NA,NA,NA,NA,NA,NA,NA,NA,NA
"B2B_B",6,4,"FASMEE23","Button","Ambient","CW/KOH",20241210,20250506,"LL","1000x","105","a few, all circles ","B2B","F23_D",2023-10-08,2023-10-08 15:41:00,2023-10-08 21:41:00,1,"Blue","PTFE",4,40,10,2023-10-08 21:41:00,2023-10-08 21:51:00,"","B2",20,0.02,0,4,-3.91202300542815,0.10625,3.89375,2,28900,1445000,28132.34375,1406617.1875,NA,123050.78125,3.60333222222222,3.5088,4.643,0.0863888888888889,0,1,0.325648148148148,0,2,14.3103448275862,14.1666666666667,15.5555555555556,12.7777777777778,26.5862068965517,26,25,30,3.80315690124411,3.870117245036,4.03730877881372,3.5555960775929,392.8125,126.0625,0,0,0,0,521.5625,521.5625,521.5625,521.5625,1.25527409868149,"Good","None",NA,NA,NA,NA,NA,NA,NA,NA,NA,NA,NA,NA,NA,NA,NA,NA,NA,NA,NA
"B2B_B",7,1,"FASMEE23","Button","Ambient","CW/KOH",20241210,20250506,"LL","1000x","105","a few, all circles ","B2B","F23_D",2023-10-08,2023-10-08 15:41:00,2023-10-08 21:41:00,1,"Blue","PTFE",4,40,10,2023-10-08 21:41:00,2023-10-08 21:51:00,"","B2",20,0.02,0,1,-3.91202300542815,0.10625,0.89375,2,7225,361250,6457.34375,322867.1875,NA,123050.78125,3.60333222222222,3.5088,4.643,0.0863888888888889,0,1,0.325648148148148,0,2,14.3103448275862,14.1666666666667,15.5555555555556,12.7777777777778,26.5862068965517,26,25,30,3.80315690124411,3.870117245036,4.03730877881372,3.5555960775929,392.8125,126.0625,0,0,0,0,521.5625,521.5625,521.5625,521.5625,1.25527409868149,"Good","None",NA,NA,NA,NA,NA,NA,NA,NA,NA,NA,NA,NA,NA,NA,NA,NA,NA,NA,NA
"B2B_B",8,0,"FASMEE23","Button","Ambient","CW/KOH",20241210,20250506,"LL","1000x","105","a few, all circles ","B2B","F23_D",2023-10-08,2023-10-08 15:41:00,2023-10-08 21:41:00,1,"Blue","PTFE",4,40,10,2023-10-08 21:41:00,2023-10-08 21:51:00,"","B2",20,0.02,0,0,-3.91202300542815,0.10625,0,2,0,0,0,0,NA,123050.78125,3.60333222222222,3.5088,4.643,0.0863888888888889,0,1,0.325648148148148,0,2,14.3103448275862,14.1666666666667,15.5555555555556,12.7777777777778,26.5862068965517,26,25,30,3.80315690124411,3.870117245036,4.03730877881372,3.5555960775929,392.8125,126.0625,0,0,0,0,521.5625,521.5625,521.5625,521.5625,1.25527409868149,"Good","None",NA,NA,NA,NA,NA,NA,NA,NA,NA,NA,NA,NA,NA,NA,NA,NA,NA,NA,NA
"B2B_B",9,0,"FASMEE23","Button","Ambient","CW/KOH",20241210,20250506,"LL","1000x","105","a few, all circles ","B2B","F23_D",2023-10-08,2023-10-08 15:41:00,2023-10-08 21:41:00,1,"Blue","PTFE",4,40,10,2023-10-08 21:41:00,2023-10-08 21:51:00,"","B2",20,0.02,0,0,-3.91202300542815,0.10625,0,2,0,0,0,0,NA,123050.78125,3.60333222222222,3.5088,4.643,0.0863888888888889,0,1,0.325648148148148,0,2,14.3103448275862,14.1666666666667,15.5555555555556,12.7777777777778,26.5862068965517,26,25,30,3.80315690124411,3.870117245036,4.03730877881372,3.5555960775929,392.8125,126.0625,0,0,0,0,521.5625,521.5625,521.5625,521.5625,1.25527409868149,"Good","None",NA,NA,NA,NA,NA,NA,NA,NA,NA,NA,NA,NA,NA,NA,NA,NA,NA,NA,NA
"B2B_B",10,4,"FASMEE23","Button","Ambient","CW/KOH",20241210,20250506,"LL","1000x","105","a few, all circles ","B2B","F23_D",2023-10-08,2023-10-08 15:41:00,2023-10-08 21:41:00,1,"Blue","PTFE",4,40,10,2023-10-08 21:41:00,2023-10-08 21:51:00,"","B2",20,0.02,0,4,-3.91202300542815,0.10625,3.89375,2,28900,1445000,28132.34375,1406617.1875,NA,123050.78125,3.60333222222222,3.5088,4.643,0.0863888888888889,0,1,0.325648148148148,0,2,14.3103448275862,14.1666666666667,15.5555555555556,12.7777777777778,26.5862068965517,26,25,30,3.80315690124411,3.870117245036,4.03730877881372,3.5555960775929,392.8125,126.0625,0,0,0,0,521.5625,521.5625,521.5625,521.5625,1.25527409868149,"Good","None",NA,NA,NA,NA,NA,NA,NA,NA,NA,NA,NA,NA,NA,NA,NA,NA,NA,NA,NA
"B2B_B",11,1,"FASMEE23","Button","Ambient","CW/KOH",20241210,20250506,"LL","1000x","105","a few, all circles ","B2B","F23_D",2023-10-08,2023-10-08 15:41:00,2023-10-08 21:41:00,1,"Blue","PTFE",4,40,10,2023-10-08 21:41:00,2023-10-08 21:51:00,"","B2",20,0.02,0,1,-3.91202300542815,0.10625,0.89375,2,7225,361250,6457.34375,322867.1875,NA,123050.78125,3.60333222222222,3.5088,4.643,0.0863888888888889,0,1,0.325648148148148,0,2,14.3103448275862,14.1666666666667,15.5555555555556,12.7777777777778,26.5862068965517,26,25,30,3.80315690124411,3.870117245036,4.03730877881372,3.5555960775929,392.8125,126.0625,0,0,0,0,521.5625,521.5625,521.5625,521.5625,1.25527409868149,"Good","None",NA,NA,NA,NA,NA,NA,NA,NA,NA,NA,NA,NA,NA,NA,NA,NA,NA,NA,NA
"B2B_B",12,0,"FASMEE23","Button","Ambient","CW/KOH",20241210,20250506,"LL","1000x","105","a few, all circles ","B2B","F23_D",2023-10-08,2023-10-08 15:41:00,2023-10-08 21:41:00,1,"Blue","PTFE",4,40,10,2023-10-08 21:41:00,2023-10-08 21:51:00,"","B2",20,0.02,0,0,-3.91202300542815,0.10625,0,2,0,0,0,0,NA,123050.78125,3.60333222222222,3.5088,4.643,0.0863888888888889,0,1,0.325648148148148,0,2,14.3103448275862,14.1666666666667,15.5555555555556,12.7777777777778,26.5862068965517,26,25,30,3.80315690124411,3.870117245036,4.03730877881372,3.5555960775929,392.8125,126.0625,0,0,0,0,521.5625,521.5625,521.5625,521.5625,1.25527409868149,"Good","None",NA,NA,NA,NA,NA,NA,NA,NA,NA,NA,NA,NA,NA,NA,NA,NA,NA,NA,NA
"B2B_B",13,0,"FASMEE23","Button","Ambient","CW/KOH",20241210,20250506,"LL","1000x","105","a few, all circles ","B2B","F23_D",2023-10-08,2023-10-08 15:41:00,2023-10-08 21:41:00,1,"Blue","PTFE",4,40,10,2023-10-08 21:41:00,2023-10-08 21:51:00,"","B2",20,0.02,0,0,-3.91202300542815,0.10625,0,2,0,0,0,0,NA,123050.78125,3.60333222222222,3.5088,4.643,0.0863888888888889,0,1,0.325648148148148,0,2,14.3103448275862,14.1666666666667,15.5555555555556,12.7777777777778,26.5862068965517,26,25,30,3.80315690124411,3.870117245036,4.03730877881372,3.5555960775929,392.8125,126.0625,0,0,0,0,521.5625,521.5625,521.5625,521.5625,1.25527409868149,"Good","None",NA,NA,NA,NA,NA,NA,NA,NA,NA,NA,NA,NA,NA,NA,NA,NA,NA,NA,NA
"B2B_B",14,5,"FASMEE23","Button","Ambient","CW/KOH",20241210,20250506,"LL","1000x","105","a few, all circles ","B2B","F23_D",2023-10-08,2023-10-08 15:41:00,2023-10-08 21:41:00,1,"Blue","PTFE",4,40,10,2023-10-08 21:41:00,2023-10-08 21:51:00,"","B2",20,0.02,0,5,-3.91202300542815,0.10625,4.89375,2,36125,1806250,35357.34375,1767867.1875,NA,123050.78125,3.60333222222222,3.5088,4.643,0.0863888888888889,0,1,0.325648148148148,0,2,14.3103448275862,14.1666666666667,15.5555555555556,12.7777777777778,26.5862068965517,26,25,30,3.80315690124411,3.870117245036,4.03730877881372,3.5555960775929,392.8125,126.0625,0,0,0,0,521.5625,521.5625,521.5625,521.5625,1.25527409868149,"Good","None",NA,NA,NA,NA,NA,NA,NA,NA,NA,NA,NA,NA,NA,NA,NA,NA,NA,NA,NA
"B2B_B",15,2,"FASMEE23","Button","Ambient","CW/KOH",20241210,20250506,"LL","1000x","105","a few, all circles ","B2B","F23_D",2023-10-08,2023-10-08 15:41:00,2023-10-08 21:41:00,1,"Blue","PTFE",4,40,10,2023-10-08 21:41:00,2023-10-08 21:51:00,"","B2",20,0.02,0,2,-3.91202300542815,0.10625,1.89375,2,14450,722500,13682.34375,684117.1875,NA,123050.78125,3.60333222222222,3.5088,4.643,0.0863888888888889,0,1,0.325648148148148,0,2,14.3103448275862,14.1666666666667,15.5555555555556,12.7777777777778,26.5862068965517,26,25,30,3.80315690124411,3.870117245036,4.03730877881372,3.5555960775929,392.8125,126.0625,0,0,0,0,521.5625,521.5625,521.5625,521.5625,1.25527409868149,"Good","None",NA,NA,NA,NA,NA,NA,NA,NA,NA,NA,NA,NA,NA,NA,NA,NA,NA,NA,NA
"B2B_B",16,1,"FASMEE23","Button","Ambient","CW/KOH",20241210,20250506,"LL","1000x","105","a few, all circles ","B2B","F23_D",2023-10-08,2023-10-08 15:41:00,2023-10-08 21:41:00,1,"Blue","PTFE",4,40,10,2023-10-08 21:41:00,2023-10-08 21:51:00,"","B2",20,0.02,0,1,-3.91202300542815,0.10625,0.89375,2,7225,361250,6457.34375,322867.1875,NA,123050.78125,3.60333222222222,3.5088,4.643,0.0863888888888889,0,1,0.325648148148148,0,2,14.3103448275862,14.1666666666667,15.5555555555556,12.7777777777778,26.5862068965517,26,25,30,3.80315690124411,3.870117245036,4.03730877881372,3.5555960775929,392.8125,126.0625,0,0,0,0,521.5625,521.5625,521.5625,521.5625,1.25527409868149,"Good","None",NA,NA,NA,NA,NA,NA,NA,NA,NA,NA,NA,NA,NA,NA,NA,NA,NA,NA,NA
"B2B_B",17,4,"FASMEE23","Button","Ambient","CW/KOH",20241210,20250506,"LL","1000x","105","a few, all circles ","B2B","F23_D",2023-10-08,2023-10-08 15:41:00,2023-10-08 21:41:00,1,"Blue","PTFE",4,40,10,2023-10-08 21:41:00,2023-10-08 21:51:00,"","B2",20,0.02,0,4,-3.91202300542815,0.10625,3.89375,2,28900,1445000,28132.34375,1406617.1875,NA,123050.78125,3.60333222222222,3.5088,4.643,0.0863888888888889,0,1,0.325648148148148,0,2,14.3103448275862,14.1666666666667,15.5555555555556,12.7777777777778,26.5862068965517,26,25,30,3.80315690124411,3.870117245036,4.03730877881372,3.5555960775929,392.8125,126.0625,0,0,0,0,521.5625,521.5625,521.5625,521.5625,1.25527409868149,"Good","None",NA,NA,NA,NA,NA,NA,NA,NA,NA,NA,NA,NA,NA,NA,NA,NA,NA,NA,NA
"B2B_B",18,2,"FASMEE23","Button","Ambient","CW/KOH",20241210,20250506,"LL","1000x","105","a few, all circles ","B2B","F23_D",2023-10-08,2023-10-08 15:41:00,2023-10-08 21:41:00,1,"Blue","PTFE",4,40,10,2023-10-08 21:41:00,2023-10-08 21:51:00,"","B2",20,0.02,0,2,-3.91202300542815,0.10625,1.89375,2,14450,722500,13682.34375,684117.1875,NA,123050.78125,3.60333222222222,3.5088,4.643,0.0863888888888889,0,1,0.325648148148148,0,2,14.3103448275862,14.1666666666667,15.5555555555556,12.7777777777778,26.5862068965517,26,25,30,3.80315690124411,3.870117245036,4.03730877881372,3.5555960775929,392.8125,126.0625,0,0,0,0,521.5625,521.5625,521.5625,521.5625,1.25527409868149,"Good","None",NA,NA,NA,NA,NA,NA,NA,NA,NA,NA,NA,NA,NA,NA,NA,NA,NA,NA,NA
"B2B_B",19,3,"FASMEE23","Button","Ambient","CW/KOH",20241210,20250506,"LL","1000x","105","a few, all circles ","B2B","F23_D",2023-10-08,2023-10-08 15:41:00,2023-10-08 21:41:00,1,"Blue","PTFE",4,40,10,2023-10-08 21:41:00,2023-10-08 21:51:00,"","B2",20,0.02,0,3,-3.91202300542815,0.10625,2.89375,2,21675,1083750,20907.34375,1045367.1875,NA,123050.78125,3.60333222222222,3.5088,4.643,0.0863888888888889,0,1,0.325648148148148,0,2,14.3103448275862,14.1666666666667,15.5555555555556,12.7777777777778,26.5862068965517,26,25,30,3.80315690124411,3.870117245036,4.03730877881372,3.5555960775929,392.8125,126.0625,0,0,0,0,521.5625,521.5625,521.5625,521.5625,1.25527409868149,"Good","None",NA,NA,NA,NA,NA,NA,NA,NA,NA,NA,NA,NA,NA,NA,NA,NA,NA,NA,NA
"B2B_B",20,0,"FASMEE23","Button","Ambient","CW/KOH",20241210,20250506,"LL","1000x","105","a few, all circles ","B2B","F23_D",2023-10-08,2023-10-08 15:41:00,2023-10-08 21:41:00,1,"Blue","PTFE",4,40,10,2023-10-08 21:41:00,2023-10-08 21:51:00,"","B2",20,0.02,0,0,-3.91202300542815,0.10625,0,2,0,0,0,0,NA,123050.78125,3.60333222222222,3.5088,4.643,0.0863888888888889,0,1,0.325648148148148,0,2,14.3103448275862,14.1666666666667,15.5555555555556,12.7777777777778,26.5862068965517,26,25,30,3.80315690124411,3.870117245036,4.03730877881372,3.5555960775929,392.8125,126.0625,0,0,0,0,521.5625,521.5625,521.5625,521.5625,1.25527409868149,"Good","None",NA,NA,NA,NA,NA,NA,NA,NA,NA,NA,NA,NA,NA,NA,NA,NA,NA,NA,NA
"B2B_B",21,0,"FASMEE23","Button","Ambient","CW/KOH",20241210,20250506,"LL","1000x","105","a few, all circles ","B2B","F23_D",2023-10-08,2023-10-08 15:41:00,2023-10-08 21:41:00,1,"Blue","PTFE",4,40,10,2023-10-08 21:41:00,2023-10-08 21:51:00,"","B2",20,0.02,0,0,-3.91202300542815,0.10625,0,2,0,0,0,0,NA,123050.78125,3.60333222222222,3.5088,4.643,0.0863888888888889,0,1,0.325648148148148,0,2,14.3103448275862,14.1666666666667,15.5555555555556,12.7777777777778,26.5862068965517,26,25,30,3.80315690124411,3.870117245036,4.03730877881372,3.5555960775929,392.8125,126.0625,0,0,0,0,521.5625,521.5625,521.5625,521.5625,1.25527409868149,"Good","None",NA,NA,NA,NA,NA,NA,NA,NA,NA,NA,NA,NA,NA,NA,NA,NA,NA,NA,NA
"B2B_B",22,0,"FASMEE23","Button","Ambient","CW/KOH",20241210,20250506,"LL","1000x","105","a few, all circles ","B2B","F23_D",2023-10-08,2023-10-08 15:41:00,2023-10-08 21:41:00,1,"Blue","PTFE",4,40,10,2023-10-08 21:41:00,2023-10-08 21:51:00,"","B2",20,0.02,0,0,-3.91202300542815,0.10625,0,2,0,0,0,0,NA,123050.78125,3.60333222222222,3.5088,4.643,0.0863888888888889,0,1,0.325648148148148,0,2,14.3103448275862,14.1666666666667,15.5555555555556,12.7777777777778,26.5862068965517,26,25,30,3.80315690124411,3.870117245036,4.03730877881372,3.5555960775929,392.8125,126.0625,0,0,0,0,521.5625,521.5625,521.5625,521.5625,1.25527409868149,"Good","None",NA,NA,NA,NA,NA,NA,NA,NA,NA,NA,NA,NA,NA,NA,NA,NA,NA,NA,NA
"B2B_B",23,1,"FASMEE23","Button","Ambient","CW/KOH",20241210,20250506,"LL","1000x","105","a few, all circles ","B2B","F23_D",2023-10-08,2023-10-08 15:41:00,2023-10-08 21:41:00,1,"Blue","PTFE",4,40,10,2023-10-08 21:41:00,2023-10-08 21:51:00,"","B2",20,0.02,0,1,-3.91202300542815,0.10625,0.89375,2,7225,361250,6457.34375,322867.1875,NA,123050.78125,3.60333222222222,3.5088,4.643,0.0863888888888889,0,1,0.325648148148148,0,2,14.3103448275862,14.1666666666667,15.5555555555556,12.7777777777778,26.5862068965517,26,25,30,3.80315690124411,3.870117245036,4.03730877881372,3.5555960775929,392.8125,126.0625,0,0,0,0,521.5625,521.5625,521.5625,521.5625,1.25527409868149,"Good","None",NA,NA,NA,NA,NA,NA,NA,NA,NA,NA,NA,NA,NA,NA,NA,NA,NA,NA,NA
"B2B_B",24,2,"FASMEE23","Button","Ambient","CW/KOH",20241210,20250506,"LL","1000x","105","a few, all circles ","B2B","F23_D",2023-10-08,2023-10-08 15:41:00,2023-10-08 21:41:00,1,"Blue","PTFE",4,40,10,2023-10-08 21:41:00,2023-10-08 21:51:00,"","B2",20,0.02,0,2,-3.91202300542815,0.10625,1.89375,2,14450,722500,13682.34375,684117.1875,NA,123050.78125,3.60333222222222,3.5088,4.643,0.0863888888888889,0,1,0.325648148148148,0,2,14.3103448275862,14.1666666666667,15.5555555555556,12.7777777777778,26.5862068965517,26,25,30,3.80315690124411,3.870117245036,4.03730877881372,3.5555960775929,392.8125,126.0625,0,0,0,0,521.5625,521.5625,521.5625,521.5625,1.25527409868149,"Good","None",NA,NA,NA,NA,NA,NA,NA,NA,NA,NA,NA,NA,NA,NA,NA,NA,NA,NA,NA
"B2B_B",25,2,"FASMEE23","Button","Ambient","CW/KOH",20241210,20250506,"LL","1000x","105","a few, all circles ","B2B","F23_D",2023-10-08,2023-10-08 15:41:00,2023-10-08 21:41:00,1,"Blue","PTFE",4,40,10,2023-10-08 21:41:00,2023-10-08 21:51:00,"","B2",20,0.02,0,2,-3.91202300542815,0.10625,1.89375,2,14450,722500,13682.34375,684117.1875,NA,123050.78125,3.60333222222222,3.5088,4.643,0.0863888888888889,0,1,0.325648148148148,0,2,14.3103448275862,14.1666666666667,15.5555555555556,12.7777777777778,26.5862068965517,26,25,30,3.80315690124411,3.870117245036,4.03730877881372,3.5555960775929,392.8125,126.0625,0,0,0,0,521.5625,521.5625,521.5625,521.5625,1.25527409868149,"Good","None",NA,NA,NA,NA,NA,NA,NA,NA,NA,NA,NA,NA,NA,NA,NA,NA,NA,NA,NA
"B2B_B",26,2,"FASMEE23","Button","Ambient","CW/KOH",20241210,20250506,"LL","1000x","105","a few, all circles ","B2B","F23_D",2023-10-08,2023-10-08 15:41:00,2023-10-08 21:41:00,1,"Blue","PTFE",4,40,10,2023-10-08 21:41:00,2023-10-08 21:51:00,"","B2",20,0.02,0,2,-3.91202300542815,0.10625,1.89375,2,14450,722500,13682.34375,684117.1875,NA,123050.78125,3.60333222222222,3.5088,4.643,0.0863888888888889,0,1,0.325648148148148,0,2,14.3103448275862,14.1666666666667,15.5555555555556,12.7777777777778,26.5862068965517,26,25,30,3.80315690124411,3.870117245036,4.03730877881372,3.5555960775929,392.8125,126.0625,0,0,0,0,521.5625,521.5625,521.5625,521.5625,1.25527409868149,"Good","None",NA,NA,NA,NA,NA,NA,NA,NA,NA,NA,NA,NA,NA,NA,NA,NA,NA,NA,NA
"B2B_B",27,1,"FASMEE23","Button","Ambient","CW/KOH",20241210,20250506,"LL","1000x","105","a few, all circles ","B2B","F23_D",2023-10-08,2023-10-08 15:41:00,2023-10-08 21:41:00,1,"Blue","PTFE",4,40,10,2023-10-08 21:41:00,2023-10-08 21:51:00,"","B2",20,0.02,0,1,-3.91202300542815,0.10625,0.89375,2,7225,361250,6457.34375,322867.1875,NA,123050.78125,3.60333222222222,3.5088,4.643,0.0863888888888889,0,1,0.325648148148148,0,2,14.3103448275862,14.1666666666667,15.5555555555556,12.7777777777778,26.5862068965517,26,25,30,3.80315690124411,3.870117245036,4.03730877881372,3.5555960775929,392.8125,126.0625,0,0,0,0,521.5625,521.5625,521.5625,521.5625,1.25527409868149,"Good","None",NA,NA,NA,NA,NA,NA,NA,NA,NA,NA,NA,NA,NA,NA,NA,NA,NA,NA,NA
"B2B_B",28,0,"FASMEE23","Button","Ambient","CW/KOH",20241210,20250506,"LL","1000x","105","a few, all circles ","B2B","F23_D",2023-10-08,2023-10-08 15:41:00,2023-10-08 21:41:00,1,"Blue","PTFE",4,40,10,2023-10-08 21:41:00,2023-10-08 21:51:00,"","B2",20,0.02,0,0,-3.91202300542815,0.10625,0,2,0,0,0,0,NA,123050.78125,3.60333222222222,3.5088,4.643,0.0863888888888889,0,1,0.325648148148148,0,2,14.3103448275862,14.1666666666667,15.5555555555556,12.7777777777778,26.5862068965517,26,25,30,3.80315690124411,3.870117245036,4.03730877881372,3.5555960775929,392.8125,126.0625,0,0,0,0,521.5625,521.5625,521.5625,521.5625,1.25527409868149,"Good","None",NA,NA,NA,NA,NA,NA,NA,NA,NA,NA,NA,NA,NA,NA,NA,NA,NA,NA,NA
"B2B_B",29,0,"FASMEE23","Button","Ambient","CW/KOH",20241210,20250506,"LL","1000x","105","a few, all circles ","B2B","F23_D",2023-10-08,2023-10-08 15:41:00,2023-10-08 21:41:00,1,"Blue","PTFE",4,40,10,2023-10-08 21:41:00,2023-10-08 21:51:00,"","B2",20,0.02,0,0,-3.91202300542815,0.10625,0,2,0,0,0,0,NA,123050.78125,3.60333222222222,3.5088,4.643,0.0863888888888889,0,1,0.325648148148148,0,2,14.3103448275862,14.1666666666667,15.5555555555556,12.7777777777778,26.5862068965517,26,25,30,3.80315690124411,3.870117245036,4.03730877881372,3.5555960775929,392.8125,126.0625,0,0,0,0,521.5625,521.5625,521.5625,521.5625,1.25527409868149,"Good","None",NA,NA,NA,NA,NA,NA,NA,NA,NA,NA,NA,NA,NA,NA,NA,NA,NA,NA,NA
"B2B_B",30,0,"FASMEE23","Button","Ambient","CW/KOH",20241210,20250506,"LL","1000x","105","a few, all circles ","B2B","F23_D",2023-10-08,2023-10-08 15:41:00,2023-10-08 21:41:00,1,"Blue","PTFE",4,40,10,2023-10-08 21:41:00,2023-10-08 21:51:00,"","B2",20,0.02,0,0,-3.91202300542815,0.10625,0,2,0,0,0,0,NA,123050.78125,3.60333222222222,3.5088,4.643,0.0863888888888889,0,1,0.325648148148148,0,2,14.3103448275862,14.1666666666667,15.5555555555556,12.7777777777778,26.5862068965517,26,25,30,3.80315690124411,3.870117245036,4.03730877881372,3.5555960775929,392.8125,126.0625,0,0,0,0,521.5625,521.5625,521.5625,521.5625,1.25527409868149,"Good","None",NA,NA,NA,NA,NA,NA,NA,NA,NA,NA,NA,NA,NA,NA,NA,NA,NA,NA,NA
"B2B_B",31,0,"FASMEE23","Button","Ambient","CW/KOH",20241210,20250506,"LL","1000x","105","a few, all circles ","B2B","F23_D",2023-10-08,2023-10-08 15:41:00,2023-10-08 21:41:00,1,"Blue","PTFE",4,40,10,2023-10-08 21:41:00,2023-10-08 21:51:00,"","B2",20,0.02,0,0,-3.91202300542815,0.10625,0,2,0,0,0,0,NA,123050.78125,3.60333222222222,3.5088,4.643,0.0863888888888889,0,1,0.325648148148148,0,2,14.3103448275862,14.1666666666667,15.5555555555556,12.7777777777778,26.5862068965517,26,25,30,3.80315690124411,3.870117245036,4.03730877881372,3.5555960775929,392.8125,126.0625,0,0,0,0,521.5625,521.5625,521.5625,521.5625,1.25527409868149,"Good","None",NA,NA,NA,NA,NA,NA,NA,NA,NA,NA,NA,NA,NA,NA,NA,NA,NA,NA,NA
"B2B_B",32,0,"FASMEE23","Button","Ambient","CW/KOH",20241210,20250506,"LL","1000x","105","a few, all circles ","B2B","F23_D",2023-10-08,2023-10-08 15:41:00,2023-10-08 21:41:00,1,"Blue","PTFE",4,40,10,2023-10-08 21:41:00,2023-10-08 21:51:00,"","B2",20,0.02,0,0,-3.91202300542815,0.10625,0,2,0,0,0,0,NA,123050.78125,3.60333222222222,3.5088,4.643,0.0863888888888889,0,1,0.325648148148148,0,2,14.3103448275862,14.1666666666667,15.5555555555556,12.7777777777778,26.5862068965517,26,25,30,3.80315690124411,3.870117245036,4.03730877881372,3.5555960775929,392.8125,126.0625,0,0,0,0,521.5625,521.5625,521.5625,521.5625,1.25527409868149,"Good","None",NA,NA,NA,NA,NA,NA,NA,NA,NA,NA,NA,NA,NA,NA,NA,NA,NA,NA,NA
"B2B_B",33,1,"FASMEE23","Button","Ambient","CW/KOH",20241210,20250506,"LL","1000x","105","a few, all circles ","B2B","F23_D",2023-10-08,2023-10-08 15:41:00,2023-10-08 21:41:00,1,"Blue","PTFE",4,40,10,2023-10-08 21:41:00,2023-10-08 21:51:00,"","B2",20,0.02,0,1,-3.91202300542815,0.10625,0.89375,2,7225,361250,6457.34375,322867.1875,NA,123050.78125,3.60333222222222,3.5088,4.643,0.0863888888888889,0,1,0.325648148148148,0,2,14.3103448275862,14.1666666666667,15.5555555555556,12.7777777777778,26.5862068965517,26,25,30,3.80315690124411,3.870117245036,4.03730877881372,3.5555960775929,392.8125,126.0625,0,0,0,0,521.5625,521.5625,521.5625,521.5625,1.25527409868149,"Good","None",NA,NA,NA,NA,NA,NA,NA,NA,NA,NA,NA,NA,NA,NA,NA,NA,NA,NA,NA
"B2B_B",34,1,"FASMEE23","Button","Ambient","CW/KOH",20241210,20250506,"LL","1000x","105","a few, all circles ","B2B","F23_D",2023-10-08,2023-10-08 15:41:00,2023-10-08 21:41:00,1,"Blue","PTFE",4,40,10,2023-10-08 21:41:00,2023-10-08 21:51:00,"","B2",20,0.02,0,1,-3.91202300542815,0.10625,0.89375,2,7225,361250,6457.34375,322867.1875,NA,123050.78125,3.60333222222222,3.5088,4.643,0.0863888888888889,0,1,0.325648148148148,0,2,14.3103448275862,14.1666666666667,15.5555555555556,12.7777777777778,26.5862068965517,26,25,30,3.80315690124411,3.870117245036,4.03730877881372,3.5555960775929,392.8125,126.0625,0,0,0,0,521.5625,521.5625,521.5625,521.5625,1.25527409868149,"Good","None",NA,NA,NA,NA,NA,NA,NA,NA,NA,NA,NA,NA,NA,NA,NA,NA,NA,NA,NA
"B2B_B",35,1,"FASMEE23","Button","Ambient","CW/KOH",20241210,20250506,"LL","1000x","105","a few, all circles ","B2B","F23_D",2023-10-08,2023-10-08 15:41:00,2023-10-08 21:41:00,1,"Blue","PTFE",4,40,10,2023-10-08 21:41:00,2023-10-08 21:51:00,"","B2",20,0.02,0,1,-3.91202300542815,0.10625,0.89375,2,7225,361250,6457.34375,322867.1875,NA,123050.78125,3.60333222222222,3.5088,4.643,0.0863888888888889,0,1,0.325648148148148,0,2,14.3103448275862,14.1666666666667,15.5555555555556,12.7777777777778,26.5862068965517,26,25,30,3.80315690124411,3.870117245036,4.03730877881372,3.5555960775929,392.8125,126.0625,0,0,0,0,521.5625,521.5625,521.5625,521.5625,1.25527409868149,"Good","None",NA,NA,NA,NA,NA,NA,NA,NA,NA,NA,NA,NA,NA,NA,NA,NA,NA,NA,NA
"B2B_B",36,0,"FASMEE23","Button","Ambient","CW/KOH",20241210,20250506,"LL","1000x","105","a few, all circles ","B2B","F23_D",2023-10-08,2023-10-08 15:41:00,2023-10-08 21:41:00,1,"Blue","PTFE",4,40,10,2023-10-08 21:41:00,2023-10-08 21:51:00,"","B2",20,0.02,0,0,-3.91202300542815,0.10625,0,2,0,0,0,0,NA,123050.78125,3.60333222222222,3.5088,4.643,0.0863888888888889,0,1,0.325648148148148,0,2,14.3103448275862,14.1666666666667,15.5555555555556,12.7777777777778,26.5862068965517,26,25,30,3.80315690124411,3.870117245036,4.03730877881372,3.5555960775929,392.8125,126.0625,0,0,0,0,521.5625,521.5625,521.5625,521.5625,1.25527409868149,"Good","None",NA,NA,NA,NA,NA,NA,NA,NA,NA,NA,NA,NA,NA,NA,NA,NA,NA,NA,NA
"B2B_B",37,0,"FASMEE23","Button","Ambient","CW/KOH",20241210,20250506,"LL","1000x","105","a few, all circles ","B2B","F23_D",2023-10-08,2023-10-08 15:41:00,2023-10-08 21:41:00,1,"Blue","PTFE",4,40,10,2023-10-08 21:41:00,2023-10-08 21:51:00,"","B2",20,0.02,0,0,-3.91202300542815,0.10625,0,2,0,0,0,0,NA,123050.78125,3.60333222222222,3.5088,4.643,0.0863888888888889,0,1,0.325648148148148,0,2,14.3103448275862,14.1666666666667,15.5555555555556,12.7777777777778,26.5862068965517,26,25,30,3.80315690124411,3.870117245036,4.03730877881372,3.5555960775929,392.8125,126.0625,0,0,0,0,521.5625,521.5625,521.5625,521.5625,1.25527409868149,"Good","None",NA,NA,NA,NA,NA,NA,NA,NA,NA,NA,NA,NA,NA,NA,NA,NA,NA,NA,NA
"B2B_B",38,0,"FASMEE23","Button","Ambient","CW/KOH",20241210,20250506,"LL","1000x","105","a few, all circles ","B2B","F23_D",2023-10-08,2023-10-08 15:41:00,2023-10-08 21:41:00,1,"Blue","PTFE",4,40,10,2023-10-08 21:41:00,2023-10-08 21:51:00,"","B2",20,0.02,0,0,-3.91202300542815,0.10625,0,2,0,0,0,0,NA,123050.78125,3.60333222222222,3.5088,4.643,0.0863888888888889,0,1,0.325648148148148,0,2,14.3103448275862,14.1666666666667,15.5555555555556,12.7777777777778,26.5862068965517,26,25,30,3.80315690124411,3.870117245036,4.03730877881372,3.5555960775929,392.8125,126.0625,0,0,0,0,521.5625,521.5625,521.5625,521.5625,1.25527409868149,"Good","None",NA,NA,NA,NA,NA,NA,NA,NA,NA,NA,NA,NA,NA,NA,NA,NA,NA,NA,NA
"B2B_B",39,1,"FASMEE23","Button","Ambient","CW/KOH",20241210,20250506,"LL","1000x","105","a few, all circles ","B2B","F23_D",2023-10-08,2023-10-08 15:41:00,2023-10-08 21:41:00,1,"Blue","PTFE",4,40,10,2023-10-08 21:41:00,2023-10-08 21:51:00,"","B2",20,0.02,0,1,-3.91202300542815,0.10625,0.89375,2,7225,361250,6457.34375,322867.1875,NA,123050.78125,3.60333222222222,3.5088,4.643,0.0863888888888889,0,1,0.325648148148148,0,2,14.3103448275862,14.1666666666667,15.5555555555556,12.7777777777778,26.5862068965517,26,25,30,3.80315690124411,3.870117245036,4.03730877881372,3.5555960775929,392.8125,126.0625,0,0,0,0,521.5625,521.5625,521.5625,521.5625,1.25527409868149,"Good","None",NA,NA,NA,NA,NA,NA,NA,NA,NA,NA,NA,NA,NA,NA,NA,NA,NA,NA,NA
"B2B_B",40,0,"FASMEE23","Button","Ambient","CW/KOH",20241210,20250506,"LL","1000x","105","a few, all circles ","B2B","F23_D",2023-10-08,2023-10-08 15:41:00,2023-10-08 21:41:00,1,"Blue","PTFE",4,40,10,2023-10-08 21:41:00,2023-10-08 21:51:00,"","B2",20,0.02,0,0,-3.91202300542815,0.10625,0,2,0,0,0,0,NA,123050.78125,3.60333222222222,3.5088,4.643,0.0863888888888889,0,1,0.325648148148148,0,2,14.3103448275862,14.1666666666667,15.5555555555556,12.7777777777778,26.5862068965517,26,25,30,3.80315690124411,3.870117245036,4.03730877881372,3.5555960775929,392.8125,126.0625,0,0,0,0,521.5625,521.5625,521.5625,521.5625,1.25527409868149,"Good","None",NA,NA,NA,NA,NA,NA,NA,NA,NA,NA,NA,NA,NA,NA,NA,NA,NA,NA,NA
"LabBlank2A_B_20241210",1,0,"FASMEE23","Blank","LabBlank","CW/KOH",20241210,20250506,"LL","1000x","n/a","","LabBlank2A_B_20241210","F23_E",NA,NA,NA,NA,"Blank",NA,NA,0,NA,NA,NA,NA,NA,0,0,0,0,0,0.10625,0,NA,0,NA,0,NA,NA,123050.78125,NA,NA,NA,NA,NA,NA,NA,NA,NA,NA,NA,NA,NA,NA,NA,NA,NA,NA,NA,NA,NA,NA,NA,NA,NA,NA,NA,NA,NA,NA,NA,NA,NA,NA,NA,NA,NA,NA,NA,NA,NA,NA,NA,NA,NA,NA,NA,NA,NA,NA,NA,NA,NA
"LabBlank2A_B_20241210",2,0,"FASMEE23","Blank","LabBlank","CW/KOH",20241210,20250506,"LL","1000x","n/a","","LabBlank2A_B_20241210","F23_E",NA,NA,NA,NA,"Blank",NA,NA,0,NA,NA,NA,NA,NA,0,0,0,0,0,0.10625,0,NA,0,NA,0,NA,NA,123050.78125,NA,NA,NA,NA,NA,NA,NA,NA,NA,NA,NA,NA,NA,NA,NA,NA,NA,NA,NA,NA,NA,NA,NA,NA,NA,NA,NA,NA,NA,NA,NA,NA,NA,NA,NA,NA,NA,NA,NA,NA,NA,NA,NA,NA,NA,NA,NA,NA,NA,NA,NA,NA,NA
"LabBlank2A_B_20241210",3,0,"FASMEE23","Blank","LabBlank","CW/KOH",20241210,20250506,"LL","1000x","n/a","","LabBlank2A_B_20241210","F23_E",NA,NA,NA,NA,"Blank",NA,NA,0,NA,NA,NA,NA,NA,0,0,0,0,0,0.10625,0,NA,0,NA,0,NA,NA,123050.78125,NA,NA,NA,NA,NA,NA,NA,NA,NA,NA,NA,NA,NA,NA,NA,NA,NA,NA,NA,NA,NA,NA,NA,NA,NA,NA,NA,NA,NA,NA,NA,NA,NA,NA,NA,NA,NA,NA,NA,NA,NA,NA,NA,NA,NA,NA,NA,NA,NA,NA,NA,NA,NA
"LabBlank2A_B_20241210",4,0,"FASMEE23","Blank","LabBlank","CW/KOH",20241210,20250506,"LL","1000x","n/a","","LabBlank2A_B_20241210","F23_E",NA,NA,NA,NA,"Blank",NA,NA,0,NA,NA,NA,NA,NA,0,0,0,0,0,0.10625,0,NA,0,NA,0,NA,NA,123050.78125,NA,NA,NA,NA,NA,NA,NA,NA,NA,NA,NA,NA,NA,NA,NA,NA,NA,NA,NA,NA,NA,NA,NA,NA,NA,NA,NA,NA,NA,NA,NA,NA,NA,NA,NA,NA,NA,NA,NA,NA,NA,NA,NA,NA,NA,NA,NA,NA,NA,NA,NA,NA,NA
"LabBlank2A_B_20241210",5,0,"FASMEE23","Blank","LabBlank","CW/KOH",20241210,20250506,"LL","1000x","n/a","","LabBlank2A_B_20241210","F23_E",NA,NA,NA,NA,"Blank",NA,NA,0,NA,NA,NA,NA,NA,0,0,0,0,0,0.10625,0,NA,0,NA,0,NA,NA,123050.78125,NA,NA,NA,NA,NA,NA,NA,NA,NA,NA,NA,NA,NA,NA,NA,NA,NA,NA,NA,NA,NA,NA,NA,NA,NA,NA,NA,NA,NA,NA,NA,NA,NA,NA,NA,NA,NA,NA,NA,NA,NA,NA,NA,NA,NA,NA,NA,NA,NA,NA,NA,NA,NA
"LabBlank2A_B_20241210",6,0,"FASMEE23","Blank","LabBlank","CW/KOH",20241210,20250506,"LL","1000x","n/a","","LabBlank2A_B_20241210","F23_E",NA,NA,NA,NA,"Blank",NA,NA,0,NA,NA,NA,NA,NA,0,0,0,0,0,0.10625,0,NA,0,NA,0,NA,NA,123050.78125,NA,NA,NA,NA,NA,NA,NA,NA,NA,NA,NA,NA,NA,NA,NA,NA,NA,NA,NA,NA,NA,NA,NA,NA,NA,NA,NA,NA,NA,NA,NA,NA,NA,NA,NA,NA,NA,NA,NA,NA,NA,NA,NA,NA,NA,NA,NA,NA,NA,NA,NA,NA,NA
"LabBlank2A_B_20241210",7,0,"FASMEE23","Blank","LabBlank","CW/KOH",20241210,20250506,"LL","1000x","n/a","","LabBlank2A_B_20241210","F23_E",NA,NA,NA,NA,"Blank",NA,NA,0,NA,NA,NA,NA,NA,0,0,0,0,0,0.10625,0,NA,0,NA,0,NA,NA,123050.78125,NA,NA,NA,NA,NA,NA,NA,NA,NA,NA,NA,NA,NA,NA,NA,NA,NA,NA,NA,NA,NA,NA,NA,NA,NA,NA,NA,NA,NA,NA,NA,NA,NA,NA,NA,NA,NA,NA,NA,NA,NA,NA,NA,NA,NA,NA,NA,NA,NA,NA,NA,NA,NA
"LabBlank2A_B_20241210",8,0,"FASMEE23","Blank","LabBlank","CW/KOH",20241210,20250506,"LL","1000x","n/a","","LabBlank2A_B_20241210","F23_E",NA,NA,NA,NA,"Blank",NA,NA,0,NA,NA,NA,NA,NA,0,0,0,0,0,0.10625,0,NA,0,NA,0,NA,NA,123050.78125,NA,NA,NA,NA,NA,NA,NA,NA,NA,NA,NA,NA,NA,NA,NA,NA,NA,NA,NA,NA,NA,NA,NA,NA,NA,NA,NA,NA,NA,NA,NA,NA,NA,NA,NA,NA,NA,NA,NA,NA,NA,NA,NA,NA,NA,NA,NA,NA,NA,NA,NA,NA,NA
"LabBlank2A_B_20241210",9,0,"FASMEE23","Blank","LabBlank","CW/KOH",20241210,20250506,"LL","1000x","n/a","","LabBlank2A_B_20241210","F23_E",NA,NA,NA,NA,"Blank",NA,NA,0,NA,NA,NA,NA,NA,0,0,0,0,0,0.10625,0,NA,0,NA,0,NA,NA,123050.78125,NA,NA,NA,NA,NA,NA,NA,NA,NA,NA,NA,NA,NA,NA,NA,NA,NA,NA,NA,NA,NA,NA,NA,NA,NA,NA,NA,NA,NA,NA,NA,NA,NA,NA,NA,NA,NA,NA,NA,NA,NA,NA,NA,NA,NA,NA,NA,NA,NA,NA,NA,NA,NA
"LabBlank2A_B_20241210",10,0,"FASMEE23","Blank","LabBlank","CW/KOH",20241210,20250506,"LL","1000x","n/a","","LabBlank2A_B_20241210","F23_E",NA,NA,NA,NA,"Blank",NA,NA,0,NA,NA,NA,NA,NA,0,0,0,0,0,0.10625,0,NA,0,NA,0,NA,NA,123050.78125,NA,NA,NA,NA,NA,NA,NA,NA,NA,NA,NA,NA,NA,NA,NA,NA,NA,NA,NA,NA,NA,NA,NA,NA,NA,NA,NA,NA,NA,NA,NA,NA,NA,NA,NA,NA,NA,NA,NA,NA,NA,NA,NA,NA,NA,NA,NA,NA,NA,NA,NA,NA,NA
"LabBlank2A_B_20241210",11,0,"FASMEE23","Blank","LabBlank","CW/KOH",20241210,20250506,"LL","1000x","n/a","","LabBlank2A_B_20241210","F23_E",NA,NA,NA,NA,"Blank",NA,NA,0,NA,NA,NA,NA,NA,0,0,0,0,0,0.10625,0,NA,0,NA,0,NA,NA,123050.78125,NA,NA,NA,NA,NA,NA,NA,NA,NA,NA,NA,NA,NA,NA,NA,NA,NA,NA,NA,NA,NA,NA,NA,NA,NA,NA,NA,NA,NA,NA,NA,NA,NA,NA,NA,NA,NA,NA,NA,NA,NA,NA,NA,NA,NA,NA,NA,NA,NA,NA,NA,NA,NA
"LabBlank2A_B_20241210",12,0,"FASMEE23","Blank","LabBlank","CW/KOH",20241210,20250506,"LL","1000x","n/a","","LabBlank2A_B_20241210","F23_E",NA,NA,NA,NA,"Blank",NA,NA,0,NA,NA,NA,NA,NA,0,0,0,0,0,0.10625,0,NA,0,NA,0,NA,NA,123050.78125,NA,NA,NA,NA,NA,NA,NA,NA,NA,NA,NA,NA,NA,NA,NA,NA,NA,NA,NA,NA,NA,NA,NA,NA,NA,NA,NA,NA,NA,NA,NA,NA,NA,NA,NA,NA,NA,NA,NA,NA,NA,NA,NA,NA,NA,NA,NA,NA,NA,NA,NA,NA,NA
"LabBlank2A_B_20241210",13,0,"FASMEE23","Blank","LabBlank","CW/KOH",20241210,20250506,"LL","1000x","n/a","","LabBlank2A_B_20241210","F23_E",NA,NA,NA,NA,"Blank",NA,NA,0,NA,NA,NA,NA,NA,0,0,0,0,0,0.10625,0,NA,0,NA,0,NA,NA,123050.78125,NA,NA,NA,NA,NA,NA,NA,NA,NA,NA,NA,NA,NA,NA,NA,NA,NA,NA,NA,NA,NA,NA,NA,NA,NA,NA,NA,NA,NA,NA,NA,NA,NA,NA,NA,NA,NA,NA,NA,NA,NA,NA,NA,NA,NA,NA,NA,NA,NA,NA,NA,NA,NA
"LabBlank2A_B_20241210",14,0,"FASMEE23","Blank","LabBlank","CW/KOH",20241210,20250506,"LL","1000x","n/a","","LabBlank2A_B_20241210","F23_E",NA,NA,NA,NA,"Blank",NA,NA,0,NA,NA,NA,NA,NA,0,0,0,0,0,0.10625,0,NA,0,NA,0,NA,NA,123050.78125,NA,NA,NA,NA,NA,NA,NA,NA,NA,NA,NA,NA,NA,NA,NA,NA,NA,NA,NA,NA,NA,NA,NA,NA,NA,NA,NA,NA,NA,NA,NA,NA,NA,NA,NA,NA,NA,NA,NA,NA,NA,NA,NA,NA,NA,NA,NA,NA,NA,NA,NA,NA,NA
"LabBlank2A_B_20241210",15,0,"FASMEE23","Blank","LabBlank","CW/KOH",20241210,20250506,"LL","1000x","n/a","","LabBlank2A_B_20241210","F23_E",NA,NA,NA,NA,"Blank",NA,NA,0,NA,NA,NA,NA,NA,0,0,0,0,0,0.10625,0,NA,0,NA,0,NA,NA,123050.78125,NA,NA,NA,NA,NA,NA,NA,NA,NA,NA,NA,NA,NA,NA,NA,NA,NA,NA,NA,NA,NA,NA,NA,NA,NA,NA,NA,NA,NA,NA,NA,NA,NA,NA,NA,NA,NA,NA,NA,NA,NA,NA,NA,NA,NA,NA,NA,NA,NA,NA,NA,NA,NA
"LabBlank2A_B_20241210",16,0,"FASMEE23","Blank","LabBlank","CW/KOH",20241210,20250506,"LL","1000x","n/a","","LabBlank2A_B_20241210","F23_E",NA,NA,NA,NA,"Blank",NA,NA,0,NA,NA,NA,NA,NA,0,0,0,0,0,0.10625,0,NA,0,NA,0,NA,NA,123050.78125,NA,NA,NA,NA,NA,NA,NA,NA,NA,NA,NA,NA,NA,NA,NA,NA,NA,NA,NA,NA,NA,NA,NA,NA,NA,NA,NA,NA,NA,NA,NA,NA,NA,NA,NA,NA,NA,NA,NA,NA,NA,NA,NA,NA,NA,NA,NA,NA,NA,NA,NA,NA,NA
"LabBlank2A_B_20241210",17,0,"FASMEE23","Blank","LabBlank","CW/KOH",20241210,20250506,"LL","1000x","n/a","","LabBlank2A_B_20241210","F23_E",NA,NA,NA,NA,"Blank",NA,NA,0,NA,NA,NA,NA,NA,0,0,0,0,0,0.10625,0,NA,0,NA,0,NA,NA,123050.78125,NA,NA,NA,NA,NA,NA,NA,NA,NA,NA,NA,NA,NA,NA,NA,NA,NA,NA,NA,NA,NA,NA,NA,NA,NA,NA,NA,NA,NA,NA,NA,NA,NA,NA,NA,NA,NA,NA,NA,NA,NA,NA,NA,NA,NA,NA,NA,NA,NA,NA,NA,NA,NA
"LabBlank2A_B_20241210",18,0,"FASMEE23","Blank","LabBlank","CW/KOH",20241210,20250506,"LL","1000x","n/a","","LabBlank2A_B_20241210","F23_E",NA,NA,NA,NA,"Blank",NA,NA,0,NA,NA,NA,NA,NA,0,0,0,0,0,0.10625,0,NA,0,NA,0,NA,NA,123050.78125,NA,NA,NA,NA,NA,NA,NA,NA,NA,NA,NA,NA,NA,NA,NA,NA,NA,NA,NA,NA,NA,NA,NA,NA,NA,NA,NA,NA,NA,NA,NA,NA,NA,NA,NA,NA,NA,NA,NA,NA,NA,NA,NA,NA,NA,NA,NA,NA,NA,NA,NA,NA,NA
"LabBlank2A_B_20241210",19,0,"FASMEE23","Blank","LabBlank","CW/KOH",20241210,20250506,"LL","1000x","n/a","","LabBlank2A_B_20241210","F23_E",NA,NA,NA,NA,"Blank",NA,NA,0,NA,NA,NA,NA,NA,0,0,0,0,0,0.10625,0,NA,0,NA,0,NA,NA,123050.78125,NA,NA,NA,NA,NA,NA,NA,NA,NA,NA,NA,NA,NA,NA,NA,NA,NA,NA,NA,NA,NA,NA,NA,NA,NA,NA,NA,NA,NA,NA,NA,NA,NA,NA,NA,NA,NA,NA,NA,NA,NA,NA,NA,NA,NA,NA,NA,NA,NA,NA,NA,NA,NA
"LabBlank2A_B_20241210",20,0,"FASMEE23","Blank","LabBlank","CW/KOH",20241210,20250506,"LL","1000x","n/a","","LabBlank2A_B_20241210","F23_E",NA,NA,NA,NA,"Blank",NA,NA,0,NA,NA,NA,NA,NA,0,0,0,0,0,0.10625,0,NA,0,NA,0,NA,NA,123050.78125,NA,NA,NA,NA,NA,NA,NA,NA,NA,NA,NA,NA,NA,NA,NA,NA,NA,NA,NA,NA,NA,NA,NA,NA,NA,NA,NA,NA,NA,NA,NA,NA,NA,NA,NA,NA,NA,NA,NA,NA,NA,NA,NA,NA,NA,NA,NA,NA,NA,NA,NA,NA,NA
"LabBlank2A_B_20241210",21,0,"FASMEE23","Blank","LabBlank","CW/KOH",20241210,20250506,"LL","1000x","n/a","","LabBlank2A_B_20241210","F23_E",NA,NA,NA,NA,"Blank",NA,NA,0,NA,NA,NA,NA,NA,0,0,0,0,0,0.10625,0,NA,0,NA,0,NA,NA,123050.78125,NA,NA,NA,NA,NA,NA,NA,NA,NA,NA,NA,NA,NA,NA,NA,NA,NA,NA,NA,NA,NA,NA,NA,NA,NA,NA,NA,NA,NA,NA,NA,NA,NA,NA,NA,NA,NA,NA,NA,NA,NA,NA,NA,NA,NA,NA,NA,NA,NA,NA,NA,NA,NA
"LabBlank2A_B_20241210",22,0,"FASMEE23","Blank","LabBlank","CW/KOH",20241210,20250506,"LL","1000x","n/a","","LabBlank2A_B_20241210","F23_E",NA,NA,NA,NA,"Blank",NA,NA,0,NA,NA,NA,NA,NA,0,0,0,0,0,0.10625,0,NA,0,NA,0,NA,NA,123050.78125,NA,NA,NA,NA,NA,NA,NA,NA,NA,NA,NA,NA,NA,NA,NA,NA,NA,NA,NA,NA,NA,NA,NA,NA,NA,NA,NA,NA,NA,NA,NA,NA,NA,NA,NA,NA,NA,NA,NA,NA,NA,NA,NA,NA,NA,NA,NA,NA,NA,NA,NA,NA,NA
"LabBlank2A_B_20241210",23,0,"FASMEE23","Blank","LabBlank","CW/KOH",20241210,20250506,"LL","1000x","n/a","","LabBlank2A_B_20241210","F23_E",NA,NA,NA,NA,"Blank",NA,NA,0,NA,NA,NA,NA,NA,0,0,0,0,0,0.10625,0,NA,0,NA,0,NA,NA,123050.78125,NA,NA,NA,NA,NA,NA,NA,NA,NA,NA,NA,NA,NA,NA,NA,NA,NA,NA,NA,NA,NA,NA,NA,NA,NA,NA,NA,NA,NA,NA,NA,NA,NA,NA,NA,NA,NA,NA,NA,NA,NA,NA,NA,NA,NA,NA,NA,NA,NA,NA,NA,NA,NA
"LabBlank2A_B_20241210",24,0,"FASMEE23","Blank","LabBlank","CW/KOH",20241210,20250506,"LL","1000x","n/a","","LabBlank2A_B_20241210","F23_E",NA,NA,NA,NA,"Blank",NA,NA,0,NA,NA,NA,NA,NA,0,0,0,0,0,0.10625,0,NA,0,NA,0,NA,NA,123050.78125,NA,NA,NA,NA,NA,NA,NA,NA,NA,NA,NA,NA,NA,NA,NA,NA,NA,NA,NA,NA,NA,NA,NA,NA,NA,NA,NA,NA,NA,NA,NA,NA,NA,NA,NA,NA,NA,NA,NA,NA,NA,NA,NA,NA,NA,NA,NA,NA,NA,NA,NA,NA,NA
"LabBlank2A_B_20241210",25,0,"FASMEE23","Blank","LabBlank","CW/KOH",20241210,20250506,"LL","1000x","n/a","","LabBlank2A_B_20241210","F23_E",NA,NA,NA,NA,"Blank",NA,NA,0,NA,NA,NA,NA,NA,0,0,0,0,0,0.10625,0,NA,0,NA,0,NA,NA,123050.78125,NA,NA,NA,NA,NA,NA,NA,NA,NA,NA,NA,NA,NA,NA,NA,NA,NA,NA,NA,NA,NA,NA,NA,NA,NA,NA,NA,NA,NA,NA,NA,NA,NA,NA,NA,NA,NA,NA,NA,NA,NA,NA,NA,NA,NA,NA,NA,NA,NA,NA,NA,NA,NA
"LabBlank2A_B_20241210",26,0,"FASMEE23","Blank","LabBlank","CW/KOH",20241210,20250506,"LL","1000x","n/a","","LabBlank2A_B_20241210","F23_E",NA,NA,NA,NA,"Blank",NA,NA,0,NA,NA,NA,NA,NA,0,0,0,0,0,0.10625,0,NA,0,NA,0,NA,NA,123050.78125,NA,NA,NA,NA,NA,NA,NA,NA,NA,NA,NA,NA,NA,NA,NA,NA,NA,NA,NA,NA,NA,NA,NA,NA,NA,NA,NA,NA,NA,NA,NA,NA,NA,NA,NA,NA,NA,NA,NA,NA,NA,NA,NA,NA,NA,NA,NA,NA,NA,NA,NA,NA,NA
"LabBlank2A_B_20241210",27,0,"FASMEE23","Blank","LabBlank","CW/KOH",20241210,20250506,"LL","1000x","n/a","","LabBlank2A_B_20241210","F23_E",NA,NA,NA,NA,"Blank",NA,NA,0,NA,NA,NA,NA,NA,0,0,0,0,0,0.10625,0,NA,0,NA,0,NA,NA,123050.78125,NA,NA,NA,NA,NA,NA,NA,NA,NA,NA,NA,NA,NA,NA,NA,NA,NA,NA,NA,NA,NA,NA,NA,NA,NA,NA,NA,NA,NA,NA,NA,NA,NA,NA,NA,NA,NA,NA,NA,NA,NA,NA,NA,NA,NA,NA,NA,NA,NA,NA,NA,NA,NA
"LabBlank2A_B_20241210",28,0,"FASMEE23","Blank","LabBlank","CW/KOH",20241210,20250506,"LL","1000x","n/a","","LabBlank2A_B_20241210","F23_E",NA,NA,NA,NA,"Blank",NA,NA,0,NA,NA,NA,NA,NA,0,0,0,0,0,0.10625,0,NA,0,NA,0,NA,NA,123050.78125,NA,NA,NA,NA,NA,NA,NA,NA,NA,NA,NA,NA,NA,NA,NA,NA,NA,NA,NA,NA,NA,NA,NA,NA,NA,NA,NA,NA,NA,NA,NA,NA,NA,NA,NA,NA,NA,NA,NA,NA,NA,NA,NA,NA,NA,NA,NA,NA,NA,NA,NA,NA,NA
"LabBlank2A_B_20241210",29,0,"FASMEE23","Blank","LabBlank","CW/KOH",20241210,20250506,"LL","1000x","n/a","","LabBlank2A_B_20241210","F23_E",NA,NA,NA,NA,"Blank",NA,NA,0,NA,NA,NA,NA,NA,0,0,0,0,0,0.10625,0,NA,0,NA,0,NA,NA,123050.78125,NA,NA,NA,NA,NA,NA,NA,NA,NA,NA,NA,NA,NA,NA,NA,NA,NA,NA,NA,NA,NA,NA,NA,NA,NA,NA,NA,NA,NA,NA,NA,NA,NA,NA,NA,NA,NA,NA,NA,NA,NA,NA,NA,NA,NA,NA,NA,NA,NA,NA,NA,NA,NA
"LabBlank2A_B_20241210",30,0,"FASMEE23","Blank","LabBlank","CW/KOH",20241210,20250506,"LL","1000x","n/a","","LabBlank2A_B_20241210","F23_E",NA,NA,NA,NA,"Blank",NA,NA,0,NA,NA,NA,NA,NA,0,0,0,0,0,0.10625,0,NA,0,NA,0,NA,NA,123050.78125,NA,NA,NA,NA,NA,NA,NA,NA,NA,NA,NA,NA,NA,NA,NA,NA,NA,NA,NA,NA,NA,NA,NA,NA,NA,NA,NA,NA,NA,NA,NA,NA,NA,NA,NA,NA,NA,NA,NA,NA,NA,NA,NA,NA,NA,NA,NA,NA,NA,NA,NA,NA,NA
"LabBlank2A_B_20241210",31,0,"FASMEE23","Blank","LabBlank","CW/KOH",20241210,20250506,"LL","1000x","n/a","","LabBlank2A_B_20241210","F23_E",NA,NA,NA,NA,"Blank",NA,NA,0,NA,NA,NA,NA,NA,0,0,0,0,0,0.10625,0,NA,0,NA,0,NA,NA,123050.78125,NA,NA,NA,NA,NA,NA,NA,NA,NA,NA,NA,NA,NA,NA,NA,NA,NA,NA,NA,NA,NA,NA,NA,NA,NA,NA,NA,NA,NA,NA,NA,NA,NA,NA,NA,NA,NA,NA,NA,NA,NA,NA,NA,NA,NA,NA,NA,NA,NA,NA,NA,NA,NA
"LabBlank2A_B_20241210",32,0,"FASMEE23","Blank","LabBlank","CW/KOH",20241210,20250506,"LL","1000x","n/a","","LabBlank2A_B_20241210","F23_E",NA,NA,NA,NA,"Blank",NA,NA,0,NA,NA,NA,NA,NA,0,0,0,0,0,0.10625,0,NA,0,NA,0,NA,NA,123050.78125,NA,NA,NA,NA,NA,NA,NA,NA,NA,NA,NA,NA,NA,NA,NA,NA,NA,NA,NA,NA,NA,NA,NA,NA,NA,NA,NA,NA,NA,NA,NA,NA,NA,NA,NA,NA,NA,NA,NA,NA,NA,NA,NA,NA,NA,NA,NA,NA,NA,NA,NA,NA,NA
"LabBlank2A_B_20241210",33,0,"FASMEE23","Blank","LabBlank","CW/KOH",20241210,20250506,"LL","1000x","n/a","","LabBlank2A_B_20241210","F23_E",NA,NA,NA,NA,"Blank",NA,NA,0,NA,NA,NA,NA,NA,0,0,0,0,0,0.10625,0,NA,0,NA,0,NA,NA,123050.78125,NA,NA,NA,NA,NA,NA,NA,NA,NA,NA,NA,NA,NA,NA,NA,NA,NA,NA,NA,NA,NA,NA,NA,NA,NA,NA,NA,NA,NA,NA,NA,NA,NA,NA,NA,NA,NA,NA,NA,NA,NA,NA,NA,NA,NA,NA,NA,NA,NA,NA,NA,NA,NA
"LabBlank2A_B_20241210",34,0,"FASMEE23","Blank","LabBlank","CW/KOH",20241210,20250506,"LL","1000x","n/a","","LabBlank2A_B_20241210","F23_E",NA,NA,NA,NA,"Blank",NA,NA,0,NA,NA,NA,NA,NA,0,0,0,0,0,0.10625,0,NA,0,NA,0,NA,NA,123050.78125,NA,NA,NA,NA,NA,NA,NA,NA,NA,NA,NA,NA,NA,NA,NA,NA,NA,NA,NA,NA,NA,NA,NA,NA,NA,NA,NA,NA,NA,NA,NA,NA,NA,NA,NA,NA,NA,NA,NA,NA,NA,NA,NA,NA,NA,NA,NA,NA,NA,NA,NA,NA,NA
"LabBlank2A_B_20241210",35,0,"FASMEE23","Blank","LabBlank","CW/KOH",20241210,20250506,"LL","1000x","n/a","","LabBlank2A_B_20241210","F23_E",NA,NA,NA,NA,"Blank",NA,NA,0,NA,NA,NA,NA,NA,0,0,0,0,0,0.10625,0,NA,0,NA,0,NA,NA,123050.78125,NA,NA,NA,NA,NA,NA,NA,NA,NA,NA,NA,NA,NA,NA,NA,NA,NA,NA,NA,NA,NA,NA,NA,NA,NA,NA,NA,NA,NA,NA,NA,NA,NA,NA,NA,NA,NA,NA,NA,NA,NA,NA,NA,NA,NA,NA,NA,NA,NA,NA,NA,NA,NA
"LabBlank2A_B_20241210",36,0,"FASMEE23","Blank","LabBlank","CW/KOH",20241210,20250506,"LL","1000x","n/a","","LabBlank2A_B_20241210","F23_E",NA,NA,NA,NA,"Blank",NA,NA,0,NA,NA,NA,NA,NA,0,0,0,0,0,0.10625,0,NA,0,NA,0,NA,NA,123050.78125,NA,NA,NA,NA,NA,NA,NA,NA,NA,NA,NA,NA,NA,NA,NA,NA,NA,NA,NA,NA,NA,NA,NA,NA,NA,NA,NA,NA,NA,NA,NA,NA,NA,NA,NA,NA,NA,NA,NA,NA,NA,NA,NA,NA,NA,NA,NA,NA,NA,NA,NA,NA,NA
"LabBlank2A_B_20241210",37,0,"FASMEE23","Blank","LabBlank","CW/KOH",20241210,20250506,"LL","1000x","n/a","","LabBlank2A_B_20241210","F23_E",NA,NA,NA,NA,"Blank",NA,NA,0,NA,NA,NA,NA,NA,0,0,0,0,0,0.10625,0,NA,0,NA,0,NA,NA,123050.78125,NA,NA,NA,NA,NA,NA,NA,NA,NA,NA,NA,NA,NA,NA,NA,NA,NA,NA,NA,NA,NA,NA,NA,NA,NA,NA,NA,NA,NA,NA,NA,NA,NA,NA,NA,NA,NA,NA,NA,NA,NA,NA,NA,NA,NA,NA,NA,NA,NA,NA,NA,NA,NA
"LabBlank2A_B_20241210",38,0,"FASMEE23","Blank","LabBlank","CW/KOH",20241210,20250506,"LL","1000x","n/a","","LabBlank2A_B_20241210","F23_E",NA,NA,NA,NA,"Blank",NA,NA,0,NA,NA,NA,NA,NA,0,0,0,0,0,0.10625,0,NA,0,NA,0,NA,NA,123050.78125,NA,NA,NA,NA,NA,NA,NA,NA,NA,NA,NA,NA,NA,NA,NA,NA,NA,NA,NA,NA,NA,NA,NA,NA,NA,NA,NA,NA,NA,NA,NA,NA,NA,NA,NA,NA,NA,NA,NA,NA,NA,NA,NA,NA,NA,NA,NA,NA,NA,NA,NA,NA,NA
"LabBlank2A_B_20241210",39,0,"FASMEE23","Blank","LabBlank","CW/KOH",20241210,20250506,"LL","1000x","n/a","","LabBlank2A_B_20241210","F23_E",NA,NA,NA,NA,"Blank",NA,NA,0,NA,NA,NA,NA,NA,0,0,0,0,0,0.10625,0,NA,0,NA,0,NA,NA,123050.78125,NA,NA,NA,NA,NA,NA,NA,NA,NA,NA,NA,NA,NA,NA,NA,NA,NA,NA,NA,NA,NA,NA,NA,NA,NA,NA,NA,NA,NA,NA,NA,NA,NA,NA,NA,NA,NA,NA,NA,NA,NA,NA,NA,NA,NA,NA,NA,NA,NA,NA,NA,NA,NA
"LabBlank2A_B_20241210",40,0,"FASMEE23","Blank","LabBlank","CW/KOH",20241210,20250506,"LL","1000x","n/a","","LabBlank2A_B_20241210","F23_E",NA,NA,NA,NA,"Blank",NA,NA,0,NA,NA,NA,NA,NA,0,0,0,0,0,0.10625,0,NA,0,NA,0,NA,NA,123050.78125,NA,NA,NA,NA,NA,NA,NA,NA,NA,NA,NA,NA,NA,NA,NA,NA,NA,NA,NA,NA,NA,NA,NA,NA,NA,NA,NA,NA,NA,NA,NA,NA,NA,NA,NA,NA,NA,NA,NA,NA,NA,NA,NA,NA,NA,NA,NA,NA,NA,NA,NA,NA,NA
"FieldBlank1B_B",1,0,"FASMEE23","Blank","FieldBlank","CW/KOH",20241119,20250502,"LL","1000x","n/a","","FieldBlank1B","F23_C",NA,NA,NA,NA,"Blank",NA,NA,0,NA,NA,NA,NA,NA,0,0,0.15,0,0,0.25625,0,NA,0,NA,0,NA,NA,123050.78125,NA,NA,NA,NA,NA,NA,NA,NA,NA,NA,NA,NA,NA,NA,NA,NA,NA,NA,NA,NA,NA,NA,NA,NA,NA,NA,NA,NA,NA,NA,NA,NA,NA,NA,NA,NA,NA,NA,NA,NA,NA,NA,NA,NA,NA,NA,NA,NA,NA,NA,NA,NA,NA
"FieldBlank1B_B",2,0,"FASMEE23","Blank","FieldBlank","CW/KOH",20241119,20250502,"LL","1000x","n/a","","FieldBlank1B","F23_C",NA,NA,NA,NA,"Blank",NA,NA,0,NA,NA,NA,NA,NA,0,0,0.15,0,0,0.25625,0,NA,0,NA,0,NA,NA,123050.78125,NA,NA,NA,NA,NA,NA,NA,NA,NA,NA,NA,NA,NA,NA,NA,NA,NA,NA,NA,NA,NA,NA,NA,NA,NA,NA,NA,NA,NA,NA,NA,NA,NA,NA,NA,NA,NA,NA,NA,NA,NA,NA,NA,NA,NA,NA,NA,NA,NA,NA,NA,NA,NA
"FieldBlank1B_B",3,0,"FASMEE23","Blank","FieldBlank","CW/KOH",20241119,20250502,"LL","1000x","n/a","","FieldBlank1B","F23_C",NA,NA,NA,NA,"Blank",NA,NA,0,NA,NA,NA,NA,NA,0,0,0.15,0,0,0.25625,0,NA,0,NA,0,NA,NA,123050.78125,NA,NA,NA,NA,NA,NA,NA,NA,NA,NA,NA,NA,NA,NA,NA,NA,NA,NA,NA,NA,NA,NA,NA,NA,NA,NA,NA,NA,NA,NA,NA,NA,NA,NA,NA,NA,NA,NA,NA,NA,NA,NA,NA,NA,NA,NA,NA,NA,NA,NA,NA,NA,NA
"FieldBlank1B_B",4,0,"FASMEE23","Blank","FieldBlank","CW/KOH",20241119,20250502,"LL","1000x","n/a","","FieldBlank1B","F23_C",NA,NA,NA,NA,"Blank",NA,NA,0,NA,NA,NA,NA,NA,0,0,0.15,0,0,0.25625,0,NA,0,NA,0,NA,NA,123050.78125,NA,NA,NA,NA,NA,NA,NA,NA,NA,NA,NA,NA,NA,NA,NA,NA,NA,NA,NA,NA,NA,NA,NA,NA,NA,NA,NA,NA,NA,NA,NA,NA,NA,NA,NA,NA,NA,NA,NA,NA,NA,NA,NA,NA,NA,NA,NA,NA,NA,NA,NA,NA,NA
"FieldBlank1B_B",5,0,"FASMEE23","Blank","FieldBlank","CW/KOH",20241119,20250502,"LL","1000x","n/a","","FieldBlank1B","F23_C",NA,NA,NA,NA,"Blank",NA,NA,0,NA,NA,NA,NA,NA,0,0,0.15,0,0,0.25625,0,NA,0,NA,0,NA,NA,123050.78125,NA,NA,NA,NA,NA,NA,NA,NA,NA,NA,NA,NA,NA,NA,NA,NA,NA,NA,NA,NA,NA,NA,NA,NA,NA,NA,NA,NA,NA,NA,NA,NA,NA,NA,NA,NA,NA,NA,NA,NA,NA,NA,NA,NA,NA,NA,NA,NA,NA,NA,NA,NA,NA
"FieldBlank1B_B",6,0,"FASMEE23","Blank","FieldBlank","CW/KOH",20241119,20250502,"LL","1000x","n/a","","FieldBlank1B","F23_C",NA,NA,NA,NA,"Blank",NA,NA,0,NA,NA,NA,NA,NA,0,0,0.15,0,0,0.25625,0,NA,0,NA,0,NA,NA,123050.78125,NA,NA,NA,NA,NA,NA,NA,NA,NA,NA,NA,NA,NA,NA,NA,NA,NA,NA,NA,NA,NA,NA,NA,NA,NA,NA,NA,NA,NA,NA,NA,NA,NA,NA,NA,NA,NA,NA,NA,NA,NA,NA,NA,NA,NA,NA,NA,NA,NA,NA,NA,NA,NA
"FieldBlank1B_B",7,1,"FASMEE23","Blank","FieldBlank","CW/KOH",20241119,20250502,"LL","1000x","n/a","","FieldBlank1B","F23_C",NA,NA,NA,NA,"Blank",NA,NA,0,NA,NA,NA,NA,NA,0,0,0.15,0.85,0,0.25625,0.74375,NA,7225,Inf,5373.59375,Inf,NA,123050.78125,NA,NA,NA,NA,NA,NA,NA,NA,NA,NA,NA,NA,NA,NA,NA,NA,NA,NA,NA,NA,NA,NA,NA,NA,NA,NA,NA,NA,NA,NA,NA,NA,NA,NA,NA,NA,NA,NA,NA,NA,NA,NA,NA,NA,NA,NA,NA,NA,NA,NA,NA,NA,NA
"FieldBlank1B_B",8,0,"FASMEE23","Blank","FieldBlank","CW/KOH",20241119,20250502,"LL","1000x","n/a","","FieldBlank1B","F23_C",NA,NA,NA,NA,"Blank",NA,NA,0,NA,NA,NA,NA,NA,0,0,0.15,0,0,0.25625,0,NA,0,NA,0,NA,NA,123050.78125,NA,NA,NA,NA,NA,NA,NA,NA,NA,NA,NA,NA,NA,NA,NA,NA,NA,NA,NA,NA,NA,NA,NA,NA,NA,NA,NA,NA,NA,NA,NA,NA,NA,NA,NA,NA,NA,NA,NA,NA,NA,NA,NA,NA,NA,NA,NA,NA,NA,NA,NA,NA,NA
"FieldBlank1B_B",9,0,"FASMEE23","Blank","FieldBlank","CW/KOH",20241119,20250502,"LL","1000x","n/a","","FieldBlank1B","F23_C",NA,NA,NA,NA,"Blank",NA,NA,0,NA,NA,NA,NA,NA,0,0,0.15,0,0,0.25625,0,NA,0,NA,0,NA,NA,123050.78125,NA,NA,NA,NA,NA,NA,NA,NA,NA,NA,NA,NA,NA,NA,NA,NA,NA,NA,NA,NA,NA,NA,NA,NA,NA,NA,NA,NA,NA,NA,NA,NA,NA,NA,NA,NA,NA,NA,NA,NA,NA,NA,NA,NA,NA,NA,NA,NA,NA,NA,NA,NA,NA
"FieldBlank1B_B",10,0,"FASMEE23","Blank","FieldBlank","CW/KOH",20241119,20250502,"LL","1000x","n/a","","FieldBlank1B","F23_C",NA,NA,NA,NA,"Blank",NA,NA,0,NA,NA,NA,NA,NA,0,0,0.15,0,0,0.25625,0,NA,0,NA,0,NA,NA,123050.78125,NA,NA,NA,NA,NA,NA,NA,NA,NA,NA,NA,NA,NA,NA,NA,NA,NA,NA,NA,NA,NA,NA,NA,NA,NA,NA,NA,NA,NA,NA,NA,NA,NA,NA,NA,NA,NA,NA,NA,NA,NA,NA,NA,NA,NA,NA,NA,NA,NA,NA,NA,NA,NA
"FieldBlank1B_B",11,0,"FASMEE23","Blank","FieldBlank","CW/KOH",20241119,20250502,"LL","1000x","n/a","","FieldBlank1B","F23_C",NA,NA,NA,NA,"Blank",NA,NA,0,NA,NA,NA,NA,NA,0,0,0.15,0,0,0.25625,0,NA,0,NA,0,NA,NA,123050.78125,NA,NA,NA,NA,NA,NA,NA,NA,NA,NA,NA,NA,NA,NA,NA,NA,NA,NA,NA,NA,NA,NA,NA,NA,NA,NA,NA,NA,NA,NA,NA,NA,NA,NA,NA,NA,NA,NA,NA,NA,NA,NA,NA,NA,NA,NA,NA,NA,NA,NA,NA,NA,NA
"FieldBlank1B_B",12,0,"FASMEE23","Blank","FieldBlank","CW/KOH",20241119,20250502,"LL","1000x","n/a","","FieldBlank1B","F23_C",NA,NA,NA,NA,"Blank",NA,NA,0,NA,NA,NA,NA,NA,0,0,0.15,0,0,0.25625,0,NA,0,NA,0,NA,NA,123050.78125,NA,NA,NA,NA,NA,NA,NA,NA,NA,NA,NA,NA,NA,NA,NA,NA,NA,NA,NA,NA,NA,NA,NA,NA,NA,NA,NA,NA,NA,NA,NA,NA,NA,NA,NA,NA,NA,NA,NA,NA,NA,NA,NA,NA,NA,NA,NA,NA,NA,NA,NA,NA,NA
"FieldBlank1B_B",13,0,"FASMEE23","Blank","FieldBlank","CW/KOH",20241119,20250502,"LL","1000x","n/a","","FieldBlank1B","F23_C",NA,NA,NA,NA,"Blank",NA,NA,0,NA,NA,NA,NA,NA,0,0,0.15,0,0,0.25625,0,NA,0,NA,0,NA,NA,123050.78125,NA,NA,NA,NA,NA,NA,NA,NA,NA,NA,NA,NA,NA,NA,NA,NA,NA,NA,NA,NA,NA,NA,NA,NA,NA,NA,NA,NA,NA,NA,NA,NA,NA,NA,NA,NA,NA,NA,NA,NA,NA,NA,NA,NA,NA,NA,NA,NA,NA,NA,NA,NA,NA
"FieldBlank1B_B",14,0,"FASMEE23","Blank","FieldBlank","CW/KOH",20241119,20250502,"LL","1000x","n/a","","FieldBlank1B","F23_C",NA,NA,NA,NA,"Blank",NA,NA,0,NA,NA,NA,NA,NA,0,0,0.15,0,0,0.25625,0,NA,0,NA,0,NA,NA,123050.78125,NA,NA,NA,NA,NA,NA,NA,NA,NA,NA,NA,NA,NA,NA,NA,NA,NA,NA,NA,NA,NA,NA,NA,NA,NA,NA,NA,NA,NA,NA,NA,NA,NA,NA,NA,NA,NA,NA,NA,NA,NA,NA,NA,NA,NA,NA,NA,NA,NA,NA,NA,NA,NA
"FieldBlank1B_B",15,0,"FASMEE23","Blank","FieldBlank","CW/KOH",20241119,20250502,"LL","1000x","n/a","","FieldBlank1B","F23_C",NA,NA,NA,NA,"Blank",NA,NA,0,NA,NA,NA,NA,NA,0,0,0.15,0,0,0.25625,0,NA,0,NA,0,NA,NA,123050.78125,NA,NA,NA,NA,NA,NA,NA,NA,NA,NA,NA,NA,NA,NA,NA,NA,NA,NA,NA,NA,NA,NA,NA,NA,NA,NA,NA,NA,NA,NA,NA,NA,NA,NA,NA,NA,NA,NA,NA,NA,NA,NA,NA,NA,NA,NA,NA,NA,NA,NA,NA,NA,NA
"FieldBlank1B_B",16,1,"FASMEE23","Blank","FieldBlank","CW/KOH",20241119,20250502,"LL","1000x","n/a","","FieldBlank1B","F23_C",NA,NA,NA,NA,"Blank",NA,NA,0,NA,NA,NA,NA,NA,0,0,0.15,0.85,0,0.25625,0.74375,NA,7225,Inf,5373.59375,Inf,NA,123050.78125,NA,NA,NA,NA,NA,NA,NA,NA,NA,NA,NA,NA,NA,NA,NA,NA,NA,NA,NA,NA,NA,NA,NA,NA,NA,NA,NA,NA,NA,NA,NA,NA,NA,NA,NA,NA,NA,NA,NA,NA,NA,NA,NA,NA,NA,NA,NA,NA,NA,NA,NA,NA,NA
"FieldBlank1B_B",17,0,"FASMEE23","Blank","FieldBlank","CW/KOH",20241119,20250502,"LL","1000x","n/a","","FieldBlank1B","F23_C",NA,NA,NA,NA,"Blank",NA,NA,0,NA,NA,NA,NA,NA,0,0,0.15,0,0,0.25625,0,NA,0,NA,0,NA,NA,123050.78125,NA,NA,NA,NA,NA,NA,NA,NA,NA,NA,NA,NA,NA,NA,NA,NA,NA,NA,NA,NA,NA,NA,NA,NA,NA,NA,NA,NA,NA,NA,NA,NA,NA,NA,NA,NA,NA,NA,NA,NA,NA,NA,NA,NA,NA,NA,NA,NA,NA,NA,NA,NA,NA
"FieldBlank1B_B",18,0,"FASMEE23","Blank","FieldBlank","CW/KOH",20241119,20250502,"LL","1000x","n/a","","FieldBlank1B","F23_C",NA,NA,NA,NA,"Blank",NA,NA,0,NA,NA,NA,NA,NA,0,0,0.15,0,0,0.25625,0,NA,0,NA,0,NA,NA,123050.78125,NA,NA,NA,NA,NA,NA,NA,NA,NA,NA,NA,NA,NA,NA,NA,NA,NA,NA,NA,NA,NA,NA,NA,NA,NA,NA,NA,NA,NA,NA,NA,NA,NA,NA,NA,NA,NA,NA,NA,NA,NA,NA,NA,NA,NA,NA,NA,NA,NA,NA,NA,NA,NA
"FieldBlank1B_B",19,1,"FASMEE23","Blank","FieldBlank","CW/KOH",20241119,20250502,"LL","1000x","n/a","","FieldBlank1B","F23_C",NA,NA,NA,NA,"Blank",NA,NA,0,NA,NA,NA,NA,NA,0,0,0.15,0.85,0,0.25625,0.74375,NA,7225,Inf,5373.59375,Inf,NA,123050.78125,NA,NA,NA,NA,NA,NA,NA,NA,NA,NA,NA,NA,NA,NA,NA,NA,NA,NA,NA,NA,NA,NA,NA,NA,NA,NA,NA,NA,NA,NA,NA,NA,NA,NA,NA,NA,NA,NA,NA,NA,NA,NA,NA,NA,NA,NA,NA,NA,NA,NA,NA,NA,NA
"FieldBlank1B_B",20,0,"FASMEE23","Blank","FieldBlank","CW/KOH",20241119,20250502,"LL","1000x","n/a","","FieldBlank1B","F23_C",NA,NA,NA,NA,"Blank",NA,NA,0,NA,NA,NA,NA,NA,0,0,0.15,0,0,0.25625,0,NA,0,NA,0,NA,NA,123050.78125,NA,NA,NA,NA,NA,NA,NA,NA,NA,NA,NA,NA,NA,NA,NA,NA,NA,NA,NA,NA,NA,NA,NA,NA,NA,NA,NA,NA,NA,NA,NA,NA,NA,NA,NA,NA,NA,NA,NA,NA,NA,NA,NA,NA,NA,NA,NA,NA,NA,NA,NA,NA,NA
"FieldBlank1B_B",21,0,"FASMEE23","Blank","FieldBlank","CW/KOH",20241119,20250502,"LL","1000x","n/a","","FieldBlank1B","F23_C",NA,NA,NA,NA,"Blank",NA,NA,0,NA,NA,NA,NA,NA,0,0,0.15,0,0,0.25625,0,NA,0,NA,0,NA,NA,123050.78125,NA,NA,NA,NA,NA,NA,NA,NA,NA,NA,NA,NA,NA,NA,NA,NA,NA,NA,NA,NA,NA,NA,NA,NA,NA,NA,NA,NA,NA,NA,NA,NA,NA,NA,NA,NA,NA,NA,NA,NA,NA,NA,NA,NA,NA,NA,NA,NA,NA,NA,NA,NA,NA
"FieldBlank1B_B",22,0,"FASMEE23","Blank","FieldBlank","CW/KOH",20241119,20250502,"LL","1000x","n/a","","FieldBlank1B","F23_C",NA,NA,NA,NA,"Blank",NA,NA,0,NA,NA,NA,NA,NA,0,0,0.15,0,0,0.25625,0,NA,0,NA,0,NA,NA,123050.78125,NA,NA,NA,NA,NA,NA,NA,NA,NA,NA,NA,NA,NA,NA,NA,NA,NA,NA,NA,NA,NA,NA,NA,NA,NA,NA,NA,NA,NA,NA,NA,NA,NA,NA,NA,NA,NA,NA,NA,NA,NA,NA,NA,NA,NA,NA,NA,NA,NA,NA,NA,NA,NA
"FieldBlank1B_B",23,1,"FASMEE23","Blank","FieldBlank","CW/KOH",20241119,20250502,"LL","1000x","n/a","","FieldBlank1B","F23_C",NA,NA,NA,NA,"Blank",NA,NA,0,NA,NA,NA,NA,NA,0,0,0.15,0.85,0,0.25625,0.74375,NA,7225,Inf,5373.59375,Inf,NA,123050.78125,NA,NA,NA,NA,NA,NA,NA,NA,NA,NA,NA,NA,NA,NA,NA,NA,NA,NA,NA,NA,NA,NA,NA,NA,NA,NA,NA,NA,NA,NA,NA,NA,NA,NA,NA,NA,NA,NA,NA,NA,NA,NA,NA,NA,NA,NA,NA,NA,NA,NA,NA,NA,NA
"FieldBlank1B_B",24,0,"FASMEE23","Blank","FieldBlank","CW/KOH",20241119,20250502,"LL","1000x","n/a","","FieldBlank1B","F23_C",NA,NA,NA,NA,"Blank",NA,NA,0,NA,NA,NA,NA,NA,0,0,0.15,0,0,0.25625,0,NA,0,NA,0,NA,NA,123050.78125,NA,NA,NA,NA,NA,NA,NA,NA,NA,NA,NA,NA,NA,NA,NA,NA,NA,NA,NA,NA,NA,NA,NA,NA,NA,NA,NA,NA,NA,NA,NA,NA,NA,NA,NA,NA,NA,NA,NA,NA,NA,NA,NA,NA,NA,NA,NA,NA,NA,NA,NA,NA,NA
"FieldBlank1B_B",25,0,"FASMEE23","Blank","FieldBlank","CW/KOH",20241119,20250502,"LL","1000x","n/a","","FieldBlank1B","F23_C",NA,NA,NA,NA,"Blank",NA,NA,0,NA,NA,NA,NA,NA,0,0,0.15,0,0,0.25625,0,NA,0,NA,0,NA,NA,123050.78125,NA,NA,NA,NA,NA,NA,NA,NA,NA,NA,NA,NA,NA,NA,NA,NA,NA,NA,NA,NA,NA,NA,NA,NA,NA,NA,NA,NA,NA,NA,NA,NA,NA,NA,NA,NA,NA,NA,NA,NA,NA,NA,NA,NA,NA,NA,NA,NA,NA,NA,NA,NA,NA
"FieldBlank1B_B",26,0,"FASMEE23","Blank","FieldBlank","CW/KOH",20241119,20250502,"LL","1000x","n/a","","FieldBlank1B","F23_C",NA,NA,NA,NA,"Blank",NA,NA,0,NA,NA,NA,NA,NA,0,0,0.15,0,0,0.25625,0,NA,0,NA,0,NA,NA,123050.78125,NA,NA,NA,NA,NA,NA,NA,NA,NA,NA,NA,NA,NA,NA,NA,NA,NA,NA,NA,NA,NA,NA,NA,NA,NA,NA,NA,NA,NA,NA,NA,NA,NA,NA,NA,NA,NA,NA,NA,NA,NA,NA,NA,NA,NA,NA,NA,NA,NA,NA,NA,NA,NA
"FieldBlank1B_B",27,0,"FASMEE23","Blank","FieldBlank","CW/KOH",20241119,20250502,"LL","1000x","n/a","","FieldBlank1B","F23_C",NA,NA,NA,NA,"Blank",NA,NA,0,NA,NA,NA,NA,NA,0,0,0.15,0,0,0.25625,0,NA,0,NA,0,NA,NA,123050.78125,NA,NA,NA,NA,NA,NA,NA,NA,NA,NA,NA,NA,NA,NA,NA,NA,NA,NA,NA,NA,NA,NA,NA,NA,NA,NA,NA,NA,NA,NA,NA,NA,NA,NA,NA,NA,NA,NA,NA,NA,NA,NA,NA,NA,NA,NA,NA,NA,NA,NA,NA,NA,NA
"FieldBlank1B_B",28,0,"FASMEE23","Blank","FieldBlank","CW/KOH",20241119,20250502,"LL","1000x","n/a","","FieldBlank1B","F23_C",NA,NA,NA,NA,"Blank",NA,NA,0,NA,NA,NA,NA,NA,0,0,0.15,0,0,0.25625,0,NA,0,NA,0,NA,NA,123050.78125,NA,NA,NA,NA,NA,NA,NA,NA,NA,NA,NA,NA,NA,NA,NA,NA,NA,NA,NA,NA,NA,NA,NA,NA,NA,NA,NA,NA,NA,NA,NA,NA,NA,NA,NA,NA,NA,NA,NA,NA,NA,NA,NA,NA,NA,NA,NA,NA,NA,NA,NA,NA,NA
"FieldBlank1B_B",29,0,"FASMEE23","Blank","FieldBlank","CW/KOH",20241119,20250502,"LL","1000x","n/a","","FieldBlank1B","F23_C",NA,NA,NA,NA,"Blank",NA,NA,0,NA,NA,NA,NA,NA,0,0,0.15,0,0,0.25625,0,NA,0,NA,0,NA,NA,123050.78125,NA,NA,NA,NA,NA,NA,NA,NA,NA,NA,NA,NA,NA,NA,NA,NA,NA,NA,NA,NA,NA,NA,NA,NA,NA,NA,NA,NA,NA,NA,NA,NA,NA,NA,NA,NA,NA,NA,NA,NA,NA,NA,NA,NA,NA,NA,NA,NA,NA,NA,NA,NA,NA
"FieldBlank1B_B",30,0,"FASMEE23","Blank","FieldBlank","CW/KOH",20241119,20250502,"LL","1000x","n/a","","FieldBlank1B","F23_C",NA,NA,NA,NA,"Blank",NA,NA,0,NA,NA,NA,NA,NA,0,0,0.15,0,0,0.25625,0,NA,0,NA,0,NA,NA,123050.78125,NA,NA,NA,NA,NA,NA,NA,NA,NA,NA,NA,NA,NA,NA,NA,NA,NA,NA,NA,NA,NA,NA,NA,NA,NA,NA,NA,NA,NA,NA,NA,NA,NA,NA,NA,NA,NA,NA,NA,NA,NA,NA,NA,NA,NA,NA,NA,NA,NA,NA,NA,NA,NA
"FieldBlank1B_B",31,0,"FASMEE23","Blank","FieldBlank","CW/KOH",20241119,20250502,"LL","1000x","n/a","","FieldBlank1B","F23_C",NA,NA,NA,NA,"Blank",NA,NA,0,NA,NA,NA,NA,NA,0,0,0.15,0,0,0.25625,0,NA,0,NA,0,NA,NA,123050.78125,NA,NA,NA,NA,NA,NA,NA,NA,NA,NA,NA,NA,NA,NA,NA,NA,NA,NA,NA,NA,NA,NA,NA,NA,NA,NA,NA,NA,NA,NA,NA,NA,NA,NA,NA,NA,NA,NA,NA,NA,NA,NA,NA,NA,NA,NA,NA,NA,NA,NA,NA,NA,NA
"FieldBlank1B_B",32,0,"FASMEE23","Blank","FieldBlank","CW/KOH",20241119,20250502,"LL","1000x","n/a","","FieldBlank1B","F23_C",NA,NA,NA,NA,"Blank",NA,NA,0,NA,NA,NA,NA,NA,0,0,0.15,0,0,0.25625,0,NA,0,NA,0,NA,NA,123050.78125,NA,NA,NA,NA,NA,NA,NA,NA,NA,NA,NA,NA,NA,NA,NA,NA,NA,NA,NA,NA,NA,NA,NA,NA,NA,NA,NA,NA,NA,NA,NA,NA,NA,NA,NA,NA,NA,NA,NA,NA,NA,NA,NA,NA,NA,NA,NA,NA,NA,NA,NA,NA,NA
"FieldBlank1B_B",33,0,"FASMEE23","Blank","FieldBlank","CW/KOH",20241119,20250502,"LL","1000x","n/a","","FieldBlank1B","F23_C",NA,NA,NA,NA,"Blank",NA,NA,0,NA,NA,NA,NA,NA,0,0,0.15,0,0,0.25625,0,NA,0,NA,0,NA,NA,123050.78125,NA,NA,NA,NA,NA,NA,NA,NA,NA,NA,NA,NA,NA,NA,NA,NA,NA,NA,NA,NA,NA,NA,NA,NA,NA,NA,NA,NA,NA,NA,NA,NA,NA,NA,NA,NA,NA,NA,NA,NA,NA,NA,NA,NA,NA,NA,NA,NA,NA,NA,NA,NA,NA
"FieldBlank1B_B",34,0,"FASMEE23","Blank","FieldBlank","CW/KOH",20241119,20250502,"LL","1000x","n/a","","FieldBlank1B","F23_C",NA,NA,NA,NA,"Blank",NA,NA,0,NA,NA,NA,NA,NA,0,0,0.15,0,0,0.25625,0,NA,0,NA,0,NA,NA,123050.78125,NA,NA,NA,NA,NA,NA,NA,NA,NA,NA,NA,NA,NA,NA,NA,NA,NA,NA,NA,NA,NA,NA,NA,NA,NA,NA,NA,NA,NA,NA,NA,NA,NA,NA,NA,NA,NA,NA,NA,NA,NA,NA,NA,NA,NA,NA,NA,NA,NA,NA,NA,NA,NA
"FieldBlank1B_B",35,0,"FASMEE23","Blank","FieldBlank","CW/KOH",20241119,20250502,"LL","1000x","n/a","","FieldBlank1B","F23_C",NA,NA,NA,NA,"Blank",NA,NA,0,NA,NA,NA,NA,NA,0,0,0.15,0,0,0.25625,0,NA,0,NA,0,NA,NA,123050.78125,NA,NA,NA,NA,NA,NA,NA,NA,NA,NA,NA,NA,NA,NA,NA,NA,NA,NA,NA,NA,NA,NA,NA,NA,NA,NA,NA,NA,NA,NA,NA,NA,NA,NA,NA,NA,NA,NA,NA,NA,NA,NA,NA,NA,NA,NA,NA,NA,NA,NA,NA,NA,NA
"FieldBlank1B_B",36,0,"FASMEE23","Blank","FieldBlank","CW/KOH",20241119,20250502,"LL","1000x","n/a","","FieldBlank1B","F23_C",NA,NA,NA,NA,"Blank",NA,NA,0,NA,NA,NA,NA,NA,0,0,0.15,0,0,0.25625,0,NA,0,NA,0,NA,NA,123050.78125,NA,NA,NA,NA,NA,NA,NA,NA,NA,NA,NA,NA,NA,NA,NA,NA,NA,NA,NA,NA,NA,NA,NA,NA,NA,NA,NA,NA,NA,NA,NA,NA,NA,NA,NA,NA,NA,NA,NA,NA,NA,NA,NA,NA,NA,NA,NA,NA,NA,NA,NA,NA,NA
"FieldBlank1B_B",37,0,"FASMEE23","Blank","FieldBlank","CW/KOH",20241119,20250502,"LL","1000x","n/a","","FieldBlank1B","F23_C",NA,NA,NA,NA,"Blank",NA,NA,0,NA,NA,NA,NA,NA,0,0,0.15,0,0,0.25625,0,NA,0,NA,0,NA,NA,123050.78125,NA,NA,NA,NA,NA,NA,NA,NA,NA,NA,NA,NA,NA,NA,NA,NA,NA,NA,NA,NA,NA,NA,NA,NA,NA,NA,NA,NA,NA,NA,NA,NA,NA,NA,NA,NA,NA,NA,NA,NA,NA,NA,NA,NA,NA,NA,NA,NA,NA,NA,NA,NA,NA
"FieldBlank1B_B",38,0,"FASMEE23","Blank","FieldBlank","CW/KOH",20241119,20250502,"LL","1000x","n/a","","FieldBlank1B","F23_C",NA,NA,NA,NA,"Blank",NA,NA,0,NA,NA,NA,NA,NA,0,0,0.15,0,0,0.25625,0,NA,0,NA,0,NA,NA,123050.78125,NA,NA,NA,NA,NA,NA,NA,NA,NA,NA,NA,NA,NA,NA,NA,NA,NA,NA,NA,NA,NA,NA,NA,NA,NA,NA,NA,NA,NA,NA,NA,NA,NA,NA,NA,NA,NA,NA,NA,NA,NA,NA,NA,NA,NA,NA,NA,NA,NA,NA,NA,NA,NA
"FieldBlank1B_B",39,0,"FASMEE23","Blank","FieldBlank","CW/KOH",20241119,20250502,"LL","1000x","n/a","","FieldBlank1B","F23_C",NA,NA,NA,NA,"Blank",NA,NA,0,NA,NA,NA,NA,NA,0,0,0.15,0,0,0.25625,0,NA,0,NA,0,NA,NA,123050.78125,NA,NA,NA,NA,NA,NA,NA,NA,NA,NA,NA,NA,NA,NA,NA,NA,NA,NA,NA,NA,NA,NA,NA,NA,NA,NA,NA,NA,NA,NA,NA,NA,NA,NA,NA,NA,NA,NA,NA,NA,NA,NA,NA,NA,NA,NA,NA,NA,NA,NA,NA,NA,NA
"FieldBlank1B_B",40,0,"FASMEE23","Blank","FieldBlank","CW/KOH",20241119,20250502,"LL","1000x","n/a","","FieldBlank1B","F23_C",NA,NA,NA,NA,"Blank",NA,NA,0,NA,NA,NA,NA,NA,0,0,0.15,0,0,0.25625,0,NA,0,NA,0,NA,NA,123050.78125,NA,NA,NA,NA,NA,NA,NA,NA,NA,NA,NA,NA,NA,NA,NA,NA,NA,NA,NA,NA,NA,NA,NA,NA,NA,NA,NA,NA,NA,NA,NA,NA,NA,NA,NA,NA,NA,NA,NA,NA,NA,NA,NA,NA,NA,NA,NA,NA,NA,NA,NA,NA,NA
"B3B_B",1,0,"FASMEE23","Button","Ambient","CW/KOH",20241217,20250506,"LL","1000x","n/a","","B3B","F23_D",2023-10-09,2023-10-09 12:17:00,2023-10-09 18:17:00,2,"Blue","PTFE",4,40,10,2023-10-09 18:17:00,2023-10-09 18:27:00,"","B3",20,0.02,0,0,-3.91202300542815,0.10625,0,3,0,0,0,0,NA,123050.78125,3.73360545454545,3.7674,4.8602,0.0431818181818182,0,2.25,0.0431818181818182,0,2.25,14.1910331384016,13.8888888888889,16.1111111111111,11.6666666666667,23.6842105263158,23,21,26,3.35815549149463,3.54856909262987,4.02892321604069,2.75476213820575,46.75,16.5,0,0,0,0,72,72,72,72,1.32638510836598,"Good","None",NA,NA,NA,NA,NA,NA,NA,NA,NA,NA,NA,NA,NA,NA,NA,NA,NA,NA,NA
"B3B_B",2,0,"FASMEE23","Button","Ambient","CW/KOH",20241217,20250506,"LL","1000x","n/a","","B3B","F23_D",2023-10-09,2023-10-09 12:17:00,2023-10-09 18:17:00,2,"Blue","PTFE",4,40,10,2023-10-09 18:17:00,2023-10-09 18:27:00,"","B3",20,0.02,0,0,-3.91202300542815,0.10625,0,3,0,0,0,0,NA,123050.78125,3.73360545454545,3.7674,4.8602,0.0431818181818182,0,2.25,0.0431818181818182,0,2.25,14.1910331384016,13.8888888888889,16.1111111111111,11.6666666666667,23.6842105263158,23,21,26,3.35815549149463,3.54856909262987,4.02892321604069,2.75476213820575,46.75,16.5,0,0,0,0,72,72,72,72,1.32638510836598,"Good","None",NA,NA,NA,NA,NA,NA,NA,NA,NA,NA,NA,NA,NA,NA,NA,NA,NA,NA,NA
"B3B_B",3,1,"FASMEE23","Button","Ambient","CW/KOH",20241217,20250506,"LL","1000x","n/a","","B3B","F23_D",2023-10-09,2023-10-09 12:17:00,2023-10-09 18:17:00,2,"Blue","PTFE",4,40,10,2023-10-09 18:17:00,2023-10-09 18:27:00,"","B3",20,0.02,0,1,-3.91202300542815,0.10625,0.89375,3,7225,361250,6457.34375,322867.1875,NA,123050.78125,3.73360545454545,3.7674,4.8602,0.0431818181818182,0,2.25,0.0431818181818182,0,2.25,14.1910331384016,13.8888888888889,16.1111111111111,11.6666666666667,23.6842105263158,23,21,26,3.35815549149463,3.54856909262987,4.02892321604069,2.75476213820575,46.75,16.5,0,0,0,0,72,72,72,72,1.32638510836598,"Good","None",NA,NA,NA,NA,NA,NA,NA,NA,NA,NA,NA,NA,NA,NA,NA,NA,NA,NA,NA
"B3B_B",4,0,"FASMEE23","Button","Ambient","CW/KOH",20241217,20250506,"LL","1000x","n/a","","B3B","F23_D",2023-10-09,2023-10-09 12:17:00,2023-10-09 18:17:00,2,"Blue","PTFE",4,40,10,2023-10-09 18:17:00,2023-10-09 18:27:00,"","B3",20,0.02,0,0,-3.91202300542815,0.10625,0,3,0,0,0,0,NA,123050.78125,3.73360545454545,3.7674,4.8602,0.0431818181818182,0,2.25,0.0431818181818182,0,2.25,14.1910331384016,13.8888888888889,16.1111111111111,11.6666666666667,23.6842105263158,23,21,26,3.35815549149463,3.54856909262987,4.02892321604069,2.75476213820575,46.75,16.5,0,0,0,0,72,72,72,72,1.32638510836598,"Good","None",NA,NA,NA,NA,NA,NA,NA,NA,NA,NA,NA,NA,NA,NA,NA,NA,NA,NA,NA
"B3B_B",5,1,"FASMEE23","Button","Ambient","CW/KOH",20241217,20250506,"LL","1000x","n/a","","B3B","F23_D",2023-10-09,2023-10-09 12:17:00,2023-10-09 18:17:00,2,"Blue","PTFE",4,40,10,2023-10-09 18:17:00,2023-10-09 18:27:00,"","B3",20,0.02,0,1,-3.91202300542815,0.10625,0.89375,3,7225,361250,6457.34375,322867.1875,NA,123050.78125,3.73360545454545,3.7674,4.8602,0.0431818181818182,0,2.25,0.0431818181818182,0,2.25,14.1910331384016,13.8888888888889,16.1111111111111,11.6666666666667,23.6842105263158,23,21,26,3.35815549149463,3.54856909262987,4.02892321604069,2.75476213820575,46.75,16.5,0,0,0,0,72,72,72,72,1.32638510836598,"Good","None",NA,NA,NA,NA,NA,NA,NA,NA,NA,NA,NA,NA,NA,NA,NA,NA,NA,NA,NA
"B3B_B",6,0,"FASMEE23","Button","Ambient","CW/KOH",20241217,20250506,"LL","1000x","n/a","","B3B","F23_D",2023-10-09,2023-10-09 12:17:00,2023-10-09 18:17:00,2,"Blue","PTFE",4,40,10,2023-10-09 18:17:00,2023-10-09 18:27:00,"","B3",20,0.02,0,0,-3.91202300542815,0.10625,0,3,0,0,0,0,NA,123050.78125,3.73360545454545,3.7674,4.8602,0.0431818181818182,0,2.25,0.0431818181818182,0,2.25,14.1910331384016,13.8888888888889,16.1111111111111,11.6666666666667,23.6842105263158,23,21,26,3.35815549149463,3.54856909262987,4.02892321604069,2.75476213820575,46.75,16.5,0,0,0,0,72,72,72,72,1.32638510836598,"Good","None",NA,NA,NA,NA,NA,NA,NA,NA,NA,NA,NA,NA,NA,NA,NA,NA,NA,NA,NA
"B3B_B",7,0,"FASMEE23","Button","Ambient","CW/KOH",20241217,20250506,"LL","1000x","n/a","","B3B","F23_D",2023-10-09,2023-10-09 12:17:00,2023-10-09 18:17:00,2,"Blue","PTFE",4,40,10,2023-10-09 18:17:00,2023-10-09 18:27:00,"","B3",20,0.02,0,0,-3.91202300542815,0.10625,0,3,0,0,0,0,NA,123050.78125,3.73360545454545,3.7674,4.8602,0.0431818181818182,0,2.25,0.0431818181818182,0,2.25,14.1910331384016,13.8888888888889,16.1111111111111,11.6666666666667,23.6842105263158,23,21,26,3.35815549149463,3.54856909262987,4.02892321604069,2.75476213820575,46.75,16.5,0,0,0,0,72,72,72,72,1.32638510836598,"Good","None",NA,NA,NA,NA,NA,NA,NA,NA,NA,NA,NA,NA,NA,NA,NA,NA,NA,NA,NA
"B3B_B",8,1,"FASMEE23","Button","Ambient","CW/KOH",20241217,20250506,"LL","1000x","n/a","","B3B","F23_D",2023-10-09,2023-10-09 12:17:00,2023-10-09 18:17:00,2,"Blue","PTFE",4,40,10,2023-10-09 18:17:00,2023-10-09 18:27:00,"","B3",20,0.02,0,1,-3.91202300542815,0.10625,0.89375,3,7225,361250,6457.34375,322867.1875,NA,123050.78125,3.73360545454545,3.7674,4.8602,0.0431818181818182,0,2.25,0.0431818181818182,0,2.25,14.1910331384016,13.8888888888889,16.1111111111111,11.6666666666667,23.6842105263158,23,21,26,3.35815549149463,3.54856909262987,4.02892321604069,2.75476213820575,46.75,16.5,0,0,0,0,72,72,72,72,1.32638510836598,"Good","None",NA,NA,NA,NA,NA,NA,NA,NA,NA,NA,NA,NA,NA,NA,NA,NA,NA,NA,NA
"B3B_B",9,0,"FASMEE23","Button","Ambient","CW/KOH",20241217,20250506,"LL","1000x","n/a","","B3B","F23_D",2023-10-09,2023-10-09 12:17:00,2023-10-09 18:17:00,2,"Blue","PTFE",4,40,10,2023-10-09 18:17:00,2023-10-09 18:27:00,"","B3",20,0.02,0,0,-3.91202300542815,0.10625,0,3,0,0,0,0,NA,123050.78125,3.73360545454545,3.7674,4.8602,0.0431818181818182,0,2.25,0.0431818181818182,0,2.25,14.1910331384016,13.8888888888889,16.1111111111111,11.6666666666667,23.6842105263158,23,21,26,3.35815549149463,3.54856909262987,4.02892321604069,2.75476213820575,46.75,16.5,0,0,0,0,72,72,72,72,1.32638510836598,"Good","None",NA,NA,NA,NA,NA,NA,NA,NA,NA,NA,NA,NA,NA,NA,NA,NA,NA,NA,NA
"B3B_B",10,0,"FASMEE23","Button","Ambient","CW/KOH",20241217,20250506,"LL","1000x","n/a","","B3B","F23_D",2023-10-09,2023-10-09 12:17:00,2023-10-09 18:17:00,2,"Blue","PTFE",4,40,10,2023-10-09 18:17:00,2023-10-09 18:27:00,"","B3",20,0.02,0,0,-3.91202300542815,0.10625,0,3,0,0,0,0,NA,123050.78125,3.73360545454545,3.7674,4.8602,0.0431818181818182,0,2.25,0.0431818181818182,0,2.25,14.1910331384016,13.8888888888889,16.1111111111111,11.6666666666667,23.6842105263158,23,21,26,3.35815549149463,3.54856909262987,4.02892321604069,2.75476213820575,46.75,16.5,0,0,0,0,72,72,72,72,1.32638510836598,"Good","None",NA,NA,NA,NA,NA,NA,NA,NA,NA,NA,NA,NA,NA,NA,NA,NA,NA,NA,NA
"B3B_B",11,0,"FASMEE23","Button","Ambient","CW/KOH",20241217,20250506,"LL","1000x","n/a","","B3B","F23_D",2023-10-09,2023-10-09 12:17:00,2023-10-09 18:17:00,2,"Blue","PTFE",4,40,10,2023-10-09 18:17:00,2023-10-09 18:27:00,"","B3",20,0.02,0,0,-3.91202300542815,0.10625,0,3,0,0,0,0,NA,123050.78125,3.73360545454545,3.7674,4.8602,0.0431818181818182,0,2.25,0.0431818181818182,0,2.25,14.1910331384016,13.8888888888889,16.1111111111111,11.6666666666667,23.6842105263158,23,21,26,3.35815549149463,3.54856909262987,4.02892321604069,2.75476213820575,46.75,16.5,0,0,0,0,72,72,72,72,1.32638510836598,"Good","None",NA,NA,NA,NA,NA,NA,NA,NA,NA,NA,NA,NA,NA,NA,NA,NA,NA,NA,NA
"B3B_B",12,0,"FASMEE23","Button","Ambient","CW/KOH",20241217,20250506,"LL","1000x","n/a","","B3B","F23_D",2023-10-09,2023-10-09 12:17:00,2023-10-09 18:17:00,2,"Blue","PTFE",4,40,10,2023-10-09 18:17:00,2023-10-09 18:27:00,"","B3",20,0.02,0,0,-3.91202300542815,0.10625,0,3,0,0,0,0,NA,123050.78125,3.73360545454545,3.7674,4.8602,0.0431818181818182,0,2.25,0.0431818181818182,0,2.25,14.1910331384016,13.8888888888889,16.1111111111111,11.6666666666667,23.6842105263158,23,21,26,3.35815549149463,3.54856909262987,4.02892321604069,2.75476213820575,46.75,16.5,0,0,0,0,72,72,72,72,1.32638510836598,"Good","None",NA,NA,NA,NA,NA,NA,NA,NA,NA,NA,NA,NA,NA,NA,NA,NA,NA,NA,NA
"B3B_B",13,0,"FASMEE23","Button","Ambient","CW/KOH",20241217,20250506,"LL","1000x","n/a","","B3B","F23_D",2023-10-09,2023-10-09 12:17:00,2023-10-09 18:17:00,2,"Blue","PTFE",4,40,10,2023-10-09 18:17:00,2023-10-09 18:27:00,"","B3",20,0.02,0,0,-3.91202300542815,0.10625,0,3,0,0,0,0,NA,123050.78125,3.73360545454545,3.7674,4.8602,0.0431818181818182,0,2.25,0.0431818181818182,0,2.25,14.1910331384016,13.8888888888889,16.1111111111111,11.6666666666667,23.6842105263158,23,21,26,3.35815549149463,3.54856909262987,4.02892321604069,2.75476213820575,46.75,16.5,0,0,0,0,72,72,72,72,1.32638510836598,"Good","None",NA,NA,NA,NA,NA,NA,NA,NA,NA,NA,NA,NA,NA,NA,NA,NA,NA,NA,NA
"B3B_B",14,0,"FASMEE23","Button","Ambient","CW/KOH",20241217,20250506,"LL","1000x","n/a","","B3B","F23_D",2023-10-09,2023-10-09 12:17:00,2023-10-09 18:17:00,2,"Blue","PTFE",4,40,10,2023-10-09 18:17:00,2023-10-09 18:27:00,"","B3",20,0.02,0,0,-3.91202300542815,0.10625,0,3,0,0,0,0,NA,123050.78125,3.73360545454545,3.7674,4.8602,0.0431818181818182,0,2.25,0.0431818181818182,0,2.25,14.1910331384016,13.8888888888889,16.1111111111111,11.6666666666667,23.6842105263158,23,21,26,3.35815549149463,3.54856909262987,4.02892321604069,2.75476213820575,46.75,16.5,0,0,0,0,72,72,72,72,1.32638510836598,"Good","None",NA,NA,NA,NA,NA,NA,NA,NA,NA,NA,NA,NA,NA,NA,NA,NA,NA,NA,NA
"B3B_B",15,0,"FASMEE23","Button","Ambient","CW/KOH",20241217,20250506,"LL","1000x","n/a","","B3B","F23_D",2023-10-09,2023-10-09 12:17:00,2023-10-09 18:17:00,2,"Blue","PTFE",4,40,10,2023-10-09 18:17:00,2023-10-09 18:27:00,"","B3",20,0.02,0,0,-3.91202300542815,0.10625,0,3,0,0,0,0,NA,123050.78125,3.73360545454545,3.7674,4.8602,0.0431818181818182,0,2.25,0.0431818181818182,0,2.25,14.1910331384016,13.8888888888889,16.1111111111111,11.6666666666667,23.6842105263158,23,21,26,3.35815549149463,3.54856909262987,4.02892321604069,2.75476213820575,46.75,16.5,0,0,0,0,72,72,72,72,1.32638510836598,"Good","None",NA,NA,NA,NA,NA,NA,NA,NA,NA,NA,NA,NA,NA,NA,NA,NA,NA,NA,NA
"B3B_B",16,0,"FASMEE23","Button","Ambient","CW/KOH",20241217,20250506,"LL","1000x","n/a","","B3B","F23_D",2023-10-09,2023-10-09 12:17:00,2023-10-09 18:17:00,2,"Blue","PTFE",4,40,10,2023-10-09 18:17:00,2023-10-09 18:27:00,"","B3",20,0.02,0,0,-3.91202300542815,0.10625,0,3,0,0,0,0,NA,123050.78125,3.73360545454545,3.7674,4.8602,0.0431818181818182,0,2.25,0.0431818181818182,0,2.25,14.1910331384016,13.8888888888889,16.1111111111111,11.6666666666667,23.6842105263158,23,21,26,3.35815549149463,3.54856909262987,4.02892321604069,2.75476213820575,46.75,16.5,0,0,0,0,72,72,72,72,1.32638510836598,"Good","None",NA,NA,NA,NA,NA,NA,NA,NA,NA,NA,NA,NA,NA,NA,NA,NA,NA,NA,NA
"B3B_B",17,1,"FASMEE23","Button","Ambient","CW/KOH",20241217,20250506,"LL","1000x","n/a","","B3B","F23_D",2023-10-09,2023-10-09 12:17:00,2023-10-09 18:17:00,2,"Blue","PTFE",4,40,10,2023-10-09 18:17:00,2023-10-09 18:27:00,"","B3",20,0.02,0,1,-3.91202300542815,0.10625,0.89375,3,7225,361250,6457.34375,322867.1875,NA,123050.78125,3.73360545454545,3.7674,4.8602,0.0431818181818182,0,2.25,0.0431818181818182,0,2.25,14.1910331384016,13.8888888888889,16.1111111111111,11.6666666666667,23.6842105263158,23,21,26,3.35815549149463,3.54856909262987,4.02892321604069,2.75476213820575,46.75,16.5,0,0,0,0,72,72,72,72,1.32638510836598,"Good","None",NA,NA,NA,NA,NA,NA,NA,NA,NA,NA,NA,NA,NA,NA,NA,NA,NA,NA,NA
"B3B_B",18,0,"FASMEE23","Button","Ambient","CW/KOH",20241217,20250506,"LL","1000x","n/a","","B3B","F23_D",2023-10-09,2023-10-09 12:17:00,2023-10-09 18:17:00,2,"Blue","PTFE",4,40,10,2023-10-09 18:17:00,2023-10-09 18:27:00,"","B3",20,0.02,0,0,-3.91202300542815,0.10625,0,3,0,0,0,0,NA,123050.78125,3.73360545454545,3.7674,4.8602,0.0431818181818182,0,2.25,0.0431818181818182,0,2.25,14.1910331384016,13.8888888888889,16.1111111111111,11.6666666666667,23.6842105263158,23,21,26,3.35815549149463,3.54856909262987,4.02892321604069,2.75476213820575,46.75,16.5,0,0,0,0,72,72,72,72,1.32638510836598,"Good","None",NA,NA,NA,NA,NA,NA,NA,NA,NA,NA,NA,NA,NA,NA,NA,NA,NA,NA,NA
"B3B_B",19,0,"FASMEE23","Button","Ambient","CW/KOH",20241217,20250506,"LL","1000x","n/a","","B3B","F23_D",2023-10-09,2023-10-09 12:17:00,2023-10-09 18:17:00,2,"Blue","PTFE",4,40,10,2023-10-09 18:17:00,2023-10-09 18:27:00,"","B3",20,0.02,0,0,-3.91202300542815,0.10625,0,3,0,0,0,0,NA,123050.78125,3.73360545454545,3.7674,4.8602,0.0431818181818182,0,2.25,0.0431818181818182,0,2.25,14.1910331384016,13.8888888888889,16.1111111111111,11.6666666666667,23.6842105263158,23,21,26,3.35815549149463,3.54856909262987,4.02892321604069,2.75476213820575,46.75,16.5,0,0,0,0,72,72,72,72,1.32638510836598,"Good","None",NA,NA,NA,NA,NA,NA,NA,NA,NA,NA,NA,NA,NA,NA,NA,NA,NA,NA,NA
"B3B_B",20,0,"FASMEE23","Button","Ambient","CW/KOH",20241217,20250506,"LL","1000x","n/a","","B3B","F23_D",2023-10-09,2023-10-09 12:17:00,2023-10-09 18:17:00,2,"Blue","PTFE",4,40,10,2023-10-09 18:17:00,2023-10-09 18:27:00,"","B3",20,0.02,0,0,-3.91202300542815,0.10625,0,3,0,0,0,0,NA,123050.78125,3.73360545454545,3.7674,4.8602,0.0431818181818182,0,2.25,0.0431818181818182,0,2.25,14.1910331384016,13.8888888888889,16.1111111111111,11.6666666666667,23.6842105263158,23,21,26,3.35815549149463,3.54856909262987,4.02892321604069,2.75476213820575,46.75,16.5,0,0,0,0,72,72,72,72,1.32638510836598,"Good","None",NA,NA,NA,NA,NA,NA,NA,NA,NA,NA,NA,NA,NA,NA,NA,NA,NA,NA,NA
"B3B_B",21,0,"FASMEE23","Button","Ambient","CW/KOH",20241217,20250506,"LL","1000x","n/a","","B3B","F23_D",2023-10-09,2023-10-09 12:17:00,2023-10-09 18:17:00,2,"Blue","PTFE",4,40,10,2023-10-09 18:17:00,2023-10-09 18:27:00,"","B3",20,0.02,0,0,-3.91202300542815,0.10625,0,3,0,0,0,0,NA,123050.78125,3.73360545454545,3.7674,4.8602,0.0431818181818182,0,2.25,0.0431818181818182,0,2.25,14.1910331384016,13.8888888888889,16.1111111111111,11.6666666666667,23.6842105263158,23,21,26,3.35815549149463,3.54856909262987,4.02892321604069,2.75476213820575,46.75,16.5,0,0,0,0,72,72,72,72,1.32638510836598,"Good","None",NA,NA,NA,NA,NA,NA,NA,NA,NA,NA,NA,NA,NA,NA,NA,NA,NA,NA,NA
"B3B_B",22,0,"FASMEE23","Button","Ambient","CW/KOH",20241217,20250506,"LL","1000x","n/a","","B3B","F23_D",2023-10-09,2023-10-09 12:17:00,2023-10-09 18:17:00,2,"Blue","PTFE",4,40,10,2023-10-09 18:17:00,2023-10-09 18:27:00,"","B3",20,0.02,0,0,-3.91202300542815,0.10625,0,3,0,0,0,0,NA,123050.78125,3.73360545454545,3.7674,4.8602,0.0431818181818182,0,2.25,0.0431818181818182,0,2.25,14.1910331384016,13.8888888888889,16.1111111111111,11.6666666666667,23.6842105263158,23,21,26,3.35815549149463,3.54856909262987,4.02892321604069,2.75476213820575,46.75,16.5,0,0,0,0,72,72,72,72,1.32638510836598,"Good","None",NA,NA,NA,NA,NA,NA,NA,NA,NA,NA,NA,NA,NA,NA,NA,NA,NA,NA,NA
"B3B_B",23,1,"FASMEE23","Button","Ambient","CW/KOH",20241217,20250506,"LL","1000x","n/a","","B3B","F23_D",2023-10-09,2023-10-09 12:17:00,2023-10-09 18:17:00,2,"Blue","PTFE",4,40,10,2023-10-09 18:17:00,2023-10-09 18:27:00,"","B3",20,0.02,0,1,-3.91202300542815,0.10625,0.89375,3,7225,361250,6457.34375,322867.1875,NA,123050.78125,3.73360545454545,3.7674,4.8602,0.0431818181818182,0,2.25,0.0431818181818182,0,2.25,14.1910331384016,13.8888888888889,16.1111111111111,11.6666666666667,23.6842105263158,23,21,26,3.35815549149463,3.54856909262987,4.02892321604069,2.75476213820575,46.75,16.5,0,0,0,0,72,72,72,72,1.32638510836598,"Good","None",NA,NA,NA,NA,NA,NA,NA,NA,NA,NA,NA,NA,NA,NA,NA,NA,NA,NA,NA
"B3B_B",24,0,"FASMEE23","Button","Ambient","CW/KOH",20241217,20250506,"LL","1000x","n/a","","B3B","F23_D",2023-10-09,2023-10-09 12:17:00,2023-10-09 18:17:00,2,"Blue","PTFE",4,40,10,2023-10-09 18:17:00,2023-10-09 18:27:00,"","B3",20,0.02,0,0,-3.91202300542815,0.10625,0,3,0,0,0,0,NA,123050.78125,3.73360545454545,3.7674,4.8602,0.0431818181818182,0,2.25,0.0431818181818182,0,2.25,14.1910331384016,13.8888888888889,16.1111111111111,11.6666666666667,23.6842105263158,23,21,26,3.35815549149463,3.54856909262987,4.02892321604069,2.75476213820575,46.75,16.5,0,0,0,0,72,72,72,72,1.32638510836598,"Good","None",NA,NA,NA,NA,NA,NA,NA,NA,NA,NA,NA,NA,NA,NA,NA,NA,NA,NA,NA
"B3B_B",25,0,"FASMEE23","Button","Ambient","CW/KOH",20241217,20250506,"LL","1000x","n/a","","B3B","F23_D",2023-10-09,2023-10-09 12:17:00,2023-10-09 18:17:00,2,"Blue","PTFE",4,40,10,2023-10-09 18:17:00,2023-10-09 18:27:00,"","B3",20,0.02,0,0,-3.91202300542815,0.10625,0,3,0,0,0,0,NA,123050.78125,3.73360545454545,3.7674,4.8602,0.0431818181818182,0,2.25,0.0431818181818182,0,2.25,14.1910331384016,13.8888888888889,16.1111111111111,11.6666666666667,23.6842105263158,23,21,26,3.35815549149463,3.54856909262987,4.02892321604069,2.75476213820575,46.75,16.5,0,0,0,0,72,72,72,72,1.32638510836598,"Good","None",NA,NA,NA,NA,NA,NA,NA,NA,NA,NA,NA,NA,NA,NA,NA,NA,NA,NA,NA
"B3B_B",26,0,"FASMEE23","Button","Ambient","CW/KOH",20241217,20250506,"LL","1000x","n/a","","B3B","F23_D",2023-10-09,2023-10-09 12:17:00,2023-10-09 18:17:00,2,"Blue","PTFE",4,40,10,2023-10-09 18:17:00,2023-10-09 18:27:00,"","B3",20,0.02,0,0,-3.91202300542815,0.10625,0,3,0,0,0,0,NA,123050.78125,3.73360545454545,3.7674,4.8602,0.0431818181818182,0,2.25,0.0431818181818182,0,2.25,14.1910331384016,13.8888888888889,16.1111111111111,11.6666666666667,23.6842105263158,23,21,26,3.35815549149463,3.54856909262987,4.02892321604069,2.75476213820575,46.75,16.5,0,0,0,0,72,72,72,72,1.32638510836598,"Good","None",NA,NA,NA,NA,NA,NA,NA,NA,NA,NA,NA,NA,NA,NA,NA,NA,NA,NA,NA
"B3B_B",27,0,"FASMEE23","Button","Ambient","CW/KOH",20241217,20250506,"LL","1000x","n/a","","B3B","F23_D",2023-10-09,2023-10-09 12:17:00,2023-10-09 18:17:00,2,"Blue","PTFE",4,40,10,2023-10-09 18:17:00,2023-10-09 18:27:00,"","B3",20,0.02,0,0,-3.91202300542815,0.10625,0,3,0,0,0,0,NA,123050.78125,3.73360545454545,3.7674,4.8602,0.0431818181818182,0,2.25,0.0431818181818182,0,2.25,14.1910331384016,13.8888888888889,16.1111111111111,11.6666666666667,23.6842105263158,23,21,26,3.35815549149463,3.54856909262987,4.02892321604069,2.75476213820575,46.75,16.5,0,0,0,0,72,72,72,72,1.32638510836598,"Good","None",NA,NA,NA,NA,NA,NA,NA,NA,NA,NA,NA,NA,NA,NA,NA,NA,NA,NA,NA
"B3B_B",28,0,"FASMEE23","Button","Ambient","CW/KOH",20241217,20250506,"LL","1000x","n/a","","B3B","F23_D",2023-10-09,2023-10-09 12:17:00,2023-10-09 18:17:00,2,"Blue","PTFE",4,40,10,2023-10-09 18:17:00,2023-10-09 18:27:00,"","B3",20,0.02,0,0,-3.91202300542815,0.10625,0,3,0,0,0,0,NA,123050.78125,3.73360545454545,3.7674,4.8602,0.0431818181818182,0,2.25,0.0431818181818182,0,2.25,14.1910331384016,13.8888888888889,16.1111111111111,11.6666666666667,23.6842105263158,23,21,26,3.35815549149463,3.54856909262987,4.02892321604069,2.75476213820575,46.75,16.5,0,0,0,0,72,72,72,72,1.32638510836598,"Good","None",NA,NA,NA,NA,NA,NA,NA,NA,NA,NA,NA,NA,NA,NA,NA,NA,NA,NA,NA
"B3B_B",29,2,"FASMEE23","Button","Ambient","CW/KOH",20241217,20250506,"LL","1000x","n/a","","B3B","F23_D",2023-10-09,2023-10-09 12:17:00,2023-10-09 18:17:00,2,"Blue","PTFE",4,40,10,2023-10-09 18:17:00,2023-10-09 18:27:00,"","B3",20,0.02,0,2,-3.91202300542815,0.10625,1.89375,3,14450,722500,13682.34375,684117.1875,NA,123050.78125,3.73360545454545,3.7674,4.8602,0.0431818181818182,0,2.25,0.0431818181818182,0,2.25,14.1910331384016,13.8888888888889,16.1111111111111,11.6666666666667,23.6842105263158,23,21,26,3.35815549149463,3.54856909262987,4.02892321604069,2.75476213820575,46.75,16.5,0,0,0,0,72,72,72,72,1.32638510836598,"Good","None",NA,NA,NA,NA,NA,NA,NA,NA,NA,NA,NA,NA,NA,NA,NA,NA,NA,NA,NA
"B3B_B",30,0,"FASMEE23","Button","Ambient","CW/KOH",20241217,20250506,"LL","1000x","n/a","","B3B","F23_D",2023-10-09,2023-10-09 12:17:00,2023-10-09 18:17:00,2,"Blue","PTFE",4,40,10,2023-10-09 18:17:00,2023-10-09 18:27:00,"","B3",20,0.02,0,0,-3.91202300542815,0.10625,0,3,0,0,0,0,NA,123050.78125,3.73360545454545,3.7674,4.8602,0.0431818181818182,0,2.25,0.0431818181818182,0,2.25,14.1910331384016,13.8888888888889,16.1111111111111,11.6666666666667,23.6842105263158,23,21,26,3.35815549149463,3.54856909262987,4.02892321604069,2.75476213820575,46.75,16.5,0,0,0,0,72,72,72,72,1.32638510836598,"Good","None",NA,NA,NA,NA,NA,NA,NA,NA,NA,NA,NA,NA,NA,NA,NA,NA,NA,NA,NA
"B3B_B",31,1,"FASMEE23","Button","Ambient","CW/KOH",20241217,20250506,"LL","1000x","n/a","","B3B","F23_D",2023-10-09,2023-10-09 12:17:00,2023-10-09 18:17:00,2,"Blue","PTFE",4,40,10,2023-10-09 18:17:00,2023-10-09 18:27:00,"","B3",20,0.02,0,1,-3.91202300542815,0.10625,0.89375,3,7225,361250,6457.34375,322867.1875,NA,123050.78125,3.73360545454545,3.7674,4.8602,0.0431818181818182,0,2.25,0.0431818181818182,0,2.25,14.1910331384016,13.8888888888889,16.1111111111111,11.6666666666667,23.6842105263158,23,21,26,3.35815549149463,3.54856909262987,4.02892321604069,2.75476213820575,46.75,16.5,0,0,0,0,72,72,72,72,1.32638510836598,"Good","None",NA,NA,NA,NA,NA,NA,NA,NA,NA,NA,NA,NA,NA,NA,NA,NA,NA,NA,NA
"B3B_B",32,0,"FASMEE23","Button","Ambient","CW/KOH",20241217,20250506,"LL","1000x","n/a","","B3B","F23_D",2023-10-09,2023-10-09 12:17:00,2023-10-09 18:17:00,2,"Blue","PTFE",4,40,10,2023-10-09 18:17:00,2023-10-09 18:27:00,"","B3",20,0.02,0,0,-3.91202300542815,0.10625,0,3,0,0,0,0,NA,123050.78125,3.73360545454545,3.7674,4.8602,0.0431818181818182,0,2.25,0.0431818181818182,0,2.25,14.1910331384016,13.8888888888889,16.1111111111111,11.6666666666667,23.6842105263158,23,21,26,3.35815549149463,3.54856909262987,4.02892321604069,2.75476213820575,46.75,16.5,0,0,0,0,72,72,72,72,1.32638510836598,"Good","None",NA,NA,NA,NA,NA,NA,NA,NA,NA,NA,NA,NA,NA,NA,NA,NA,NA,NA,NA
"B3B_B",33,0,"FASMEE23","Button","Ambient","CW/KOH",20241217,20250506,"LL","1000x","n/a","","B3B","F23_D",2023-10-09,2023-10-09 12:17:00,2023-10-09 18:17:00,2,"Blue","PTFE",4,40,10,2023-10-09 18:17:00,2023-10-09 18:27:00,"","B3",20,0.02,0,0,-3.91202300542815,0.10625,0,3,0,0,0,0,NA,123050.78125,3.73360545454545,3.7674,4.8602,0.0431818181818182,0,2.25,0.0431818181818182,0,2.25,14.1910331384016,13.8888888888889,16.1111111111111,11.6666666666667,23.6842105263158,23,21,26,3.35815549149463,3.54856909262987,4.02892321604069,2.75476213820575,46.75,16.5,0,0,0,0,72,72,72,72,1.32638510836598,"Good","None",NA,NA,NA,NA,NA,NA,NA,NA,NA,NA,NA,NA,NA,NA,NA,NA,NA,NA,NA
"B3B_B",34,0,"FASMEE23","Button","Ambient","CW/KOH",20241217,20250506,"LL","1000x","n/a","","B3B","F23_D",2023-10-09,2023-10-09 12:17:00,2023-10-09 18:17:00,2,"Blue","PTFE",4,40,10,2023-10-09 18:17:00,2023-10-09 18:27:00,"","B3",20,0.02,0,0,-3.91202300542815,0.10625,0,3,0,0,0,0,NA,123050.78125,3.73360545454545,3.7674,4.8602,0.0431818181818182,0,2.25,0.0431818181818182,0,2.25,14.1910331384016,13.8888888888889,16.1111111111111,11.6666666666667,23.6842105263158,23,21,26,3.35815549149463,3.54856909262987,4.02892321604069,2.75476213820575,46.75,16.5,0,0,0,0,72,72,72,72,1.32638510836598,"Good","None",NA,NA,NA,NA,NA,NA,NA,NA,NA,NA,NA,NA,NA,NA,NA,NA,NA,NA,NA
"B3B_B",35,0,"FASMEE23","Button","Ambient","CW/KOH",20241217,20250506,"LL","1000x","n/a","","B3B","F23_D",2023-10-09,2023-10-09 12:17:00,2023-10-09 18:17:00,2,"Blue","PTFE",4,40,10,2023-10-09 18:17:00,2023-10-09 18:27:00,"","B3",20,0.02,0,0,-3.91202300542815,0.10625,0,3,0,0,0,0,NA,123050.78125,3.73360545454545,3.7674,4.8602,0.0431818181818182,0,2.25,0.0431818181818182,0,2.25,14.1910331384016,13.8888888888889,16.1111111111111,11.6666666666667,23.6842105263158,23,21,26,3.35815549149463,3.54856909262987,4.02892321604069,2.75476213820575,46.75,16.5,0,0,0,0,72,72,72,72,1.32638510836598,"Good","None",NA,NA,NA,NA,NA,NA,NA,NA,NA,NA,NA,NA,NA,NA,NA,NA,NA,NA,NA
"B3B_B",36,1,"FASMEE23","Button","Ambient","CW/KOH",20241217,20250506,"LL","1000x","n/a","","B3B","F23_D",2023-10-09,2023-10-09 12:17:00,2023-10-09 18:17:00,2,"Blue","PTFE",4,40,10,2023-10-09 18:17:00,2023-10-09 18:27:00,"","B3",20,0.02,0,1,-3.91202300542815,0.10625,0.89375,3,7225,361250,6457.34375,322867.1875,NA,123050.78125,3.73360545454545,3.7674,4.8602,0.0431818181818182,0,2.25,0.0431818181818182,0,2.25,14.1910331384016,13.8888888888889,16.1111111111111,11.6666666666667,23.6842105263158,23,21,26,3.35815549149463,3.54856909262987,4.02892321604069,2.75476213820575,46.75,16.5,0,0,0,0,72,72,72,72,1.32638510836598,"Good","None",NA,NA,NA,NA,NA,NA,NA,NA,NA,NA,NA,NA,NA,NA,NA,NA,NA,NA,NA
"B3B_B",37,0,"FASMEE23","Button","Ambient","CW/KOH",20241217,20250506,"LL","1000x","n/a","","B3B","F23_D",2023-10-09,2023-10-09 12:17:00,2023-10-09 18:17:00,2,"Blue","PTFE",4,40,10,2023-10-09 18:17:00,2023-10-09 18:27:00,"","B3",20,0.02,0,0,-3.91202300542815,0.10625,0,3,0,0,0,0,NA,123050.78125,3.73360545454545,3.7674,4.8602,0.0431818181818182,0,2.25,0.0431818181818182,0,2.25,14.1910331384016,13.8888888888889,16.1111111111111,11.6666666666667,23.6842105263158,23,21,26,3.35815549149463,3.54856909262987,4.02892321604069,2.75476213820575,46.75,16.5,0,0,0,0,72,72,72,72,1.32638510836598,"Good","None",NA,NA,NA,NA,NA,NA,NA,NA,NA,NA,NA,NA,NA,NA,NA,NA,NA,NA,NA
"B3B_B",38,0,"FASMEE23","Button","Ambient","CW/KOH",20241217,20250506,"LL","1000x","n/a","","B3B","F23_D",2023-10-09,2023-10-09 12:17:00,2023-10-09 18:17:00,2,"Blue","PTFE",4,40,10,2023-10-09 18:17:00,2023-10-09 18:27:00,"","B3",20,0.02,0,0,-3.91202300542815,0.10625,0,3,0,0,0,0,NA,123050.78125,3.73360545454545,3.7674,4.8602,0.0431818181818182,0,2.25,0.0431818181818182,0,2.25,14.1910331384016,13.8888888888889,16.1111111111111,11.6666666666667,23.6842105263158,23,21,26,3.35815549149463,3.54856909262987,4.02892321604069,2.75476213820575,46.75,16.5,0,0,0,0,72,72,72,72,1.32638510836598,"Good","None",NA,NA,NA,NA,NA,NA,NA,NA,NA,NA,NA,NA,NA,NA,NA,NA,NA,NA,NA
"B3B_B",39,0,"FASMEE23","Button","Ambient","CW/KOH",20241217,20250506,"LL","1000x","n/a","","B3B","F23_D",2023-10-09,2023-10-09 12:17:00,2023-10-09 18:17:00,2,"Blue","PTFE",4,40,10,2023-10-09 18:17:00,2023-10-09 18:27:00,"","B3",20,0.02,0,0,-3.91202300542815,0.10625,0,3,0,0,0,0,NA,123050.78125,3.73360545454545,3.7674,4.8602,0.0431818181818182,0,2.25,0.0431818181818182,0,2.25,14.1910331384016,13.8888888888889,16.1111111111111,11.6666666666667,23.6842105263158,23,21,26,3.35815549149463,3.54856909262987,4.02892321604069,2.75476213820575,46.75,16.5,0,0,0,0,72,72,72,72,1.32638510836598,"Good","None",NA,NA,NA,NA,NA,NA,NA,NA,NA,NA,NA,NA,NA,NA,NA,NA,NA,NA,NA
"B3B_B",40,0,"FASMEE23","Button","Ambient","CW/KOH",20241217,20250506,"LL","1000x","n/a","","B3B","F23_D",2023-10-09,2023-10-09 12:17:00,2023-10-09 18:17:00,2,"Blue","PTFE",4,40,10,2023-10-09 18:17:00,2023-10-09 18:27:00,"","B3",20,0.02,0,0,-3.91202300542815,0.10625,0,3,0,0,0,0,NA,123050.78125,3.73360545454545,3.7674,4.8602,0.0431818181818182,0,2.25,0.0431818181818182,0,2.25,14.1910331384016,13.8888888888889,16.1111111111111,11.6666666666667,23.6842105263158,23,21,26,3.35815549149463,3.54856909262987,4.02892321604069,2.75476213820575,46.75,16.5,0,0,0,0,72,72,72,72,1.32638510836598,"Good","None",NA,NA,NA,NA,NA,NA,NA,NA,NA,NA,NA,NA,NA,NA,NA,NA,NA,NA,NA
"LabBlank_B_20250205",1,0,"FASMEE23","Blank","LabBlank","CW/KOH",20250205,20250502,"LL","1000x","n/a","","LabBlank_B_20250205","F23_F",NA,NA,NA,NA,"Blank",NA,NA,0,NA,NA,NA,NA,NA,0,0,0.1,0,0,0.20625,0,NA,0,NA,0,NA,NA,123050.78125,NA,NA,NA,NA,NA,NA,NA,NA,NA,NA,NA,NA,NA,NA,NA,NA,NA,NA,NA,NA,NA,NA,NA,NA,NA,NA,NA,NA,NA,NA,NA,NA,NA,NA,NA,NA,NA,NA,NA,NA,NA,NA,NA,NA,NA,NA,NA,NA,NA,NA,NA,NA,NA
"LabBlank_B_20250205",2,0,"FASMEE23","Blank","LabBlank","CW/KOH",20250205,20250502,"LL","1000x","n/a","","LabBlank_B_20250205","F23_F",NA,NA,NA,NA,"Blank",NA,NA,0,NA,NA,NA,NA,NA,0,0,0.1,0,0,0.20625,0,NA,0,NA,0,NA,NA,123050.78125,NA,NA,NA,NA,NA,NA,NA,NA,NA,NA,NA,NA,NA,NA,NA,NA,NA,NA,NA,NA,NA,NA,NA,NA,NA,NA,NA,NA,NA,NA,NA,NA,NA,NA,NA,NA,NA,NA,NA,NA,NA,NA,NA,NA,NA,NA,NA,NA,NA,NA,NA,NA,NA
"LabBlank_B_20250205",3,2,"FASMEE23","Blank","LabBlank","CW/KOH",20250205,20250502,"LL","1000x","n/a","","LabBlank_B_20250205","F23_F",NA,NA,NA,NA,"Blank",NA,NA,0,NA,NA,NA,NA,NA,0,0,0.1,1.9,0,0.20625,1.79375,NA,14450,Inf,12959.84375,Inf,NA,123050.78125,NA,NA,NA,NA,NA,NA,NA,NA,NA,NA,NA,NA,NA,NA,NA,NA,NA,NA,NA,NA,NA,NA,NA,NA,NA,NA,NA,NA,NA,NA,NA,NA,NA,NA,NA,NA,NA,NA,NA,NA,NA,NA,NA,NA,NA,NA,NA,NA,NA,NA,NA,NA,NA
"LabBlank_B_20250205",4,0,"FASMEE23","Blank","LabBlank","CW/KOH",20250205,20250502,"LL","1000x","n/a","","LabBlank_B_20250205","F23_F",NA,NA,NA,NA,"Blank",NA,NA,0,NA,NA,NA,NA,NA,0,0,0.1,0,0,0.20625,0,NA,0,NA,0,NA,NA,123050.78125,NA,NA,NA,NA,NA,NA,NA,NA,NA,NA,NA,NA,NA,NA,NA,NA,NA,NA,NA,NA,NA,NA,NA,NA,NA,NA,NA,NA,NA,NA,NA,NA,NA,NA,NA,NA,NA,NA,NA,NA,NA,NA,NA,NA,NA,NA,NA,NA,NA,NA,NA,NA,NA
"LabBlank_B_20250205",5,0,"FASMEE23","Blank","LabBlank","CW/KOH",20250205,20250502,"LL","1000x","n/a","","LabBlank_B_20250205","F23_F",NA,NA,NA,NA,"Blank",NA,NA,0,NA,NA,NA,NA,NA,0,0,0.1,0,0,0.20625,0,NA,0,NA,0,NA,NA,123050.78125,NA,NA,NA,NA,NA,NA,NA,NA,NA,NA,NA,NA,NA,NA,NA,NA,NA,NA,NA,NA,NA,NA,NA,NA,NA,NA,NA,NA,NA,NA,NA,NA,NA,NA,NA,NA,NA,NA,NA,NA,NA,NA,NA,NA,NA,NA,NA,NA,NA,NA,NA,NA,NA
"LabBlank_B_20250205",6,0,"FASMEE23","Blank","LabBlank","CW/KOH",20250205,20250502,"LL","1000x","n/a","","LabBlank_B_20250205","F23_F",NA,NA,NA,NA,"Blank",NA,NA,0,NA,NA,NA,NA,NA,0,0,0.1,0,0,0.20625,0,NA,0,NA,0,NA,NA,123050.78125,NA,NA,NA,NA,NA,NA,NA,NA,NA,NA,NA,NA,NA,NA,NA,NA,NA,NA,NA,NA,NA,NA,NA,NA,NA,NA,NA,NA,NA,NA,NA,NA,NA,NA,NA,NA,NA,NA,NA,NA,NA,NA,NA,NA,NA,NA,NA,NA,NA,NA,NA,NA,NA
"LabBlank_B_20250205",7,0,"FASMEE23","Blank","LabBlank","CW/KOH",20250205,20250502,"LL","1000x","n/a","","LabBlank_B_20250205","F23_F",NA,NA,NA,NA,"Blank",NA,NA,0,NA,NA,NA,NA,NA,0,0,0.1,0,0,0.20625,0,NA,0,NA,0,NA,NA,123050.78125,NA,NA,NA,NA,NA,NA,NA,NA,NA,NA,NA,NA,NA,NA,NA,NA,NA,NA,NA,NA,NA,NA,NA,NA,NA,NA,NA,NA,NA,NA,NA,NA,NA,NA,NA,NA,NA,NA,NA,NA,NA,NA,NA,NA,NA,NA,NA,NA,NA,NA,NA,NA,NA
"LabBlank_B_20250205",8,0,"FASMEE23","Blank","LabBlank","CW/KOH",20250205,20250502,"LL","1000x","n/a","","LabBlank_B_20250205","F23_F",NA,NA,NA,NA,"Blank",NA,NA,0,NA,NA,NA,NA,NA,0,0,0.1,0,0,0.20625,0,NA,0,NA,0,NA,NA,123050.78125,NA,NA,NA,NA,NA,NA,NA,NA,NA,NA,NA,NA,NA,NA,NA,NA,NA,NA,NA,NA,NA,NA,NA,NA,NA,NA,NA,NA,NA,NA,NA,NA,NA,NA,NA,NA,NA,NA,NA,NA,NA,NA,NA,NA,NA,NA,NA,NA,NA,NA,NA,NA,NA
"LabBlank_B_20250205",9,0,"FASMEE23","Blank","LabBlank","CW/KOH",20250205,20250502,"LL","1000x","n/a","","LabBlank_B_20250205","F23_F",NA,NA,NA,NA,"Blank",NA,NA,0,NA,NA,NA,NA,NA,0,0,0.1,0,0,0.20625,0,NA,0,NA,0,NA,NA,123050.78125,NA,NA,NA,NA,NA,NA,NA,NA,NA,NA,NA,NA,NA,NA,NA,NA,NA,NA,NA,NA,NA,NA,NA,NA,NA,NA,NA,NA,NA,NA,NA,NA,NA,NA,NA,NA,NA,NA,NA,NA,NA,NA,NA,NA,NA,NA,NA,NA,NA,NA,NA,NA,NA
"LabBlank_B_20250205",10,0,"FASMEE23","Blank","LabBlank","CW/KOH",20250205,20250502,"LL","1000x","n/a","","LabBlank_B_20250205","F23_F",NA,NA,NA,NA,"Blank",NA,NA,0,NA,NA,NA,NA,NA,0,0,0.1,0,0,0.20625,0,NA,0,NA,0,NA,NA,123050.78125,NA,NA,NA,NA,NA,NA,NA,NA,NA,NA,NA,NA,NA,NA,NA,NA,NA,NA,NA,NA,NA,NA,NA,NA,NA,NA,NA,NA,NA,NA,NA,NA,NA,NA,NA,NA,NA,NA,NA,NA,NA,NA,NA,NA,NA,NA,NA,NA,NA,NA,NA,NA,NA
"LabBlank_B_20250205",11,0,"FASMEE23","Blank","LabBlank","CW/KOH",20250205,20250502,"LL","1000x","n/a","","LabBlank_B_20250205","F23_F",NA,NA,NA,NA,"Blank",NA,NA,0,NA,NA,NA,NA,NA,0,0,0.1,0,0,0.20625,0,NA,0,NA,0,NA,NA,123050.78125,NA,NA,NA,NA,NA,NA,NA,NA,NA,NA,NA,NA,NA,NA,NA,NA,NA,NA,NA,NA,NA,NA,NA,NA,NA,NA,NA,NA,NA,NA,NA,NA,NA,NA,NA,NA,NA,NA,NA,NA,NA,NA,NA,NA,NA,NA,NA,NA,NA,NA,NA,NA,NA
"LabBlank_B_20250205",12,0,"FASMEE23","Blank","LabBlank","CW/KOH",20250205,20250502,"LL","1000x","n/a","","LabBlank_B_20250205","F23_F",NA,NA,NA,NA,"Blank",NA,NA,0,NA,NA,NA,NA,NA,0,0,0.1,0,0,0.20625,0,NA,0,NA,0,NA,NA,123050.78125,NA,NA,NA,NA,NA,NA,NA,NA,NA,NA,NA,NA,NA,NA,NA,NA,NA,NA,NA,NA,NA,NA,NA,NA,NA,NA,NA,NA,NA,NA,NA,NA,NA,NA,NA,NA,NA,NA,NA,NA,NA,NA,NA,NA,NA,NA,NA,NA,NA,NA,NA,NA,NA
"LabBlank_B_20250205",13,0,"FASMEE23","Blank","LabBlank","CW/KOH",20250205,20250502,"LL","1000x","n/a","","LabBlank_B_20250205","F23_F",NA,NA,NA,NA,"Blank",NA,NA,0,NA,NA,NA,NA,NA,0,0,0.1,0,0,0.20625,0,NA,0,NA,0,NA,NA,123050.78125,NA,NA,NA,NA,NA,NA,NA,NA,NA,NA,NA,NA,NA,NA,NA,NA,NA,NA,NA,NA,NA,NA,NA,NA,NA,NA,NA,NA,NA,NA,NA,NA,NA,NA,NA,NA,NA,NA,NA,NA,NA,NA,NA,NA,NA,NA,NA,NA,NA,NA,NA,NA,NA
"LabBlank_B_20250205",14,0,"FASMEE23","Blank","LabBlank","CW/KOH",20250205,20250502,"LL","1000x","n/a","","LabBlank_B_20250205","F23_F",NA,NA,NA,NA,"Blank",NA,NA,0,NA,NA,NA,NA,NA,0,0,0.1,0,0,0.20625,0,NA,0,NA,0,NA,NA,123050.78125,NA,NA,NA,NA,NA,NA,NA,NA,NA,NA,NA,NA,NA,NA,NA,NA,NA,NA,NA,NA,NA,NA,NA,NA,NA,NA,NA,NA,NA,NA,NA,NA,NA,NA,NA,NA,NA,NA,NA,NA,NA,NA,NA,NA,NA,NA,NA,NA,NA,NA,NA,NA,NA
"LabBlank_B_20250205",15,0,"FASMEE23","Blank","LabBlank","CW/KOH",20250205,20250502,"LL","1000x","n/a","","LabBlank_B_20250205","F23_F",NA,NA,NA,NA,"Blank",NA,NA,0,NA,NA,NA,NA,NA,0,0,0.1,0,0,0.20625,0,NA,0,NA,0,NA,NA,123050.78125,NA,NA,NA,NA,NA,NA,NA,NA,NA,NA,NA,NA,NA,NA,NA,NA,NA,NA,NA,NA,NA,NA,NA,NA,NA,NA,NA,NA,NA,NA,NA,NA,NA,NA,NA,NA,NA,NA,NA,NA,NA,NA,NA,NA,NA,NA,NA,NA,NA,NA,NA,NA,NA
"LabBlank_B_20250205",16,0,"FASMEE23","Blank","LabBlank","CW/KOH",20250205,20250502,"LL","1000x","n/a","","LabBlank_B_20250205","F23_F",NA,NA,NA,NA,"Blank",NA,NA,0,NA,NA,NA,NA,NA,0,0,0.1,0,0,0.20625,0,NA,0,NA,0,NA,NA,123050.78125,NA,NA,NA,NA,NA,NA,NA,NA,NA,NA,NA,NA,NA,NA,NA,NA,NA,NA,NA,NA,NA,NA,NA,NA,NA,NA,NA,NA,NA,NA,NA,NA,NA,NA,NA,NA,NA,NA,NA,NA,NA,NA,NA,NA,NA,NA,NA,NA,NA,NA,NA,NA,NA
"LabBlank_B_20250205",17,0,"FASMEE23","Blank","LabBlank","CW/KOH",20250205,20250502,"LL","1000x","n/a","","LabBlank_B_20250205","F23_F",NA,NA,NA,NA,"Blank",NA,NA,0,NA,NA,NA,NA,NA,0,0,0.1,0,0,0.20625,0,NA,0,NA,0,NA,NA,123050.78125,NA,NA,NA,NA,NA,NA,NA,NA,NA,NA,NA,NA,NA,NA,NA,NA,NA,NA,NA,NA,NA,NA,NA,NA,NA,NA,NA,NA,NA,NA,NA,NA,NA,NA,NA,NA,NA,NA,NA,NA,NA,NA,NA,NA,NA,NA,NA,NA,NA,NA,NA,NA,NA
"LabBlank_B_20250205",18,0,"FASMEE23","Blank","LabBlank","CW/KOH",20250205,20250502,"LL","1000x","n/a","","LabBlank_B_20250205","F23_F",NA,NA,NA,NA,"Blank",NA,NA,0,NA,NA,NA,NA,NA,0,0,0.1,0,0,0.20625,0,NA,0,NA,0,NA,NA,123050.78125,NA,NA,NA,NA,NA,NA,NA,NA,NA,NA,NA,NA,NA,NA,NA,NA,NA,NA,NA,NA,NA,NA,NA,NA,NA,NA,NA,NA,NA,NA,NA,NA,NA,NA,NA,NA,NA,NA,NA,NA,NA,NA,NA,NA,NA,NA,NA,NA,NA,NA,NA,NA,NA
"LabBlank_B_20250205",19,0,"FASMEE23","Blank","LabBlank","CW/KOH",20250205,20250502,"LL","1000x","n/a","","LabBlank_B_20250205","F23_F",NA,NA,NA,NA,"Blank",NA,NA,0,NA,NA,NA,NA,NA,0,0,0.1,0,0,0.20625,0,NA,0,NA,0,NA,NA,123050.78125,NA,NA,NA,NA,NA,NA,NA,NA,NA,NA,NA,NA,NA,NA,NA,NA,NA,NA,NA,NA,NA,NA,NA,NA,NA,NA,NA,NA,NA,NA,NA,NA,NA,NA,NA,NA,NA,NA,NA,NA,NA,NA,NA,NA,NA,NA,NA,NA,NA,NA,NA,NA,NA
"LabBlank_B_20250205",20,0,"FASMEE23","Blank","LabBlank","CW/KOH",20250205,20250502,"LL","1000x","n/a","","LabBlank_B_20250205","F23_F",NA,NA,NA,NA,"Blank",NA,NA,0,NA,NA,NA,NA,NA,0,0,0.1,0,0,0.20625,0,NA,0,NA,0,NA,NA,123050.78125,NA,NA,NA,NA,NA,NA,NA,NA,NA,NA,NA,NA,NA,NA,NA,NA,NA,NA,NA,NA,NA,NA,NA,NA,NA,NA,NA,NA,NA,NA,NA,NA,NA,NA,NA,NA,NA,NA,NA,NA,NA,NA,NA,NA,NA,NA,NA,NA,NA,NA,NA,NA,NA
"LabBlank_B_20250205",21,0,"FASMEE23","Blank","LabBlank","CW/KOH",20250205,20250502,"LL","1000x","n/a","","LabBlank_B_20250205","F23_F",NA,NA,NA,NA,"Blank",NA,NA,0,NA,NA,NA,NA,NA,0,0,0.1,0,0,0.20625,0,NA,0,NA,0,NA,NA,123050.78125,NA,NA,NA,NA,NA,NA,NA,NA,NA,NA,NA,NA,NA,NA,NA,NA,NA,NA,NA,NA,NA,NA,NA,NA,NA,NA,NA,NA,NA,NA,NA,NA,NA,NA,NA,NA,NA,NA,NA,NA,NA,NA,NA,NA,NA,NA,NA,NA,NA,NA,NA,NA,NA
"LabBlank_B_20250205",22,0,"FASMEE23","Blank","LabBlank","CW/KOH",20250205,20250502,"LL","1000x","n/a","","LabBlank_B_20250205","F23_F",NA,NA,NA,NA,"Blank",NA,NA,0,NA,NA,NA,NA,NA,0,0,0.1,0,0,0.20625,0,NA,0,NA,0,NA,NA,123050.78125,NA,NA,NA,NA,NA,NA,NA,NA,NA,NA,NA,NA,NA,NA,NA,NA,NA,NA,NA,NA,NA,NA,NA,NA,NA,NA,NA,NA,NA,NA,NA,NA,NA,NA,NA,NA,NA,NA,NA,NA,NA,NA,NA,NA,NA,NA,NA,NA,NA,NA,NA,NA,NA
"LabBlank_B_20250205",23,1,"FASMEE23","Blank","LabBlank","CW/KOH",20250205,20250502,"LL","1000x","n/a","","LabBlank_B_20250205","F23_F",NA,NA,NA,NA,"Blank",NA,NA,0,NA,NA,NA,NA,NA,0,0,0.1,0.9,0,0.20625,0.79375,NA,7225,Inf,5734.84375,Inf,NA,123050.78125,NA,NA,NA,NA,NA,NA,NA,NA,NA,NA,NA,NA,NA,NA,NA,NA,NA,NA,NA,NA,NA,NA,NA,NA,NA,NA,NA,NA,NA,NA,NA,NA,NA,NA,NA,NA,NA,NA,NA,NA,NA,NA,NA,NA,NA,NA,NA,NA,NA,NA,NA,NA,NA
"LabBlank_B_20250205",24,0,"FASMEE23","Blank","LabBlank","CW/KOH",20250205,20250502,"LL","1000x","n/a","","LabBlank_B_20250205","F23_F",NA,NA,NA,NA,"Blank",NA,NA,0,NA,NA,NA,NA,NA,0,0,0.1,0,0,0.20625,0,NA,0,NA,0,NA,NA,123050.78125,NA,NA,NA,NA,NA,NA,NA,NA,NA,NA,NA,NA,NA,NA,NA,NA,NA,NA,NA,NA,NA,NA,NA,NA,NA,NA,NA,NA,NA,NA,NA,NA,NA,NA,NA,NA,NA,NA,NA,NA,NA,NA,NA,NA,NA,NA,NA,NA,NA,NA,NA,NA,NA
"LabBlank_B_20250205",25,0,"FASMEE23","Blank","LabBlank","CW/KOH",20250205,20250502,"LL","1000x","n/a","","LabBlank_B_20250205","F23_F",NA,NA,NA,NA,"Blank",NA,NA,0,NA,NA,NA,NA,NA,0,0,0.1,0,0,0.20625,0,NA,0,NA,0,NA,NA,123050.78125,NA,NA,NA,NA,NA,NA,NA,NA,NA,NA,NA,NA,NA,NA,NA,NA,NA,NA,NA,NA,NA,NA,NA,NA,NA,NA,NA,NA,NA,NA,NA,NA,NA,NA,NA,NA,NA,NA,NA,NA,NA,NA,NA,NA,NA,NA,NA,NA,NA,NA,NA,NA,NA
"LabBlank_B_20250205",26,0,"FASMEE23","Blank","LabBlank","CW/KOH",20250205,20250502,"LL","1000x","n/a","","LabBlank_B_20250205","F23_F",NA,NA,NA,NA,"Blank",NA,NA,0,NA,NA,NA,NA,NA,0,0,0.1,0,0,0.20625,0,NA,0,NA,0,NA,NA,123050.78125,NA,NA,NA,NA,NA,NA,NA,NA,NA,NA,NA,NA,NA,NA,NA,NA,NA,NA,NA,NA,NA,NA,NA,NA,NA,NA,NA,NA,NA,NA,NA,NA,NA,NA,NA,NA,NA,NA,NA,NA,NA,NA,NA,NA,NA,NA,NA,NA,NA,NA,NA,NA,NA
"LabBlank_B_20250205",27,0,"FASMEE23","Blank","LabBlank","CW/KOH",20250205,20250502,"LL","1000x","n/a","","LabBlank_B_20250205","F23_F",NA,NA,NA,NA,"Blank",NA,NA,0,NA,NA,NA,NA,NA,0,0,0.1,0,0,0.20625,0,NA,0,NA,0,NA,NA,123050.78125,NA,NA,NA,NA,NA,NA,NA,NA,NA,NA,NA,NA,NA,NA,NA,NA,NA,NA,NA,NA,NA,NA,NA,NA,NA,NA,NA,NA,NA,NA,NA,NA,NA,NA,NA,NA,NA,NA,NA,NA,NA,NA,NA,NA,NA,NA,NA,NA,NA,NA,NA,NA,NA
"LabBlank_B_20250205",28,0,"FASMEE23","Blank","LabBlank","CW/KOH",20250205,20250502,"LL","1000x","n/a","","LabBlank_B_20250205","F23_F",NA,NA,NA,NA,"Blank",NA,NA,0,NA,NA,NA,NA,NA,0,0,0.1,0,0,0.20625,0,NA,0,NA,0,NA,NA,123050.78125,NA,NA,NA,NA,NA,NA,NA,NA,NA,NA,NA,NA,NA,NA,NA,NA,NA,NA,NA,NA,NA,NA,NA,NA,NA,NA,NA,NA,NA,NA,NA,NA,NA,NA,NA,NA,NA,NA,NA,NA,NA,NA,NA,NA,NA,NA,NA,NA,NA,NA,NA,NA,NA
"LabBlank_B_20250205",29,1,"FASMEE23","Blank","LabBlank","CW/KOH",20250205,20250502,"LL","1000x","n/a","","LabBlank_B_20250205","F23_F",NA,NA,NA,NA,"Blank",NA,NA,0,NA,NA,NA,NA,NA,0,0,0.1,0.9,0,0.20625,0.79375,NA,7225,Inf,5734.84375,Inf,NA,123050.78125,NA,NA,NA,NA,NA,NA,NA,NA,NA,NA,NA,NA,NA,NA,NA,NA,NA,NA,NA,NA,NA,NA,NA,NA,NA,NA,NA,NA,NA,NA,NA,NA,NA,NA,NA,NA,NA,NA,NA,NA,NA,NA,NA,NA,NA,NA,NA,NA,NA,NA,NA,NA,NA
"LabBlank_B_20250205",30,0,"FASMEE23","Blank","LabBlank","CW/KOH",20250205,20250502,"LL","1000x","n/a","","LabBlank_B_20250205","F23_F",NA,NA,NA,NA,"Blank",NA,NA,0,NA,NA,NA,NA,NA,0,0,0.1,0,0,0.20625,0,NA,0,NA,0,NA,NA,123050.78125,NA,NA,NA,NA,NA,NA,NA,NA,NA,NA,NA,NA,NA,NA,NA,NA,NA,NA,NA,NA,NA,NA,NA,NA,NA,NA,NA,NA,NA,NA,NA,NA,NA,NA,NA,NA,NA,NA,NA,NA,NA,NA,NA,NA,NA,NA,NA,NA,NA,NA,NA,NA,NA
"LabBlank_B_20250205",31,0,"FASMEE23","Blank","LabBlank","CW/KOH",20250205,20250502,"LL","1000x","n/a","","LabBlank_B_20250205","F23_F",NA,NA,NA,NA,"Blank",NA,NA,0,NA,NA,NA,NA,NA,0,0,0.1,0,0,0.20625,0,NA,0,NA,0,NA,NA,123050.78125,NA,NA,NA,NA,NA,NA,NA,NA,NA,NA,NA,NA,NA,NA,NA,NA,NA,NA,NA,NA,NA,NA,NA,NA,NA,NA,NA,NA,NA,NA,NA,NA,NA,NA,NA,NA,NA,NA,NA,NA,NA,NA,NA,NA,NA,NA,NA,NA,NA,NA,NA,NA,NA
"LabBlank_B_20250205",32,0,"FASMEE23","Blank","LabBlank","CW/KOH",20250205,20250502,"LL","1000x","n/a","","LabBlank_B_20250205","F23_F",NA,NA,NA,NA,"Blank",NA,NA,0,NA,NA,NA,NA,NA,0,0,0.1,0,0,0.20625,0,NA,0,NA,0,NA,NA,123050.78125,NA,NA,NA,NA,NA,NA,NA,NA,NA,NA,NA,NA,NA,NA,NA,NA,NA,NA,NA,NA,NA,NA,NA,NA,NA,NA,NA,NA,NA,NA,NA,NA,NA,NA,NA,NA,NA,NA,NA,NA,NA,NA,NA,NA,NA,NA,NA,NA,NA,NA,NA,NA,NA
"LabBlank_B_20250205",33,0,"FASMEE23","Blank","LabBlank","CW/KOH",20250205,20250502,"LL","1000x","n/a","","LabBlank_B_20250205","F23_F",NA,NA,NA,NA,"Blank",NA,NA,0,NA,NA,NA,NA,NA,0,0,0.1,0,0,0.20625,0,NA,0,NA,0,NA,NA,123050.78125,NA,NA,NA,NA,NA,NA,NA,NA,NA,NA,NA,NA,NA,NA,NA,NA,NA,NA,NA,NA,NA,NA,NA,NA,NA,NA,NA,NA,NA,NA,NA,NA,NA,NA,NA,NA,NA,NA,NA,NA,NA,NA,NA,NA,NA,NA,NA,NA,NA,NA,NA,NA,NA
"LabBlank_B_20250205",34,0,"FASMEE23","Blank","LabBlank","CW/KOH",20250205,20250502,"LL","1000x","n/a","","LabBlank_B_20250205","F23_F",NA,NA,NA,NA,"Blank",NA,NA,0,NA,NA,NA,NA,NA,0,0,0.1,0,0,0.20625,0,NA,0,NA,0,NA,NA,123050.78125,NA,NA,NA,NA,NA,NA,NA,NA,NA,NA,NA,NA,NA,NA,NA,NA,NA,NA,NA,NA,NA,NA,NA,NA,NA,NA,NA,NA,NA,NA,NA,NA,NA,NA,NA,NA,NA,NA,NA,NA,NA,NA,NA,NA,NA,NA,NA,NA,NA,NA,NA,NA,NA
"LabBlank_B_20250205",35,0,"FASMEE23","Blank","LabBlank","CW/KOH",20250205,20250502,"LL","1000x","n/a","","LabBlank_B_20250205","F23_F",NA,NA,NA,NA,"Blank",NA,NA,0,NA,NA,NA,NA,NA,0,0,0.1,0,0,0.20625,0,NA,0,NA,0,NA,NA,123050.78125,NA,NA,NA,NA,NA,NA,NA,NA,NA,NA,NA,NA,NA,NA,NA,NA,NA,NA,NA,NA,NA,NA,NA,NA,NA,NA,NA,NA,NA,NA,NA,NA,NA,NA,NA,NA,NA,NA,NA,NA,NA,NA,NA,NA,NA,NA,NA,NA,NA,NA,NA,NA,NA
"LabBlank_B_20250205",36,0,"FASMEE23","Blank","LabBlank","CW/KOH",20250205,20250502,"LL","1000x","n/a","","LabBlank_B_20250205","F23_F",NA,NA,NA,NA,"Blank",NA,NA,0,NA,NA,NA,NA,NA,0,0,0.1,0,0,0.20625,0,NA,0,NA,0,NA,NA,123050.78125,NA,NA,NA,NA,NA,NA,NA,NA,NA,NA,NA,NA,NA,NA,NA,NA,NA,NA,NA,NA,NA,NA,NA,NA,NA,NA,NA,NA,NA,NA,NA,NA,NA,NA,NA,NA,NA,NA,NA,NA,NA,NA,NA,NA,NA,NA,NA,NA,NA,NA,NA,NA,NA
"LabBlank_B_20250205",37,0,"FASMEE23","Blank","LabBlank","CW/KOH",20250205,20250502,"LL","1000x","n/a","","LabBlank_B_20250205","F23_F",NA,NA,NA,NA,"Blank",NA,NA,0,NA,NA,NA,NA,NA,0,0,0.1,0,0,0.20625,0,NA,0,NA,0,NA,NA,123050.78125,NA,NA,NA,NA,NA,NA,NA,NA,NA,NA,NA,NA,NA,NA,NA,NA,NA,NA,NA,NA,NA,NA,NA,NA,NA,NA,NA,NA,NA,NA,NA,NA,NA,NA,NA,NA,NA,NA,NA,NA,NA,NA,NA,NA,NA,NA,NA,NA,NA,NA,NA,NA,NA
"LabBlank_B_20250205",38,0,"FASMEE23","Blank","LabBlank","CW/KOH",20250205,20250502,"LL","1000x","n/a","","LabBlank_B_20250205","F23_F",NA,NA,NA,NA,"Blank",NA,NA,0,NA,NA,NA,NA,NA,0,0,0.1,0,0,0.20625,0,NA,0,NA,0,NA,NA,123050.78125,NA,NA,NA,NA,NA,NA,NA,NA,NA,NA,NA,NA,NA,NA,NA,NA,NA,NA,NA,NA,NA,NA,NA,NA,NA,NA,NA,NA,NA,NA,NA,NA,NA,NA,NA,NA,NA,NA,NA,NA,NA,NA,NA,NA,NA,NA,NA,NA,NA,NA,NA,NA,NA
"LabBlank_B_20250205",39,0,"FASMEE23","Blank","LabBlank","CW/KOH",20250205,20250502,"LL","1000x","n/a","","LabBlank_B_20250205","F23_F",NA,NA,NA,NA,"Blank",NA,NA,0,NA,NA,NA,NA,NA,0,0,0.1,0,0,0.20625,0,NA,0,NA,0,NA,NA,123050.78125,NA,NA,NA,NA,NA,NA,NA,NA,NA,NA,NA,NA,NA,NA,NA,NA,NA,NA,NA,NA,NA,NA,NA,NA,NA,NA,NA,NA,NA,NA,NA,NA,NA,NA,NA,NA,NA,NA,NA,NA,NA,NA,NA,NA,NA,NA,NA,NA,NA,NA,NA,NA,NA
"LabBlank_B_20250205",40,0,"FASMEE23","Blank","LabBlank","CW/KOH",20250205,20250502,"LL","1000x","n/a","","LabBlank_B_20250205","F23_F",NA,NA,NA,NA,"Blank",NA,NA,0,NA,NA,NA,NA,NA,0,0,0.1,0,0,0.20625,0,NA,0,NA,0,NA,NA,123050.78125,NA,NA,NA,NA,NA,NA,NA,NA,NA,NA,NA,NA,NA,NA,NA,NA,NA,NA,NA,NA,NA,NA,NA,NA,NA,NA,NA,NA,NA,NA,NA,NA,NA,NA,NA,NA,NA,NA,NA,NA,NA,NA,NA,NA,NA,NA,NA,NA,NA,NA,NA,NA,NA
"LabBlank_C_20240503",1,0,"FASMEE23","Blank","LabBlank","CW/KOH",20240503,20250506,"LL","1000x","n/a","","LabBlank_C_20240503","F23_A",NA,NA,NA,NA,"Blank",NA,NA,0,NA,NA,NA,NA,NA,0,0,0.2,0,0,0.30625,0,NA,0,NA,0,NA,NA,123050.78125,NA,NA,NA,NA,NA,NA,NA,NA,NA,NA,NA,NA,NA,NA,NA,NA,NA,NA,NA,NA,NA,NA,NA,NA,NA,NA,NA,NA,NA,NA,NA,NA,NA,NA,NA,NA,NA,NA,NA,NA,NA,NA,NA,NA,NA,NA,NA,NA,NA,NA,NA,NA,NA
"LabBlank_C_20240503",2,0,"FASMEE23","Blank","LabBlank","CW/KOH",20240503,20250506,"LL","1000x","n/a","","LabBlank_C_20240503","F23_A",NA,NA,NA,NA,"Blank",NA,NA,0,NA,NA,NA,NA,NA,0,0,0.2,0,0,0.30625,0,NA,0,NA,0,NA,NA,123050.78125,NA,NA,NA,NA,NA,NA,NA,NA,NA,NA,NA,NA,NA,NA,NA,NA,NA,NA,NA,NA,NA,NA,NA,NA,NA,NA,NA,NA,NA,NA,NA,NA,NA,NA,NA,NA,NA,NA,NA,NA,NA,NA,NA,NA,NA,NA,NA,NA,NA,NA,NA,NA,NA
"LabBlank_C_20240503",3,0,"FASMEE23","Blank","LabBlank","CW/KOH",20240503,20250506,"LL","1000x","n/a","","LabBlank_C_20240503","F23_A",NA,NA,NA,NA,"Blank",NA,NA,0,NA,NA,NA,NA,NA,0,0,0.2,0,0,0.30625,0,NA,0,NA,0,NA,NA,123050.78125,NA,NA,NA,NA,NA,NA,NA,NA,NA,NA,NA,NA,NA,NA,NA,NA,NA,NA,NA,NA,NA,NA,NA,NA,NA,NA,NA,NA,NA,NA,NA,NA,NA,NA,NA,NA,NA,NA,NA,NA,NA,NA,NA,NA,NA,NA,NA,NA,NA,NA,NA,NA,NA
"LabBlank_C_20240503",4,0,"FASMEE23","Blank","LabBlank","CW/KOH",20240503,20250506,"LL","1000x","n/a","","LabBlank_C_20240503","F23_A",NA,NA,NA,NA,"Blank",NA,NA,0,NA,NA,NA,NA,NA,0,0,0.2,0,0,0.30625,0,NA,0,NA,0,NA,NA,123050.78125,NA,NA,NA,NA,NA,NA,NA,NA,NA,NA,NA,NA,NA,NA,NA,NA,NA,NA,NA,NA,NA,NA,NA,NA,NA,NA,NA,NA,NA,NA,NA,NA,NA,NA,NA,NA,NA,NA,NA,NA,NA,NA,NA,NA,NA,NA,NA,NA,NA,NA,NA,NA,NA
"LabBlank_C_20240503",5,0,"FASMEE23","Blank","LabBlank","CW/KOH",20240503,20250506,"LL","1000x","n/a","","LabBlank_C_20240503","F23_A",NA,NA,NA,NA,"Blank",NA,NA,0,NA,NA,NA,NA,NA,0,0,0.2,0,0,0.30625,0,NA,0,NA,0,NA,NA,123050.78125,NA,NA,NA,NA,NA,NA,NA,NA,NA,NA,NA,NA,NA,NA,NA,NA,NA,NA,NA,NA,NA,NA,NA,NA,NA,NA,NA,NA,NA,NA,NA,NA,NA,NA,NA,NA,NA,NA,NA,NA,NA,NA,NA,NA,NA,NA,NA,NA,NA,NA,NA,NA,NA
"LabBlank_C_20240503",6,0,"FASMEE23","Blank","LabBlank","CW/KOH",20240503,20250506,"LL","1000x","n/a","","LabBlank_C_20240503","F23_A",NA,NA,NA,NA,"Blank",NA,NA,0,NA,NA,NA,NA,NA,0,0,0.2,0,0,0.30625,0,NA,0,NA,0,NA,NA,123050.78125,NA,NA,NA,NA,NA,NA,NA,NA,NA,NA,NA,NA,NA,NA,NA,NA,NA,NA,NA,NA,NA,NA,NA,NA,NA,NA,NA,NA,NA,NA,NA,NA,NA,NA,NA,NA,NA,NA,NA,NA,NA,NA,NA,NA,NA,NA,NA,NA,NA,NA,NA,NA,NA
"LabBlank_C_20240503",7,0,"FASMEE23","Blank","LabBlank","CW/KOH",20240503,20250506,"LL","1000x","n/a","","LabBlank_C_20240503","F23_A",NA,NA,NA,NA,"Blank",NA,NA,0,NA,NA,NA,NA,NA,0,0,0.2,0,0,0.30625,0,NA,0,NA,0,NA,NA,123050.78125,NA,NA,NA,NA,NA,NA,NA,NA,NA,NA,NA,NA,NA,NA,NA,NA,NA,NA,NA,NA,NA,NA,NA,NA,NA,NA,NA,NA,NA,NA,NA,NA,NA,NA,NA,NA,NA,NA,NA,NA,NA,NA,NA,NA,NA,NA,NA,NA,NA,NA,NA,NA,NA
"LabBlank_C_20240503",8,0,"FASMEE23","Blank","LabBlank","CW/KOH",20240503,20250506,"LL","1000x","n/a","","LabBlank_C_20240503","F23_A",NA,NA,NA,NA,"Blank",NA,NA,0,NA,NA,NA,NA,NA,0,0,0.2,0,0,0.30625,0,NA,0,NA,0,NA,NA,123050.78125,NA,NA,NA,NA,NA,NA,NA,NA,NA,NA,NA,NA,NA,NA,NA,NA,NA,NA,NA,NA,NA,NA,NA,NA,NA,NA,NA,NA,NA,NA,NA,NA,NA,NA,NA,NA,NA,NA,NA,NA,NA,NA,NA,NA,NA,NA,NA,NA,NA,NA,NA,NA,NA
"LabBlank_C_20240503",9,3,"FASMEE23","Blank","LabBlank","CW/KOH",20240503,20250506,"LL","1000x","n/a","","LabBlank_C_20240503","F23_A",NA,NA,NA,NA,"Blank",NA,NA,0,NA,NA,NA,NA,NA,0,0,0.2,2.8,0,0.30625,2.69375,NA,21675,Inf,19462.34375,Inf,NA,123050.78125,NA,NA,NA,NA,NA,NA,NA,NA,NA,NA,NA,NA,NA,NA,NA,NA,NA,NA,NA,NA,NA,NA,NA,NA,NA,NA,NA,NA,NA,NA,NA,NA,NA,NA,NA,NA,NA,NA,NA,NA,NA,NA,NA,NA,NA,NA,NA,NA,NA,NA,NA,NA,NA
"LabBlank_C_20240503",10,0,"FASMEE23","Blank","LabBlank","CW/KOH",20240503,20250506,"LL","1000x","n/a","","LabBlank_C_20240503","F23_A",NA,NA,NA,NA,"Blank",NA,NA,0,NA,NA,NA,NA,NA,0,0,0.2,0,0,0.30625,0,NA,0,NA,0,NA,NA,123050.78125,NA,NA,NA,NA,NA,NA,NA,NA,NA,NA,NA,NA,NA,NA,NA,NA,NA,NA,NA,NA,NA,NA,NA,NA,NA,NA,NA,NA,NA,NA,NA,NA,NA,NA,NA,NA,NA,NA,NA,NA,NA,NA,NA,NA,NA,NA,NA,NA,NA,NA,NA,NA,NA
"LabBlank_C_20240503",11,0,"FASMEE23","Blank","LabBlank","CW/KOH",20240503,20250506,"LL","1000x","n/a","","LabBlank_C_20240503","F23_A",NA,NA,NA,NA,"Blank",NA,NA,0,NA,NA,NA,NA,NA,0,0,0.2,0,0,0.30625,0,NA,0,NA,0,NA,NA,123050.78125,NA,NA,NA,NA,NA,NA,NA,NA,NA,NA,NA,NA,NA,NA,NA,NA,NA,NA,NA,NA,NA,NA,NA,NA,NA,NA,NA,NA,NA,NA,NA,NA,NA,NA,NA,NA,NA,NA,NA,NA,NA,NA,NA,NA,NA,NA,NA,NA,NA,NA,NA,NA,NA
"LabBlank_C_20240503",12,0,"FASMEE23","Blank","LabBlank","CW/KOH",20240503,20250506,"LL","1000x","n/a","","LabBlank_C_20240503","F23_A",NA,NA,NA,NA,"Blank",NA,NA,0,NA,NA,NA,NA,NA,0,0,0.2,0,0,0.30625,0,NA,0,NA,0,NA,NA,123050.78125,NA,NA,NA,NA,NA,NA,NA,NA,NA,NA,NA,NA,NA,NA,NA,NA,NA,NA,NA,NA,NA,NA,NA,NA,NA,NA,NA,NA,NA,NA,NA,NA,NA,NA,NA,NA,NA,NA,NA,NA,NA,NA,NA,NA,NA,NA,NA,NA,NA,NA,NA,NA,NA
"LabBlank_C_20240503",13,1,"FASMEE23","Blank","LabBlank","CW/KOH",20240503,20250506,"LL","1000x","n/a","","LabBlank_C_20240503","F23_A",NA,NA,NA,NA,"Blank",NA,NA,0,NA,NA,NA,NA,NA,0,0,0.2,0.8,0,0.30625,0.69375,NA,7225,Inf,5012.34375,Inf,NA,123050.78125,NA,NA,NA,NA,NA,NA,NA,NA,NA,NA,NA,NA,NA,NA,NA,NA,NA,NA,NA,NA,NA,NA,NA,NA,NA,NA,NA,NA,NA,NA,NA,NA,NA,NA,NA,NA,NA,NA,NA,NA,NA,NA,NA,NA,NA,NA,NA,NA,NA,NA,NA,NA,NA
"LabBlank_C_20240503",14,0,"FASMEE23","Blank","LabBlank","CW/KOH",20240503,20250506,"LL","1000x","n/a","","LabBlank_C_20240503","F23_A",NA,NA,NA,NA,"Blank",NA,NA,0,NA,NA,NA,NA,NA,0,0,0.2,0,0,0.30625,0,NA,0,NA,0,NA,NA,123050.78125,NA,NA,NA,NA,NA,NA,NA,NA,NA,NA,NA,NA,NA,NA,NA,NA,NA,NA,NA,NA,NA,NA,NA,NA,NA,NA,NA,NA,NA,NA,NA,NA,NA,NA,NA,NA,NA,NA,NA,NA,NA,NA,NA,NA,NA,NA,NA,NA,NA,NA,NA,NA,NA
"LabBlank_C_20240503",15,0,"FASMEE23","Blank","LabBlank","CW/KOH",20240503,20250506,"LL","1000x","n/a","","LabBlank_C_20240503","F23_A",NA,NA,NA,NA,"Blank",NA,NA,0,NA,NA,NA,NA,NA,0,0,0.2,0,0,0.30625,0,NA,0,NA,0,NA,NA,123050.78125,NA,NA,NA,NA,NA,NA,NA,NA,NA,NA,NA,NA,NA,NA,NA,NA,NA,NA,NA,NA,NA,NA,NA,NA,NA,NA,NA,NA,NA,NA,NA,NA,NA,NA,NA,NA,NA,NA,NA,NA,NA,NA,NA,NA,NA,NA,NA,NA,NA,NA,NA,NA,NA
"LabBlank_C_20240503",16,0,"FASMEE23","Blank","LabBlank","CW/KOH",20240503,20250506,"LL","1000x","n/a","","LabBlank_C_20240503","F23_A",NA,NA,NA,NA,"Blank",NA,NA,0,NA,NA,NA,NA,NA,0,0,0.2,0,0,0.30625,0,NA,0,NA,0,NA,NA,123050.78125,NA,NA,NA,NA,NA,NA,NA,NA,NA,NA,NA,NA,NA,NA,NA,NA,NA,NA,NA,NA,NA,NA,NA,NA,NA,NA,NA,NA,NA,NA,NA,NA,NA,NA,NA,NA,NA,NA,NA,NA,NA,NA,NA,NA,NA,NA,NA,NA,NA,NA,NA,NA,NA
"LabBlank_C_20240503",17,0,"FASMEE23","Blank","LabBlank","CW/KOH",20240503,20250506,"LL","1000x","n/a","","LabBlank_C_20240503","F23_A",NA,NA,NA,NA,"Blank",NA,NA,0,NA,NA,NA,NA,NA,0,0,0.2,0,0,0.30625,0,NA,0,NA,0,NA,NA,123050.78125,NA,NA,NA,NA,NA,NA,NA,NA,NA,NA,NA,NA,NA,NA,NA,NA,NA,NA,NA,NA,NA,NA,NA,NA,NA,NA,NA,NA,NA,NA,NA,NA,NA,NA,NA,NA,NA,NA,NA,NA,NA,NA,NA,NA,NA,NA,NA,NA,NA,NA,NA,NA,NA
"LabBlank_C_20240503",18,0,"FASMEE23","Blank","LabBlank","CW/KOH",20240503,20250506,"LL","1000x","n/a","","LabBlank_C_20240503","F23_A",NA,NA,NA,NA,"Blank",NA,NA,0,NA,NA,NA,NA,NA,0,0,0.2,0,0,0.30625,0,NA,0,NA,0,NA,NA,123050.78125,NA,NA,NA,NA,NA,NA,NA,NA,NA,NA,NA,NA,NA,NA,NA,NA,NA,NA,NA,NA,NA,NA,NA,NA,NA,NA,NA,NA,NA,NA,NA,NA,NA,NA,NA,NA,NA,NA,NA,NA,NA,NA,NA,NA,NA,NA,NA,NA,NA,NA,NA,NA,NA
"LabBlank_C_20240503",19,0,"FASMEE23","Blank","LabBlank","CW/KOH",20240503,20250506,"LL","1000x","n/a","","LabBlank_C_20240503","F23_A",NA,NA,NA,NA,"Blank",NA,NA,0,NA,NA,NA,NA,NA,0,0,0.2,0,0,0.30625,0,NA,0,NA,0,NA,NA,123050.78125,NA,NA,NA,NA,NA,NA,NA,NA,NA,NA,NA,NA,NA,NA,NA,NA,NA,NA,NA,NA,NA,NA,NA,NA,NA,NA,NA,NA,NA,NA,NA,NA,NA,NA,NA,NA,NA,NA,NA,NA,NA,NA,NA,NA,NA,NA,NA,NA,NA,NA,NA,NA,NA
"LabBlank_C_20240503",20,0,"FASMEE23","Blank","LabBlank","CW/KOH",20240503,20250506,"LL","1000x","n/a","","LabBlank_C_20240503","F23_A",NA,NA,NA,NA,"Blank",NA,NA,0,NA,NA,NA,NA,NA,0,0,0.2,0,0,0.30625,0,NA,0,NA,0,NA,NA,123050.78125,NA,NA,NA,NA,NA,NA,NA,NA,NA,NA,NA,NA,NA,NA,NA,NA,NA,NA,NA,NA,NA,NA,NA,NA,NA,NA,NA,NA,NA,NA,NA,NA,NA,NA,NA,NA,NA,NA,NA,NA,NA,NA,NA,NA,NA,NA,NA,NA,NA,NA,NA,NA,NA
"LabBlank_C_20240503",21,0,"FASMEE23","Blank","LabBlank","CW/KOH",20240503,20250506,"LL","1000x","n/a","","LabBlank_C_20240503","F23_A",NA,NA,NA,NA,"Blank",NA,NA,0,NA,NA,NA,NA,NA,0,0,0.2,0,0,0.30625,0,NA,0,NA,0,NA,NA,123050.78125,NA,NA,NA,NA,NA,NA,NA,NA,NA,NA,NA,NA,NA,NA,NA,NA,NA,NA,NA,NA,NA,NA,NA,NA,NA,NA,NA,NA,NA,NA,NA,NA,NA,NA,NA,NA,NA,NA,NA,NA,NA,NA,NA,NA,NA,NA,NA,NA,NA,NA,NA,NA,NA
"LabBlank_C_20240503",22,0,"FASMEE23","Blank","LabBlank","CW/KOH",20240503,20250506,"LL","1000x","n/a","","LabBlank_C_20240503","F23_A",NA,NA,NA,NA,"Blank",NA,NA,0,NA,NA,NA,NA,NA,0,0,0.2,0,0,0.30625,0,NA,0,NA,0,NA,NA,123050.78125,NA,NA,NA,NA,NA,NA,NA,NA,NA,NA,NA,NA,NA,NA,NA,NA,NA,NA,NA,NA,NA,NA,NA,NA,NA,NA,NA,NA,NA,NA,NA,NA,NA,NA,NA,NA,NA,NA,NA,NA,NA,NA,NA,NA,NA,NA,NA,NA,NA,NA,NA,NA,NA
"LabBlank_C_20240503",23,0,"FASMEE23","Blank","LabBlank","CW/KOH",20240503,20250506,"LL","1000x","n/a","","LabBlank_C_20240503","F23_A",NA,NA,NA,NA,"Blank",NA,NA,0,NA,NA,NA,NA,NA,0,0,0.2,0,0,0.30625,0,NA,0,NA,0,NA,NA,123050.78125,NA,NA,NA,NA,NA,NA,NA,NA,NA,NA,NA,NA,NA,NA,NA,NA,NA,NA,NA,NA,NA,NA,NA,NA,NA,NA,NA,NA,NA,NA,NA,NA,NA,NA,NA,NA,NA,NA,NA,NA,NA,NA,NA,NA,NA,NA,NA,NA,NA,NA,NA,NA,NA
"LabBlank_C_20240503",24,0,"FASMEE23","Blank","LabBlank","CW/KOH",20240503,20250506,"LL","1000x","n/a","","LabBlank_C_20240503","F23_A",NA,NA,NA,NA,"Blank",NA,NA,0,NA,NA,NA,NA,NA,0,0,0.2,0,0,0.30625,0,NA,0,NA,0,NA,NA,123050.78125,NA,NA,NA,NA,NA,NA,NA,NA,NA,NA,NA,NA,NA,NA,NA,NA,NA,NA,NA,NA,NA,NA,NA,NA,NA,NA,NA,NA,NA,NA,NA,NA,NA,NA,NA,NA,NA,NA,NA,NA,NA,NA,NA,NA,NA,NA,NA,NA,NA,NA,NA,NA,NA
"LabBlank_C_20240503",25,0,"FASMEE23","Blank","LabBlank","CW/KOH",20240503,20250506,"LL","1000x","n/a","","LabBlank_C_20240503","F23_A",NA,NA,NA,NA,"Blank",NA,NA,0,NA,NA,NA,NA,NA,0,0,0.2,0,0,0.30625,0,NA,0,NA,0,NA,NA,123050.78125,NA,NA,NA,NA,NA,NA,NA,NA,NA,NA,NA,NA,NA,NA,NA,NA,NA,NA,NA,NA,NA,NA,NA,NA,NA,NA,NA,NA,NA,NA,NA,NA,NA,NA,NA,NA,NA,NA,NA,NA,NA,NA,NA,NA,NA,NA,NA,NA,NA,NA,NA,NA,NA
"LabBlank_C_20240503",26,0,"FASMEE23","Blank","LabBlank","CW/KOH",20240503,20250506,"LL","1000x","n/a","","LabBlank_C_20240503","F23_A",NA,NA,NA,NA,"Blank",NA,NA,0,NA,NA,NA,NA,NA,0,0,0.2,0,0,0.30625,0,NA,0,NA,0,NA,NA,123050.78125,NA,NA,NA,NA,NA,NA,NA,NA,NA,NA,NA,NA,NA,NA,NA,NA,NA,NA,NA,NA,NA,NA,NA,NA,NA,NA,NA,NA,NA,NA,NA,NA,NA,NA,NA,NA,NA,NA,NA,NA,NA,NA,NA,NA,NA,NA,NA,NA,NA,NA,NA,NA,NA
"LabBlank_C_20240503",27,0,"FASMEE23","Blank","LabBlank","CW/KOH",20240503,20250506,"LL","1000x","n/a","","LabBlank_C_20240503","F23_A",NA,NA,NA,NA,"Blank",NA,NA,0,NA,NA,NA,NA,NA,0,0,0.2,0,0,0.30625,0,NA,0,NA,0,NA,NA,123050.78125,NA,NA,NA,NA,NA,NA,NA,NA,NA,NA,NA,NA,NA,NA,NA,NA,NA,NA,NA,NA,NA,NA,NA,NA,NA,NA,NA,NA,NA,NA,NA,NA,NA,NA,NA,NA,NA,NA,NA,NA,NA,NA,NA,NA,NA,NA,NA,NA,NA,NA,NA,NA,NA
"LabBlank_C_20240503",28,0,"FASMEE23","Blank","LabBlank","CW/KOH",20240503,20250506,"LL","1000x","n/a","","LabBlank_C_20240503","F23_A",NA,NA,NA,NA,"Blank",NA,NA,0,NA,NA,NA,NA,NA,0,0,0.2,0,0,0.30625,0,NA,0,NA,0,NA,NA,123050.78125,NA,NA,NA,NA,NA,NA,NA,NA,NA,NA,NA,NA,NA,NA,NA,NA,NA,NA,NA,NA,NA,NA,NA,NA,NA,NA,NA,NA,NA,NA,NA,NA,NA,NA,NA,NA,NA,NA,NA,NA,NA,NA,NA,NA,NA,NA,NA,NA,NA,NA,NA,NA,NA
"LabBlank_C_20240503",29,0,"FASMEE23","Blank","LabBlank","CW/KOH",20240503,20250506,"LL","1000x","n/a","","LabBlank_C_20240503","F23_A",NA,NA,NA,NA,"Blank",NA,NA,0,NA,NA,NA,NA,NA,0,0,0.2,0,0,0.30625,0,NA,0,NA,0,NA,NA,123050.78125,NA,NA,NA,NA,NA,NA,NA,NA,NA,NA,NA,NA,NA,NA,NA,NA,NA,NA,NA,NA,NA,NA,NA,NA,NA,NA,NA,NA,NA,NA,NA,NA,NA,NA,NA,NA,NA,NA,NA,NA,NA,NA,NA,NA,NA,NA,NA,NA,NA,NA,NA,NA,NA
"LabBlank_C_20240503",30,0,"FASMEE23","Blank","LabBlank","CW/KOH",20240503,20250506,"LL","1000x","n/a","","LabBlank_C_20240503","F23_A",NA,NA,NA,NA,"Blank",NA,NA,0,NA,NA,NA,NA,NA,0,0,0.2,0,0,0.30625,0,NA,0,NA,0,NA,NA,123050.78125,NA,NA,NA,NA,NA,NA,NA,NA,NA,NA,NA,NA,NA,NA,NA,NA,NA,NA,NA,NA,NA,NA,NA,NA,NA,NA,NA,NA,NA,NA,NA,NA,NA,NA,NA,NA,NA,NA,NA,NA,NA,NA,NA,NA,NA,NA,NA,NA,NA,NA,NA,NA,NA
"LabBlank_C_20240503",31,0,"FASMEE23","Blank","LabBlank","CW/KOH",20240503,20250506,"LL","1000x","n/a","","LabBlank_C_20240503","F23_A",NA,NA,NA,NA,"Blank",NA,NA,0,NA,NA,NA,NA,NA,0,0,0.2,0,0,0.30625,0,NA,0,NA,0,NA,NA,123050.78125,NA,NA,NA,NA,NA,NA,NA,NA,NA,NA,NA,NA,NA,NA,NA,NA,NA,NA,NA,NA,NA,NA,NA,NA,NA,NA,NA,NA,NA,NA,NA,NA,NA,NA,NA,NA,NA,NA,NA,NA,NA,NA,NA,NA,NA,NA,NA,NA,NA,NA,NA,NA,NA
"LabBlank_C_20240503",32,0,"FASMEE23","Blank","LabBlank","CW/KOH",20240503,20250506,"LL","1000x","n/a","","LabBlank_C_20240503","F23_A",NA,NA,NA,NA,"Blank",NA,NA,0,NA,NA,NA,NA,NA,0,0,0.2,0,0,0.30625,0,NA,0,NA,0,NA,NA,123050.78125,NA,NA,NA,NA,NA,NA,NA,NA,NA,NA,NA,NA,NA,NA,NA,NA,NA,NA,NA,NA,NA,NA,NA,NA,NA,NA,NA,NA,NA,NA,NA,NA,NA,NA,NA,NA,NA,NA,NA,NA,NA,NA,NA,NA,NA,NA,NA,NA,NA,NA,NA,NA,NA
"LabBlank_C_20240503",33,0,"FASMEE23","Blank","LabBlank","CW/KOH",20240503,20250506,"LL","1000x","n/a","","LabBlank_C_20240503","F23_A",NA,NA,NA,NA,"Blank",NA,NA,0,NA,NA,NA,NA,NA,0,0,0.2,0,0,0.30625,0,NA,0,NA,0,NA,NA,123050.78125,NA,NA,NA,NA,NA,NA,NA,NA,NA,NA,NA,NA,NA,NA,NA,NA,NA,NA,NA,NA,NA,NA,NA,NA,NA,NA,NA,NA,NA,NA,NA,NA,NA,NA,NA,NA,NA,NA,NA,NA,NA,NA,NA,NA,NA,NA,NA,NA,NA,NA,NA,NA,NA
"LabBlank_C_20240503",34,0,"FASMEE23","Blank","LabBlank","CW/KOH",20240503,20250506,"LL","1000x","n/a","","LabBlank_C_20240503","F23_A",NA,NA,NA,NA,"Blank",NA,NA,0,NA,NA,NA,NA,NA,0,0,0.2,0,0,0.30625,0,NA,0,NA,0,NA,NA,123050.78125,NA,NA,NA,NA,NA,NA,NA,NA,NA,NA,NA,NA,NA,NA,NA,NA,NA,NA,NA,NA,NA,NA,NA,NA,NA,NA,NA,NA,NA,NA,NA,NA,NA,NA,NA,NA,NA,NA,NA,NA,NA,NA,NA,NA,NA,NA,NA,NA,NA,NA,NA,NA,NA
"LabBlank_C_20240503",35,2,"FASMEE23","Blank","LabBlank","CW/KOH",20240503,20250506,"LL","1000x","n/a","","LabBlank_C_20240503","F23_A",NA,NA,NA,NA,"Blank",NA,NA,0,NA,NA,NA,NA,NA,0,0,0.2,1.8,0,0.30625,1.69375,NA,14450,Inf,12237.34375,Inf,NA,123050.78125,NA,NA,NA,NA,NA,NA,NA,NA,NA,NA,NA,NA,NA,NA,NA,NA,NA,NA,NA,NA,NA,NA,NA,NA,NA,NA,NA,NA,NA,NA,NA,NA,NA,NA,NA,NA,NA,NA,NA,NA,NA,NA,NA,NA,NA,NA,NA,NA,NA,NA,NA,NA,NA
"LabBlank_C_20240503",36,1,"FASMEE23","Blank","LabBlank","CW/KOH",20240503,20250506,"LL","1000x","n/a","","LabBlank_C_20240503","F23_A",NA,NA,NA,NA,"Blank",NA,NA,0,NA,NA,NA,NA,NA,0,0,0.2,0.8,0,0.30625,0.69375,NA,7225,Inf,5012.34375,Inf,NA,123050.78125,NA,NA,NA,NA,NA,NA,NA,NA,NA,NA,NA,NA,NA,NA,NA,NA,NA,NA,NA,NA,NA,NA,NA,NA,NA,NA,NA,NA,NA,NA,NA,NA,NA,NA,NA,NA,NA,NA,NA,NA,NA,NA,NA,NA,NA,NA,NA,NA,NA,NA,NA,NA,NA
"LabBlank_C_20240503",37,0,"FASMEE23","Blank","LabBlank","CW/KOH",20240503,20250506,"LL","1000x","n/a","","LabBlank_C_20240503","F23_A",NA,NA,NA,NA,"Blank",NA,NA,0,NA,NA,NA,NA,NA,0,0,0.2,0,0,0.30625,0,NA,0,NA,0,NA,NA,123050.78125,NA,NA,NA,NA,NA,NA,NA,NA,NA,NA,NA,NA,NA,NA,NA,NA,NA,NA,NA,NA,NA,NA,NA,NA,NA,NA,NA,NA,NA,NA,NA,NA,NA,NA,NA,NA,NA,NA,NA,NA,NA,NA,NA,NA,NA,NA,NA,NA,NA,NA,NA,NA,NA
"LabBlank_C_20240503",38,0,"FASMEE23","Blank","LabBlank","CW/KOH",20240503,20250506,"LL","1000x","n/a","","LabBlank_C_20240503","F23_A",NA,NA,NA,NA,"Blank",NA,NA,0,NA,NA,NA,NA,NA,0,0,0.2,0,0,0.30625,0,NA,0,NA,0,NA,NA,123050.78125,NA,NA,NA,NA,NA,NA,NA,NA,NA,NA,NA,NA,NA,NA,NA,NA,NA,NA,NA,NA,NA,NA,NA,NA,NA,NA,NA,NA,NA,NA,NA,NA,NA,NA,NA,NA,NA,NA,NA,NA,NA,NA,NA,NA,NA,NA,NA,NA,NA,NA,NA,NA,NA
"LabBlank_C_20240503",39,0,"FASMEE23","Blank","LabBlank","CW/KOH",20240503,20250506,"LL","1000x","n/a","","LabBlank_C_20240503","F23_A",NA,NA,NA,NA,"Blank",NA,NA,0,NA,NA,NA,NA,NA,0,0,0.2,0,0,0.30625,0,NA,0,NA,0,NA,NA,123050.78125,NA,NA,NA,NA,NA,NA,NA,NA,NA,NA,NA,NA,NA,NA,NA,NA,NA,NA,NA,NA,NA,NA,NA,NA,NA,NA,NA,NA,NA,NA,NA,NA,NA,NA,NA,NA,NA,NA,NA,NA,NA,NA,NA,NA,NA,NA,NA,NA,NA,NA,NA,NA,NA
"LabBlank_C_20240503",40,1,"FASMEE23","Blank","LabBlank","CW/KOH",20240503,20250506,"LL","1000x","n/a","","LabBlank_C_20240503","F23_A",NA,NA,NA,NA,"Blank",NA,NA,0,NA,NA,NA,NA,NA,0,0,0.2,0.8,0,0.30625,0.69375,NA,7225,Inf,5012.34375,Inf,NA,123050.78125,NA,NA,NA,NA,NA,NA,NA,NA,NA,NA,NA,NA,NA,NA,NA,NA,NA,NA,NA,NA,NA,NA,NA,NA,NA,NA,NA,NA,NA,NA,NA,NA,NA,NA,NA,NA,NA,NA,NA,NA,NA,NA,NA,NA,NA,NA,NA,NA,NA,NA,NA,NA,NA
"LabBlank_B_20240807",1,0,"FASMEE23","Blank","LabBlank","CW/KOH",20240807,20250506,"LL","1000x","n/a","","LabBlank_B_20240807","F23_B",NA,NA,NA,NA,"Blank",NA,NA,0,NA,NA,NA,NA,NA,0,0,0,0,0,0.10625,0,NA,0,NA,0,NA,NA,123050.78125,NA,NA,NA,NA,NA,NA,NA,NA,NA,NA,NA,NA,NA,NA,NA,NA,NA,NA,NA,NA,NA,NA,NA,NA,NA,NA,NA,NA,NA,NA,NA,NA,NA,NA,NA,NA,NA,NA,NA,NA,NA,NA,NA,NA,NA,NA,NA,NA,NA,NA,NA,NA,NA
"LabBlank_B_20240807",2,0,"FASMEE23","Blank","LabBlank","CW/KOH",20240807,20250506,"LL","1000x","n/a","","LabBlank_B_20240807","F23_B",NA,NA,NA,NA,"Blank",NA,NA,0,NA,NA,NA,NA,NA,0,0,0,0,0,0.10625,0,NA,0,NA,0,NA,NA,123050.78125,NA,NA,NA,NA,NA,NA,NA,NA,NA,NA,NA,NA,NA,NA,NA,NA,NA,NA,NA,NA,NA,NA,NA,NA,NA,NA,NA,NA,NA,NA,NA,NA,NA,NA,NA,NA,NA,NA,NA,NA,NA,NA,NA,NA,NA,NA,NA,NA,NA,NA,NA,NA,NA
"LabBlank_B_20240807",3,0,"FASMEE23","Blank","LabBlank","CW/KOH",20240807,20250506,"LL","1000x","n/a","","LabBlank_B_20240807","F23_B",NA,NA,NA,NA,"Blank",NA,NA,0,NA,NA,NA,NA,NA,0,0,0,0,0,0.10625,0,NA,0,NA,0,NA,NA,123050.78125,NA,NA,NA,NA,NA,NA,NA,NA,NA,NA,NA,NA,NA,NA,NA,NA,NA,NA,NA,NA,NA,NA,NA,NA,NA,NA,NA,NA,NA,NA,NA,NA,NA,NA,NA,NA,NA,NA,NA,NA,NA,NA,NA,NA,NA,NA,NA,NA,NA,NA,NA,NA,NA
"LabBlank_B_20240807",4,0,"FASMEE23","Blank","LabBlank","CW/KOH",20240807,20250506,"LL","1000x","n/a","","LabBlank_B_20240807","F23_B",NA,NA,NA,NA,"Blank",NA,NA,0,NA,NA,NA,NA,NA,0,0,0,0,0,0.10625,0,NA,0,NA,0,NA,NA,123050.78125,NA,NA,NA,NA,NA,NA,NA,NA,NA,NA,NA,NA,NA,NA,NA,NA,NA,NA,NA,NA,NA,NA,NA,NA,NA,NA,NA,NA,NA,NA,NA,NA,NA,NA,NA,NA,NA,NA,NA,NA,NA,NA,NA,NA,NA,NA,NA,NA,NA,NA,NA,NA,NA
"LabBlank_B_20240807",5,0,"FASMEE23","Blank","LabBlank","CW/KOH",20240807,20250506,"LL","1000x","n/a","","LabBlank_B_20240807","F23_B",NA,NA,NA,NA,"Blank",NA,NA,0,NA,NA,NA,NA,NA,0,0,0,0,0,0.10625,0,NA,0,NA,0,NA,NA,123050.78125,NA,NA,NA,NA,NA,NA,NA,NA,NA,NA,NA,NA,NA,NA,NA,NA,NA,NA,NA,NA,NA,NA,NA,NA,NA,NA,NA,NA,NA,NA,NA,NA,NA,NA,NA,NA,NA,NA,NA,NA,NA,NA,NA,NA,NA,NA,NA,NA,NA,NA,NA,NA,NA
"LabBlank_B_20240807",6,0,"FASMEE23","Blank","LabBlank","CW/KOH",20240807,20250506,"LL","1000x","n/a","","LabBlank_B_20240807","F23_B",NA,NA,NA,NA,"Blank",NA,NA,0,NA,NA,NA,NA,NA,0,0,0,0,0,0.10625,0,NA,0,NA,0,NA,NA,123050.78125,NA,NA,NA,NA,NA,NA,NA,NA,NA,NA,NA,NA,NA,NA,NA,NA,NA,NA,NA,NA,NA,NA,NA,NA,NA,NA,NA,NA,NA,NA,NA,NA,NA,NA,NA,NA,NA,NA,NA,NA,NA,NA,NA,NA,NA,NA,NA,NA,NA,NA,NA,NA,NA
"LabBlank_B_20240807",7,0,"FASMEE23","Blank","LabBlank","CW/KOH",20240807,20250506,"LL","1000x","n/a","","LabBlank_B_20240807","F23_B",NA,NA,NA,NA,"Blank",NA,NA,0,NA,NA,NA,NA,NA,0,0,0,0,0,0.10625,0,NA,0,NA,0,NA,NA,123050.78125,NA,NA,NA,NA,NA,NA,NA,NA,NA,NA,NA,NA,NA,NA,NA,NA,NA,NA,NA,NA,NA,NA,NA,NA,NA,NA,NA,NA,NA,NA,NA,NA,NA,NA,NA,NA,NA,NA,NA,NA,NA,NA,NA,NA,NA,NA,NA,NA,NA,NA,NA,NA,NA
"LabBlank_B_20240807",8,0,"FASMEE23","Blank","LabBlank","CW/KOH",20240807,20250506,"LL","1000x","n/a","","LabBlank_B_20240807","F23_B",NA,NA,NA,NA,"Blank",NA,NA,0,NA,NA,NA,NA,NA,0,0,0,0,0,0.10625,0,NA,0,NA,0,NA,NA,123050.78125,NA,NA,NA,NA,NA,NA,NA,NA,NA,NA,NA,NA,NA,NA,NA,NA,NA,NA,NA,NA,NA,NA,NA,NA,NA,NA,NA,NA,NA,NA,NA,NA,NA,NA,NA,NA,NA,NA,NA,NA,NA,NA,NA,NA,NA,NA,NA,NA,NA,NA,NA,NA,NA
"LabBlank_B_20240807",9,0,"FASMEE23","Blank","LabBlank","CW/KOH",20240807,20250506,"LL","1000x","n/a","","LabBlank_B_20240807","F23_B",NA,NA,NA,NA,"Blank",NA,NA,0,NA,NA,NA,NA,NA,0,0,0,0,0,0.10625,0,NA,0,NA,0,NA,NA,123050.78125,NA,NA,NA,NA,NA,NA,NA,NA,NA,NA,NA,NA,NA,NA,NA,NA,NA,NA,NA,NA,NA,NA,NA,NA,NA,NA,NA,NA,NA,NA,NA,NA,NA,NA,NA,NA,NA,NA,NA,NA,NA,NA,NA,NA,NA,NA,NA,NA,NA,NA,NA,NA,NA
"LabBlank_B_20240807",10,0,"FASMEE23","Blank","LabBlank","CW/KOH",20240807,20250506,"LL","1000x","n/a","","LabBlank_B_20240807","F23_B",NA,NA,NA,NA,"Blank",NA,NA,0,NA,NA,NA,NA,NA,0,0,0,0,0,0.10625,0,NA,0,NA,0,NA,NA,123050.78125,NA,NA,NA,NA,NA,NA,NA,NA,NA,NA,NA,NA,NA,NA,NA,NA,NA,NA,NA,NA,NA,NA,NA,NA,NA,NA,NA,NA,NA,NA,NA,NA,NA,NA,NA,NA,NA,NA,NA,NA,NA,NA,NA,NA,NA,NA,NA,NA,NA,NA,NA,NA,NA
"LabBlank_B_20240807",11,0,"FASMEE23","Blank","LabBlank","CW/KOH",20240807,20250506,"LL","1000x","n/a","","LabBlank_B_20240807","F23_B",NA,NA,NA,NA,"Blank",NA,NA,0,NA,NA,NA,NA,NA,0,0,0,0,0,0.10625,0,NA,0,NA,0,NA,NA,123050.78125,NA,NA,NA,NA,NA,NA,NA,NA,NA,NA,NA,NA,NA,NA,NA,NA,NA,NA,NA,NA,NA,NA,NA,NA,NA,NA,NA,NA,NA,NA,NA,NA,NA,NA,NA,NA,NA,NA,NA,NA,NA,NA,NA,NA,NA,NA,NA,NA,NA,NA,NA,NA,NA
"LabBlank_B_20240807",12,0,"FASMEE23","Blank","LabBlank","CW/KOH",20240807,20250506,"LL","1000x","n/a","","LabBlank_B_20240807","F23_B",NA,NA,NA,NA,"Blank",NA,NA,0,NA,NA,NA,NA,NA,0,0,0,0,0,0.10625,0,NA,0,NA,0,NA,NA,123050.78125,NA,NA,NA,NA,NA,NA,NA,NA,NA,NA,NA,NA,NA,NA,NA,NA,NA,NA,NA,NA,NA,NA,NA,NA,NA,NA,NA,NA,NA,NA,NA,NA,NA,NA,NA,NA,NA,NA,NA,NA,NA,NA,NA,NA,NA,NA,NA,NA,NA,NA,NA,NA,NA
"LabBlank_B_20240807",13,0,"FASMEE23","Blank","LabBlank","CW/KOH",20240807,20250506,"LL","1000x","n/a","","LabBlank_B_20240807","F23_B",NA,NA,NA,NA,"Blank",NA,NA,0,NA,NA,NA,NA,NA,0,0,0,0,0,0.10625,0,NA,0,NA,0,NA,NA,123050.78125,NA,NA,NA,NA,NA,NA,NA,NA,NA,NA,NA,NA,NA,NA,NA,NA,NA,NA,NA,NA,NA,NA,NA,NA,NA,NA,NA,NA,NA,NA,NA,NA,NA,NA,NA,NA,NA,NA,NA,NA,NA,NA,NA,NA,NA,NA,NA,NA,NA,NA,NA,NA,NA
"LabBlank_B_20240807",14,0,"FASMEE23","Blank","LabBlank","CW/KOH",20240807,20250506,"LL","1000x","n/a","","LabBlank_B_20240807","F23_B",NA,NA,NA,NA,"Blank",NA,NA,0,NA,NA,NA,NA,NA,0,0,0,0,0,0.10625,0,NA,0,NA,0,NA,NA,123050.78125,NA,NA,NA,NA,NA,NA,NA,NA,NA,NA,NA,NA,NA,NA,NA,NA,NA,NA,NA,NA,NA,NA,NA,NA,NA,NA,NA,NA,NA,NA,NA,NA,NA,NA,NA,NA,NA,NA,NA,NA,NA,NA,NA,NA,NA,NA,NA,NA,NA,NA,NA,NA,NA
"LabBlank_B_20240807",15,0,"FASMEE23","Blank","LabBlank","CW/KOH",20240807,20250506,"LL","1000x","n/a","","LabBlank_B_20240807","F23_B",NA,NA,NA,NA,"Blank",NA,NA,0,NA,NA,NA,NA,NA,0,0,0,0,0,0.10625,0,NA,0,NA,0,NA,NA,123050.78125,NA,NA,NA,NA,NA,NA,NA,NA,NA,NA,NA,NA,NA,NA,NA,NA,NA,NA,NA,NA,NA,NA,NA,NA,NA,NA,NA,NA,NA,NA,NA,NA,NA,NA,NA,NA,NA,NA,NA,NA,NA,NA,NA,NA,NA,NA,NA,NA,NA,NA,NA,NA,NA
"LabBlank_B_20240807",16,0,"FASMEE23","Blank","LabBlank","CW/KOH",20240807,20250506,"LL","1000x","n/a","","LabBlank_B_20240807","F23_B",NA,NA,NA,NA,"Blank",NA,NA,0,NA,NA,NA,NA,NA,0,0,0,0,0,0.10625,0,NA,0,NA,0,NA,NA,123050.78125,NA,NA,NA,NA,NA,NA,NA,NA,NA,NA,NA,NA,NA,NA,NA,NA,NA,NA,NA,NA,NA,NA,NA,NA,NA,NA,NA,NA,NA,NA,NA,NA,NA,NA,NA,NA,NA,NA,NA,NA,NA,NA,NA,NA,NA,NA,NA,NA,NA,NA,NA,NA,NA
"LabBlank_B_20240807",17,0,"FASMEE23","Blank","LabBlank","CW/KOH",20240807,20250506,"LL","1000x","n/a","","LabBlank_B_20240807","F23_B",NA,NA,NA,NA,"Blank",NA,NA,0,NA,NA,NA,NA,NA,0,0,0,0,0,0.10625,0,NA,0,NA,0,NA,NA,123050.78125,NA,NA,NA,NA,NA,NA,NA,NA,NA,NA,NA,NA,NA,NA,NA,NA,NA,NA,NA,NA,NA,NA,NA,NA,NA,NA,NA,NA,NA,NA,NA,NA,NA,NA,NA,NA,NA,NA,NA,NA,NA,NA,NA,NA,NA,NA,NA,NA,NA,NA,NA,NA,NA
"LabBlank_B_20240807",18,0,"FASMEE23","Blank","LabBlank","CW/KOH",20240807,20250506,"LL","1000x","n/a","","LabBlank_B_20240807","F23_B",NA,NA,NA,NA,"Blank",NA,NA,0,NA,NA,NA,NA,NA,0,0,0,0,0,0.10625,0,NA,0,NA,0,NA,NA,123050.78125,NA,NA,NA,NA,NA,NA,NA,NA,NA,NA,NA,NA,NA,NA,NA,NA,NA,NA,NA,NA,NA,NA,NA,NA,NA,NA,NA,NA,NA,NA,NA,NA,NA,NA,NA,NA,NA,NA,NA,NA,NA,NA,NA,NA,NA,NA,NA,NA,NA,NA,NA,NA,NA
"LabBlank_B_20240807",19,0,"FASMEE23","Blank","LabBlank","CW/KOH",20240807,20250506,"LL","1000x","n/a","","LabBlank_B_20240807","F23_B",NA,NA,NA,NA,"Blank",NA,NA,0,NA,NA,NA,NA,NA,0,0,0,0,0,0.10625,0,NA,0,NA,0,NA,NA,123050.78125,NA,NA,NA,NA,NA,NA,NA,NA,NA,NA,NA,NA,NA,NA,NA,NA,NA,NA,NA,NA,NA,NA,NA,NA,NA,NA,NA,NA,NA,NA,NA,NA,NA,NA,NA,NA,NA,NA,NA,NA,NA,NA,NA,NA,NA,NA,NA,NA,NA,NA,NA,NA,NA
"LabBlank_B_20240807",20,0,"FASMEE23","Blank","LabBlank","CW/KOH",20240807,20250506,"LL","1000x","n/a","","LabBlank_B_20240807","F23_B",NA,NA,NA,NA,"Blank",NA,NA,0,NA,NA,NA,NA,NA,0,0,0,0,0,0.10625,0,NA,0,NA,0,NA,NA,123050.78125,NA,NA,NA,NA,NA,NA,NA,NA,NA,NA,NA,NA,NA,NA,NA,NA,NA,NA,NA,NA,NA,NA,NA,NA,NA,NA,NA,NA,NA,NA,NA,NA,NA,NA,NA,NA,NA,NA,NA,NA,NA,NA,NA,NA,NA,NA,NA,NA,NA,NA,NA,NA,NA
"LabBlank_B_20240807",21,0,"FASMEE23","Blank","LabBlank","CW/KOH",20240807,20250506,"LL","1000x","n/a","","LabBlank_B_20240807","F23_B",NA,NA,NA,NA,"Blank",NA,NA,0,NA,NA,NA,NA,NA,0,0,0,0,0,0.10625,0,NA,0,NA,0,NA,NA,123050.78125,NA,NA,NA,NA,NA,NA,NA,NA,NA,NA,NA,NA,NA,NA,NA,NA,NA,NA,NA,NA,NA,NA,NA,NA,NA,NA,NA,NA,NA,NA,NA,NA,NA,NA,NA,NA,NA,NA,NA,NA,NA,NA,NA,NA,NA,NA,NA,NA,NA,NA,NA,NA,NA
"LabBlank_B_20240807",22,0,"FASMEE23","Blank","LabBlank","CW/KOH",20240807,20250506,"LL","1000x","n/a","","LabBlank_B_20240807","F23_B",NA,NA,NA,NA,"Blank",NA,NA,0,NA,NA,NA,NA,NA,0,0,0,0,0,0.10625,0,NA,0,NA,0,NA,NA,123050.78125,NA,NA,NA,NA,NA,NA,NA,NA,NA,NA,NA,NA,NA,NA,NA,NA,NA,NA,NA,NA,NA,NA,NA,NA,NA,NA,NA,NA,NA,NA,NA,NA,NA,NA,NA,NA,NA,NA,NA,NA,NA,NA,NA,NA,NA,NA,NA,NA,NA,NA,NA,NA,NA
"LabBlank_B_20240807",23,0,"FASMEE23","Blank","LabBlank","CW/KOH",20240807,20250506,"LL","1000x","n/a","","LabBlank_B_20240807","F23_B",NA,NA,NA,NA,"Blank",NA,NA,0,NA,NA,NA,NA,NA,0,0,0,0,0,0.10625,0,NA,0,NA,0,NA,NA,123050.78125,NA,NA,NA,NA,NA,NA,NA,NA,NA,NA,NA,NA,NA,NA,NA,NA,NA,NA,NA,NA,NA,NA,NA,NA,NA,NA,NA,NA,NA,NA,NA,NA,NA,NA,NA,NA,NA,NA,NA,NA,NA,NA,NA,NA,NA,NA,NA,NA,NA,NA,NA,NA,NA
"LabBlank_B_20240807",24,0,"FASMEE23","Blank","LabBlank","CW/KOH",20240807,20250506,"LL","1000x","n/a","","LabBlank_B_20240807","F23_B",NA,NA,NA,NA,"Blank",NA,NA,0,NA,NA,NA,NA,NA,0,0,0,0,0,0.10625,0,NA,0,NA,0,NA,NA,123050.78125,NA,NA,NA,NA,NA,NA,NA,NA,NA,NA,NA,NA,NA,NA,NA,NA,NA,NA,NA,NA,NA,NA,NA,NA,NA,NA,NA,NA,NA,NA,NA,NA,NA,NA,NA,NA,NA,NA,NA,NA,NA,NA,NA,NA,NA,NA,NA,NA,NA,NA,NA,NA,NA
"LabBlank_B_20240807",25,0,"FASMEE23","Blank","LabBlank","CW/KOH",20240807,20250506,"LL","1000x","n/a","","LabBlank_B_20240807","F23_B",NA,NA,NA,NA,"Blank",NA,NA,0,NA,NA,NA,NA,NA,0,0,0,0,0,0.10625,0,NA,0,NA,0,NA,NA,123050.78125,NA,NA,NA,NA,NA,NA,NA,NA,NA,NA,NA,NA,NA,NA,NA,NA,NA,NA,NA,NA,NA,NA,NA,NA,NA,NA,NA,NA,NA,NA,NA,NA,NA,NA,NA,NA,NA,NA,NA,NA,NA,NA,NA,NA,NA,NA,NA,NA,NA,NA,NA,NA,NA
"LabBlank_B_20240807",26,0,"FASMEE23","Blank","LabBlank","CW/KOH",20240807,20250506,"LL","1000x","n/a","","LabBlank_B_20240807","F23_B",NA,NA,NA,NA,"Blank",NA,NA,0,NA,NA,NA,NA,NA,0,0,0,0,0,0.10625,0,NA,0,NA,0,NA,NA,123050.78125,NA,NA,NA,NA,NA,NA,NA,NA,NA,NA,NA,NA,NA,NA,NA,NA,NA,NA,NA,NA,NA,NA,NA,NA,NA,NA,NA,NA,NA,NA,NA,NA,NA,NA,NA,NA,NA,NA,NA,NA,NA,NA,NA,NA,NA,NA,NA,NA,NA,NA,NA,NA,NA
"LabBlank_B_20240807",27,0,"FASMEE23","Blank","LabBlank","CW/KOH",20240807,20250506,"LL","1000x","n/a","","LabBlank_B_20240807","F23_B",NA,NA,NA,NA,"Blank",NA,NA,0,NA,NA,NA,NA,NA,0,0,0,0,0,0.10625,0,NA,0,NA,0,NA,NA,123050.78125,NA,NA,NA,NA,NA,NA,NA,NA,NA,NA,NA,NA,NA,NA,NA,NA,NA,NA,NA,NA,NA,NA,NA,NA,NA,NA,NA,NA,NA,NA,NA,NA,NA,NA,NA,NA,NA,NA,NA,NA,NA,NA,NA,NA,NA,NA,NA,NA,NA,NA,NA,NA,NA
"LabBlank_B_20240807",28,0,"FASMEE23","Blank","LabBlank","CW/KOH",20240807,20250506,"LL","1000x","n/a","","LabBlank_B_20240807","F23_B",NA,NA,NA,NA,"Blank",NA,NA,0,NA,NA,NA,NA,NA,0,0,0,0,0,0.10625,0,NA,0,NA,0,NA,NA,123050.78125,NA,NA,NA,NA,NA,NA,NA,NA,NA,NA,NA,NA,NA,NA,NA,NA,NA,NA,NA,NA,NA,NA,NA,NA,NA,NA,NA,NA,NA,NA,NA,NA,NA,NA,NA,NA,NA,NA,NA,NA,NA,NA,NA,NA,NA,NA,NA,NA,NA,NA,NA,NA,NA
"LabBlank_B_20240807",29,0,"FASMEE23","Blank","LabBlank","CW/KOH",20240807,20250506,"LL","1000x","n/a","","LabBlank_B_20240807","F23_B",NA,NA,NA,NA,"Blank",NA,NA,0,NA,NA,NA,NA,NA,0,0,0,0,0,0.10625,0,NA,0,NA,0,NA,NA,123050.78125,NA,NA,NA,NA,NA,NA,NA,NA,NA,NA,NA,NA,NA,NA,NA,NA,NA,NA,NA,NA,NA,NA,NA,NA,NA,NA,NA,NA,NA,NA,NA,NA,NA,NA,NA,NA,NA,NA,NA,NA,NA,NA,NA,NA,NA,NA,NA,NA,NA,NA,NA,NA,NA
"LabBlank_B_20240807",30,0,"FASMEE23","Blank","LabBlank","CW/KOH",20240807,20250506,"LL","1000x","n/a","","LabBlank_B_20240807","F23_B",NA,NA,NA,NA,"Blank",NA,NA,0,NA,NA,NA,NA,NA,0,0,0,0,0,0.10625,0,NA,0,NA,0,NA,NA,123050.78125,NA,NA,NA,NA,NA,NA,NA,NA,NA,NA,NA,NA,NA,NA,NA,NA,NA,NA,NA,NA,NA,NA,NA,NA,NA,NA,NA,NA,NA,NA,NA,NA,NA,NA,NA,NA,NA,NA,NA,NA,NA,NA,NA,NA,NA,NA,NA,NA,NA,NA,NA,NA,NA
"LabBlank_B_20240807",31,0,"FASMEE23","Blank","LabBlank","CW/KOH",20240807,20250506,"LL","1000x","n/a","","LabBlank_B_20240807","F23_B",NA,NA,NA,NA,"Blank",NA,NA,0,NA,NA,NA,NA,NA,0,0,0,0,0,0.10625,0,NA,0,NA,0,NA,NA,123050.78125,NA,NA,NA,NA,NA,NA,NA,NA,NA,NA,NA,NA,NA,NA,NA,NA,NA,NA,NA,NA,NA,NA,NA,NA,NA,NA,NA,NA,NA,NA,NA,NA,NA,NA,NA,NA,NA,NA,NA,NA,NA,NA,NA,NA,NA,NA,NA,NA,NA,NA,NA,NA,NA
"LabBlank_B_20240807",32,0,"FASMEE23","Blank","LabBlank","CW/KOH",20240807,20250506,"LL","1000x","n/a","","LabBlank_B_20240807","F23_B",NA,NA,NA,NA,"Blank",NA,NA,0,NA,NA,NA,NA,NA,0,0,0,0,0,0.10625,0,NA,0,NA,0,NA,NA,123050.78125,NA,NA,NA,NA,NA,NA,NA,NA,NA,NA,NA,NA,NA,NA,NA,NA,NA,NA,NA,NA,NA,NA,NA,NA,NA,NA,NA,NA,NA,NA,NA,NA,NA,NA,NA,NA,NA,NA,NA,NA,NA,NA,NA,NA,NA,NA,NA,NA,NA,NA,NA,NA,NA
"LabBlank_B_20240807",33,0,"FASMEE23","Blank","LabBlank","CW/KOH",20240807,20250506,"LL","1000x","n/a","","LabBlank_B_20240807","F23_B",NA,NA,NA,NA,"Blank",NA,NA,0,NA,NA,NA,NA,NA,0,0,0,0,0,0.10625,0,NA,0,NA,0,NA,NA,123050.78125,NA,NA,NA,NA,NA,NA,NA,NA,NA,NA,NA,NA,NA,NA,NA,NA,NA,NA,NA,NA,NA,NA,NA,NA,NA,NA,NA,NA,NA,NA,NA,NA,NA,NA,NA,NA,NA,NA,NA,NA,NA,NA,NA,NA,NA,NA,NA,NA,NA,NA,NA,NA,NA
"LabBlank_B_20240807",34,0,"FASMEE23","Blank","LabBlank","CW/KOH",20240807,20250506,"LL","1000x","n/a","","LabBlank_B_20240807","F23_B",NA,NA,NA,NA,"Blank",NA,NA,0,NA,NA,NA,NA,NA,0,0,0,0,0,0.10625,0,NA,0,NA,0,NA,NA,123050.78125,NA,NA,NA,NA,NA,NA,NA,NA,NA,NA,NA,NA,NA,NA,NA,NA,NA,NA,NA,NA,NA,NA,NA,NA,NA,NA,NA,NA,NA,NA,NA,NA,NA,NA,NA,NA,NA,NA,NA,NA,NA,NA,NA,NA,NA,NA,NA,NA,NA,NA,NA,NA,NA
"LabBlank_B_20240807",35,0,"FASMEE23","Blank","LabBlank","CW/KOH",20240807,20250506,"LL","1000x","n/a","","LabBlank_B_20240807","F23_B",NA,NA,NA,NA,"Blank",NA,NA,0,NA,NA,NA,NA,NA,0,0,0,0,0,0.10625,0,NA,0,NA,0,NA,NA,123050.78125,NA,NA,NA,NA,NA,NA,NA,NA,NA,NA,NA,NA,NA,NA,NA,NA,NA,NA,NA,NA,NA,NA,NA,NA,NA,NA,NA,NA,NA,NA,NA,NA,NA,NA,NA,NA,NA,NA,NA,NA,NA,NA,NA,NA,NA,NA,NA,NA,NA,NA,NA,NA,NA
"LabBlank_B_20240807",36,0,"FASMEE23","Blank","LabBlank","CW/KOH",20240807,20250506,"LL","1000x","n/a","","LabBlank_B_20240807","F23_B",NA,NA,NA,NA,"Blank",NA,NA,0,NA,NA,NA,NA,NA,0,0,0,0,0,0.10625,0,NA,0,NA,0,NA,NA,123050.78125,NA,NA,NA,NA,NA,NA,NA,NA,NA,NA,NA,NA,NA,NA,NA,NA,NA,NA,NA,NA,NA,NA,NA,NA,NA,NA,NA,NA,NA,NA,NA,NA,NA,NA,NA,NA,NA,NA,NA,NA,NA,NA,NA,NA,NA,NA,NA,NA,NA,NA,NA,NA,NA
"LabBlank_B_20240807",37,0,"FASMEE23","Blank","LabBlank","CW/KOH",20240807,20250506,"LL","1000x","n/a","","LabBlank_B_20240807","F23_B",NA,NA,NA,NA,"Blank",NA,NA,0,NA,NA,NA,NA,NA,0,0,0,0,0,0.10625,0,NA,0,NA,0,NA,NA,123050.78125,NA,NA,NA,NA,NA,NA,NA,NA,NA,NA,NA,NA,NA,NA,NA,NA,NA,NA,NA,NA,NA,NA,NA,NA,NA,NA,NA,NA,NA,NA,NA,NA,NA,NA,NA,NA,NA,NA,NA,NA,NA,NA,NA,NA,NA,NA,NA,NA,NA,NA,NA,NA,NA
"LabBlank_B_20240807",38,0,"FASMEE23","Blank","LabBlank","CW/KOH",20240807,20250506,"LL","1000x","n/a","","LabBlank_B_20240807","F23_B",NA,NA,NA,NA,"Blank",NA,NA,0,NA,NA,NA,NA,NA,0,0,0,0,0,0.10625,0,NA,0,NA,0,NA,NA,123050.78125,NA,NA,NA,NA,NA,NA,NA,NA,NA,NA,NA,NA,NA,NA,NA,NA,NA,NA,NA,NA,NA,NA,NA,NA,NA,NA,NA,NA,NA,NA,NA,NA,NA,NA,NA,NA,NA,NA,NA,NA,NA,NA,NA,NA,NA,NA,NA,NA,NA,NA,NA,NA,NA
"LabBlank_B_20240807",39,0,"FASMEE23","Blank","LabBlank","CW/KOH",20240807,20250506,"LL","1000x","n/a","","LabBlank_B_20240807","F23_B",NA,NA,NA,NA,"Blank",NA,NA,0,NA,NA,NA,NA,NA,0,0,0,0,0,0.10625,0,NA,0,NA,0,NA,NA,123050.78125,NA,NA,NA,NA,NA,NA,NA,NA,NA,NA,NA,NA,NA,NA,NA,NA,NA,NA,NA,NA,NA,NA,NA,NA,NA,NA,NA,NA,NA,NA,NA,NA,NA,NA,NA,NA,NA,NA,NA,NA,NA,NA,NA,NA,NA,NA,NA,NA,NA,NA,NA,NA,NA
"LabBlank_B_20240807",40,0,"FASMEE23","Blank","LabBlank","CW/KOH",20240807,20250506,"LL","1000x","n/a","","LabBlank_B_20240807","F23_B",NA,NA,NA,NA,"Blank",NA,NA,0,NA,NA,NA,NA,NA,0,0,0,0,0,0.10625,0,NA,0,NA,0,NA,NA,123050.78125,NA,NA,NA,NA,NA,NA,NA,NA,NA,NA,NA,NA,NA,NA,NA,NA,NA,NA,NA,NA,NA,NA,NA,NA,NA,NA,NA,NA,NA,NA,NA,NA,NA,NA,NA,NA,NA,NA,NA,NA,NA,NA,NA,NA,NA,NA,NA,NA,NA,NA,NA,NA,NA
"LabBlank_B_20241119",1,0,"FASMEE23","Blank","LabBlank","CW/KOH",20241119,20250506,"LL","1000x","n/a","","LabBlank_B_20241119","F23_C",NA,NA,NA,NA,"Blank",NA,NA,0,NA,NA,NA,NA,NA,0,0,0.15,0,0,0.25625,0,NA,0,NA,0,NA,NA,123050.78125,NA,NA,NA,NA,NA,NA,NA,NA,NA,NA,NA,NA,NA,NA,NA,NA,NA,NA,NA,NA,NA,NA,NA,NA,NA,NA,NA,NA,NA,NA,NA,NA,NA,NA,NA,NA,NA,NA,NA,NA,NA,NA,NA,NA,NA,NA,NA,NA,NA,NA,NA,NA,NA
"LabBlank_B_20241119",2,2,"FASMEE23","Blank","LabBlank","CW/KOH",20241119,20250506,"LL","1000x","n/a","","LabBlank_B_20241119","F23_C",NA,NA,NA,NA,"Blank",NA,NA,0,NA,NA,NA,NA,NA,0,0,0.15,1.85,0,0.25625,1.74375,NA,14450,Inf,12598.59375,Inf,NA,123050.78125,NA,NA,NA,NA,NA,NA,NA,NA,NA,NA,NA,NA,NA,NA,NA,NA,NA,NA,NA,NA,NA,NA,NA,NA,NA,NA,NA,NA,NA,NA,NA,NA,NA,NA,NA,NA,NA,NA,NA,NA,NA,NA,NA,NA,NA,NA,NA,NA,NA,NA,NA,NA,NA
"LabBlank_B_20241119",3,1,"FASMEE23","Blank","LabBlank","CW/KOH",20241119,20250506,"LL","1000x","n/a","","LabBlank_B_20241119","F23_C",NA,NA,NA,NA,"Blank",NA,NA,0,NA,NA,NA,NA,NA,0,0,0.15,0.85,0,0.25625,0.74375,NA,7225,Inf,5373.59375,Inf,NA,123050.78125,NA,NA,NA,NA,NA,NA,NA,NA,NA,NA,NA,NA,NA,NA,NA,NA,NA,NA,NA,NA,NA,NA,NA,NA,NA,NA,NA,NA,NA,NA,NA,NA,NA,NA,NA,NA,NA,NA,NA,NA,NA,NA,NA,NA,NA,NA,NA,NA,NA,NA,NA,NA,NA
"LabBlank_B_20241119",4,0,"FASMEE23","Blank","LabBlank","CW/KOH",20241119,20250506,"LL","1000x","n/a","","LabBlank_B_20241119","F23_C",NA,NA,NA,NA,"Blank",NA,NA,0,NA,NA,NA,NA,NA,0,0,0.15,0,0,0.25625,0,NA,0,NA,0,NA,NA,123050.78125,NA,NA,NA,NA,NA,NA,NA,NA,NA,NA,NA,NA,NA,NA,NA,NA,NA,NA,NA,NA,NA,NA,NA,NA,NA,NA,NA,NA,NA,NA,NA,NA,NA,NA,NA,NA,NA,NA,NA,NA,NA,NA,NA,NA,NA,NA,NA,NA,NA,NA,NA,NA,NA
"LabBlank_B_20241119",5,0,"FASMEE23","Blank","LabBlank","CW/KOH",20241119,20250506,"LL","1000x","n/a","","LabBlank_B_20241119","F23_C",NA,NA,NA,NA,"Blank",NA,NA,0,NA,NA,NA,NA,NA,0,0,0.15,0,0,0.25625,0,NA,0,NA,0,NA,NA,123050.78125,NA,NA,NA,NA,NA,NA,NA,NA,NA,NA,NA,NA,NA,NA,NA,NA,NA,NA,NA,NA,NA,NA,NA,NA,NA,NA,NA,NA,NA,NA,NA,NA,NA,NA,NA,NA,NA,NA,NA,NA,NA,NA,NA,NA,NA,NA,NA,NA,NA,NA,NA,NA,NA
"LabBlank_B_20241119",6,0,"FASMEE23","Blank","LabBlank","CW/KOH",20241119,20250506,"LL","1000x","n/a","","LabBlank_B_20241119","F23_C",NA,NA,NA,NA,"Blank",NA,NA,0,NA,NA,NA,NA,NA,0,0,0.15,0,0,0.25625,0,NA,0,NA,0,NA,NA,123050.78125,NA,NA,NA,NA,NA,NA,NA,NA,NA,NA,NA,NA,NA,NA,NA,NA,NA,NA,NA,NA,NA,NA,NA,NA,NA,NA,NA,NA,NA,NA,NA,NA,NA,NA,NA,NA,NA,NA,NA,NA,NA,NA,NA,NA,NA,NA,NA,NA,NA,NA,NA,NA,NA
"LabBlank_B_20241119",7,0,"FASMEE23","Blank","LabBlank","CW/KOH",20241119,20250506,"LL","1000x","n/a","","LabBlank_B_20241119","F23_C",NA,NA,NA,NA,"Blank",NA,NA,0,NA,NA,NA,NA,NA,0,0,0.15,0,0,0.25625,0,NA,0,NA,0,NA,NA,123050.78125,NA,NA,NA,NA,NA,NA,NA,NA,NA,NA,NA,NA,NA,NA,NA,NA,NA,NA,NA,NA,NA,NA,NA,NA,NA,NA,NA,NA,NA,NA,NA,NA,NA,NA,NA,NA,NA,NA,NA,NA,NA,NA,NA,NA,NA,NA,NA,NA,NA,NA,NA,NA,NA
"LabBlank_B_20241119",8,0,"FASMEE23","Blank","LabBlank","CW/KOH",20241119,20250506,"LL","1000x","n/a","","LabBlank_B_20241119","F23_C",NA,NA,NA,NA,"Blank",NA,NA,0,NA,NA,NA,NA,NA,0,0,0.15,0,0,0.25625,0,NA,0,NA,0,NA,NA,123050.78125,NA,NA,NA,NA,NA,NA,NA,NA,NA,NA,NA,NA,NA,NA,NA,NA,NA,NA,NA,NA,NA,NA,NA,NA,NA,NA,NA,NA,NA,NA,NA,NA,NA,NA,NA,NA,NA,NA,NA,NA,NA,NA,NA,NA,NA,NA,NA,NA,NA,NA,NA,NA,NA
"LabBlank_B_20241119",9,0,"FASMEE23","Blank","LabBlank","CW/KOH",20241119,20250506,"LL","1000x","n/a","","LabBlank_B_20241119","F23_C",NA,NA,NA,NA,"Blank",NA,NA,0,NA,NA,NA,NA,NA,0,0,0.15,0,0,0.25625,0,NA,0,NA,0,NA,NA,123050.78125,NA,NA,NA,NA,NA,NA,NA,NA,NA,NA,NA,NA,NA,NA,NA,NA,NA,NA,NA,NA,NA,NA,NA,NA,NA,NA,NA,NA,NA,NA,NA,NA,NA,NA,NA,NA,NA,NA,NA,NA,NA,NA,NA,NA,NA,NA,NA,NA,NA,NA,NA,NA,NA
"LabBlank_B_20241119",10,0,"FASMEE23","Blank","LabBlank","CW/KOH",20241119,20250506,"LL","1000x","n/a","","LabBlank_B_20241119","F23_C",NA,NA,NA,NA,"Blank",NA,NA,0,NA,NA,NA,NA,NA,0,0,0.15,0,0,0.25625,0,NA,0,NA,0,NA,NA,123050.78125,NA,NA,NA,NA,NA,NA,NA,NA,NA,NA,NA,NA,NA,NA,NA,NA,NA,NA,NA,NA,NA,NA,NA,NA,NA,NA,NA,NA,NA,NA,NA,NA,NA,NA,NA,NA,NA,NA,NA,NA,NA,NA,NA,NA,NA,NA,NA,NA,NA,NA,NA,NA,NA
"LabBlank_B_20241119",11,0,"FASMEE23","Blank","LabBlank","CW/KOH",20241119,20250506,"LL","1000x","n/a","","LabBlank_B_20241119","F23_C",NA,NA,NA,NA,"Blank",NA,NA,0,NA,NA,NA,NA,NA,0,0,0.15,0,0,0.25625,0,NA,0,NA,0,NA,NA,123050.78125,NA,NA,NA,NA,NA,NA,NA,NA,NA,NA,NA,NA,NA,NA,NA,NA,NA,NA,NA,NA,NA,NA,NA,NA,NA,NA,NA,NA,NA,NA,NA,NA,NA,NA,NA,NA,NA,NA,NA,NA,NA,NA,NA,NA,NA,NA,NA,NA,NA,NA,NA,NA,NA
"LabBlank_B_20241119",12,0,"FASMEE23","Blank","LabBlank","CW/KOH",20241119,20250506,"LL","1000x","n/a","","LabBlank_B_20241119","F23_C",NA,NA,NA,NA,"Blank",NA,NA,0,NA,NA,NA,NA,NA,0,0,0.15,0,0,0.25625,0,NA,0,NA,0,NA,NA,123050.78125,NA,NA,NA,NA,NA,NA,NA,NA,NA,NA,NA,NA,NA,NA,NA,NA,NA,NA,NA,NA,NA,NA,NA,NA,NA,NA,NA,NA,NA,NA,NA,NA,NA,NA,NA,NA,NA,NA,NA,NA,NA,NA,NA,NA,NA,NA,NA,NA,NA,NA,NA,NA,NA
"LabBlank_B_20241119",13,0,"FASMEE23","Blank","LabBlank","CW/KOH",20241119,20250506,"LL","1000x","n/a","","LabBlank_B_20241119","F23_C",NA,NA,NA,NA,"Blank",NA,NA,0,NA,NA,NA,NA,NA,0,0,0.15,0,0,0.25625,0,NA,0,NA,0,NA,NA,123050.78125,NA,NA,NA,NA,NA,NA,NA,NA,NA,NA,NA,NA,NA,NA,NA,NA,NA,NA,NA,NA,NA,NA,NA,NA,NA,NA,NA,NA,NA,NA,NA,NA,NA,NA,NA,NA,NA,NA,NA,NA,NA,NA,NA,NA,NA,NA,NA,NA,NA,NA,NA,NA,NA
"LabBlank_B_20241119",14,0,"FASMEE23","Blank","LabBlank","CW/KOH",20241119,20250506,"LL","1000x","n/a","","LabBlank_B_20241119","F23_C",NA,NA,NA,NA,"Blank",NA,NA,0,NA,NA,NA,NA,NA,0,0,0.15,0,0,0.25625,0,NA,0,NA,0,NA,NA,123050.78125,NA,NA,NA,NA,NA,NA,NA,NA,NA,NA,NA,NA,NA,NA,NA,NA,NA,NA,NA,NA,NA,NA,NA,NA,NA,NA,NA,NA,NA,NA,NA,NA,NA,NA,NA,NA,NA,NA,NA,NA,NA,NA,NA,NA,NA,NA,NA,NA,NA,NA,NA,NA,NA
"LabBlank_B_20241119",15,0,"FASMEE23","Blank","LabBlank","CW/KOH",20241119,20250506,"LL","1000x","n/a","","LabBlank_B_20241119","F23_C",NA,NA,NA,NA,"Blank",NA,NA,0,NA,NA,NA,NA,NA,0,0,0.15,0,0,0.25625,0,NA,0,NA,0,NA,NA,123050.78125,NA,NA,NA,NA,NA,NA,NA,NA,NA,NA,NA,NA,NA,NA,NA,NA,NA,NA,NA,NA,NA,NA,NA,NA,NA,NA,NA,NA,NA,NA,NA,NA,NA,NA,NA,NA,NA,NA,NA,NA,NA,NA,NA,NA,NA,NA,NA,NA,NA,NA,NA,NA,NA
"LabBlank_B_20241119",16,1,"FASMEE23","Blank","LabBlank","CW/KOH",20241119,20250506,"LL","1000x","n/a","","LabBlank_B_20241119","F23_C",NA,NA,NA,NA,"Blank",NA,NA,0,NA,NA,NA,NA,NA,0,0,0.15,0.85,0,0.25625,0.74375,NA,7225,Inf,5373.59375,Inf,NA,123050.78125,NA,NA,NA,NA,NA,NA,NA,NA,NA,NA,NA,NA,NA,NA,NA,NA,NA,NA,NA,NA,NA,NA,NA,NA,NA,NA,NA,NA,NA,NA,NA,NA,NA,NA,NA,NA,NA,NA,NA,NA,NA,NA,NA,NA,NA,NA,NA,NA,NA,NA,NA,NA,NA
"LabBlank_B_20241119",17,0,"FASMEE23","Blank","LabBlank","CW/KOH",20241119,20250506,"LL","1000x","n/a","","LabBlank_B_20241119","F23_C",NA,NA,NA,NA,"Blank",NA,NA,0,NA,NA,NA,NA,NA,0,0,0.15,0,0,0.25625,0,NA,0,NA,0,NA,NA,123050.78125,NA,NA,NA,NA,NA,NA,NA,NA,NA,NA,NA,NA,NA,NA,NA,NA,NA,NA,NA,NA,NA,NA,NA,NA,NA,NA,NA,NA,NA,NA,NA,NA,NA,NA,NA,NA,NA,NA,NA,NA,NA,NA,NA,NA,NA,NA,NA,NA,NA,NA,NA,NA,NA
"LabBlank_B_20241119",18,0,"FASMEE23","Blank","LabBlank","CW/KOH",20241119,20250506,"LL","1000x","n/a","","LabBlank_B_20241119","F23_C",NA,NA,NA,NA,"Blank",NA,NA,0,NA,NA,NA,NA,NA,0,0,0.15,0,0,0.25625,0,NA,0,NA,0,NA,NA,123050.78125,NA,NA,NA,NA,NA,NA,NA,NA,NA,NA,NA,NA,NA,NA,NA,NA,NA,NA,NA,NA,NA,NA,NA,NA,NA,NA,NA,NA,NA,NA,NA,NA,NA,NA,NA,NA,NA,NA,NA,NA,NA,NA,NA,NA,NA,NA,NA,NA,NA,NA,NA,NA,NA
"LabBlank_B_20241119",19,0,"FASMEE23","Blank","LabBlank","CW/KOH",20241119,20250506,"LL","1000x","n/a","","LabBlank_B_20241119","F23_C",NA,NA,NA,NA,"Blank",NA,NA,0,NA,NA,NA,NA,NA,0,0,0.15,0,0,0.25625,0,NA,0,NA,0,NA,NA,123050.78125,NA,NA,NA,NA,NA,NA,NA,NA,NA,NA,NA,NA,NA,NA,NA,NA,NA,NA,NA,NA,NA,NA,NA,NA,NA,NA,NA,NA,NA,NA,NA,NA,NA,NA,NA,NA,NA,NA,NA,NA,NA,NA,NA,NA,NA,NA,NA,NA,NA,NA,NA,NA,NA
"LabBlank_B_20241119",20,0,"FASMEE23","Blank","LabBlank","CW/KOH",20241119,20250506,"LL","1000x","n/a","","LabBlank_B_20241119","F23_C",NA,NA,NA,NA,"Blank",NA,NA,0,NA,NA,NA,NA,NA,0,0,0.15,0,0,0.25625,0,NA,0,NA,0,NA,NA,123050.78125,NA,NA,NA,NA,NA,NA,NA,NA,NA,NA,NA,NA,NA,NA,NA,NA,NA,NA,NA,NA,NA,NA,NA,NA,NA,NA,NA,NA,NA,NA,NA,NA,NA,NA,NA,NA,NA,NA,NA,NA,NA,NA,NA,NA,NA,NA,NA,NA,NA,NA,NA,NA,NA
"LabBlank_B_20241119",21,0,"FASMEE23","Blank","LabBlank","CW/KOH",20241119,20250506,"LL","1000x","n/a","","LabBlank_B_20241119","F23_C",NA,NA,NA,NA,"Blank",NA,NA,0,NA,NA,NA,NA,NA,0,0,0.15,0,0,0.25625,0,NA,0,NA,0,NA,NA,123050.78125,NA,NA,NA,NA,NA,NA,NA,NA,NA,NA,NA,NA,NA,NA,NA,NA,NA,NA,NA,NA,NA,NA,NA,NA,NA,NA,NA,NA,NA,NA,NA,NA,NA,NA,NA,NA,NA,NA,NA,NA,NA,NA,NA,NA,NA,NA,NA,NA,NA,NA,NA,NA,NA
"LabBlank_B_20241119",22,0,"FASMEE23","Blank","LabBlank","CW/KOH",20241119,20250506,"LL","1000x","n/a","","LabBlank_B_20241119","F23_C",NA,NA,NA,NA,"Blank",NA,NA,0,NA,NA,NA,NA,NA,0,0,0.15,0,0,0.25625,0,NA,0,NA,0,NA,NA,123050.78125,NA,NA,NA,NA,NA,NA,NA,NA,NA,NA,NA,NA,NA,NA,NA,NA,NA,NA,NA,NA,NA,NA,NA,NA,NA,NA,NA,NA,NA,NA,NA,NA,NA,NA,NA,NA,NA,NA,NA,NA,NA,NA,NA,NA,NA,NA,NA,NA,NA,NA,NA,NA,NA
"LabBlank_B_20241119",23,1,"FASMEE23","Blank","LabBlank","CW/KOH",20241119,20250506,"LL","1000x","n/a","","LabBlank_B_20241119","F23_C",NA,NA,NA,NA,"Blank",NA,NA,0,NA,NA,NA,NA,NA,0,0,0.15,0.85,0,0.25625,0.74375,NA,7225,Inf,5373.59375,Inf,NA,123050.78125,NA,NA,NA,NA,NA,NA,NA,NA,NA,NA,NA,NA,NA,NA,NA,NA,NA,NA,NA,NA,NA,NA,NA,NA,NA,NA,NA,NA,NA,NA,NA,NA,NA,NA,NA,NA,NA,NA,NA,NA,NA,NA,NA,NA,NA,NA,NA,NA,NA,NA,NA,NA,NA
"LabBlank_B_20241119",24,0,"FASMEE23","Blank","LabBlank","CW/KOH",20241119,20250506,"LL","1000x","n/a","","LabBlank_B_20241119","F23_C",NA,NA,NA,NA,"Blank",NA,NA,0,NA,NA,NA,NA,NA,0,0,0.15,0,0,0.25625,0,NA,0,NA,0,NA,NA,123050.78125,NA,NA,NA,NA,NA,NA,NA,NA,NA,NA,NA,NA,NA,NA,NA,NA,NA,NA,NA,NA,NA,NA,NA,NA,NA,NA,NA,NA,NA,NA,NA,NA,NA,NA,NA,NA,NA,NA,NA,NA,NA,NA,NA,NA,NA,NA,NA,NA,NA,NA,NA,NA,NA
"LabBlank_B_20241119",25,0,"FASMEE23","Blank","LabBlank","CW/KOH",20241119,20250506,"LL","1000x","n/a","","LabBlank_B_20241119","F23_C",NA,NA,NA,NA,"Blank",NA,NA,0,NA,NA,NA,NA,NA,0,0,0.15,0,0,0.25625,0,NA,0,NA,0,NA,NA,123050.78125,NA,NA,NA,NA,NA,NA,NA,NA,NA,NA,NA,NA,NA,NA,NA,NA,NA,NA,NA,NA,NA,NA,NA,NA,NA,NA,NA,NA,NA,NA,NA,NA,NA,NA,NA,NA,NA,NA,NA,NA,NA,NA,NA,NA,NA,NA,NA,NA,NA,NA,NA,NA,NA
"LabBlank_B_20241119",26,0,"FASMEE23","Blank","LabBlank","CW/KOH",20241119,20250506,"LL","1000x","n/a","","LabBlank_B_20241119","F23_C",NA,NA,NA,NA,"Blank",NA,NA,0,NA,NA,NA,NA,NA,0,0,0.15,0,0,0.25625,0,NA,0,NA,0,NA,NA,123050.78125,NA,NA,NA,NA,NA,NA,NA,NA,NA,NA,NA,NA,NA,NA,NA,NA,NA,NA,NA,NA,NA,NA,NA,NA,NA,NA,NA,NA,NA,NA,NA,NA,NA,NA,NA,NA,NA,NA,NA,NA,NA,NA,NA,NA,NA,NA,NA,NA,NA,NA,NA,NA,NA
"LabBlank_B_20241119",27,1,"FASMEE23","Blank","LabBlank","CW/KOH",20241119,20250506,"LL","1000x","n/a","","LabBlank_B_20241119","F23_C",NA,NA,NA,NA,"Blank",NA,NA,0,NA,NA,NA,NA,NA,0,0,0.15,0.85,0,0.25625,0.74375,NA,7225,Inf,5373.59375,Inf,NA,123050.78125,NA,NA,NA,NA,NA,NA,NA,NA,NA,NA,NA,NA,NA,NA,NA,NA,NA,NA,NA,NA,NA,NA,NA,NA,NA,NA,NA,NA,NA,NA,NA,NA,NA,NA,NA,NA,NA,NA,NA,NA,NA,NA,NA,NA,NA,NA,NA,NA,NA,NA,NA,NA,NA
"LabBlank_B_20241119",28,0,"FASMEE23","Blank","LabBlank","CW/KOH",20241119,20250506,"LL","1000x","n/a","","LabBlank_B_20241119","F23_C",NA,NA,NA,NA,"Blank",NA,NA,0,NA,NA,NA,NA,NA,0,0,0.15,0,0,0.25625,0,NA,0,NA,0,NA,NA,123050.78125,NA,NA,NA,NA,NA,NA,NA,NA,NA,NA,NA,NA,NA,NA,NA,NA,NA,NA,NA,NA,NA,NA,NA,NA,NA,NA,NA,NA,NA,NA,NA,NA,NA,NA,NA,NA,NA,NA,NA,NA,NA,NA,NA,NA,NA,NA,NA,NA,NA,NA,NA,NA,NA
"LabBlank_B_20241119",29,0,"FASMEE23","Blank","LabBlank","CW/KOH",20241119,20250506,"LL","1000x","n/a","","LabBlank_B_20241119","F23_C",NA,NA,NA,NA,"Blank",NA,NA,0,NA,NA,NA,NA,NA,0,0,0.15,0,0,0.25625,0,NA,0,NA,0,NA,NA,123050.78125,NA,NA,NA,NA,NA,NA,NA,NA,NA,NA,NA,NA,NA,NA,NA,NA,NA,NA,NA,NA,NA,NA,NA,NA,NA,NA,NA,NA,NA,NA,NA,NA,NA,NA,NA,NA,NA,NA,NA,NA,NA,NA,NA,NA,NA,NA,NA,NA,NA,NA,NA,NA,NA
"LabBlank_B_20241119",30,0,"FASMEE23","Blank","LabBlank","CW/KOH",20241119,20250506,"LL","1000x","n/a","","LabBlank_B_20241119","F23_C",NA,NA,NA,NA,"Blank",NA,NA,0,NA,NA,NA,NA,NA,0,0,0.15,0,0,0.25625,0,NA,0,NA,0,NA,NA,123050.78125,NA,NA,NA,NA,NA,NA,NA,NA,NA,NA,NA,NA,NA,NA,NA,NA,NA,NA,NA,NA,NA,NA,NA,NA,NA,NA,NA,NA,NA,NA,NA,NA,NA,NA,NA,NA,NA,NA,NA,NA,NA,NA,NA,NA,NA,NA,NA,NA,NA,NA,NA,NA,NA
"LabBlank_B_20241119",31,0,"FASMEE23","Blank","LabBlank","CW/KOH",20241119,20250506,"LL","1000x","n/a","","LabBlank_B_20241119","F23_C",NA,NA,NA,NA,"Blank",NA,NA,0,NA,NA,NA,NA,NA,0,0,0.15,0,0,0.25625,0,NA,0,NA,0,NA,NA,123050.78125,NA,NA,NA,NA,NA,NA,NA,NA,NA,NA,NA,NA,NA,NA,NA,NA,NA,NA,NA,NA,NA,NA,NA,NA,NA,NA,NA,NA,NA,NA,NA,NA,NA,NA,NA,NA,NA,NA,NA,NA,NA,NA,NA,NA,NA,NA,NA,NA,NA,NA,NA,NA,NA
"LabBlank_B_20241119",32,0,"FASMEE23","Blank","LabBlank","CW/KOH",20241119,20250506,"LL","1000x","n/a","","LabBlank_B_20241119","F23_C",NA,NA,NA,NA,"Blank",NA,NA,0,NA,NA,NA,NA,NA,0,0,0.15,0,0,0.25625,0,NA,0,NA,0,NA,NA,123050.78125,NA,NA,NA,NA,NA,NA,NA,NA,NA,NA,NA,NA,NA,NA,NA,NA,NA,NA,NA,NA,NA,NA,NA,NA,NA,NA,NA,NA,NA,NA,NA,NA,NA,NA,NA,NA,NA,NA,NA,NA,NA,NA,NA,NA,NA,NA,NA,NA,NA,NA,NA,NA,NA
"LabBlank_B_20241119",33,0,"FASMEE23","Blank","LabBlank","CW/KOH",20241119,20250506,"LL","1000x","n/a","","LabBlank_B_20241119","F23_C",NA,NA,NA,NA,"Blank",NA,NA,0,NA,NA,NA,NA,NA,0,0,0.15,0,0,0.25625,0,NA,0,NA,0,NA,NA,123050.78125,NA,NA,NA,NA,NA,NA,NA,NA,NA,NA,NA,NA,NA,NA,NA,NA,NA,NA,NA,NA,NA,NA,NA,NA,NA,NA,NA,NA,NA,NA,NA,NA,NA,NA,NA,NA,NA,NA,NA,NA,NA,NA,NA,NA,NA,NA,NA,NA,NA,NA,NA,NA,NA
"LabBlank_B_20241119",34,0,"FASMEE23","Blank","LabBlank","CW/KOH",20241119,20250506,"LL","1000x","n/a","","LabBlank_B_20241119","F23_C",NA,NA,NA,NA,"Blank",NA,NA,0,NA,NA,NA,NA,NA,0,0,0.15,0,0,0.25625,0,NA,0,NA,0,NA,NA,123050.78125,NA,NA,NA,NA,NA,NA,NA,NA,NA,NA,NA,NA,NA,NA,NA,NA,NA,NA,NA,NA,NA,NA,NA,NA,NA,NA,NA,NA,NA,NA,NA,NA,NA,NA,NA,NA,NA,NA,NA,NA,NA,NA,NA,NA,NA,NA,NA,NA,NA,NA,NA,NA,NA
"LabBlank_B_20241119",35,0,"FASMEE23","Blank","LabBlank","CW/KOH",20241119,20250506,"LL","1000x","n/a","","LabBlank_B_20241119","F23_C",NA,NA,NA,NA,"Blank",NA,NA,0,NA,NA,NA,NA,NA,0,0,0.15,0,0,0.25625,0,NA,0,NA,0,NA,NA,123050.78125,NA,NA,NA,NA,NA,NA,NA,NA,NA,NA,NA,NA,NA,NA,NA,NA,NA,NA,NA,NA,NA,NA,NA,NA,NA,NA,NA,NA,NA,NA,NA,NA,NA,NA,NA,NA,NA,NA,NA,NA,NA,NA,NA,NA,NA,NA,NA,NA,NA,NA,NA,NA,NA
"LabBlank_B_20241119",36,0,"FASMEE23","Blank","LabBlank","CW/KOH",20241119,20250506,"LL","1000x","n/a","","LabBlank_B_20241119","F23_C",NA,NA,NA,NA,"Blank",NA,NA,0,NA,NA,NA,NA,NA,0,0,0.15,0,0,0.25625,0,NA,0,NA,0,NA,NA,123050.78125,NA,NA,NA,NA,NA,NA,NA,NA,NA,NA,NA,NA,NA,NA,NA,NA,NA,NA,NA,NA,NA,NA,NA,NA,NA,NA,NA,NA,NA,NA,NA,NA,NA,NA,NA,NA,NA,NA,NA,NA,NA,NA,NA,NA,NA,NA,NA,NA,NA,NA,NA,NA,NA
"LabBlank_B_20241119",37,0,"FASMEE23","Blank","LabBlank","CW/KOH",20241119,20250506,"LL","1000x","n/a","","LabBlank_B_20241119","F23_C",NA,NA,NA,NA,"Blank",NA,NA,0,NA,NA,NA,NA,NA,0,0,0.15,0,0,0.25625,0,NA,0,NA,0,NA,NA,123050.78125,NA,NA,NA,NA,NA,NA,NA,NA,NA,NA,NA,NA,NA,NA,NA,NA,NA,NA,NA,NA,NA,NA,NA,NA,NA,NA,NA,NA,NA,NA,NA,NA,NA,NA,NA,NA,NA,NA,NA,NA,NA,NA,NA,NA,NA,NA,NA,NA,NA,NA,NA,NA,NA
"LabBlank_B_20241119",38,0,"FASMEE23","Blank","LabBlank","CW/KOH",20241119,20250506,"LL","1000x","n/a","","LabBlank_B_20241119","F23_C",NA,NA,NA,NA,"Blank",NA,NA,0,NA,NA,NA,NA,NA,0,0,0.15,0,0,0.25625,0,NA,0,NA,0,NA,NA,123050.78125,NA,NA,NA,NA,NA,NA,NA,NA,NA,NA,NA,NA,NA,NA,NA,NA,NA,NA,NA,NA,NA,NA,NA,NA,NA,NA,NA,NA,NA,NA,NA,NA,NA,NA,NA,NA,NA,NA,NA,NA,NA,NA,NA,NA,NA,NA,NA,NA,NA,NA,NA,NA,NA
"LabBlank_B_20241119",39,0,"FASMEE23","Blank","LabBlank","CW/KOH",20241119,20250506,"LL","1000x","n/a","","LabBlank_B_20241119","F23_C",NA,NA,NA,NA,"Blank",NA,NA,0,NA,NA,NA,NA,NA,0,0,0.15,0,0,0.25625,0,NA,0,NA,0,NA,NA,123050.78125,NA,NA,NA,NA,NA,NA,NA,NA,NA,NA,NA,NA,NA,NA,NA,NA,NA,NA,NA,NA,NA,NA,NA,NA,NA,NA,NA,NA,NA,NA,NA,NA,NA,NA,NA,NA,NA,NA,NA,NA,NA,NA,NA,NA,NA,NA,NA,NA,NA,NA,NA,NA,NA
"LabBlank_B_20241119",40,0,"FASMEE23","Blank","LabBlank","CW/KOH",20241119,20250506,"LL","1000x","n/a","","LabBlank_B_20241119","F23_C",NA,NA,NA,NA,"Blank",NA,NA,0,NA,NA,NA,NA,NA,0,0,0.15,0,0,0.25625,0,NA,0,NA,0,NA,NA,123050.78125,NA,NA,NA,NA,NA,NA,NA,NA,NA,NA,NA,NA,NA,NA,NA,NA,NA,NA,NA,NA,NA,NA,NA,NA,NA,NA,NA,NA,NA,NA,NA,NA,NA,NA,NA,NA,NA,NA,NA,NA,NA,NA,NA,NA,NA,NA,NA,NA,NA,NA,NA,NA,NA
"LabBlank1A_B_20241210",1,0,"FASMEE23","Blank","LabBlank","CW/KOH",20241210,20250506,"LL","1000x","n/a","","LabBlank1A_B_20241210","F23_D",NA,NA,NA,NA,"Blank",NA,NA,0,NA,NA,NA,NA,NA,0,0,0,0,0,0.10625,0,NA,0,NA,0,NA,NA,123050.78125,NA,NA,NA,NA,NA,NA,NA,NA,NA,NA,NA,NA,NA,NA,NA,NA,NA,NA,NA,NA,NA,NA,NA,NA,NA,NA,NA,NA,NA,NA,NA,NA,NA,NA,NA,NA,NA,NA,NA,NA,NA,NA,NA,NA,NA,NA,NA,NA,NA,NA,NA,NA,NA
"LabBlank1A_B_20241210",2,0,"FASMEE23","Blank","LabBlank","CW/KOH",20241210,20250506,"LL","1000x","n/a","","LabBlank1A_B_20241210","F23_D",NA,NA,NA,NA,"Blank",NA,NA,0,NA,NA,NA,NA,NA,0,0,0,0,0,0.10625,0,NA,0,NA,0,NA,NA,123050.78125,NA,NA,NA,NA,NA,NA,NA,NA,NA,NA,NA,NA,NA,NA,NA,NA,NA,NA,NA,NA,NA,NA,NA,NA,NA,NA,NA,NA,NA,NA,NA,NA,NA,NA,NA,NA,NA,NA,NA,NA,NA,NA,NA,NA,NA,NA,NA,NA,NA,NA,NA,NA,NA
"LabBlank1A_B_20241210",3,0,"FASMEE23","Blank","LabBlank","CW/KOH",20241210,20250506,"LL","1000x","n/a","","LabBlank1A_B_20241210","F23_D",NA,NA,NA,NA,"Blank",NA,NA,0,NA,NA,NA,NA,NA,0,0,0,0,0,0.10625,0,NA,0,NA,0,NA,NA,123050.78125,NA,NA,NA,NA,NA,NA,NA,NA,NA,NA,NA,NA,NA,NA,NA,NA,NA,NA,NA,NA,NA,NA,NA,NA,NA,NA,NA,NA,NA,NA,NA,NA,NA,NA,NA,NA,NA,NA,NA,NA,NA,NA,NA,NA,NA,NA,NA,NA,NA,NA,NA,NA,NA
"LabBlank1A_B_20241210",4,0,"FASMEE23","Blank","LabBlank","CW/KOH",20241210,20250506,"LL","1000x","n/a","","LabBlank1A_B_20241210","F23_D",NA,NA,NA,NA,"Blank",NA,NA,0,NA,NA,NA,NA,NA,0,0,0,0,0,0.10625,0,NA,0,NA,0,NA,NA,123050.78125,NA,NA,NA,NA,NA,NA,NA,NA,NA,NA,NA,NA,NA,NA,NA,NA,NA,NA,NA,NA,NA,NA,NA,NA,NA,NA,NA,NA,NA,NA,NA,NA,NA,NA,NA,NA,NA,NA,NA,NA,NA,NA,NA,NA,NA,NA,NA,NA,NA,NA,NA,NA,NA
"LabBlank1A_B_20241210",5,0,"FASMEE23","Blank","LabBlank","CW/KOH",20241210,20250506,"LL","1000x","n/a","","LabBlank1A_B_20241210","F23_D",NA,NA,NA,NA,"Blank",NA,NA,0,NA,NA,NA,NA,NA,0,0,0,0,0,0.10625,0,NA,0,NA,0,NA,NA,123050.78125,NA,NA,NA,NA,NA,NA,NA,NA,NA,NA,NA,NA,NA,NA,NA,NA,NA,NA,NA,NA,NA,NA,NA,NA,NA,NA,NA,NA,NA,NA,NA,NA,NA,NA,NA,NA,NA,NA,NA,NA,NA,NA,NA,NA,NA,NA,NA,NA,NA,NA,NA,NA,NA
"LabBlank1A_B_20241210",6,0,"FASMEE23","Blank","LabBlank","CW/KOH",20241210,20250506,"LL","1000x","n/a","","LabBlank1A_B_20241210","F23_D",NA,NA,NA,NA,"Blank",NA,NA,0,NA,NA,NA,NA,NA,0,0,0,0,0,0.10625,0,NA,0,NA,0,NA,NA,123050.78125,NA,NA,NA,NA,NA,NA,NA,NA,NA,NA,NA,NA,NA,NA,NA,NA,NA,NA,NA,NA,NA,NA,NA,NA,NA,NA,NA,NA,NA,NA,NA,NA,NA,NA,NA,NA,NA,NA,NA,NA,NA,NA,NA,NA,NA,NA,NA,NA,NA,NA,NA,NA,NA
"LabBlank1A_B_20241210",7,0,"FASMEE23","Blank","LabBlank","CW/KOH",20241210,20250506,"LL","1000x","n/a","","LabBlank1A_B_20241210","F23_D",NA,NA,NA,NA,"Blank",NA,NA,0,NA,NA,NA,NA,NA,0,0,0,0,0,0.10625,0,NA,0,NA,0,NA,NA,123050.78125,NA,NA,NA,NA,NA,NA,NA,NA,NA,NA,NA,NA,NA,NA,NA,NA,NA,NA,NA,NA,NA,NA,NA,NA,NA,NA,NA,NA,NA,NA,NA,NA,NA,NA,NA,NA,NA,NA,NA,NA,NA,NA,NA,NA,NA,NA,NA,NA,NA,NA,NA,NA,NA
"LabBlank1A_B_20241210",8,0,"FASMEE23","Blank","LabBlank","CW/KOH",20241210,20250506,"LL","1000x","n/a","","LabBlank1A_B_20241210","F23_D",NA,NA,NA,NA,"Blank",NA,NA,0,NA,NA,NA,NA,NA,0,0,0,0,0,0.10625,0,NA,0,NA,0,NA,NA,123050.78125,NA,NA,NA,NA,NA,NA,NA,NA,NA,NA,NA,NA,NA,NA,NA,NA,NA,NA,NA,NA,NA,NA,NA,NA,NA,NA,NA,NA,NA,NA,NA,NA,NA,NA,NA,NA,NA,NA,NA,NA,NA,NA,NA,NA,NA,NA,NA,NA,NA,NA,NA,NA,NA
"LabBlank1A_B_20241210",9,0,"FASMEE23","Blank","LabBlank","CW/KOH",20241210,20250506,"LL","1000x","n/a","","LabBlank1A_B_20241210","F23_D",NA,NA,NA,NA,"Blank",NA,NA,0,NA,NA,NA,NA,NA,0,0,0,0,0,0.10625,0,NA,0,NA,0,NA,NA,123050.78125,NA,NA,NA,NA,NA,NA,NA,NA,NA,NA,NA,NA,NA,NA,NA,NA,NA,NA,NA,NA,NA,NA,NA,NA,NA,NA,NA,NA,NA,NA,NA,NA,NA,NA,NA,NA,NA,NA,NA,NA,NA,NA,NA,NA,NA,NA,NA,NA,NA,NA,NA,NA,NA
"LabBlank1A_B_20241210",10,0,"FASMEE23","Blank","LabBlank","CW/KOH",20241210,20250506,"LL","1000x","n/a","","LabBlank1A_B_20241210","F23_D",NA,NA,NA,NA,"Blank",NA,NA,0,NA,NA,NA,NA,NA,0,0,0,0,0,0.10625,0,NA,0,NA,0,NA,NA,123050.78125,NA,NA,NA,NA,NA,NA,NA,NA,NA,NA,NA,NA,NA,NA,NA,NA,NA,NA,NA,NA,NA,NA,NA,NA,NA,NA,NA,NA,NA,NA,NA,NA,NA,NA,NA,NA,NA,NA,NA,NA,NA,NA,NA,NA,NA,NA,NA,NA,NA,NA,NA,NA,NA
"LabBlank1A_B_20241210",11,0,"FASMEE23","Blank","LabBlank","CW/KOH",20241210,20250506,"LL","1000x","n/a","","LabBlank1A_B_20241210","F23_D",NA,NA,NA,NA,"Blank",NA,NA,0,NA,NA,NA,NA,NA,0,0,0,0,0,0.10625,0,NA,0,NA,0,NA,NA,123050.78125,NA,NA,NA,NA,NA,NA,NA,NA,NA,NA,NA,NA,NA,NA,NA,NA,NA,NA,NA,NA,NA,NA,NA,NA,NA,NA,NA,NA,NA,NA,NA,NA,NA,NA,NA,NA,NA,NA,NA,NA,NA,NA,NA,NA,NA,NA,NA,NA,NA,NA,NA,NA,NA
"LabBlank1A_B_20241210",12,0,"FASMEE23","Blank","LabBlank","CW/KOH",20241210,20250506,"LL","1000x","n/a","","LabBlank1A_B_20241210","F23_D",NA,NA,NA,NA,"Blank",NA,NA,0,NA,NA,NA,NA,NA,0,0,0,0,0,0.10625,0,NA,0,NA,0,NA,NA,123050.78125,NA,NA,NA,NA,NA,NA,NA,NA,NA,NA,NA,NA,NA,NA,NA,NA,NA,NA,NA,NA,NA,NA,NA,NA,NA,NA,NA,NA,NA,NA,NA,NA,NA,NA,NA,NA,NA,NA,NA,NA,NA,NA,NA,NA,NA,NA,NA,NA,NA,NA,NA,NA,NA
"LabBlank1A_B_20241210",13,0,"FASMEE23","Blank","LabBlank","CW/KOH",20241210,20250506,"LL","1000x","n/a","","LabBlank1A_B_20241210","F23_D",NA,NA,NA,NA,"Blank",NA,NA,0,NA,NA,NA,NA,NA,0,0,0,0,0,0.10625,0,NA,0,NA,0,NA,NA,123050.78125,NA,NA,NA,NA,NA,NA,NA,NA,NA,NA,NA,NA,NA,NA,NA,NA,NA,NA,NA,NA,NA,NA,NA,NA,NA,NA,NA,NA,NA,NA,NA,NA,NA,NA,NA,NA,NA,NA,NA,NA,NA,NA,NA,NA,NA,NA,NA,NA,NA,NA,NA,NA,NA
"LabBlank1A_B_20241210",14,0,"FASMEE23","Blank","LabBlank","CW/KOH",20241210,20250506,"LL","1000x","n/a","","LabBlank1A_B_20241210","F23_D",NA,NA,NA,NA,"Blank",NA,NA,0,NA,NA,NA,NA,NA,0,0,0,0,0,0.10625,0,NA,0,NA,0,NA,NA,123050.78125,NA,NA,NA,NA,NA,NA,NA,NA,NA,NA,NA,NA,NA,NA,NA,NA,NA,NA,NA,NA,NA,NA,NA,NA,NA,NA,NA,NA,NA,NA,NA,NA,NA,NA,NA,NA,NA,NA,NA,NA,NA,NA,NA,NA,NA,NA,NA,NA,NA,NA,NA,NA,NA
"LabBlank1A_B_20241210",15,0,"FASMEE23","Blank","LabBlank","CW/KOH",20241210,20250506,"LL","1000x","n/a","","LabBlank1A_B_20241210","F23_D",NA,NA,NA,NA,"Blank",NA,NA,0,NA,NA,NA,NA,NA,0,0,0,0,0,0.10625,0,NA,0,NA,0,NA,NA,123050.78125,NA,NA,NA,NA,NA,NA,NA,NA,NA,NA,NA,NA,NA,NA,NA,NA,NA,NA,NA,NA,NA,NA,NA,NA,NA,NA,NA,NA,NA,NA,NA,NA,NA,NA,NA,NA,NA,NA,NA,NA,NA,NA,NA,NA,NA,NA,NA,NA,NA,NA,NA,NA,NA
"LabBlank1A_B_20241210",16,0,"FASMEE23","Blank","LabBlank","CW/KOH",20241210,20250506,"LL","1000x","n/a","","LabBlank1A_B_20241210","F23_D",NA,NA,NA,NA,"Blank",NA,NA,0,NA,NA,NA,NA,NA,0,0,0,0,0,0.10625,0,NA,0,NA,0,NA,NA,123050.78125,NA,NA,NA,NA,NA,NA,NA,NA,NA,NA,NA,NA,NA,NA,NA,NA,NA,NA,NA,NA,NA,NA,NA,NA,NA,NA,NA,NA,NA,NA,NA,NA,NA,NA,NA,NA,NA,NA,NA,NA,NA,NA,NA,NA,NA,NA,NA,NA,NA,NA,NA,NA,NA
"LabBlank1A_B_20241210",17,0,"FASMEE23","Blank","LabBlank","CW/KOH",20241210,20250506,"LL","1000x","n/a","","LabBlank1A_B_20241210","F23_D",NA,NA,NA,NA,"Blank",NA,NA,0,NA,NA,NA,NA,NA,0,0,0,0,0,0.10625,0,NA,0,NA,0,NA,NA,123050.78125,NA,NA,NA,NA,NA,NA,NA,NA,NA,NA,NA,NA,NA,NA,NA,NA,NA,NA,NA,NA,NA,NA,NA,NA,NA,NA,NA,NA,NA,NA,NA,NA,NA,NA,NA,NA,NA,NA,NA,NA,NA,NA,NA,NA,NA,NA,NA,NA,NA,NA,NA,NA,NA
"LabBlank1A_B_20241210",18,0,"FASMEE23","Blank","LabBlank","CW/KOH",20241210,20250506,"LL","1000x","n/a","","LabBlank1A_B_20241210","F23_D",NA,NA,NA,NA,"Blank",NA,NA,0,NA,NA,NA,NA,NA,0,0,0,0,0,0.10625,0,NA,0,NA,0,NA,NA,123050.78125,NA,NA,NA,NA,NA,NA,NA,NA,NA,NA,NA,NA,NA,NA,NA,NA,NA,NA,NA,NA,NA,NA,NA,NA,NA,NA,NA,NA,NA,NA,NA,NA,NA,NA,NA,NA,NA,NA,NA,NA,NA,NA,NA,NA,NA,NA,NA,NA,NA,NA,NA,NA,NA
"LabBlank1A_B_20241210",19,0,"FASMEE23","Blank","LabBlank","CW/KOH",20241210,20250506,"LL","1000x","n/a","","LabBlank1A_B_20241210","F23_D",NA,NA,NA,NA,"Blank",NA,NA,0,NA,NA,NA,NA,NA,0,0,0,0,0,0.10625,0,NA,0,NA,0,NA,NA,123050.78125,NA,NA,NA,NA,NA,NA,NA,NA,NA,NA,NA,NA,NA,NA,NA,NA,NA,NA,NA,NA,NA,NA,NA,NA,NA,NA,NA,NA,NA,NA,NA,NA,NA,NA,NA,NA,NA,NA,NA,NA,NA,NA,NA,NA,NA,NA,NA,NA,NA,NA,NA,NA,NA
"LabBlank1A_B_20241210",20,0,"FASMEE23","Blank","LabBlank","CW/KOH",20241210,20250506,"LL","1000x","n/a","","LabBlank1A_B_20241210","F23_D",NA,NA,NA,NA,"Blank",NA,NA,0,NA,NA,NA,NA,NA,0,0,0,0,0,0.10625,0,NA,0,NA,0,NA,NA,123050.78125,NA,NA,NA,NA,NA,NA,NA,NA,NA,NA,NA,NA,NA,NA,NA,NA,NA,NA,NA,NA,NA,NA,NA,NA,NA,NA,NA,NA,NA,NA,NA,NA,NA,NA,NA,NA,NA,NA,NA,NA,NA,NA,NA,NA,NA,NA,NA,NA,NA,NA,NA,NA,NA
"LabBlank1A_B_20241210",21,0,"FASMEE23","Blank","LabBlank","CW/KOH",20241210,20250506,"LL","1000x","n/a","","LabBlank1A_B_20241210","F23_D",NA,NA,NA,NA,"Blank",NA,NA,0,NA,NA,NA,NA,NA,0,0,0,0,0,0.10625,0,NA,0,NA,0,NA,NA,123050.78125,NA,NA,NA,NA,NA,NA,NA,NA,NA,NA,NA,NA,NA,NA,NA,NA,NA,NA,NA,NA,NA,NA,NA,NA,NA,NA,NA,NA,NA,NA,NA,NA,NA,NA,NA,NA,NA,NA,NA,NA,NA,NA,NA,NA,NA,NA,NA,NA,NA,NA,NA,NA,NA
"LabBlank1A_B_20241210",22,0,"FASMEE23","Blank","LabBlank","CW/KOH",20241210,20250506,"LL","1000x","n/a","","LabBlank1A_B_20241210","F23_D",NA,NA,NA,NA,"Blank",NA,NA,0,NA,NA,NA,NA,NA,0,0,0,0,0,0.10625,0,NA,0,NA,0,NA,NA,123050.78125,NA,NA,NA,NA,NA,NA,NA,NA,NA,NA,NA,NA,NA,NA,NA,NA,NA,NA,NA,NA,NA,NA,NA,NA,NA,NA,NA,NA,NA,NA,NA,NA,NA,NA,NA,NA,NA,NA,NA,NA,NA,NA,NA,NA,NA,NA,NA,NA,NA,NA,NA,NA,NA
"LabBlank1A_B_20241210",23,0,"FASMEE23","Blank","LabBlank","CW/KOH",20241210,20250506,"LL","1000x","n/a","","LabBlank1A_B_20241210","F23_D",NA,NA,NA,NA,"Blank",NA,NA,0,NA,NA,NA,NA,NA,0,0,0,0,0,0.10625,0,NA,0,NA,0,NA,NA,123050.78125,NA,NA,NA,NA,NA,NA,NA,NA,NA,NA,NA,NA,NA,NA,NA,NA,NA,NA,NA,NA,NA,NA,NA,NA,NA,NA,NA,NA,NA,NA,NA,NA,NA,NA,NA,NA,NA,NA,NA,NA,NA,NA,NA,NA,NA,NA,NA,NA,NA,NA,NA,NA,NA
"LabBlank1A_B_20241210",24,0,"FASMEE23","Blank","LabBlank","CW/KOH",20241210,20250506,"LL","1000x","n/a","","LabBlank1A_B_20241210","F23_D",NA,NA,NA,NA,"Blank",NA,NA,0,NA,NA,NA,NA,NA,0,0,0,0,0,0.10625,0,NA,0,NA,0,NA,NA,123050.78125,NA,NA,NA,NA,NA,NA,NA,NA,NA,NA,NA,NA,NA,NA,NA,NA,NA,NA,NA,NA,NA,NA,NA,NA,NA,NA,NA,NA,NA,NA,NA,NA,NA,NA,NA,NA,NA,NA,NA,NA,NA,NA,NA,NA,NA,NA,NA,NA,NA,NA,NA,NA,NA
"LabBlank1A_B_20241210",25,0,"FASMEE23","Blank","LabBlank","CW/KOH",20241210,20250506,"LL","1000x","n/a","","LabBlank1A_B_20241210","F23_D",NA,NA,NA,NA,"Blank",NA,NA,0,NA,NA,NA,NA,NA,0,0,0,0,0,0.10625,0,NA,0,NA,0,NA,NA,123050.78125,NA,NA,NA,NA,NA,NA,NA,NA,NA,NA,NA,NA,NA,NA,NA,NA,NA,NA,NA,NA,NA,NA,NA,NA,NA,NA,NA,NA,NA,NA,NA,NA,NA,NA,NA,NA,NA,NA,NA,NA,NA,NA,NA,NA,NA,NA,NA,NA,NA,NA,NA,NA,NA
"LabBlank1A_B_20241210",26,0,"FASMEE23","Blank","LabBlank","CW/KOH",20241210,20250506,"LL","1000x","n/a","","LabBlank1A_B_20241210","F23_D",NA,NA,NA,NA,"Blank",NA,NA,0,NA,NA,NA,NA,NA,0,0,0,0,0,0.10625,0,NA,0,NA,0,NA,NA,123050.78125,NA,NA,NA,NA,NA,NA,NA,NA,NA,NA,NA,NA,NA,NA,NA,NA,NA,NA,NA,NA,NA,NA,NA,NA,NA,NA,NA,NA,NA,NA,NA,NA,NA,NA,NA,NA,NA,NA,NA,NA,NA,NA,NA,NA,NA,NA,NA,NA,NA,NA,NA,NA,NA
"LabBlank1A_B_20241210",27,0,"FASMEE23","Blank","LabBlank","CW/KOH",20241210,20250506,"LL","1000x","n/a","","LabBlank1A_B_20241210","F23_D",NA,NA,NA,NA,"Blank",NA,NA,0,NA,NA,NA,NA,NA,0,0,0,0,0,0.10625,0,NA,0,NA,0,NA,NA,123050.78125,NA,NA,NA,NA,NA,NA,NA,NA,NA,NA,NA,NA,NA,NA,NA,NA,NA,NA,NA,NA,NA,NA,NA,NA,NA,NA,NA,NA,NA,NA,NA,NA,NA,NA,NA,NA,NA,NA,NA,NA,NA,NA,NA,NA,NA,NA,NA,NA,NA,NA,NA,NA,NA
"LabBlank1A_B_20241210",28,0,"FASMEE23","Blank","LabBlank","CW/KOH",20241210,20250506,"LL","1000x","n/a","","LabBlank1A_B_20241210","F23_D",NA,NA,NA,NA,"Blank",NA,NA,0,NA,NA,NA,NA,NA,0,0,0,0,0,0.10625,0,NA,0,NA,0,NA,NA,123050.78125,NA,NA,NA,NA,NA,NA,NA,NA,NA,NA,NA,NA,NA,NA,NA,NA,NA,NA,NA,NA,NA,NA,NA,NA,NA,NA,NA,NA,NA,NA,NA,NA,NA,NA,NA,NA,NA,NA,NA,NA,NA,NA,NA,NA,NA,NA,NA,NA,NA,NA,NA,NA,NA
"LabBlank1A_B_20241210",29,0,"FASMEE23","Blank","LabBlank","CW/KOH",20241210,20250506,"LL","1000x","n/a","","LabBlank1A_B_20241210","F23_D",NA,NA,NA,NA,"Blank",NA,NA,0,NA,NA,NA,NA,NA,0,0,0,0,0,0.10625,0,NA,0,NA,0,NA,NA,123050.78125,NA,NA,NA,NA,NA,NA,NA,NA,NA,NA,NA,NA,NA,NA,NA,NA,NA,NA,NA,NA,NA,NA,NA,NA,NA,NA,NA,NA,NA,NA,NA,NA,NA,NA,NA,NA,NA,NA,NA,NA,NA,NA,NA,NA,NA,NA,NA,NA,NA,NA,NA,NA,NA
"LabBlank1A_B_20241210",30,0,"FASMEE23","Blank","LabBlank","CW/KOH",20241210,20250506,"LL","1000x","n/a","","LabBlank1A_B_20241210","F23_D",NA,NA,NA,NA,"Blank",NA,NA,0,NA,NA,NA,NA,NA,0,0,0,0,0,0.10625,0,NA,0,NA,0,NA,NA,123050.78125,NA,NA,NA,NA,NA,NA,NA,NA,NA,NA,NA,NA,NA,NA,NA,NA,NA,NA,NA,NA,NA,NA,NA,NA,NA,NA,NA,NA,NA,NA,NA,NA,NA,NA,NA,NA,NA,NA,NA,NA,NA,NA,NA,NA,NA,NA,NA,NA,NA,NA,NA,NA,NA
"LabBlank1A_B_20241210",31,0,"FASMEE23","Blank","LabBlank","CW/KOH",20241210,20250506,"LL","1000x","n/a","","LabBlank1A_B_20241210","F23_D",NA,NA,NA,NA,"Blank",NA,NA,0,NA,NA,NA,NA,NA,0,0,0,0,0,0.10625,0,NA,0,NA,0,NA,NA,123050.78125,NA,NA,NA,NA,NA,NA,NA,NA,NA,NA,NA,NA,NA,NA,NA,NA,NA,NA,NA,NA,NA,NA,NA,NA,NA,NA,NA,NA,NA,NA,NA,NA,NA,NA,NA,NA,NA,NA,NA,NA,NA,NA,NA,NA,NA,NA,NA,NA,NA,NA,NA,NA,NA
"LabBlank1A_B_20241210",32,0,"FASMEE23","Blank","LabBlank","CW/KOH",20241210,20250506,"LL","1000x","n/a","","LabBlank1A_B_20241210","F23_D",NA,NA,NA,NA,"Blank",NA,NA,0,NA,NA,NA,NA,NA,0,0,0,0,0,0.10625,0,NA,0,NA,0,NA,NA,123050.78125,NA,NA,NA,NA,NA,NA,NA,NA,NA,NA,NA,NA,NA,NA,NA,NA,NA,NA,NA,NA,NA,NA,NA,NA,NA,NA,NA,NA,NA,NA,NA,NA,NA,NA,NA,NA,NA,NA,NA,NA,NA,NA,NA,NA,NA,NA,NA,NA,NA,NA,NA,NA,NA
"LabBlank1A_B_20241210",33,0,"FASMEE23","Blank","LabBlank","CW/KOH",20241210,20250506,"LL","1000x","n/a","","LabBlank1A_B_20241210","F23_D",NA,NA,NA,NA,"Blank",NA,NA,0,NA,NA,NA,NA,NA,0,0,0,0,0,0.10625,0,NA,0,NA,0,NA,NA,123050.78125,NA,NA,NA,NA,NA,NA,NA,NA,NA,NA,NA,NA,NA,NA,NA,NA,NA,NA,NA,NA,NA,NA,NA,NA,NA,NA,NA,NA,NA,NA,NA,NA,NA,NA,NA,NA,NA,NA,NA,NA,NA,NA,NA,NA,NA,NA,NA,NA,NA,NA,NA,NA,NA
"LabBlank1A_B_20241210",34,0,"FASMEE23","Blank","LabBlank","CW/KOH",20241210,20250506,"LL","1000x","n/a","","LabBlank1A_B_20241210","F23_D",NA,NA,NA,NA,"Blank",NA,NA,0,NA,NA,NA,NA,NA,0,0,0,0,0,0.10625,0,NA,0,NA,0,NA,NA,123050.78125,NA,NA,NA,NA,NA,NA,NA,NA,NA,NA,NA,NA,NA,NA,NA,NA,NA,NA,NA,NA,NA,NA,NA,NA,NA,NA,NA,NA,NA,NA,NA,NA,NA,NA,NA,NA,NA,NA,NA,NA,NA,NA,NA,NA,NA,NA,NA,NA,NA,NA,NA,NA,NA
"LabBlank1A_B_20241210",35,0,"FASMEE23","Blank","LabBlank","CW/KOH",20241210,20250506,"LL","1000x","n/a","","LabBlank1A_B_20241210","F23_D",NA,NA,NA,NA,"Blank",NA,NA,0,NA,NA,NA,NA,NA,0,0,0,0,0,0.10625,0,NA,0,NA,0,NA,NA,123050.78125,NA,NA,NA,NA,NA,NA,NA,NA,NA,NA,NA,NA,NA,NA,NA,NA,NA,NA,NA,NA,NA,NA,NA,NA,NA,NA,NA,NA,NA,NA,NA,NA,NA,NA,NA,NA,NA,NA,NA,NA,NA,NA,NA,NA,NA,NA,NA,NA,NA,NA,NA,NA,NA
"LabBlank1A_B_20241210",36,0,"FASMEE23","Blank","LabBlank","CW/KOH",20241210,20250506,"LL","1000x","n/a","","LabBlank1A_B_20241210","F23_D",NA,NA,NA,NA,"Blank",NA,NA,0,NA,NA,NA,NA,NA,0,0,0,0,0,0.10625,0,NA,0,NA,0,NA,NA,123050.78125,NA,NA,NA,NA,NA,NA,NA,NA,NA,NA,NA,NA,NA,NA,NA,NA,NA,NA,NA,NA,NA,NA,NA,NA,NA,NA,NA,NA,NA,NA,NA,NA,NA,NA,NA,NA,NA,NA,NA,NA,NA,NA,NA,NA,NA,NA,NA,NA,NA,NA,NA,NA,NA
"LabBlank1A_B_20241210",37,0,"FASMEE23","Blank","LabBlank","CW/KOH",20241210,20250506,"LL","1000x","n/a","","LabBlank1A_B_20241210","F23_D",NA,NA,NA,NA,"Blank",NA,NA,0,NA,NA,NA,NA,NA,0,0,0,0,0,0.10625,0,NA,0,NA,0,NA,NA,123050.78125,NA,NA,NA,NA,NA,NA,NA,NA,NA,NA,NA,NA,NA,NA,NA,NA,NA,NA,NA,NA,NA,NA,NA,NA,NA,NA,NA,NA,NA,NA,NA,NA,NA,NA,NA,NA,NA,NA,NA,NA,NA,NA,NA,NA,NA,NA,NA,NA,NA,NA,NA,NA,NA
"LabBlank1A_B_20241210",38,0,"FASMEE23","Blank","LabBlank","CW/KOH",20241210,20250506,"LL","1000x","n/a","","LabBlank1A_B_20241210","F23_D",NA,NA,NA,NA,"Blank",NA,NA,0,NA,NA,NA,NA,NA,0,0,0,0,0,0.10625,0,NA,0,NA,0,NA,NA,123050.78125,NA,NA,NA,NA,NA,NA,NA,NA,NA,NA,NA,NA,NA,NA,NA,NA,NA,NA,NA,NA,NA,NA,NA,NA,NA,NA,NA,NA,NA,NA,NA,NA,NA,NA,NA,NA,NA,NA,NA,NA,NA,NA,NA,NA,NA,NA,NA,NA,NA,NA,NA,NA,NA
"LabBlank1A_B_20241210",39,0,"FASMEE23","Blank","LabBlank","CW/KOH",20241210,20250506,"LL","1000x","n/a","","LabBlank1A_B_20241210","F23_D",NA,NA,NA,NA,"Blank",NA,NA,0,NA,NA,NA,NA,NA,0,0,0,0,0,0.10625,0,NA,0,NA,0,NA,NA,123050.78125,NA,NA,NA,NA,NA,NA,NA,NA,NA,NA,NA,NA,NA,NA,NA,NA,NA,NA,NA,NA,NA,NA,NA,NA,NA,NA,NA,NA,NA,NA,NA,NA,NA,NA,NA,NA,NA,NA,NA,NA,NA,NA,NA,NA,NA,NA,NA,NA,NA,NA,NA,NA,NA
"LabBlank1A_B_20241210",40,0,"FASMEE23","Blank","LabBlank","CW/KOH",20241210,20250506,"LL","1000x","n/a","","LabBlank1A_B_20241210","F23_D",NA,NA,NA,NA,"Blank",NA,NA,0,NA,NA,NA,NA,NA,0,0,0,0,0,0.10625,0,NA,0,NA,0,NA,NA,123050.78125,NA,NA,NA,NA,NA,NA,NA,NA,NA,NA,NA,NA,NA,NA,NA,NA,NA,NA,NA,NA,NA,NA,NA,NA,NA,NA,NA,NA,NA,NA,NA,NA,NA,NA,NA,NA,NA,NA,NA,NA,NA,NA,NA,NA,NA,NA,NA,NA,NA,NA,NA,NA,NA
"FieldBlank2B_B",1,0,"FASMEE23","Blank","FieldBlank","CW/KOH",20241201,20250512,"LL","1000x","n/a","","FieldBlank2B","F23_C",NA,NA,NA,NA,"Blank",NA,NA,0,NA,NA,NA,NA,NA,0,0,0.15,0,0,0.25625,0,NA,0,NA,0,NA,NA,123050.78125,NA,NA,NA,NA,NA,NA,NA,NA,NA,NA,NA,NA,NA,NA,NA,NA,NA,NA,NA,NA,NA,NA,NA,NA,NA,NA,NA,NA,NA,NA,NA,NA,NA,NA,NA,NA,NA,NA,NA,NA,NA,NA,NA,NA,NA,NA,NA,NA,NA,NA,NA,NA,NA
"FieldBlank2B_B",2,0,"FASMEE23","Blank","FieldBlank","CW/KOH",20241201,20250512,"LL","1000x","n/a","","FieldBlank2B","F23_C",NA,NA,NA,NA,"Blank",NA,NA,0,NA,NA,NA,NA,NA,0,0,0.15,0,0,0.25625,0,NA,0,NA,0,NA,NA,123050.78125,NA,NA,NA,NA,NA,NA,NA,NA,NA,NA,NA,NA,NA,NA,NA,NA,NA,NA,NA,NA,NA,NA,NA,NA,NA,NA,NA,NA,NA,NA,NA,NA,NA,NA,NA,NA,NA,NA,NA,NA,NA,NA,NA,NA,NA,NA,NA,NA,NA,NA,NA,NA,NA
"FieldBlank2B_B",3,0,"FASMEE23","Blank","FieldBlank","CW/KOH",20241201,20250512,"LL","1000x","n/a","","FieldBlank2B","F23_C",NA,NA,NA,NA,"Blank",NA,NA,0,NA,NA,NA,NA,NA,0,0,0.15,0,0,0.25625,0,NA,0,NA,0,NA,NA,123050.78125,NA,NA,NA,NA,NA,NA,NA,NA,NA,NA,NA,NA,NA,NA,NA,NA,NA,NA,NA,NA,NA,NA,NA,NA,NA,NA,NA,NA,NA,NA,NA,NA,NA,NA,NA,NA,NA,NA,NA,NA,NA,NA,NA,NA,NA,NA,NA,NA,NA,NA,NA,NA,NA
"FieldBlank2B_B",4,0,"FASMEE23","Blank","FieldBlank","CW/KOH",20241201,20250512,"LL","1000x","n/a","","FieldBlank2B","F23_C",NA,NA,NA,NA,"Blank",NA,NA,0,NA,NA,NA,NA,NA,0,0,0.15,0,0,0.25625,0,NA,0,NA,0,NA,NA,123050.78125,NA,NA,NA,NA,NA,NA,NA,NA,NA,NA,NA,NA,NA,NA,NA,NA,NA,NA,NA,NA,NA,NA,NA,NA,NA,NA,NA,NA,NA,NA,NA,NA,NA,NA,NA,NA,NA,NA,NA,NA,NA,NA,NA,NA,NA,NA,NA,NA,NA,NA,NA,NA,NA
"FieldBlank2B_B",5,0,"FASMEE23","Blank","FieldBlank","CW/KOH",20241201,20250512,"LL","1000x","n/a","","FieldBlank2B","F23_C",NA,NA,NA,NA,"Blank",NA,NA,0,NA,NA,NA,NA,NA,0,0,0.15,0,0,0.25625,0,NA,0,NA,0,NA,NA,123050.78125,NA,NA,NA,NA,NA,NA,NA,NA,NA,NA,NA,NA,NA,NA,NA,NA,NA,NA,NA,NA,NA,NA,NA,NA,NA,NA,NA,NA,NA,NA,NA,NA,NA,NA,NA,NA,NA,NA,NA,NA,NA,NA,NA,NA,NA,NA,NA,NA,NA,NA,NA,NA,NA
"FieldBlank2B_B",6,0,"FASMEE23","Blank","FieldBlank","CW/KOH",20241201,20250512,"LL","1000x","n/a","","FieldBlank2B","F23_C",NA,NA,NA,NA,"Blank",NA,NA,0,NA,NA,NA,NA,NA,0,0,0.15,0,0,0.25625,0,NA,0,NA,0,NA,NA,123050.78125,NA,NA,NA,NA,NA,NA,NA,NA,NA,NA,NA,NA,NA,NA,NA,NA,NA,NA,NA,NA,NA,NA,NA,NA,NA,NA,NA,NA,NA,NA,NA,NA,NA,NA,NA,NA,NA,NA,NA,NA,NA,NA,NA,NA,NA,NA,NA,NA,NA,NA,NA,NA,NA
"FieldBlank2B_B",7,0,"FASMEE23","Blank","FieldBlank","CW/KOH",20241201,20250512,"LL","1000x","n/a","","FieldBlank2B","F23_C",NA,NA,NA,NA,"Blank",NA,NA,0,NA,NA,NA,NA,NA,0,0,0.15,0,0,0.25625,0,NA,0,NA,0,NA,NA,123050.78125,NA,NA,NA,NA,NA,NA,NA,NA,NA,NA,NA,NA,NA,NA,NA,NA,NA,NA,NA,NA,NA,NA,NA,NA,NA,NA,NA,NA,NA,NA,NA,NA,NA,NA,NA,NA,NA,NA,NA,NA,NA,NA,NA,NA,NA,NA,NA,NA,NA,NA,NA,NA,NA
"FieldBlank2B_B",8,0,"FASMEE23","Blank","FieldBlank","CW/KOH",20241201,20250512,"LL","1000x","n/a","","FieldBlank2B","F23_C",NA,NA,NA,NA,"Blank",NA,NA,0,NA,NA,NA,NA,NA,0,0,0.15,0,0,0.25625,0,NA,0,NA,0,NA,NA,123050.78125,NA,NA,NA,NA,NA,NA,NA,NA,NA,NA,NA,NA,NA,NA,NA,NA,NA,NA,NA,NA,NA,NA,NA,NA,NA,NA,NA,NA,NA,NA,NA,NA,NA,NA,NA,NA,NA,NA,NA,NA,NA,NA,NA,NA,NA,NA,NA,NA,NA,NA,NA,NA,NA
"FieldBlank2B_B",9,0,"FASMEE23","Blank","FieldBlank","CW/KOH",20241201,20250512,"LL","1000x","n/a","","FieldBlank2B","F23_C",NA,NA,NA,NA,"Blank",NA,NA,0,NA,NA,NA,NA,NA,0,0,0.15,0,0,0.25625,0,NA,0,NA,0,NA,NA,123050.78125,NA,NA,NA,NA,NA,NA,NA,NA,NA,NA,NA,NA,NA,NA,NA,NA,NA,NA,NA,NA,NA,NA,NA,NA,NA,NA,NA,NA,NA,NA,NA,NA,NA,NA,NA,NA,NA,NA,NA,NA,NA,NA,NA,NA,NA,NA,NA,NA,NA,NA,NA,NA,NA
"FieldBlank2B_B",10,0,"FASMEE23","Blank","FieldBlank","CW/KOH",20241201,20250512,"LL","1000x","n/a","","FieldBlank2B","F23_C",NA,NA,NA,NA,"Blank",NA,NA,0,NA,NA,NA,NA,NA,0,0,0.15,0,0,0.25625,0,NA,0,NA,0,NA,NA,123050.78125,NA,NA,NA,NA,NA,NA,NA,NA,NA,NA,NA,NA,NA,NA,NA,NA,NA,NA,NA,NA,NA,NA,NA,NA,NA,NA,NA,NA,NA,NA,NA,NA,NA,NA,NA,NA,NA,NA,NA,NA,NA,NA,NA,NA,NA,NA,NA,NA,NA,NA,NA,NA,NA
"FieldBlank2B_B",11,0,"FASMEE23","Blank","FieldBlank","CW/KOH",20241201,20250512,"LL","1000x","n/a","","FieldBlank2B","F23_C",NA,NA,NA,NA,"Blank",NA,NA,0,NA,NA,NA,NA,NA,0,0,0.15,0,0,0.25625,0,NA,0,NA,0,NA,NA,123050.78125,NA,NA,NA,NA,NA,NA,NA,NA,NA,NA,NA,NA,NA,NA,NA,NA,NA,NA,NA,NA,NA,NA,NA,NA,NA,NA,NA,NA,NA,NA,NA,NA,NA,NA,NA,NA,NA,NA,NA,NA,NA,NA,NA,NA,NA,NA,NA,NA,NA,NA,NA,NA,NA
"FieldBlank2B_B",12,0,"FASMEE23","Blank","FieldBlank","CW/KOH",20241201,20250512,"LL","1000x","n/a","","FieldBlank2B","F23_C",NA,NA,NA,NA,"Blank",NA,NA,0,NA,NA,NA,NA,NA,0,0,0.15,0,0,0.25625,0,NA,0,NA,0,NA,NA,123050.78125,NA,NA,NA,NA,NA,NA,NA,NA,NA,NA,NA,NA,NA,NA,NA,NA,NA,NA,NA,NA,NA,NA,NA,NA,NA,NA,NA,NA,NA,NA,NA,NA,NA,NA,NA,NA,NA,NA,NA,NA,NA,NA,NA,NA,NA,NA,NA,NA,NA,NA,NA,NA,NA
"FieldBlank2B_B",13,0,"FASMEE23","Blank","FieldBlank","CW/KOH",20241201,20250512,"LL","1000x","n/a","","FieldBlank2B","F23_C",NA,NA,NA,NA,"Blank",NA,NA,0,NA,NA,NA,NA,NA,0,0,0.15,0,0,0.25625,0,NA,0,NA,0,NA,NA,123050.78125,NA,NA,NA,NA,NA,NA,NA,NA,NA,NA,NA,NA,NA,NA,NA,NA,NA,NA,NA,NA,NA,NA,NA,NA,NA,NA,NA,NA,NA,NA,NA,NA,NA,NA,NA,NA,NA,NA,NA,NA,NA,NA,NA,NA,NA,NA,NA,NA,NA,NA,NA,NA,NA
"FieldBlank2B_B",14,0,"FASMEE23","Blank","FieldBlank","CW/KOH",20241201,20250512,"LL","1000x","n/a","","FieldBlank2B","F23_C",NA,NA,NA,NA,"Blank",NA,NA,0,NA,NA,NA,NA,NA,0,0,0.15,0,0,0.25625,0,NA,0,NA,0,NA,NA,123050.78125,NA,NA,NA,NA,NA,NA,NA,NA,NA,NA,NA,NA,NA,NA,NA,NA,NA,NA,NA,NA,NA,NA,NA,NA,NA,NA,NA,NA,NA,NA,NA,NA,NA,NA,NA,NA,NA,NA,NA,NA,NA,NA,NA,NA,NA,NA,NA,NA,NA,NA,NA,NA,NA
"FieldBlank2B_B",15,0,"FASMEE23","Blank","FieldBlank","CW/KOH",20241201,20250512,"LL","1000x","n/a","","FieldBlank2B","F23_C",NA,NA,NA,NA,"Blank",NA,NA,0,NA,NA,NA,NA,NA,0,0,0.15,0,0,0.25625,0,NA,0,NA,0,NA,NA,123050.78125,NA,NA,NA,NA,NA,NA,NA,NA,NA,NA,NA,NA,NA,NA,NA,NA,NA,NA,NA,NA,NA,NA,NA,NA,NA,NA,NA,NA,NA,NA,NA,NA,NA,NA,NA,NA,NA,NA,NA,NA,NA,NA,NA,NA,NA,NA,NA,NA,NA,NA,NA,NA,NA
"FieldBlank2B_B",16,0,"FASMEE23","Blank","FieldBlank","CW/KOH",20241201,20250512,"LL","1000x","n/a","","FieldBlank2B","F23_C",NA,NA,NA,NA,"Blank",NA,NA,0,NA,NA,NA,NA,NA,0,0,0.15,0,0,0.25625,0,NA,0,NA,0,NA,NA,123050.78125,NA,NA,NA,NA,NA,NA,NA,NA,NA,NA,NA,NA,NA,NA,NA,NA,NA,NA,NA,NA,NA,NA,NA,NA,NA,NA,NA,NA,NA,NA,NA,NA,NA,NA,NA,NA,NA,NA,NA,NA,NA,NA,NA,NA,NA,NA,NA,NA,NA,NA,NA,NA,NA
"FieldBlank2B_B",17,1,"FASMEE23","Blank","FieldBlank","CW/KOH",20241201,20250512,"LL","1000x","n/a","","FieldBlank2B","F23_C",NA,NA,NA,NA,"Blank",NA,NA,0,NA,NA,NA,NA,NA,0,0,0.15,0.85,0,0.25625,0.74375,NA,7225,Inf,5373.59375,Inf,NA,123050.78125,NA,NA,NA,NA,NA,NA,NA,NA,NA,NA,NA,NA,NA,NA,NA,NA,NA,NA,NA,NA,NA,NA,NA,NA,NA,NA,NA,NA,NA,NA,NA,NA,NA,NA,NA,NA,NA,NA,NA,NA,NA,NA,NA,NA,NA,NA,NA,NA,NA,NA,NA,NA,NA
"FieldBlank2B_B",18,0,"FASMEE23","Blank","FieldBlank","CW/KOH",20241201,20250512,"LL","1000x","n/a","","FieldBlank2B","F23_C",NA,NA,NA,NA,"Blank",NA,NA,0,NA,NA,NA,NA,NA,0,0,0.15,0,0,0.25625,0,NA,0,NA,0,NA,NA,123050.78125,NA,NA,NA,NA,NA,NA,NA,NA,NA,NA,NA,NA,NA,NA,NA,NA,NA,NA,NA,NA,NA,NA,NA,NA,NA,NA,NA,NA,NA,NA,NA,NA,NA,NA,NA,NA,NA,NA,NA,NA,NA,NA,NA,NA,NA,NA,NA,NA,NA,NA,NA,NA,NA
"FieldBlank2B_B",19,0,"FASMEE23","Blank","FieldBlank","CW/KOH",20241201,20250512,"LL","1000x","n/a","","FieldBlank2B","F23_C",NA,NA,NA,NA,"Blank",NA,NA,0,NA,NA,NA,NA,NA,0,0,0.15,0,0,0.25625,0,NA,0,NA,0,NA,NA,123050.78125,NA,NA,NA,NA,NA,NA,NA,NA,NA,NA,NA,NA,NA,NA,NA,NA,NA,NA,NA,NA,NA,NA,NA,NA,NA,NA,NA,NA,NA,NA,NA,NA,NA,NA,NA,NA,NA,NA,NA,NA,NA,NA,NA,NA,NA,NA,NA,NA,NA,NA,NA,NA,NA
"FieldBlank2B_B",20,0,"FASMEE23","Blank","FieldBlank","CW/KOH",20241201,20250512,"LL","1000x","n/a","","FieldBlank2B","F23_C",NA,NA,NA,NA,"Blank",NA,NA,0,NA,NA,NA,NA,NA,0,0,0.15,0,0,0.25625,0,NA,0,NA,0,NA,NA,123050.78125,NA,NA,NA,NA,NA,NA,NA,NA,NA,NA,NA,NA,NA,NA,NA,NA,NA,NA,NA,NA,NA,NA,NA,NA,NA,NA,NA,NA,NA,NA,NA,NA,NA,NA,NA,NA,NA,NA,NA,NA,NA,NA,NA,NA,NA,NA,NA,NA,NA,NA,NA,NA,NA
"FieldBlank2B_B",21,0,"FASMEE23","Blank","FieldBlank","CW/KOH",20241201,20250512,"LL","1000x","n/a","","FieldBlank2B","F23_C",NA,NA,NA,NA,"Blank",NA,NA,0,NA,NA,NA,NA,NA,0,0,0.15,0,0,0.25625,0,NA,0,NA,0,NA,NA,123050.78125,NA,NA,NA,NA,NA,NA,NA,NA,NA,NA,NA,NA,NA,NA,NA,NA,NA,NA,NA,NA,NA,NA,NA,NA,NA,NA,NA,NA,NA,NA,NA,NA,NA,NA,NA,NA,NA,NA,NA,NA,NA,NA,NA,NA,NA,NA,NA,NA,NA,NA,NA,NA,NA
"FieldBlank2B_B",22,0,"FASMEE23","Blank","FieldBlank","CW/KOH",20241201,20250512,"LL","1000x","n/a","","FieldBlank2B","F23_C",NA,NA,NA,NA,"Blank",NA,NA,0,NA,NA,NA,NA,NA,0,0,0.15,0,0,0.25625,0,NA,0,NA,0,NA,NA,123050.78125,NA,NA,NA,NA,NA,NA,NA,NA,NA,NA,NA,NA,NA,NA,NA,NA,NA,NA,NA,NA,NA,NA,NA,NA,NA,NA,NA,NA,NA,NA,NA,NA,NA,NA,NA,NA,NA,NA,NA,NA,NA,NA,NA,NA,NA,NA,NA,NA,NA,NA,NA,NA,NA
"FieldBlank2B_B",23,0,"FASMEE23","Blank","FieldBlank","CW/KOH",20241201,20250512,"LL","1000x","n/a","","FieldBlank2B","F23_C",NA,NA,NA,NA,"Blank",NA,NA,0,NA,NA,NA,NA,NA,0,0,0.15,0,0,0.25625,0,NA,0,NA,0,NA,NA,123050.78125,NA,NA,NA,NA,NA,NA,NA,NA,NA,NA,NA,NA,NA,NA,NA,NA,NA,NA,NA,NA,NA,NA,NA,NA,NA,NA,NA,NA,NA,NA,NA,NA,NA,NA,NA,NA,NA,NA,NA,NA,NA,NA,NA,NA,NA,NA,NA,NA,NA,NA,NA,NA,NA
"FieldBlank2B_B",24,0,"FASMEE23","Blank","FieldBlank","CW/KOH",20241201,20250512,"LL","1000x","n/a","","FieldBlank2B","F23_C",NA,NA,NA,NA,"Blank",NA,NA,0,NA,NA,NA,NA,NA,0,0,0.15,0,0,0.25625,0,NA,0,NA,0,NA,NA,123050.78125,NA,NA,NA,NA,NA,NA,NA,NA,NA,NA,NA,NA,NA,NA,NA,NA,NA,NA,NA,NA,NA,NA,NA,NA,NA,NA,NA,NA,NA,NA,NA,NA,NA,NA,NA,NA,NA,NA,NA,NA,NA,NA,NA,NA,NA,NA,NA,NA,NA,NA,NA,NA,NA
"FieldBlank2B_B",25,0,"FASMEE23","Blank","FieldBlank","CW/KOH",20241201,20250512,"LL","1000x","n/a","","FieldBlank2B","F23_C",NA,NA,NA,NA,"Blank",NA,NA,0,NA,NA,NA,NA,NA,0,0,0.15,0,0,0.25625,0,NA,0,NA,0,NA,NA,123050.78125,NA,NA,NA,NA,NA,NA,NA,NA,NA,NA,NA,NA,NA,NA,NA,NA,NA,NA,NA,NA,NA,NA,NA,NA,NA,NA,NA,NA,NA,NA,NA,NA,NA,NA,NA,NA,NA,NA,NA,NA,NA,NA,NA,NA,NA,NA,NA,NA,NA,NA,NA,NA,NA
"FieldBlank2B_B",26,0,"FASMEE23","Blank","FieldBlank","CW/KOH",20241201,20250512,"LL","1000x","n/a","","FieldBlank2B","F23_C",NA,NA,NA,NA,"Blank",NA,NA,0,NA,NA,NA,NA,NA,0,0,0.15,0,0,0.25625,0,NA,0,NA,0,NA,NA,123050.78125,NA,NA,NA,NA,NA,NA,NA,NA,NA,NA,NA,NA,NA,NA,NA,NA,NA,NA,NA,NA,NA,NA,NA,NA,NA,NA,NA,NA,NA,NA,NA,NA,NA,NA,NA,NA,NA,NA,NA,NA,NA,NA,NA,NA,NA,NA,NA,NA,NA,NA,NA,NA,NA
"FieldBlank2B_B",27,2,"FASMEE23","Blank","FieldBlank","CW/KOH",20241201,20250512,"LL","1000x","n/a","","FieldBlank2B","F23_C",NA,NA,NA,NA,"Blank",NA,NA,0,NA,NA,NA,NA,NA,0,0,0.15,1.85,0,0.25625,1.74375,NA,14450,Inf,12598.59375,Inf,NA,123050.78125,NA,NA,NA,NA,NA,NA,NA,NA,NA,NA,NA,NA,NA,NA,NA,NA,NA,NA,NA,NA,NA,NA,NA,NA,NA,NA,NA,NA,NA,NA,NA,NA,NA,NA,NA,NA,NA,NA,NA,NA,NA,NA,NA,NA,NA,NA,NA,NA,NA,NA,NA,NA,NA
"FieldBlank2B_B",28,3,"FASMEE23","Blank","FieldBlank","CW/KOH",20241201,20250512,"LL","1000x","n/a","","FieldBlank2B","F23_C",NA,NA,NA,NA,"Blank",NA,NA,0,NA,NA,NA,NA,NA,0,0,0.15,2.85,0,0.25625,2.74375,NA,21675,Inf,19823.59375,Inf,NA,123050.78125,NA,NA,NA,NA,NA,NA,NA,NA,NA,NA,NA,NA,NA,NA,NA,NA,NA,NA,NA,NA,NA,NA,NA,NA,NA,NA,NA,NA,NA,NA,NA,NA,NA,NA,NA,NA,NA,NA,NA,NA,NA,NA,NA,NA,NA,NA,NA,NA,NA,NA,NA,NA,NA
"FieldBlank2B_B",29,0,"FASMEE23","Blank","FieldBlank","CW/KOH",20241201,20250512,"LL","1000x","n/a","","FieldBlank2B","F23_C",NA,NA,NA,NA,"Blank",NA,NA,0,NA,NA,NA,NA,NA,0,0,0.15,0,0,0.25625,0,NA,0,NA,0,NA,NA,123050.78125,NA,NA,NA,NA,NA,NA,NA,NA,NA,NA,NA,NA,NA,NA,NA,NA,NA,NA,NA,NA,NA,NA,NA,NA,NA,NA,NA,NA,NA,NA,NA,NA,NA,NA,NA,NA,NA,NA,NA,NA,NA,NA,NA,NA,NA,NA,NA,NA,NA,NA,NA,NA,NA
"FieldBlank2B_B",30,0,"FASMEE23","Blank","FieldBlank","CW/KOH",20241201,20250512,"LL","1000x","n/a","","FieldBlank2B","F23_C",NA,NA,NA,NA,"Blank",NA,NA,0,NA,NA,NA,NA,NA,0,0,0.15,0,0,0.25625,0,NA,0,NA,0,NA,NA,123050.78125,NA,NA,NA,NA,NA,NA,NA,NA,NA,NA,NA,NA,NA,NA,NA,NA,NA,NA,NA,NA,NA,NA,NA,NA,NA,NA,NA,NA,NA,NA,NA,NA,NA,NA,NA,NA,NA,NA,NA,NA,NA,NA,NA,NA,NA,NA,NA,NA,NA,NA,NA,NA,NA
"FieldBlank2B_B",31,0,"FASMEE23","Blank","FieldBlank","CW/KOH",20241201,20250512,"LL","1000x","n/a","","FieldBlank2B","F23_C",NA,NA,NA,NA,"Blank",NA,NA,0,NA,NA,NA,NA,NA,0,0,0.15,0,0,0.25625,0,NA,0,NA,0,NA,NA,123050.78125,NA,NA,NA,NA,NA,NA,NA,NA,NA,NA,NA,NA,NA,NA,NA,NA,NA,NA,NA,NA,NA,NA,NA,NA,NA,NA,NA,NA,NA,NA,NA,NA,NA,NA,NA,NA,NA,NA,NA,NA,NA,NA,NA,NA,NA,NA,NA,NA,NA,NA,NA,NA,NA
"FieldBlank2B_B",32,0,"FASMEE23","Blank","FieldBlank","CW/KOH",20241201,20250512,"LL","1000x","n/a","","FieldBlank2B","F23_C",NA,NA,NA,NA,"Blank",NA,NA,0,NA,NA,NA,NA,NA,0,0,0.15,0,0,0.25625,0,NA,0,NA,0,NA,NA,123050.78125,NA,NA,NA,NA,NA,NA,NA,NA,NA,NA,NA,NA,NA,NA,NA,NA,NA,NA,NA,NA,NA,NA,NA,NA,NA,NA,NA,NA,NA,NA,NA,NA,NA,NA,NA,NA,NA,NA,NA,NA,NA,NA,NA,NA,NA,NA,NA,NA,NA,NA,NA,NA,NA
"FieldBlank2B_B",33,0,"FASMEE23","Blank","FieldBlank","CW/KOH",20241201,20250512,"LL","1000x","n/a","","FieldBlank2B","F23_C",NA,NA,NA,NA,"Blank",NA,NA,0,NA,NA,NA,NA,NA,0,0,0.15,0,0,0.25625,0,NA,0,NA,0,NA,NA,123050.78125,NA,NA,NA,NA,NA,NA,NA,NA,NA,NA,NA,NA,NA,NA,NA,NA,NA,NA,NA,NA,NA,NA,NA,NA,NA,NA,NA,NA,NA,NA,NA,NA,NA,NA,NA,NA,NA,NA,NA,NA,NA,NA,NA,NA,NA,NA,NA,NA,NA,NA,NA,NA,NA
"FieldBlank2B_B",34,0,"FASMEE23","Blank","FieldBlank","CW/KOH",20241201,20250512,"LL","1000x","n/a","","FieldBlank2B","F23_C",NA,NA,NA,NA,"Blank",NA,NA,0,NA,NA,NA,NA,NA,0,0,0.15,0,0,0.25625,0,NA,0,NA,0,NA,NA,123050.78125,NA,NA,NA,NA,NA,NA,NA,NA,NA,NA,NA,NA,NA,NA,NA,NA,NA,NA,NA,NA,NA,NA,NA,NA,NA,NA,NA,NA,NA,NA,NA,NA,NA,NA,NA,NA,NA,NA,NA,NA,NA,NA,NA,NA,NA,NA,NA,NA,NA,NA,NA,NA,NA
"FieldBlank2B_B",35,0,"FASMEE23","Blank","FieldBlank","CW/KOH",20241201,20250512,"LL","1000x","n/a","","FieldBlank2B","F23_C",NA,NA,NA,NA,"Blank",NA,NA,0,NA,NA,NA,NA,NA,0,0,0.15,0,0,0.25625,0,NA,0,NA,0,NA,NA,123050.78125,NA,NA,NA,NA,NA,NA,NA,NA,NA,NA,NA,NA,NA,NA,NA,NA,NA,NA,NA,NA,NA,NA,NA,NA,NA,NA,NA,NA,NA,NA,NA,NA,NA,NA,NA,NA,NA,NA,NA,NA,NA,NA,NA,NA,NA,NA,NA,NA,NA,NA,NA,NA,NA
"FieldBlank2B_B",36,0,"FASMEE23","Blank","FieldBlank","CW/KOH",20241201,20250512,"LL","1000x","n/a","","FieldBlank2B","F23_C",NA,NA,NA,NA,"Blank",NA,NA,0,NA,NA,NA,NA,NA,0,0,0.15,0,0,0.25625,0,NA,0,NA,0,NA,NA,123050.78125,NA,NA,NA,NA,NA,NA,NA,NA,NA,NA,NA,NA,NA,NA,NA,NA,NA,NA,NA,NA,NA,NA,NA,NA,NA,NA,NA,NA,NA,NA,NA,NA,NA,NA,NA,NA,NA,NA,NA,NA,NA,NA,NA,NA,NA,NA,NA,NA,NA,NA,NA,NA,NA
"FieldBlank2B_B",37,0,"FASMEE23","Blank","FieldBlank","CW/KOH",20241201,20250512,"LL","1000x","n/a","","FieldBlank2B","F23_C",NA,NA,NA,NA,"Blank",NA,NA,0,NA,NA,NA,NA,NA,0,0,0.15,0,0,0.25625,0,NA,0,NA,0,NA,NA,123050.78125,NA,NA,NA,NA,NA,NA,NA,NA,NA,NA,NA,NA,NA,NA,NA,NA,NA,NA,NA,NA,NA,NA,NA,NA,NA,NA,NA,NA,NA,NA,NA,NA,NA,NA,NA,NA,NA,NA,NA,NA,NA,NA,NA,NA,NA,NA,NA,NA,NA,NA,NA,NA,NA
"FieldBlank2B_B",38,0,"FASMEE23","Blank","FieldBlank","CW/KOH",20241201,20250512,"LL","1000x","n/a","","FieldBlank2B","F23_C",NA,NA,NA,NA,"Blank",NA,NA,0,NA,NA,NA,NA,NA,0,0,0.15,0,0,0.25625,0,NA,0,NA,0,NA,NA,123050.78125,NA,NA,NA,NA,NA,NA,NA,NA,NA,NA,NA,NA,NA,NA,NA,NA,NA,NA,NA,NA,NA,NA,NA,NA,NA,NA,NA,NA,NA,NA,NA,NA,NA,NA,NA,NA,NA,NA,NA,NA,NA,NA,NA,NA,NA,NA,NA,NA,NA,NA,NA,NA,NA
"FieldBlank2B_B",39,0,"FASMEE23","Blank","FieldBlank","CW/KOH",20241201,20250512,"LL","1000x","n/a","","FieldBlank2B","F23_C",NA,NA,NA,NA,"Blank",NA,NA,0,NA,NA,NA,NA,NA,0,0,0.15,0,0,0.25625,0,NA,0,NA,0,NA,NA,123050.78125,NA,NA,NA,NA,NA,NA,NA,NA,NA,NA,NA,NA,NA,NA,NA,NA,NA,NA,NA,NA,NA,NA,NA,NA,NA,NA,NA,NA,NA,NA,NA,NA,NA,NA,NA,NA,NA,NA,NA,NA,NA,NA,NA,NA,NA,NA,NA,NA,NA,NA,NA,NA,NA
"FieldBlank2B_B",40,1,"FASMEE23","Blank","FieldBlank","CW/KOH",20241201,20250512,"LL","1000x","n/a","","FieldBlank2B","F23_C",NA,NA,NA,NA,"Blank",NA,NA,0,NA,NA,NA,NA,NA,0,0,0.15,0.85,0,0.25625,0.74375,NA,7225,Inf,5373.59375,Inf,NA,123050.78125,NA,NA,NA,NA,NA,NA,NA,NA,NA,NA,NA,NA,NA,NA,NA,NA,NA,NA,NA,NA,NA,NA,NA,NA,NA,NA,NA,NA,NA,NA,NA,NA,NA,NA,NA,NA,NA,NA,NA,NA,NA,NA,NA,NA,NA,NA,NA,NA,NA,NA,NA,NA,NA
"FieldBlank3B_B",1,0,"FASMEE23","Blank","FieldBlank","CW/KOH",20241201,20250512,"LL","1000x","n/a","","FieldBlank3B","F23_C",NA,NA,NA,NA,"Blank",NA,NA,0,NA,NA,NA,NA,NA,0,0,0.15,0,0,0.25625,0,NA,0,NA,0,NA,NA,123050.78125,NA,NA,NA,NA,NA,NA,NA,NA,NA,NA,NA,NA,NA,NA,NA,NA,NA,NA,NA,NA,NA,NA,NA,NA,NA,NA,NA,NA,NA,NA,NA,NA,NA,NA,NA,NA,NA,NA,NA,NA,NA,NA,NA,NA,NA,NA,NA,NA,NA,NA,NA,NA,NA
"FieldBlank3B_B",2,0,"FASMEE23","Blank","FieldBlank","CW/KOH",20241201,20250512,"LL","1000x","n/a","","FieldBlank3B","F23_C",NA,NA,NA,NA,"Blank",NA,NA,0,NA,NA,NA,NA,NA,0,0,0.15,0,0,0.25625,0,NA,0,NA,0,NA,NA,123050.78125,NA,NA,NA,NA,NA,NA,NA,NA,NA,NA,NA,NA,NA,NA,NA,NA,NA,NA,NA,NA,NA,NA,NA,NA,NA,NA,NA,NA,NA,NA,NA,NA,NA,NA,NA,NA,NA,NA,NA,NA,NA,NA,NA,NA,NA,NA,NA,NA,NA,NA,NA,NA,NA
"FieldBlank3B_B",3,0,"FASMEE23","Blank","FieldBlank","CW/KOH",20241201,20250512,"LL","1000x","n/a","","FieldBlank3B","F23_C",NA,NA,NA,NA,"Blank",NA,NA,0,NA,NA,NA,NA,NA,0,0,0.15,0,0,0.25625,0,NA,0,NA,0,NA,NA,123050.78125,NA,NA,NA,NA,NA,NA,NA,NA,NA,NA,NA,NA,NA,NA,NA,NA,NA,NA,NA,NA,NA,NA,NA,NA,NA,NA,NA,NA,NA,NA,NA,NA,NA,NA,NA,NA,NA,NA,NA,NA,NA,NA,NA,NA,NA,NA,NA,NA,NA,NA,NA,NA,NA
"FieldBlank3B_B",4,0,"FASMEE23","Blank","FieldBlank","CW/KOH",20241201,20250512,"LL","1000x","n/a","","FieldBlank3B","F23_C",NA,NA,NA,NA,"Blank",NA,NA,0,NA,NA,NA,NA,NA,0,0,0.15,0,0,0.25625,0,NA,0,NA,0,NA,NA,123050.78125,NA,NA,NA,NA,NA,NA,NA,NA,NA,NA,NA,NA,NA,NA,NA,NA,NA,NA,NA,NA,NA,NA,NA,NA,NA,NA,NA,NA,NA,NA,NA,NA,NA,NA,NA,NA,NA,NA,NA,NA,NA,NA,NA,NA,NA,NA,NA,NA,NA,NA,NA,NA,NA
"FieldBlank3B_B",5,0,"FASMEE23","Blank","FieldBlank","CW/KOH",20241201,20250512,"LL","1000x","n/a","","FieldBlank3B","F23_C",NA,NA,NA,NA,"Blank",NA,NA,0,NA,NA,NA,NA,NA,0,0,0.15,0,0,0.25625,0,NA,0,NA,0,NA,NA,123050.78125,NA,NA,NA,NA,NA,NA,NA,NA,NA,NA,NA,NA,NA,NA,NA,NA,NA,NA,NA,NA,NA,NA,NA,NA,NA,NA,NA,NA,NA,NA,NA,NA,NA,NA,NA,NA,NA,NA,NA,NA,NA,NA,NA,NA,NA,NA,NA,NA,NA,NA,NA,NA,NA
"FieldBlank3B_B",6,0,"FASMEE23","Blank","FieldBlank","CW/KOH",20241201,20250512,"LL","1000x","n/a","","FieldBlank3B","F23_C",NA,NA,NA,NA,"Blank",NA,NA,0,NA,NA,NA,NA,NA,0,0,0.15,0,0,0.25625,0,NA,0,NA,0,NA,NA,123050.78125,NA,NA,NA,NA,NA,NA,NA,NA,NA,NA,NA,NA,NA,NA,NA,NA,NA,NA,NA,NA,NA,NA,NA,NA,NA,NA,NA,NA,NA,NA,NA,NA,NA,NA,NA,NA,NA,NA,NA,NA,NA,NA,NA,NA,NA,NA,NA,NA,NA,NA,NA,NA,NA
"FieldBlank3B_B",7,0,"FASMEE23","Blank","FieldBlank","CW/KOH",20241201,20250512,"LL","1000x","n/a","","FieldBlank3B","F23_C",NA,NA,NA,NA,"Blank",NA,NA,0,NA,NA,NA,NA,NA,0,0,0.15,0,0,0.25625,0,NA,0,NA,0,NA,NA,123050.78125,NA,NA,NA,NA,NA,NA,NA,NA,NA,NA,NA,NA,NA,NA,NA,NA,NA,NA,NA,NA,NA,NA,NA,NA,NA,NA,NA,NA,NA,NA,NA,NA,NA,NA,NA,NA,NA,NA,NA,NA,NA,NA,NA,NA,NA,NA,NA,NA,NA,NA,NA,NA,NA
"FieldBlank3B_B",8,0,"FASMEE23","Blank","FieldBlank","CW/KOH",20241201,20250512,"LL","1000x","n/a","","FieldBlank3B","F23_C",NA,NA,NA,NA,"Blank",NA,NA,0,NA,NA,NA,NA,NA,0,0,0.15,0,0,0.25625,0,NA,0,NA,0,NA,NA,123050.78125,NA,NA,NA,NA,NA,NA,NA,NA,NA,NA,NA,NA,NA,NA,NA,NA,NA,NA,NA,NA,NA,NA,NA,NA,NA,NA,NA,NA,NA,NA,NA,NA,NA,NA,NA,NA,NA,NA,NA,NA,NA,NA,NA,NA,NA,NA,NA,NA,NA,NA,NA,NA,NA
"FieldBlank3B_B",9,0,"FASMEE23","Blank","FieldBlank","CW/KOH",20241201,20250512,"LL","1000x","n/a","","FieldBlank3B","F23_C",NA,NA,NA,NA,"Blank",NA,NA,0,NA,NA,NA,NA,NA,0,0,0.15,0,0,0.25625,0,NA,0,NA,0,NA,NA,123050.78125,NA,NA,NA,NA,NA,NA,NA,NA,NA,NA,NA,NA,NA,NA,NA,NA,NA,NA,NA,NA,NA,NA,NA,NA,NA,NA,NA,NA,NA,NA,NA,NA,NA,NA,NA,NA,NA,NA,NA,NA,NA,NA,NA,NA,NA,NA,NA,NA,NA,NA,NA,NA,NA
"FieldBlank3B_B",10,0,"FASMEE23","Blank","FieldBlank","CW/KOH",20241201,20250512,"LL","1000x","n/a","","FieldBlank3B","F23_C",NA,NA,NA,NA,"Blank",NA,NA,0,NA,NA,NA,NA,NA,0,0,0.15,0,0,0.25625,0,NA,0,NA,0,NA,NA,123050.78125,NA,NA,NA,NA,NA,NA,NA,NA,NA,NA,NA,NA,NA,NA,NA,NA,NA,NA,NA,NA,NA,NA,NA,NA,NA,NA,NA,NA,NA,NA,NA,NA,NA,NA,NA,NA,NA,NA,NA,NA,NA,NA,NA,NA,NA,NA,NA,NA,NA,NA,NA,NA,NA
"FieldBlank3B_B",11,0,"FASMEE23","Blank","FieldBlank","CW/KOH",20241201,20250512,"LL","1000x","n/a","","FieldBlank3B","F23_C",NA,NA,NA,NA,"Blank",NA,NA,0,NA,NA,NA,NA,NA,0,0,0.15,0,0,0.25625,0,NA,0,NA,0,NA,NA,123050.78125,NA,NA,NA,NA,NA,NA,NA,NA,NA,NA,NA,NA,NA,NA,NA,NA,NA,NA,NA,NA,NA,NA,NA,NA,NA,NA,NA,NA,NA,NA,NA,NA,NA,NA,NA,NA,NA,NA,NA,NA,NA,NA,NA,NA,NA,NA,NA,NA,NA,NA,NA,NA,NA
"FieldBlank3B_B",12,0,"FASMEE23","Blank","FieldBlank","CW/KOH",20241201,20250512,"LL","1000x","n/a","","FieldBlank3B","F23_C",NA,NA,NA,NA,"Blank",NA,NA,0,NA,NA,NA,NA,NA,0,0,0.15,0,0,0.25625,0,NA,0,NA,0,NA,NA,123050.78125,NA,NA,NA,NA,NA,NA,NA,NA,NA,NA,NA,NA,NA,NA,NA,NA,NA,NA,NA,NA,NA,NA,NA,NA,NA,NA,NA,NA,NA,NA,NA,NA,NA,NA,NA,NA,NA,NA,NA,NA,NA,NA,NA,NA,NA,NA,NA,NA,NA,NA,NA,NA,NA
"FieldBlank3B_B",13,0,"FASMEE23","Blank","FieldBlank","CW/KOH",20241201,20250512,"LL","1000x","n/a","","FieldBlank3B","F23_C",NA,NA,NA,NA,"Blank",NA,NA,0,NA,NA,NA,NA,NA,0,0,0.15,0,0,0.25625,0,NA,0,NA,0,NA,NA,123050.78125,NA,NA,NA,NA,NA,NA,NA,NA,NA,NA,NA,NA,NA,NA,NA,NA,NA,NA,NA,NA,NA,NA,NA,NA,NA,NA,NA,NA,NA,NA,NA,NA,NA,NA,NA,NA,NA,NA,NA,NA,NA,NA,NA,NA,NA,NA,NA,NA,NA,NA,NA,NA,NA
"FieldBlank3B_B",14,0,"FASMEE23","Blank","FieldBlank","CW/KOH",20241201,20250512,"LL","1000x","n/a","","FieldBlank3B","F23_C",NA,NA,NA,NA,"Blank",NA,NA,0,NA,NA,NA,NA,NA,0,0,0.15,0,0,0.25625,0,NA,0,NA,0,NA,NA,123050.78125,NA,NA,NA,NA,NA,NA,NA,NA,NA,NA,NA,NA,NA,NA,NA,NA,NA,NA,NA,NA,NA,NA,NA,NA,NA,NA,NA,NA,NA,NA,NA,NA,NA,NA,NA,NA,NA,NA,NA,NA,NA,NA,NA,NA,NA,NA,NA,NA,NA,NA,NA,NA,NA
"FieldBlank3B_B",15,0,"FASMEE23","Blank","FieldBlank","CW/KOH",20241201,20250512,"LL","1000x","n/a","","FieldBlank3B","F23_C",NA,NA,NA,NA,"Blank",NA,NA,0,NA,NA,NA,NA,NA,0,0,0.15,0,0,0.25625,0,NA,0,NA,0,NA,NA,123050.78125,NA,NA,NA,NA,NA,NA,NA,NA,NA,NA,NA,NA,NA,NA,NA,NA,NA,NA,NA,NA,NA,NA,NA,NA,NA,NA,NA,NA,NA,NA,NA,NA,NA,NA,NA,NA,NA,NA,NA,NA,NA,NA,NA,NA,NA,NA,NA,NA,NA,NA,NA,NA,NA
"FieldBlank3B_B",16,0,"FASMEE23","Blank","FieldBlank","CW/KOH",20241201,20250512,"LL","1000x","n/a","","FieldBlank3B","F23_C",NA,NA,NA,NA,"Blank",NA,NA,0,NA,NA,NA,NA,NA,0,0,0.15,0,0,0.25625,0,NA,0,NA,0,NA,NA,123050.78125,NA,NA,NA,NA,NA,NA,NA,NA,NA,NA,NA,NA,NA,NA,NA,NA,NA,NA,NA,NA,NA,NA,NA,NA,NA,NA,NA,NA,NA,NA,NA,NA,NA,NA,NA,NA,NA,NA,NA,NA,NA,NA,NA,NA,NA,NA,NA,NA,NA,NA,NA,NA,NA
"FieldBlank3B_B",17,0,"FASMEE23","Blank","FieldBlank","CW/KOH",20241201,20250512,"LL","1000x","n/a","","FieldBlank3B","F23_C",NA,NA,NA,NA,"Blank",NA,NA,0,NA,NA,NA,NA,NA,0,0,0.15,0,0,0.25625,0,NA,0,NA,0,NA,NA,123050.78125,NA,NA,NA,NA,NA,NA,NA,NA,NA,NA,NA,NA,NA,NA,NA,NA,NA,NA,NA,NA,NA,NA,NA,NA,NA,NA,NA,NA,NA,NA,NA,NA,NA,NA,NA,NA,NA,NA,NA,NA,NA,NA,NA,NA,NA,NA,NA,NA,NA,NA,NA,NA,NA
"FieldBlank3B_B",18,0,"FASMEE23","Blank","FieldBlank","CW/KOH",20241201,20250512,"LL","1000x","n/a","","FieldBlank3B","F23_C",NA,NA,NA,NA,"Blank",NA,NA,0,NA,NA,NA,NA,NA,0,0,0.15,0,0,0.25625,0,NA,0,NA,0,NA,NA,123050.78125,NA,NA,NA,NA,NA,NA,NA,NA,NA,NA,NA,NA,NA,NA,NA,NA,NA,NA,NA,NA,NA,NA,NA,NA,NA,NA,NA,NA,NA,NA,NA,NA,NA,NA,NA,NA,NA,NA,NA,NA,NA,NA,NA,NA,NA,NA,NA,NA,NA,NA,NA,NA,NA
"FieldBlank3B_B",19,0,"FASMEE23","Blank","FieldBlank","CW/KOH",20241201,20250512,"LL","1000x","n/a","","FieldBlank3B","F23_C",NA,NA,NA,NA,"Blank",NA,NA,0,NA,NA,NA,NA,NA,0,0,0.15,0,0,0.25625,0,NA,0,NA,0,NA,NA,123050.78125,NA,NA,NA,NA,NA,NA,NA,NA,NA,NA,NA,NA,NA,NA,NA,NA,NA,NA,NA,NA,NA,NA,NA,NA,NA,NA,NA,NA,NA,NA,NA,NA,NA,NA,NA,NA,NA,NA,NA,NA,NA,NA,NA,NA,NA,NA,NA,NA,NA,NA,NA,NA,NA
"FieldBlank3B_B",20,0,"FASMEE23","Blank","FieldBlank","CW/KOH",20241201,20250512,"LL","1000x","n/a","","FieldBlank3B","F23_C",NA,NA,NA,NA,"Blank",NA,NA,0,NA,NA,NA,NA,NA,0,0,0.15,0,0,0.25625,0,NA,0,NA,0,NA,NA,123050.78125,NA,NA,NA,NA,NA,NA,NA,NA,NA,NA,NA,NA,NA,NA,NA,NA,NA,NA,NA,NA,NA,NA,NA,NA,NA,NA,NA,NA,NA,NA,NA,NA,NA,NA,NA,NA,NA,NA,NA,NA,NA,NA,NA,NA,NA,NA,NA,NA,NA,NA,NA,NA,NA
"FieldBlank3B_B",21,0,"FASMEE23","Blank","FieldBlank","CW/KOH",20241201,20250512,"LL","1000x","n/a","","FieldBlank3B","F23_C",NA,NA,NA,NA,"Blank",NA,NA,0,NA,NA,NA,NA,NA,0,0,0.15,0,0,0.25625,0,NA,0,NA,0,NA,NA,123050.78125,NA,NA,NA,NA,NA,NA,NA,NA,NA,NA,NA,NA,NA,NA,NA,NA,NA,NA,NA,NA,NA,NA,NA,NA,NA,NA,NA,NA,NA,NA,NA,NA,NA,NA,NA,NA,NA,NA,NA,NA,NA,NA,NA,NA,NA,NA,NA,NA,NA,NA,NA,NA,NA
"FieldBlank3B_B",22,0,"FASMEE23","Blank","FieldBlank","CW/KOH",20241201,20250512,"LL","1000x","n/a","","FieldBlank3B","F23_C",NA,NA,NA,NA,"Blank",NA,NA,0,NA,NA,NA,NA,NA,0,0,0.15,0,0,0.25625,0,NA,0,NA,0,NA,NA,123050.78125,NA,NA,NA,NA,NA,NA,NA,NA,NA,NA,NA,NA,NA,NA,NA,NA,NA,NA,NA,NA,NA,NA,NA,NA,NA,NA,NA,NA,NA,NA,NA,NA,NA,NA,NA,NA,NA,NA,NA,NA,NA,NA,NA,NA,NA,NA,NA,NA,NA,NA,NA,NA,NA
"FieldBlank3B_B",23,0,"FASMEE23","Blank","FieldBlank","CW/KOH",20241201,20250512,"LL","1000x","n/a","","FieldBlank3B","F23_C",NA,NA,NA,NA,"Blank",NA,NA,0,NA,NA,NA,NA,NA,0,0,0.15,0,0,0.25625,0,NA,0,NA,0,NA,NA,123050.78125,NA,NA,NA,NA,NA,NA,NA,NA,NA,NA,NA,NA,NA,NA,NA,NA,NA,NA,NA,NA,NA,NA,NA,NA,NA,NA,NA,NA,NA,NA,NA,NA,NA,NA,NA,NA,NA,NA,NA,NA,NA,NA,NA,NA,NA,NA,NA,NA,NA,NA,NA,NA,NA
"FieldBlank3B_B",24,0,"FASMEE23","Blank","FieldBlank","CW/KOH",20241201,20250512,"LL","1000x","n/a","","FieldBlank3B","F23_C",NA,NA,NA,NA,"Blank",NA,NA,0,NA,NA,NA,NA,NA,0,0,0.15,0,0,0.25625,0,NA,0,NA,0,NA,NA,123050.78125,NA,NA,NA,NA,NA,NA,NA,NA,NA,NA,NA,NA,NA,NA,NA,NA,NA,NA,NA,NA,NA,NA,NA,NA,NA,NA,NA,NA,NA,NA,NA,NA,NA,NA,NA,NA,NA,NA,NA,NA,NA,NA,NA,NA,NA,NA,NA,NA,NA,NA,NA,NA,NA
"FieldBlank3B_B",25,0,"FASMEE23","Blank","FieldBlank","CW/KOH",20241201,20250512,"LL","1000x","n/a","","FieldBlank3B","F23_C",NA,NA,NA,NA,"Blank",NA,NA,0,NA,NA,NA,NA,NA,0,0,0.15,0,0,0.25625,0,NA,0,NA,0,NA,NA,123050.78125,NA,NA,NA,NA,NA,NA,NA,NA,NA,NA,NA,NA,NA,NA,NA,NA,NA,NA,NA,NA,NA,NA,NA,NA,NA,NA,NA,NA,NA,NA,NA,NA,NA,NA,NA,NA,NA,NA,NA,NA,NA,NA,NA,NA,NA,NA,NA,NA,NA,NA,NA,NA,NA
"FieldBlank3B_B",26,1,"FASMEE23","Blank","FieldBlank","CW/KOH",20241201,20250512,"LL","1000x","n/a","","FieldBlank3B","F23_C",NA,NA,NA,NA,"Blank",NA,NA,0,NA,NA,NA,NA,NA,0,0,0.15,0.85,0,0.25625,0.74375,NA,7225,Inf,5373.59375,Inf,NA,123050.78125,NA,NA,NA,NA,NA,NA,NA,NA,NA,NA,NA,NA,NA,NA,NA,NA,NA,NA,NA,NA,NA,NA,NA,NA,NA,NA,NA,NA,NA,NA,NA,NA,NA,NA,NA,NA,NA,NA,NA,NA,NA,NA,NA,NA,NA,NA,NA,NA,NA,NA,NA,NA,NA
"FieldBlank3B_B",27,0,"FASMEE23","Blank","FieldBlank","CW/KOH",20241201,20250512,"LL","1000x","n/a","","FieldBlank3B","F23_C",NA,NA,NA,NA,"Blank",NA,NA,0,NA,NA,NA,NA,NA,0,0,0.15,0,0,0.25625,0,NA,0,NA,0,NA,NA,123050.78125,NA,NA,NA,NA,NA,NA,NA,NA,NA,NA,NA,NA,NA,NA,NA,NA,NA,NA,NA,NA,NA,NA,NA,NA,NA,NA,NA,NA,NA,NA,NA,NA,NA,NA,NA,NA,NA,NA,NA,NA,NA,NA,NA,NA,NA,NA,NA,NA,NA,NA,NA,NA,NA
"FieldBlank3B_B",28,0,"FASMEE23","Blank","FieldBlank","CW/KOH",20241201,20250512,"LL","1000x","n/a","","FieldBlank3B","F23_C",NA,NA,NA,NA,"Blank",NA,NA,0,NA,NA,NA,NA,NA,0,0,0.15,0,0,0.25625,0,NA,0,NA,0,NA,NA,123050.78125,NA,NA,NA,NA,NA,NA,NA,NA,NA,NA,NA,NA,NA,NA,NA,NA,NA,NA,NA,NA,NA,NA,NA,NA,NA,NA,NA,NA,NA,NA,NA,NA,NA,NA,NA,NA,NA,NA,NA,NA,NA,NA,NA,NA,NA,NA,NA,NA,NA,NA,NA,NA,NA
"FieldBlank3B_B",29,0,"FASMEE23","Blank","FieldBlank","CW/KOH",20241201,20250512,"LL","1000x","n/a","","FieldBlank3B","F23_C",NA,NA,NA,NA,"Blank",NA,NA,0,NA,NA,NA,NA,NA,0,0,0.15,0,0,0.25625,0,NA,0,NA,0,NA,NA,123050.78125,NA,NA,NA,NA,NA,NA,NA,NA,NA,NA,NA,NA,NA,NA,NA,NA,NA,NA,NA,NA,NA,NA,NA,NA,NA,NA,NA,NA,NA,NA,NA,NA,NA,NA,NA,NA,NA,NA,NA,NA,NA,NA,NA,NA,NA,NA,NA,NA,NA,NA,NA,NA,NA
"FieldBlank3B_B",30,0,"FASMEE23","Blank","FieldBlank","CW/KOH",20241201,20250512,"LL","1000x","n/a","","FieldBlank3B","F23_C",NA,NA,NA,NA,"Blank",NA,NA,0,NA,NA,NA,NA,NA,0,0,0.15,0,0,0.25625,0,NA,0,NA,0,NA,NA,123050.78125,NA,NA,NA,NA,NA,NA,NA,NA,NA,NA,NA,NA,NA,NA,NA,NA,NA,NA,NA,NA,NA,NA,NA,NA,NA,NA,NA,NA,NA,NA,NA,NA,NA,NA,NA,NA,NA,NA,NA,NA,NA,NA,NA,NA,NA,NA,NA,NA,NA,NA,NA,NA,NA
"FieldBlank3B_B",31,0,"FASMEE23","Blank","FieldBlank","CW/KOH",20241201,20250512,"LL","1000x","n/a","","FieldBlank3B","F23_C",NA,NA,NA,NA,"Blank",NA,NA,0,NA,NA,NA,NA,NA,0,0,0.15,0,0,0.25625,0,NA,0,NA,0,NA,NA,123050.78125,NA,NA,NA,NA,NA,NA,NA,NA,NA,NA,NA,NA,NA,NA,NA,NA,NA,NA,NA,NA,NA,NA,NA,NA,NA,NA,NA,NA,NA,NA,NA,NA,NA,NA,NA,NA,NA,NA,NA,NA,NA,NA,NA,NA,NA,NA,NA,NA,NA,NA,NA,NA,NA
"FieldBlank3B_B",32,0,"FASMEE23","Blank","FieldBlank","CW/KOH",20241201,20250512,"LL","1000x","n/a","","FieldBlank3B","F23_C",NA,NA,NA,NA,"Blank",NA,NA,0,NA,NA,NA,NA,NA,0,0,0.15,0,0,0.25625,0,NA,0,NA,0,NA,NA,123050.78125,NA,NA,NA,NA,NA,NA,NA,NA,NA,NA,NA,NA,NA,NA,NA,NA,NA,NA,NA,NA,NA,NA,NA,NA,NA,NA,NA,NA,NA,NA,NA,NA,NA,NA,NA,NA,NA,NA,NA,NA,NA,NA,NA,NA,NA,NA,NA,NA,NA,NA,NA,NA,NA
"FieldBlank3B_B",33,0,"FASMEE23","Blank","FieldBlank","CW/KOH",20241201,20250512,"LL","1000x","n/a","","FieldBlank3B","F23_C",NA,NA,NA,NA,"Blank",NA,NA,0,NA,NA,NA,NA,NA,0,0,0.15,0,0,0.25625,0,NA,0,NA,0,NA,NA,123050.78125,NA,NA,NA,NA,NA,NA,NA,NA,NA,NA,NA,NA,NA,NA,NA,NA,NA,NA,NA,NA,NA,NA,NA,NA,NA,NA,NA,NA,NA,NA,NA,NA,NA,NA,NA,NA,NA,NA,NA,NA,NA,NA,NA,NA,NA,NA,NA,NA,NA,NA,NA,NA,NA
"FieldBlank3B_B",34,0,"FASMEE23","Blank","FieldBlank","CW/KOH",20241201,20250512,"LL","1000x","n/a","","FieldBlank3B","F23_C",NA,NA,NA,NA,"Blank",NA,NA,0,NA,NA,NA,NA,NA,0,0,0.15,0,0,0.25625,0,NA,0,NA,0,NA,NA,123050.78125,NA,NA,NA,NA,NA,NA,NA,NA,NA,NA,NA,NA,NA,NA,NA,NA,NA,NA,NA,NA,NA,NA,NA,NA,NA,NA,NA,NA,NA,NA,NA,NA,NA,NA,NA,NA,NA,NA,NA,NA,NA,NA,NA,NA,NA,NA,NA,NA,NA,NA,NA,NA,NA
"FieldBlank3B_B",35,0,"FASMEE23","Blank","FieldBlank","CW/KOH",20241201,20250512,"LL","1000x","n/a","","FieldBlank3B","F23_C",NA,NA,NA,NA,"Blank",NA,NA,0,NA,NA,NA,NA,NA,0,0,0.15,0,0,0.25625,0,NA,0,NA,0,NA,NA,123050.78125,NA,NA,NA,NA,NA,NA,NA,NA,NA,NA,NA,NA,NA,NA,NA,NA,NA,NA,NA,NA,NA,NA,NA,NA,NA,NA,NA,NA,NA,NA,NA,NA,NA,NA,NA,NA,NA,NA,NA,NA,NA,NA,NA,NA,NA,NA,NA,NA,NA,NA,NA,NA,NA
"FieldBlank3B_B",36,0,"FASMEE23","Blank","FieldBlank","CW/KOH",20241201,20250512,"LL","1000x","n/a","","FieldBlank3B","F23_C",NA,NA,NA,NA,"Blank",NA,NA,0,NA,NA,NA,NA,NA,0,0,0.15,0,0,0.25625,0,NA,0,NA,0,NA,NA,123050.78125,NA,NA,NA,NA,NA,NA,NA,NA,NA,NA,NA,NA,NA,NA,NA,NA,NA,NA,NA,NA,NA,NA,NA,NA,NA,NA,NA,NA,NA,NA,NA,NA,NA,NA,NA,NA,NA,NA,NA,NA,NA,NA,NA,NA,NA,NA,NA,NA,NA,NA,NA,NA,NA
"FieldBlank3B_B",37,1,"FASMEE23","Blank","FieldBlank","CW/KOH",20241201,20250512,"LL","1000x","n/a","","FieldBlank3B","F23_C",NA,NA,NA,NA,"Blank",NA,NA,0,NA,NA,NA,NA,NA,0,0,0.15,0.85,0,0.25625,0.74375,NA,7225,Inf,5373.59375,Inf,NA,123050.78125,NA,NA,NA,NA,NA,NA,NA,NA,NA,NA,NA,NA,NA,NA,NA,NA,NA,NA,NA,NA,NA,NA,NA,NA,NA,NA,NA,NA,NA,NA,NA,NA,NA,NA,NA,NA,NA,NA,NA,NA,NA,NA,NA,NA,NA,NA,NA,NA,NA,NA,NA,NA,NA
"FieldBlank3B_B",38,0,"FASMEE23","Blank","FieldBlank","CW/KOH",20241201,20250512,"LL","1000x","n/a","","FieldBlank3B","F23_C",NA,NA,NA,NA,"Blank",NA,NA,0,NA,NA,NA,NA,NA,0,0,0.15,0,0,0.25625,0,NA,0,NA,0,NA,NA,123050.78125,NA,NA,NA,NA,NA,NA,NA,NA,NA,NA,NA,NA,NA,NA,NA,NA,NA,NA,NA,NA,NA,NA,NA,NA,NA,NA,NA,NA,NA,NA,NA,NA,NA,NA,NA,NA,NA,NA,NA,NA,NA,NA,NA,NA,NA,NA,NA,NA,NA,NA,NA,NA,NA
"FieldBlank3B_B",39,0,"FASMEE23","Blank","FieldBlank","CW/KOH",20241201,20250512,"LL","1000x","n/a","","FieldBlank3B","F23_C",NA,NA,NA,NA,"Blank",NA,NA,0,NA,NA,NA,NA,NA,0,0,0.15,0,0,0.25625,0,NA,0,NA,0,NA,NA,123050.78125,NA,NA,NA,NA,NA,NA,NA,NA,NA,NA,NA,NA,NA,NA,NA,NA,NA,NA,NA,NA,NA,NA,NA,NA,NA,NA,NA,NA,NA,NA,NA,NA,NA,NA,NA,NA,NA,NA,NA,NA,NA,NA,NA,NA,NA,NA,NA,NA,NA,NA,NA,NA,NA
"FieldBlank3B_B",40,0,"FASMEE23","Blank","FieldBlank","CW/KOH",20241201,20250512,"LL","1000x","n/a","","FieldBlank3B","F23_C",NA,NA,NA,NA,"Blank",NA,NA,0,NA,NA,NA,NA,NA,0,0,0.15,0,0,0.25625,0,NA,0,NA,0,NA,NA,123050.78125,NA,NA,NA,NA,NA,NA,NA,NA,NA,NA,NA,NA,NA,NA,NA,NA,NA,NA,NA,NA,NA,NA,NA,NA,NA,NA,NA,NA,NA,NA,NA,NA,NA,NA,NA,NA,NA,NA,NA,NA,NA,NA,NA,NA,NA,NA,NA,NA,NA,NA,NA,NA,NA
"FieldBlank4B_B",1,0,"FASMEE23","Blank","FieldBlank","CW/KOH",20241201,20250512,"LL","1000x","n/a","","FieldBlank4B","F23_C",NA,NA,NA,NA,"Blank",NA,NA,0,NA,NA,NA,NA,NA,0,0,0.15,0,0,0.25625,0,NA,0,NA,0,NA,NA,123050.78125,NA,NA,NA,NA,NA,NA,NA,NA,NA,NA,NA,NA,NA,NA,NA,NA,NA,NA,NA,NA,NA,NA,NA,NA,NA,NA,NA,NA,NA,NA,NA,NA,NA,NA,NA,NA,NA,NA,NA,NA,NA,NA,NA,NA,NA,NA,NA,NA,NA,NA,NA,NA,NA
"FieldBlank4B_B",2,1,"FASMEE23","Blank","FieldBlank","CW/KOH",20241201,20250512,"LL","1000x","n/a","","FieldBlank4B","F23_C",NA,NA,NA,NA,"Blank",NA,NA,0,NA,NA,NA,NA,NA,0,0,0.15,0.85,0,0.25625,0.74375,NA,7225,Inf,5373.59375,Inf,NA,123050.78125,NA,NA,NA,NA,NA,NA,NA,NA,NA,NA,NA,NA,NA,NA,NA,NA,NA,NA,NA,NA,NA,NA,NA,NA,NA,NA,NA,NA,NA,NA,NA,NA,NA,NA,NA,NA,NA,NA,NA,NA,NA,NA,NA,NA,NA,NA,NA,NA,NA,NA,NA,NA,NA
"FieldBlank4B_B",3,0,"FASMEE23","Blank","FieldBlank","CW/KOH",20241201,20250512,"LL","1000x","n/a","","FieldBlank4B","F23_C",NA,NA,NA,NA,"Blank",NA,NA,0,NA,NA,NA,NA,NA,0,0,0.15,0,0,0.25625,0,NA,0,NA,0,NA,NA,123050.78125,NA,NA,NA,NA,NA,NA,NA,NA,NA,NA,NA,NA,NA,NA,NA,NA,NA,NA,NA,NA,NA,NA,NA,NA,NA,NA,NA,NA,NA,NA,NA,NA,NA,NA,NA,NA,NA,NA,NA,NA,NA,NA,NA,NA,NA,NA,NA,NA,NA,NA,NA,NA,NA
"FieldBlank4B_B",4,0,"FASMEE23","Blank","FieldBlank","CW/KOH",20241201,20250512,"LL","1000x","n/a","","FieldBlank4B","F23_C",NA,NA,NA,NA,"Blank",NA,NA,0,NA,NA,NA,NA,NA,0,0,0.15,0,0,0.25625,0,NA,0,NA,0,NA,NA,123050.78125,NA,NA,NA,NA,NA,NA,NA,NA,NA,NA,NA,NA,NA,NA,NA,NA,NA,NA,NA,NA,NA,NA,NA,NA,NA,NA,NA,NA,NA,NA,NA,NA,NA,NA,NA,NA,NA,NA,NA,NA,NA,NA,NA,NA,NA,NA,NA,NA,NA,NA,NA,NA,NA
"FieldBlank4B_B",5,0,"FASMEE23","Blank","FieldBlank","CW/KOH",20241201,20250512,"LL","1000x","n/a","","FieldBlank4B","F23_C",NA,NA,NA,NA,"Blank",NA,NA,0,NA,NA,NA,NA,NA,0,0,0.15,0,0,0.25625,0,NA,0,NA,0,NA,NA,123050.78125,NA,NA,NA,NA,NA,NA,NA,NA,NA,NA,NA,NA,NA,NA,NA,NA,NA,NA,NA,NA,NA,NA,NA,NA,NA,NA,NA,NA,NA,NA,NA,NA,NA,NA,NA,NA,NA,NA,NA,NA,NA,NA,NA,NA,NA,NA,NA,NA,NA,NA,NA,NA,NA
"FieldBlank4B_B",6,0,"FASMEE23","Blank","FieldBlank","CW/KOH",20241201,20250512,"LL","1000x","n/a","","FieldBlank4B","F23_C",NA,NA,NA,NA,"Blank",NA,NA,0,NA,NA,NA,NA,NA,0,0,0.15,0,0,0.25625,0,NA,0,NA,0,NA,NA,123050.78125,NA,NA,NA,NA,NA,NA,NA,NA,NA,NA,NA,NA,NA,NA,NA,NA,NA,NA,NA,NA,NA,NA,NA,NA,NA,NA,NA,NA,NA,NA,NA,NA,NA,NA,NA,NA,NA,NA,NA,NA,NA,NA,NA,NA,NA,NA,NA,NA,NA,NA,NA,NA,NA
"FieldBlank4B_B",7,0,"FASMEE23","Blank","FieldBlank","CW/KOH",20241201,20250512,"LL","1000x","n/a","","FieldBlank4B","F23_C",NA,NA,NA,NA,"Blank",NA,NA,0,NA,NA,NA,NA,NA,0,0,0.15,0,0,0.25625,0,NA,0,NA,0,NA,NA,123050.78125,NA,NA,NA,NA,NA,NA,NA,NA,NA,NA,NA,NA,NA,NA,NA,NA,NA,NA,NA,NA,NA,NA,NA,NA,NA,NA,NA,NA,NA,NA,NA,NA,NA,NA,NA,NA,NA,NA,NA,NA,NA,NA,NA,NA,NA,NA,NA,NA,NA,NA,NA,NA,NA
"FieldBlank4B_B",8,0,"FASMEE23","Blank","FieldBlank","CW/KOH",20241201,20250512,"LL","1000x","n/a","","FieldBlank4B","F23_C",NA,NA,NA,NA,"Blank",NA,NA,0,NA,NA,NA,NA,NA,0,0,0.15,0,0,0.25625,0,NA,0,NA,0,NA,NA,123050.78125,NA,NA,NA,NA,NA,NA,NA,NA,NA,NA,NA,NA,NA,NA,NA,NA,NA,NA,NA,NA,NA,NA,NA,NA,NA,NA,NA,NA,NA,NA,NA,NA,NA,NA,NA,NA,NA,NA,NA,NA,NA,NA,NA,NA,NA,NA,NA,NA,NA,NA,NA,NA,NA
"FieldBlank4B_B",9,0,"FASMEE23","Blank","FieldBlank","CW/KOH",20241201,20250512,"LL","1000x","n/a","","FieldBlank4B","F23_C",NA,NA,NA,NA,"Blank",NA,NA,0,NA,NA,NA,NA,NA,0,0,0.15,0,0,0.25625,0,NA,0,NA,0,NA,NA,123050.78125,NA,NA,NA,NA,NA,NA,NA,NA,NA,NA,NA,NA,NA,NA,NA,NA,NA,NA,NA,NA,NA,NA,NA,NA,NA,NA,NA,NA,NA,NA,NA,NA,NA,NA,NA,NA,NA,NA,NA,NA,NA,NA,NA,NA,NA,NA,NA,NA,NA,NA,NA,NA,NA
"FieldBlank4B_B",10,0,"FASMEE23","Blank","FieldBlank","CW/KOH",20241201,20250512,"LL","1000x","n/a","","FieldBlank4B","F23_C",NA,NA,NA,NA,"Blank",NA,NA,0,NA,NA,NA,NA,NA,0,0,0.15,0,0,0.25625,0,NA,0,NA,0,NA,NA,123050.78125,NA,NA,NA,NA,NA,NA,NA,NA,NA,NA,NA,NA,NA,NA,NA,NA,NA,NA,NA,NA,NA,NA,NA,NA,NA,NA,NA,NA,NA,NA,NA,NA,NA,NA,NA,NA,NA,NA,NA,NA,NA,NA,NA,NA,NA,NA,NA,NA,NA,NA,NA,NA,NA
"FieldBlank4B_B",11,0,"FASMEE23","Blank","FieldBlank","CW/KOH",20241201,20250512,"LL","1000x","n/a","","FieldBlank4B","F23_C",NA,NA,NA,NA,"Blank",NA,NA,0,NA,NA,NA,NA,NA,0,0,0.15,0,0,0.25625,0,NA,0,NA,0,NA,NA,123050.78125,NA,NA,NA,NA,NA,NA,NA,NA,NA,NA,NA,NA,NA,NA,NA,NA,NA,NA,NA,NA,NA,NA,NA,NA,NA,NA,NA,NA,NA,NA,NA,NA,NA,NA,NA,NA,NA,NA,NA,NA,NA,NA,NA,NA,NA,NA,NA,NA,NA,NA,NA,NA,NA
"FieldBlank4B_B",12,0,"FASMEE23","Blank","FieldBlank","CW/KOH",20241201,20250512,"LL","1000x","n/a","","FieldBlank4B","F23_C",NA,NA,NA,NA,"Blank",NA,NA,0,NA,NA,NA,NA,NA,0,0,0.15,0,0,0.25625,0,NA,0,NA,0,NA,NA,123050.78125,NA,NA,NA,NA,NA,NA,NA,NA,NA,NA,NA,NA,NA,NA,NA,NA,NA,NA,NA,NA,NA,NA,NA,NA,NA,NA,NA,NA,NA,NA,NA,NA,NA,NA,NA,NA,NA,NA,NA,NA,NA,NA,NA,NA,NA,NA,NA,NA,NA,NA,NA,NA,NA
"FieldBlank4B_B",13,0,"FASMEE23","Blank","FieldBlank","CW/KOH",20241201,20250512,"LL","1000x","n/a","","FieldBlank4B","F23_C",NA,NA,NA,NA,"Blank",NA,NA,0,NA,NA,NA,NA,NA,0,0,0.15,0,0,0.25625,0,NA,0,NA,0,NA,NA,123050.78125,NA,NA,NA,NA,NA,NA,NA,NA,NA,NA,NA,NA,NA,NA,NA,NA,NA,NA,NA,NA,NA,NA,NA,NA,NA,NA,NA,NA,NA,NA,NA,NA,NA,NA,NA,NA,NA,NA,NA,NA,NA,NA,NA,NA,NA,NA,NA,NA,NA,NA,NA,NA,NA
"FieldBlank4B_B",14,0,"FASMEE23","Blank","FieldBlank","CW/KOH",20241201,20250512,"LL","1000x","n/a","","FieldBlank4B","F23_C",NA,NA,NA,NA,"Blank",NA,NA,0,NA,NA,NA,NA,NA,0,0,0.15,0,0,0.25625,0,NA,0,NA,0,NA,NA,123050.78125,NA,NA,NA,NA,NA,NA,NA,NA,NA,NA,NA,NA,NA,NA,NA,NA,NA,NA,NA,NA,NA,NA,NA,NA,NA,NA,NA,NA,NA,NA,NA,NA,NA,NA,NA,NA,NA,NA,NA,NA,NA,NA,NA,NA,NA,NA,NA,NA,NA,NA,NA,NA,NA
"FieldBlank4B_B",15,0,"FASMEE23","Blank","FieldBlank","CW/KOH",20241201,20250512,"LL","1000x","n/a","","FieldBlank4B","F23_C",NA,NA,NA,NA,"Blank",NA,NA,0,NA,NA,NA,NA,NA,0,0,0.15,0,0,0.25625,0,NA,0,NA,0,NA,NA,123050.78125,NA,NA,NA,NA,NA,NA,NA,NA,NA,NA,NA,NA,NA,NA,NA,NA,NA,NA,NA,NA,NA,NA,NA,NA,NA,NA,NA,NA,NA,NA,NA,NA,NA,NA,NA,NA,NA,NA,NA,NA,NA,NA,NA,NA,NA,NA,NA,NA,NA,NA,NA,NA,NA
"FieldBlank4B_B",16,0,"FASMEE23","Blank","FieldBlank","CW/KOH",20241201,20250512,"LL","1000x","n/a","","FieldBlank4B","F23_C",NA,NA,NA,NA,"Blank",NA,NA,0,NA,NA,NA,NA,NA,0,0,0.15,0,0,0.25625,0,NA,0,NA,0,NA,NA,123050.78125,NA,NA,NA,NA,NA,NA,NA,NA,NA,NA,NA,NA,NA,NA,NA,NA,NA,NA,NA,NA,NA,NA,NA,NA,NA,NA,NA,NA,NA,NA,NA,NA,NA,NA,NA,NA,NA,NA,NA,NA,NA,NA,NA,NA,NA,NA,NA,NA,NA,NA,NA,NA,NA
"FieldBlank4B_B",17,1,"FASMEE23","Blank","FieldBlank","CW/KOH",20241201,20250512,"LL","1000x","n/a","","FieldBlank4B","F23_C",NA,NA,NA,NA,"Blank",NA,NA,0,NA,NA,NA,NA,NA,0,0,0.15,0.85,0,0.25625,0.74375,NA,7225,Inf,5373.59375,Inf,NA,123050.78125,NA,NA,NA,NA,NA,NA,NA,NA,NA,NA,NA,NA,NA,NA,NA,NA,NA,NA,NA,NA,NA,NA,NA,NA,NA,NA,NA,NA,NA,NA,NA,NA,NA,NA,NA,NA,NA,NA,NA,NA,NA,NA,NA,NA,NA,NA,NA,NA,NA,NA,NA,NA,NA
"FieldBlank4B_B",18,0,"FASMEE23","Blank","FieldBlank","CW/KOH",20241201,20250512,"LL","1000x","n/a","","FieldBlank4B","F23_C",NA,NA,NA,NA,"Blank",NA,NA,0,NA,NA,NA,NA,NA,0,0,0.15,0,0,0.25625,0,NA,0,NA,0,NA,NA,123050.78125,NA,NA,NA,NA,NA,NA,NA,NA,NA,NA,NA,NA,NA,NA,NA,NA,NA,NA,NA,NA,NA,NA,NA,NA,NA,NA,NA,NA,NA,NA,NA,NA,NA,NA,NA,NA,NA,NA,NA,NA,NA,NA,NA,NA,NA,NA,NA,NA,NA,NA,NA,NA,NA
"FieldBlank4B_B",19,0,"FASMEE23","Blank","FieldBlank","CW/KOH",20241201,20250512,"LL","1000x","n/a","","FieldBlank4B","F23_C",NA,NA,NA,NA,"Blank",NA,NA,0,NA,NA,NA,NA,NA,0,0,0.15,0,0,0.25625,0,NA,0,NA,0,NA,NA,123050.78125,NA,NA,NA,NA,NA,NA,NA,NA,NA,NA,NA,NA,NA,NA,NA,NA,NA,NA,NA,NA,NA,NA,NA,NA,NA,NA,NA,NA,NA,NA,NA,NA,NA,NA,NA,NA,NA,NA,NA,NA,NA,NA,NA,NA,NA,NA,NA,NA,NA,NA,NA,NA,NA
"FieldBlank4B_B",20,0,"FASMEE23","Blank","FieldBlank","CW/KOH",20241201,20250512,"LL","1000x","n/a","","FieldBlank4B","F23_C",NA,NA,NA,NA,"Blank",NA,NA,0,NA,NA,NA,NA,NA,0,0,0.15,0,0,0.25625,0,NA,0,NA,0,NA,NA,123050.78125,NA,NA,NA,NA,NA,NA,NA,NA,NA,NA,NA,NA,NA,NA,NA,NA,NA,NA,NA,NA,NA,NA,NA,NA,NA,NA,NA,NA,NA,NA,NA,NA,NA,NA,NA,NA,NA,NA,NA,NA,NA,NA,NA,NA,NA,NA,NA,NA,NA,NA,NA,NA,NA
"FieldBlank4B_B",21,0,"FASMEE23","Blank","FieldBlank","CW/KOH",20241201,20250512,"LL","1000x","n/a","","FieldBlank4B","F23_C",NA,NA,NA,NA,"Blank",NA,NA,0,NA,NA,NA,NA,NA,0,0,0.15,0,0,0.25625,0,NA,0,NA,0,NA,NA,123050.78125,NA,NA,NA,NA,NA,NA,NA,NA,NA,NA,NA,NA,NA,NA,NA,NA,NA,NA,NA,NA,NA,NA,NA,NA,NA,NA,NA,NA,NA,NA,NA,NA,NA,NA,NA,NA,NA,NA,NA,NA,NA,NA,NA,NA,NA,NA,NA,NA,NA,NA,NA,NA,NA
"FieldBlank4B_B",22,0,"FASMEE23","Blank","FieldBlank","CW/KOH",20241201,20250512,"LL","1000x","n/a","","FieldBlank4B","F23_C",NA,NA,NA,NA,"Blank",NA,NA,0,NA,NA,NA,NA,NA,0,0,0.15,0,0,0.25625,0,NA,0,NA,0,NA,NA,123050.78125,NA,NA,NA,NA,NA,NA,NA,NA,NA,NA,NA,NA,NA,NA,NA,NA,NA,NA,NA,NA,NA,NA,NA,NA,NA,NA,NA,NA,NA,NA,NA,NA,NA,NA,NA,NA,NA,NA,NA,NA,NA,NA,NA,NA,NA,NA,NA,NA,NA,NA,NA,NA,NA
"FieldBlank4B_B",23,0,"FASMEE23","Blank","FieldBlank","CW/KOH",20241201,20250512,"LL","1000x","n/a","","FieldBlank4B","F23_C",NA,NA,NA,NA,"Blank",NA,NA,0,NA,NA,NA,NA,NA,0,0,0.15,0,0,0.25625,0,NA,0,NA,0,NA,NA,123050.78125,NA,NA,NA,NA,NA,NA,NA,NA,NA,NA,NA,NA,NA,NA,NA,NA,NA,NA,NA,NA,NA,NA,NA,NA,NA,NA,NA,NA,NA,NA,NA,NA,NA,NA,NA,NA,NA,NA,NA,NA,NA,NA,NA,NA,NA,NA,NA,NA,NA,NA,NA,NA,NA
"FieldBlank4B_B",24,0,"FASMEE23","Blank","FieldBlank","CW/KOH",20241201,20250512,"LL","1000x","n/a","","FieldBlank4B","F23_C",NA,NA,NA,NA,"Blank",NA,NA,0,NA,NA,NA,NA,NA,0,0,0.15,0,0,0.25625,0,NA,0,NA,0,NA,NA,123050.78125,NA,NA,NA,NA,NA,NA,NA,NA,NA,NA,NA,NA,NA,NA,NA,NA,NA,NA,NA,NA,NA,NA,NA,NA,NA,NA,NA,NA,NA,NA,NA,NA,NA,NA,NA,NA,NA,NA,NA,NA,NA,NA,NA,NA,NA,NA,NA,NA,NA,NA,NA,NA,NA
"FieldBlank4B_B",25,0,"FASMEE23","Blank","FieldBlank","CW/KOH",20241201,20250512,"LL","1000x","n/a","","FieldBlank4B","F23_C",NA,NA,NA,NA,"Blank",NA,NA,0,NA,NA,NA,NA,NA,0,0,0.15,0,0,0.25625,0,NA,0,NA,0,NA,NA,123050.78125,NA,NA,NA,NA,NA,NA,NA,NA,NA,NA,NA,NA,NA,NA,NA,NA,NA,NA,NA,NA,NA,NA,NA,NA,NA,NA,NA,NA,NA,NA,NA,NA,NA,NA,NA,NA,NA,NA,NA,NA,NA,NA,NA,NA,NA,NA,NA,NA,NA,NA,NA,NA,NA
"FieldBlank4B_B",26,0,"FASMEE23","Blank","FieldBlank","CW/KOH",20241201,20250512,"LL","1000x","n/a","","FieldBlank4B","F23_C",NA,NA,NA,NA,"Blank",NA,NA,0,NA,NA,NA,NA,NA,0,0,0.15,0,0,0.25625,0,NA,0,NA,0,NA,NA,123050.78125,NA,NA,NA,NA,NA,NA,NA,NA,NA,NA,NA,NA,NA,NA,NA,NA,NA,NA,NA,NA,NA,NA,NA,NA,NA,NA,NA,NA,NA,NA,NA,NA,NA,NA,NA,NA,NA,NA,NA,NA,NA,NA,NA,NA,NA,NA,NA,NA,NA,NA,NA,NA,NA
"FieldBlank4B_B",27,2,"FASMEE23","Blank","FieldBlank","CW/KOH",20241201,20250512,"LL","1000x","n/a","","FieldBlank4B","F23_C",NA,NA,NA,NA,"Blank",NA,NA,0,NA,NA,NA,NA,NA,0,0,0.15,1.85,0,0.25625,1.74375,NA,14450,Inf,12598.59375,Inf,NA,123050.78125,NA,NA,NA,NA,NA,NA,NA,NA,NA,NA,NA,NA,NA,NA,NA,NA,NA,NA,NA,NA,NA,NA,NA,NA,NA,NA,NA,NA,NA,NA,NA,NA,NA,NA,NA,NA,NA,NA,NA,NA,NA,NA,NA,NA,NA,NA,NA,NA,NA,NA,NA,NA,NA
"FieldBlank4B_B",28,0,"FASMEE23","Blank","FieldBlank","CW/KOH",20241201,20250512,"LL","1000x","n/a","","FieldBlank4B","F23_C",NA,NA,NA,NA,"Blank",NA,NA,0,NA,NA,NA,NA,NA,0,0,0.15,0,0,0.25625,0,NA,0,NA,0,NA,NA,123050.78125,NA,NA,NA,NA,NA,NA,NA,NA,NA,NA,NA,NA,NA,NA,NA,NA,NA,NA,NA,NA,NA,NA,NA,NA,NA,NA,NA,NA,NA,NA,NA,NA,NA,NA,NA,NA,NA,NA,NA,NA,NA,NA,NA,NA,NA,NA,NA,NA,NA,NA,NA,NA,NA
"FieldBlank4B_B",29,0,"FASMEE23","Blank","FieldBlank","CW/KOH",20241201,20250512,"LL","1000x","n/a","","FieldBlank4B","F23_C",NA,NA,NA,NA,"Blank",NA,NA,0,NA,NA,NA,NA,NA,0,0,0.15,0,0,0.25625,0,NA,0,NA,0,NA,NA,123050.78125,NA,NA,NA,NA,NA,NA,NA,NA,NA,NA,NA,NA,NA,NA,NA,NA,NA,NA,NA,NA,NA,NA,NA,NA,NA,NA,NA,NA,NA,NA,NA,NA,NA,NA,NA,NA,NA,NA,NA,NA,NA,NA,NA,NA,NA,NA,NA,NA,NA,NA,NA,NA,NA
"FieldBlank4B_B",30,0,"FASMEE23","Blank","FieldBlank","CW/KOH",20241201,20250512,"LL","1000x","n/a","","FieldBlank4B","F23_C",NA,NA,NA,NA,"Blank",NA,NA,0,NA,NA,NA,NA,NA,0,0,0.15,0,0,0.25625,0,NA,0,NA,0,NA,NA,123050.78125,NA,NA,NA,NA,NA,NA,NA,NA,NA,NA,NA,NA,NA,NA,NA,NA,NA,NA,NA,NA,NA,NA,NA,NA,NA,NA,NA,NA,NA,NA,NA,NA,NA,NA,NA,NA,NA,NA,NA,NA,NA,NA,NA,NA,NA,NA,NA,NA,NA,NA,NA,NA,NA
"FieldBlank4B_B",31,0,"FASMEE23","Blank","FieldBlank","CW/KOH",20241201,20250512,"LL","1000x","n/a","","FieldBlank4B","F23_C",NA,NA,NA,NA,"Blank",NA,NA,0,NA,NA,NA,NA,NA,0,0,0.15,0,0,0.25625,0,NA,0,NA,0,NA,NA,123050.78125,NA,NA,NA,NA,NA,NA,NA,NA,NA,NA,NA,NA,NA,NA,NA,NA,NA,NA,NA,NA,NA,NA,NA,NA,NA,NA,NA,NA,NA,NA,NA,NA,NA,NA,NA,NA,NA,NA,NA,NA,NA,NA,NA,NA,NA,NA,NA,NA,NA,NA,NA,NA,NA
"FieldBlank4B_B",32,0,"FASMEE23","Blank","FieldBlank","CW/KOH",20241201,20250512,"LL","1000x","n/a","","FieldBlank4B","F23_C",NA,NA,NA,NA,"Blank",NA,NA,0,NA,NA,NA,NA,NA,0,0,0.15,0,0,0.25625,0,NA,0,NA,0,NA,NA,123050.78125,NA,NA,NA,NA,NA,NA,NA,NA,NA,NA,NA,NA,NA,NA,NA,NA,NA,NA,NA,NA,NA,NA,NA,NA,NA,NA,NA,NA,NA,NA,NA,NA,NA,NA,NA,NA,NA,NA,NA,NA,NA,NA,NA,NA,NA,NA,NA,NA,NA,NA,NA,NA,NA
"FieldBlank4B_B",33,0,"FASMEE23","Blank","FieldBlank","CW/KOH",20241201,20250512,"LL","1000x","n/a","","FieldBlank4B","F23_C",NA,NA,NA,NA,"Blank",NA,NA,0,NA,NA,NA,NA,NA,0,0,0.15,0,0,0.25625,0,NA,0,NA,0,NA,NA,123050.78125,NA,NA,NA,NA,NA,NA,NA,NA,NA,NA,NA,NA,NA,NA,NA,NA,NA,NA,NA,NA,NA,NA,NA,NA,NA,NA,NA,NA,NA,NA,NA,NA,NA,NA,NA,NA,NA,NA,NA,NA,NA,NA,NA,NA,NA,NA,NA,NA,NA,NA,NA,NA,NA
"FieldBlank4B_B",34,0,"FASMEE23","Blank","FieldBlank","CW/KOH",20241201,20250512,"LL","1000x","n/a","","FieldBlank4B","F23_C",NA,NA,NA,NA,"Blank",NA,NA,0,NA,NA,NA,NA,NA,0,0,0.15,0,0,0.25625,0,NA,0,NA,0,NA,NA,123050.78125,NA,NA,NA,NA,NA,NA,NA,NA,NA,NA,NA,NA,NA,NA,NA,NA,NA,NA,NA,NA,NA,NA,NA,NA,NA,NA,NA,NA,NA,NA,NA,NA,NA,NA,NA,NA,NA,NA,NA,NA,NA,NA,NA,NA,NA,NA,NA,NA,NA,NA,NA,NA,NA
"FieldBlank4B_B",35,0,"FASMEE23","Blank","FieldBlank","CW/KOH",20241201,20250512,"LL","1000x","n/a","","FieldBlank4B","F23_C",NA,NA,NA,NA,"Blank",NA,NA,0,NA,NA,NA,NA,NA,0,0,0.15,0,0,0.25625,0,NA,0,NA,0,NA,NA,123050.78125,NA,NA,NA,NA,NA,NA,NA,NA,NA,NA,NA,NA,NA,NA,NA,NA,NA,NA,NA,NA,NA,NA,NA,NA,NA,NA,NA,NA,NA,NA,NA,NA,NA,NA,NA,NA,NA,NA,NA,NA,NA,NA,NA,NA,NA,NA,NA,NA,NA,NA,NA,NA,NA
"FieldBlank4B_B",36,0,"FASMEE23","Blank","FieldBlank","CW/KOH",20241201,20250512,"LL","1000x","n/a","","FieldBlank4B","F23_C",NA,NA,NA,NA,"Blank",NA,NA,0,NA,NA,NA,NA,NA,0,0,0.15,0,0,0.25625,0,NA,0,NA,0,NA,NA,123050.78125,NA,NA,NA,NA,NA,NA,NA,NA,NA,NA,NA,NA,NA,NA,NA,NA,NA,NA,NA,NA,NA,NA,NA,NA,NA,NA,NA,NA,NA,NA,NA,NA,NA,NA,NA,NA,NA,NA,NA,NA,NA,NA,NA,NA,NA,NA,NA,NA,NA,NA,NA,NA,NA
"FieldBlank4B_B",37,0,"FASMEE23","Blank","FieldBlank","CW/KOH",20241201,20250512,"LL","1000x","n/a","","FieldBlank4B","F23_C",NA,NA,NA,NA,"Blank",NA,NA,0,NA,NA,NA,NA,NA,0,0,0.15,0,0,0.25625,0,NA,0,NA,0,NA,NA,123050.78125,NA,NA,NA,NA,NA,NA,NA,NA,NA,NA,NA,NA,NA,NA,NA,NA,NA,NA,NA,NA,NA,NA,NA,NA,NA,NA,NA,NA,NA,NA,NA,NA,NA,NA,NA,NA,NA,NA,NA,NA,NA,NA,NA,NA,NA,NA,NA,NA,NA,NA,NA,NA,NA
"FieldBlank4B_B",38,0,"FASMEE23","Blank","FieldBlank","CW/KOH",20241201,20250512,"LL","1000x","n/a","","FieldBlank4B","F23_C",NA,NA,NA,NA,"Blank",NA,NA,0,NA,NA,NA,NA,NA,0,0,0.15,0,0,0.25625,0,NA,0,NA,0,NA,NA,123050.78125,NA,NA,NA,NA,NA,NA,NA,NA,NA,NA,NA,NA,NA,NA,NA,NA,NA,NA,NA,NA,NA,NA,NA,NA,NA,NA,NA,NA,NA,NA,NA,NA,NA,NA,NA,NA,NA,NA,NA,NA,NA,NA,NA,NA,NA,NA,NA,NA,NA,NA,NA,NA,NA
"FieldBlank4B_B",39,0,"FASMEE23","Blank","FieldBlank","CW/KOH",20241201,20250512,"LL","1000x","n/a","","FieldBlank4B","F23_C",NA,NA,NA,NA,"Blank",NA,NA,0,NA,NA,NA,NA,NA,0,0,0.15,0,0,0.25625,0,NA,0,NA,0,NA,NA,123050.78125,NA,NA,NA,NA,NA,NA,NA,NA,NA,NA,NA,NA,NA,NA,NA,NA,NA,NA,NA,NA,NA,NA,NA,NA,NA,NA,NA,NA,NA,NA,NA,NA,NA,NA,NA,NA,NA,NA,NA,NA,NA,NA,NA,NA,NA,NA,NA,NA,NA,NA,NA,NA,NA
"FieldBlank4B_B",40,0,"FASMEE23","Blank","FieldBlank","CW/KOH",20241201,20250512,"LL","1000x","n/a","","FieldBlank4B","F23_C",NA,NA,NA,NA,"Blank",NA,NA,0,NA,NA,NA,NA,NA,0,0,0.15,0,0,0.25625,0,NA,0,NA,0,NA,NA,123050.78125,NA,NA,NA,NA,NA,NA,NA,NA,NA,NA,NA,NA,NA,NA,NA,NA,NA,NA,NA,NA,NA,NA,NA,NA,NA,NA,NA,NA,NA,NA,NA,NA,NA,NA,NA,NA,NA,NA,NA,NA,NA,NA,NA,NA,NA,NA,NA,NA,NA,NA,NA,NA,NA
"B5B_B",1,0,"FASMEE23","Button","Smoke","CW/KOH",20240505,20250506,"LL","1000x","106-107","","B5B","F23_A",2023-10-09,2023-10-09 14:54:00,2023-10-09 20:54:00,2,"Blue","PTFE",4,60,15,2023-10-09 20:54:00,2023-10-09 21:09:00,"Tons of smoke, probably best sample","B5",30,0.03,0.2,0,-3.50655789731998,0.30625,0,5,0,0,0,0,0,123050.78125,3103.14515205286,2932.4884253125,7815.8196078125,194.019761904762,217.1475,367.875,1917.98297619048,1852.75,4665.25,15.1785714285714,15.5555555555556,17.2222222222222,11.6666666666667,22.452380952381,22,21,26,3.5190117864711,3.52343484519426,4.17015860168985,2.80102987605014,33028.605,32110.7275,23311.6875,3647.1875,680.895,359.75,87614.52,93144.745,94353.6625,95216.85,7.98360663348233,"Hazardous","High",322.174432012725,291.175399446569,1054.07936790501,105.517683963091,582.755660846674,886.417688767653,70.6668673551349,92.0002656892252,119.499623739225,0.848064293202289,0.865044227490499,331.606761535804,663.213523071608,0.663213523071608,0.000663213523071608,6.63213523071608e-07,0,0,0
"B5B_B",2,0,"FASMEE23","Button","Smoke","CW/KOH",20240505,20250506,"LL","1000x","106-107","","B5B","F23_A",2023-10-09,2023-10-09 14:54:00,2023-10-09 20:54:00,2,"Blue","PTFE",4,60,15,2023-10-09 20:54:00,2023-10-09 21:09:00,"Tons of smoke, probably best sample","B5",30,0.03,0.2,0,-3.50655789731998,0.30625,0,5,0,0,0,0,0,123050.78125,3103.14515205286,2932.4884253125,7815.8196078125,194.019761904762,217.1475,367.875,1917.98297619048,1852.75,4665.25,15.1785714285714,15.5555555555556,17.2222222222222,11.6666666666667,22.452380952381,22,21,26,3.5190117864711,3.52343484519426,4.17015860168985,2.80102987605014,33028.605,32110.7275,23311.6875,3647.1875,680.895,359.75,87614.52,93144.745,94353.6625,95216.85,7.98360663348233,"Hazardous","High",322.174432012725,291.175399446569,1054.07936790501,105.517683963091,582.755660846674,886.417688767653,70.6668673551349,92.0002656892252,119.499623739225,0.848064293202289,0.865044227490499,331.606761535804,663.213523071608,0.663213523071608,0.000663213523071608,6.63213523071608e-07,0,0,0
"B5B_B",3,1,"FASMEE23","Button","Smoke","CW/KOH",20240505,20250506,"LL","1000x","106-107","","B5B","F23_A",2023-10-09,2023-10-09 14:54:00,2023-10-09 20:54:00,2,"Blue","PTFE",4,60,15,2023-10-09 20:54:00,2023-10-09 21:09:00,"Tons of smoke, probably best sample","B5",30,0.03,0.2,0.8,-3.50655789731998,0.30625,0.69375,5,7225,240833.333333333,5012.34375,167078.125,54201.611328125,123050.78125,3103.14515205286,2932.4884253125,7815.8196078125,194.019761904762,217.1475,367.875,1917.98297619048,1852.75,4665.25,15.1785714285714,15.5555555555556,17.2222222222222,11.6666666666667,22.452380952381,22,21,26,3.5190117864711,3.52343484519426,4.17015860168985,2.80102987605014,33028.605,32110.7275,23311.6875,3647.1875,680.895,359.75,87614.52,93144.745,94353.6625,95216.85,7.98360663348233,"Hazardous","High",322.174432012725,291.175399446569,1054.07936790501,105.517683963091,582.755660846674,886.417688767653,70.6668673551349,92.0002656892252,119.499623739225,0.848064293202289,0.865044227490499,331.606761535804,663.213523071608,0.663213523071608,0.000663213523071608,6.63213523071608e-07,81725733029.5311,81725733.0295311,81.7257330295311
"B5B_B",4,0,"FASMEE23","Button","Smoke","CW/KOH",20240505,20250506,"LL","1000x","106-107","","B5B","F23_A",2023-10-09,2023-10-09 14:54:00,2023-10-09 20:54:00,2,"Blue","PTFE",4,60,15,2023-10-09 20:54:00,2023-10-09 21:09:00,"Tons of smoke, probably best sample","B5",30,0.03,0.2,0,-3.50655789731998,0.30625,0,5,0,0,0,0,0,123050.78125,3103.14515205286,2932.4884253125,7815.8196078125,194.019761904762,217.1475,367.875,1917.98297619048,1852.75,4665.25,15.1785714285714,15.5555555555556,17.2222222222222,11.6666666666667,22.452380952381,22,21,26,3.5190117864711,3.52343484519426,4.17015860168985,2.80102987605014,33028.605,32110.7275,23311.6875,3647.1875,680.895,359.75,87614.52,93144.745,94353.6625,95216.85,7.98360663348233,"Hazardous","High",322.174432012725,291.175399446569,1054.07936790501,105.517683963091,582.755660846674,886.417688767653,70.6668673551349,92.0002656892252,119.499623739225,0.848064293202289,0.865044227490499,331.606761535804,663.213523071608,0.663213523071608,0.000663213523071608,6.63213523071608e-07,0,0,0
"B5B_B",5,0,"FASMEE23","Button","Smoke","CW/KOH",20240505,20250506,"LL","1000x","106-107","","B5B","F23_A",2023-10-09,2023-10-09 14:54:00,2023-10-09 20:54:00,2,"Blue","PTFE",4,60,15,2023-10-09 20:54:00,2023-10-09 21:09:00,"Tons of smoke, probably best sample","B5",30,0.03,0.2,0,-3.50655789731998,0.30625,0,5,0,0,0,0,0,123050.78125,3103.14515205286,2932.4884253125,7815.8196078125,194.019761904762,217.1475,367.875,1917.98297619048,1852.75,4665.25,15.1785714285714,15.5555555555556,17.2222222222222,11.6666666666667,22.452380952381,22,21,26,3.5190117864711,3.52343484519426,4.17015860168985,2.80102987605014,33028.605,32110.7275,23311.6875,3647.1875,680.895,359.75,87614.52,93144.745,94353.6625,95216.85,7.98360663348233,"Hazardous","High",322.174432012725,291.175399446569,1054.07936790501,105.517683963091,582.755660846674,886.417688767653,70.6668673551349,92.0002656892252,119.499623739225,0.848064293202289,0.865044227490499,331.606761535804,663.213523071608,0.663213523071608,0.000663213523071608,6.63213523071608e-07,0,0,0
"B5B_B",6,0,"FASMEE23","Button","Smoke","CW/KOH",20240505,20250506,"LL","1000x","106-107","","B5B","F23_A",2023-10-09,2023-10-09 14:54:00,2023-10-09 20:54:00,2,"Blue","PTFE",4,60,15,2023-10-09 20:54:00,2023-10-09 21:09:00,"Tons of smoke, probably best sample","B5",30,0.03,0.2,0,-3.50655789731998,0.30625,0,5,0,0,0,0,0,123050.78125,3103.14515205286,2932.4884253125,7815.8196078125,194.019761904762,217.1475,367.875,1917.98297619048,1852.75,4665.25,15.1785714285714,15.5555555555556,17.2222222222222,11.6666666666667,22.452380952381,22,21,26,3.5190117864711,3.52343484519426,4.17015860168985,2.80102987605014,33028.605,32110.7275,23311.6875,3647.1875,680.895,359.75,87614.52,93144.745,94353.6625,95216.85,7.98360663348233,"Hazardous","High",322.174432012725,291.175399446569,1054.07936790501,105.517683963091,582.755660846674,886.417688767653,70.6668673551349,92.0002656892252,119.499623739225,0.848064293202289,0.865044227490499,331.606761535804,663.213523071608,0.663213523071608,0.000663213523071608,6.63213523071608e-07,0,0,0
"B5B_B",7,1,"FASMEE23","Button","Smoke","CW/KOH",20240505,20250506,"LL","1000x","106-107","","B5B","F23_A",2023-10-09,2023-10-09 14:54:00,2023-10-09 20:54:00,2,"Blue","PTFE",4,60,15,2023-10-09 20:54:00,2023-10-09 21:09:00,"Tons of smoke, probably best sample","B5",30,0.03,0.2,0.8,-3.50655789731998,0.30625,0.69375,5,7225,240833.333333333,5012.34375,167078.125,54201.611328125,123050.78125,3103.14515205286,2932.4884253125,7815.8196078125,194.019761904762,217.1475,367.875,1917.98297619048,1852.75,4665.25,15.1785714285714,15.5555555555556,17.2222222222222,11.6666666666667,22.452380952381,22,21,26,3.5190117864711,3.52343484519426,4.17015860168985,2.80102987605014,33028.605,32110.7275,23311.6875,3647.1875,680.895,359.75,87614.52,93144.745,94353.6625,95216.85,7.98360663348233,"Hazardous","High",322.174432012725,291.175399446569,1054.07936790501,105.517683963091,582.755660846674,886.417688767653,70.6668673551349,92.0002656892252,119.499623739225,0.848064293202289,0.865044227490499,331.606761535804,663.213523071608,0.663213523071608,0.000663213523071608,6.63213523071608e-07,81725733029.5311,81725733.0295311,81.7257330295311
"B5B_B",8,0,"FASMEE23","Button","Smoke","CW/KOH",20240505,20250506,"LL","1000x","106-107","","B5B","F23_A",2023-10-09,2023-10-09 14:54:00,2023-10-09 20:54:00,2,"Blue","PTFE",4,60,15,2023-10-09 20:54:00,2023-10-09 21:09:00,"Tons of smoke, probably best sample","B5",30,0.03,0.2,0,-3.50655789731998,0.30625,0,5,0,0,0,0,0,123050.78125,3103.14515205286,2932.4884253125,7815.8196078125,194.019761904762,217.1475,367.875,1917.98297619048,1852.75,4665.25,15.1785714285714,15.5555555555556,17.2222222222222,11.6666666666667,22.452380952381,22,21,26,3.5190117864711,3.52343484519426,4.17015860168985,2.80102987605014,33028.605,32110.7275,23311.6875,3647.1875,680.895,359.75,87614.52,93144.745,94353.6625,95216.85,7.98360663348233,"Hazardous","High",322.174432012725,291.175399446569,1054.07936790501,105.517683963091,582.755660846674,886.417688767653,70.6668673551349,92.0002656892252,119.499623739225,0.848064293202289,0.865044227490499,331.606761535804,663.213523071608,0.663213523071608,0.000663213523071608,6.63213523071608e-07,0,0,0
"B5B_B",9,0,"FASMEE23","Button","Smoke","CW/KOH",20240505,20250506,"LL","1000x","106-107","","B5B","F23_A",2023-10-09,2023-10-09 14:54:00,2023-10-09 20:54:00,2,"Blue","PTFE",4,60,15,2023-10-09 20:54:00,2023-10-09 21:09:00,"Tons of smoke, probably best sample","B5",30,0.03,0.2,0,-3.50655789731998,0.30625,0,5,0,0,0,0,0,123050.78125,3103.14515205286,2932.4884253125,7815.8196078125,194.019761904762,217.1475,367.875,1917.98297619048,1852.75,4665.25,15.1785714285714,15.5555555555556,17.2222222222222,11.6666666666667,22.452380952381,22,21,26,3.5190117864711,3.52343484519426,4.17015860168985,2.80102987605014,33028.605,32110.7275,23311.6875,3647.1875,680.895,359.75,87614.52,93144.745,94353.6625,95216.85,7.98360663348233,"Hazardous","High",322.174432012725,291.175399446569,1054.07936790501,105.517683963091,582.755660846674,886.417688767653,70.6668673551349,92.0002656892252,119.499623739225,0.848064293202289,0.865044227490499,331.606761535804,663.213523071608,0.663213523071608,0.000663213523071608,6.63213523071608e-07,0,0,0
"B5B_B",10,1,"FASMEE23","Button","Smoke","CW/KOH",20240505,20250506,"LL","1000x","106-107","","B5B","F23_A",2023-10-09,2023-10-09 14:54:00,2023-10-09 20:54:00,2,"Blue","PTFE",4,60,15,2023-10-09 20:54:00,2023-10-09 21:09:00,"Tons of smoke, probably best sample","B5",30,0.03,0.2,0.8,-3.50655789731998,0.30625,0.69375,5,7225,240833.333333333,5012.34375,167078.125,54201.611328125,123050.78125,3103.14515205286,2932.4884253125,7815.8196078125,194.019761904762,217.1475,367.875,1917.98297619048,1852.75,4665.25,15.1785714285714,15.5555555555556,17.2222222222222,11.6666666666667,22.452380952381,22,21,26,3.5190117864711,3.52343484519426,4.17015860168985,2.80102987605014,33028.605,32110.7275,23311.6875,3647.1875,680.895,359.75,87614.52,93144.745,94353.6625,95216.85,7.98360663348233,"Hazardous","High",322.174432012725,291.175399446569,1054.07936790501,105.517683963091,582.755660846674,886.417688767653,70.6668673551349,92.0002656892252,119.499623739225,0.848064293202289,0.865044227490499,331.606761535804,663.213523071608,0.663213523071608,0.000663213523071608,6.63213523071608e-07,81725733029.5311,81725733.0295311,81.7257330295311
"B5B_B",11,1,"FASMEE23","Button","Smoke","CW/KOH",20240505,20250506,"LL","1000x","106-107","","B5B","F23_A",2023-10-09,2023-10-09 14:54:00,2023-10-09 20:54:00,2,"Blue","PTFE",4,60,15,2023-10-09 20:54:00,2023-10-09 21:09:00,"Tons of smoke, probably best sample","B5",30,0.03,0.2,0.8,-3.50655789731998,0.30625,0.69375,5,7225,240833.333333333,5012.34375,167078.125,54201.611328125,123050.78125,3103.14515205286,2932.4884253125,7815.8196078125,194.019761904762,217.1475,367.875,1917.98297619048,1852.75,4665.25,15.1785714285714,15.5555555555556,17.2222222222222,11.6666666666667,22.452380952381,22,21,26,3.5190117864711,3.52343484519426,4.17015860168985,2.80102987605014,33028.605,32110.7275,23311.6875,3647.1875,680.895,359.75,87614.52,93144.745,94353.6625,95216.85,7.98360663348233,"Hazardous","High",322.174432012725,291.175399446569,1054.07936790501,105.517683963091,582.755660846674,886.417688767653,70.6668673551349,92.0002656892252,119.499623739225,0.848064293202289,0.865044227490499,331.606761535804,663.213523071608,0.663213523071608,0.000663213523071608,6.63213523071608e-07,81725733029.5311,81725733.0295311,81.7257330295311
"B5B_B",12,0,"FASMEE23","Button","Smoke","CW/KOH",20240505,20250506,"LL","1000x","106-107","","B5B","F23_A",2023-10-09,2023-10-09 14:54:00,2023-10-09 20:54:00,2,"Blue","PTFE",4,60,15,2023-10-09 20:54:00,2023-10-09 21:09:00,"Tons of smoke, probably best sample","B5",30,0.03,0.2,0,-3.50655789731998,0.30625,0,5,0,0,0,0,0,123050.78125,3103.14515205286,2932.4884253125,7815.8196078125,194.019761904762,217.1475,367.875,1917.98297619048,1852.75,4665.25,15.1785714285714,15.5555555555556,17.2222222222222,11.6666666666667,22.452380952381,22,21,26,3.5190117864711,3.52343484519426,4.17015860168985,2.80102987605014,33028.605,32110.7275,23311.6875,3647.1875,680.895,359.75,87614.52,93144.745,94353.6625,95216.85,7.98360663348233,"Hazardous","High",322.174432012725,291.175399446569,1054.07936790501,105.517683963091,582.755660846674,886.417688767653,70.6668673551349,92.0002656892252,119.499623739225,0.848064293202289,0.865044227490499,331.606761535804,663.213523071608,0.663213523071608,0.000663213523071608,6.63213523071608e-07,0,0,0
"B5B_B",13,0,"FASMEE23","Button","Smoke","CW/KOH",20240505,20250506,"LL","1000x","106-107","","B5B","F23_A",2023-10-09,2023-10-09 14:54:00,2023-10-09 20:54:00,2,"Blue","PTFE",4,60,15,2023-10-09 20:54:00,2023-10-09 21:09:00,"Tons of smoke, probably best sample","B5",30,0.03,0.2,0,-3.50655789731998,0.30625,0,5,0,0,0,0,0,123050.78125,3103.14515205286,2932.4884253125,7815.8196078125,194.019761904762,217.1475,367.875,1917.98297619048,1852.75,4665.25,15.1785714285714,15.5555555555556,17.2222222222222,11.6666666666667,22.452380952381,22,21,26,3.5190117864711,3.52343484519426,4.17015860168985,2.80102987605014,33028.605,32110.7275,23311.6875,3647.1875,680.895,359.75,87614.52,93144.745,94353.6625,95216.85,7.98360663348233,"Hazardous","High",322.174432012725,291.175399446569,1054.07936790501,105.517683963091,582.755660846674,886.417688767653,70.6668673551349,92.0002656892252,119.499623739225,0.848064293202289,0.865044227490499,331.606761535804,663.213523071608,0.663213523071608,0.000663213523071608,6.63213523071608e-07,0,0,0
"B5B_B",14,0,"FASMEE23","Button","Smoke","CW/KOH",20240505,20250506,"LL","1000x","106-107","","B5B","F23_A",2023-10-09,2023-10-09 14:54:00,2023-10-09 20:54:00,2,"Blue","PTFE",4,60,15,2023-10-09 20:54:00,2023-10-09 21:09:00,"Tons of smoke, probably best sample","B5",30,0.03,0.2,0,-3.50655789731998,0.30625,0,5,0,0,0,0,0,123050.78125,3103.14515205286,2932.4884253125,7815.8196078125,194.019761904762,217.1475,367.875,1917.98297619048,1852.75,4665.25,15.1785714285714,15.5555555555556,17.2222222222222,11.6666666666667,22.452380952381,22,21,26,3.5190117864711,3.52343484519426,4.17015860168985,2.80102987605014,33028.605,32110.7275,23311.6875,3647.1875,680.895,359.75,87614.52,93144.745,94353.6625,95216.85,7.98360663348233,"Hazardous","High",322.174432012725,291.175399446569,1054.07936790501,105.517683963091,582.755660846674,886.417688767653,70.6668673551349,92.0002656892252,119.499623739225,0.848064293202289,0.865044227490499,331.606761535804,663.213523071608,0.663213523071608,0.000663213523071608,6.63213523071608e-07,0,0,0
"B5B_B",15,1,"FASMEE23","Button","Smoke","CW/KOH",20240505,20250506,"LL","1000x","106-107","","B5B","F23_A",2023-10-09,2023-10-09 14:54:00,2023-10-09 20:54:00,2,"Blue","PTFE",4,60,15,2023-10-09 20:54:00,2023-10-09 21:09:00,"Tons of smoke, probably best sample","B5",30,0.03,0.2,0.8,-3.50655789731998,0.30625,0.69375,5,7225,240833.333333333,5012.34375,167078.125,54201.611328125,123050.78125,3103.14515205286,2932.4884253125,7815.8196078125,194.019761904762,217.1475,367.875,1917.98297619048,1852.75,4665.25,15.1785714285714,15.5555555555556,17.2222222222222,11.6666666666667,22.452380952381,22,21,26,3.5190117864711,3.52343484519426,4.17015860168985,2.80102987605014,33028.605,32110.7275,23311.6875,3647.1875,680.895,359.75,87614.52,93144.745,94353.6625,95216.85,7.98360663348233,"Hazardous","High",322.174432012725,291.175399446569,1054.07936790501,105.517683963091,582.755660846674,886.417688767653,70.6668673551349,92.0002656892252,119.499623739225,0.848064293202289,0.865044227490499,331.606761535804,663.213523071608,0.663213523071608,0.000663213523071608,6.63213523071608e-07,81725733029.5311,81725733.0295311,81.7257330295311
"B5B_B",16,3,"FASMEE23","Button","Smoke","CW/KOH",20240505,20250506,"LL","1000x","106-107","","B5B","F23_A",2023-10-09,2023-10-09 14:54:00,2023-10-09 20:54:00,2,"Blue","PTFE",4,60,15,2023-10-09 20:54:00,2023-10-09 21:09:00,"Tons of smoke, probably best sample","B5",30,0.03,0.2,2.8,-3.50655789731998,0.30625,2.69375,5,21675,722500,19462.34375,648744.791666667,535868.277994792,123050.78125,3103.14515205286,2932.4884253125,7815.8196078125,194.019761904762,217.1475,367.875,1917.98297619048,1852.75,4665.25,15.1785714285714,15.5555555555556,17.2222222222222,11.6666666666667,22.452380952381,22,21,26,3.5190117864711,3.52343484519426,4.17015860168985,2.80102987605014,33028.605,32110.7275,23311.6875,3647.1875,680.895,359.75,87614.52,93144.745,94353.6625,95216.85,7.98360663348233,"Hazardous","High",322.174432012725,291.175399446569,1054.07936790501,105.517683963091,582.755660846674,886.417688767653,70.6668673551349,92.0002656892252,119.499623739225,0.848064293202289,0.865044227490499,331.606761535804,663.213523071608,0.663213523071608,0.000663213523071608,6.63213523071608e-07,807987562607.243,807987562.607243,807.987562607243
"B5B_B",17,5,"FASMEE23","Button","Smoke","CW/KOH",20240505,20250506,"LL","1000x","106-107","","B5B","F23_A",2023-10-09,2023-10-09 14:54:00,2023-10-09 20:54:00,2,"Blue","PTFE",4,60,15,2023-10-09 20:54:00,2023-10-09 21:09:00,"Tons of smoke, probably best sample","B5",30,0.03,0.2,4.8,-3.50655789731998,0.30625,4.69375,5,36125,1204166.66666667,33912.34375,1130411.45833333,1017534.94466146,123050.78125,3103.14515205286,2932.4884253125,7815.8196078125,194.019761904762,217.1475,367.875,1917.98297619048,1852.75,4665.25,15.1785714285714,15.5555555555556,17.2222222222222,11.6666666666667,22.452380952381,22,21,26,3.5190117864711,3.52343484519426,4.17015860168985,2.80102987605014,33028.605,32110.7275,23311.6875,3647.1875,680.895,359.75,87614.52,93144.745,94353.6625,95216.85,7.98360663348233,"Hazardous","High",322.174432012725,291.175399446569,1054.07936790501,105.517683963091,582.755660846674,886.417688767653,70.6668673551349,92.0002656892252,119.499623739225,0.848064293202289,0.865044227490499,331.606761535804,663.213523071608,0.663213523071608,0.000663213523071608,6.63213523071608e-07,1534249392184.96,1534249392.18496,1534.24939218496
"B5B_B",18,0,"FASMEE23","Button","Smoke","CW/KOH",20240505,20250506,"LL","1000x","106-107","","B5B","F23_A",2023-10-09,2023-10-09 14:54:00,2023-10-09 20:54:00,2,"Blue","PTFE",4,60,15,2023-10-09 20:54:00,2023-10-09 21:09:00,"Tons of smoke, probably best sample","B5",30,0.03,0.2,0,-3.50655789731998,0.30625,0,5,0,0,0,0,0,123050.78125,3103.14515205286,2932.4884253125,7815.8196078125,194.019761904762,217.1475,367.875,1917.98297619048,1852.75,4665.25,15.1785714285714,15.5555555555556,17.2222222222222,11.6666666666667,22.452380952381,22,21,26,3.5190117864711,3.52343484519426,4.17015860168985,2.80102987605014,33028.605,32110.7275,23311.6875,3647.1875,680.895,359.75,87614.52,93144.745,94353.6625,95216.85,7.98360663348233,"Hazardous","High",322.174432012725,291.175399446569,1054.07936790501,105.517683963091,582.755660846674,886.417688767653,70.6668673551349,92.0002656892252,119.499623739225,0.848064293202289,0.865044227490499,331.606761535804,663.213523071608,0.663213523071608,0.000663213523071608,6.63213523071608e-07,0,0,0
"B5B_B",19,3,"FASMEE23","Button","Smoke","CW/KOH",20240505,20250506,"LL","1000x","106-107","","B5B","F23_A",2023-10-09,2023-10-09 14:54:00,2023-10-09 20:54:00,2,"Blue","PTFE",4,60,15,2023-10-09 20:54:00,2023-10-09 21:09:00,"Tons of smoke, probably best sample","B5",30,0.03,0.2,2.8,-3.50655789731998,0.30625,2.69375,5,21675,722500,19462.34375,648744.791666667,535868.277994792,123050.78125,3103.14515205286,2932.4884253125,7815.8196078125,194.019761904762,217.1475,367.875,1917.98297619048,1852.75,4665.25,15.1785714285714,15.5555555555556,17.2222222222222,11.6666666666667,22.452380952381,22,21,26,3.5190117864711,3.52343484519426,4.17015860168985,2.80102987605014,33028.605,32110.7275,23311.6875,3647.1875,680.895,359.75,87614.52,93144.745,94353.6625,95216.85,7.98360663348233,"Hazardous","High",322.174432012725,291.175399446569,1054.07936790501,105.517683963091,582.755660846674,886.417688767653,70.6668673551349,92.0002656892252,119.499623739225,0.848064293202289,0.865044227490499,331.606761535804,663.213523071608,0.663213523071608,0.000663213523071608,6.63213523071608e-07,807987562607.243,807987562.607243,807.987562607243
"B5B_B",20,1,"FASMEE23","Button","Smoke","CW/KOH",20240505,20250506,"LL","1000x","106-107","","B5B","F23_A",2023-10-09,2023-10-09 14:54:00,2023-10-09 20:54:00,2,"Blue","PTFE",4,60,15,2023-10-09 20:54:00,2023-10-09 21:09:00,"Tons of smoke, probably best sample","B5",30,0.03,0.2,0.8,-3.50655789731998,0.30625,0.69375,5,7225,240833.333333333,5012.34375,167078.125,54201.611328125,123050.78125,3103.14515205286,2932.4884253125,7815.8196078125,194.019761904762,217.1475,367.875,1917.98297619048,1852.75,4665.25,15.1785714285714,15.5555555555556,17.2222222222222,11.6666666666667,22.452380952381,22,21,26,3.5190117864711,3.52343484519426,4.17015860168985,2.80102987605014,33028.605,32110.7275,23311.6875,3647.1875,680.895,359.75,87614.52,93144.745,94353.6625,95216.85,7.98360663348233,"Hazardous","High",322.174432012725,291.175399446569,1054.07936790501,105.517683963091,582.755660846674,886.417688767653,70.6668673551349,92.0002656892252,119.499623739225,0.848064293202289,0.865044227490499,331.606761535804,663.213523071608,0.663213523071608,0.000663213523071608,6.63213523071608e-07,81725733029.5311,81725733.0295311,81.7257330295311
"B5B_B",21,1,"FASMEE23","Button","Smoke","CW/KOH",20240505,20250506,"LL","1000x","106-107","","B5B","F23_A",2023-10-09,2023-10-09 14:54:00,2023-10-09 20:54:00,2,"Blue","PTFE",4,60,15,2023-10-09 20:54:00,2023-10-09 21:09:00,"Tons of smoke, probably best sample","B5",30,0.03,0.2,0.8,-3.50655789731998,0.30625,0.69375,5,7225,240833.333333333,5012.34375,167078.125,54201.611328125,123050.78125,3103.14515205286,2932.4884253125,7815.8196078125,194.019761904762,217.1475,367.875,1917.98297619048,1852.75,4665.25,15.1785714285714,15.5555555555556,17.2222222222222,11.6666666666667,22.452380952381,22,21,26,3.5190117864711,3.52343484519426,4.17015860168985,2.80102987605014,33028.605,32110.7275,23311.6875,3647.1875,680.895,359.75,87614.52,93144.745,94353.6625,95216.85,7.98360663348233,"Hazardous","High",322.174432012725,291.175399446569,1054.07936790501,105.517683963091,582.755660846674,886.417688767653,70.6668673551349,92.0002656892252,119.499623739225,0.848064293202289,0.865044227490499,331.606761535804,663.213523071608,0.663213523071608,0.000663213523071608,6.63213523071608e-07,81725733029.5311,81725733.0295311,81.7257330295311
"B5B_B",22,0,"FASMEE23","Button","Smoke","CW/KOH",20240505,20250506,"LL","1000x","106-107","","B5B","F23_A",2023-10-09,2023-10-09 14:54:00,2023-10-09 20:54:00,2,"Blue","PTFE",4,60,15,2023-10-09 20:54:00,2023-10-09 21:09:00,"Tons of smoke, probably best sample","B5",30,0.03,0.2,0,-3.50655789731998,0.30625,0,5,0,0,0,0,0,123050.78125,3103.14515205286,2932.4884253125,7815.8196078125,194.019761904762,217.1475,367.875,1917.98297619048,1852.75,4665.25,15.1785714285714,15.5555555555556,17.2222222222222,11.6666666666667,22.452380952381,22,21,26,3.5190117864711,3.52343484519426,4.17015860168985,2.80102987605014,33028.605,32110.7275,23311.6875,3647.1875,680.895,359.75,87614.52,93144.745,94353.6625,95216.85,7.98360663348233,"Hazardous","High",322.174432012725,291.175399446569,1054.07936790501,105.517683963091,582.755660846674,886.417688767653,70.6668673551349,92.0002656892252,119.499623739225,0.848064293202289,0.865044227490499,331.606761535804,663.213523071608,0.663213523071608,0.000663213523071608,6.63213523071608e-07,0,0,0
"B5B_B",23,0,"FASMEE23","Button","Smoke","CW/KOH",20240505,20250506,"LL","1000x","106-107","","B5B","F23_A",2023-10-09,2023-10-09 14:54:00,2023-10-09 20:54:00,2,"Blue","PTFE",4,60,15,2023-10-09 20:54:00,2023-10-09 21:09:00,"Tons of smoke, probably best sample","B5",30,0.03,0.2,0,-3.50655789731998,0.30625,0,5,0,0,0,0,0,123050.78125,3103.14515205286,2932.4884253125,7815.8196078125,194.019761904762,217.1475,367.875,1917.98297619048,1852.75,4665.25,15.1785714285714,15.5555555555556,17.2222222222222,11.6666666666667,22.452380952381,22,21,26,3.5190117864711,3.52343484519426,4.17015860168985,2.80102987605014,33028.605,32110.7275,23311.6875,3647.1875,680.895,359.75,87614.52,93144.745,94353.6625,95216.85,7.98360663348233,"Hazardous","High",322.174432012725,291.175399446569,1054.07936790501,105.517683963091,582.755660846674,886.417688767653,70.6668673551349,92.0002656892252,119.499623739225,0.848064293202289,0.865044227490499,331.606761535804,663.213523071608,0.663213523071608,0.000663213523071608,6.63213523071608e-07,0,0,0
"B5B_B",24,1,"FASMEE23","Button","Smoke","CW/KOH",20240505,20250506,"LL","1000x","106-107","","B5B","F23_A",2023-10-09,2023-10-09 14:54:00,2023-10-09 20:54:00,2,"Blue","PTFE",4,60,15,2023-10-09 20:54:00,2023-10-09 21:09:00,"Tons of smoke, probably best sample","B5",30,0.03,0.2,0.8,-3.50655789731998,0.30625,0.69375,5,7225,240833.333333333,5012.34375,167078.125,54201.611328125,123050.78125,3103.14515205286,2932.4884253125,7815.8196078125,194.019761904762,217.1475,367.875,1917.98297619048,1852.75,4665.25,15.1785714285714,15.5555555555556,17.2222222222222,11.6666666666667,22.452380952381,22,21,26,3.5190117864711,3.52343484519426,4.17015860168985,2.80102987605014,33028.605,32110.7275,23311.6875,3647.1875,680.895,359.75,87614.52,93144.745,94353.6625,95216.85,7.98360663348233,"Hazardous","High",322.174432012725,291.175399446569,1054.07936790501,105.517683963091,582.755660846674,886.417688767653,70.6668673551349,92.0002656892252,119.499623739225,0.848064293202289,0.865044227490499,331.606761535804,663.213523071608,0.663213523071608,0.000663213523071608,6.63213523071608e-07,81725733029.5311,81725733.0295311,81.7257330295311
"B5B_B",25,0,"FASMEE23","Button","Smoke","CW/KOH",20240505,20250506,"LL","1000x","106-107","","B5B","F23_A",2023-10-09,2023-10-09 14:54:00,2023-10-09 20:54:00,2,"Blue","PTFE",4,60,15,2023-10-09 20:54:00,2023-10-09 21:09:00,"Tons of smoke, probably best sample","B5",30,0.03,0.2,0,-3.50655789731998,0.30625,0,5,0,0,0,0,0,123050.78125,3103.14515205286,2932.4884253125,7815.8196078125,194.019761904762,217.1475,367.875,1917.98297619048,1852.75,4665.25,15.1785714285714,15.5555555555556,17.2222222222222,11.6666666666667,22.452380952381,22,21,26,3.5190117864711,3.52343484519426,4.17015860168985,2.80102987605014,33028.605,32110.7275,23311.6875,3647.1875,680.895,359.75,87614.52,93144.745,94353.6625,95216.85,7.98360663348233,"Hazardous","High",322.174432012725,291.175399446569,1054.07936790501,105.517683963091,582.755660846674,886.417688767653,70.6668673551349,92.0002656892252,119.499623739225,0.848064293202289,0.865044227490499,331.606761535804,663.213523071608,0.663213523071608,0.000663213523071608,6.63213523071608e-07,0,0,0
"B5B_B",26,0,"FASMEE23","Button","Smoke","CW/KOH",20240505,20250506,"LL","1000x","106-107","","B5B","F23_A",2023-10-09,2023-10-09 14:54:00,2023-10-09 20:54:00,2,"Blue","PTFE",4,60,15,2023-10-09 20:54:00,2023-10-09 21:09:00,"Tons of smoke, probably best sample","B5",30,0.03,0.2,0,-3.50655789731998,0.30625,0,5,0,0,0,0,0,123050.78125,3103.14515205286,2932.4884253125,7815.8196078125,194.019761904762,217.1475,367.875,1917.98297619048,1852.75,4665.25,15.1785714285714,15.5555555555556,17.2222222222222,11.6666666666667,22.452380952381,22,21,26,3.5190117864711,3.52343484519426,4.17015860168985,2.80102987605014,33028.605,32110.7275,23311.6875,3647.1875,680.895,359.75,87614.52,93144.745,94353.6625,95216.85,7.98360663348233,"Hazardous","High",322.174432012725,291.175399446569,1054.07936790501,105.517683963091,582.755660846674,886.417688767653,70.6668673551349,92.0002656892252,119.499623739225,0.848064293202289,0.865044227490499,331.606761535804,663.213523071608,0.663213523071608,0.000663213523071608,6.63213523071608e-07,0,0,0
"B5B_B",27,1,"FASMEE23","Button","Smoke","CW/KOH",20240505,20250506,"LL","1000x","106-107","","B5B","F23_A",2023-10-09,2023-10-09 14:54:00,2023-10-09 20:54:00,2,"Blue","PTFE",4,60,15,2023-10-09 20:54:00,2023-10-09 21:09:00,"Tons of smoke, probably best sample","B5",30,0.03,0.2,0.8,-3.50655789731998,0.30625,0.69375,5,7225,240833.333333333,5012.34375,167078.125,54201.611328125,123050.78125,3103.14515205286,2932.4884253125,7815.8196078125,194.019761904762,217.1475,367.875,1917.98297619048,1852.75,4665.25,15.1785714285714,15.5555555555556,17.2222222222222,11.6666666666667,22.452380952381,22,21,26,3.5190117864711,3.52343484519426,4.17015860168985,2.80102987605014,33028.605,32110.7275,23311.6875,3647.1875,680.895,359.75,87614.52,93144.745,94353.6625,95216.85,7.98360663348233,"Hazardous","High",322.174432012725,291.175399446569,1054.07936790501,105.517683963091,582.755660846674,886.417688767653,70.6668673551349,92.0002656892252,119.499623739225,0.848064293202289,0.865044227490499,331.606761535804,663.213523071608,0.663213523071608,0.000663213523071608,6.63213523071608e-07,81725733029.5311,81725733.0295311,81.7257330295311
"B5B_B",28,0,"FASMEE23","Button","Smoke","CW/KOH",20240505,20250506,"LL","1000x","106-107","","B5B","F23_A",2023-10-09,2023-10-09 14:54:00,2023-10-09 20:54:00,2,"Blue","PTFE",4,60,15,2023-10-09 20:54:00,2023-10-09 21:09:00,"Tons of smoke, probably best sample","B5",30,0.03,0.2,0,-3.50655789731998,0.30625,0,5,0,0,0,0,0,123050.78125,3103.14515205286,2932.4884253125,7815.8196078125,194.019761904762,217.1475,367.875,1917.98297619048,1852.75,4665.25,15.1785714285714,15.5555555555556,17.2222222222222,11.6666666666667,22.452380952381,22,21,26,3.5190117864711,3.52343484519426,4.17015860168985,2.80102987605014,33028.605,32110.7275,23311.6875,3647.1875,680.895,359.75,87614.52,93144.745,94353.6625,95216.85,7.98360663348233,"Hazardous","High",322.174432012725,291.175399446569,1054.07936790501,105.517683963091,582.755660846674,886.417688767653,70.6668673551349,92.0002656892252,119.499623739225,0.848064293202289,0.865044227490499,331.606761535804,663.213523071608,0.663213523071608,0.000663213523071608,6.63213523071608e-07,0,0,0
"B5B_B",29,1,"FASMEE23","Button","Smoke","CW/KOH",20240505,20250506,"LL","1000x","106-107","","B5B","F23_A",2023-10-09,2023-10-09 14:54:00,2023-10-09 20:54:00,2,"Blue","PTFE",4,60,15,2023-10-09 20:54:00,2023-10-09 21:09:00,"Tons of smoke, probably best sample","B5",30,0.03,0.2,0.8,-3.50655789731998,0.30625,0.69375,5,7225,240833.333333333,5012.34375,167078.125,54201.611328125,123050.78125,3103.14515205286,2932.4884253125,7815.8196078125,194.019761904762,217.1475,367.875,1917.98297619048,1852.75,4665.25,15.1785714285714,15.5555555555556,17.2222222222222,11.6666666666667,22.452380952381,22,21,26,3.5190117864711,3.52343484519426,4.17015860168985,2.80102987605014,33028.605,32110.7275,23311.6875,3647.1875,680.895,359.75,87614.52,93144.745,94353.6625,95216.85,7.98360663348233,"Hazardous","High",322.174432012725,291.175399446569,1054.07936790501,105.517683963091,582.755660846674,886.417688767653,70.6668673551349,92.0002656892252,119.499623739225,0.848064293202289,0.865044227490499,331.606761535804,663.213523071608,0.663213523071608,0.000663213523071608,6.63213523071608e-07,81725733029.5311,81725733.0295311,81.7257330295311
"B5B_B",30,1,"FASMEE23","Button","Smoke","CW/KOH",20240505,20250506,"LL","1000x","106-107","","B5B","F23_A",2023-10-09,2023-10-09 14:54:00,2023-10-09 20:54:00,2,"Blue","PTFE",4,60,15,2023-10-09 20:54:00,2023-10-09 21:09:00,"Tons of smoke, probably best sample","B5",30,0.03,0.2,0.8,-3.50655789731998,0.30625,0.69375,5,7225,240833.333333333,5012.34375,167078.125,54201.611328125,123050.78125,3103.14515205286,2932.4884253125,7815.8196078125,194.019761904762,217.1475,367.875,1917.98297619048,1852.75,4665.25,15.1785714285714,15.5555555555556,17.2222222222222,11.6666666666667,22.452380952381,22,21,26,3.5190117864711,3.52343484519426,4.17015860168985,2.80102987605014,33028.605,32110.7275,23311.6875,3647.1875,680.895,359.75,87614.52,93144.745,94353.6625,95216.85,7.98360663348233,"Hazardous","High",322.174432012725,291.175399446569,1054.07936790501,105.517683963091,582.755660846674,886.417688767653,70.6668673551349,92.0002656892252,119.499623739225,0.848064293202289,0.865044227490499,331.606761535804,663.213523071608,0.663213523071608,0.000663213523071608,6.63213523071608e-07,81725733029.5311,81725733.0295311,81.7257330295311
"B5B_B",31,2,"FASMEE23","Button","Smoke","CW/KOH",20240505,20250506,"LL","1000x","106-107","","B5B","F23_A",2023-10-09,2023-10-09 14:54:00,2023-10-09 20:54:00,2,"Blue","PTFE",4,60,15,2023-10-09 20:54:00,2023-10-09 21:09:00,"Tons of smoke, probably best sample","B5",30,0.03,0.2,1.8,-3.50655789731998,0.30625,1.69375,5,14450,481666.666666667,12237.34375,407911.458333333,295034.944661458,123050.78125,3103.14515205286,2932.4884253125,7815.8196078125,194.019761904762,217.1475,367.875,1917.98297619048,1852.75,4665.25,15.1785714285714,15.5555555555556,17.2222222222222,11.6666666666667,22.452380952381,22,21,26,3.5190117864711,3.52343484519426,4.17015860168985,2.80102987605014,33028.605,32110.7275,23311.6875,3647.1875,680.895,359.75,87614.52,93144.745,94353.6625,95216.85,7.98360663348233,"Hazardous","High",322.174432012725,291.175399446569,1054.07936790501,105.517683963091,582.755660846674,886.417688767653,70.6668673551349,92.0002656892252,119.499623739225,0.848064293202289,0.865044227490499,331.606761535804,663.213523071608,0.663213523071608,0.000663213523071608,6.63213523071608e-07,444856647818.387,444856647.818387,444.856647818387
"B5B_B",32,0,"FASMEE23","Button","Smoke","CW/KOH",20240505,20250506,"LL","1000x","106-107","","B5B","F23_A",2023-10-09,2023-10-09 14:54:00,2023-10-09 20:54:00,2,"Blue","PTFE",4,60,15,2023-10-09 20:54:00,2023-10-09 21:09:00,"Tons of smoke, probably best sample","B5",30,0.03,0.2,0,-3.50655789731998,0.30625,0,5,0,0,0,0,0,123050.78125,3103.14515205286,2932.4884253125,7815.8196078125,194.019761904762,217.1475,367.875,1917.98297619048,1852.75,4665.25,15.1785714285714,15.5555555555556,17.2222222222222,11.6666666666667,22.452380952381,22,21,26,3.5190117864711,3.52343484519426,4.17015860168985,2.80102987605014,33028.605,32110.7275,23311.6875,3647.1875,680.895,359.75,87614.52,93144.745,94353.6625,95216.85,7.98360663348233,"Hazardous","High",322.174432012725,291.175399446569,1054.07936790501,105.517683963091,582.755660846674,886.417688767653,70.6668673551349,92.0002656892252,119.499623739225,0.848064293202289,0.865044227490499,331.606761535804,663.213523071608,0.663213523071608,0.000663213523071608,6.63213523071608e-07,0,0,0
"B5B_B",33,1,"FASMEE23","Button","Smoke","CW/KOH",20240505,20250506,"LL","1000x","106-107","","B5B","F23_A",2023-10-09,2023-10-09 14:54:00,2023-10-09 20:54:00,2,"Blue","PTFE",4,60,15,2023-10-09 20:54:00,2023-10-09 21:09:00,"Tons of smoke, probably best sample","B5",30,0.03,0.2,0.8,-3.50655789731998,0.30625,0.69375,5,7225,240833.333333333,5012.34375,167078.125,54201.611328125,123050.78125,3103.14515205286,2932.4884253125,7815.8196078125,194.019761904762,217.1475,367.875,1917.98297619048,1852.75,4665.25,15.1785714285714,15.5555555555556,17.2222222222222,11.6666666666667,22.452380952381,22,21,26,3.5190117864711,3.52343484519426,4.17015860168985,2.80102987605014,33028.605,32110.7275,23311.6875,3647.1875,680.895,359.75,87614.52,93144.745,94353.6625,95216.85,7.98360663348233,"Hazardous","High",322.174432012725,291.175399446569,1054.07936790501,105.517683963091,582.755660846674,886.417688767653,70.6668673551349,92.0002656892252,119.499623739225,0.848064293202289,0.865044227490499,331.606761535804,663.213523071608,0.663213523071608,0.000663213523071608,6.63213523071608e-07,81725733029.5311,81725733.0295311,81.7257330295311
"B5B_B",34,0,"FASMEE23","Button","Smoke","CW/KOH",20240505,20250506,"LL","1000x","106-107","","B5B","F23_A",2023-10-09,2023-10-09 14:54:00,2023-10-09 20:54:00,2,"Blue","PTFE",4,60,15,2023-10-09 20:54:00,2023-10-09 21:09:00,"Tons of smoke, probably best sample","B5",30,0.03,0.2,0,-3.50655789731998,0.30625,0,5,0,0,0,0,0,123050.78125,3103.14515205286,2932.4884253125,7815.8196078125,194.019761904762,217.1475,367.875,1917.98297619048,1852.75,4665.25,15.1785714285714,15.5555555555556,17.2222222222222,11.6666666666667,22.452380952381,22,21,26,3.5190117864711,3.52343484519426,4.17015860168985,2.80102987605014,33028.605,32110.7275,23311.6875,3647.1875,680.895,359.75,87614.52,93144.745,94353.6625,95216.85,7.98360663348233,"Hazardous","High",322.174432012725,291.175399446569,1054.07936790501,105.517683963091,582.755660846674,886.417688767653,70.6668673551349,92.0002656892252,119.499623739225,0.848064293202289,0.865044227490499,331.606761535804,663.213523071608,0.663213523071608,0.000663213523071608,6.63213523071608e-07,0,0,0
"B5B_B",35,0,"FASMEE23","Button","Smoke","CW/KOH",20240505,20250506,"LL","1000x","106-107","","B5B","F23_A",2023-10-09,2023-10-09 14:54:00,2023-10-09 20:54:00,2,"Blue","PTFE",4,60,15,2023-10-09 20:54:00,2023-10-09 21:09:00,"Tons of smoke, probably best sample","B5",30,0.03,0.2,0,-3.50655789731998,0.30625,0,5,0,0,0,0,0,123050.78125,3103.14515205286,2932.4884253125,7815.8196078125,194.019761904762,217.1475,367.875,1917.98297619048,1852.75,4665.25,15.1785714285714,15.5555555555556,17.2222222222222,11.6666666666667,22.452380952381,22,21,26,3.5190117864711,3.52343484519426,4.17015860168985,2.80102987605014,33028.605,32110.7275,23311.6875,3647.1875,680.895,359.75,87614.52,93144.745,94353.6625,95216.85,7.98360663348233,"Hazardous","High",322.174432012725,291.175399446569,1054.07936790501,105.517683963091,582.755660846674,886.417688767653,70.6668673551349,92.0002656892252,119.499623739225,0.848064293202289,0.865044227490499,331.606761535804,663.213523071608,0.663213523071608,0.000663213523071608,6.63213523071608e-07,0,0,0
"B5B_B",36,0,"FASMEE23","Button","Smoke","CW/KOH",20240505,20250506,"LL","1000x","106-107","","B5B","F23_A",2023-10-09,2023-10-09 14:54:00,2023-10-09 20:54:00,2,"Blue","PTFE",4,60,15,2023-10-09 20:54:00,2023-10-09 21:09:00,"Tons of smoke, probably best sample","B5",30,0.03,0.2,0,-3.50655789731998,0.30625,0,5,0,0,0,0,0,123050.78125,3103.14515205286,2932.4884253125,7815.8196078125,194.019761904762,217.1475,367.875,1917.98297619048,1852.75,4665.25,15.1785714285714,15.5555555555556,17.2222222222222,11.6666666666667,22.452380952381,22,21,26,3.5190117864711,3.52343484519426,4.17015860168985,2.80102987605014,33028.605,32110.7275,23311.6875,3647.1875,680.895,359.75,87614.52,93144.745,94353.6625,95216.85,7.98360663348233,"Hazardous","High",322.174432012725,291.175399446569,1054.07936790501,105.517683963091,582.755660846674,886.417688767653,70.6668673551349,92.0002656892252,119.499623739225,0.848064293202289,0.865044227490499,331.606761535804,663.213523071608,0.663213523071608,0.000663213523071608,6.63213523071608e-07,0,0,0
"B5B_B",37,1,"FASMEE23","Button","Smoke","CW/KOH",20240505,20250506,"LL","1000x","106-107","","B5B","F23_A",2023-10-09,2023-10-09 14:54:00,2023-10-09 20:54:00,2,"Blue","PTFE",4,60,15,2023-10-09 20:54:00,2023-10-09 21:09:00,"Tons of smoke, probably best sample","B5",30,0.03,0.2,0.8,-3.50655789731998,0.30625,0.69375,5,7225,240833.333333333,5012.34375,167078.125,54201.611328125,123050.78125,3103.14515205286,2932.4884253125,7815.8196078125,194.019761904762,217.1475,367.875,1917.98297619048,1852.75,4665.25,15.1785714285714,15.5555555555556,17.2222222222222,11.6666666666667,22.452380952381,22,21,26,3.5190117864711,3.52343484519426,4.17015860168985,2.80102987605014,33028.605,32110.7275,23311.6875,3647.1875,680.895,359.75,87614.52,93144.745,94353.6625,95216.85,7.98360663348233,"Hazardous","High",322.174432012725,291.175399446569,1054.07936790501,105.517683963091,582.755660846674,886.417688767653,70.6668673551349,92.0002656892252,119.499623739225,0.848064293202289,0.865044227490499,331.606761535804,663.213523071608,0.663213523071608,0.000663213523071608,6.63213523071608e-07,81725733029.5311,81725733.0295311,81.7257330295311
"B5B_B",38,3,"FASMEE23","Button","Smoke","CW/KOH",20240505,20250506,"LL","1000x","106-107","","B5B","F23_A",2023-10-09,2023-10-09 14:54:00,2023-10-09 20:54:00,2,"Blue","PTFE",4,60,15,2023-10-09 20:54:00,2023-10-09 21:09:00,"Tons of smoke, probably best sample","B5",30,0.03,0.2,2.8,-3.50655789731998,0.30625,2.69375,5,21675,722500,19462.34375,648744.791666667,535868.277994792,123050.78125,3103.14515205286,2932.4884253125,7815.8196078125,194.019761904762,217.1475,367.875,1917.98297619048,1852.75,4665.25,15.1785714285714,15.5555555555556,17.2222222222222,11.6666666666667,22.452380952381,22,21,26,3.5190117864711,3.52343484519426,4.17015860168985,2.80102987605014,33028.605,32110.7275,23311.6875,3647.1875,680.895,359.75,87614.52,93144.745,94353.6625,95216.85,7.98360663348233,"Hazardous","High",322.174432012725,291.175399446569,1054.07936790501,105.517683963091,582.755660846674,886.417688767653,70.6668673551349,92.0002656892252,119.499623739225,0.848064293202289,0.865044227490499,331.606761535804,663.213523071608,0.663213523071608,0.000663213523071608,6.63213523071608e-07,807987562607.243,807987562.607243,807.987562607243
"B5B_B",39,0,"FASMEE23","Button","Smoke","CW/KOH",20240505,20250506,"LL","1000x","106-107","","B5B","F23_A",2023-10-09,2023-10-09 14:54:00,2023-10-09 20:54:00,2,"Blue","PTFE",4,60,15,2023-10-09 20:54:00,2023-10-09 21:09:00,"Tons of smoke, probably best sample","B5",30,0.03,0.2,0,-3.50655789731998,0.30625,0,5,0,0,0,0,0,123050.78125,3103.14515205286,2932.4884253125,7815.8196078125,194.019761904762,217.1475,367.875,1917.98297619048,1852.75,4665.25,15.1785714285714,15.5555555555556,17.2222222222222,11.6666666666667,22.452380952381,22,21,26,3.5190117864711,3.52343484519426,4.17015860168985,2.80102987605014,33028.605,32110.7275,23311.6875,3647.1875,680.895,359.75,87614.52,93144.745,94353.6625,95216.85,7.98360663348233,"Hazardous","High",322.174432012725,291.175399446569,1054.07936790501,105.517683963091,582.755660846674,886.417688767653,70.6668673551349,92.0002656892252,119.499623739225,0.848064293202289,0.865044227490499,331.606761535804,663.213523071608,0.663213523071608,0.000663213523071608,6.63213523071608e-07,0,0,0
"B5B_B",40,1,"FASMEE23","Button","Smoke","CW/KOH",20240505,20250506,"LL","1000x","106-107","","B5B","F23_A",2023-10-09,2023-10-09 14:54:00,2023-10-09 20:54:00,2,"Blue","PTFE",4,60,15,2023-10-09 20:54:00,2023-10-09 21:09:00,"Tons of smoke, probably best sample","B5",30,0.03,0.2,0.8,-3.50655789731998,0.30625,0.69375,5,7225,240833.333333333,5012.34375,167078.125,54201.611328125,123050.78125,3103.14515205286,2932.4884253125,7815.8196078125,194.019761904762,217.1475,367.875,1917.98297619048,1852.75,4665.25,15.1785714285714,15.5555555555556,17.2222222222222,11.6666666666667,22.452380952381,22,21,26,3.5190117864711,3.52343484519426,4.17015860168985,2.80102987605014,33028.605,32110.7275,23311.6875,3647.1875,680.895,359.75,87614.52,93144.745,94353.6625,95216.85,7.98360663348233,"Hazardous","High",322.174432012725,291.175399446569,1054.07936790501,105.517683963091,582.755660846674,886.417688767653,70.6668673551349,92.0002656892252,119.499623739225,0.848064293202289,0.865044227490499,331.606761535804,663.213523071608,0.663213523071608,0.000663213523071608,6.63213523071608e-07,81725733029.5311,81725733.0295311,81.7257330295311
"R1B_B",1,1,"FASMEE23","Button","Ambient","CW/KOH",20241217,20250519,"LL","1000x","n/a","small o's","R1B","F23_D",2023-10-08,2023-10-08 13:09:00,2023-10-08 19:09:00,1,"Red","PTFE",4,40,10,2023-10-08 19:09:00,2023-10-08 19:19:00,"","R1",20,0.02,0,1,-3.91202300542815,0.10625,0.89375,NA,7225,361250,6457.34375,322867.1875,NA,123050.78125,NA,NA,NA,NA,NA,NA,NA,NA,NA,NA,NA,NA,NA,NA,NA,NA,NA,NA,NA,NA,NA,NA,NA,NA,NA,NA,NA,NA,NA,NA,NA,NA,NA,NA,NA,NA,NA,NA,NA,NA,NA,NA,NA,NA,NA,NA,NA,NA,NA,NA,NA,NA,NA
"R1B_B",2,0,"FASMEE23","Button","Ambient","CW/KOH",20241217,20250519,"LL","1000x","n/a","small o's","R1B","F23_D",2023-10-08,2023-10-08 13:09:00,2023-10-08 19:09:00,1,"Red","PTFE",4,40,10,2023-10-08 19:09:00,2023-10-08 19:19:00,"","R1",20,0.02,0,0,-3.91202300542815,0.10625,0,NA,0,0,0,0,NA,123050.78125,NA,NA,NA,NA,NA,NA,NA,NA,NA,NA,NA,NA,NA,NA,NA,NA,NA,NA,NA,NA,NA,NA,NA,NA,NA,NA,NA,NA,NA,NA,NA,NA,NA,NA,NA,NA,NA,NA,NA,NA,NA,NA,NA,NA,NA,NA,NA,NA,NA,NA,NA,NA,NA
"R1B_B",3,0,"FASMEE23","Button","Ambient","CW/KOH",20241217,20250519,"LL","1000x","n/a","small o's","R1B","F23_D",2023-10-08,2023-10-08 13:09:00,2023-10-08 19:09:00,1,"Red","PTFE",4,40,10,2023-10-08 19:09:00,2023-10-08 19:19:00,"","R1",20,0.02,0,0,-3.91202300542815,0.10625,0,NA,0,0,0,0,NA,123050.78125,NA,NA,NA,NA,NA,NA,NA,NA,NA,NA,NA,NA,NA,NA,NA,NA,NA,NA,NA,NA,NA,NA,NA,NA,NA,NA,NA,NA,NA,NA,NA,NA,NA,NA,NA,NA,NA,NA,NA,NA,NA,NA,NA,NA,NA,NA,NA,NA,NA,NA,NA,NA,NA
"R1B_B",4,0,"FASMEE23","Button","Ambient","CW/KOH",20241217,20250519,"LL","1000x","n/a","small o's","R1B","F23_D",2023-10-08,2023-10-08 13:09:00,2023-10-08 19:09:00,1,"Red","PTFE",4,40,10,2023-10-08 19:09:00,2023-10-08 19:19:00,"","R1",20,0.02,0,0,-3.91202300542815,0.10625,0,NA,0,0,0,0,NA,123050.78125,NA,NA,NA,NA,NA,NA,NA,NA,NA,NA,NA,NA,NA,NA,NA,NA,NA,NA,NA,NA,NA,NA,NA,NA,NA,NA,NA,NA,NA,NA,NA,NA,NA,NA,NA,NA,NA,NA,NA,NA,NA,NA,NA,NA,NA,NA,NA,NA,NA,NA,NA,NA,NA
"R1B_B",5,0,"FASMEE23","Button","Ambient","CW/KOH",20241217,20250519,"LL","1000x","n/a","small o's","R1B","F23_D",2023-10-08,2023-10-08 13:09:00,2023-10-08 19:09:00,1,"Red","PTFE",4,40,10,2023-10-08 19:09:00,2023-10-08 19:19:00,"","R1",20,0.02,0,0,-3.91202300542815,0.10625,0,NA,0,0,0,0,NA,123050.78125,NA,NA,NA,NA,NA,NA,NA,NA,NA,NA,NA,NA,NA,NA,NA,NA,NA,NA,NA,NA,NA,NA,NA,NA,NA,NA,NA,NA,NA,NA,NA,NA,NA,NA,NA,NA,NA,NA,NA,NA,NA,NA,NA,NA,NA,NA,NA,NA,NA,NA,NA,NA,NA
"R1B_B",6,0,"FASMEE23","Button","Ambient","CW/KOH",20241217,20250519,"LL","1000x","n/a","small o's","R1B","F23_D",2023-10-08,2023-10-08 13:09:00,2023-10-08 19:09:00,1,"Red","PTFE",4,40,10,2023-10-08 19:09:00,2023-10-08 19:19:00,"","R1",20,0.02,0,0,-3.91202300542815,0.10625,0,NA,0,0,0,0,NA,123050.78125,NA,NA,NA,NA,NA,NA,NA,NA,NA,NA,NA,NA,NA,NA,NA,NA,NA,NA,NA,NA,NA,NA,NA,NA,NA,NA,NA,NA,NA,NA,NA,NA,NA,NA,NA,NA,NA,NA,NA,NA,NA,NA,NA,NA,NA,NA,NA,NA,NA,NA,NA,NA,NA
"R1B_B",7,0,"FASMEE23","Button","Ambient","CW/KOH",20241217,20250519,"LL","1000x","n/a","small o's","R1B","F23_D",2023-10-08,2023-10-08 13:09:00,2023-10-08 19:09:00,1,"Red","PTFE",4,40,10,2023-10-08 19:09:00,2023-10-08 19:19:00,"","R1",20,0.02,0,0,-3.91202300542815,0.10625,0,NA,0,0,0,0,NA,123050.78125,NA,NA,NA,NA,NA,NA,NA,NA,NA,NA,NA,NA,NA,NA,NA,NA,NA,NA,NA,NA,NA,NA,NA,NA,NA,NA,NA,NA,NA,NA,NA,NA,NA,NA,NA,NA,NA,NA,NA,NA,NA,NA,NA,NA,NA,NA,NA,NA,NA,NA,NA,NA,NA
"R1B_B",8,0,"FASMEE23","Button","Ambient","CW/KOH",20241217,20250519,"LL","1000x","n/a","small o's","R1B","F23_D",2023-10-08,2023-10-08 13:09:00,2023-10-08 19:09:00,1,"Red","PTFE",4,40,10,2023-10-08 19:09:00,2023-10-08 19:19:00,"","R1",20,0.02,0,0,-3.91202300542815,0.10625,0,NA,0,0,0,0,NA,123050.78125,NA,NA,NA,NA,NA,NA,NA,NA,NA,NA,NA,NA,NA,NA,NA,NA,NA,NA,NA,NA,NA,NA,NA,NA,NA,NA,NA,NA,NA,NA,NA,NA,NA,NA,NA,NA,NA,NA,NA,NA,NA,NA,NA,NA,NA,NA,NA,NA,NA,NA,NA,NA,NA
"R1B_B",9,0,"FASMEE23","Button","Ambient","CW/KOH",20241217,20250519,"LL","1000x","n/a","small o's","R1B","F23_D",2023-10-08,2023-10-08 13:09:00,2023-10-08 19:09:00,1,"Red","PTFE",4,40,10,2023-10-08 19:09:00,2023-10-08 19:19:00,"","R1",20,0.02,0,0,-3.91202300542815,0.10625,0,NA,0,0,0,0,NA,123050.78125,NA,NA,NA,NA,NA,NA,NA,NA,NA,NA,NA,NA,NA,NA,NA,NA,NA,NA,NA,NA,NA,NA,NA,NA,NA,NA,NA,NA,NA,NA,NA,NA,NA,NA,NA,NA,NA,NA,NA,NA,NA,NA,NA,NA,NA,NA,NA,NA,NA,NA,NA,NA,NA
"R1B_B",10,1,"FASMEE23","Button","Ambient","CW/KOH",20241217,20250519,"LL","1000x","n/a","small o's","R1B","F23_D",2023-10-08,2023-10-08 13:09:00,2023-10-08 19:09:00,1,"Red","PTFE",4,40,10,2023-10-08 19:09:00,2023-10-08 19:19:00,"","R1",20,0.02,0,1,-3.91202300542815,0.10625,0.89375,NA,7225,361250,6457.34375,322867.1875,NA,123050.78125,NA,NA,NA,NA,NA,NA,NA,NA,NA,NA,NA,NA,NA,NA,NA,NA,NA,NA,NA,NA,NA,NA,NA,NA,NA,NA,NA,NA,NA,NA,NA,NA,NA,NA,NA,NA,NA,NA,NA,NA,NA,NA,NA,NA,NA,NA,NA,NA,NA,NA,NA,NA,NA
"R1B_B",11,0,"FASMEE23","Button","Ambient","CW/KOH",20241217,20250519,"LL","1000x","n/a","small o's","R1B","F23_D",2023-10-08,2023-10-08 13:09:00,2023-10-08 19:09:00,1,"Red","PTFE",4,40,10,2023-10-08 19:09:00,2023-10-08 19:19:00,"","R1",20,0.02,0,0,-3.91202300542815,0.10625,0,NA,0,0,0,0,NA,123050.78125,NA,NA,NA,NA,NA,NA,NA,NA,NA,NA,NA,NA,NA,NA,NA,NA,NA,NA,NA,NA,NA,NA,NA,NA,NA,NA,NA,NA,NA,NA,NA,NA,NA,NA,NA,NA,NA,NA,NA,NA,NA,NA,NA,NA,NA,NA,NA,NA,NA,NA,NA,NA,NA
"R1B_B",12,1,"FASMEE23","Button","Ambient","CW/KOH",20241217,20250519,"LL","1000x","n/a","small o's","R1B","F23_D",2023-10-08,2023-10-08 13:09:00,2023-10-08 19:09:00,1,"Red","PTFE",4,40,10,2023-10-08 19:09:00,2023-10-08 19:19:00,"","R1",20,0.02,0,1,-3.91202300542815,0.10625,0.89375,NA,7225,361250,6457.34375,322867.1875,NA,123050.78125,NA,NA,NA,NA,NA,NA,NA,NA,NA,NA,NA,NA,NA,NA,NA,NA,NA,NA,NA,NA,NA,NA,NA,NA,NA,NA,NA,NA,NA,NA,NA,NA,NA,NA,NA,NA,NA,NA,NA,NA,NA,NA,NA,NA,NA,NA,NA,NA,NA,NA,NA,NA,NA
"R1B_B",13,0,"FASMEE23","Button","Ambient","CW/KOH",20241217,20250519,"LL","1000x","n/a","small o's","R1B","F23_D",2023-10-08,2023-10-08 13:09:00,2023-10-08 19:09:00,1,"Red","PTFE",4,40,10,2023-10-08 19:09:00,2023-10-08 19:19:00,"","R1",20,0.02,0,0,-3.91202300542815,0.10625,0,NA,0,0,0,0,NA,123050.78125,NA,NA,NA,NA,NA,NA,NA,NA,NA,NA,NA,NA,NA,NA,NA,NA,NA,NA,NA,NA,NA,NA,NA,NA,NA,NA,NA,NA,NA,NA,NA,NA,NA,NA,NA,NA,NA,NA,NA,NA,NA,NA,NA,NA,NA,NA,NA,NA,NA,NA,NA,NA,NA
"R1B_B",14,0,"FASMEE23","Button","Ambient","CW/KOH",20241217,20250519,"LL","1000x","n/a","small o's","R1B","F23_D",2023-10-08,2023-10-08 13:09:00,2023-10-08 19:09:00,1,"Red","PTFE",4,40,10,2023-10-08 19:09:00,2023-10-08 19:19:00,"","R1",20,0.02,0,0,-3.91202300542815,0.10625,0,NA,0,0,0,0,NA,123050.78125,NA,NA,NA,NA,NA,NA,NA,NA,NA,NA,NA,NA,NA,NA,NA,NA,NA,NA,NA,NA,NA,NA,NA,NA,NA,NA,NA,NA,NA,NA,NA,NA,NA,NA,NA,NA,NA,NA,NA,NA,NA,NA,NA,NA,NA,NA,NA,NA,NA,NA,NA,NA,NA
"R1B_B",15,0,"FASMEE23","Button","Ambient","CW/KOH",20241217,20250519,"LL","1000x","n/a","small o's","R1B","F23_D",2023-10-08,2023-10-08 13:09:00,2023-10-08 19:09:00,1,"Red","PTFE",4,40,10,2023-10-08 19:09:00,2023-10-08 19:19:00,"","R1",20,0.02,0,0,-3.91202300542815,0.10625,0,NA,0,0,0,0,NA,123050.78125,NA,NA,NA,NA,NA,NA,NA,NA,NA,NA,NA,NA,NA,NA,NA,NA,NA,NA,NA,NA,NA,NA,NA,NA,NA,NA,NA,NA,NA,NA,NA,NA,NA,NA,NA,NA,NA,NA,NA,NA,NA,NA,NA,NA,NA,NA,NA,NA,NA,NA,NA,NA,NA
"R1B_B",16,1,"FASMEE23","Button","Ambient","CW/KOH",20241217,20250519,"LL","1000x","n/a","small o's","R1B","F23_D",2023-10-08,2023-10-08 13:09:00,2023-10-08 19:09:00,1,"Red","PTFE",4,40,10,2023-10-08 19:09:00,2023-10-08 19:19:00,"","R1",20,0.02,0,1,-3.91202300542815,0.10625,0.89375,NA,7225,361250,6457.34375,322867.1875,NA,123050.78125,NA,NA,NA,NA,NA,NA,NA,NA,NA,NA,NA,NA,NA,NA,NA,NA,NA,NA,NA,NA,NA,NA,NA,NA,NA,NA,NA,NA,NA,NA,NA,NA,NA,NA,NA,NA,NA,NA,NA,NA,NA,NA,NA,NA,NA,NA,NA,NA,NA,NA,NA,NA,NA
"R1B_B",17,0,"FASMEE23","Button","Ambient","CW/KOH",20241217,20250519,"LL","1000x","n/a","small o's","R1B","F23_D",2023-10-08,2023-10-08 13:09:00,2023-10-08 19:09:00,1,"Red","PTFE",4,40,10,2023-10-08 19:09:00,2023-10-08 19:19:00,"","R1",20,0.02,0,0,-3.91202300542815,0.10625,0,NA,0,0,0,0,NA,123050.78125,NA,NA,NA,NA,NA,NA,NA,NA,NA,NA,NA,NA,NA,NA,NA,NA,NA,NA,NA,NA,NA,NA,NA,NA,NA,NA,NA,NA,NA,NA,NA,NA,NA,NA,NA,NA,NA,NA,NA,NA,NA,NA,NA,NA,NA,NA,NA,NA,NA,NA,NA,NA,NA
"R1B_B",18,0,"FASMEE23","Button","Ambient","CW/KOH",20241217,20250519,"LL","1000x","n/a","small o's","R1B","F23_D",2023-10-08,2023-10-08 13:09:00,2023-10-08 19:09:00,1,"Red","PTFE",4,40,10,2023-10-08 19:09:00,2023-10-08 19:19:00,"","R1",20,0.02,0,0,-3.91202300542815,0.10625,0,NA,0,0,0,0,NA,123050.78125,NA,NA,NA,NA,NA,NA,NA,NA,NA,NA,NA,NA,NA,NA,NA,NA,NA,NA,NA,NA,NA,NA,NA,NA,NA,NA,NA,NA,NA,NA,NA,NA,NA,NA,NA,NA,NA,NA,NA,NA,NA,NA,NA,NA,NA,NA,NA,NA,NA,NA,NA,NA,NA
"R1B_B",19,1,"FASMEE23","Button","Ambient","CW/KOH",20241217,20250519,"LL","1000x","n/a","small o's","R1B","F23_D",2023-10-08,2023-10-08 13:09:00,2023-10-08 19:09:00,1,"Red","PTFE",4,40,10,2023-10-08 19:09:00,2023-10-08 19:19:00,"","R1",20,0.02,0,1,-3.91202300542815,0.10625,0.89375,NA,7225,361250,6457.34375,322867.1875,NA,123050.78125,NA,NA,NA,NA,NA,NA,NA,NA,NA,NA,NA,NA,NA,NA,NA,NA,NA,NA,NA,NA,NA,NA,NA,NA,NA,NA,NA,NA,NA,NA,NA,NA,NA,NA,NA,NA,NA,NA,NA,NA,NA,NA,NA,NA,NA,NA,NA,NA,NA,NA,NA,NA,NA
"R1B_B",20,1,"FASMEE23","Button","Ambient","CW/KOH",20241217,20250519,"LL","1000x","n/a","small o's","R1B","F23_D",2023-10-08,2023-10-08 13:09:00,2023-10-08 19:09:00,1,"Red","PTFE",4,40,10,2023-10-08 19:09:00,2023-10-08 19:19:00,"","R1",20,0.02,0,1,-3.91202300542815,0.10625,0.89375,NA,7225,361250,6457.34375,322867.1875,NA,123050.78125,NA,NA,NA,NA,NA,NA,NA,NA,NA,NA,NA,NA,NA,NA,NA,NA,NA,NA,NA,NA,NA,NA,NA,NA,NA,NA,NA,NA,NA,NA,NA,NA,NA,NA,NA,NA,NA,NA,NA,NA,NA,NA,NA,NA,NA,NA,NA,NA,NA,NA,NA,NA,NA
"R1B_B",21,0,"FASMEE23","Button","Ambient","CW/KOH",20241217,20250519,"LL","1000x","n/a","small o's","R1B","F23_D",2023-10-08,2023-10-08 13:09:00,2023-10-08 19:09:00,1,"Red","PTFE",4,40,10,2023-10-08 19:09:00,2023-10-08 19:19:00,"","R1",20,0.02,0,0,-3.91202300542815,0.10625,0,NA,0,0,0,0,NA,123050.78125,NA,NA,NA,NA,NA,NA,NA,NA,NA,NA,NA,NA,NA,NA,NA,NA,NA,NA,NA,NA,NA,NA,NA,NA,NA,NA,NA,NA,NA,NA,NA,NA,NA,NA,NA,NA,NA,NA,NA,NA,NA,NA,NA,NA,NA,NA,NA,NA,NA,NA,NA,NA,NA
"R1B_B",22,0,"FASMEE23","Button","Ambient","CW/KOH",20241217,20250519,"LL","1000x","n/a","small o's","R1B","F23_D",2023-10-08,2023-10-08 13:09:00,2023-10-08 19:09:00,1,"Red","PTFE",4,40,10,2023-10-08 19:09:00,2023-10-08 19:19:00,"","R1",20,0.02,0,0,-3.91202300542815,0.10625,0,NA,0,0,0,0,NA,123050.78125,NA,NA,NA,NA,NA,NA,NA,NA,NA,NA,NA,NA,NA,NA,NA,NA,NA,NA,NA,NA,NA,NA,NA,NA,NA,NA,NA,NA,NA,NA,NA,NA,NA,NA,NA,NA,NA,NA,NA,NA,NA,NA,NA,NA,NA,NA,NA,NA,NA,NA,NA,NA,NA
"R1B_B",23,0,"FASMEE23","Button","Ambient","CW/KOH",20241217,20250519,"LL","1000x","n/a","small o's","R1B","F23_D",2023-10-08,2023-10-08 13:09:00,2023-10-08 19:09:00,1,"Red","PTFE",4,40,10,2023-10-08 19:09:00,2023-10-08 19:19:00,"","R1",20,0.02,0,0,-3.91202300542815,0.10625,0,NA,0,0,0,0,NA,123050.78125,NA,NA,NA,NA,NA,NA,NA,NA,NA,NA,NA,NA,NA,NA,NA,NA,NA,NA,NA,NA,NA,NA,NA,NA,NA,NA,NA,NA,NA,NA,NA,NA,NA,NA,NA,NA,NA,NA,NA,NA,NA,NA,NA,NA,NA,NA,NA,NA,NA,NA,NA,NA,NA
"R1B_B",24,0,"FASMEE23","Button","Ambient","CW/KOH",20241217,20250519,"LL","1000x","n/a","small o's","R1B","F23_D",2023-10-08,2023-10-08 13:09:00,2023-10-08 19:09:00,1,"Red","PTFE",4,40,10,2023-10-08 19:09:00,2023-10-08 19:19:00,"","R1",20,0.02,0,0,-3.91202300542815,0.10625,0,NA,0,0,0,0,NA,123050.78125,NA,NA,NA,NA,NA,NA,NA,NA,NA,NA,NA,NA,NA,NA,NA,NA,NA,NA,NA,NA,NA,NA,NA,NA,NA,NA,NA,NA,NA,NA,NA,NA,NA,NA,NA,NA,NA,NA,NA,NA,NA,NA,NA,NA,NA,NA,NA,NA,NA,NA,NA,NA,NA
"R1B_B",25,0,"FASMEE23","Button","Ambient","CW/KOH",20241217,20250519,"LL","1000x","n/a","small o's","R1B","F23_D",2023-10-08,2023-10-08 13:09:00,2023-10-08 19:09:00,1,"Red","PTFE",4,40,10,2023-10-08 19:09:00,2023-10-08 19:19:00,"","R1",20,0.02,0,0,-3.91202300542815,0.10625,0,NA,0,0,0,0,NA,123050.78125,NA,NA,NA,NA,NA,NA,NA,NA,NA,NA,NA,NA,NA,NA,NA,NA,NA,NA,NA,NA,NA,NA,NA,NA,NA,NA,NA,NA,NA,NA,NA,NA,NA,NA,NA,NA,NA,NA,NA,NA,NA,NA,NA,NA,NA,NA,NA,NA,NA,NA,NA,NA,NA
"R1B_B",26,0,"FASMEE23","Button","Ambient","CW/KOH",20241217,20250519,"LL","1000x","n/a","small o's","R1B","F23_D",2023-10-08,2023-10-08 13:09:00,2023-10-08 19:09:00,1,"Red","PTFE",4,40,10,2023-10-08 19:09:00,2023-10-08 19:19:00,"","R1",20,0.02,0,0,-3.91202300542815,0.10625,0,NA,0,0,0,0,NA,123050.78125,NA,NA,NA,NA,NA,NA,NA,NA,NA,NA,NA,NA,NA,NA,NA,NA,NA,NA,NA,NA,NA,NA,NA,NA,NA,NA,NA,NA,NA,NA,NA,NA,NA,NA,NA,NA,NA,NA,NA,NA,NA,NA,NA,NA,NA,NA,NA,NA,NA,NA,NA,NA,NA
"R1B_B",27,0,"FASMEE23","Button","Ambient","CW/KOH",20241217,20250519,"LL","1000x","n/a","small o's","R1B","F23_D",2023-10-08,2023-10-08 13:09:00,2023-10-08 19:09:00,1,"Red","PTFE",4,40,10,2023-10-08 19:09:00,2023-10-08 19:19:00,"","R1",20,0.02,0,0,-3.91202300542815,0.10625,0,NA,0,0,0,0,NA,123050.78125,NA,NA,NA,NA,NA,NA,NA,NA,NA,NA,NA,NA,NA,NA,NA,NA,NA,NA,NA,NA,NA,NA,NA,NA,NA,NA,NA,NA,NA,NA,NA,NA,NA,NA,NA,NA,NA,NA,NA,NA,NA,NA,NA,NA,NA,NA,NA,NA,NA,NA,NA,NA,NA
"R1B_B",28,1,"FASMEE23","Button","Ambient","CW/KOH",20241217,20250519,"LL","1000x","n/a","small o's","R1B","F23_D",2023-10-08,2023-10-08 13:09:00,2023-10-08 19:09:00,1,"Red","PTFE",4,40,10,2023-10-08 19:09:00,2023-10-08 19:19:00,"","R1",20,0.02,0,1,-3.91202300542815,0.10625,0.89375,NA,7225,361250,6457.34375,322867.1875,NA,123050.78125,NA,NA,NA,NA,NA,NA,NA,NA,NA,NA,NA,NA,NA,NA,NA,NA,NA,NA,NA,NA,NA,NA,NA,NA,NA,NA,NA,NA,NA,NA,NA,NA,NA,NA,NA,NA,NA,NA,NA,NA,NA,NA,NA,NA,NA,NA,NA,NA,NA,NA,NA,NA,NA
"R1B_B",29,0,"FASMEE23","Button","Ambient","CW/KOH",20241217,20250519,"LL","1000x","n/a","small o's","R1B","F23_D",2023-10-08,2023-10-08 13:09:00,2023-10-08 19:09:00,1,"Red","PTFE",4,40,10,2023-10-08 19:09:00,2023-10-08 19:19:00,"","R1",20,0.02,0,0,-3.91202300542815,0.10625,0,NA,0,0,0,0,NA,123050.78125,NA,NA,NA,NA,NA,NA,NA,NA,NA,NA,NA,NA,NA,NA,NA,NA,NA,NA,NA,NA,NA,NA,NA,NA,NA,NA,NA,NA,NA,NA,NA,NA,NA,NA,NA,NA,NA,NA,NA,NA,NA,NA,NA,NA,NA,NA,NA,NA,NA,NA,NA,NA,NA
"R1B_B",30,0,"FASMEE23","Button","Ambient","CW/KOH",20241217,20250519,"LL","1000x","n/a","small o's","R1B","F23_D",2023-10-08,2023-10-08 13:09:00,2023-10-08 19:09:00,1,"Red","PTFE",4,40,10,2023-10-08 19:09:00,2023-10-08 19:19:00,"","R1",20,0.02,0,0,-3.91202300542815,0.10625,0,NA,0,0,0,0,NA,123050.78125,NA,NA,NA,NA,NA,NA,NA,NA,NA,NA,NA,NA,NA,NA,NA,NA,NA,NA,NA,NA,NA,NA,NA,NA,NA,NA,NA,NA,NA,NA,NA,NA,NA,NA,NA,NA,NA,NA,NA,NA,NA,NA,NA,NA,NA,NA,NA,NA,NA,NA,NA,NA,NA
"R1B_B",31,0,"FASMEE23","Button","Ambient","CW/KOH",20241217,20250519,"LL","1000x","n/a","small o's","R1B","F23_D",2023-10-08,2023-10-08 13:09:00,2023-10-08 19:09:00,1,"Red","PTFE",4,40,10,2023-10-08 19:09:00,2023-10-08 19:19:00,"","R1",20,0.02,0,0,-3.91202300542815,0.10625,0,NA,0,0,0,0,NA,123050.78125,NA,NA,NA,NA,NA,NA,NA,NA,NA,NA,NA,NA,NA,NA,NA,NA,NA,NA,NA,NA,NA,NA,NA,NA,NA,NA,NA,NA,NA,NA,NA,NA,NA,NA,NA,NA,NA,NA,NA,NA,NA,NA,NA,NA,NA,NA,NA,NA,NA,NA,NA,NA,NA
"R1B_B",32,0,"FASMEE23","Button","Ambient","CW/KOH",20241217,20250519,"LL","1000x","n/a","small o's","R1B","F23_D",2023-10-08,2023-10-08 13:09:00,2023-10-08 19:09:00,1,"Red","PTFE",4,40,10,2023-10-08 19:09:00,2023-10-08 19:19:00,"","R1",20,0.02,0,0,-3.91202300542815,0.10625,0,NA,0,0,0,0,NA,123050.78125,NA,NA,NA,NA,NA,NA,NA,NA,NA,NA,NA,NA,NA,NA,NA,NA,NA,NA,NA,NA,NA,NA,NA,NA,NA,NA,NA,NA,NA,NA,NA,NA,NA,NA,NA,NA,NA,NA,NA,NA,NA,NA,NA,NA,NA,NA,NA,NA,NA,NA,NA,NA,NA
"R1B_B",33,0,"FASMEE23","Button","Ambient","CW/KOH",20241217,20250519,"LL","1000x","n/a","small o's","R1B","F23_D",2023-10-08,2023-10-08 13:09:00,2023-10-08 19:09:00,1,"Red","PTFE",4,40,10,2023-10-08 19:09:00,2023-10-08 19:19:00,"","R1",20,0.02,0,0,-3.91202300542815,0.10625,0,NA,0,0,0,0,NA,123050.78125,NA,NA,NA,NA,NA,NA,NA,NA,NA,NA,NA,NA,NA,NA,NA,NA,NA,NA,NA,NA,NA,NA,NA,NA,NA,NA,NA,NA,NA,NA,NA,NA,NA,NA,NA,NA,NA,NA,NA,NA,NA,NA,NA,NA,NA,NA,NA,NA,NA,NA,NA,NA,NA
"R1B_B",34,0,"FASMEE23","Button","Ambient","CW/KOH",20241217,20250519,"LL","1000x","n/a","small o's","R1B","F23_D",2023-10-08,2023-10-08 13:09:00,2023-10-08 19:09:00,1,"Red","PTFE",4,40,10,2023-10-08 19:09:00,2023-10-08 19:19:00,"","R1",20,0.02,0,0,-3.91202300542815,0.10625,0,NA,0,0,0,0,NA,123050.78125,NA,NA,NA,NA,NA,NA,NA,NA,NA,NA,NA,NA,NA,NA,NA,NA,NA,NA,NA,NA,NA,NA,NA,NA,NA,NA,NA,NA,NA,NA,NA,NA,NA,NA,NA,NA,NA,NA,NA,NA,NA,NA,NA,NA,NA,NA,NA,NA,NA,NA,NA,NA,NA
"R1B_B",35,0,"FASMEE23","Button","Ambient","CW/KOH",20241217,20250519,"LL","1000x","n/a","small o's","R1B","F23_D",2023-10-08,2023-10-08 13:09:00,2023-10-08 19:09:00,1,"Red","PTFE",4,40,10,2023-10-08 19:09:00,2023-10-08 19:19:00,"","R1",20,0.02,0,0,-3.91202300542815,0.10625,0,NA,0,0,0,0,NA,123050.78125,NA,NA,NA,NA,NA,NA,NA,NA,NA,NA,NA,NA,NA,NA,NA,NA,NA,NA,NA,NA,NA,NA,NA,NA,NA,NA,NA,NA,NA,NA,NA,NA,NA,NA,NA,NA,NA,NA,NA,NA,NA,NA,NA,NA,NA,NA,NA,NA,NA,NA,NA,NA,NA
"R1B_B",36,0,"FASMEE23","Button","Ambient","CW/KOH",20241217,20250519,"LL","1000x","n/a","small o's","R1B","F23_D",2023-10-08,2023-10-08 13:09:00,2023-10-08 19:09:00,1,"Red","PTFE",4,40,10,2023-10-08 19:09:00,2023-10-08 19:19:00,"","R1",20,0.02,0,0,-3.91202300542815,0.10625,0,NA,0,0,0,0,NA,123050.78125,NA,NA,NA,NA,NA,NA,NA,NA,NA,NA,NA,NA,NA,NA,NA,NA,NA,NA,NA,NA,NA,NA,NA,NA,NA,NA,NA,NA,NA,NA,NA,NA,NA,NA,NA,NA,NA,NA,NA,NA,NA,NA,NA,NA,NA,NA,NA,NA,NA,NA,NA,NA,NA
"R1B_B",37,1,"FASMEE23","Button","Ambient","CW/KOH",20241217,20250519,"LL","1000x","n/a","small o's","R1B","F23_D",2023-10-08,2023-10-08 13:09:00,2023-10-08 19:09:00,1,"Red","PTFE",4,40,10,2023-10-08 19:09:00,2023-10-08 19:19:00,"","R1",20,0.02,0,1,-3.91202300542815,0.10625,0.89375,NA,7225,361250,6457.34375,322867.1875,NA,123050.78125,NA,NA,NA,NA,NA,NA,NA,NA,NA,NA,NA,NA,NA,NA,NA,NA,NA,NA,NA,NA,NA,NA,NA,NA,NA,NA,NA,NA,NA,NA,NA,NA,NA,NA,NA,NA,NA,NA,NA,NA,NA,NA,NA,NA,NA,NA,NA,NA,NA,NA,NA,NA,NA
"R1B_B",38,0,"FASMEE23","Button","Ambient","CW/KOH",20241217,20250519,"LL","1000x","n/a","small o's","R1B","F23_D",2023-10-08,2023-10-08 13:09:00,2023-10-08 19:09:00,1,"Red","PTFE",4,40,10,2023-10-08 19:09:00,2023-10-08 19:19:00,"","R1",20,0.02,0,0,-3.91202300542815,0.10625,0,NA,0,0,0,0,NA,123050.78125,NA,NA,NA,NA,NA,NA,NA,NA,NA,NA,NA,NA,NA,NA,NA,NA,NA,NA,NA,NA,NA,NA,NA,NA,NA,NA,NA,NA,NA,NA,NA,NA,NA,NA,NA,NA,NA,NA,NA,NA,NA,NA,NA,NA,NA,NA,NA,NA,NA,NA,NA,NA,NA
"R1B_B",39,0,"FASMEE23","Button","Ambient","CW/KOH",20241217,20250519,"LL","1000x","n/a","small o's","R1B","F23_D",2023-10-08,2023-10-08 13:09:00,2023-10-08 19:09:00,1,"Red","PTFE",4,40,10,2023-10-08 19:09:00,2023-10-08 19:19:00,"","R1",20,0.02,0,0,-3.91202300542815,0.10625,0,NA,0,0,0,0,NA,123050.78125,NA,NA,NA,NA,NA,NA,NA,NA,NA,NA,NA,NA,NA,NA,NA,NA,NA,NA,NA,NA,NA,NA,NA,NA,NA,NA,NA,NA,NA,NA,NA,NA,NA,NA,NA,NA,NA,NA,NA,NA,NA,NA,NA,NA,NA,NA,NA,NA,NA,NA,NA,NA,NA
"R1B_B",40,0,"FASMEE23","Button","Ambient","CW/KOH",20241217,20250519,"LL","1000x","n/a","small o's","R1B","F23_D",2023-10-08,2023-10-08 13:09:00,2023-10-08 19:09:00,1,"Red","PTFE",4,40,10,2023-10-08 19:09:00,2023-10-08 19:19:00,"","R1",20,0.02,0,0,-3.91202300542815,0.10625,0,NA,0,0,0,0,NA,123050.78125,NA,NA,NA,NA,NA,NA,NA,NA,NA,NA,NA,NA,NA,NA,NA,NA,NA,NA,NA,NA,NA,NA,NA,NA,NA,NA,NA,NA,NA,NA,NA,NA,NA,NA,NA,NA,NA,NA,NA,NA,NA,NA,NA,NA,NA,NA,NA,NA,NA,NA,NA,NA,NA
"R2B_B",1,0,"FASMEE23","Button","Ambient","CW/KOH",20241217,20250519,"LL","1000x","n/a","medium sized ovals","R2B","F23_D",2023-10-08,2023-10-08 13:40:00,2023-10-08 19:40:00,1,"Red","PTFE",4,40,10,2023-10-08 19:40:00,2023-10-08 19:50:00,"","R2",20,0.02,0,0,-3.91202300542815,0.10625,0,NA,0,0,0,0,NA,123050.78125,NA,NA,NA,NA,NA,NA,NA,NA,NA,NA,NA,NA,NA,NA,NA,NA,NA,NA,NA,NA,NA,NA,NA,NA,NA,NA,NA,NA,NA,NA,NA,NA,NA,NA,NA,NA,NA,NA,NA,NA,NA,NA,NA,NA,NA,NA,NA,NA,NA,NA,NA,NA,NA
"R2B_B",2,0,"FASMEE23","Button","Ambient","CW/KOH",20241217,20250519,"LL","1000x","n/a","medium sized ovals","R2B","F23_D",2023-10-08,2023-10-08 13:40:00,2023-10-08 19:40:00,1,"Red","PTFE",4,40,10,2023-10-08 19:40:00,2023-10-08 19:50:00,"","R2",20,0.02,0,0,-3.91202300542815,0.10625,0,NA,0,0,0,0,NA,123050.78125,NA,NA,NA,NA,NA,NA,NA,NA,NA,NA,NA,NA,NA,NA,NA,NA,NA,NA,NA,NA,NA,NA,NA,NA,NA,NA,NA,NA,NA,NA,NA,NA,NA,NA,NA,NA,NA,NA,NA,NA,NA,NA,NA,NA,NA,NA,NA,NA,NA,NA,NA,NA,NA
"R2B_B",3,0,"FASMEE23","Button","Ambient","CW/KOH",20241217,20250519,"LL","1000x","n/a","medium sized ovals","R2B","F23_D",2023-10-08,2023-10-08 13:40:00,2023-10-08 19:40:00,1,"Red","PTFE",4,40,10,2023-10-08 19:40:00,2023-10-08 19:50:00,"","R2",20,0.02,0,0,-3.91202300542815,0.10625,0,NA,0,0,0,0,NA,123050.78125,NA,NA,NA,NA,NA,NA,NA,NA,NA,NA,NA,NA,NA,NA,NA,NA,NA,NA,NA,NA,NA,NA,NA,NA,NA,NA,NA,NA,NA,NA,NA,NA,NA,NA,NA,NA,NA,NA,NA,NA,NA,NA,NA,NA,NA,NA,NA,NA,NA,NA,NA,NA,NA
"R2B_B",4,0,"FASMEE23","Button","Ambient","CW/KOH",20241217,20250519,"LL","1000x","n/a","medium sized ovals","R2B","F23_D",2023-10-08,2023-10-08 13:40:00,2023-10-08 19:40:00,1,"Red","PTFE",4,40,10,2023-10-08 19:40:00,2023-10-08 19:50:00,"","R2",20,0.02,0,0,-3.91202300542815,0.10625,0,NA,0,0,0,0,NA,123050.78125,NA,NA,NA,NA,NA,NA,NA,NA,NA,NA,NA,NA,NA,NA,NA,NA,NA,NA,NA,NA,NA,NA,NA,NA,NA,NA,NA,NA,NA,NA,NA,NA,NA,NA,NA,NA,NA,NA,NA,NA,NA,NA,NA,NA,NA,NA,NA,NA,NA,NA,NA,NA,NA
"R2B_B",5,0,"FASMEE23","Button","Ambient","CW/KOH",20241217,20250519,"LL","1000x","n/a","medium sized ovals","R2B","F23_D",2023-10-08,2023-10-08 13:40:00,2023-10-08 19:40:00,1,"Red","PTFE",4,40,10,2023-10-08 19:40:00,2023-10-08 19:50:00,"","R2",20,0.02,0,0,-3.91202300542815,0.10625,0,NA,0,0,0,0,NA,123050.78125,NA,NA,NA,NA,NA,NA,NA,NA,NA,NA,NA,NA,NA,NA,NA,NA,NA,NA,NA,NA,NA,NA,NA,NA,NA,NA,NA,NA,NA,NA,NA,NA,NA,NA,NA,NA,NA,NA,NA,NA,NA,NA,NA,NA,NA,NA,NA,NA,NA,NA,NA,NA,NA
"R2B_B",6,3,"FASMEE23","Button","Ambient","CW/KOH",20241217,20250519,"LL","1000x","n/a","medium sized ovals","R2B","F23_D",2023-10-08,2023-10-08 13:40:00,2023-10-08 19:40:00,1,"Red","PTFE",4,40,10,2023-10-08 19:40:00,2023-10-08 19:50:00,"","R2",20,0.02,0,3,-3.91202300542815,0.10625,2.89375,NA,21675,1083750,20907.34375,1045367.1875,NA,123050.78125,NA,NA,NA,NA,NA,NA,NA,NA,NA,NA,NA,NA,NA,NA,NA,NA,NA,NA,NA,NA,NA,NA,NA,NA,NA,NA,NA,NA,NA,NA,NA,NA,NA,NA,NA,NA,NA,NA,NA,NA,NA,NA,NA,NA,NA,NA,NA,NA,NA,NA,NA,NA,NA
"R2B_B",7,0,"FASMEE23","Button","Ambient","CW/KOH",20241217,20250519,"LL","1000x","n/a","medium sized ovals","R2B","F23_D",2023-10-08,2023-10-08 13:40:00,2023-10-08 19:40:00,1,"Red","PTFE",4,40,10,2023-10-08 19:40:00,2023-10-08 19:50:00,"","R2",20,0.02,0,0,-3.91202300542815,0.10625,0,NA,0,0,0,0,NA,123050.78125,NA,NA,NA,NA,NA,NA,NA,NA,NA,NA,NA,NA,NA,NA,NA,NA,NA,NA,NA,NA,NA,NA,NA,NA,NA,NA,NA,NA,NA,NA,NA,NA,NA,NA,NA,NA,NA,NA,NA,NA,NA,NA,NA,NA,NA,NA,NA,NA,NA,NA,NA,NA,NA
"R2B_B",8,0,"FASMEE23","Button","Ambient","CW/KOH",20241217,20250519,"LL","1000x","n/a","medium sized ovals","R2B","F23_D",2023-10-08,2023-10-08 13:40:00,2023-10-08 19:40:00,1,"Red","PTFE",4,40,10,2023-10-08 19:40:00,2023-10-08 19:50:00,"","R2",20,0.02,0,0,-3.91202300542815,0.10625,0,NA,0,0,0,0,NA,123050.78125,NA,NA,NA,NA,NA,NA,NA,NA,NA,NA,NA,NA,NA,NA,NA,NA,NA,NA,NA,NA,NA,NA,NA,NA,NA,NA,NA,NA,NA,NA,NA,NA,NA,NA,NA,NA,NA,NA,NA,NA,NA,NA,NA,NA,NA,NA,NA,NA,NA,NA,NA,NA,NA
"R2B_B",9,0,"FASMEE23","Button","Ambient","CW/KOH",20241217,20250519,"LL","1000x","n/a","medium sized ovals","R2B","F23_D",2023-10-08,2023-10-08 13:40:00,2023-10-08 19:40:00,1,"Red","PTFE",4,40,10,2023-10-08 19:40:00,2023-10-08 19:50:00,"","R2",20,0.02,0,0,-3.91202300542815,0.10625,0,NA,0,0,0,0,NA,123050.78125,NA,NA,NA,NA,NA,NA,NA,NA,NA,NA,NA,NA,NA,NA,NA,NA,NA,NA,NA,NA,NA,NA,NA,NA,NA,NA,NA,NA,NA,NA,NA,NA,NA,NA,NA,NA,NA,NA,NA,NA,NA,NA,NA,NA,NA,NA,NA,NA,NA,NA,NA,NA,NA
"R2B_B",10,0,"FASMEE23","Button","Ambient","CW/KOH",20241217,20250519,"LL","1000x","n/a","medium sized ovals","R2B","F23_D",2023-10-08,2023-10-08 13:40:00,2023-10-08 19:40:00,1,"Red","PTFE",4,40,10,2023-10-08 19:40:00,2023-10-08 19:50:00,"","R2",20,0.02,0,0,-3.91202300542815,0.10625,0,NA,0,0,0,0,NA,123050.78125,NA,NA,NA,NA,NA,NA,NA,NA,NA,NA,NA,NA,NA,NA,NA,NA,NA,NA,NA,NA,NA,NA,NA,NA,NA,NA,NA,NA,NA,NA,NA,NA,NA,NA,NA,NA,NA,NA,NA,NA,NA,NA,NA,NA,NA,NA,NA,NA,NA,NA,NA,NA,NA
"R2B_B",11,0,"FASMEE23","Button","Ambient","CW/KOH",20241217,20250519,"LL","1000x","n/a","medium sized ovals","R2B","F23_D",2023-10-08,2023-10-08 13:40:00,2023-10-08 19:40:00,1,"Red","PTFE",4,40,10,2023-10-08 19:40:00,2023-10-08 19:50:00,"","R2",20,0.02,0,0,-3.91202300542815,0.10625,0,NA,0,0,0,0,NA,123050.78125,NA,NA,NA,NA,NA,NA,NA,NA,NA,NA,NA,NA,NA,NA,NA,NA,NA,NA,NA,NA,NA,NA,NA,NA,NA,NA,NA,NA,NA,NA,NA,NA,NA,NA,NA,NA,NA,NA,NA,NA,NA,NA,NA,NA,NA,NA,NA,NA,NA,NA,NA,NA,NA
"R2B_B",12,0,"FASMEE23","Button","Ambient","CW/KOH",20241217,20250519,"LL","1000x","n/a","medium sized ovals","R2B","F23_D",2023-10-08,2023-10-08 13:40:00,2023-10-08 19:40:00,1,"Red","PTFE",4,40,10,2023-10-08 19:40:00,2023-10-08 19:50:00,"","R2",20,0.02,0,0,-3.91202300542815,0.10625,0,NA,0,0,0,0,NA,123050.78125,NA,NA,NA,NA,NA,NA,NA,NA,NA,NA,NA,NA,NA,NA,NA,NA,NA,NA,NA,NA,NA,NA,NA,NA,NA,NA,NA,NA,NA,NA,NA,NA,NA,NA,NA,NA,NA,NA,NA,NA,NA,NA,NA,NA,NA,NA,NA,NA,NA,NA,NA,NA,NA
"R2B_B",13,0,"FASMEE23","Button","Ambient","CW/KOH",20241217,20250519,"LL","1000x","n/a","medium sized ovals","R2B","F23_D",2023-10-08,2023-10-08 13:40:00,2023-10-08 19:40:00,1,"Red","PTFE",4,40,10,2023-10-08 19:40:00,2023-10-08 19:50:00,"","R2",20,0.02,0,0,-3.91202300542815,0.10625,0,NA,0,0,0,0,NA,123050.78125,NA,NA,NA,NA,NA,NA,NA,NA,NA,NA,NA,NA,NA,NA,NA,NA,NA,NA,NA,NA,NA,NA,NA,NA,NA,NA,NA,NA,NA,NA,NA,NA,NA,NA,NA,NA,NA,NA,NA,NA,NA,NA,NA,NA,NA,NA,NA,NA,NA,NA,NA,NA,NA
"R2B_B",14,0,"FASMEE23","Button","Ambient","CW/KOH",20241217,20250519,"LL","1000x","n/a","medium sized ovals","R2B","F23_D",2023-10-08,2023-10-08 13:40:00,2023-10-08 19:40:00,1,"Red","PTFE",4,40,10,2023-10-08 19:40:00,2023-10-08 19:50:00,"","R2",20,0.02,0,0,-3.91202300542815,0.10625,0,NA,0,0,0,0,NA,123050.78125,NA,NA,NA,NA,NA,NA,NA,NA,NA,NA,NA,NA,NA,NA,NA,NA,NA,NA,NA,NA,NA,NA,NA,NA,NA,NA,NA,NA,NA,NA,NA,NA,NA,NA,NA,NA,NA,NA,NA,NA,NA,NA,NA,NA,NA,NA,NA,NA,NA,NA,NA,NA,NA
"R2B_B",15,0,"FASMEE23","Button","Ambient","CW/KOH",20241217,20250519,"LL","1000x","n/a","medium sized ovals","R2B","F23_D",2023-10-08,2023-10-08 13:40:00,2023-10-08 19:40:00,1,"Red","PTFE",4,40,10,2023-10-08 19:40:00,2023-10-08 19:50:00,"","R2",20,0.02,0,0,-3.91202300542815,0.10625,0,NA,0,0,0,0,NA,123050.78125,NA,NA,NA,NA,NA,NA,NA,NA,NA,NA,NA,NA,NA,NA,NA,NA,NA,NA,NA,NA,NA,NA,NA,NA,NA,NA,NA,NA,NA,NA,NA,NA,NA,NA,NA,NA,NA,NA,NA,NA,NA,NA,NA,NA,NA,NA,NA,NA,NA,NA,NA,NA,NA
"R2B_B",16,0,"FASMEE23","Button","Ambient","CW/KOH",20241217,20250519,"LL","1000x","n/a","medium sized ovals","R2B","F23_D",2023-10-08,2023-10-08 13:40:00,2023-10-08 19:40:00,1,"Red","PTFE",4,40,10,2023-10-08 19:40:00,2023-10-08 19:50:00,"","R2",20,0.02,0,0,-3.91202300542815,0.10625,0,NA,0,0,0,0,NA,123050.78125,NA,NA,NA,NA,NA,NA,NA,NA,NA,NA,NA,NA,NA,NA,NA,NA,NA,NA,NA,NA,NA,NA,NA,NA,NA,NA,NA,NA,NA,NA,NA,NA,NA,NA,NA,NA,NA,NA,NA,NA,NA,NA,NA,NA,NA,NA,NA,NA,NA,NA,NA,NA,NA
"R2B_B",17,0,"FASMEE23","Button","Ambient","CW/KOH",20241217,20250519,"LL","1000x","n/a","medium sized ovals","R2B","F23_D",2023-10-08,2023-10-08 13:40:00,2023-10-08 19:40:00,1,"Red","PTFE",4,40,10,2023-10-08 19:40:00,2023-10-08 19:50:00,"","R2",20,0.02,0,0,-3.91202300542815,0.10625,0,NA,0,0,0,0,NA,123050.78125,NA,NA,NA,NA,NA,NA,NA,NA,NA,NA,NA,NA,NA,NA,NA,NA,NA,NA,NA,NA,NA,NA,NA,NA,NA,NA,NA,NA,NA,NA,NA,NA,NA,NA,NA,NA,NA,NA,NA,NA,NA,NA,NA,NA,NA,NA,NA,NA,NA,NA,NA,NA,NA
"R2B_B",18,0,"FASMEE23","Button","Ambient","CW/KOH",20241217,20250519,"LL","1000x","n/a","medium sized ovals","R2B","F23_D",2023-10-08,2023-10-08 13:40:00,2023-10-08 19:40:00,1,"Red","PTFE",4,40,10,2023-10-08 19:40:00,2023-10-08 19:50:00,"","R2",20,0.02,0,0,-3.91202300542815,0.10625,0,NA,0,0,0,0,NA,123050.78125,NA,NA,NA,NA,NA,NA,NA,NA,NA,NA,NA,NA,NA,NA,NA,NA,NA,NA,NA,NA,NA,NA,NA,NA,NA,NA,NA,NA,NA,NA,NA,NA,NA,NA,NA,NA,NA,NA,NA,NA,NA,NA,NA,NA,NA,NA,NA,NA,NA,NA,NA,NA,NA
"R2B_B",19,0,"FASMEE23","Button","Ambient","CW/KOH",20241217,20250519,"LL","1000x","n/a","medium sized ovals","R2B","F23_D",2023-10-08,2023-10-08 13:40:00,2023-10-08 19:40:00,1,"Red","PTFE",4,40,10,2023-10-08 19:40:00,2023-10-08 19:50:00,"","R2",20,0.02,0,0,-3.91202300542815,0.10625,0,NA,0,0,0,0,NA,123050.78125,NA,NA,NA,NA,NA,NA,NA,NA,NA,NA,NA,NA,NA,NA,NA,NA,NA,NA,NA,NA,NA,NA,NA,NA,NA,NA,NA,NA,NA,NA,NA,NA,NA,NA,NA,NA,NA,NA,NA,NA,NA,NA,NA,NA,NA,NA,NA,NA,NA,NA,NA,NA,NA
"R2B_B",20,0,"FASMEE23","Button","Ambient","CW/KOH",20241217,20250519,"LL","1000x","n/a","medium sized ovals","R2B","F23_D",2023-10-08,2023-10-08 13:40:00,2023-10-08 19:40:00,1,"Red","PTFE",4,40,10,2023-10-08 19:40:00,2023-10-08 19:50:00,"","R2",20,0.02,0,0,-3.91202300542815,0.10625,0,NA,0,0,0,0,NA,123050.78125,NA,NA,NA,NA,NA,NA,NA,NA,NA,NA,NA,NA,NA,NA,NA,NA,NA,NA,NA,NA,NA,NA,NA,NA,NA,NA,NA,NA,NA,NA,NA,NA,NA,NA,NA,NA,NA,NA,NA,NA,NA,NA,NA,NA,NA,NA,NA,NA,NA,NA,NA,NA,NA
"R2B_B",21,0,"FASMEE23","Button","Ambient","CW/KOH",20241217,20250519,"LL","1000x","n/a","medium sized ovals","R2B","F23_D",2023-10-08,2023-10-08 13:40:00,2023-10-08 19:40:00,1,"Red","PTFE",4,40,10,2023-10-08 19:40:00,2023-10-08 19:50:00,"","R2",20,0.02,0,0,-3.91202300542815,0.10625,0,NA,0,0,0,0,NA,123050.78125,NA,NA,NA,NA,NA,NA,NA,NA,NA,NA,NA,NA,NA,NA,NA,NA,NA,NA,NA,NA,NA,NA,NA,NA,NA,NA,NA,NA,NA,NA,NA,NA,NA,NA,NA,NA,NA,NA,NA,NA,NA,NA,NA,NA,NA,NA,NA,NA,NA,NA,NA,NA,NA
"R2B_B",22,0,"FASMEE23","Button","Ambient","CW/KOH",20241217,20250519,"LL","1000x","n/a","medium sized ovals","R2B","F23_D",2023-10-08,2023-10-08 13:40:00,2023-10-08 19:40:00,1,"Red","PTFE",4,40,10,2023-10-08 19:40:00,2023-10-08 19:50:00,"","R2",20,0.02,0,0,-3.91202300542815,0.10625,0,NA,0,0,0,0,NA,123050.78125,NA,NA,NA,NA,NA,NA,NA,NA,NA,NA,NA,NA,NA,NA,NA,NA,NA,NA,NA,NA,NA,NA,NA,NA,NA,NA,NA,NA,NA,NA,NA,NA,NA,NA,NA,NA,NA,NA,NA,NA,NA,NA,NA,NA,NA,NA,NA,NA,NA,NA,NA,NA,NA
"R2B_B",23,0,"FASMEE23","Button","Ambient","CW/KOH",20241217,20250519,"LL","1000x","n/a","medium sized ovals","R2B","F23_D",2023-10-08,2023-10-08 13:40:00,2023-10-08 19:40:00,1,"Red","PTFE",4,40,10,2023-10-08 19:40:00,2023-10-08 19:50:00,"","R2",20,0.02,0,0,-3.91202300542815,0.10625,0,NA,0,0,0,0,NA,123050.78125,NA,NA,NA,NA,NA,NA,NA,NA,NA,NA,NA,NA,NA,NA,NA,NA,NA,NA,NA,NA,NA,NA,NA,NA,NA,NA,NA,NA,NA,NA,NA,NA,NA,NA,NA,NA,NA,NA,NA,NA,NA,NA,NA,NA,NA,NA,NA,NA,NA,NA,NA,NA,NA
"R2B_B",24,0,"FASMEE23","Button","Ambient","CW/KOH",20241217,20250519,"LL","1000x","n/a","medium sized ovals","R2B","F23_D",2023-10-08,2023-10-08 13:40:00,2023-10-08 19:40:00,1,"Red","PTFE",4,40,10,2023-10-08 19:40:00,2023-10-08 19:50:00,"","R2",20,0.02,0,0,-3.91202300542815,0.10625,0,NA,0,0,0,0,NA,123050.78125,NA,NA,NA,NA,NA,NA,NA,NA,NA,NA,NA,NA,NA,NA,NA,NA,NA,NA,NA,NA,NA,NA,NA,NA,NA,NA,NA,NA,NA,NA,NA,NA,NA,NA,NA,NA,NA,NA,NA,NA,NA,NA,NA,NA,NA,NA,NA,NA,NA,NA,NA,NA,NA
"R2B_B",25,0,"FASMEE23","Button","Ambient","CW/KOH",20241217,20250519,"LL","1000x","n/a","medium sized ovals","R2B","F23_D",2023-10-08,2023-10-08 13:40:00,2023-10-08 19:40:00,1,"Red","PTFE",4,40,10,2023-10-08 19:40:00,2023-10-08 19:50:00,"","R2",20,0.02,0,0,-3.91202300542815,0.10625,0,NA,0,0,0,0,NA,123050.78125,NA,NA,NA,NA,NA,NA,NA,NA,NA,NA,NA,NA,NA,NA,NA,NA,NA,NA,NA,NA,NA,NA,NA,NA,NA,NA,NA,NA,NA,NA,NA,NA,NA,NA,NA,NA,NA,NA,NA,NA,NA,NA,NA,NA,NA,NA,NA,NA,NA,NA,NA,NA,NA
"R2B_B",26,0,"FASMEE23","Button","Ambient","CW/KOH",20241217,20250519,"LL","1000x","n/a","medium sized ovals","R2B","F23_D",2023-10-08,2023-10-08 13:40:00,2023-10-08 19:40:00,1,"Red","PTFE",4,40,10,2023-10-08 19:40:00,2023-10-08 19:50:00,"","R2",20,0.02,0,0,-3.91202300542815,0.10625,0,NA,0,0,0,0,NA,123050.78125,NA,NA,NA,NA,NA,NA,NA,NA,NA,NA,NA,NA,NA,NA,NA,NA,NA,NA,NA,NA,NA,NA,NA,NA,NA,NA,NA,NA,NA,NA,NA,NA,NA,NA,NA,NA,NA,NA,NA,NA,NA,NA,NA,NA,NA,NA,NA,NA,NA,NA,NA,NA,NA
"R2B_B",27,0,"FASMEE23","Button","Ambient","CW/KOH",20241217,20250519,"LL","1000x","n/a","medium sized ovals","R2B","F23_D",2023-10-08,2023-10-08 13:40:00,2023-10-08 19:40:00,1,"Red","PTFE",4,40,10,2023-10-08 19:40:00,2023-10-08 19:50:00,"","R2",20,0.02,0,0,-3.91202300542815,0.10625,0,NA,0,0,0,0,NA,123050.78125,NA,NA,NA,NA,NA,NA,NA,NA,NA,NA,NA,NA,NA,NA,NA,NA,NA,NA,NA,NA,NA,NA,NA,NA,NA,NA,NA,NA,NA,NA,NA,NA,NA,NA,NA,NA,NA,NA,NA,NA,NA,NA,NA,NA,NA,NA,NA,NA,NA,NA,NA,NA,NA
"R2B_B",28,0,"FASMEE23","Button","Ambient","CW/KOH",20241217,20250519,"LL","1000x","n/a","medium sized ovals","R2B","F23_D",2023-10-08,2023-10-08 13:40:00,2023-10-08 19:40:00,1,"Red","PTFE",4,40,10,2023-10-08 19:40:00,2023-10-08 19:50:00,"","R2",20,0.02,0,0,-3.91202300542815,0.10625,0,NA,0,0,0,0,NA,123050.78125,NA,NA,NA,NA,NA,NA,NA,NA,NA,NA,NA,NA,NA,NA,NA,NA,NA,NA,NA,NA,NA,NA,NA,NA,NA,NA,NA,NA,NA,NA,NA,NA,NA,NA,NA,NA,NA,NA,NA,NA,NA,NA,NA,NA,NA,NA,NA,NA,NA,NA,NA,NA,NA
"R2B_B",29,1,"FASMEE23","Button","Ambient","CW/KOH",20241217,20250519,"LL","1000x","n/a","medium sized ovals","R2B","F23_D",2023-10-08,2023-10-08 13:40:00,2023-10-08 19:40:00,1,"Red","PTFE",4,40,10,2023-10-08 19:40:00,2023-10-08 19:50:00,"","R2",20,0.02,0,1,-3.91202300542815,0.10625,0.89375,NA,7225,361250,6457.34375,322867.1875,NA,123050.78125,NA,NA,NA,NA,NA,NA,NA,NA,NA,NA,NA,NA,NA,NA,NA,NA,NA,NA,NA,NA,NA,NA,NA,NA,NA,NA,NA,NA,NA,NA,NA,NA,NA,NA,NA,NA,NA,NA,NA,NA,NA,NA,NA,NA,NA,NA,NA,NA,NA,NA,NA,NA,NA
"R2B_B",30,0,"FASMEE23","Button","Ambient","CW/KOH",20241217,20250519,"LL","1000x","n/a","medium sized ovals","R2B","F23_D",2023-10-08,2023-10-08 13:40:00,2023-10-08 19:40:00,1,"Red","PTFE",4,40,10,2023-10-08 19:40:00,2023-10-08 19:50:00,"","R2",20,0.02,0,0,-3.91202300542815,0.10625,0,NA,0,0,0,0,NA,123050.78125,NA,NA,NA,NA,NA,NA,NA,NA,NA,NA,NA,NA,NA,NA,NA,NA,NA,NA,NA,NA,NA,NA,NA,NA,NA,NA,NA,NA,NA,NA,NA,NA,NA,NA,NA,NA,NA,NA,NA,NA,NA,NA,NA,NA,NA,NA,NA,NA,NA,NA,NA,NA,NA
"R2B_B",31,2,"FASMEE23","Button","Ambient","CW/KOH",20241217,20250519,"LL","1000x","n/a","medium sized ovals","R2B","F23_D",2023-10-08,2023-10-08 13:40:00,2023-10-08 19:40:00,1,"Red","PTFE",4,40,10,2023-10-08 19:40:00,2023-10-08 19:50:00,"","R2",20,0.02,0,2,-3.91202300542815,0.10625,1.89375,NA,14450,722500,13682.34375,684117.1875,NA,123050.78125,NA,NA,NA,NA,NA,NA,NA,NA,NA,NA,NA,NA,NA,NA,NA,NA,NA,NA,NA,NA,NA,NA,NA,NA,NA,NA,NA,NA,NA,NA,NA,NA,NA,NA,NA,NA,NA,NA,NA,NA,NA,NA,NA,NA,NA,NA,NA,NA,NA,NA,NA,NA,NA
"R2B_B",32,1,"FASMEE23","Button","Ambient","CW/KOH",20241217,20250519,"LL","1000x","n/a","medium sized ovals","R2B","F23_D",2023-10-08,2023-10-08 13:40:00,2023-10-08 19:40:00,1,"Red","PTFE",4,40,10,2023-10-08 19:40:00,2023-10-08 19:50:00,"","R2",20,0.02,0,1,-3.91202300542815,0.10625,0.89375,NA,7225,361250,6457.34375,322867.1875,NA,123050.78125,NA,NA,NA,NA,NA,NA,NA,NA,NA,NA,NA,NA,NA,NA,NA,NA,NA,NA,NA,NA,NA,NA,NA,NA,NA,NA,NA,NA,NA,NA,NA,NA,NA,NA,NA,NA,NA,NA,NA,NA,NA,NA,NA,NA,NA,NA,NA,NA,NA,NA,NA,NA,NA
"R2B_B",33,0,"FASMEE23","Button","Ambient","CW/KOH",20241217,20250519,"LL","1000x","n/a","medium sized ovals","R2B","F23_D",2023-10-08,2023-10-08 13:40:00,2023-10-08 19:40:00,1,"Red","PTFE",4,40,10,2023-10-08 19:40:00,2023-10-08 19:50:00,"","R2",20,0.02,0,0,-3.91202300542815,0.10625,0,NA,0,0,0,0,NA,123050.78125,NA,NA,NA,NA,NA,NA,NA,NA,NA,NA,NA,NA,NA,NA,NA,NA,NA,NA,NA,NA,NA,NA,NA,NA,NA,NA,NA,NA,NA,NA,NA,NA,NA,NA,NA,NA,NA,NA,NA,NA,NA,NA,NA,NA,NA,NA,NA,NA,NA,NA,NA,NA,NA
"R2B_B",34,0,"FASMEE23","Button","Ambient","CW/KOH",20241217,20250519,"LL","1000x","n/a","medium sized ovals","R2B","F23_D",2023-10-08,2023-10-08 13:40:00,2023-10-08 19:40:00,1,"Red","PTFE",4,40,10,2023-10-08 19:40:00,2023-10-08 19:50:00,"","R2",20,0.02,0,0,-3.91202300542815,0.10625,0,NA,0,0,0,0,NA,123050.78125,NA,NA,NA,NA,NA,NA,NA,NA,NA,NA,NA,NA,NA,NA,NA,NA,NA,NA,NA,NA,NA,NA,NA,NA,NA,NA,NA,NA,NA,NA,NA,NA,NA,NA,NA,NA,NA,NA,NA,NA,NA,NA,NA,NA,NA,NA,NA,NA,NA,NA,NA,NA,NA
"R2B_B",35,0,"FASMEE23","Button","Ambient","CW/KOH",20241217,20250519,"LL","1000x","n/a","medium sized ovals","R2B","F23_D",2023-10-08,2023-10-08 13:40:00,2023-10-08 19:40:00,1,"Red","PTFE",4,40,10,2023-10-08 19:40:00,2023-10-08 19:50:00,"","R2",20,0.02,0,0,-3.91202300542815,0.10625,0,NA,0,0,0,0,NA,123050.78125,NA,NA,NA,NA,NA,NA,NA,NA,NA,NA,NA,NA,NA,NA,NA,NA,NA,NA,NA,NA,NA,NA,NA,NA,NA,NA,NA,NA,NA,NA,NA,NA,NA,NA,NA,NA,NA,NA,NA,NA,NA,NA,NA,NA,NA,NA,NA,NA,NA,NA,NA,NA,NA
"R2B_B",36,0,"FASMEE23","Button","Ambient","CW/KOH",20241217,20250519,"LL","1000x","n/a","medium sized ovals","R2B","F23_D",2023-10-08,2023-10-08 13:40:00,2023-10-08 19:40:00,1,"Red","PTFE",4,40,10,2023-10-08 19:40:00,2023-10-08 19:50:00,"","R2",20,0.02,0,0,-3.91202300542815,0.10625,0,NA,0,0,0,0,NA,123050.78125,NA,NA,NA,NA,NA,NA,NA,NA,NA,NA,NA,NA,NA,NA,NA,NA,NA,NA,NA,NA,NA,NA,NA,NA,NA,NA,NA,NA,NA,NA,NA,NA,NA,NA,NA,NA,NA,NA,NA,NA,NA,NA,NA,NA,NA,NA,NA,NA,NA,NA,NA,NA,NA
"R2B_B",37,0,"FASMEE23","Button","Ambient","CW/KOH",20241217,20250519,"LL","1000x","n/a","medium sized ovals","R2B","F23_D",2023-10-08,2023-10-08 13:40:00,2023-10-08 19:40:00,1,"Red","PTFE",4,40,10,2023-10-08 19:40:00,2023-10-08 19:50:00,"","R2",20,0.02,0,0,-3.91202300542815,0.10625,0,NA,0,0,0,0,NA,123050.78125,NA,NA,NA,NA,NA,NA,NA,NA,NA,NA,NA,NA,NA,NA,NA,NA,NA,NA,NA,NA,NA,NA,NA,NA,NA,NA,NA,NA,NA,NA,NA,NA,NA,NA,NA,NA,NA,NA,NA,NA,NA,NA,NA,NA,NA,NA,NA,NA,NA,NA,NA,NA,NA
"R2B_B",38,0,"FASMEE23","Button","Ambient","CW/KOH",20241217,20250519,"LL","1000x","n/a","medium sized ovals","R2B","F23_D",2023-10-08,2023-10-08 13:40:00,2023-10-08 19:40:00,1,"Red","PTFE",4,40,10,2023-10-08 19:40:00,2023-10-08 19:50:00,"","R2",20,0.02,0,0,-3.91202300542815,0.10625,0,NA,0,0,0,0,NA,123050.78125,NA,NA,NA,NA,NA,NA,NA,NA,NA,NA,NA,NA,NA,NA,NA,NA,NA,NA,NA,NA,NA,NA,NA,NA,NA,NA,NA,NA,NA,NA,NA,NA,NA,NA,NA,NA,NA,NA,NA,NA,NA,NA,NA,NA,NA,NA,NA,NA,NA,NA,NA,NA,NA
"R2B_B",39,0,"FASMEE23","Button","Ambient","CW/KOH",20241217,20250519,"LL","1000x","n/a","medium sized ovals","R2B","F23_D",2023-10-08,2023-10-08 13:40:00,2023-10-08 19:40:00,1,"Red","PTFE",4,40,10,2023-10-08 19:40:00,2023-10-08 19:50:00,"","R2",20,0.02,0,0,-3.91202300542815,0.10625,0,NA,0,0,0,0,NA,123050.78125,NA,NA,NA,NA,NA,NA,NA,NA,NA,NA,NA,NA,NA,NA,NA,NA,NA,NA,NA,NA,NA,NA,NA,NA,NA,NA,NA,NA,NA,NA,NA,NA,NA,NA,NA,NA,NA,NA,NA,NA,NA,NA,NA,NA,NA,NA,NA,NA,NA,NA,NA,NA,NA
"R2B_B",40,0,"FASMEE23","Button","Ambient","CW/KOH",20241217,20250519,"LL","1000x","n/a","medium sized ovals","R2B","F23_D",2023-10-08,2023-10-08 13:40:00,2023-10-08 19:40:00,1,"Red","PTFE",4,40,10,2023-10-08 19:40:00,2023-10-08 19:50:00,"","R2",20,0.02,0,0,-3.91202300542815,0.10625,0,NA,0,0,0,0,NA,123050.78125,NA,NA,NA,NA,NA,NA,NA,NA,NA,NA,NA,NA,NA,NA,NA,NA,NA,NA,NA,NA,NA,NA,NA,NA,NA,NA,NA,NA,NA,NA,NA,NA,NA,NA,NA,NA,NA,NA,NA,NA,NA,NA,NA,NA,NA,NA,NA,NA,NA,NA,NA,NA,NA
"R3B_B",1,0,"FASMEE23","Button","Ambient","CW/KOH",20241217,20250519,"LL","1000x","n/a","","R3B","F23_D",2023-10-08,2023-10-08 14:10:00,2023-10-08 20:10:00,1,"Red","PTFE",4,40,10,2023-10-08 20:10:00,2023-10-08 20:20:00,"","R3",20,0.02,0,0,-3.91202300542815,0.10625,0,NA,0,0,0,0,NA,123050.78125,NA,NA,NA,NA,NA,NA,NA,NA,NA,NA,NA,NA,NA,NA,NA,NA,NA,NA,NA,NA,NA,NA,NA,NA,NA,NA,NA,NA,NA,NA,NA,NA,NA,NA,NA,NA,NA,NA,NA,NA,NA,NA,NA,NA,NA,NA,NA,NA,NA,NA,NA,NA,NA
"R3B_B",2,0,"FASMEE23","Button","Ambient","CW/KOH",20241217,20250519,"LL","1000x","n/a","","R3B","F23_D",2023-10-08,2023-10-08 14:10:00,2023-10-08 20:10:00,1,"Red","PTFE",4,40,10,2023-10-08 20:10:00,2023-10-08 20:20:00,"","R3",20,0.02,0,0,-3.91202300542815,0.10625,0,NA,0,0,0,0,NA,123050.78125,NA,NA,NA,NA,NA,NA,NA,NA,NA,NA,NA,NA,NA,NA,NA,NA,NA,NA,NA,NA,NA,NA,NA,NA,NA,NA,NA,NA,NA,NA,NA,NA,NA,NA,NA,NA,NA,NA,NA,NA,NA,NA,NA,NA,NA,NA,NA,NA,NA,NA,NA,NA,NA
"R3B_B",3,0,"FASMEE23","Button","Ambient","CW/KOH",20241217,20250519,"LL","1000x","n/a","","R3B","F23_D",2023-10-08,2023-10-08 14:10:00,2023-10-08 20:10:00,1,"Red","PTFE",4,40,10,2023-10-08 20:10:00,2023-10-08 20:20:00,"","R3",20,0.02,0,0,-3.91202300542815,0.10625,0,NA,0,0,0,0,NA,123050.78125,NA,NA,NA,NA,NA,NA,NA,NA,NA,NA,NA,NA,NA,NA,NA,NA,NA,NA,NA,NA,NA,NA,NA,NA,NA,NA,NA,NA,NA,NA,NA,NA,NA,NA,NA,NA,NA,NA,NA,NA,NA,NA,NA,NA,NA,NA,NA,NA,NA,NA,NA,NA,NA
"R3B_B",4,0,"FASMEE23","Button","Ambient","CW/KOH",20241217,20250519,"LL","1000x","n/a","","R3B","F23_D",2023-10-08,2023-10-08 14:10:00,2023-10-08 20:10:00,1,"Red","PTFE",4,40,10,2023-10-08 20:10:00,2023-10-08 20:20:00,"","R3",20,0.02,0,0,-3.91202300542815,0.10625,0,NA,0,0,0,0,NA,123050.78125,NA,NA,NA,NA,NA,NA,NA,NA,NA,NA,NA,NA,NA,NA,NA,NA,NA,NA,NA,NA,NA,NA,NA,NA,NA,NA,NA,NA,NA,NA,NA,NA,NA,NA,NA,NA,NA,NA,NA,NA,NA,NA,NA,NA,NA,NA,NA,NA,NA,NA,NA,NA,NA
"R3B_B",5,0,"FASMEE23","Button","Ambient","CW/KOH",20241217,20250519,"LL","1000x","n/a","","R3B","F23_D",2023-10-08,2023-10-08 14:10:00,2023-10-08 20:10:00,1,"Red","PTFE",4,40,10,2023-10-08 20:10:00,2023-10-08 20:20:00,"","R3",20,0.02,0,0,-3.91202300542815,0.10625,0,NA,0,0,0,0,NA,123050.78125,NA,NA,NA,NA,NA,NA,NA,NA,NA,NA,NA,NA,NA,NA,NA,NA,NA,NA,NA,NA,NA,NA,NA,NA,NA,NA,NA,NA,NA,NA,NA,NA,NA,NA,NA,NA,NA,NA,NA,NA,NA,NA,NA,NA,NA,NA,NA,NA,NA,NA,NA,NA,NA
"R3B_B",6,0,"FASMEE23","Button","Ambient","CW/KOH",20241217,20250519,"LL","1000x","n/a","","R3B","F23_D",2023-10-08,2023-10-08 14:10:00,2023-10-08 20:10:00,1,"Red","PTFE",4,40,10,2023-10-08 20:10:00,2023-10-08 20:20:00,"","R3",20,0.02,0,0,-3.91202300542815,0.10625,0,NA,0,0,0,0,NA,123050.78125,NA,NA,NA,NA,NA,NA,NA,NA,NA,NA,NA,NA,NA,NA,NA,NA,NA,NA,NA,NA,NA,NA,NA,NA,NA,NA,NA,NA,NA,NA,NA,NA,NA,NA,NA,NA,NA,NA,NA,NA,NA,NA,NA,NA,NA,NA,NA,NA,NA,NA,NA,NA,NA
"R3B_B",7,0,"FASMEE23","Button","Ambient","CW/KOH",20241217,20250519,"LL","1000x","n/a","","R3B","F23_D",2023-10-08,2023-10-08 14:10:00,2023-10-08 20:10:00,1,"Red","PTFE",4,40,10,2023-10-08 20:10:00,2023-10-08 20:20:00,"","R3",20,0.02,0,0,-3.91202300542815,0.10625,0,NA,0,0,0,0,NA,123050.78125,NA,NA,NA,NA,NA,NA,NA,NA,NA,NA,NA,NA,NA,NA,NA,NA,NA,NA,NA,NA,NA,NA,NA,NA,NA,NA,NA,NA,NA,NA,NA,NA,NA,NA,NA,NA,NA,NA,NA,NA,NA,NA,NA,NA,NA,NA,NA,NA,NA,NA,NA,NA,NA
"R3B_B",8,0,"FASMEE23","Button","Ambient","CW/KOH",20241217,20250519,"LL","1000x","n/a","","R3B","F23_D",2023-10-08,2023-10-08 14:10:00,2023-10-08 20:10:00,1,"Red","PTFE",4,40,10,2023-10-08 20:10:00,2023-10-08 20:20:00,"","R3",20,0.02,0,0,-3.91202300542815,0.10625,0,NA,0,0,0,0,NA,123050.78125,NA,NA,NA,NA,NA,NA,NA,NA,NA,NA,NA,NA,NA,NA,NA,NA,NA,NA,NA,NA,NA,NA,NA,NA,NA,NA,NA,NA,NA,NA,NA,NA,NA,NA,NA,NA,NA,NA,NA,NA,NA,NA,NA,NA,NA,NA,NA,NA,NA,NA,NA,NA,NA
"R3B_B",9,0,"FASMEE23","Button","Ambient","CW/KOH",20241217,20250519,"LL","1000x","n/a","","R3B","F23_D",2023-10-08,2023-10-08 14:10:00,2023-10-08 20:10:00,1,"Red","PTFE",4,40,10,2023-10-08 20:10:00,2023-10-08 20:20:00,"","R3",20,0.02,0,0,-3.91202300542815,0.10625,0,NA,0,0,0,0,NA,123050.78125,NA,NA,NA,NA,NA,NA,NA,NA,NA,NA,NA,NA,NA,NA,NA,NA,NA,NA,NA,NA,NA,NA,NA,NA,NA,NA,NA,NA,NA,NA,NA,NA,NA,NA,NA,NA,NA,NA,NA,NA,NA,NA,NA,NA,NA,NA,NA,NA,NA,NA,NA,NA,NA
"R3B_B",10,0,"FASMEE23","Button","Ambient","CW/KOH",20241217,20250519,"LL","1000x","n/a","","R3B","F23_D",2023-10-08,2023-10-08 14:10:00,2023-10-08 20:10:00,1,"Red","PTFE",4,40,10,2023-10-08 20:10:00,2023-10-08 20:20:00,"","R3",20,0.02,0,0,-3.91202300542815,0.10625,0,NA,0,0,0,0,NA,123050.78125,NA,NA,NA,NA,NA,NA,NA,NA,NA,NA,NA,NA,NA,NA,NA,NA,NA,NA,NA,NA,NA,NA,NA,NA,NA,NA,NA,NA,NA,NA,NA,NA,NA,NA,NA,NA,NA,NA,NA,NA,NA,NA,NA,NA,NA,NA,NA,NA,NA,NA,NA,NA,NA
"R3B_B",11,0,"FASMEE23","Button","Ambient","CW/KOH",20241217,20250519,"LL","1000x","n/a","","R3B","F23_D",2023-10-08,2023-10-08 14:10:00,2023-10-08 20:10:00,1,"Red","PTFE",4,40,10,2023-10-08 20:10:00,2023-10-08 20:20:00,"","R3",20,0.02,0,0,-3.91202300542815,0.10625,0,NA,0,0,0,0,NA,123050.78125,NA,NA,NA,NA,NA,NA,NA,NA,NA,NA,NA,NA,NA,NA,NA,NA,NA,NA,NA,NA,NA,NA,NA,NA,NA,NA,NA,NA,NA,NA,NA,NA,NA,NA,NA,NA,NA,NA,NA,NA,NA,NA,NA,NA,NA,NA,NA,NA,NA,NA,NA,NA,NA
"R3B_B",12,0,"FASMEE23","Button","Ambient","CW/KOH",20241217,20250519,"LL","1000x","n/a","","R3B","F23_D",2023-10-08,2023-10-08 14:10:00,2023-10-08 20:10:00,1,"Red","PTFE",4,40,10,2023-10-08 20:10:00,2023-10-08 20:20:00,"","R3",20,0.02,0,0,-3.91202300542815,0.10625,0,NA,0,0,0,0,NA,123050.78125,NA,NA,NA,NA,NA,NA,NA,NA,NA,NA,NA,NA,NA,NA,NA,NA,NA,NA,NA,NA,NA,NA,NA,NA,NA,NA,NA,NA,NA,NA,NA,NA,NA,NA,NA,NA,NA,NA,NA,NA,NA,NA,NA,NA,NA,NA,NA,NA,NA,NA,NA,NA,NA
"R3B_B",13,0,"FASMEE23","Button","Ambient","CW/KOH",20241217,20250519,"LL","1000x","n/a","","R3B","F23_D",2023-10-08,2023-10-08 14:10:00,2023-10-08 20:10:00,1,"Red","PTFE",4,40,10,2023-10-08 20:10:00,2023-10-08 20:20:00,"","R3",20,0.02,0,0,-3.91202300542815,0.10625,0,NA,0,0,0,0,NA,123050.78125,NA,NA,NA,NA,NA,NA,NA,NA,NA,NA,NA,NA,NA,NA,NA,NA,NA,NA,NA,NA,NA,NA,NA,NA,NA,NA,NA,NA,NA,NA,NA,NA,NA,NA,NA,NA,NA,NA,NA,NA,NA,NA,NA,NA,NA,NA,NA,NA,NA,NA,NA,NA,NA
"R3B_B",14,0,"FASMEE23","Button","Ambient","CW/KOH",20241217,20250519,"LL","1000x","n/a","","R3B","F23_D",2023-10-08,2023-10-08 14:10:00,2023-10-08 20:10:00,1,"Red","PTFE",4,40,10,2023-10-08 20:10:00,2023-10-08 20:20:00,"","R3",20,0.02,0,0,-3.91202300542815,0.10625,0,NA,0,0,0,0,NA,123050.78125,NA,NA,NA,NA,NA,NA,NA,NA,NA,NA,NA,NA,NA,NA,NA,NA,NA,NA,NA,NA,NA,NA,NA,NA,NA,NA,NA,NA,NA,NA,NA,NA,NA,NA,NA,NA,NA,NA,NA,NA,NA,NA,NA,NA,NA,NA,NA,NA,NA,NA,NA,NA,NA
"R3B_B",15,0,"FASMEE23","Button","Ambient","CW/KOH",20241217,20250519,"LL","1000x","n/a","","R3B","F23_D",2023-10-08,2023-10-08 14:10:00,2023-10-08 20:10:00,1,"Red","PTFE",4,40,10,2023-10-08 20:10:00,2023-10-08 20:20:00,"","R3",20,0.02,0,0,-3.91202300542815,0.10625,0,NA,0,0,0,0,NA,123050.78125,NA,NA,NA,NA,NA,NA,NA,NA,NA,NA,NA,NA,NA,NA,NA,NA,NA,NA,NA,NA,NA,NA,NA,NA,NA,NA,NA,NA,NA,NA,NA,NA,NA,NA,NA,NA,NA,NA,NA,NA,NA,NA,NA,NA,NA,NA,NA,NA,NA,NA,NA,NA,NA
"R3B_B",16,0,"FASMEE23","Button","Ambient","CW/KOH",20241217,20250519,"LL","1000x","n/a","","R3B","F23_D",2023-10-08,2023-10-08 14:10:00,2023-10-08 20:10:00,1,"Red","PTFE",4,40,10,2023-10-08 20:10:00,2023-10-08 20:20:00,"","R3",20,0.02,0,0,-3.91202300542815,0.10625,0,NA,0,0,0,0,NA,123050.78125,NA,NA,NA,NA,NA,NA,NA,NA,NA,NA,NA,NA,NA,NA,NA,NA,NA,NA,NA,NA,NA,NA,NA,NA,NA,NA,NA,NA,NA,NA,NA,NA,NA,NA,NA,NA,NA,NA,NA,NA,NA,NA,NA,NA,NA,NA,NA,NA,NA,NA,NA,NA,NA
"R3B_B",17,1,"FASMEE23","Button","Ambient","CW/KOH",20241217,20250519,"LL","1000x","n/a","","R3B","F23_D",2023-10-08,2023-10-08 14:10:00,2023-10-08 20:10:00,1,"Red","PTFE",4,40,10,2023-10-08 20:10:00,2023-10-08 20:20:00,"","R3",20,0.02,0,1,-3.91202300542815,0.10625,0.89375,NA,7225,361250,6457.34375,322867.1875,NA,123050.78125,NA,NA,NA,NA,NA,NA,NA,NA,NA,NA,NA,NA,NA,NA,NA,NA,NA,NA,NA,NA,NA,NA,NA,NA,NA,NA,NA,NA,NA,NA,NA,NA,NA,NA,NA,NA,NA,NA,NA,NA,NA,NA,NA,NA,NA,NA,NA,NA,NA,NA,NA,NA,NA
"R3B_B",18,0,"FASMEE23","Button","Ambient","CW/KOH",20241217,20250519,"LL","1000x","n/a","","R3B","F23_D",2023-10-08,2023-10-08 14:10:00,2023-10-08 20:10:00,1,"Red","PTFE",4,40,10,2023-10-08 20:10:00,2023-10-08 20:20:00,"","R3",20,0.02,0,0,-3.91202300542815,0.10625,0,NA,0,0,0,0,NA,123050.78125,NA,NA,NA,NA,NA,NA,NA,NA,NA,NA,NA,NA,NA,NA,NA,NA,NA,NA,NA,NA,NA,NA,NA,NA,NA,NA,NA,NA,NA,NA,NA,NA,NA,NA,NA,NA,NA,NA,NA,NA,NA,NA,NA,NA,NA,NA,NA,NA,NA,NA,NA,NA,NA
"R3B_B",19,1,"FASMEE23","Button","Ambient","CW/KOH",20241217,20250519,"LL","1000x","n/a","","R3B","F23_D",2023-10-08,2023-10-08 14:10:00,2023-10-08 20:10:00,1,"Red","PTFE",4,40,10,2023-10-08 20:10:00,2023-10-08 20:20:00,"","R3",20,0.02,0,1,-3.91202300542815,0.10625,0.89375,NA,7225,361250,6457.34375,322867.1875,NA,123050.78125,NA,NA,NA,NA,NA,NA,NA,NA,NA,NA,NA,NA,NA,NA,NA,NA,NA,NA,NA,NA,NA,NA,NA,NA,NA,NA,NA,NA,NA,NA,NA,NA,NA,NA,NA,NA,NA,NA,NA,NA,NA,NA,NA,NA,NA,NA,NA,NA,NA,NA,NA,NA,NA
"R3B_B",20,1,"FASMEE23","Button","Ambient","CW/KOH",20241217,20250519,"LL","1000x","n/a","","R3B","F23_D",2023-10-08,2023-10-08 14:10:00,2023-10-08 20:10:00,1,"Red","PTFE",4,40,10,2023-10-08 20:10:00,2023-10-08 20:20:00,"","R3",20,0.02,0,1,-3.91202300542815,0.10625,0.89375,NA,7225,361250,6457.34375,322867.1875,NA,123050.78125,NA,NA,NA,NA,NA,NA,NA,NA,NA,NA,NA,NA,NA,NA,NA,NA,NA,NA,NA,NA,NA,NA,NA,NA,NA,NA,NA,NA,NA,NA,NA,NA,NA,NA,NA,NA,NA,NA,NA,NA,NA,NA,NA,NA,NA,NA,NA,NA,NA,NA,NA,NA,NA
"R3B_B",21,0,"FASMEE23","Button","Ambient","CW/KOH",20241217,20250519,"LL","1000x","n/a","","R3B","F23_D",2023-10-08,2023-10-08 14:10:00,2023-10-08 20:10:00,1,"Red","PTFE",4,40,10,2023-10-08 20:10:00,2023-10-08 20:20:00,"","R3",20,0.02,0,0,-3.91202300542815,0.10625,0,NA,0,0,0,0,NA,123050.78125,NA,NA,NA,NA,NA,NA,NA,NA,NA,NA,NA,NA,NA,NA,NA,NA,NA,NA,NA,NA,NA,NA,NA,NA,NA,NA,NA,NA,NA,NA,NA,NA,NA,NA,NA,NA,NA,NA,NA,NA,NA,NA,NA,NA,NA,NA,NA,NA,NA,NA,NA,NA,NA
"R3B_B",22,0,"FASMEE23","Button","Ambient","CW/KOH",20241217,20250519,"LL","1000x","n/a","","R3B","F23_D",2023-10-08,2023-10-08 14:10:00,2023-10-08 20:10:00,1,"Red","PTFE",4,40,10,2023-10-08 20:10:00,2023-10-08 20:20:00,"","R3",20,0.02,0,0,-3.91202300542815,0.10625,0,NA,0,0,0,0,NA,123050.78125,NA,NA,NA,NA,NA,NA,NA,NA,NA,NA,NA,NA,NA,NA,NA,NA,NA,NA,NA,NA,NA,NA,NA,NA,NA,NA,NA,NA,NA,NA,NA,NA,NA,NA,NA,NA,NA,NA,NA,NA,NA,NA,NA,NA,NA,NA,NA,NA,NA,NA,NA,NA,NA
"R3B_B",23,0,"FASMEE23","Button","Ambient","CW/KOH",20241217,20250519,"LL","1000x","n/a","","R3B","F23_D",2023-10-08,2023-10-08 14:10:00,2023-10-08 20:10:00,1,"Red","PTFE",4,40,10,2023-10-08 20:10:00,2023-10-08 20:20:00,"","R3",20,0.02,0,0,-3.91202300542815,0.10625,0,NA,0,0,0,0,NA,123050.78125,NA,NA,NA,NA,NA,NA,NA,NA,NA,NA,NA,NA,NA,NA,NA,NA,NA,NA,NA,NA,NA,NA,NA,NA,NA,NA,NA,NA,NA,NA,NA,NA,NA,NA,NA,NA,NA,NA,NA,NA,NA,NA,NA,NA,NA,NA,NA,NA,NA,NA,NA,NA,NA
"R3B_B",24,0,"FASMEE23","Button","Ambient","CW/KOH",20241217,20250519,"LL","1000x","n/a","","R3B","F23_D",2023-10-08,2023-10-08 14:10:00,2023-10-08 20:10:00,1,"Red","PTFE",4,40,10,2023-10-08 20:10:00,2023-10-08 20:20:00,"","R3",20,0.02,0,0,-3.91202300542815,0.10625,0,NA,0,0,0,0,NA,123050.78125,NA,NA,NA,NA,NA,NA,NA,NA,NA,NA,NA,NA,NA,NA,NA,NA,NA,NA,NA,NA,NA,NA,NA,NA,NA,NA,NA,NA,NA,NA,NA,NA,NA,NA,NA,NA,NA,NA,NA,NA,NA,NA,NA,NA,NA,NA,NA,NA,NA,NA,NA,NA,NA
"R3B_B",25,0,"FASMEE23","Button","Ambient","CW/KOH",20241217,20250519,"LL","1000x","n/a","","R3B","F23_D",2023-10-08,2023-10-08 14:10:00,2023-10-08 20:10:00,1,"Red","PTFE",4,40,10,2023-10-08 20:10:00,2023-10-08 20:20:00,"","R3",20,0.02,0,0,-3.91202300542815,0.10625,0,NA,0,0,0,0,NA,123050.78125,NA,NA,NA,NA,NA,NA,NA,NA,NA,NA,NA,NA,NA,NA,NA,NA,NA,NA,NA,NA,NA,NA,NA,NA,NA,NA,NA,NA,NA,NA,NA,NA,NA,NA,NA,NA,NA,NA,NA,NA,NA,NA,NA,NA,NA,NA,NA,NA,NA,NA,NA,NA,NA
"R3B_B",26,0,"FASMEE23","Button","Ambient","CW/KOH",20241217,20250519,"LL","1000x","n/a","","R3B","F23_D",2023-10-08,2023-10-08 14:10:00,2023-10-08 20:10:00,1,"Red","PTFE",4,40,10,2023-10-08 20:10:00,2023-10-08 20:20:00,"","R3",20,0.02,0,0,-3.91202300542815,0.10625,0,NA,0,0,0,0,NA,123050.78125,NA,NA,NA,NA,NA,NA,NA,NA,NA,NA,NA,NA,NA,NA,NA,NA,NA,NA,NA,NA,NA,NA,NA,NA,NA,NA,NA,NA,NA,NA,NA,NA,NA,NA,NA,NA,NA,NA,NA,NA,NA,NA,NA,NA,NA,NA,NA,NA,NA,NA,NA,NA,NA
"R3B_B",27,0,"FASMEE23","Button","Ambient","CW/KOH",20241217,20250519,"LL","1000x","n/a","","R3B","F23_D",2023-10-08,2023-10-08 14:10:00,2023-10-08 20:10:00,1,"Red","PTFE",4,40,10,2023-10-08 20:10:00,2023-10-08 20:20:00,"","R3",20,0.02,0,0,-3.91202300542815,0.10625,0,NA,0,0,0,0,NA,123050.78125,NA,NA,NA,NA,NA,NA,NA,NA,NA,NA,NA,NA,NA,NA,NA,NA,NA,NA,NA,NA,NA,NA,NA,NA,NA,NA,NA,NA,NA,NA,NA,NA,NA,NA,NA,NA,NA,NA,NA,NA,NA,NA,NA,NA,NA,NA,NA,NA,NA,NA,NA,NA,NA
"R3B_B",28,0,"FASMEE23","Button","Ambient","CW/KOH",20241217,20250519,"LL","1000x","n/a","","R3B","F23_D",2023-10-08,2023-10-08 14:10:00,2023-10-08 20:10:00,1,"Red","PTFE",4,40,10,2023-10-08 20:10:00,2023-10-08 20:20:00,"","R3",20,0.02,0,0,-3.91202300542815,0.10625,0,NA,0,0,0,0,NA,123050.78125,NA,NA,NA,NA,NA,NA,NA,NA,NA,NA,NA,NA,NA,NA,NA,NA,NA,NA,NA,NA,NA,NA,NA,NA,NA,NA,NA,NA,NA,NA,NA,NA,NA,NA,NA,NA,NA,NA,NA,NA,NA,NA,NA,NA,NA,NA,NA,NA,NA,NA,NA,NA,NA
"R3B_B",29,1,"FASMEE23","Button","Ambient","CW/KOH",20241217,20250519,"LL","1000x","n/a","","R3B","F23_D",2023-10-08,2023-10-08 14:10:00,2023-10-08 20:10:00,1,"Red","PTFE",4,40,10,2023-10-08 20:10:00,2023-10-08 20:20:00,"","R3",20,0.02,0,1,-3.91202300542815,0.10625,0.89375,NA,7225,361250,6457.34375,322867.1875,NA,123050.78125,NA,NA,NA,NA,NA,NA,NA,NA,NA,NA,NA,NA,NA,NA,NA,NA,NA,NA,NA,NA,NA,NA,NA,NA,NA,NA,NA,NA,NA,NA,NA,NA,NA,NA,NA,NA,NA,NA,NA,NA,NA,NA,NA,NA,NA,NA,NA,NA,NA,NA,NA,NA,NA
"R3B_B",30,0,"FASMEE23","Button","Ambient","CW/KOH",20241217,20250519,"LL","1000x","n/a","","R3B","F23_D",2023-10-08,2023-10-08 14:10:00,2023-10-08 20:10:00,1,"Red","PTFE",4,40,10,2023-10-08 20:10:00,2023-10-08 20:20:00,"","R3",20,0.02,0,0,-3.91202300542815,0.10625,0,NA,0,0,0,0,NA,123050.78125,NA,NA,NA,NA,NA,NA,NA,NA,NA,NA,NA,NA,NA,NA,NA,NA,NA,NA,NA,NA,NA,NA,NA,NA,NA,NA,NA,NA,NA,NA,NA,NA,NA,NA,NA,NA,NA,NA,NA,NA,NA,NA,NA,NA,NA,NA,NA,NA,NA,NA,NA,NA,NA
"R3B_B",31,0,"FASMEE23","Button","Ambient","CW/KOH",20241217,20250519,"LL","1000x","n/a","","R3B","F23_D",2023-10-08,2023-10-08 14:10:00,2023-10-08 20:10:00,1,"Red","PTFE",4,40,10,2023-10-08 20:10:00,2023-10-08 20:20:00,"","R3",20,0.02,0,0,-3.91202300542815,0.10625,0,NA,0,0,0,0,NA,123050.78125,NA,NA,NA,NA,NA,NA,NA,NA,NA,NA,NA,NA,NA,NA,NA,NA,NA,NA,NA,NA,NA,NA,NA,NA,NA,NA,NA,NA,NA,NA,NA,NA,NA,NA,NA,NA,NA,NA,NA,NA,NA,NA,NA,NA,NA,NA,NA,NA,NA,NA,NA,NA,NA
"R3B_B",32,0,"FASMEE23","Button","Ambient","CW/KOH",20241217,20250519,"LL","1000x","n/a","","R3B","F23_D",2023-10-08,2023-10-08 14:10:00,2023-10-08 20:10:00,1,"Red","PTFE",4,40,10,2023-10-08 20:10:00,2023-10-08 20:20:00,"","R3",20,0.02,0,0,-3.91202300542815,0.10625,0,NA,0,0,0,0,NA,123050.78125,NA,NA,NA,NA,NA,NA,NA,NA,NA,NA,NA,NA,NA,NA,NA,NA,NA,NA,NA,NA,NA,NA,NA,NA,NA,NA,NA,NA,NA,NA,NA,NA,NA,NA,NA,NA,NA,NA,NA,NA,NA,NA,NA,NA,NA,NA,NA,NA,NA,NA,NA,NA,NA
"R3B_B",33,0,"FASMEE23","Button","Ambient","CW/KOH",20241217,20250519,"LL","1000x","n/a","","R3B","F23_D",2023-10-08,2023-10-08 14:10:00,2023-10-08 20:10:00,1,"Red","PTFE",4,40,10,2023-10-08 20:10:00,2023-10-08 20:20:00,"","R3",20,0.02,0,0,-3.91202300542815,0.10625,0,NA,0,0,0,0,NA,123050.78125,NA,NA,NA,NA,NA,NA,NA,NA,NA,NA,NA,NA,NA,NA,NA,NA,NA,NA,NA,NA,NA,NA,NA,NA,NA,NA,NA,NA,NA,NA,NA,NA,NA,NA,NA,NA,NA,NA,NA,NA,NA,NA,NA,NA,NA,NA,NA,NA,NA,NA,NA,NA,NA
"R3B_B",34,0,"FASMEE23","Button","Ambient","CW/KOH",20241217,20250519,"LL","1000x","n/a","","R3B","F23_D",2023-10-08,2023-10-08 14:10:00,2023-10-08 20:10:00,1,"Red","PTFE",4,40,10,2023-10-08 20:10:00,2023-10-08 20:20:00,"","R3",20,0.02,0,0,-3.91202300542815,0.10625,0,NA,0,0,0,0,NA,123050.78125,NA,NA,NA,NA,NA,NA,NA,NA,NA,NA,NA,NA,NA,NA,NA,NA,NA,NA,NA,NA,NA,NA,NA,NA,NA,NA,NA,NA,NA,NA,NA,NA,NA,NA,NA,NA,NA,NA,NA,NA,NA,NA,NA,NA,NA,NA,NA,NA,NA,NA,NA,NA,NA
"R3B_B",35,0,"FASMEE23","Button","Ambient","CW/KOH",20241217,20250519,"LL","1000x","n/a","","R3B","F23_D",2023-10-08,2023-10-08 14:10:00,2023-10-08 20:10:00,1,"Red","PTFE",4,40,10,2023-10-08 20:10:00,2023-10-08 20:20:00,"","R3",20,0.02,0,0,-3.91202300542815,0.10625,0,NA,0,0,0,0,NA,123050.78125,NA,NA,NA,NA,NA,NA,NA,NA,NA,NA,NA,NA,NA,NA,NA,NA,NA,NA,NA,NA,NA,NA,NA,NA,NA,NA,NA,NA,NA,NA,NA,NA,NA,NA,NA,NA,NA,NA,NA,NA,NA,NA,NA,NA,NA,NA,NA,NA,NA,NA,NA,NA,NA
"R3B_B",36,0,"FASMEE23","Button","Ambient","CW/KOH",20241217,20250519,"LL","1000x","n/a","","R3B","F23_D",2023-10-08,2023-10-08 14:10:00,2023-10-08 20:10:00,1,"Red","PTFE",4,40,10,2023-10-08 20:10:00,2023-10-08 20:20:00,"","R3",20,0.02,0,0,-3.91202300542815,0.10625,0,NA,0,0,0,0,NA,123050.78125,NA,NA,NA,NA,NA,NA,NA,NA,NA,NA,NA,NA,NA,NA,NA,NA,NA,NA,NA,NA,NA,NA,NA,NA,NA,NA,NA,NA,NA,NA,NA,NA,NA,NA,NA,NA,NA,NA,NA,NA,NA,NA,NA,NA,NA,NA,NA,NA,NA,NA,NA,NA,NA
"R3B_B",37,0,"FASMEE23","Button","Ambient","CW/KOH",20241217,20250519,"LL","1000x","n/a","","R3B","F23_D",2023-10-08,2023-10-08 14:10:00,2023-10-08 20:10:00,1,"Red","PTFE",4,40,10,2023-10-08 20:10:00,2023-10-08 20:20:00,"","R3",20,0.02,0,0,-3.91202300542815,0.10625,0,NA,0,0,0,0,NA,123050.78125,NA,NA,NA,NA,NA,NA,NA,NA,NA,NA,NA,NA,NA,NA,NA,NA,NA,NA,NA,NA,NA,NA,NA,NA,NA,NA,NA,NA,NA,NA,NA,NA,NA,NA,NA,NA,NA,NA,NA,NA,NA,NA,NA,NA,NA,NA,NA,NA,NA,NA,NA,NA,NA
"R3B_B",38,1,"FASMEE23","Button","Ambient","CW/KOH",20241217,20250519,"LL","1000x","n/a","","R3B","F23_D",2023-10-08,2023-10-08 14:10:00,2023-10-08 20:10:00,1,"Red","PTFE",4,40,10,2023-10-08 20:10:00,2023-10-08 20:20:00,"","R3",20,0.02,0,1,-3.91202300542815,0.10625,0.89375,NA,7225,361250,6457.34375,322867.1875,NA,123050.78125,NA,NA,NA,NA,NA,NA,NA,NA,NA,NA,NA,NA,NA,NA,NA,NA,NA,NA,NA,NA,NA,NA,NA,NA,NA,NA,NA,NA,NA,NA,NA,NA,NA,NA,NA,NA,NA,NA,NA,NA,NA,NA,NA,NA,NA,NA,NA,NA,NA,NA,NA,NA,NA
"R3B_B",39,0,"FASMEE23","Button","Ambient","CW/KOH",20241217,20250519,"LL","1000x","n/a","","R3B","F23_D",2023-10-08,2023-10-08 14:10:00,2023-10-08 20:10:00,1,"Red","PTFE",4,40,10,2023-10-08 20:10:00,2023-10-08 20:20:00,"","R3",20,0.02,0,0,-3.91202300542815,0.10625,0,NA,0,0,0,0,NA,123050.78125,NA,NA,NA,NA,NA,NA,NA,NA,NA,NA,NA,NA,NA,NA,NA,NA,NA,NA,NA,NA,NA,NA,NA,NA,NA,NA,NA,NA,NA,NA,NA,NA,NA,NA,NA,NA,NA,NA,NA,NA,NA,NA,NA,NA,NA,NA,NA,NA,NA,NA,NA,NA,NA
"R3B_B",40,0,"FASMEE23","Button","Ambient","CW/KOH",20241217,20250519,"LL","1000x","n/a","","R3B","F23_D",2023-10-08,2023-10-08 14:10:00,2023-10-08 20:10:00,1,"Red","PTFE",4,40,10,2023-10-08 20:10:00,2023-10-08 20:20:00,"","R3",20,0.02,0,0,-3.91202300542815,0.10625,0,NA,0,0,0,0,NA,123050.78125,NA,NA,NA,NA,NA,NA,NA,NA,NA,NA,NA,NA,NA,NA,NA,NA,NA,NA,NA,NA,NA,NA,NA,NA,NA,NA,NA,NA,NA,NA,NA,NA,NA,NA,NA,NA,NA,NA,NA,NA,NA,NA,NA,NA,NA,NA,NA,NA,NA,NA,NA,NA,NA
"R4B_B",1,0,"FASMEE23","Button","Ambient","CW/KOH",20241223,20250519,"LL","1000x","n/a","","R4B","F23_D",2023-10-08,2023-10-08 14:28:00,2023-10-08 20:28:00,1,"Red","PTFE",4,40,10,2023-10-08 20:28:00,2023-10-08 20:38:00,"","R4",20,0.02,0,0,-3.91202300542815,0.10625,0,NA,0,0,0,0,NA,123050.78125,NA,NA,NA,NA,NA,NA,NA,NA,NA,NA,NA,NA,NA,NA,NA,NA,NA,NA,NA,NA,NA,NA,NA,NA,NA,NA,NA,NA,NA,NA,NA,NA,NA,NA,NA,NA,NA,NA,NA,NA,NA,NA,NA,NA,NA,NA,NA,NA,NA,NA,NA,NA,NA
"R4B_B",2,0,"FASMEE23","Button","Ambient","CW/KOH",20241223,20250519,"LL","1000x","n/a","","R4B","F23_D",2023-10-08,2023-10-08 14:28:00,2023-10-08 20:28:00,1,"Red","PTFE",4,40,10,2023-10-08 20:28:00,2023-10-08 20:38:00,"","R4",20,0.02,0,0,-3.91202300542815,0.10625,0,NA,0,0,0,0,NA,123050.78125,NA,NA,NA,NA,NA,NA,NA,NA,NA,NA,NA,NA,NA,NA,NA,NA,NA,NA,NA,NA,NA,NA,NA,NA,NA,NA,NA,NA,NA,NA,NA,NA,NA,NA,NA,NA,NA,NA,NA,NA,NA,NA,NA,NA,NA,NA,NA,NA,NA,NA,NA,NA,NA
"R4B_B",3,0,"FASMEE23","Button","Ambient","CW/KOH",20241223,20250519,"LL","1000x","n/a","","R4B","F23_D",2023-10-08,2023-10-08 14:28:00,2023-10-08 20:28:00,1,"Red","PTFE",4,40,10,2023-10-08 20:28:00,2023-10-08 20:38:00,"","R4",20,0.02,0,0,-3.91202300542815,0.10625,0,NA,0,0,0,0,NA,123050.78125,NA,NA,NA,NA,NA,NA,NA,NA,NA,NA,NA,NA,NA,NA,NA,NA,NA,NA,NA,NA,NA,NA,NA,NA,NA,NA,NA,NA,NA,NA,NA,NA,NA,NA,NA,NA,NA,NA,NA,NA,NA,NA,NA,NA,NA,NA,NA,NA,NA,NA,NA,NA,NA
"R4B_B",4,1,"FASMEE23","Button","Ambient","CW/KOH",20241223,20250519,"LL","1000x","n/a","","R4B","F23_D",2023-10-08,2023-10-08 14:28:00,2023-10-08 20:28:00,1,"Red","PTFE",4,40,10,2023-10-08 20:28:00,2023-10-08 20:38:00,"","R4",20,0.02,0,1,-3.91202300542815,0.10625,0.89375,NA,7225,361250,6457.34375,322867.1875,NA,123050.78125,NA,NA,NA,NA,NA,NA,NA,NA,NA,NA,NA,NA,NA,NA,NA,NA,NA,NA,NA,NA,NA,NA,NA,NA,NA,NA,NA,NA,NA,NA,NA,NA,NA,NA,NA,NA,NA,NA,NA,NA,NA,NA,NA,NA,NA,NA,NA,NA,NA,NA,NA,NA,NA
"R4B_B",5,0,"FASMEE23","Button","Ambient","CW/KOH",20241223,20250519,"LL","1000x","n/a","","R4B","F23_D",2023-10-08,2023-10-08 14:28:00,2023-10-08 20:28:00,1,"Red","PTFE",4,40,10,2023-10-08 20:28:00,2023-10-08 20:38:00,"","R4",20,0.02,0,0,-3.91202300542815,0.10625,0,NA,0,0,0,0,NA,123050.78125,NA,NA,NA,NA,NA,NA,NA,NA,NA,NA,NA,NA,NA,NA,NA,NA,NA,NA,NA,NA,NA,NA,NA,NA,NA,NA,NA,NA,NA,NA,NA,NA,NA,NA,NA,NA,NA,NA,NA,NA,NA,NA,NA,NA,NA,NA,NA,NA,NA,NA,NA,NA,NA
"R4B_B",6,1,"FASMEE23","Button","Ambient","CW/KOH",20241223,20250519,"LL","1000x","n/a","","R4B","F23_D",2023-10-08,2023-10-08 14:28:00,2023-10-08 20:28:00,1,"Red","PTFE",4,40,10,2023-10-08 20:28:00,2023-10-08 20:38:00,"","R4",20,0.02,0,1,-3.91202300542815,0.10625,0.89375,NA,7225,361250,6457.34375,322867.1875,NA,123050.78125,NA,NA,NA,NA,NA,NA,NA,NA,NA,NA,NA,NA,NA,NA,NA,NA,NA,NA,NA,NA,NA,NA,NA,NA,NA,NA,NA,NA,NA,NA,NA,NA,NA,NA,NA,NA,NA,NA,NA,NA,NA,NA,NA,NA,NA,NA,NA,NA,NA,NA,NA,NA,NA
"R4B_B",7,1,"FASMEE23","Button","Ambient","CW/KOH",20241223,20250519,"LL","1000x","n/a","","R4B","F23_D",2023-10-08,2023-10-08 14:28:00,2023-10-08 20:28:00,1,"Red","PTFE",4,40,10,2023-10-08 20:28:00,2023-10-08 20:38:00,"","R4",20,0.02,0,1,-3.91202300542815,0.10625,0.89375,NA,7225,361250,6457.34375,322867.1875,NA,123050.78125,NA,NA,NA,NA,NA,NA,NA,NA,NA,NA,NA,NA,NA,NA,NA,NA,NA,NA,NA,NA,NA,NA,NA,NA,NA,NA,NA,NA,NA,NA,NA,NA,NA,NA,NA,NA,NA,NA,NA,NA,NA,NA,NA,NA,NA,NA,NA,NA,NA,NA,NA,NA,NA
"R4B_B",8,0,"FASMEE23","Button","Ambient","CW/KOH",20241223,20250519,"LL","1000x","n/a","","R4B","F23_D",2023-10-08,2023-10-08 14:28:00,2023-10-08 20:28:00,1,"Red","PTFE",4,40,10,2023-10-08 20:28:00,2023-10-08 20:38:00,"","R4",20,0.02,0,0,-3.91202300542815,0.10625,0,NA,0,0,0,0,NA,123050.78125,NA,NA,NA,NA,NA,NA,NA,NA,NA,NA,NA,NA,NA,NA,NA,NA,NA,NA,NA,NA,NA,NA,NA,NA,NA,NA,NA,NA,NA,NA,NA,NA,NA,NA,NA,NA,NA,NA,NA,NA,NA,NA,NA,NA,NA,NA,NA,NA,NA,NA,NA,NA,NA
"R4B_B",9,0,"FASMEE23","Button","Ambient","CW/KOH",20241223,20250519,"LL","1000x","n/a","","R4B","F23_D",2023-10-08,2023-10-08 14:28:00,2023-10-08 20:28:00,1,"Red","PTFE",4,40,10,2023-10-08 20:28:00,2023-10-08 20:38:00,"","R4",20,0.02,0,0,-3.91202300542815,0.10625,0,NA,0,0,0,0,NA,123050.78125,NA,NA,NA,NA,NA,NA,NA,NA,NA,NA,NA,NA,NA,NA,NA,NA,NA,NA,NA,NA,NA,NA,NA,NA,NA,NA,NA,NA,NA,NA,NA,NA,NA,NA,NA,NA,NA,NA,NA,NA,NA,NA,NA,NA,NA,NA,NA,NA,NA,NA,NA,NA,NA
"R4B_B",10,0,"FASMEE23","Button","Ambient","CW/KOH",20241223,20250519,"LL","1000x","n/a","","R4B","F23_D",2023-10-08,2023-10-08 14:28:00,2023-10-08 20:28:00,1,"Red","PTFE",4,40,10,2023-10-08 20:28:00,2023-10-08 20:38:00,"","R4",20,0.02,0,0,-3.91202300542815,0.10625,0,NA,0,0,0,0,NA,123050.78125,NA,NA,NA,NA,NA,NA,NA,NA,NA,NA,NA,NA,NA,NA,NA,NA,NA,NA,NA,NA,NA,NA,NA,NA,NA,NA,NA,NA,NA,NA,NA,NA,NA,NA,NA,NA,NA,NA,NA,NA,NA,NA,NA,NA,NA,NA,NA,NA,NA,NA,NA,NA,NA
"R4B_B",11,0,"FASMEE23","Button","Ambient","CW/KOH",20241223,20250519,"LL","1000x","n/a","","R4B","F23_D",2023-10-08,2023-10-08 14:28:00,2023-10-08 20:28:00,1,"Red","PTFE",4,40,10,2023-10-08 20:28:00,2023-10-08 20:38:00,"","R4",20,0.02,0,0,-3.91202300542815,0.10625,0,NA,0,0,0,0,NA,123050.78125,NA,NA,NA,NA,NA,NA,NA,NA,NA,NA,NA,NA,NA,NA,NA,NA,NA,NA,NA,NA,NA,NA,NA,NA,NA,NA,NA,NA,NA,NA,NA,NA,NA,NA,NA,NA,NA,NA,NA,NA,NA,NA,NA,NA,NA,NA,NA,NA,NA,NA,NA,NA,NA
"R4B_B",12,0,"FASMEE23","Button","Ambient","CW/KOH",20241223,20250519,"LL","1000x","n/a","","R4B","F23_D",2023-10-08,2023-10-08 14:28:00,2023-10-08 20:28:00,1,"Red","PTFE",4,40,10,2023-10-08 20:28:00,2023-10-08 20:38:00,"","R4",20,0.02,0,0,-3.91202300542815,0.10625,0,NA,0,0,0,0,NA,123050.78125,NA,NA,NA,NA,NA,NA,NA,NA,NA,NA,NA,NA,NA,NA,NA,NA,NA,NA,NA,NA,NA,NA,NA,NA,NA,NA,NA,NA,NA,NA,NA,NA,NA,NA,NA,NA,NA,NA,NA,NA,NA,NA,NA,NA,NA,NA,NA,NA,NA,NA,NA,NA,NA
"R4B_B",13,0,"FASMEE23","Button","Ambient","CW/KOH",20241223,20250519,"LL","1000x","n/a","","R4B","F23_D",2023-10-08,2023-10-08 14:28:00,2023-10-08 20:28:00,1,"Red","PTFE",4,40,10,2023-10-08 20:28:00,2023-10-08 20:38:00,"","R4",20,0.02,0,0,-3.91202300542815,0.10625,0,NA,0,0,0,0,NA,123050.78125,NA,NA,NA,NA,NA,NA,NA,NA,NA,NA,NA,NA,NA,NA,NA,NA,NA,NA,NA,NA,NA,NA,NA,NA,NA,NA,NA,NA,NA,NA,NA,NA,NA,NA,NA,NA,NA,NA,NA,NA,NA,NA,NA,NA,NA,NA,NA,NA,NA,NA,NA,NA,NA
"R4B_B",14,0,"FASMEE23","Button","Ambient","CW/KOH",20241223,20250519,"LL","1000x","n/a","","R4B","F23_D",2023-10-08,2023-10-08 14:28:00,2023-10-08 20:28:00,1,"Red","PTFE",4,40,10,2023-10-08 20:28:00,2023-10-08 20:38:00,"","R4",20,0.02,0,0,-3.91202300542815,0.10625,0,NA,0,0,0,0,NA,123050.78125,NA,NA,NA,NA,NA,NA,NA,NA,NA,NA,NA,NA,NA,NA,NA,NA,NA,NA,NA,NA,NA,NA,NA,NA,NA,NA,NA,NA,NA,NA,NA,NA,NA,NA,NA,NA,NA,NA,NA,NA,NA,NA,NA,NA,NA,NA,NA,NA,NA,NA,NA,NA,NA
"R4B_B",15,0,"FASMEE23","Button","Ambient","CW/KOH",20241223,20250519,"LL","1000x","n/a","","R4B","F23_D",2023-10-08,2023-10-08 14:28:00,2023-10-08 20:28:00,1,"Red","PTFE",4,40,10,2023-10-08 20:28:00,2023-10-08 20:38:00,"","R4",20,0.02,0,0,-3.91202300542815,0.10625,0,NA,0,0,0,0,NA,123050.78125,NA,NA,NA,NA,NA,NA,NA,NA,NA,NA,NA,NA,NA,NA,NA,NA,NA,NA,NA,NA,NA,NA,NA,NA,NA,NA,NA,NA,NA,NA,NA,NA,NA,NA,NA,NA,NA,NA,NA,NA,NA,NA,NA,NA,NA,NA,NA,NA,NA,NA,NA,NA,NA
"R4B_B",16,0,"FASMEE23","Button","Ambient","CW/KOH",20241223,20250519,"LL","1000x","n/a","","R4B","F23_D",2023-10-08,2023-10-08 14:28:00,2023-10-08 20:28:00,1,"Red","PTFE",4,40,10,2023-10-08 20:28:00,2023-10-08 20:38:00,"","R4",20,0.02,0,0,-3.91202300542815,0.10625,0,NA,0,0,0,0,NA,123050.78125,NA,NA,NA,NA,NA,NA,NA,NA,NA,NA,NA,NA,NA,NA,NA,NA,NA,NA,NA,NA,NA,NA,NA,NA,NA,NA,NA,NA,NA,NA,NA,NA,NA,NA,NA,NA,NA,NA,NA,NA,NA,NA,NA,NA,NA,NA,NA,NA,NA,NA,NA,NA,NA
"R4B_B",17,0,"FASMEE23","Button","Ambient","CW/KOH",20241223,20250519,"LL","1000x","n/a","","R4B","F23_D",2023-10-08,2023-10-08 14:28:00,2023-10-08 20:28:00,1,"Red","PTFE",4,40,10,2023-10-08 20:28:00,2023-10-08 20:38:00,"","R4",20,0.02,0,0,-3.91202300542815,0.10625,0,NA,0,0,0,0,NA,123050.78125,NA,NA,NA,NA,NA,NA,NA,NA,NA,NA,NA,NA,NA,NA,NA,NA,NA,NA,NA,NA,NA,NA,NA,NA,NA,NA,NA,NA,NA,NA,NA,NA,NA,NA,NA,NA,NA,NA,NA,NA,NA,NA,NA,NA,NA,NA,NA,NA,NA,NA,NA,NA,NA
"R4B_B",18,0,"FASMEE23","Button","Ambient","CW/KOH",20241223,20250519,"LL","1000x","n/a","","R4B","F23_D",2023-10-08,2023-10-08 14:28:00,2023-10-08 20:28:00,1,"Red","PTFE",4,40,10,2023-10-08 20:28:00,2023-10-08 20:38:00,"","R4",20,0.02,0,0,-3.91202300542815,0.10625,0,NA,0,0,0,0,NA,123050.78125,NA,NA,NA,NA,NA,NA,NA,NA,NA,NA,NA,NA,NA,NA,NA,NA,NA,NA,NA,NA,NA,NA,NA,NA,NA,NA,NA,NA,NA,NA,NA,NA,NA,NA,NA,NA,NA,NA,NA,NA,NA,NA,NA,NA,NA,NA,NA,NA,NA,NA,NA,NA,NA
"R4B_B",19,0,"FASMEE23","Button","Ambient","CW/KOH",20241223,20250519,"LL","1000x","n/a","","R4B","F23_D",2023-10-08,2023-10-08 14:28:00,2023-10-08 20:28:00,1,"Red","PTFE",4,40,10,2023-10-08 20:28:00,2023-10-08 20:38:00,"","R4",20,0.02,0,0,-3.91202300542815,0.10625,0,NA,0,0,0,0,NA,123050.78125,NA,NA,NA,NA,NA,NA,NA,NA,NA,NA,NA,NA,NA,NA,NA,NA,NA,NA,NA,NA,NA,NA,NA,NA,NA,NA,NA,NA,NA,NA,NA,NA,NA,NA,NA,NA,NA,NA,NA,NA,NA,NA,NA,NA,NA,NA,NA,NA,NA,NA,NA,NA,NA
"R4B_B",20,0,"FASMEE23","Button","Ambient","CW/KOH",20241223,20250519,"LL","1000x","n/a","","R4B","F23_D",2023-10-08,2023-10-08 14:28:00,2023-10-08 20:28:00,1,"Red","PTFE",4,40,10,2023-10-08 20:28:00,2023-10-08 20:38:00,"","R4",20,0.02,0,0,-3.91202300542815,0.10625,0,NA,0,0,0,0,NA,123050.78125,NA,NA,NA,NA,NA,NA,NA,NA,NA,NA,NA,NA,NA,NA,NA,NA,NA,NA,NA,NA,NA,NA,NA,NA,NA,NA,NA,NA,NA,NA,NA,NA,NA,NA,NA,NA,NA,NA,NA,NA,NA,NA,NA,NA,NA,NA,NA,NA,NA,NA,NA,NA,NA
"R4B_B",21,0,"FASMEE23","Button","Ambient","CW/KOH",20241223,20250519,"LL","1000x","n/a","","R4B","F23_D",2023-10-08,2023-10-08 14:28:00,2023-10-08 20:28:00,1,"Red","PTFE",4,40,10,2023-10-08 20:28:00,2023-10-08 20:38:00,"","R4",20,0.02,0,0,-3.91202300542815,0.10625,0,NA,0,0,0,0,NA,123050.78125,NA,NA,NA,NA,NA,NA,NA,NA,NA,NA,NA,NA,NA,NA,NA,NA,NA,NA,NA,NA,NA,NA,NA,NA,NA,NA,NA,NA,NA,NA,NA,NA,NA,NA,NA,NA,NA,NA,NA,NA,NA,NA,NA,NA,NA,NA,NA,NA,NA,NA,NA,NA,NA
"R4B_B",22,0,"FASMEE23","Button","Ambient","CW/KOH",20241223,20250519,"LL","1000x","n/a","","R4B","F23_D",2023-10-08,2023-10-08 14:28:00,2023-10-08 20:28:00,1,"Red","PTFE",4,40,10,2023-10-08 20:28:00,2023-10-08 20:38:00,"","R4",20,0.02,0,0,-3.91202300542815,0.10625,0,NA,0,0,0,0,NA,123050.78125,NA,NA,NA,NA,NA,NA,NA,NA,NA,NA,NA,NA,NA,NA,NA,NA,NA,NA,NA,NA,NA,NA,NA,NA,NA,NA,NA,NA,NA,NA,NA,NA,NA,NA,NA,NA,NA,NA,NA,NA,NA,NA,NA,NA,NA,NA,NA,NA,NA,NA,NA,NA,NA
"R4B_B",23,0,"FASMEE23","Button","Ambient","CW/KOH",20241223,20250519,"LL","1000x","n/a","","R4B","F23_D",2023-10-08,2023-10-08 14:28:00,2023-10-08 20:28:00,1,"Red","PTFE",4,40,10,2023-10-08 20:28:00,2023-10-08 20:38:00,"","R4",20,0.02,0,0,-3.91202300542815,0.10625,0,NA,0,0,0,0,NA,123050.78125,NA,NA,NA,NA,NA,NA,NA,NA,NA,NA,NA,NA,NA,NA,NA,NA,NA,NA,NA,NA,NA,NA,NA,NA,NA,NA,NA,NA,NA,NA,NA,NA,NA,NA,NA,NA,NA,NA,NA,NA,NA,NA,NA,NA,NA,NA,NA,NA,NA,NA,NA,NA,NA
"R4B_B",24,0,"FASMEE23","Button","Ambient","CW/KOH",20241223,20250519,"LL","1000x","n/a","","R4B","F23_D",2023-10-08,2023-10-08 14:28:00,2023-10-08 20:28:00,1,"Red","PTFE",4,40,10,2023-10-08 20:28:00,2023-10-08 20:38:00,"","R4",20,0.02,0,0,-3.91202300542815,0.10625,0,NA,0,0,0,0,NA,123050.78125,NA,NA,NA,NA,NA,NA,NA,NA,NA,NA,NA,NA,NA,NA,NA,NA,NA,NA,NA,NA,NA,NA,NA,NA,NA,NA,NA,NA,NA,NA,NA,NA,NA,NA,NA,NA,NA,NA,NA,NA,NA,NA,NA,NA,NA,NA,NA,NA,NA,NA,NA,NA,NA
"R4B_B",25,1,"FASMEE23","Button","Ambient","CW/KOH",20241223,20250519,"LL","1000x","n/a","","R4B","F23_D",2023-10-08,2023-10-08 14:28:00,2023-10-08 20:28:00,1,"Red","PTFE",4,40,10,2023-10-08 20:28:00,2023-10-08 20:38:00,"","R4",20,0.02,0,1,-3.91202300542815,0.10625,0.89375,NA,7225,361250,6457.34375,322867.1875,NA,123050.78125,NA,NA,NA,NA,NA,NA,NA,NA,NA,NA,NA,NA,NA,NA,NA,NA,NA,NA,NA,NA,NA,NA,NA,NA,NA,NA,NA,NA,NA,NA,NA,NA,NA,NA,NA,NA,NA,NA,NA,NA,NA,NA,NA,NA,NA,NA,NA,NA,NA,NA,NA,NA,NA
"R4B_B",26,0,"FASMEE23","Button","Ambient","CW/KOH",20241223,20250519,"LL","1000x","n/a","","R4B","F23_D",2023-10-08,2023-10-08 14:28:00,2023-10-08 20:28:00,1,"Red","PTFE",4,40,10,2023-10-08 20:28:00,2023-10-08 20:38:00,"","R4",20,0.02,0,0,-3.91202300542815,0.10625,0,NA,0,0,0,0,NA,123050.78125,NA,NA,NA,NA,NA,NA,NA,NA,NA,NA,NA,NA,NA,NA,NA,NA,NA,NA,NA,NA,NA,NA,NA,NA,NA,NA,NA,NA,NA,NA,NA,NA,NA,NA,NA,NA,NA,NA,NA,NA,NA,NA,NA,NA,NA,NA,NA,NA,NA,NA,NA,NA,NA
"R4B_B",27,0,"FASMEE23","Button","Ambient","CW/KOH",20241223,20250519,"LL","1000x","n/a","","R4B","F23_D",2023-10-08,2023-10-08 14:28:00,2023-10-08 20:28:00,1,"Red","PTFE",4,40,10,2023-10-08 20:28:00,2023-10-08 20:38:00,"","R4",20,0.02,0,0,-3.91202300542815,0.10625,0,NA,0,0,0,0,NA,123050.78125,NA,NA,NA,NA,NA,NA,NA,NA,NA,NA,NA,NA,NA,NA,NA,NA,NA,NA,NA,NA,NA,NA,NA,NA,NA,NA,NA,NA,NA,NA,NA,NA,NA,NA,NA,NA,NA,NA,NA,NA,NA,NA,NA,NA,NA,NA,NA,NA,NA,NA,NA,NA,NA
"R4B_B",28,0,"FASMEE23","Button","Ambient","CW/KOH",20241223,20250519,"LL","1000x","n/a","","R4B","F23_D",2023-10-08,2023-10-08 14:28:00,2023-10-08 20:28:00,1,"Red","PTFE",4,40,10,2023-10-08 20:28:00,2023-10-08 20:38:00,"","R4",20,0.02,0,0,-3.91202300542815,0.10625,0,NA,0,0,0,0,NA,123050.78125,NA,NA,NA,NA,NA,NA,NA,NA,NA,NA,NA,NA,NA,NA,NA,NA,NA,NA,NA,NA,NA,NA,NA,NA,NA,NA,NA,NA,NA,NA,NA,NA,NA,NA,NA,NA,NA,NA,NA,NA,NA,NA,NA,NA,NA,NA,NA,NA,NA,NA,NA,NA,NA
"R4B_B",29,0,"FASMEE23","Button","Ambient","CW/KOH",20241223,20250519,"LL","1000x","n/a","","R4B","F23_D",2023-10-08,2023-10-08 14:28:00,2023-10-08 20:28:00,1,"Red","PTFE",4,40,10,2023-10-08 20:28:00,2023-10-08 20:38:00,"","R4",20,0.02,0,0,-3.91202300542815,0.10625,0,NA,0,0,0,0,NA,123050.78125,NA,NA,NA,NA,NA,NA,NA,NA,NA,NA,NA,NA,NA,NA,NA,NA,NA,NA,NA,NA,NA,NA,NA,NA,NA,NA,NA,NA,NA,NA,NA,NA,NA,NA,NA,NA,NA,NA,NA,NA,NA,NA,NA,NA,NA,NA,NA,NA,NA,NA,NA,NA,NA
"R4B_B",30,0,"FASMEE23","Button","Ambient","CW/KOH",20241223,20250519,"LL","1000x","n/a","","R4B","F23_D",2023-10-08,2023-10-08 14:28:00,2023-10-08 20:28:00,1,"Red","PTFE",4,40,10,2023-10-08 20:28:00,2023-10-08 20:38:00,"","R4",20,0.02,0,0,-3.91202300542815,0.10625,0,NA,0,0,0,0,NA,123050.78125,NA,NA,NA,NA,NA,NA,NA,NA,NA,NA,NA,NA,NA,NA,NA,NA,NA,NA,NA,NA,NA,NA,NA,NA,NA,NA,NA,NA,NA,NA,NA,NA,NA,NA,NA,NA,NA,NA,NA,NA,NA,NA,NA,NA,NA,NA,NA,NA,NA,NA,NA,NA,NA
"R4B_B",31,0,"FASMEE23","Button","Ambient","CW/KOH",20241223,20250519,"LL","1000x","n/a","","R4B","F23_D",2023-10-08,2023-10-08 14:28:00,2023-10-08 20:28:00,1,"Red","PTFE",4,40,10,2023-10-08 20:28:00,2023-10-08 20:38:00,"","R4",20,0.02,0,0,-3.91202300542815,0.10625,0,NA,0,0,0,0,NA,123050.78125,NA,NA,NA,NA,NA,NA,NA,NA,NA,NA,NA,NA,NA,NA,NA,NA,NA,NA,NA,NA,NA,NA,NA,NA,NA,NA,NA,NA,NA,NA,NA,NA,NA,NA,NA,NA,NA,NA,NA,NA,NA,NA,NA,NA,NA,NA,NA,NA,NA,NA,NA,NA,NA
"R4B_B",32,0,"FASMEE23","Button","Ambient","CW/KOH",20241223,20250519,"LL","1000x","n/a","","R4B","F23_D",2023-10-08,2023-10-08 14:28:00,2023-10-08 20:28:00,1,"Red","PTFE",4,40,10,2023-10-08 20:28:00,2023-10-08 20:38:00,"","R4",20,0.02,0,0,-3.91202300542815,0.10625,0,NA,0,0,0,0,NA,123050.78125,NA,NA,NA,NA,NA,NA,NA,NA,NA,NA,NA,NA,NA,NA,NA,NA,NA,NA,NA,NA,NA,NA,NA,NA,NA,NA,NA,NA,NA,NA,NA,NA,NA,NA,NA,NA,NA,NA,NA,NA,NA,NA,NA,NA,NA,NA,NA,NA,NA,NA,NA,NA,NA
"R4B_B",33,0,"FASMEE23","Button","Ambient","CW/KOH",20241223,20250519,"LL","1000x","n/a","","R4B","F23_D",2023-10-08,2023-10-08 14:28:00,2023-10-08 20:28:00,1,"Red","PTFE",4,40,10,2023-10-08 20:28:00,2023-10-08 20:38:00,"","R4",20,0.02,0,0,-3.91202300542815,0.10625,0,NA,0,0,0,0,NA,123050.78125,NA,NA,NA,NA,NA,NA,NA,NA,NA,NA,NA,NA,NA,NA,NA,NA,NA,NA,NA,NA,NA,NA,NA,NA,NA,NA,NA,NA,NA,NA,NA,NA,NA,NA,NA,NA,NA,NA,NA,NA,NA,NA,NA,NA,NA,NA,NA,NA,NA,NA,NA,NA,NA
"R4B_B",34,1,"FASMEE23","Button","Ambient","CW/KOH",20241223,20250519,"LL","1000x","n/a","","R4B","F23_D",2023-10-08,2023-10-08 14:28:00,2023-10-08 20:28:00,1,"Red","PTFE",4,40,10,2023-10-08 20:28:00,2023-10-08 20:38:00,"","R4",20,0.02,0,1,-3.91202300542815,0.10625,0.89375,NA,7225,361250,6457.34375,322867.1875,NA,123050.78125,NA,NA,NA,NA,NA,NA,NA,NA,NA,NA,NA,NA,NA,NA,NA,NA,NA,NA,NA,NA,NA,NA,NA,NA,NA,NA,NA,NA,NA,NA,NA,NA,NA,NA,NA,NA,NA,NA,NA,NA,NA,NA,NA,NA,NA,NA,NA,NA,NA,NA,NA,NA,NA
"R4B_B",35,0,"FASMEE23","Button","Ambient","CW/KOH",20241223,20250519,"LL","1000x","n/a","","R4B","F23_D",2023-10-08,2023-10-08 14:28:00,2023-10-08 20:28:00,1,"Red","PTFE",4,40,10,2023-10-08 20:28:00,2023-10-08 20:38:00,"","R4",20,0.02,0,0,-3.91202300542815,0.10625,0,NA,0,0,0,0,NA,123050.78125,NA,NA,NA,NA,NA,NA,NA,NA,NA,NA,NA,NA,NA,NA,NA,NA,NA,NA,NA,NA,NA,NA,NA,NA,NA,NA,NA,NA,NA,NA,NA,NA,NA,NA,NA,NA,NA,NA,NA,NA,NA,NA,NA,NA,NA,NA,NA,NA,NA,NA,NA,NA,NA
"R4B_B",36,0,"FASMEE23","Button","Ambient","CW/KOH",20241223,20250519,"LL","1000x","n/a","","R4B","F23_D",2023-10-08,2023-10-08 14:28:00,2023-10-08 20:28:00,1,"Red","PTFE",4,40,10,2023-10-08 20:28:00,2023-10-08 20:38:00,"","R4",20,0.02,0,0,-3.91202300542815,0.10625,0,NA,0,0,0,0,NA,123050.78125,NA,NA,NA,NA,NA,NA,NA,NA,NA,NA,NA,NA,NA,NA,NA,NA,NA,NA,NA,NA,NA,NA,NA,NA,NA,NA,NA,NA,NA,NA,NA,NA,NA,NA,NA,NA,NA,NA,NA,NA,NA,NA,NA,NA,NA,NA,NA,NA,NA,NA,NA,NA,NA
"R4B_B",37,0,"FASMEE23","Button","Ambient","CW/KOH",20241223,20250519,"LL","1000x","n/a","","R4B","F23_D",2023-10-08,2023-10-08 14:28:00,2023-10-08 20:28:00,1,"Red","PTFE",4,40,10,2023-10-08 20:28:00,2023-10-08 20:38:00,"","R4",20,0.02,0,0,-3.91202300542815,0.10625,0,NA,0,0,0,0,NA,123050.78125,NA,NA,NA,NA,NA,NA,NA,NA,NA,NA,NA,NA,NA,NA,NA,NA,NA,NA,NA,NA,NA,NA,NA,NA,NA,NA,NA,NA,NA,NA,NA,NA,NA,NA,NA,NA,NA,NA,NA,NA,NA,NA,NA,NA,NA,NA,NA,NA,NA,NA,NA,NA,NA
"R4B_B",38,2,"FASMEE23","Button","Ambient","CW/KOH",20241223,20250519,"LL","1000x","n/a","","R4B","F23_D",2023-10-08,2023-10-08 14:28:00,2023-10-08 20:28:00,1,"Red","PTFE",4,40,10,2023-10-08 20:28:00,2023-10-08 20:38:00,"","R4",20,0.02,0,2,-3.91202300542815,0.10625,1.89375,NA,14450,722500,13682.34375,684117.1875,NA,123050.78125,NA,NA,NA,NA,NA,NA,NA,NA,NA,NA,NA,NA,NA,NA,NA,NA,NA,NA,NA,NA,NA,NA,NA,NA,NA,NA,NA,NA,NA,NA,NA,NA,NA,NA,NA,NA,NA,NA,NA,NA,NA,NA,NA,NA,NA,NA,NA,NA,NA,NA,NA,NA,NA
"R4B_B",39,0,"FASMEE23","Button","Ambient","CW/KOH",20241223,20250519,"LL","1000x","n/a","","R4B","F23_D",2023-10-08,2023-10-08 14:28:00,2023-10-08 20:28:00,1,"Red","PTFE",4,40,10,2023-10-08 20:28:00,2023-10-08 20:38:00,"","R4",20,0.02,0,0,-3.91202300542815,0.10625,0,NA,0,0,0,0,NA,123050.78125,NA,NA,NA,NA,NA,NA,NA,NA,NA,NA,NA,NA,NA,NA,NA,NA,NA,NA,NA,NA,NA,NA,NA,NA,NA,NA,NA,NA,NA,NA,NA,NA,NA,NA,NA,NA,NA,NA,NA,NA,NA,NA,NA,NA,NA,NA,NA,NA,NA,NA,NA,NA,NA
"R4B_B",40,0,"FASMEE23","Button","Ambient","CW/KOH",20241223,20250519,"LL","1000x","n/a","","R4B","F23_D",2023-10-08,2023-10-08 14:28:00,2023-10-08 20:28:00,1,"Red","PTFE",4,40,10,2023-10-08 20:28:00,2023-10-08 20:38:00,"","R4",20,0.02,0,0,-3.91202300542815,0.10625,0,NA,0,0,0,0,NA,123050.78125,NA,NA,NA,NA,NA,NA,NA,NA,NA,NA,NA,NA,NA,NA,NA,NA,NA,NA,NA,NA,NA,NA,NA,NA,NA,NA,NA,NA,NA,NA,NA,NA,NA,NA,NA,NA,NA,NA,NA,NA,NA,NA,NA,NA,NA,NA,NA,NA,NA,NA,NA,NA,NA
"R5B_B",1,0,"FASMEE23","Button","Ambient","CW/KOH",20241223,20250519,"LL","1000x","n/a","","R5B","F23_D",2023-10-08,2023-10-08 15:41:00,2023-10-08 21:41:00,1,"Red","PTFE",4,40,10,2023-10-08 21:41:00,2023-10-08 21:51:00,"","R5",20,0.02,0,0,-3.91202300542815,0.10625,0,NA,0,0,0,0,NA,123050.78125,NA,NA,NA,NA,NA,NA,NA,NA,NA,NA,NA,NA,NA,NA,NA,NA,NA,NA,NA,NA,NA,NA,NA,NA,NA,NA,NA,NA,NA,NA,NA,NA,NA,NA,NA,NA,NA,NA,NA,NA,NA,NA,NA,NA,NA,NA,NA,NA,NA,NA,NA,NA,NA
"R5B_B",2,0,"FASMEE23","Button","Ambient","CW/KOH",20241223,20250519,"LL","1000x","n/a","","R5B","F23_D",2023-10-08,2023-10-08 15:41:00,2023-10-08 21:41:00,1,"Red","PTFE",4,40,10,2023-10-08 21:41:00,2023-10-08 21:51:00,"","R5",20,0.02,0,0,-3.91202300542815,0.10625,0,NA,0,0,0,0,NA,123050.78125,NA,NA,NA,NA,NA,NA,NA,NA,NA,NA,NA,NA,NA,NA,NA,NA,NA,NA,NA,NA,NA,NA,NA,NA,NA,NA,NA,NA,NA,NA,NA,NA,NA,NA,NA,NA,NA,NA,NA,NA,NA,NA,NA,NA,NA,NA,NA,NA,NA,NA,NA,NA,NA
"R5B_B",3,0,"FASMEE23","Button","Ambient","CW/KOH",20241223,20250519,"LL","1000x","n/a","","R5B","F23_D",2023-10-08,2023-10-08 15:41:00,2023-10-08 21:41:00,1,"Red","PTFE",4,40,10,2023-10-08 21:41:00,2023-10-08 21:51:00,"","R5",20,0.02,0,0,-3.91202300542815,0.10625,0,NA,0,0,0,0,NA,123050.78125,NA,NA,NA,NA,NA,NA,NA,NA,NA,NA,NA,NA,NA,NA,NA,NA,NA,NA,NA,NA,NA,NA,NA,NA,NA,NA,NA,NA,NA,NA,NA,NA,NA,NA,NA,NA,NA,NA,NA,NA,NA,NA,NA,NA,NA,NA,NA,NA,NA,NA,NA,NA,NA
"R5B_B",4,0,"FASMEE23","Button","Ambient","CW/KOH",20241223,20250519,"LL","1000x","n/a","","R5B","F23_D",2023-10-08,2023-10-08 15:41:00,2023-10-08 21:41:00,1,"Red","PTFE",4,40,10,2023-10-08 21:41:00,2023-10-08 21:51:00,"","R5",20,0.02,0,0,-3.91202300542815,0.10625,0,NA,0,0,0,0,NA,123050.78125,NA,NA,NA,NA,NA,NA,NA,NA,NA,NA,NA,NA,NA,NA,NA,NA,NA,NA,NA,NA,NA,NA,NA,NA,NA,NA,NA,NA,NA,NA,NA,NA,NA,NA,NA,NA,NA,NA,NA,NA,NA,NA,NA,NA,NA,NA,NA,NA,NA,NA,NA,NA,NA
"R5B_B",5,0,"FASMEE23","Button","Ambient","CW/KOH",20241223,20250519,"LL","1000x","n/a","","R5B","F23_D",2023-10-08,2023-10-08 15:41:00,2023-10-08 21:41:00,1,"Red","PTFE",4,40,10,2023-10-08 21:41:00,2023-10-08 21:51:00,"","R5",20,0.02,0,0,-3.91202300542815,0.10625,0,NA,0,0,0,0,NA,123050.78125,NA,NA,NA,NA,NA,NA,NA,NA,NA,NA,NA,NA,NA,NA,NA,NA,NA,NA,NA,NA,NA,NA,NA,NA,NA,NA,NA,NA,NA,NA,NA,NA,NA,NA,NA,NA,NA,NA,NA,NA,NA,NA,NA,NA,NA,NA,NA,NA,NA,NA,NA,NA,NA
"R5B_B",6,0,"FASMEE23","Button","Ambient","CW/KOH",20241223,20250519,"LL","1000x","n/a","","R5B","F23_D",2023-10-08,2023-10-08 15:41:00,2023-10-08 21:41:00,1,"Red","PTFE",4,40,10,2023-10-08 21:41:00,2023-10-08 21:51:00,"","R5",20,0.02,0,0,-3.91202300542815,0.10625,0,NA,0,0,0,0,NA,123050.78125,NA,NA,NA,NA,NA,NA,NA,NA,NA,NA,NA,NA,NA,NA,NA,NA,NA,NA,NA,NA,NA,NA,NA,NA,NA,NA,NA,NA,NA,NA,NA,NA,NA,NA,NA,NA,NA,NA,NA,NA,NA,NA,NA,NA,NA,NA,NA,NA,NA,NA,NA,NA,NA
"R5B_B",7,0,"FASMEE23","Button","Ambient","CW/KOH",20241223,20250519,"LL","1000x","n/a","","R5B","F23_D",2023-10-08,2023-10-08 15:41:00,2023-10-08 21:41:00,1,"Red","PTFE",4,40,10,2023-10-08 21:41:00,2023-10-08 21:51:00,"","R5",20,0.02,0,0,-3.91202300542815,0.10625,0,NA,0,0,0,0,NA,123050.78125,NA,NA,NA,NA,NA,NA,NA,NA,NA,NA,NA,NA,NA,NA,NA,NA,NA,NA,NA,NA,NA,NA,NA,NA,NA,NA,NA,NA,NA,NA,NA,NA,NA,NA,NA,NA,NA,NA,NA,NA,NA,NA,NA,NA,NA,NA,NA,NA,NA,NA,NA,NA,NA
"R5B_B",8,0,"FASMEE23","Button","Ambient","CW/KOH",20241223,20250519,"LL","1000x","n/a","","R5B","F23_D",2023-10-08,2023-10-08 15:41:00,2023-10-08 21:41:00,1,"Red","PTFE",4,40,10,2023-10-08 21:41:00,2023-10-08 21:51:00,"","R5",20,0.02,0,0,-3.91202300542815,0.10625,0,NA,0,0,0,0,NA,123050.78125,NA,NA,NA,NA,NA,NA,NA,NA,NA,NA,NA,NA,NA,NA,NA,NA,NA,NA,NA,NA,NA,NA,NA,NA,NA,NA,NA,NA,NA,NA,NA,NA,NA,NA,NA,NA,NA,NA,NA,NA,NA,NA,NA,NA,NA,NA,NA,NA,NA,NA,NA,NA,NA
"R5B_B",9,0,"FASMEE23","Button","Ambient","CW/KOH",20241223,20250519,"LL","1000x","n/a","","R5B","F23_D",2023-10-08,2023-10-08 15:41:00,2023-10-08 21:41:00,1,"Red","PTFE",4,40,10,2023-10-08 21:41:00,2023-10-08 21:51:00,"","R5",20,0.02,0,0,-3.91202300542815,0.10625,0,NA,0,0,0,0,NA,123050.78125,NA,NA,NA,NA,NA,NA,NA,NA,NA,NA,NA,NA,NA,NA,NA,NA,NA,NA,NA,NA,NA,NA,NA,NA,NA,NA,NA,NA,NA,NA,NA,NA,NA,NA,NA,NA,NA,NA,NA,NA,NA,NA,NA,NA,NA,NA,NA,NA,NA,NA,NA,NA,NA
"R5B_B",10,0,"FASMEE23","Button","Ambient","CW/KOH",20241223,20250519,"LL","1000x","n/a","","R5B","F23_D",2023-10-08,2023-10-08 15:41:00,2023-10-08 21:41:00,1,"Red","PTFE",4,40,10,2023-10-08 21:41:00,2023-10-08 21:51:00,"","R5",20,0.02,0,0,-3.91202300542815,0.10625,0,NA,0,0,0,0,NA,123050.78125,NA,NA,NA,NA,NA,NA,NA,NA,NA,NA,NA,NA,NA,NA,NA,NA,NA,NA,NA,NA,NA,NA,NA,NA,NA,NA,NA,NA,NA,NA,NA,NA,NA,NA,NA,NA,NA,NA,NA,NA,NA,NA,NA,NA,NA,NA,NA,NA,NA,NA,NA,NA,NA
"R5B_B",11,0,"FASMEE23","Button","Ambient","CW/KOH",20241223,20250519,"LL","1000x","n/a","","R5B","F23_D",2023-10-08,2023-10-08 15:41:00,2023-10-08 21:41:00,1,"Red","PTFE",4,40,10,2023-10-08 21:41:00,2023-10-08 21:51:00,"","R5",20,0.02,0,0,-3.91202300542815,0.10625,0,NA,0,0,0,0,NA,123050.78125,NA,NA,NA,NA,NA,NA,NA,NA,NA,NA,NA,NA,NA,NA,NA,NA,NA,NA,NA,NA,NA,NA,NA,NA,NA,NA,NA,NA,NA,NA,NA,NA,NA,NA,NA,NA,NA,NA,NA,NA,NA,NA,NA,NA,NA,NA,NA,NA,NA,NA,NA,NA,NA
"R5B_B",12,0,"FASMEE23","Button","Ambient","CW/KOH",20241223,20250519,"LL","1000x","n/a","","R5B","F23_D",2023-10-08,2023-10-08 15:41:00,2023-10-08 21:41:00,1,"Red","PTFE",4,40,10,2023-10-08 21:41:00,2023-10-08 21:51:00,"","R5",20,0.02,0,0,-3.91202300542815,0.10625,0,NA,0,0,0,0,NA,123050.78125,NA,NA,NA,NA,NA,NA,NA,NA,NA,NA,NA,NA,NA,NA,NA,NA,NA,NA,NA,NA,NA,NA,NA,NA,NA,NA,NA,NA,NA,NA,NA,NA,NA,NA,NA,NA,NA,NA,NA,NA,NA,NA,NA,NA,NA,NA,NA,NA,NA,NA,NA,NA,NA
"R5B_B",13,0,"FASMEE23","Button","Ambient","CW/KOH",20241223,20250519,"LL","1000x","n/a","","R5B","F23_D",2023-10-08,2023-10-08 15:41:00,2023-10-08 21:41:00,1,"Red","PTFE",4,40,10,2023-10-08 21:41:00,2023-10-08 21:51:00,"","R5",20,0.02,0,0,-3.91202300542815,0.10625,0,NA,0,0,0,0,NA,123050.78125,NA,NA,NA,NA,NA,NA,NA,NA,NA,NA,NA,NA,NA,NA,NA,NA,NA,NA,NA,NA,NA,NA,NA,NA,NA,NA,NA,NA,NA,NA,NA,NA,NA,NA,NA,NA,NA,NA,NA,NA,NA,NA,NA,NA,NA,NA,NA,NA,NA,NA,NA,NA,NA
"R5B_B",14,1,"FASMEE23","Button","Ambient","CW/KOH",20241223,20250519,"LL","1000x","n/a","","R5B","F23_D",2023-10-08,2023-10-08 15:41:00,2023-10-08 21:41:00,1,"Red","PTFE",4,40,10,2023-10-08 21:41:00,2023-10-08 21:51:00,"","R5",20,0.02,0,1,-3.91202300542815,0.10625,0.89375,NA,7225,361250,6457.34375,322867.1875,NA,123050.78125,NA,NA,NA,NA,NA,NA,NA,NA,NA,NA,NA,NA,NA,NA,NA,NA,NA,NA,NA,NA,NA,NA,NA,NA,NA,NA,NA,NA,NA,NA,NA,NA,NA,NA,NA,NA,NA,NA,NA,NA,NA,NA,NA,NA,NA,NA,NA,NA,NA,NA,NA,NA,NA
"R5B_B",15,0,"FASMEE23","Button","Ambient","CW/KOH",20241223,20250519,"LL","1000x","n/a","","R5B","F23_D",2023-10-08,2023-10-08 15:41:00,2023-10-08 21:41:00,1,"Red","PTFE",4,40,10,2023-10-08 21:41:00,2023-10-08 21:51:00,"","R5",20,0.02,0,0,-3.91202300542815,0.10625,0,NA,0,0,0,0,NA,123050.78125,NA,NA,NA,NA,NA,NA,NA,NA,NA,NA,NA,NA,NA,NA,NA,NA,NA,NA,NA,NA,NA,NA,NA,NA,NA,NA,NA,NA,NA,NA,NA,NA,NA,NA,NA,NA,NA,NA,NA,NA,NA,NA,NA,NA,NA,NA,NA,NA,NA,NA,NA,NA,NA
"R5B_B",16,0,"FASMEE23","Button","Ambient","CW/KOH",20241223,20250519,"LL","1000x","n/a","","R5B","F23_D",2023-10-08,2023-10-08 15:41:00,2023-10-08 21:41:00,1,"Red","PTFE",4,40,10,2023-10-08 21:41:00,2023-10-08 21:51:00,"","R5",20,0.02,0,0,-3.91202300542815,0.10625,0,NA,0,0,0,0,NA,123050.78125,NA,NA,NA,NA,NA,NA,NA,NA,NA,NA,NA,NA,NA,NA,NA,NA,NA,NA,NA,NA,NA,NA,NA,NA,NA,NA,NA,NA,NA,NA,NA,NA,NA,NA,NA,NA,NA,NA,NA,NA,NA,NA,NA,NA,NA,NA,NA,NA,NA,NA,NA,NA,NA
"R5B_B",17,0,"FASMEE23","Button","Ambient","CW/KOH",20241223,20250519,"LL","1000x","n/a","","R5B","F23_D",2023-10-08,2023-10-08 15:41:00,2023-10-08 21:41:00,1,"Red","PTFE",4,40,10,2023-10-08 21:41:00,2023-10-08 21:51:00,"","R5",20,0.02,0,0,-3.91202300542815,0.10625,0,NA,0,0,0,0,NA,123050.78125,NA,NA,NA,NA,NA,NA,NA,NA,NA,NA,NA,NA,NA,NA,NA,NA,NA,NA,NA,NA,NA,NA,NA,NA,NA,NA,NA,NA,NA,NA,NA,NA,NA,NA,NA,NA,NA,NA,NA,NA,NA,NA,NA,NA,NA,NA,NA,NA,NA,NA,NA,NA,NA
"R5B_B",18,0,"FASMEE23","Button","Ambient","CW/KOH",20241223,20250519,"LL","1000x","n/a","","R5B","F23_D",2023-10-08,2023-10-08 15:41:00,2023-10-08 21:41:00,1,"Red","PTFE",4,40,10,2023-10-08 21:41:00,2023-10-08 21:51:00,"","R5",20,0.02,0,0,-3.91202300542815,0.10625,0,NA,0,0,0,0,NA,123050.78125,NA,NA,NA,NA,NA,NA,NA,NA,NA,NA,NA,NA,NA,NA,NA,NA,NA,NA,NA,NA,NA,NA,NA,NA,NA,NA,NA,NA,NA,NA,NA,NA,NA,NA,NA,NA,NA,NA,NA,NA,NA,NA,NA,NA,NA,NA,NA,NA,NA,NA,NA,NA,NA
"R5B_B",19,0,"FASMEE23","Button","Ambient","CW/KOH",20241223,20250519,"LL","1000x","n/a","","R5B","F23_D",2023-10-08,2023-10-08 15:41:00,2023-10-08 21:41:00,1,"Red","PTFE",4,40,10,2023-10-08 21:41:00,2023-10-08 21:51:00,"","R5",20,0.02,0,0,-3.91202300542815,0.10625,0,NA,0,0,0,0,NA,123050.78125,NA,NA,NA,NA,NA,NA,NA,NA,NA,NA,NA,NA,NA,NA,NA,NA,NA,NA,NA,NA,NA,NA,NA,NA,NA,NA,NA,NA,NA,NA,NA,NA,NA,NA,NA,NA,NA,NA,NA,NA,NA,NA,NA,NA,NA,NA,NA,NA,NA,NA,NA,NA,NA
"R5B_B",20,0,"FASMEE23","Button","Ambient","CW/KOH",20241223,20250519,"LL","1000x","n/a","","R5B","F23_D",2023-10-08,2023-10-08 15:41:00,2023-10-08 21:41:00,1,"Red","PTFE",4,40,10,2023-10-08 21:41:00,2023-10-08 21:51:00,"","R5",20,0.02,0,0,-3.91202300542815,0.10625,0,NA,0,0,0,0,NA,123050.78125,NA,NA,NA,NA,NA,NA,NA,NA,NA,NA,NA,NA,NA,NA,NA,NA,NA,NA,NA,NA,NA,NA,NA,NA,NA,NA,NA,NA,NA,NA,NA,NA,NA,NA,NA,NA,NA,NA,NA,NA,NA,NA,NA,NA,NA,NA,NA,NA,NA,NA,NA,NA,NA
"R5B_B",21,0,"FASMEE23","Button","Ambient","CW/KOH",20241223,20250519,"LL","1000x","n/a","","R5B","F23_D",2023-10-08,2023-10-08 15:41:00,2023-10-08 21:41:00,1,"Red","PTFE",4,40,10,2023-10-08 21:41:00,2023-10-08 21:51:00,"","R5",20,0.02,0,0,-3.91202300542815,0.10625,0,NA,0,0,0,0,NA,123050.78125,NA,NA,NA,NA,NA,NA,NA,NA,NA,NA,NA,NA,NA,NA,NA,NA,NA,NA,NA,NA,NA,NA,NA,NA,NA,NA,NA,NA,NA,NA,NA,NA,NA,NA,NA,NA,NA,NA,NA,NA,NA,NA,NA,NA,NA,NA,NA,NA,NA,NA,NA,NA,NA
"R5B_B",22,0,"FASMEE23","Button","Ambient","CW/KOH",20241223,20250519,"LL","1000x","n/a","","R5B","F23_D",2023-10-08,2023-10-08 15:41:00,2023-10-08 21:41:00,1,"Red","PTFE",4,40,10,2023-10-08 21:41:00,2023-10-08 21:51:00,"","R5",20,0.02,0,0,-3.91202300542815,0.10625,0,NA,0,0,0,0,NA,123050.78125,NA,NA,NA,NA,NA,NA,NA,NA,NA,NA,NA,NA,NA,NA,NA,NA,NA,NA,NA,NA,NA,NA,NA,NA,NA,NA,NA,NA,NA,NA,NA,NA,NA,NA,NA,NA,NA,NA,NA,NA,NA,NA,NA,NA,NA,NA,NA,NA,NA,NA,NA,NA,NA
"R5B_B",23,2,"FASMEE23","Button","Ambient","CW/KOH",20241223,20250519,"LL","1000x","n/a","","R5B","F23_D",2023-10-08,2023-10-08 15:41:00,2023-10-08 21:41:00,1,"Red","PTFE",4,40,10,2023-10-08 21:41:00,2023-10-08 21:51:00,"","R5",20,0.02,0,2,-3.91202300542815,0.10625,1.89375,NA,14450,722500,13682.34375,684117.1875,NA,123050.78125,NA,NA,NA,NA,NA,NA,NA,NA,NA,NA,NA,NA,NA,NA,NA,NA,NA,NA,NA,NA,NA,NA,NA,NA,NA,NA,NA,NA,NA,NA,NA,NA,NA,NA,NA,NA,NA,NA,NA,NA,NA,NA,NA,NA,NA,NA,NA,NA,NA,NA,NA,NA,NA
"R5B_B",24,0,"FASMEE23","Button","Ambient","CW/KOH",20241223,20250519,"LL","1000x","n/a","","R5B","F23_D",2023-10-08,2023-10-08 15:41:00,2023-10-08 21:41:00,1,"Red","PTFE",4,40,10,2023-10-08 21:41:00,2023-10-08 21:51:00,"","R5",20,0.02,0,0,-3.91202300542815,0.10625,0,NA,0,0,0,0,NA,123050.78125,NA,NA,NA,NA,NA,NA,NA,NA,NA,NA,NA,NA,NA,NA,NA,NA,NA,NA,NA,NA,NA,NA,NA,NA,NA,NA,NA,NA,NA,NA,NA,NA,NA,NA,NA,NA,NA,NA,NA,NA,NA,NA,NA,NA,NA,NA,NA,NA,NA,NA,NA,NA,NA
"R5B_B",25,0,"FASMEE23","Button","Ambient","CW/KOH",20241223,20250519,"LL","1000x","n/a","","R5B","F23_D",2023-10-08,2023-10-08 15:41:00,2023-10-08 21:41:00,1,"Red","PTFE",4,40,10,2023-10-08 21:41:00,2023-10-08 21:51:00,"","R5",20,0.02,0,0,-3.91202300542815,0.10625,0,NA,0,0,0,0,NA,123050.78125,NA,NA,NA,NA,NA,NA,NA,NA,NA,NA,NA,NA,NA,NA,NA,NA,NA,NA,NA,NA,NA,NA,NA,NA,NA,NA,NA,NA,NA,NA,NA,NA,NA,NA,NA,NA,NA,NA,NA,NA,NA,NA,NA,NA,NA,NA,NA,NA,NA,NA,NA,NA,NA
"R5B_B",26,0,"FASMEE23","Button","Ambient","CW/KOH",20241223,20250519,"LL","1000x","n/a","","R5B","F23_D",2023-10-08,2023-10-08 15:41:00,2023-10-08 21:41:00,1,"Red","PTFE",4,40,10,2023-10-08 21:41:00,2023-10-08 21:51:00,"","R5",20,0.02,0,0,-3.91202300542815,0.10625,0,NA,0,0,0,0,NA,123050.78125,NA,NA,NA,NA,NA,NA,NA,NA,NA,NA,NA,NA,NA,NA,NA,NA,NA,NA,NA,NA,NA,NA,NA,NA,NA,NA,NA,NA,NA,NA,NA,NA,NA,NA,NA,NA,NA,NA,NA,NA,NA,NA,NA,NA,NA,NA,NA,NA,NA,NA,NA,NA,NA
"R5B_B",27,0,"FASMEE23","Button","Ambient","CW/KOH",20241223,20250519,"LL","1000x","n/a","","R5B","F23_D",2023-10-08,2023-10-08 15:41:00,2023-10-08 21:41:00,1,"Red","PTFE",4,40,10,2023-10-08 21:41:00,2023-10-08 21:51:00,"","R5",20,0.02,0,0,-3.91202300542815,0.10625,0,NA,0,0,0,0,NA,123050.78125,NA,NA,NA,NA,NA,NA,NA,NA,NA,NA,NA,NA,NA,NA,NA,NA,NA,NA,NA,NA,NA,NA,NA,NA,NA,NA,NA,NA,NA,NA,NA,NA,NA,NA,NA,NA,NA,NA,NA,NA,NA,NA,NA,NA,NA,NA,NA,NA,NA,NA,NA,NA,NA
"R5B_B",28,0,"FASMEE23","Button","Ambient","CW/KOH",20241223,20250519,"LL","1000x","n/a","","R5B","F23_D",2023-10-08,2023-10-08 15:41:00,2023-10-08 21:41:00,1,"Red","PTFE",4,40,10,2023-10-08 21:41:00,2023-10-08 21:51:00,"","R5",20,0.02,0,0,-3.91202300542815,0.10625,0,NA,0,0,0,0,NA,123050.78125,NA,NA,NA,NA,NA,NA,NA,NA,NA,NA,NA,NA,NA,NA,NA,NA,NA,NA,NA,NA,NA,NA,NA,NA,NA,NA,NA,NA,NA,NA,NA,NA,NA,NA,NA,NA,NA,NA,NA,NA,NA,NA,NA,NA,NA,NA,NA,NA,NA,NA,NA,NA,NA
"R5B_B",29,0,"FASMEE23","Button","Ambient","CW/KOH",20241223,20250519,"LL","1000x","n/a","","R5B","F23_D",2023-10-08,2023-10-08 15:41:00,2023-10-08 21:41:00,1,"Red","PTFE",4,40,10,2023-10-08 21:41:00,2023-10-08 21:51:00,"","R5",20,0.02,0,0,-3.91202300542815,0.10625,0,NA,0,0,0,0,NA,123050.78125,NA,NA,NA,NA,NA,NA,NA,NA,NA,NA,NA,NA,NA,NA,NA,NA,NA,NA,NA,NA,NA,NA,NA,NA,NA,NA,NA,NA,NA,NA,NA,NA,NA,NA,NA,NA,NA,NA,NA,NA,NA,NA,NA,NA,NA,NA,NA,NA,NA,NA,NA,NA,NA
"R5B_B",30,0,"FASMEE23","Button","Ambient","CW/KOH",20241223,20250519,"LL","1000x","n/a","","R5B","F23_D",2023-10-08,2023-10-08 15:41:00,2023-10-08 21:41:00,1,"Red","PTFE",4,40,10,2023-10-08 21:41:00,2023-10-08 21:51:00,"","R5",20,0.02,0,0,-3.91202300542815,0.10625,0,NA,0,0,0,0,NA,123050.78125,NA,NA,NA,NA,NA,NA,NA,NA,NA,NA,NA,NA,NA,NA,NA,NA,NA,NA,NA,NA,NA,NA,NA,NA,NA,NA,NA,NA,NA,NA,NA,NA,NA,NA,NA,NA,NA,NA,NA,NA,NA,NA,NA,NA,NA,NA,NA,NA,NA,NA,NA,NA,NA
"R5B_B",31,0,"FASMEE23","Button","Ambient","CW/KOH",20241223,20250519,"LL","1000x","n/a","","R5B","F23_D",2023-10-08,2023-10-08 15:41:00,2023-10-08 21:41:00,1,"Red","PTFE",4,40,10,2023-10-08 21:41:00,2023-10-08 21:51:00,"","R5",20,0.02,0,0,-3.91202300542815,0.10625,0,NA,0,0,0,0,NA,123050.78125,NA,NA,NA,NA,NA,NA,NA,NA,NA,NA,NA,NA,NA,NA,NA,NA,NA,NA,NA,NA,NA,NA,NA,NA,NA,NA,NA,NA,NA,NA,NA,NA,NA,NA,NA,NA,NA,NA,NA,NA,NA,NA,NA,NA,NA,NA,NA,NA,NA,NA,NA,NA,NA
"R5B_B",32,4,"FASMEE23","Button","Ambient","CW/KOH",20241223,20250519,"LL","1000x","n/a","","R5B","F23_D",2023-10-08,2023-10-08 15:41:00,2023-10-08 21:41:00,1,"Red","PTFE",4,40,10,2023-10-08 21:41:00,2023-10-08 21:51:00,"","R5",20,0.02,0,4,-3.91202300542815,0.10625,3.89375,NA,28900,1445000,28132.34375,1406617.1875,NA,123050.78125,NA,NA,NA,NA,NA,NA,NA,NA,NA,NA,NA,NA,NA,NA,NA,NA,NA,NA,NA,NA,NA,NA,NA,NA,NA,NA,NA,NA,NA,NA,NA,NA,NA,NA,NA,NA,NA,NA,NA,NA,NA,NA,NA,NA,NA,NA,NA,NA,NA,NA,NA,NA,NA
"R5B_B",33,0,"FASMEE23","Button","Ambient","CW/KOH",20241223,20250519,"LL","1000x","n/a","","R5B","F23_D",2023-10-08,2023-10-08 15:41:00,2023-10-08 21:41:00,1,"Red","PTFE",4,40,10,2023-10-08 21:41:00,2023-10-08 21:51:00,"","R5",20,0.02,0,0,-3.91202300542815,0.10625,0,NA,0,0,0,0,NA,123050.78125,NA,NA,NA,NA,NA,NA,NA,NA,NA,NA,NA,NA,NA,NA,NA,NA,NA,NA,NA,NA,NA,NA,NA,NA,NA,NA,NA,NA,NA,NA,NA,NA,NA,NA,NA,NA,NA,NA,NA,NA,NA,NA,NA,NA,NA,NA,NA,NA,NA,NA,NA,NA,NA
"R5B_B",34,0,"FASMEE23","Button","Ambient","CW/KOH",20241223,20250519,"LL","1000x","n/a","","R5B","F23_D",2023-10-08,2023-10-08 15:41:00,2023-10-08 21:41:00,1,"Red","PTFE",4,40,10,2023-10-08 21:41:00,2023-10-08 21:51:00,"","R5",20,0.02,0,0,-3.91202300542815,0.10625,0,NA,0,0,0,0,NA,123050.78125,NA,NA,NA,NA,NA,NA,NA,NA,NA,NA,NA,NA,NA,NA,NA,NA,NA,NA,NA,NA,NA,NA,NA,NA,NA,NA,NA,NA,NA,NA,NA,NA,NA,NA,NA,NA,NA,NA,NA,NA,NA,NA,NA,NA,NA,NA,NA,NA,NA,NA,NA,NA,NA
"R5B_B",35,0,"FASMEE23","Button","Ambient","CW/KOH",20241223,20250519,"LL","1000x","n/a","","R5B","F23_D",2023-10-08,2023-10-08 15:41:00,2023-10-08 21:41:00,1,"Red","PTFE",4,40,10,2023-10-08 21:41:00,2023-10-08 21:51:00,"","R5",20,0.02,0,0,-3.91202300542815,0.10625,0,NA,0,0,0,0,NA,123050.78125,NA,NA,NA,NA,NA,NA,NA,NA,NA,NA,NA,NA,NA,NA,NA,NA,NA,NA,NA,NA,NA,NA,NA,NA,NA,NA,NA,NA,NA,NA,NA,NA,NA,NA,NA,NA,NA,NA,NA,NA,NA,NA,NA,NA,NA,NA,NA,NA,NA,NA,NA,NA,NA
"R5B_B",36,0,"FASMEE23","Button","Ambient","CW/KOH",20241223,20250519,"LL","1000x","n/a","","R5B","F23_D",2023-10-08,2023-10-08 15:41:00,2023-10-08 21:41:00,1,"Red","PTFE",4,40,10,2023-10-08 21:41:00,2023-10-08 21:51:00,"","R5",20,0.02,0,0,-3.91202300542815,0.10625,0,NA,0,0,0,0,NA,123050.78125,NA,NA,NA,NA,NA,NA,NA,NA,NA,NA,NA,NA,NA,NA,NA,NA,NA,NA,NA,NA,NA,NA,NA,NA,NA,NA,NA,NA,NA,NA,NA,NA,NA,NA,NA,NA,NA,NA,NA,NA,NA,NA,NA,NA,NA,NA,NA,NA,NA,NA,NA,NA,NA
"R5B_B",37,1,"FASMEE23","Button","Ambient","CW/KOH",20241223,20250519,"LL","1000x","n/a","","R5B","F23_D",2023-10-08,2023-10-08 15:41:00,2023-10-08 21:41:00,1,"Red","PTFE",4,40,10,2023-10-08 21:41:00,2023-10-08 21:51:00,"","R5",20,0.02,0,1,-3.91202300542815,0.10625,0.89375,NA,7225,361250,6457.34375,322867.1875,NA,123050.78125,NA,NA,NA,NA,NA,NA,NA,NA,NA,NA,NA,NA,NA,NA,NA,NA,NA,NA,NA,NA,NA,NA,NA,NA,NA,NA,NA,NA,NA,NA,NA,NA,NA,NA,NA,NA,NA,NA,NA,NA,NA,NA,NA,NA,NA,NA,NA,NA,NA,NA,NA,NA,NA
"R5B_B",38,0,"FASMEE23","Button","Ambient","CW/KOH",20241223,20250519,"LL","1000x","n/a","","R5B","F23_D",2023-10-08,2023-10-08 15:41:00,2023-10-08 21:41:00,1,"Red","PTFE",4,40,10,2023-10-08 21:41:00,2023-10-08 21:51:00,"","R5",20,0.02,0,0,-3.91202300542815,0.10625,0,NA,0,0,0,0,NA,123050.78125,NA,NA,NA,NA,NA,NA,NA,NA,NA,NA,NA,NA,NA,NA,NA,NA,NA,NA,NA,NA,NA,NA,NA,NA,NA,NA,NA,NA,NA,NA,NA,NA,NA,NA,NA,NA,NA,NA,NA,NA,NA,NA,NA,NA,NA,NA,NA,NA,NA,NA,NA,NA,NA
"R5B_B",39,0,"FASMEE23","Button","Ambient","CW/KOH",20241223,20250519,"LL","1000x","n/a","","R5B","F23_D",2023-10-08,2023-10-08 15:41:00,2023-10-08 21:41:00,1,"Red","PTFE",4,40,10,2023-10-08 21:41:00,2023-10-08 21:51:00,"","R5",20,0.02,0,0,-3.91202300542815,0.10625,0,NA,0,0,0,0,NA,123050.78125,NA,NA,NA,NA,NA,NA,NA,NA,NA,NA,NA,NA,NA,NA,NA,NA,NA,NA,NA,NA,NA,NA,NA,NA,NA,NA,NA,NA,NA,NA,NA,NA,NA,NA,NA,NA,NA,NA,NA,NA,NA,NA,NA,NA,NA,NA,NA,NA,NA,NA,NA,NA,NA
"R5B_B",40,0,"FASMEE23","Button","Ambient","CW/KOH",20241223,20250519,"LL","1000x","n/a","","R5B","F23_D",2023-10-08,2023-10-08 15:41:00,2023-10-08 21:41:00,1,"Red","PTFE",4,40,10,2023-10-08 21:41:00,2023-10-08 21:51:00,"","R5",20,0.02,0,0,-3.91202300542815,0.10625,0,NA,0,0,0,0,NA,123050.78125,NA,NA,NA,NA,NA,NA,NA,NA,NA,NA,NA,NA,NA,NA,NA,NA,NA,NA,NA,NA,NA,NA,NA,NA,NA,NA,NA,NA,NA,NA,NA,NA,NA,NA,NA,NA,NA,NA,NA,NA,NA,NA,NA,NA,NA,NA,NA,NA,NA,NA,NA,NA,NA
