"Project","Sampler","SampleType","StainType","StainDate","DateCounted","Who","SampleID","Sample","SlideRep","FOV","LIVECounts","DEADCounts","TotalCells","Clumps.4ormorecells.","CellsPerClump","Notes.x","LB_Batch","DATE_UTC","DateTime_MDT","DateTime_UTC","Day","Platform","FilterType","FlowRate","Volume_L","SamplingDuration_dmin","SampleStart_UTC","SampleEnd_UTC","Notes.y","SampleID_short","RepVolume_L","RepVolume_m3","TotalCells_LB","LiveCells_LB","DeadCells_LB","DeadCells_LBcorr","LiveCells_LBcorr","TotalCells_LBcorr","Live.Total_LB_corr","TotalCells_FBLB","LiveCells_FBLB","DeadCells_FBLBcorr","LiveCells_FBLBcorr","TotalCells_FBLBcorr","log_volume_offset_m3","Live.Total","TotalCells.m3","TotalCells_FBLBcorr.m3","DeadCells_FBLBcorr.m3","LiveCells_FBLBcorr.m3","Live.Total_FBLBcorr","LiveCells_Bcorr.m3","DeadCells_Bcorr.m3","TotalCells_Bcorr.m3","Live.Total_Bcorr","Sample_num","MeanPM2.5_ug.m3","MedianPM2.5_ug.m3","MaxPM2.5_ug.m3","MeanPM1.0ug.m3","MedianPM1.0_ug.m3","MaxPM1.0_ug.m3","MeanPM10_ug.m3","MedianPM10_ug.m3","MaxPM10_ug.m3","MeanTemp_C","MedianTemp_C","MaxTemp_C","MinTemp_C","MeanRH","MedianRH","MinRH","MaxRH","MeanMR","MedianMR","MaxMR","MinMR","p0.3um.dl","p0.5um.dl","p1.0um.dl","p2.5um.dl","p5.0um.dl","p10.0um.dl","p_lt1.0um.dl","p_lt2.5um.dl","p_lt5.0um.dl","p_lt10.0um.dl","logPM2.5","AQI_PM2.5","SmokeLevel","Mean_CO2_CO_mg.m3","Median_CO2_CO_mg.m3","Mean_DeltaCO2_mg.m3","Median_DeltaCO_mg.m3","Mean_DeltaCO2_ppm","Median_DeltaCO2_ppm","Mean_DeltaCO_ppm","Median_DeltaCO_ppm","Max_DeltaCO_ppm","MeanMCE","MedianMCE","Gas_TC_Carbon_mg.m3","biomass_mg","biomass_g","biomass_kg","biomass_Mg","Total_bacteria.Mg","Live_bacteria.Mg","Total_bacteria.kg","Live_bacteria.kg","Total_bacteria.mg","Live_bacteria.mg"
"FASMEE23","Button","Smoke","S9PI",20250203,"2/12/2025","Lampman","R10B","R10","A",7,0,14,14,NA,"","","F23E",2023-10-10,2023-10-09 18:17:00,2023-10-10 00:17:00,2,"Red","PTFE",4,60,15,2023-10-10 00:17:00,2023-10-10 00:32:00,"","R10",30,0.03,2.1,2.1,0,14,0,14,0,6.3884375,6.05875,13.6703125,0,13.6703125,-3.50655789731998,0,3371666.66666667,3292266.92708333,3292266.92708333,0,0,0,3002691.4984809,3002691.4984809,0,NA,NA,NA,NA,NA,NA,NA,NA,NA,NA,NA,NA,NA,NA,NA,NA,NA,NA,NA,NA,NA,NA,NA,NA,NA,NA,NA,NA,NA,NA,NA,NA,NA,NA,NA,NA,NA,NA,NA,NA,NA,NA,NA,NA,NA,NA,NA,NA,NA,NA,NA,NA,NA,NA,NA,NA,NA
"FASMEE23","Button","Smoke","S9PI",20240926,"11/14/2024","Lampman","B11B","B11","A",21,0,1,1,NA,"","","F23B",2023-10-11,2023-10-10 18:53:00,2023-10-11 00:53:00,3,"Blue","PTFE",4,52.28,13.07,2023-10-11 00:53:00,2023-10-11 01:06:04,"Arms loose on ATAT-RTH with time remaining on leland (1:56min)","B11",26.14,0.02614,1.675,1.5,0.175,0.825,0,0.825,0,5.9634375,5.45875,0.4953125,0,0.4953125,-3.64428857078606,0,276396.327467483,136902.555948738,136902.555948738,0,0,0,0,0,NA,11,126.519445912158,109.433425,372.7538288125,95.9646621621622,85.5425,240.415,159.535135135135,142.02,385.5,9.42192192192192,9.44444444444444,10,7.22222222222222,30.3108108108108,30,30,31,3.19763860610841,3.20003153837661,3.34652644641426,2.69939809952541,7999.75,6403.1875,1424.23,38.7925,0,0,15778.3125,15811,15812.25,15813.5,4.69531637348758,"Moderate/Unhealthy","Low",5.03917002239612,3.45635072732919,16.9430562803866,0.334627603826129,8.98035194956724,9.22013137699785,0.812405426978007,0.278427065808824,2.83584060580882,0.912070919480452,0.931800219280138,5.14133045415266,10.2826609083053,0.0102826609083053,1.02826609083053e-05,1.02826609083053e-08,0,0,0,0,0,0
"FASMEE23","Button","Smoke","S9PI",20250117,"3/3/2025","Lampman","R7B","R7","A",20,0,1,1,NA,"","","F23E",2023-10-09,2023-10-09 12:33:00,2023-10-09 18:33:00,2,"Red","PTFE",4,40,10,2023-10-09 18:33:00,2023-10-09 18:43:00,"Partial smoke towards end of sample","R7",20,0.02,2.1,2.1,0,1,0,1,0,6.3884375,6.05875,0.6703125,0,0.6703125,-3.91202300542815,0,361250,242150.390625,242150.390625,0,0,0,0,0,NA,NA,NA,NA,NA,NA,NA,NA,NA,NA,NA,NA,NA,NA,NA,NA,NA,NA,NA,NA,NA,NA,NA,NA,NA,NA,NA,NA,NA,NA,NA,NA,NA,NA,NA,NA,NA,NA,NA,NA,NA,NA,NA,NA,NA,NA,NA,NA,NA,NA,NA,NA,NA,NA,NA,NA,NA,NA
"FASMEE23","Button","Smoke","S9PI",20240912,"11/12/2024","Lampman","B10B","B10","A",21,0,0,0,0,"","","F23B",2023-10-11,2023-10-10 18:25:00,2023-10-11 00:25:00,3,"Blue","PTFE",4,60,15,2023-10-11 00:25:00,2023-10-11 00:40:00,"Partial smoke at best","B10",30,0.03,1.675,1.5,0.175,0,0,0,NA,5.9634375,5.45875,0,0,0,-3.50655789731998,NA,0,0,0,0,NA,0,0,0,NA,10,296.817832329909,284.73479828125,913.5914568125,162.399186046512,183.125,370.5,298.041569767442,316.625,762.75,10.0638569604087,10,10.5555555555556,7.77777777777778,31.3333333333333,31,31,32,3.46114545081116,3.49829032819435,3.65288745104373,2.95692571743565,15821,13422.125,3222.3325,205,3.335,0,32372.0625,32590.23,32594.855,32599.48,5.65155821470817,"Hazardous","Low",9.16936754497504,7.15880794304564,30.8100107581134,1.51685239597926,16.3873253245179,22.7938558681921,1.49529188355726,1.26651866080882,4.28245836580882,0.903533173719327,0.926980348124455,9.26602549754036,18.5320509950807,0.0185320509950807,1.85320509950807e-05,1.85320509950807e-08,0,0,0,0,0,0
"FASMEE23","Button","Smoke","S9PI",20240912,"11/12/2024","Lampman","B10B","B10","A",23,0,0,0,0,"","","F23B",2023-10-11,2023-10-10 18:25:00,2023-10-11 00:25:00,3,"Blue","PTFE",4,60,15,2023-10-11 00:25:00,2023-10-11 00:40:00,"Partial smoke at best","B10",30,0.03,1.675,1.5,0.175,0,0,0,NA,5.9634375,5.45875,0,0,0,-3.50655789731998,NA,0,0,0,0,NA,0,0,0,NA,10,296.817832329909,284.73479828125,913.5914568125,162.399186046512,183.125,370.5,298.041569767442,316.625,762.75,10.0638569604087,10,10.5555555555556,7.77777777777778,31.3333333333333,31,31,32,3.46114545081116,3.49829032819435,3.65288745104373,2.95692571743565,15821,13422.125,3222.3325,205,3.335,0,32372.0625,32590.23,32594.855,32599.48,5.65155821470817,"Hazardous","Low",9.16936754497504,7.15880794304564,30.8100107581134,1.51685239597926,16.3873253245179,22.7938558681921,1.49529188355726,1.26651866080882,4.28245836580882,0.903533173719327,0.926980348124455,9.26602549754036,18.5320509950807,0.0185320509950807,1.85320509950807e-05,1.85320509950807e-08,0,0,0,0,0,0
"FASMEE23","Button","Smoke","S9PI",20240912,"11/12/2024","Lampman","B10B","B10","A",24,0,0,0,0,"","","F23B",2023-10-11,2023-10-10 18:25:00,2023-10-11 00:25:00,3,"Blue","PTFE",4,60,15,2023-10-11 00:25:00,2023-10-11 00:40:00,"Partial smoke at best","B10",30,0.03,1.675,1.5,0.175,0,0,0,NA,5.9634375,5.45875,0,0,0,-3.50655789731998,NA,0,0,0,0,NA,0,0,0,NA,10,296.817832329909,284.73479828125,913.5914568125,162.399186046512,183.125,370.5,298.041569767442,316.625,762.75,10.0638569604087,10,10.5555555555556,7.77777777777778,31.3333333333333,31,31,32,3.46114545081116,3.49829032819435,3.65288745104373,2.95692571743565,15821,13422.125,3222.3325,205,3.335,0,32372.0625,32590.23,32594.855,32599.48,5.65155821470817,"Hazardous","Low",9.16936754497504,7.15880794304564,30.8100107581134,1.51685239597926,16.3873253245179,22.7938558681921,1.49529188355726,1.26651866080882,4.28245836580882,0.903533173719327,0.926980348124455,9.26602549754036,18.5320509950807,0.0185320509950807,1.85320509950807e-05,1.85320509950807e-08,0,0,0,0,0,0
"FASMEE23","Button","Smoke","S9PI",20240912,"11/12/2024","Lampman","B10B","B10","A",29,0,0,0,0,"","","F23B",2023-10-11,2023-10-10 18:25:00,2023-10-11 00:25:00,3,"Blue","PTFE",4,60,15,2023-10-11 00:25:00,2023-10-11 00:40:00,"Partial smoke at best","B10",30,0.03,1.675,1.5,0.175,0,0,0,NA,5.9634375,5.45875,0,0,0,-3.50655789731998,NA,0,0,0,0,NA,0,0,0,NA,10,296.817832329909,284.73479828125,913.5914568125,162.399186046512,183.125,370.5,298.041569767442,316.625,762.75,10.0638569604087,10,10.5555555555556,7.77777777777778,31.3333333333333,31,31,32,3.46114545081116,3.49829032819435,3.65288745104373,2.95692571743565,15821,13422.125,3222.3325,205,3.335,0,32372.0625,32590.23,32594.855,32599.48,5.65155821470817,"Hazardous","Low",9.16936754497504,7.15880794304564,30.8100107581134,1.51685239597926,16.3873253245179,22.7938558681921,1.49529188355726,1.26651866080882,4.28245836580882,0.903533173719327,0.926980348124455,9.26602549754036,18.5320509950807,0.0185320509950807,1.85320509950807e-05,1.85320509950807e-08,0,0,0,0,0,0
"FASMEE23","Button","Smoke","S9PI",20240912,"11/12/2024","Lampman","B10B","B10","A",39,0,0,0,0,"","","F23B",2023-10-11,2023-10-10 18:25:00,2023-10-11 00:25:00,3,"Blue","PTFE",4,60,15,2023-10-11 00:25:00,2023-10-11 00:40:00,"Partial smoke at best","B10",30,0.03,1.675,1.5,0.175,0,0,0,NA,5.9634375,5.45875,0,0,0,-3.50655789731998,NA,0,0,0,0,NA,0,0,0,NA,10,296.817832329909,284.73479828125,913.5914568125,162.399186046512,183.125,370.5,298.041569767442,316.625,762.75,10.0638569604087,10,10.5555555555556,7.77777777777778,31.3333333333333,31,31,32,3.46114545081116,3.49829032819435,3.65288745104373,2.95692571743565,15821,13422.125,3222.3325,205,3.335,0,32372.0625,32590.23,32594.855,32599.48,5.65155821470817,"Hazardous","Low",9.16936754497504,7.15880794304564,30.8100107581134,1.51685239597926,16.3873253245179,22.7938558681921,1.49529188355726,1.26651866080882,4.28245836580882,0.903533173719327,0.926980348124455,9.26602549754036,18.5320509950807,0.0185320509950807,1.85320509950807e-05,1.85320509950807e-08,0,0,0,0,0,0
"FASMEE23","Button","Smoke","S9PI",20240912,"11/12/2024","Lampman","B12B","B12","A",14,0,0,0,0,"","","F23B",2023-10-11,2023-10-10 19:29:00,2023-10-11 01:29:00,3,"Blue","PTFE",4,60,15,2023-10-11 01:29:00,2023-10-11 01:44:00,"Partial smoke at best","B12",30,0.03,1.675,1.5,0.175,0,0,0,NA,5.9634375,5.45875,0,0,0,-3.50655789731998,NA,0,0,0,0,NA,0,0,0,NA,12,97.2710784691779,70.63031,343.96187725,71.5695081967213,55.375,217.25,119.030737704918,94.21,369.875,9.51730418943534,9.44444444444444,10.5555555555556,8.88888888888889,30.2622950819672,30,30,32,3.22274350561617,3.20067977403102,3.59115262850359,3.05362161156916,5352.375,4262.04,915.835,8.29,0,0,10439.125,10456.375,10456.375,10456.375,4.257459372481,"Moderate/Unhealthy","Low",12.4836759454948,13.1564633792446,42.6384496071778,2.83267731716567,22.6222156083308,43.3128495814939,1.66076798489259,2.36439821080882,3.08124897580882,0.948198027037845,0.934616975798477,12.580490102955,25.1609802059101,0.02516098020591,2.516098020591e-05,2.516098020591e-08,0,0,0,0,0,0
"FASMEE23","Button","Smoke","S9PI",20240912,"11/12/2024","Lampman","B12B","B12","A",15,0,0,0,0,"","","F23B",2023-10-11,2023-10-10 19:29:00,2023-10-11 01:29:00,3,"Blue","PTFE",4,60,15,2023-10-11 01:29:00,2023-10-11 01:44:00,"Partial smoke at best","B12",30,0.03,1.675,1.5,0.175,0,0,0,NA,5.9634375,5.45875,0,0,0,-3.50655789731998,NA,0,0,0,0,NA,0,0,0,NA,12,97.2710784691779,70.63031,343.96187725,71.5695081967213,55.375,217.25,119.030737704918,94.21,369.875,9.51730418943534,9.44444444444444,10.5555555555556,8.88888888888889,30.2622950819672,30,30,32,3.22274350561617,3.20067977403102,3.59115262850359,3.05362161156916,5352.375,4262.04,915.835,8.29,0,0,10439.125,10456.375,10456.375,10456.375,4.257459372481,"Moderate/Unhealthy","Low",12.4836759454948,13.1564633792446,42.6384496071778,2.83267731716567,22.6222156083308,43.3128495814939,1.66076798489259,2.36439821080882,3.08124897580882,0.948198027037845,0.934616975798477,12.580490102955,25.1609802059101,0.02516098020591,2.516098020591e-05,2.516098020591e-08,0,0,0,0,0,0
"FASMEE23","Button","Smoke","S9PI",20240912,"11/12/2024","Lampman","B12B","B12","A",28,0,0,0,0,"","","F23B",2023-10-11,2023-10-10 19:29:00,2023-10-11 01:29:00,3,"Blue","PTFE",4,60,15,2023-10-11 01:29:00,2023-10-11 01:44:00,"Partial smoke at best","B12",30,0.03,1.675,1.5,0.175,0,0,0,NA,5.9634375,5.45875,0,0,0,-3.50655789731998,NA,0,0,0,0,NA,0,0,0,NA,12,97.2710784691779,70.63031,343.96187725,71.5695081967213,55.375,217.25,119.030737704918,94.21,369.875,9.51730418943534,9.44444444444444,10.5555555555556,8.88888888888889,30.2622950819672,30,30,32,3.22274350561617,3.20067977403102,3.59115262850359,3.05362161156916,5352.375,4262.04,915.835,8.29,0,0,10439.125,10456.375,10456.375,10456.375,4.257459372481,"Moderate/Unhealthy","Low",12.4836759454948,13.1564633792446,42.6384496071778,2.83267731716567,22.6222156083308,43.3128495814939,1.66076798489259,2.36439821080882,3.08124897580882,0.948198027037845,0.934616975798477,12.580490102955,25.1609802059101,0.02516098020591,2.516098020591e-05,2.516098020591e-08,0,0,0,0,0,0
"FASMEE23","Button","Smoke","S9PI",20240912,"11/12/2024","Lampman","B12B","B12","A",30,0,0,0,0,"","","F23B",2023-10-11,2023-10-10 19:29:00,2023-10-11 01:29:00,3,"Blue","PTFE",4,60,15,2023-10-11 01:29:00,2023-10-11 01:44:00,"Partial smoke at best","B12",30,0.03,1.675,1.5,0.175,0,0,0,NA,5.9634375,5.45875,0,0,0,-3.50655789731998,NA,0,0,0,0,NA,0,0,0,NA,12,97.2710784691779,70.63031,343.96187725,71.5695081967213,55.375,217.25,119.030737704918,94.21,369.875,9.51730418943534,9.44444444444444,10.5555555555556,8.88888888888889,30.2622950819672,30,30,32,3.22274350561617,3.20067977403102,3.59115262850359,3.05362161156916,5352.375,4262.04,915.835,8.29,0,0,10439.125,10456.375,10456.375,10456.375,4.257459372481,"Moderate/Unhealthy","Low",12.4836759454948,13.1564633792446,42.6384496071778,2.83267731716567,22.6222156083308,43.3128495814939,1.66076798489259,2.36439821080882,3.08124897580882,0.948198027037845,0.934616975798477,12.580490102955,25.1609802059101,0.02516098020591,2.516098020591e-05,2.516098020591e-08,0,0,0,0,0,0
"FASMEE23","Button","Smoke","S9PI",20240912,"11/12/2024","Lampman","B12B","B12","A",31,0,0,0,0,"","","F23B",2023-10-11,2023-10-10 19:29:00,2023-10-11 01:29:00,3,"Blue","PTFE",4,60,15,2023-10-11 01:29:00,2023-10-11 01:44:00,"Partial smoke at best","B12",30,0.03,1.675,1.5,0.175,0,0,0,NA,5.9634375,5.45875,0,0,0,-3.50655789731998,NA,0,0,0,0,NA,0,0,0,NA,12,97.2710784691779,70.63031,343.96187725,71.5695081967213,55.375,217.25,119.030737704918,94.21,369.875,9.51730418943534,9.44444444444444,10.5555555555556,8.88888888888889,30.2622950819672,30,30,32,3.22274350561617,3.20067977403102,3.59115262850359,3.05362161156916,5352.375,4262.04,915.835,8.29,0,0,10439.125,10456.375,10456.375,10456.375,4.257459372481,"Moderate/Unhealthy","Low",12.4836759454948,13.1564633792446,42.6384496071778,2.83267731716567,22.6222156083308,43.3128495814939,1.66076798489259,2.36439821080882,3.08124897580882,0.948198027037845,0.934616975798477,12.580490102955,25.1609802059101,0.02516098020591,2.516098020591e-05,2.516098020591e-08,0,0,0,0,0,0
"FASMEE23","Button","Smoke","S9PI",20240912,"11/12/2024","Lampman","B12B","B12","A",36,0,0,0,0,"","","F23B",2023-10-11,2023-10-10 19:29:00,2023-10-11 01:29:00,3,"Blue","PTFE",4,60,15,2023-10-11 01:29:00,2023-10-11 01:44:00,"Partial smoke at best","B12",30,0.03,1.675,1.5,0.175,0,0,0,NA,5.9634375,5.45875,0,0,0,-3.50655789731998,NA,0,0,0,0,NA,0,0,0,NA,12,97.2710784691779,70.63031,343.96187725,71.5695081967213,55.375,217.25,119.030737704918,94.21,369.875,9.51730418943534,9.44444444444444,10.5555555555556,8.88888888888889,30.2622950819672,30,30,32,3.22274350561617,3.20067977403102,3.59115262850359,3.05362161156916,5352.375,4262.04,915.835,8.29,0,0,10439.125,10456.375,10456.375,10456.375,4.257459372481,"Moderate/Unhealthy","Low",12.4836759454948,13.1564633792446,42.6384496071778,2.83267731716567,22.6222156083308,43.3128495814939,1.66076798489259,2.36439821080882,3.08124897580882,0.948198027037845,0.934616975798477,12.580490102955,25.1609802059101,0.02516098020591,2.516098020591e-05,2.516098020591e-08,0,0,0,0,0,0
"FASMEE23","Button","Smoke","S9PI",20240912,"11/12/2024","Lampman","B12B","B12","A",37,0,0,0,0,"","","F23B",2023-10-11,2023-10-10 19:29:00,2023-10-11 01:29:00,3,"Blue","PTFE",4,60,15,2023-10-11 01:29:00,2023-10-11 01:44:00,"Partial smoke at best","B12",30,0.03,1.675,1.5,0.175,0,0,0,NA,5.9634375,5.45875,0,0,0,-3.50655789731998,NA,0,0,0,0,NA,0,0,0,NA,12,97.2710784691779,70.63031,343.96187725,71.5695081967213,55.375,217.25,119.030737704918,94.21,369.875,9.51730418943534,9.44444444444444,10.5555555555556,8.88888888888889,30.2622950819672,30,30,32,3.22274350561617,3.20067977403102,3.59115262850359,3.05362161156916,5352.375,4262.04,915.835,8.29,0,0,10439.125,10456.375,10456.375,10456.375,4.257459372481,"Moderate/Unhealthy","Low",12.4836759454948,13.1564633792446,42.6384496071778,2.83267731716567,22.6222156083308,43.3128495814939,1.66076798489259,2.36439821080882,3.08124897580882,0.948198027037845,0.934616975798477,12.580490102955,25.1609802059101,0.02516098020591,2.516098020591e-05,2.516098020591e-08,0,0,0,0,0,0
"FASMEE23","Button","Smoke","S9PI",20240926,"11/14/2024","Lampman","B11B","B11","A",8,0,0,0,NA,"","","F23B",2023-10-11,2023-10-10 18:53:00,2023-10-11 00:53:00,3,"Blue","PTFE",4,52.28,13.07,2023-10-11 00:53:00,2023-10-11 01:06:04,"Arms loose on ATAT-RTH with time remaining on leland (1:56min)","B11",26.14,0.02614,1.675,1.5,0.175,0,0,0,NA,5.9634375,5.45875,0,0,0,-3.64428857078606,NA,0,0,0,0,NA,0,0,0,NA,11,126.519445912158,109.433425,372.7538288125,95.9646621621622,85.5425,240.415,159.535135135135,142.02,385.5,9.42192192192192,9.44444444444444,10,7.22222222222222,30.3108108108108,30,30,31,3.19763860610841,3.20003153837661,3.34652644641426,2.69939809952541,7999.75,6403.1875,1424.23,38.7925,0,0,15778.3125,15811,15812.25,15813.5,4.69531637348758,"Moderate/Unhealthy","Low",5.03917002239612,3.45635072732919,16.9430562803866,0.334627603826129,8.98035194956724,9.22013137699785,0.812405426978007,0.278427065808824,2.83584060580882,0.912070919480452,0.931800219280138,5.14133045415266,10.2826609083053,0.0102826609083053,1.02826609083053e-05,1.02826609083053e-08,0,0,0,0,0,0
"FASMEE23","Button","Smoke","S9PI",20240926,"11/14/2024","Lampman","B11B","B11","A",11,0,0,0,NA,"","","F23B",2023-10-11,2023-10-10 18:53:00,2023-10-11 00:53:00,3,"Blue","PTFE",4,52.28,13.07,2023-10-11 00:53:00,2023-10-11 01:06:04,"Arms loose on ATAT-RTH with time remaining on leland (1:56min)","B11",26.14,0.02614,1.675,1.5,0.175,0,0,0,NA,5.9634375,5.45875,0,0,0,-3.64428857078606,NA,0,0,0,0,NA,0,0,0,NA,11,126.519445912158,109.433425,372.7538288125,95.9646621621622,85.5425,240.415,159.535135135135,142.02,385.5,9.42192192192192,9.44444444444444,10,7.22222222222222,30.3108108108108,30,30,31,3.19763860610841,3.20003153837661,3.34652644641426,2.69939809952541,7999.75,6403.1875,1424.23,38.7925,0,0,15778.3125,15811,15812.25,15813.5,4.69531637348758,"Moderate/Unhealthy","Low",5.03917002239612,3.45635072732919,16.9430562803866,0.334627603826129,8.98035194956724,9.22013137699785,0.812405426978007,0.278427065808824,2.83584060580882,0.912070919480452,0.931800219280138,5.14133045415266,10.2826609083053,0.0102826609083053,1.02826609083053e-05,1.02826609083053e-08,0,0,0,0,0,0
"FASMEE23","Button","Ambient","S9PI",20241117,"12/17/2024","Lampman","B2B","B2","A",21,0,0,0,NA,"","","F23B",2023-10-08,2023-10-08 15:41:00,2023-10-08 21:41:00,1,"Blue","PTFE",4,40,10,2023-10-08 21:41:00,2023-10-08 21:51:00,"","B2",20,0.02,1.675,1.5,0.175,0,0,0,NA,5.9634375,5.45875,0,0,0,-3.91202300542815,NA,0,0,0,0,NA,NA,NA,NA,NA,2,3.60333222222222,3.5088,4.643,0.0863888888888889,0,1,0.325648148148148,0,2,14.3103448275862,14.1666666666667,15.5555555555556,12.7777777777778,26.5862068965517,26,25,30,3.80315690124411,3.870117245036,4.03730877881372,3.5555960775929,392.8125,126.0625,0,0,0,0,521.5625,521.5625,521.5625,521.5625,1.25527409868149,"Good","None",NA,NA,NA,NA,NA,NA,NA,NA,NA,NA,NA,NA,NA,NA,NA,NA,NA,NA,NA,NA,NA,NA
"FASMEE23","Button","Ambient","S9PI",20241117,"12/17/2024","Lampman","B2B","B2","A",23,0,3,3,NA,"","","F23B",2023-10-08,2023-10-08 15:41:00,2023-10-08 21:41:00,1,"Blue","PTFE",4,40,10,2023-10-08 21:41:00,2023-10-08 21:51:00,"","B2",20,0.02,1.675,1.5,0.175,2.825,0,2.825,0,5.9634375,5.45875,2.4953125,0,2.4953125,-3.91202300542815,0,1083750,901431.640625,901431.640625,0,0,NA,NA,NA,NA,2,3.60333222222222,3.5088,4.643,0.0863888888888889,0,1,0.325648148148148,0,2,14.3103448275862,14.1666666666667,15.5555555555556,12.7777777777778,26.5862068965517,26,25,30,3.80315690124411,3.870117245036,4.03730877881372,3.5555960775929,392.8125,126.0625,0,0,0,0,521.5625,521.5625,521.5625,521.5625,1.25527409868149,"Good","None",NA,NA,NA,NA,NA,NA,NA,NA,NA,NA,NA,NA,NA,NA,NA,NA,NA,NA,NA,NA,NA,NA
"FASMEE23","Button","Ambient","S9PI",20241117,"12/17/2024","Lampman","B2B","B2","A",26,0,0,0,NA,"","","F23B",2023-10-08,2023-10-08 15:41:00,2023-10-08 21:41:00,1,"Blue","PTFE",4,40,10,2023-10-08 21:41:00,2023-10-08 21:51:00,"","B2",20,0.02,1.675,1.5,0.175,0,0,0,NA,5.9634375,5.45875,0,0,0,-3.91202300542815,NA,0,0,0,0,NA,NA,NA,NA,NA,2,3.60333222222222,3.5088,4.643,0.0863888888888889,0,1,0.325648148148148,0,2,14.3103448275862,14.1666666666667,15.5555555555556,12.7777777777778,26.5862068965517,26,25,30,3.80315690124411,3.870117245036,4.03730877881372,3.5555960775929,392.8125,126.0625,0,0,0,0,521.5625,521.5625,521.5625,521.5625,1.25527409868149,"Good","None",NA,NA,NA,NA,NA,NA,NA,NA,NA,NA,NA,NA,NA,NA,NA,NA,NA,NA,NA,NA,NA,NA
"FASMEE23","Button","Ambient","S9PI",20241117,"12/17/2024","Lampman","B2B","B2","A",27,0,0,0,NA,"","","F23B",2023-10-08,2023-10-08 15:41:00,2023-10-08 21:41:00,1,"Blue","PTFE",4,40,10,2023-10-08 21:41:00,2023-10-08 21:51:00,"","B2",20,0.02,1.675,1.5,0.175,0,0,0,NA,5.9634375,5.45875,0,0,0,-3.91202300542815,NA,0,0,0,0,NA,NA,NA,NA,NA,2,3.60333222222222,3.5088,4.643,0.0863888888888889,0,1,0.325648148148148,0,2,14.3103448275862,14.1666666666667,15.5555555555556,12.7777777777778,26.5862068965517,26,25,30,3.80315690124411,3.870117245036,4.03730877881372,3.5555960775929,392.8125,126.0625,0,0,0,0,521.5625,521.5625,521.5625,521.5625,1.25527409868149,"Good","None",NA,NA,NA,NA,NA,NA,NA,NA,NA,NA,NA,NA,NA,NA,NA,NA,NA,NA,NA,NA,NA,NA
"FASMEE23","Button","Ambient","S9PI",20241117,"12/17/2024","Lampman","B2B","B2","A",28,0,0,0,NA,"","","F23B",2023-10-08,2023-10-08 15:41:00,2023-10-08 21:41:00,1,"Blue","PTFE",4,40,10,2023-10-08 21:41:00,2023-10-08 21:51:00,"","B2",20,0.02,1.675,1.5,0.175,0,0,0,NA,5.9634375,5.45875,0,0,0,-3.91202300542815,NA,0,0,0,0,NA,NA,NA,NA,NA,2,3.60333222222222,3.5088,4.643,0.0863888888888889,0,1,0.325648148148148,0,2,14.3103448275862,14.1666666666667,15.5555555555556,12.7777777777778,26.5862068965517,26,25,30,3.80315690124411,3.870117245036,4.03730877881372,3.5555960775929,392.8125,126.0625,0,0,0,0,521.5625,521.5625,521.5625,521.5625,1.25527409868149,"Good","None",NA,NA,NA,NA,NA,NA,NA,NA,NA,NA,NA,NA,NA,NA,NA,NA,NA,NA,NA,NA,NA,NA
"FASMEE23","Button","Ambient","S9PI",20241117,"12/17/2024","Lampman","B2B","B2","A",29,0,0,0,NA,"","","F23B",2023-10-08,2023-10-08 15:41:00,2023-10-08 21:41:00,1,"Blue","PTFE",4,40,10,2023-10-08 21:41:00,2023-10-08 21:51:00,"","B2",20,0.02,1.675,1.5,0.175,0,0,0,NA,5.9634375,5.45875,0,0,0,-3.91202300542815,NA,0,0,0,0,NA,NA,NA,NA,NA,2,3.60333222222222,3.5088,4.643,0.0863888888888889,0,1,0.325648148148148,0,2,14.3103448275862,14.1666666666667,15.5555555555556,12.7777777777778,26.5862068965517,26,25,30,3.80315690124411,3.870117245036,4.03730877881372,3.5555960775929,392.8125,126.0625,0,0,0,0,521.5625,521.5625,521.5625,521.5625,1.25527409868149,"Good","None",NA,NA,NA,NA,NA,NA,NA,NA,NA,NA,NA,NA,NA,NA,NA,NA,NA,NA,NA,NA,NA,NA
"FASMEE23","Button","Ambient","S9PI",20241117,"12/17/2024","Lampman","B2B","B2","A",32,0,0,0,NA,"","","F23B",2023-10-08,2023-10-08 15:41:00,2023-10-08 21:41:00,1,"Blue","PTFE",4,40,10,2023-10-08 21:41:00,2023-10-08 21:51:00,"","B2",20,0.02,1.675,1.5,0.175,0,0,0,NA,5.9634375,5.45875,0,0,0,-3.91202300542815,NA,0,0,0,0,NA,NA,NA,NA,NA,2,3.60333222222222,3.5088,4.643,0.0863888888888889,0,1,0.325648148148148,0,2,14.3103448275862,14.1666666666667,15.5555555555556,12.7777777777778,26.5862068965517,26,25,30,3.80315690124411,3.870117245036,4.03730877881372,3.5555960775929,392.8125,126.0625,0,0,0,0,521.5625,521.5625,521.5625,521.5625,1.25527409868149,"Good","None",NA,NA,NA,NA,NA,NA,NA,NA,NA,NA,NA,NA,NA,NA,NA,NA,NA,NA,NA,NA,NA,NA
"FASMEE23","Button","Ambient","S9PI",20241117,"12/17/2024","Lampman","B2B","B2","A",37,0,1,1,NA,"","","F23B",2023-10-08,2023-10-08 15:41:00,2023-10-08 21:41:00,1,"Blue","PTFE",4,40,10,2023-10-08 21:41:00,2023-10-08 21:51:00,"","B2",20,0.02,1.675,1.5,0.175,0.825,0,0.825,0,5.9634375,5.45875,0.4953125,0,0.4953125,-3.91202300542815,0,361250,178931.640625,178931.640625,0,0,NA,NA,NA,NA,2,3.60333222222222,3.5088,4.643,0.0863888888888889,0,1,0.325648148148148,0,2,14.3103448275862,14.1666666666667,15.5555555555556,12.7777777777778,26.5862068965517,26,25,30,3.80315690124411,3.870117245036,4.03730877881372,3.5555960775929,392.8125,126.0625,0,0,0,0,521.5625,521.5625,521.5625,521.5625,1.25527409868149,"Good","None",NA,NA,NA,NA,NA,NA,NA,NA,NA,NA,NA,NA,NA,NA,NA,NA,NA,NA,NA,NA,NA,NA
"FASMEE23","Button","Ambient","S9PI",20241117,"12/17/2024","Lampman","B2B","B2","A",38,0,3,3,NA,"","","F23B",2023-10-08,2023-10-08 15:41:00,2023-10-08 21:41:00,1,"Blue","PTFE",4,40,10,2023-10-08 21:41:00,2023-10-08 21:51:00,"","B2",20,0.02,1.675,1.5,0.175,2.825,0,2.825,0,5.9634375,5.45875,2.4953125,0,2.4953125,-3.91202300542815,0,1083750,901431.640625,901431.640625,0,0,NA,NA,NA,NA,2,3.60333222222222,3.5088,4.643,0.0863888888888889,0,1,0.325648148148148,0,2,14.3103448275862,14.1666666666667,15.5555555555556,12.7777777777778,26.5862068965517,26,25,30,3.80315690124411,3.870117245036,4.03730877881372,3.5555960775929,392.8125,126.0625,0,0,0,0,521.5625,521.5625,521.5625,521.5625,1.25527409868149,"Good","None",NA,NA,NA,NA,NA,NA,NA,NA,NA,NA,NA,NA,NA,NA,NA,NA,NA,NA,NA,NA,NA,NA
"FASMEE23","Button","Ambient","S9PI",20241117,"12/17/2024","Lampman","B2B","B2","A",39,0,2,2,NA,"","","F23B",2023-10-08,2023-10-08 15:41:00,2023-10-08 21:41:00,1,"Blue","PTFE",4,40,10,2023-10-08 21:41:00,2023-10-08 21:51:00,"","B2",20,0.02,1.675,1.5,0.175,1.825,0,1.825,0,5.9634375,5.45875,1.4953125,0,1.4953125,-3.91202300542815,0,722500,540181.640625,540181.640625,0,0,NA,NA,NA,NA,2,3.60333222222222,3.5088,4.643,0.0863888888888889,0,1,0.325648148148148,0,2,14.3103448275862,14.1666666666667,15.5555555555556,12.7777777777778,26.5862068965517,26,25,30,3.80315690124411,3.870117245036,4.03730877881372,3.5555960775929,392.8125,126.0625,0,0,0,0,521.5625,521.5625,521.5625,521.5625,1.25527409868149,"Good","None",NA,NA,NA,NA,NA,NA,NA,NA,NA,NA,NA,NA,NA,NA,NA,NA,NA,NA,NA,NA,NA,NA
"FASMEE23","Button","Ambient","S9PI",20241217,"12/19/2024","Lampman","B3B","B3","A",5,0,0,0,NA,"","","F23D",2023-10-09,2023-10-09 12:17:00,2023-10-09 18:17:00,2,"Blue","PTFE",4,40,10,2023-10-09 18:17:00,2023-10-09 18:27:00,"","B3",20,0.02,1.2125,1.1125,0.1,0,0,0,NA,5.5009375,5.07125,0,0,0,-3.91202300542815,NA,0,0,0,0,NA,NA,NA,NA,NA,3,3.73360545454545,3.7674,4.8602,0.0431818181818182,0,2.25,0.0431818181818182,0,2.25,14.1910331384016,13.8888888888889,16.1111111111111,11.6666666666667,23.6842105263158,23,21,26,3.35815549149463,3.54856909262987,4.02892321604069,2.75476213820575,46.75,16.5,0,0,0,0,72,72,72,72,1.32638510836598,"Good","None",NA,NA,NA,NA,NA,NA,NA,NA,NA,NA,NA,NA,NA,NA,NA,NA,NA,NA,NA,NA,NA,NA
"FASMEE23","Button","Ambient","S9PI",20241217,"12/19/2024","Lampman","B3B","B3","A",22,0,0,0,NA,"","","F23D",2023-10-09,2023-10-09 12:17:00,2023-10-09 18:17:00,2,"Blue","PTFE",4,40,10,2023-10-09 18:17:00,2023-10-09 18:27:00,"","B3",20,0.02,1.2125,1.1125,0.1,0,0,0,NA,5.5009375,5.07125,0,0,0,-3.91202300542815,NA,0,0,0,0,NA,NA,NA,NA,NA,3,3.73360545454545,3.7674,4.8602,0.0431818181818182,0,2.25,0.0431818181818182,0,2.25,14.1910331384016,13.8888888888889,16.1111111111111,11.6666666666667,23.6842105263158,23,21,26,3.35815549149463,3.54856909262987,4.02892321604069,2.75476213820575,46.75,16.5,0,0,0,0,72,72,72,72,1.32638510836598,"Good","None",NA,NA,NA,NA,NA,NA,NA,NA,NA,NA,NA,NA,NA,NA,NA,NA,NA,NA,NA,NA,NA,NA
"FASMEE23","Button","Ambient","S9PI",20241217,"12/19/2024","Lampman","B3B","B3","A",30,0,0,0,NA,"","","F23D",2023-10-09,2023-10-09 12:17:00,2023-10-09 18:17:00,2,"Blue","PTFE",4,40,10,2023-10-09 18:17:00,2023-10-09 18:27:00,"","B3",20,0.02,1.2125,1.1125,0.1,0,0,0,NA,5.5009375,5.07125,0,0,0,-3.91202300542815,NA,0,0,0,0,NA,NA,NA,NA,NA,3,3.73360545454545,3.7674,4.8602,0.0431818181818182,0,2.25,0.0431818181818182,0,2.25,14.1910331384016,13.8888888888889,16.1111111111111,11.6666666666667,23.6842105263158,23,21,26,3.35815549149463,3.54856909262987,4.02892321604069,2.75476213820575,46.75,16.5,0,0,0,0,72,72,72,72,1.32638510836598,"Good","None",NA,NA,NA,NA,NA,NA,NA,NA,NA,NA,NA,NA,NA,NA,NA,NA,NA,NA,NA,NA,NA,NA
"FASMEE23","Button","Ambient","S9PI",20241217,"12/19/2024","Lampman","B3B","B3","A",38,0,0,0,NA,"","","F23D",2023-10-09,2023-10-09 12:17:00,2023-10-09 18:17:00,2,"Blue","PTFE",4,40,10,2023-10-09 18:17:00,2023-10-09 18:27:00,"","B3",20,0.02,1.2125,1.1125,0.1,0,0,0,NA,5.5009375,5.07125,0,0,0,-3.91202300542815,NA,0,0,0,0,NA,NA,NA,NA,NA,3,3.73360545454545,3.7674,4.8602,0.0431818181818182,0,2.25,0.0431818181818182,0,2.25,14.1910331384016,13.8888888888889,16.1111111111111,11.6666666666667,23.6842105263158,23,21,26,3.35815549149463,3.54856909262987,4.02892321604069,2.75476213820575,46.75,16.5,0,0,0,0,72,72,72,72,1.32638510836598,"Good","None",NA,NA,NA,NA,NA,NA,NA,NA,NA,NA,NA,NA,NA,NA,NA,NA,NA,NA,NA,NA,NA,NA
"FASMEE23","Button","Ambient","S9PI",20241217,"12/19/2024","Lampman","B3B","B3","A",39,0,0,0,NA,"","","F23D",2023-10-09,2023-10-09 12:17:00,2023-10-09 18:17:00,2,"Blue","PTFE",4,40,10,2023-10-09 18:17:00,2023-10-09 18:27:00,"","B3",20,0.02,1.2125,1.1125,0.1,0,0,0,NA,5.5009375,5.07125,0,0,0,-3.91202300542815,NA,0,0,0,0,NA,NA,NA,NA,NA,3,3.73360545454545,3.7674,4.8602,0.0431818181818182,0,2.25,0.0431818181818182,0,2.25,14.1910331384016,13.8888888888889,16.1111111111111,11.6666666666667,23.6842105263158,23,21,26,3.35815549149463,3.54856909262987,4.02892321604069,2.75476213820575,46.75,16.5,0,0,0,0,72,72,72,72,1.32638510836598,"Good","None",NA,NA,NA,NA,NA,NA,NA,NA,NA,NA,NA,NA,NA,NA,NA,NA,NA,NA,NA,NA,NA,NA
"FASMEE23","Button","Ambient","S9PI",20241217,"12/19/2024","Lampman","R1B","R1","A",11,0,0,0,NA,"","","F23D",2023-10-08,2023-10-08 13:09:00,2023-10-08 19:09:00,1,"Red","PTFE",4,40,10,2023-10-08 19:09:00,2023-10-08 19:19:00,"","R1",20,0.02,1.2125,1.1125,0.1,0,0,0,NA,5.5009375,5.07125,0,0,0,-3.91202300542815,NA,0,0,0,0,NA,NA,NA,NA,NA,NA,NA,NA,NA,NA,NA,NA,NA,NA,NA,NA,NA,NA,NA,NA,NA,NA,NA,NA,NA,NA,NA,NA,NA,NA,NA,NA,NA,NA,NA,NA,NA,NA,NA,NA,NA,NA,NA,NA,NA,NA,NA,NA,NA,NA,NA,NA,NA,NA,NA,NA,NA,NA,NA,NA,NA,NA
"FASMEE23","Button","Ambient","S9PI",20241217,"12/19/2024","Lampman","R1B","R1","A",14,0,0,0,NA,"","","F23D",2023-10-08,2023-10-08 13:09:00,2023-10-08 19:09:00,1,"Red","PTFE",4,40,10,2023-10-08 19:09:00,2023-10-08 19:19:00,"","R1",20,0.02,1.2125,1.1125,0.1,0,0,0,NA,5.5009375,5.07125,0,0,0,-3.91202300542815,NA,0,0,0,0,NA,NA,NA,NA,NA,NA,NA,NA,NA,NA,NA,NA,NA,NA,NA,NA,NA,NA,NA,NA,NA,NA,NA,NA,NA,NA,NA,NA,NA,NA,NA,NA,NA,NA,NA,NA,NA,NA,NA,NA,NA,NA,NA,NA,NA,NA,NA,NA,NA,NA,NA,NA,NA,NA,NA,NA,NA,NA,NA,NA,NA,NA
"FASMEE23","Button","Ambient","S9PI",20241217,"12/19/2024","Lampman","R1B","R1","A",19,0,0,0,NA,"","","F23D",2023-10-08,2023-10-08 13:09:00,2023-10-08 19:09:00,1,"Red","PTFE",4,40,10,2023-10-08 19:09:00,2023-10-08 19:19:00,"","R1",20,0.02,1.2125,1.1125,0.1,0,0,0,NA,5.5009375,5.07125,0,0,0,-3.91202300542815,NA,0,0,0,0,NA,NA,NA,NA,NA,NA,NA,NA,NA,NA,NA,NA,NA,NA,NA,NA,NA,NA,NA,NA,NA,NA,NA,NA,NA,NA,NA,NA,NA,NA,NA,NA,NA,NA,NA,NA,NA,NA,NA,NA,NA,NA,NA,NA,NA,NA,NA,NA,NA,NA,NA,NA,NA,NA,NA,NA,NA,NA,NA,NA,NA,NA
"FASMEE23","Button","Ambient","S9PI",20241217,"12/19/2024","Lampman","R1B","R1","A",22,0,0,0,NA,"","","F23D",2023-10-08,2023-10-08 13:09:00,2023-10-08 19:09:00,1,"Red","PTFE",4,40,10,2023-10-08 19:09:00,2023-10-08 19:19:00,"","R1",20,0.02,1.2125,1.1125,0.1,0,0,0,NA,5.5009375,5.07125,0,0,0,-3.91202300542815,NA,0,0,0,0,NA,NA,NA,NA,NA,NA,NA,NA,NA,NA,NA,NA,NA,NA,NA,NA,NA,NA,NA,NA,NA,NA,NA,NA,NA,NA,NA,NA,NA,NA,NA,NA,NA,NA,NA,NA,NA,NA,NA,NA,NA,NA,NA,NA,NA,NA,NA,NA,NA,NA,NA,NA,NA,NA,NA,NA,NA,NA,NA,NA,NA,NA
"FASMEE23","Button","Ambient","S9PI",20241217,"12/19/2024","Lampman","R1B","R1","A",25,0,0,0,NA,"","","F23D",2023-10-08,2023-10-08 13:09:00,2023-10-08 19:09:00,1,"Red","PTFE",4,40,10,2023-10-08 19:09:00,2023-10-08 19:19:00,"","R1",20,0.02,1.2125,1.1125,0.1,0,0,0,NA,5.5009375,5.07125,0,0,0,-3.91202300542815,NA,0,0,0,0,NA,NA,NA,NA,NA,NA,NA,NA,NA,NA,NA,NA,NA,NA,NA,NA,NA,NA,NA,NA,NA,NA,NA,NA,NA,NA,NA,NA,NA,NA,NA,NA,NA,NA,NA,NA,NA,NA,NA,NA,NA,NA,NA,NA,NA,NA,NA,NA,NA,NA,NA,NA,NA,NA,NA,NA,NA,NA,NA,NA,NA,NA
"FASMEE23","Button","Ambient","S9PI",20241217,"12/19/2024","Lampman","R1B","R1","A",34,0,0,0,NA,"","","F23D",2023-10-08,2023-10-08 13:09:00,2023-10-08 19:09:00,1,"Red","PTFE",4,40,10,2023-10-08 19:09:00,2023-10-08 19:19:00,"","R1",20,0.02,1.2125,1.1125,0.1,0,0,0,NA,5.5009375,5.07125,0,0,0,-3.91202300542815,NA,0,0,0,0,NA,NA,NA,NA,NA,NA,NA,NA,NA,NA,NA,NA,NA,NA,NA,NA,NA,NA,NA,NA,NA,NA,NA,NA,NA,NA,NA,NA,NA,NA,NA,NA,NA,NA,NA,NA,NA,NA,NA,NA,NA,NA,NA,NA,NA,NA,NA,NA,NA,NA,NA,NA,NA,NA,NA,NA,NA,NA,NA,NA,NA,NA
"FASMEE23","Button","Ambient","S9PI",20241217,"12/19/2024","Lampman","R1B","R1","A",35,0,0,0,NA,"","","F23D",2023-10-08,2023-10-08 13:09:00,2023-10-08 19:09:00,1,"Red","PTFE",4,40,10,2023-10-08 19:09:00,2023-10-08 19:19:00,"","R1",20,0.02,1.2125,1.1125,0.1,0,0,0,NA,5.5009375,5.07125,0,0,0,-3.91202300542815,NA,0,0,0,0,NA,NA,NA,NA,NA,NA,NA,NA,NA,NA,NA,NA,NA,NA,NA,NA,NA,NA,NA,NA,NA,NA,NA,NA,NA,NA,NA,NA,NA,NA,NA,NA,NA,NA,NA,NA,NA,NA,NA,NA,NA,NA,NA,NA,NA,NA,NA,NA,NA,NA,NA,NA,NA,NA,NA,NA,NA,NA,NA,NA,NA,NA
"FASMEE23","Button","Ambient","S9PI",20241217,"12/19/2024","Lampman","R1B","R1","A",37,0,0,0,NA,"","","F23D",2023-10-08,2023-10-08 13:09:00,2023-10-08 19:09:00,1,"Red","PTFE",4,40,10,2023-10-08 19:09:00,2023-10-08 19:19:00,"","R1",20,0.02,1.2125,1.1125,0.1,0,0,0,NA,5.5009375,5.07125,0,0,0,-3.91202300542815,NA,0,0,0,0,NA,NA,NA,NA,NA,NA,NA,NA,NA,NA,NA,NA,NA,NA,NA,NA,NA,NA,NA,NA,NA,NA,NA,NA,NA,NA,NA,NA,NA,NA,NA,NA,NA,NA,NA,NA,NA,NA,NA,NA,NA,NA,NA,NA,NA,NA,NA,NA,NA,NA,NA,NA,NA,NA,NA,NA,NA,NA,NA,NA,NA,NA
"FASMEE23","Button","Ambient","S9PI",20241217,"12/20/2024","Lampman","R2B","R2","A",6,0,0,0,NA,"","","F23D",2023-10-08,2023-10-08 13:40:00,2023-10-08 19:40:00,1,"Red","PTFE",4,40,10,2023-10-08 19:40:00,2023-10-08 19:50:00,"","R2",20,0.02,1.2125,1.1125,0.1,0,0,0,NA,5.5009375,5.07125,0,0,0,-3.91202300542815,NA,0,0,0,0,NA,NA,NA,NA,NA,NA,NA,NA,NA,NA,NA,NA,NA,NA,NA,NA,NA,NA,NA,NA,NA,NA,NA,NA,NA,NA,NA,NA,NA,NA,NA,NA,NA,NA,NA,NA,NA,NA,NA,NA,NA,NA,NA,NA,NA,NA,NA,NA,NA,NA,NA,NA,NA,NA,NA,NA,NA,NA,NA,NA,NA,NA
"FASMEE23","Button","Ambient","S9PI",20241217,"12/20/2024","Lampman","R2B","R2","A",8,0,0,0,NA,"","","F23D",2023-10-08,2023-10-08 13:40:00,2023-10-08 19:40:00,1,"Red","PTFE",4,40,10,2023-10-08 19:40:00,2023-10-08 19:50:00,"","R2",20,0.02,1.2125,1.1125,0.1,0,0,0,NA,5.5009375,5.07125,0,0,0,-3.91202300542815,NA,0,0,0,0,NA,NA,NA,NA,NA,NA,NA,NA,NA,NA,NA,NA,NA,NA,NA,NA,NA,NA,NA,NA,NA,NA,NA,NA,NA,NA,NA,NA,NA,NA,NA,NA,NA,NA,NA,NA,NA,NA,NA,NA,NA,NA,NA,NA,NA,NA,NA,NA,NA,NA,NA,NA,NA,NA,NA,NA,NA,NA,NA,NA,NA,NA
"FASMEE23","Button","Ambient","S9PI",20241217,"12/20/2024","Lampman","R2B","R2","A",9,0,0,0,NA,"","","F23D",2023-10-08,2023-10-08 13:40:00,2023-10-08 19:40:00,1,"Red","PTFE",4,40,10,2023-10-08 19:40:00,2023-10-08 19:50:00,"","R2",20,0.02,1.2125,1.1125,0.1,0,0,0,NA,5.5009375,5.07125,0,0,0,-3.91202300542815,NA,0,0,0,0,NA,NA,NA,NA,NA,NA,NA,NA,NA,NA,NA,NA,NA,NA,NA,NA,NA,NA,NA,NA,NA,NA,NA,NA,NA,NA,NA,NA,NA,NA,NA,NA,NA,NA,NA,NA,NA,NA,NA,NA,NA,NA,NA,NA,NA,NA,NA,NA,NA,NA,NA,NA,NA,NA,NA,NA,NA,NA,NA,NA,NA,NA
"FASMEE23","Button","Ambient","S9PI",20241217,"12/20/2024","Lampman","R2B","R2","A",10,0,0,0,NA,"","","F23D",2023-10-08,2023-10-08 13:40:00,2023-10-08 19:40:00,1,"Red","PTFE",4,40,10,2023-10-08 19:40:00,2023-10-08 19:50:00,"","R2",20,0.02,1.2125,1.1125,0.1,0,0,0,NA,5.5009375,5.07125,0,0,0,-3.91202300542815,NA,0,0,0,0,NA,NA,NA,NA,NA,NA,NA,NA,NA,NA,NA,NA,NA,NA,NA,NA,NA,NA,NA,NA,NA,NA,NA,NA,NA,NA,NA,NA,NA,NA,NA,NA,NA,NA,NA,NA,NA,NA,NA,NA,NA,NA,NA,NA,NA,NA,NA,NA,NA,NA,NA,NA,NA,NA,NA,NA,NA,NA,NA,NA,NA,NA
"FASMEE23","Button","Ambient","S9PI",20241217,"12/20/2024","Lampman","R2B","R2","A",13,0,0,0,NA,"","","F23D",2023-10-08,2023-10-08 13:40:00,2023-10-08 19:40:00,1,"Red","PTFE",4,40,10,2023-10-08 19:40:00,2023-10-08 19:50:00,"","R2",20,0.02,1.2125,1.1125,0.1,0,0,0,NA,5.5009375,5.07125,0,0,0,-3.91202300542815,NA,0,0,0,0,NA,NA,NA,NA,NA,NA,NA,NA,NA,NA,NA,NA,NA,NA,NA,NA,NA,NA,NA,NA,NA,NA,NA,NA,NA,NA,NA,NA,NA,NA,NA,NA,NA,NA,NA,NA,NA,NA,NA,NA,NA,NA,NA,NA,NA,NA,NA,NA,NA,NA,NA,NA,NA,NA,NA,NA,NA,NA,NA,NA,NA,NA
"FASMEE23","Button","Ambient","S9PI",20241217,"12/20/2024","Lampman","R2B","R2","A",14,0,0,0,NA,"","","F23D",2023-10-08,2023-10-08 13:40:00,2023-10-08 19:40:00,1,"Red","PTFE",4,40,10,2023-10-08 19:40:00,2023-10-08 19:50:00,"","R2",20,0.02,1.2125,1.1125,0.1,0,0,0,NA,5.5009375,5.07125,0,0,0,-3.91202300542815,NA,0,0,0,0,NA,NA,NA,NA,NA,NA,NA,NA,NA,NA,NA,NA,NA,NA,NA,NA,NA,NA,NA,NA,NA,NA,NA,NA,NA,NA,NA,NA,NA,NA,NA,NA,NA,NA,NA,NA,NA,NA,NA,NA,NA,NA,NA,NA,NA,NA,NA,NA,NA,NA,NA,NA,NA,NA,NA,NA,NA,NA,NA,NA,NA,NA
"FASMEE23","Button","Ambient","S9PI",20241217,"12/20/2024","Lampman","R2B","R2","A",15,0,0,0,NA,"","","F23D",2023-10-08,2023-10-08 13:40:00,2023-10-08 19:40:00,1,"Red","PTFE",4,40,10,2023-10-08 19:40:00,2023-10-08 19:50:00,"","R2",20,0.02,1.2125,1.1125,0.1,0,0,0,NA,5.5009375,5.07125,0,0,0,-3.91202300542815,NA,0,0,0,0,NA,NA,NA,NA,NA,NA,NA,NA,NA,NA,NA,NA,NA,NA,NA,NA,NA,NA,NA,NA,NA,NA,NA,NA,NA,NA,NA,NA,NA,NA,NA,NA,NA,NA,NA,NA,NA,NA,NA,NA,NA,NA,NA,NA,NA,NA,NA,NA,NA,NA,NA,NA,NA,NA,NA,NA,NA,NA,NA,NA,NA,NA
"FASMEE23","Button","Ambient","S9PI",20241217,"12/20/2024","Lampman","R2B","R2","A",16,0,0,0,NA,"","","F23D",2023-10-08,2023-10-08 13:40:00,2023-10-08 19:40:00,1,"Red","PTFE",4,40,10,2023-10-08 19:40:00,2023-10-08 19:50:00,"","R2",20,0.02,1.2125,1.1125,0.1,0,0,0,NA,5.5009375,5.07125,0,0,0,-3.91202300542815,NA,0,0,0,0,NA,NA,NA,NA,NA,NA,NA,NA,NA,NA,NA,NA,NA,NA,NA,NA,NA,NA,NA,NA,NA,NA,NA,NA,NA,NA,NA,NA,NA,NA,NA,NA,NA,NA,NA,NA,NA,NA,NA,NA,NA,NA,NA,NA,NA,NA,NA,NA,NA,NA,NA,NA,NA,NA,NA,NA,NA,NA,NA,NA,NA,NA
"FASMEE23","Button","Ambient","S9PI",20241217,"12/20/2024","Lampman","R2B","R2","A",17,0,0,0,NA,"","","F23D",2023-10-08,2023-10-08 13:40:00,2023-10-08 19:40:00,1,"Red","PTFE",4,40,10,2023-10-08 19:40:00,2023-10-08 19:50:00,"","R2",20,0.02,1.2125,1.1125,0.1,0,0,0,NA,5.5009375,5.07125,0,0,0,-3.91202300542815,NA,0,0,0,0,NA,NA,NA,NA,NA,NA,NA,NA,NA,NA,NA,NA,NA,NA,NA,NA,NA,NA,NA,NA,NA,NA,NA,NA,NA,NA,NA,NA,NA,NA,NA,NA,NA,NA,NA,NA,NA,NA,NA,NA,NA,NA,NA,NA,NA,NA,NA,NA,NA,NA,NA,NA,NA,NA,NA,NA,NA,NA,NA,NA,NA,NA
"FASMEE23","Button","Ambient","S9PI",20241217,"12/20/2024","Lampman","R2B","R2","A",19,0,0,0,NA,"","","F23D",2023-10-08,2023-10-08 13:40:00,2023-10-08 19:40:00,1,"Red","PTFE",4,40,10,2023-10-08 19:40:00,2023-10-08 19:50:00,"","R2",20,0.02,1.2125,1.1125,0.1,0,0,0,NA,5.5009375,5.07125,0,0,0,-3.91202300542815,NA,0,0,0,0,NA,NA,NA,NA,NA,NA,NA,NA,NA,NA,NA,NA,NA,NA,NA,NA,NA,NA,NA,NA,NA,NA,NA,NA,NA,NA,NA,NA,NA,NA,NA,NA,NA,NA,NA,NA,NA,NA,NA,NA,NA,NA,NA,NA,NA,NA,NA,NA,NA,NA,NA,NA,NA,NA,NA,NA,NA,NA,NA,NA,NA,NA
"FASMEE23","Button","Ambient","S9PI",20241217,"12/20/2024","Lampman","R2B","R2","A",24,0,0,0,NA,"","","F23D",2023-10-08,2023-10-08 13:40:00,2023-10-08 19:40:00,1,"Red","PTFE",4,40,10,2023-10-08 19:40:00,2023-10-08 19:50:00,"","R2",20,0.02,1.2125,1.1125,0.1,0,0,0,NA,5.5009375,5.07125,0,0,0,-3.91202300542815,NA,0,0,0,0,NA,NA,NA,NA,NA,NA,NA,NA,NA,NA,NA,NA,NA,NA,NA,NA,NA,NA,NA,NA,NA,NA,NA,NA,NA,NA,NA,NA,NA,NA,NA,NA,NA,NA,NA,NA,NA,NA,NA,NA,NA,NA,NA,NA,NA,NA,NA,NA,NA,NA,NA,NA,NA,NA,NA,NA,NA,NA,NA,NA,NA,NA
"FASMEE23","Button","Ambient","S9PI",20241217,"12/20/2024","Lampman","R2B","R2","A",30,0,0,0,NA,"","","F23D",2023-10-08,2023-10-08 13:40:00,2023-10-08 19:40:00,1,"Red","PTFE",4,40,10,2023-10-08 19:40:00,2023-10-08 19:50:00,"","R2",20,0.02,1.2125,1.1125,0.1,0,0,0,NA,5.5009375,5.07125,0,0,0,-3.91202300542815,NA,0,0,0,0,NA,NA,NA,NA,NA,NA,NA,NA,NA,NA,NA,NA,NA,NA,NA,NA,NA,NA,NA,NA,NA,NA,NA,NA,NA,NA,NA,NA,NA,NA,NA,NA,NA,NA,NA,NA,NA,NA,NA,NA,NA,NA,NA,NA,NA,NA,NA,NA,NA,NA,NA,NA,NA,NA,NA,NA,NA,NA,NA,NA,NA,NA
"FASMEE23","Button","Ambient","S9PI",20241217,"12/20/2024","Lampman","R2B","R2","A",34,0,0,0,NA,"","","F23D",2023-10-08,2023-10-08 13:40:00,2023-10-08 19:40:00,1,"Red","PTFE",4,40,10,2023-10-08 19:40:00,2023-10-08 19:50:00,"","R2",20,0.02,1.2125,1.1125,0.1,0,0,0,NA,5.5009375,5.07125,0,0,0,-3.91202300542815,NA,0,0,0,0,NA,NA,NA,NA,NA,NA,NA,NA,NA,NA,NA,NA,NA,NA,NA,NA,NA,NA,NA,NA,NA,NA,NA,NA,NA,NA,NA,NA,NA,NA,NA,NA,NA,NA,NA,NA,NA,NA,NA,NA,NA,NA,NA,NA,NA,NA,NA,NA,NA,NA,NA,NA,NA,NA,NA,NA,NA,NA,NA,NA,NA,NA
"FASMEE23","Button","Ambient","S9PI",20241217,"12/20/2024","Lampman","R2B","R2","A",35,0,0,0,NA,"","","F23D",2023-10-08,2023-10-08 13:40:00,2023-10-08 19:40:00,1,"Red","PTFE",4,40,10,2023-10-08 19:40:00,2023-10-08 19:50:00,"","R2",20,0.02,1.2125,1.1125,0.1,0,0,0,NA,5.5009375,5.07125,0,0,0,-3.91202300542815,NA,0,0,0,0,NA,NA,NA,NA,NA,NA,NA,NA,NA,NA,NA,NA,NA,NA,NA,NA,NA,NA,NA,NA,NA,NA,NA,NA,NA,NA,NA,NA,NA,NA,NA,NA,NA,NA,NA,NA,NA,NA,NA,NA,NA,NA,NA,NA,NA,NA,NA,NA,NA,NA,NA,NA,NA,NA,NA,NA,NA,NA,NA,NA,NA,NA
"FASMEE23","Button","Ambient","S9PI",20241217,"12/20/2024","Lampman","R2B","R2","A",36,0,0,0,NA,"","","F23D",2023-10-08,2023-10-08 13:40:00,2023-10-08 19:40:00,1,"Red","PTFE",4,40,10,2023-10-08 19:40:00,2023-10-08 19:50:00,"","R2",20,0.02,1.2125,1.1125,0.1,0,0,0,NA,5.5009375,5.07125,0,0,0,-3.91202300542815,NA,0,0,0,0,NA,NA,NA,NA,NA,NA,NA,NA,NA,NA,NA,NA,NA,NA,NA,NA,NA,NA,NA,NA,NA,NA,NA,NA,NA,NA,NA,NA,NA,NA,NA,NA,NA,NA,NA,NA,NA,NA,NA,NA,NA,NA,NA,NA,NA,NA,NA,NA,NA,NA,NA,NA,NA,NA,NA,NA,NA,NA,NA,NA,NA,NA
"FASMEE23","Button","Ambient","S9PI",20241217,"12/20/2024","Lampman","R2B","R2","A",40,0,0,0,NA,"","","F23D",2023-10-08,2023-10-08 13:40:00,2023-10-08 19:40:00,1,"Red","PTFE",4,40,10,2023-10-08 19:40:00,2023-10-08 19:50:00,"","R2",20,0.02,1.2125,1.1125,0.1,0,0,0,NA,5.5009375,5.07125,0,0,0,-3.91202300542815,NA,0,0,0,0,NA,NA,NA,NA,NA,NA,NA,NA,NA,NA,NA,NA,NA,NA,NA,NA,NA,NA,NA,NA,NA,NA,NA,NA,NA,NA,NA,NA,NA,NA,NA,NA,NA,NA,NA,NA,NA,NA,NA,NA,NA,NA,NA,NA,NA,NA,NA,NA,NA,NA,NA,NA,NA,NA,NA,NA,NA,NA,NA,NA,NA,NA
"FASMEE23","Button","Ambient","S9PI",20241217,"12/20/2024","Lampman","R3B","R3","A",1,0,0,0,NA,"","","F23D",2023-10-08,2023-10-08 14:10:00,2023-10-08 20:10:00,1,"Red","PTFE",4,40,10,2023-10-08 20:10:00,2023-10-08 20:20:00,"","R3",20,0.02,1.2125,1.1125,0.1,0,0,0,NA,5.5009375,5.07125,0,0,0,-3.91202300542815,NA,0,0,0,0,NA,NA,NA,NA,NA,NA,NA,NA,NA,NA,NA,NA,NA,NA,NA,NA,NA,NA,NA,NA,NA,NA,NA,NA,NA,NA,NA,NA,NA,NA,NA,NA,NA,NA,NA,NA,NA,NA,NA,NA,NA,NA,NA,NA,NA,NA,NA,NA,NA,NA,NA,NA,NA,NA,NA,NA,NA,NA,NA,NA,NA,NA
"FASMEE23","Button","Ambient","S9PI",20241217,"12/20/2024","Lampman","R3B","R3","A",13,0,0,0,NA,"","","F23D",2023-10-08,2023-10-08 14:10:00,2023-10-08 20:10:00,1,"Red","PTFE",4,40,10,2023-10-08 20:10:00,2023-10-08 20:20:00,"","R3",20,0.02,1.2125,1.1125,0.1,0,0,0,NA,5.5009375,5.07125,0,0,0,-3.91202300542815,NA,0,0,0,0,NA,NA,NA,NA,NA,NA,NA,NA,NA,NA,NA,NA,NA,NA,NA,NA,NA,NA,NA,NA,NA,NA,NA,NA,NA,NA,NA,NA,NA,NA,NA,NA,NA,NA,NA,NA,NA,NA,NA,NA,NA,NA,NA,NA,NA,NA,NA,NA,NA,NA,NA,NA,NA,NA,NA,NA,NA,NA,NA,NA,NA,NA
"FASMEE23","Button","Ambient","S9PI",20241217,"12/20/2024","Lampman","R3B","R3","A",14,0,0,0,NA,"","","F23D",2023-10-08,2023-10-08 14:10:00,2023-10-08 20:10:00,1,"Red","PTFE",4,40,10,2023-10-08 20:10:00,2023-10-08 20:20:00,"","R3",20,0.02,1.2125,1.1125,0.1,0,0,0,NA,5.5009375,5.07125,0,0,0,-3.91202300542815,NA,0,0,0,0,NA,NA,NA,NA,NA,NA,NA,NA,NA,NA,NA,NA,NA,NA,NA,NA,NA,NA,NA,NA,NA,NA,NA,NA,NA,NA,NA,NA,NA,NA,NA,NA,NA,NA,NA,NA,NA,NA,NA,NA,NA,NA,NA,NA,NA,NA,NA,NA,NA,NA,NA,NA,NA,NA,NA,NA,NA,NA,NA,NA,NA,NA
"FASMEE23","Button","Ambient","S9PI",20241217,"12/20/2024","Lampman","R3B","R3","A",18,0,0,0,NA,"","","F23D",2023-10-08,2023-10-08 14:10:00,2023-10-08 20:10:00,1,"Red","PTFE",4,40,10,2023-10-08 20:10:00,2023-10-08 20:20:00,"","R3",20,0.02,1.2125,1.1125,0.1,0,0,0,NA,5.5009375,5.07125,0,0,0,-3.91202300542815,NA,0,0,0,0,NA,NA,NA,NA,NA,NA,NA,NA,NA,NA,NA,NA,NA,NA,NA,NA,NA,NA,NA,NA,NA,NA,NA,NA,NA,NA,NA,NA,NA,NA,NA,NA,NA,NA,NA,NA,NA,NA,NA,NA,NA,NA,NA,NA,NA,NA,NA,NA,NA,NA,NA,NA,NA,NA,NA,NA,NA,NA,NA,NA,NA,NA
"FASMEE23","Button","Ambient","S9PI",20241217,"12/20/2024","Lampman","R3B","R3","A",21,0,0,0,NA,"","","F23D",2023-10-08,2023-10-08 14:10:00,2023-10-08 20:10:00,1,"Red","PTFE",4,40,10,2023-10-08 20:10:00,2023-10-08 20:20:00,"","R3",20,0.02,1.2125,1.1125,0.1,0,0,0,NA,5.5009375,5.07125,0,0,0,-3.91202300542815,NA,0,0,0,0,NA,NA,NA,NA,NA,NA,NA,NA,NA,NA,NA,NA,NA,NA,NA,NA,NA,NA,NA,NA,NA,NA,NA,NA,NA,NA,NA,NA,NA,NA,NA,NA,NA,NA,NA,NA,NA,NA,NA,NA,NA,NA,NA,NA,NA,NA,NA,NA,NA,NA,NA,NA,NA,NA,NA,NA,NA,NA,NA,NA,NA,NA
"FASMEE23","Button","Ambient","S9PI",20241217,"12/20/2024","Lampman","R3B","R3","A",34,0,1,1,NA,"","","F23D",2023-10-08,2023-10-08 14:10:00,2023-10-08 20:10:00,1,"Red","PTFE",4,40,10,2023-10-08 20:10:00,2023-10-08 20:20:00,"","R3",20,0.02,1.2125,1.1125,0.1,0.9,0,0.9,0,5.5009375,5.07125,0.5703125,0,0.5703125,-3.91202300542815,0,361250,206025.390625,206025.390625,0,0,NA,NA,NA,NA,NA,NA,NA,NA,NA,NA,NA,NA,NA,NA,NA,NA,NA,NA,NA,NA,NA,NA,NA,NA,NA,NA,NA,NA,NA,NA,NA,NA,NA,NA,NA,NA,NA,NA,NA,NA,NA,NA,NA,NA,NA,NA,NA,NA,NA,NA,NA,NA,NA,NA,NA,NA,NA,NA,NA,NA,NA
"FASMEE23","Button","Ambient","S9PI",20241217,"12/20/2024","Lampman","R3B","R3","A",37,0,0,0,NA,"","","F23D",2023-10-08,2023-10-08 14:10:00,2023-10-08 20:10:00,1,"Red","PTFE",4,40,10,2023-10-08 20:10:00,2023-10-08 20:20:00,"","R3",20,0.02,1.2125,1.1125,0.1,0,0,0,NA,5.5009375,5.07125,0,0,0,-3.91202300542815,NA,0,0,0,0,NA,NA,NA,NA,NA,NA,NA,NA,NA,NA,NA,NA,NA,NA,NA,NA,NA,NA,NA,NA,NA,NA,NA,NA,NA,NA,NA,NA,NA,NA,NA,NA,NA,NA,NA,NA,NA,NA,NA,NA,NA,NA,NA,NA,NA,NA,NA,NA,NA,NA,NA,NA,NA,NA,NA,NA,NA,NA,NA,NA,NA,NA
"FASMEE23","Button","Ambient","S9PI",20241223,"12/23/2024","Lampman","R4B","R4","A",15,0,0,0,NA,"","","F23D",2023-10-08,2023-10-08 14:28:00,2023-10-08 20:28:00,1,"Red","PTFE",4,40,10,2023-10-08 20:28:00,2023-10-08 20:38:00,"","R4",20,0.02,1.2125,1.1125,0.1,0,0,0,NA,5.5009375,5.07125,0,0,0,-3.91202300542815,NA,0,0,0,0,NA,NA,NA,NA,NA,NA,NA,NA,NA,NA,NA,NA,NA,NA,NA,NA,NA,NA,NA,NA,NA,NA,NA,NA,NA,NA,NA,NA,NA,NA,NA,NA,NA,NA,NA,NA,NA,NA,NA,NA,NA,NA,NA,NA,NA,NA,NA,NA,NA,NA,NA,NA,NA,NA,NA,NA,NA,NA,NA,NA,NA,NA
"FASMEE23","Button","Ambient","S9PI",20241223,"12/23/2024","Lampman","R4B","R4","A",23,0,1,1,NA,"","","F23D",2023-10-08,2023-10-08 14:28:00,2023-10-08 20:28:00,1,"Red","PTFE",4,40,10,2023-10-08 20:28:00,2023-10-08 20:38:00,"","R4",20,0.02,1.2125,1.1125,0.1,0.9,0,0.9,0,5.5009375,5.07125,0.5703125,0,0.5703125,-3.91202300542815,0,361250,206025.390625,206025.390625,0,0,NA,NA,NA,NA,NA,NA,NA,NA,NA,NA,NA,NA,NA,NA,NA,NA,NA,NA,NA,NA,NA,NA,NA,NA,NA,NA,NA,NA,NA,NA,NA,NA,NA,NA,NA,NA,NA,NA,NA,NA,NA,NA,NA,NA,NA,NA,NA,NA,NA,NA,NA,NA,NA,NA,NA,NA,NA,NA,NA,NA,NA
"FASMEE23","Button","Ambient","S9PI",20241223,"12/23/2024","Lampman","R4B","R4","A",25,0,1,1,NA,"","","F23D",2023-10-08,2023-10-08 14:28:00,2023-10-08 20:28:00,1,"Red","PTFE",4,40,10,2023-10-08 20:28:00,2023-10-08 20:38:00,"","R4",20,0.02,1.2125,1.1125,0.1,0.9,0,0.9,0,5.5009375,5.07125,0.5703125,0,0.5703125,-3.91202300542815,0,361250,206025.390625,206025.390625,0,0,NA,NA,NA,NA,NA,NA,NA,NA,NA,NA,NA,NA,NA,NA,NA,NA,NA,NA,NA,NA,NA,NA,NA,NA,NA,NA,NA,NA,NA,NA,NA,NA,NA,NA,NA,NA,NA,NA,NA,NA,NA,NA,NA,NA,NA,NA,NA,NA,NA,NA,NA,NA,NA,NA,NA,NA,NA,NA,NA,NA,NA
"FASMEE23","Button","Ambient","S9PI",20241223,"12/23/2024","Lampman","R4B","R4","A",35,0,0,0,NA,"","","F23D",2023-10-08,2023-10-08 14:28:00,2023-10-08 20:28:00,1,"Red","PTFE",4,40,10,2023-10-08 20:28:00,2023-10-08 20:38:00,"","R4",20,0.02,1.2125,1.1125,0.1,0,0,0,NA,5.5009375,5.07125,0,0,0,-3.91202300542815,NA,0,0,0,0,NA,NA,NA,NA,NA,NA,NA,NA,NA,NA,NA,NA,NA,NA,NA,NA,NA,NA,NA,NA,NA,NA,NA,NA,NA,NA,NA,NA,NA,NA,NA,NA,NA,NA,NA,NA,NA,NA,NA,NA,NA,NA,NA,NA,NA,NA,NA,NA,NA,NA,NA,NA,NA,NA,NA,NA,NA,NA,NA,NA,NA,NA
"FASMEE23","Button","Smoke","S9PI",20250115,"1/31/2025","Lampman","B6B","B6","A",26,0,0,0,NA,"","","F23E",2023-10-09,2023-10-09 15:17:00,2023-10-09 21:17:00,2,"Blue","PTFE",4,60,15,2023-10-09 21:17:00,2023-10-09 21:32:00,"","B6",30,0.03,2.1,2.1,0,0,0,0,NA,6.3884375,6.05875,0,0,0,-3.50655789731998,NA,0,0,0,0,NA,0,0,0,NA,6,2552.17293182856,2955.6625303125,6517.6734277669,154.507209302326,194.25,313.25,1664.15703488372,1963.75,3738.33,13.8242894056848,13.8888888888889,15.5555555555556,11.1111111111111,23.2209302325581,23,22,26,3.31172741096193,3.36444793603563,3.99314168636426,2.60160702948977,31377.8325,30549.3325,22195.395,4200.125,822.5,468.5,83635.29,87917.25,88776.25,89658.9375,7.9914781112452,"Hazardous","High",431.473416388428,332.035187727671,1516.66468062123,39.6013389194573,823.729565151522,1165.0074584524,35.5148560084716,33.6919988392252,74.8868796292252,0.956378385565098,0.96119482754625,436.857954671367,873.715909342734,0.873715909342734,0.000873715909342734,8.73715909342734e-07,0,0,0,0,0,0
"FASMEE23","Button","Smoke","S9PI",20250115,"1/31/2025","Lampman","B6B","B6","A",30,0,0,0,NA,"","","F23E",2023-10-09,2023-10-09 15:17:00,2023-10-09 21:17:00,2,"Blue","PTFE",4,60,15,2023-10-09 21:17:00,2023-10-09 21:32:00,"","B6",30,0.03,2.1,2.1,0,0,0,0,NA,6.3884375,6.05875,0,0,0,-3.50655789731998,NA,0,0,0,0,NA,0,0,0,NA,6,2552.17293182856,2955.6625303125,6517.6734277669,154.507209302326,194.25,313.25,1664.15703488372,1963.75,3738.33,13.8242894056848,13.8888888888889,15.5555555555556,11.1111111111111,23.2209302325581,23,22,26,3.31172741096193,3.36444793603563,3.99314168636426,2.60160702948977,31377.8325,30549.3325,22195.395,4200.125,822.5,468.5,83635.29,87917.25,88776.25,89658.9375,7.9914781112452,"Hazardous","High",431.473416388428,332.035187727671,1516.66468062123,39.6013389194573,823.729565151522,1165.0074584524,35.5148560084716,33.6919988392252,74.8868796292252,0.956378385565098,0.96119482754625,436.857954671367,873.715909342734,0.873715909342734,0.000873715909342734,8.73715909342734e-07,0,0,0,0,0,0
"FASMEE23","Button","Smoke","S9PI",20250115,"1/31/2025","Lampman","B6B","B6","A",36,0,0,0,NA,"","","F23E",2023-10-09,2023-10-09 15:17:00,2023-10-09 21:17:00,2,"Blue","PTFE",4,60,15,2023-10-09 21:17:00,2023-10-09 21:32:00,"","B6",30,0.03,2.1,2.1,0,0,0,0,NA,6.3884375,6.05875,0,0,0,-3.50655789731998,NA,0,0,0,0,NA,0,0,0,NA,6,2552.17293182856,2955.6625303125,6517.6734277669,154.507209302326,194.25,313.25,1664.15703488372,1963.75,3738.33,13.8242894056848,13.8888888888889,15.5555555555556,11.1111111111111,23.2209302325581,23,22,26,3.31172741096193,3.36444793603563,3.99314168636426,2.60160702948977,31377.8325,30549.3325,22195.395,4200.125,822.5,468.5,83635.29,87917.25,88776.25,89658.9375,7.9914781112452,"Hazardous","High",431.473416388428,332.035187727671,1516.66468062123,39.6013389194573,823.729565151522,1165.0074584524,35.5148560084716,33.6919988392252,74.8868796292252,0.956378385565098,0.96119482754625,436.857954671367,873.715909342734,0.873715909342734,0.000873715909342734,8.73715909342734e-07,0,0,0,0,0,0
"FASMEE23","Button","Smoke","S9PI",20250115,"1/31/2025","Lampman","B6B","B6","A",37,0,2,2,NA,"","","F23E",2023-10-09,2023-10-09 15:17:00,2023-10-09 21:17:00,2,"Blue","PTFE",4,60,15,2023-10-09 21:17:00,2023-10-09 21:32:00,"","B6",30,0.03,2.1,2.1,0,2,0,2,0,6.3884375,6.05875,1.6703125,0,1.6703125,-3.50655789731998,0,481666.666666667,402266.927083333,402266.927083333,0,0,0,112691.498480903,112691.498480903,0,6,2552.17293182856,2955.6625303125,6517.6734277669,154.507209302326,194.25,313.25,1664.15703488372,1963.75,3738.33,13.8242894056848,13.8888888888889,15.5555555555556,11.1111111111111,23.2209302325581,23,22,26,3.31172741096193,3.36444793603563,3.99314168636426,2.60160702948977,31377.8325,30549.3325,22195.395,4200.125,822.5,468.5,83635.29,87917.25,88776.25,89658.9375,7.9914781112452,"Hazardous","High",431.473416388428,332.035187727671,1516.66468062123,39.6013389194573,823.729565151522,1165.0074584524,35.5148560084716,33.6919988392252,74.8868796292252,0.956378385565098,0.96119482754625,436.857954671367,873.715909342734,0.873715909342734,0.000873715909342734,8.73715909342734e-07,128979565641.281,0,128979565.641281,0,128.979565641281,0
"FASMEE23","Button","Smoke","S9PI",20250115,"1/31/2025","Lampman","B6B","B6","A",38,0,0,0,NA,"","","F23E",2023-10-09,2023-10-09 15:17:00,2023-10-09 21:17:00,2,"Blue","PTFE",4,60,15,2023-10-09 21:17:00,2023-10-09 21:32:00,"","B6",30,0.03,2.1,2.1,0,0,0,0,NA,6.3884375,6.05875,0,0,0,-3.50655789731998,NA,0,0,0,0,NA,0,0,0,NA,6,2552.17293182856,2955.6625303125,6517.6734277669,154.507209302326,194.25,313.25,1664.15703488372,1963.75,3738.33,13.8242894056848,13.8888888888889,15.5555555555556,11.1111111111111,23.2209302325581,23,22,26,3.31172741096193,3.36444793603563,3.99314168636426,2.60160702948977,31377.8325,30549.3325,22195.395,4200.125,822.5,468.5,83635.29,87917.25,88776.25,89658.9375,7.9914781112452,"Hazardous","High",431.473416388428,332.035187727671,1516.66468062123,39.6013389194573,823.729565151522,1165.0074584524,35.5148560084716,33.6919988392252,74.8868796292252,0.956378385565098,0.96119482754625,436.857954671367,873.715909342734,0.873715909342734,0.000873715909342734,8.73715909342734e-07,0,0,0,0,0,0
"FASMEE23","Button","Ambient","S9PI",20250115,"1/31/2025","Lampman","R6B","R6","A",13,0,0,0,NA,"","","F23E",2023-10-09,2023-10-09 12:11:00,2023-10-09 18:11:00,2,"Red","PTFE",4,40,10,2023-10-09 18:11:00,2023-10-09 18:21:00,"","R6",20,0.02,2.1,2.1,0,0,0,0,NA,6.3884375,6.05875,0,0,0,-3.91202300542815,NA,0,0,0,0,NA,NA,NA,NA,NA,NA,NA,NA,NA,NA,NA,NA,NA,NA,NA,NA,NA,NA,NA,NA,NA,NA,NA,NA,NA,NA,NA,NA,NA,NA,NA,NA,NA,NA,NA,NA,NA,NA,NA,NA,NA,NA,NA,NA,NA,NA,NA,NA,NA,NA,NA,NA,NA,NA,NA,NA,NA,NA,NA,NA,NA,NA
"FASMEE23","Button","Ambient","S9PI",20250115,"1/31/2025","Lampman","R6B","R6","A",27,0,0,0,NA,"","","F23E",2023-10-09,2023-10-09 12:11:00,2023-10-09 18:11:00,2,"Red","PTFE",4,40,10,2023-10-09 18:11:00,2023-10-09 18:21:00,"","R6",20,0.02,2.1,2.1,0,0,0,0,NA,6.3884375,6.05875,0,0,0,-3.91202300542815,NA,0,0,0,0,NA,NA,NA,NA,NA,NA,NA,NA,NA,NA,NA,NA,NA,NA,NA,NA,NA,NA,NA,NA,NA,NA,NA,NA,NA,NA,NA,NA,NA,NA,NA,NA,NA,NA,NA,NA,NA,NA,NA,NA,NA,NA,NA,NA,NA,NA,NA,NA,NA,NA,NA,NA,NA,NA,NA,NA,NA,NA,NA,NA,NA,NA
"FASMEE23","Button","Ambient","S9PI",20241223,"1/13/2025","Lampman","R5B","R5","A",25,0,0,0,NA,"","","F23D",2023-10-08,2023-10-08 15:41:00,2023-10-08 21:41:00,1,"Red","PTFE",4,40,10,2023-10-08 21:41:00,2023-10-08 21:51:00,"","R5",20,0.02,1.2125,1.1125,0.1,0,0,0,NA,5.5009375,5.07125,0,0,0,-3.91202300542815,NA,0,0,0,0,NA,NA,NA,NA,NA,NA,NA,NA,NA,NA,NA,NA,NA,NA,NA,NA,NA,NA,NA,NA,NA,NA,NA,NA,NA,NA,NA,NA,NA,NA,NA,NA,NA,NA,NA,NA,NA,NA,NA,NA,NA,NA,NA,NA,NA,NA,NA,NA,NA,NA,NA,NA,NA,NA,NA,NA,NA,NA,NA,NA,NA,NA
"FASMEE23","Button","Ambient","S9PI",20241223,"1/13/2025","Lampman","R5B","R5","A",32,0,0,0,NA,"","","F23D",2023-10-08,2023-10-08 15:41:00,2023-10-08 21:41:00,1,"Red","PTFE",4,40,10,2023-10-08 21:41:00,2023-10-08 21:51:00,"","R5",20,0.02,1.2125,1.1125,0.1,0,0,0,NA,5.5009375,5.07125,0,0,0,-3.91202300542815,NA,0,0,0,0,NA,NA,NA,NA,NA,NA,NA,NA,NA,NA,NA,NA,NA,NA,NA,NA,NA,NA,NA,NA,NA,NA,NA,NA,NA,NA,NA,NA,NA,NA,NA,NA,NA,NA,NA,NA,NA,NA,NA,NA,NA,NA,NA,NA,NA,NA,NA,NA,NA,NA,NA,NA,NA,NA,NA,NA,NA,NA,NA,NA,NA,NA
"FASMEE23","Button","Ambient","S9PI",20241223,"1/13/2025","Lampman","R5B","R5","A",33,0,0,0,NA,"","","F23D",2023-10-08,2023-10-08 15:41:00,2023-10-08 21:41:00,1,"Red","PTFE",4,40,10,2023-10-08 21:41:00,2023-10-08 21:51:00,"","R5",20,0.02,1.2125,1.1125,0.1,0,0,0,NA,5.5009375,5.07125,0,0,0,-3.91202300542815,NA,0,0,0,0,NA,NA,NA,NA,NA,NA,NA,NA,NA,NA,NA,NA,NA,NA,NA,NA,NA,NA,NA,NA,NA,NA,NA,NA,NA,NA,NA,NA,NA,NA,NA,NA,NA,NA,NA,NA,NA,NA,NA,NA,NA,NA,NA,NA,NA,NA,NA,NA,NA,NA,NA,NA,NA,NA,NA,NA,NA,NA,NA,NA,NA,NA
"FASMEE23","Button","Ambient","S9PI",20241223,"1/13/2025","Lampman","R5B","R5","A",34,0,0,0,NA,"","","F23D",2023-10-08,2023-10-08 15:41:00,2023-10-08 21:41:00,1,"Red","PTFE",4,40,10,2023-10-08 21:41:00,2023-10-08 21:51:00,"","R5",20,0.02,1.2125,1.1125,0.1,0,0,0,NA,5.5009375,5.07125,0,0,0,-3.91202300542815,NA,0,0,0,0,NA,NA,NA,NA,NA,NA,NA,NA,NA,NA,NA,NA,NA,NA,NA,NA,NA,NA,NA,NA,NA,NA,NA,NA,NA,NA,NA,NA,NA,NA,NA,NA,NA,NA,NA,NA,NA,NA,NA,NA,NA,NA,NA,NA,NA,NA,NA,NA,NA,NA,NA,NA,NA,NA,NA,NA,NA,NA,NA,NA,NA,NA
"FASMEE23","Button","Ambient","S9PI",20241223,"1/13/2025","Lampman","R5B","R5","A",36,0,0,0,NA,"","","F23D",2023-10-08,2023-10-08 15:41:00,2023-10-08 21:41:00,1,"Red","PTFE",4,40,10,2023-10-08 21:41:00,2023-10-08 21:51:00,"","R5",20,0.02,1.2125,1.1125,0.1,0,0,0,NA,5.5009375,5.07125,0,0,0,-3.91202300542815,NA,0,0,0,0,NA,NA,NA,NA,NA,NA,NA,NA,NA,NA,NA,NA,NA,NA,NA,NA,NA,NA,NA,NA,NA,NA,NA,NA,NA,NA,NA,NA,NA,NA,NA,NA,NA,NA,NA,NA,NA,NA,NA,NA,NA,NA,NA,NA,NA,NA,NA,NA,NA,NA,NA,NA,NA,NA,NA,NA,NA,NA,NA,NA,NA,NA
"FASMEE23","Button","Ambient","S9PI",20241223,"1/13/2025","Lampman","R5B","R5","A",38,0,0,0,NA,"","","F23D",2023-10-08,2023-10-08 15:41:00,2023-10-08 21:41:00,1,"Red","PTFE",4,40,10,2023-10-08 21:41:00,2023-10-08 21:51:00,"","R5",20,0.02,1.2125,1.1125,0.1,0,0,0,NA,5.5009375,5.07125,0,0,0,-3.91202300542815,NA,0,0,0,0,NA,NA,NA,NA,NA,NA,NA,NA,NA,NA,NA,NA,NA,NA,NA,NA,NA,NA,NA,NA,NA,NA,NA,NA,NA,NA,NA,NA,NA,NA,NA,NA,NA,NA,NA,NA,NA,NA,NA,NA,NA,NA,NA,NA,NA,NA,NA,NA,NA,NA,NA,NA,NA,NA,NA,NA,NA,NA,NA,NA,NA,NA
"FASMEE23","Button","Ambient","S9PI",20241223,"1/13/2025","Lampman","R5B","R5","A",40,0,0,0,NA,"","","F23D",2023-10-08,2023-10-08 15:41:00,2023-10-08 21:41:00,1,"Red","PTFE",4,40,10,2023-10-08 21:41:00,2023-10-08 21:51:00,"","R5",20,0.02,1.2125,1.1125,0.1,0,0,0,NA,5.5009375,5.07125,0,0,0,-3.91202300542815,NA,0,0,0,0,NA,NA,NA,NA,NA,NA,NA,NA,NA,NA,NA,NA,NA,NA,NA,NA,NA,NA,NA,NA,NA,NA,NA,NA,NA,NA,NA,NA,NA,NA,NA,NA,NA,NA,NA,NA,NA,NA,NA,NA,NA,NA,NA,NA,NA,NA,NA,NA,NA,NA,NA,NA,NA,NA,NA,NA,NA,NA,NA,NA,NA,NA
"FASMEE23","Button","Smoke","S9PI",20250212,"2/12/2025","Lampman","R11B","R11","A",11,0,0,0,NA,"","","F23F",2023-10-10,2023-10-09 18:45:00,2023-10-10 00:45:00,2,"Red","PTFE",4,60,15,2023-10-10 00:45:00,2023-10-10 01:00:00,"","R11",30,0.03,1.25,1.25,0,0,0,0,NA,5.5384375,5.20875,0,0,0,-3.50655789731998,NA,0,0,0,0,NA,0,0,0,NA,NA,NA,NA,NA,NA,NA,NA,NA,NA,NA,NA,NA,NA,NA,NA,NA,NA,NA,NA,NA,NA,NA,NA,NA,NA,NA,NA,NA,NA,NA,NA,NA,NA,NA,NA,NA,NA,NA,NA,NA,NA,NA,NA,NA,NA,NA,NA,NA,NA,NA,NA,NA,NA,NA,NA,NA,NA
"FASMEE23","Button","Smoke","S9PI",20250212,"2/12/2025","Lampman","R11B","R11","A",13,0,0,0,NA,"","","F23F",2023-10-10,2023-10-09 18:45:00,2023-10-10 00:45:00,2,"Red","PTFE",4,60,15,2023-10-10 00:45:00,2023-10-10 01:00:00,"","R11",30,0.03,1.25,1.25,0,0,0,0,NA,5.5384375,5.20875,0,0,0,-3.50655789731998,NA,0,0,0,0,NA,0,0,0,NA,NA,NA,NA,NA,NA,NA,NA,NA,NA,NA,NA,NA,NA,NA,NA,NA,NA,NA,NA,NA,NA,NA,NA,NA,NA,NA,NA,NA,NA,NA,NA,NA,NA,NA,NA,NA,NA,NA,NA,NA,NA,NA,NA,NA,NA,NA,NA,NA,NA,NA,NA,NA,NA,NA,NA,NA,NA
"FASMEE23","Button","Smoke","S9PI",20250212,"2/12/2025","Lampman","R11B","R11","A",25,0,0,0,NA,"","","F23F",2023-10-10,2023-10-09 18:45:00,2023-10-10 00:45:00,2,"Red","PTFE",4,60,15,2023-10-10 00:45:00,2023-10-10 01:00:00,"","R11",30,0.03,1.25,1.25,0,0,0,0,NA,5.5384375,5.20875,0,0,0,-3.50655789731998,NA,0,0,0,0,NA,0,0,0,NA,NA,NA,NA,NA,NA,NA,NA,NA,NA,NA,NA,NA,NA,NA,NA,NA,NA,NA,NA,NA,NA,NA,NA,NA,NA,NA,NA,NA,NA,NA,NA,NA,NA,NA,NA,NA,NA,NA,NA,NA,NA,NA,NA,NA,NA,NA,NA,NA,NA,NA,NA,NA,NA,NA,NA,NA,NA
"FASMEE23","Button","Smoke","S9PI",20250212,"2/12/2025","Lampman","R11B","R11","A",26,0,0,0,NA,"","","F23F",2023-10-10,2023-10-09 18:45:00,2023-10-10 00:45:00,2,"Red","PTFE",4,60,15,2023-10-10 00:45:00,2023-10-10 01:00:00,"","R11",30,0.03,1.25,1.25,0,0,0,0,NA,5.5384375,5.20875,0,0,0,-3.50655789731998,NA,0,0,0,0,NA,0,0,0,NA,NA,NA,NA,NA,NA,NA,NA,NA,NA,NA,NA,NA,NA,NA,NA,NA,NA,NA,NA,NA,NA,NA,NA,NA,NA,NA,NA,NA,NA,NA,NA,NA,NA,NA,NA,NA,NA,NA,NA,NA,NA,NA,NA,NA,NA,NA,NA,NA,NA,NA,NA,NA,NA,NA,NA,NA,NA
"FASMEE23","Button","Smoke","S9PI",20250212,"2/12/2025","Lampman","R11B","R11","A",27,0,0,0,NA,"","","F23F",2023-10-10,2023-10-09 18:45:00,2023-10-10 00:45:00,2,"Red","PTFE",4,60,15,2023-10-10 00:45:00,2023-10-10 01:00:00,"","R11",30,0.03,1.25,1.25,0,0,0,0,NA,5.5384375,5.20875,0,0,0,-3.50655789731998,NA,0,0,0,0,NA,0,0,0,NA,NA,NA,NA,NA,NA,NA,NA,NA,NA,NA,NA,NA,NA,NA,NA,NA,NA,NA,NA,NA,NA,NA,NA,NA,NA,NA,NA,NA,NA,NA,NA,NA,NA,NA,NA,NA,NA,NA,NA,NA,NA,NA,NA,NA,NA,NA,NA,NA,NA,NA,NA,NA,NA,NA,NA,NA,NA
"FASMEE23","Button","Smoke","S9PI",20250212,"2/12/2025","Lampman","R11B","R11","A",28,0,0,0,NA,"","","F23F",2023-10-10,2023-10-09 18:45:00,2023-10-10 00:45:00,2,"Red","PTFE",4,60,15,2023-10-10 00:45:00,2023-10-10 01:00:00,"","R11",30,0.03,1.25,1.25,0,0,0,0,NA,5.5384375,5.20875,0,0,0,-3.50655789731998,NA,0,0,0,0,NA,0,0,0,NA,NA,NA,NA,NA,NA,NA,NA,NA,NA,NA,NA,NA,NA,NA,NA,NA,NA,NA,NA,NA,NA,NA,NA,NA,NA,NA,NA,NA,NA,NA,NA,NA,NA,NA,NA,NA,NA,NA,NA,NA,NA,NA,NA,NA,NA,NA,NA,NA,NA,NA,NA,NA,NA,NA,NA,NA,NA
"FASMEE23","Button","Smoke","S9PI",20250212,"2/12/2025","Lampman","R11B","R11","A",31,0,0,0,NA,"","","F23F",2023-10-10,2023-10-09 18:45:00,2023-10-10 00:45:00,2,"Red","PTFE",4,60,15,2023-10-10 00:45:00,2023-10-10 01:00:00,"","R11",30,0.03,1.25,1.25,0,0,0,0,NA,5.5384375,5.20875,0,0,0,-3.50655789731998,NA,0,0,0,0,NA,0,0,0,NA,NA,NA,NA,NA,NA,NA,NA,NA,NA,NA,NA,NA,NA,NA,NA,NA,NA,NA,NA,NA,NA,NA,NA,NA,NA,NA,NA,NA,NA,NA,NA,NA,NA,NA,NA,NA,NA,NA,NA,NA,NA,NA,NA,NA,NA,NA,NA,NA,NA,NA,NA,NA,NA,NA,NA,NA,NA
"FASMEE23","Button","Smoke","S9PI",20250212,"2/12/2025","Lampman","R11B","R11","A",32,0,0,0,NA,"","","F23F",2023-10-10,2023-10-09 18:45:00,2023-10-10 00:45:00,2,"Red","PTFE",4,60,15,2023-10-10 00:45:00,2023-10-10 01:00:00,"","R11",30,0.03,1.25,1.25,0,0,0,0,NA,5.5384375,5.20875,0,0,0,-3.50655789731998,NA,0,0,0,0,NA,0,0,0,NA,NA,NA,NA,NA,NA,NA,NA,NA,NA,NA,NA,NA,NA,NA,NA,NA,NA,NA,NA,NA,NA,NA,NA,NA,NA,NA,NA,NA,NA,NA,NA,NA,NA,NA,NA,NA,NA,NA,NA,NA,NA,NA,NA,NA,NA,NA,NA,NA,NA,NA,NA,NA,NA,NA,NA,NA,NA
"FASMEE23","Button","Smoke","S9PI",20250212,"2/12/2025","Lampman","R11B","R11","A",33,0,0,0,NA,"","","F23F",2023-10-10,2023-10-09 18:45:00,2023-10-10 00:45:00,2,"Red","PTFE",4,60,15,2023-10-10 00:45:00,2023-10-10 01:00:00,"","R11",30,0.03,1.25,1.25,0,0,0,0,NA,5.5384375,5.20875,0,0,0,-3.50655789731998,NA,0,0,0,0,NA,0,0,0,NA,NA,NA,NA,NA,NA,NA,NA,NA,NA,NA,NA,NA,NA,NA,NA,NA,NA,NA,NA,NA,NA,NA,NA,NA,NA,NA,NA,NA,NA,NA,NA,NA,NA,NA,NA,NA,NA,NA,NA,NA,NA,NA,NA,NA,NA,NA,NA,NA,NA,NA,NA,NA,NA,NA,NA,NA,NA
"FASMEE23","Button","Smoke","S9PI",20250212,"2/12/2025","Lampman","R11B","R11","A",34,0,0,0,NA,"","","F23F",2023-10-10,2023-10-09 18:45:00,2023-10-10 00:45:00,2,"Red","PTFE",4,60,15,2023-10-10 00:45:00,2023-10-10 01:00:00,"","R11",30,0.03,1.25,1.25,0,0,0,0,NA,5.5384375,5.20875,0,0,0,-3.50655789731998,NA,0,0,0,0,NA,0,0,0,NA,NA,NA,NA,NA,NA,NA,NA,NA,NA,NA,NA,NA,NA,NA,NA,NA,NA,NA,NA,NA,NA,NA,NA,NA,NA,NA,NA,NA,NA,NA,NA,NA,NA,NA,NA,NA,NA,NA,NA,NA,NA,NA,NA,NA,NA,NA,NA,NA,NA,NA,NA,NA,NA,NA,NA,NA,NA
"FASMEE23","Button","Smoke","S9PI",20250212,"2/12/2025","Lampman","R11B","R11","A",40,0,0,0,NA,"","","F23F",2023-10-10,2023-10-09 18:45:00,2023-10-10 00:45:00,2,"Red","PTFE",4,60,15,2023-10-10 00:45:00,2023-10-10 01:00:00,"","R11",30,0.03,1.25,1.25,0,0,0,0,NA,5.5384375,5.20875,0,0,0,-3.50655789731998,NA,0,0,0,0,NA,0,0,0,NA,NA,NA,NA,NA,NA,NA,NA,NA,NA,NA,NA,NA,NA,NA,NA,NA,NA,NA,NA,NA,NA,NA,NA,NA,NA,NA,NA,NA,NA,NA,NA,NA,NA,NA,NA,NA,NA,NA,NA,NA,NA,NA,NA,NA,NA,NA,NA,NA,NA,NA,NA,NA,NA,NA,NA,NA,NA
"FASMEE23","Button","Smoke","S9PI",20250212,"2/24/2025","Lampman","R12B","R12","A",1,0,10,10,1,"10","ph48","F23F",2023-10-10,2023-10-10 15:09:00,2023-10-10 21:09:00,3,"Red","PTFE",4,60,15,2023-10-10 21:09:00,2023-10-10 21:24:00,"","R12",30,0.03,1.25,1.25,0,10,0,10,0,5.5384375,5.20875,9.6703125,0,9.6703125,-3.50655789731998,0,2408333.33333333,2328933.59375,2328933.59375,0,0,0,2039358.16514757,2039358.16514757,0,NA,NA,NA,NA,NA,NA,NA,NA,NA,NA,NA,NA,NA,NA,NA,NA,NA,NA,NA,NA,NA,NA,NA,NA,NA,NA,NA,NA,NA,NA,NA,NA,NA,NA,NA,NA,NA,NA,NA,NA,NA,NA,NA,NA,NA,NA,NA,NA,NA,NA,NA,NA,NA,NA,NA,NA,NA
"FASMEE23","Button","Smoke","S9PI",20250212,"2/24/2025","Lampman","R12B","R12","A",11,0,4,4,NA,"","","F23F",2023-10-10,2023-10-10 15:09:00,2023-10-10 21:09:00,3,"Red","PTFE",4,60,15,2023-10-10 21:09:00,2023-10-10 21:24:00,"","R12",30,0.03,1.25,1.25,0,4,0,4,0,5.5384375,5.20875,3.6703125,0,3.6703125,-3.50655789731998,0,963333.333333333,883933.59375,883933.59375,0,0,0,594358.165147569,594358.165147569,0,NA,NA,NA,NA,NA,NA,NA,NA,NA,NA,NA,NA,NA,NA,NA,NA,NA,NA,NA,NA,NA,NA,NA,NA,NA,NA,NA,NA,NA,NA,NA,NA,NA,NA,NA,NA,NA,NA,NA,NA,NA,NA,NA,NA,NA,NA,NA,NA,NA,NA,NA,NA,NA,NA,NA,NA,NA
"FASMEE23","Button","Smoke","S9PI",20250212,"2/24/2025","Lampman","R12B","R12","A",14,0,0,0,NA,"","","F23F",2023-10-10,2023-10-10 15:09:00,2023-10-10 21:09:00,3,"Red","PTFE",4,60,15,2023-10-10 21:09:00,2023-10-10 21:24:00,"","R12",30,0.03,1.25,1.25,0,0,0,0,NA,5.5384375,5.20875,0,0,0,-3.50655789731998,NA,0,0,0,0,NA,0,0,0,NA,NA,NA,NA,NA,NA,NA,NA,NA,NA,NA,NA,NA,NA,NA,NA,NA,NA,NA,NA,NA,NA,NA,NA,NA,NA,NA,NA,NA,NA,NA,NA,NA,NA,NA,NA,NA,NA,NA,NA,NA,NA,NA,NA,NA,NA,NA,NA,NA,NA,NA,NA,NA,NA,NA,NA,NA,NA
"FASMEE23","Button","Smoke","S9PI",20250212,"2/24/2025","Lampman","R12B","R12","A",15,0,0,0,NA,"","","F23F",2023-10-10,2023-10-10 15:09:00,2023-10-10 21:09:00,3,"Red","PTFE",4,60,15,2023-10-10 21:09:00,2023-10-10 21:24:00,"","R12",30,0.03,1.25,1.25,0,0,0,0,NA,5.5384375,5.20875,0,0,0,-3.50655789731998,NA,0,0,0,0,NA,0,0,0,NA,NA,NA,NA,NA,NA,NA,NA,NA,NA,NA,NA,NA,NA,NA,NA,NA,NA,NA,NA,NA,NA,NA,NA,NA,NA,NA,NA,NA,NA,NA,NA,NA,NA,NA,NA,NA,NA,NA,NA,NA,NA,NA,NA,NA,NA,NA,NA,NA,NA,NA,NA,NA,NA,NA,NA,NA,NA
"FASMEE23","Button","Smoke","S9PI",20250212,"2/24/2025","Lampman","R12B","R12","A",16,0,0,0,NA,"","","F23F",2023-10-10,2023-10-10 15:09:00,2023-10-10 21:09:00,3,"Red","PTFE",4,60,15,2023-10-10 21:09:00,2023-10-10 21:24:00,"","R12",30,0.03,1.25,1.25,0,0,0,0,NA,5.5384375,5.20875,0,0,0,-3.50655789731998,NA,0,0,0,0,NA,0,0,0,NA,NA,NA,NA,NA,NA,NA,NA,NA,NA,NA,NA,NA,NA,NA,NA,NA,NA,NA,NA,NA,NA,NA,NA,NA,NA,NA,NA,NA,NA,NA,NA,NA,NA,NA,NA,NA,NA,NA,NA,NA,NA,NA,NA,NA,NA,NA,NA,NA,NA,NA,NA,NA,NA,NA,NA,NA,NA
"FASMEE23","Button","Smoke","S9PI",20250212,"2/24/2025","Lampman","R12B","R12","A",17,0,0,0,NA,"","","F23F",2023-10-10,2023-10-10 15:09:00,2023-10-10 21:09:00,3,"Red","PTFE",4,60,15,2023-10-10 21:09:00,2023-10-10 21:24:00,"","R12",30,0.03,1.25,1.25,0,0,0,0,NA,5.5384375,5.20875,0,0,0,-3.50655789731998,NA,0,0,0,0,NA,0,0,0,NA,NA,NA,NA,NA,NA,NA,NA,NA,NA,NA,NA,NA,NA,NA,NA,NA,NA,NA,NA,NA,NA,NA,NA,NA,NA,NA,NA,NA,NA,NA,NA,NA,NA,NA,NA,NA,NA,NA,NA,NA,NA,NA,NA,NA,NA,NA,NA,NA,NA,NA,NA,NA,NA,NA,NA,NA,NA
"FASMEE23","Button","Smoke","S9PI",20250212,"2/24/2025","Lampman","R12B","R12","A",27,0,0,0,NA,"","","F23F",2023-10-10,2023-10-10 15:09:00,2023-10-10 21:09:00,3,"Red","PTFE",4,60,15,2023-10-10 21:09:00,2023-10-10 21:24:00,"","R12",30,0.03,1.25,1.25,0,0,0,0,NA,5.5384375,5.20875,0,0,0,-3.50655789731998,NA,0,0,0,0,NA,0,0,0,NA,NA,NA,NA,NA,NA,NA,NA,NA,NA,NA,NA,NA,NA,NA,NA,NA,NA,NA,NA,NA,NA,NA,NA,NA,NA,NA,NA,NA,NA,NA,NA,NA,NA,NA,NA,NA,NA,NA,NA,NA,NA,NA,NA,NA,NA,NA,NA,NA,NA,NA,NA,NA,NA,NA,NA,NA,NA
"FASMEE23","Button","Smoke","S9PI",20250212,"2/24/2025","Lampman","R12B","R12","A",28,0,0,0,NA,"","","F23F",2023-10-10,2023-10-10 15:09:00,2023-10-10 21:09:00,3,"Red","PTFE",4,60,15,2023-10-10 21:09:00,2023-10-10 21:24:00,"","R12",30,0.03,1.25,1.25,0,0,0,0,NA,5.5384375,5.20875,0,0,0,-3.50655789731998,NA,0,0,0,0,NA,0,0,0,NA,NA,NA,NA,NA,NA,NA,NA,NA,NA,NA,NA,NA,NA,NA,NA,NA,NA,NA,NA,NA,NA,NA,NA,NA,NA,NA,NA,NA,NA,NA,NA,NA,NA,NA,NA,NA,NA,NA,NA,NA,NA,NA,NA,NA,NA,NA,NA,NA,NA,NA,NA,NA,NA,NA,NA,NA,NA
"FASMEE23","Button","Smoke","S9PI",20250212,"2/24/2025","Lampman","R12B","R12","A",29,0,0,0,NA,"","","F23F",2023-10-10,2023-10-10 15:09:00,2023-10-10 21:09:00,3,"Red","PTFE",4,60,15,2023-10-10 21:09:00,2023-10-10 21:24:00,"","R12",30,0.03,1.25,1.25,0,0,0,0,NA,5.5384375,5.20875,0,0,0,-3.50655789731998,NA,0,0,0,0,NA,0,0,0,NA,NA,NA,NA,NA,NA,NA,NA,NA,NA,NA,NA,NA,NA,NA,NA,NA,NA,NA,NA,NA,NA,NA,NA,NA,NA,NA,NA,NA,NA,NA,NA,NA,NA,NA,NA,NA,NA,NA,NA,NA,NA,NA,NA,NA,NA,NA,NA,NA,NA,NA,NA,NA,NA,NA,NA,NA,NA
"FASMEE23","Button","Smoke","S9PI",20250212,"2/24/2025","Lampman","R12B","R12","A",38,0,0,0,NA,"","","F23F",2023-10-10,2023-10-10 15:09:00,2023-10-10 21:09:00,3,"Red","PTFE",4,60,15,2023-10-10 21:09:00,2023-10-10 21:24:00,"","R12",30,0.03,1.25,1.25,0,0,0,0,NA,5.5384375,5.20875,0,0,0,-3.50655789731998,NA,0,0,0,0,NA,0,0,0,NA,NA,NA,NA,NA,NA,NA,NA,NA,NA,NA,NA,NA,NA,NA,NA,NA,NA,NA,NA,NA,NA,NA,NA,NA,NA,NA,NA,NA,NA,NA,NA,NA,NA,NA,NA,NA,NA,NA,NA,NA,NA,NA,NA,NA,NA,NA,NA,NA,NA,NA,NA,NA,NA,NA,NA,NA,NA
"FASMEE23","Button","Smoke","S9PI",20250212,"2/24/2025","Lampman","R13B","R13","A",8,0,0,0,NA,"","","F23F",2023-10-11,2023-10-10 18:25:00,2023-10-11 00:25:00,3,"Red","PTFE",4,60,15,2023-10-11 00:25:00,2023-10-11 00:40:00,"Partial smoke at best","R13",30,0.03,1.25,1.25,0,0,0,0,NA,5.5384375,5.20875,0,0,0,-3.50655789731998,NA,0,0,0,0,NA,0,0,0,NA,NA,NA,NA,NA,NA,NA,NA,NA,NA,NA,NA,NA,NA,NA,NA,NA,NA,NA,NA,NA,NA,NA,NA,NA,NA,NA,NA,NA,NA,NA,NA,NA,NA,NA,NA,NA,NA,NA,NA,NA,NA,NA,NA,NA,NA,NA,NA,NA,NA,NA,NA,NA,NA,NA,NA,NA,NA
"FASMEE23","Button","Smoke","S9PI",20250212,"2/24/2025","Lampman","R13B","R13","A",10,0,0,0,NA,"","","F23F",2023-10-11,2023-10-10 18:25:00,2023-10-11 00:25:00,3,"Red","PTFE",4,60,15,2023-10-11 00:25:00,2023-10-11 00:40:00,"Partial smoke at best","R13",30,0.03,1.25,1.25,0,0,0,0,NA,5.5384375,5.20875,0,0,0,-3.50655789731998,NA,0,0,0,0,NA,0,0,0,NA,NA,NA,NA,NA,NA,NA,NA,NA,NA,NA,NA,NA,NA,NA,NA,NA,NA,NA,NA,NA,NA,NA,NA,NA,NA,NA,NA,NA,NA,NA,NA,NA,NA,NA,NA,NA,NA,NA,NA,NA,NA,NA,NA,NA,NA,NA,NA,NA,NA,NA,NA,NA,NA,NA,NA,NA,NA
"FASMEE23","Button","Smoke","S9PI",20250212,"2/24/2025","Lampman","R13B","R13","A",21,0,0,0,NA,"","","F23F",2023-10-11,2023-10-10 18:25:00,2023-10-11 00:25:00,3,"Red","PTFE",4,60,15,2023-10-11 00:25:00,2023-10-11 00:40:00,"Partial smoke at best","R13",30,0.03,1.25,1.25,0,0,0,0,NA,5.5384375,5.20875,0,0,0,-3.50655789731998,NA,0,0,0,0,NA,0,0,0,NA,NA,NA,NA,NA,NA,NA,NA,NA,NA,NA,NA,NA,NA,NA,NA,NA,NA,NA,NA,NA,NA,NA,NA,NA,NA,NA,NA,NA,NA,NA,NA,NA,NA,NA,NA,NA,NA,NA,NA,NA,NA,NA,NA,NA,NA,NA,NA,NA,NA,NA,NA,NA,NA,NA,NA,NA,NA
"FASMEE23","Button","Smoke","S9PI",20250212,"2/24/2025","Lampman","R13B","R13","A",22,0,0,0,NA,"","","F23F",2023-10-11,2023-10-10 18:25:00,2023-10-11 00:25:00,3,"Red","PTFE",4,60,15,2023-10-11 00:25:00,2023-10-11 00:40:00,"Partial smoke at best","R13",30,0.03,1.25,1.25,0,0,0,0,NA,5.5384375,5.20875,0,0,0,-3.50655789731998,NA,0,0,0,0,NA,0,0,0,NA,NA,NA,NA,NA,NA,NA,NA,NA,NA,NA,NA,NA,NA,NA,NA,NA,NA,NA,NA,NA,NA,NA,NA,NA,NA,NA,NA,NA,NA,NA,NA,NA,NA,NA,NA,NA,NA,NA,NA,NA,NA,NA,NA,NA,NA,NA,NA,NA,NA,NA,NA,NA,NA,NA,NA,NA,NA
"FASMEE23","Button","Smoke","S9PI",20250212,"2/24/2025","Lampman","R13B","R13","A",24,0,0,0,NA,"","","F23F",2023-10-11,2023-10-10 18:25:00,2023-10-11 00:25:00,3,"Red","PTFE",4,60,15,2023-10-11 00:25:00,2023-10-11 00:40:00,"Partial smoke at best","R13",30,0.03,1.25,1.25,0,0,0,0,NA,5.5384375,5.20875,0,0,0,-3.50655789731998,NA,0,0,0,0,NA,0,0,0,NA,NA,NA,NA,NA,NA,NA,NA,NA,NA,NA,NA,NA,NA,NA,NA,NA,NA,NA,NA,NA,NA,NA,NA,NA,NA,NA,NA,NA,NA,NA,NA,NA,NA,NA,NA,NA,NA,NA,NA,NA,NA,NA,NA,NA,NA,NA,NA,NA,NA,NA,NA,NA,NA,NA,NA,NA,NA
"FASMEE23","Button","Smoke","S9PI",20250212,"2/24/2025","Lampman","R13B","R13","A",30,0,0,0,NA,"","","F23F",2023-10-11,2023-10-10 18:25:00,2023-10-11 00:25:00,3,"Red","PTFE",4,60,15,2023-10-11 00:25:00,2023-10-11 00:40:00,"Partial smoke at best","R13",30,0.03,1.25,1.25,0,0,0,0,NA,5.5384375,5.20875,0,0,0,-3.50655789731998,NA,0,0,0,0,NA,0,0,0,NA,NA,NA,NA,NA,NA,NA,NA,NA,NA,NA,NA,NA,NA,NA,NA,NA,NA,NA,NA,NA,NA,NA,NA,NA,NA,NA,NA,NA,NA,NA,NA,NA,NA,NA,NA,NA,NA,NA,NA,NA,NA,NA,NA,NA,NA,NA,NA,NA,NA,NA,NA,NA,NA,NA,NA,NA,NA
"FASMEE23","Button","Smoke","S9PI",20250212,"2/24/2025","Lampman","R13B","R13","A",32,0,0,0,NA,"","","F23F",2023-10-11,2023-10-10 18:25:00,2023-10-11 00:25:00,3,"Red","PTFE",4,60,15,2023-10-11 00:25:00,2023-10-11 00:40:00,"Partial smoke at best","R13",30,0.03,1.25,1.25,0,0,0,0,NA,5.5384375,5.20875,0,0,0,-3.50655789731998,NA,0,0,0,0,NA,0,0,0,NA,NA,NA,NA,NA,NA,NA,NA,NA,NA,NA,NA,NA,NA,NA,NA,NA,NA,NA,NA,NA,NA,NA,NA,NA,NA,NA,NA,NA,NA,NA,NA,NA,NA,NA,NA,NA,NA,NA,NA,NA,NA,NA,NA,NA,NA,NA,NA,NA,NA,NA,NA,NA,NA,NA,NA,NA,NA
"FASMEE23","Button","Smoke","S9PI",20250212,"2/24/2025","Lampman","R13B","R13","A",34,0,0,0,NA,"","","F23F",2023-10-11,2023-10-10 18:25:00,2023-10-11 00:25:00,3,"Red","PTFE",4,60,15,2023-10-11 00:25:00,2023-10-11 00:40:00,"Partial smoke at best","R13",30,0.03,1.25,1.25,0,0,0,0,NA,5.5384375,5.20875,0,0,0,-3.50655789731998,NA,0,0,0,0,NA,0,0,0,NA,NA,NA,NA,NA,NA,NA,NA,NA,NA,NA,NA,NA,NA,NA,NA,NA,NA,NA,NA,NA,NA,NA,NA,NA,NA,NA,NA,NA,NA,NA,NA,NA,NA,NA,NA,NA,NA,NA,NA,NA,NA,NA,NA,NA,NA,NA,NA,NA,NA,NA,NA,NA,NA,NA,NA,NA,NA
"FASMEE23","Button","Smoke","S9PI",20250212,"2/24/2025","Lampman","R13B","R13","A",36,0,0,0,NA,"","","F23F",2023-10-11,2023-10-10 18:25:00,2023-10-11 00:25:00,3,"Red","PTFE",4,60,15,2023-10-11 00:25:00,2023-10-11 00:40:00,"Partial smoke at best","R13",30,0.03,1.25,1.25,0,0,0,0,NA,5.5384375,5.20875,0,0,0,-3.50655789731998,NA,0,0,0,0,NA,0,0,0,NA,NA,NA,NA,NA,NA,NA,NA,NA,NA,NA,NA,NA,NA,NA,NA,NA,NA,NA,NA,NA,NA,NA,NA,NA,NA,NA,NA,NA,NA,NA,NA,NA,NA,NA,NA,NA,NA,NA,NA,NA,NA,NA,NA,NA,NA,NA,NA,NA,NA,NA,NA,NA,NA,NA,NA,NA,NA
"FASMEE23","Button","Smoke","S9PI",20250212,"2/24/2025","Lampman","R13B","R13","A",37,0,0,0,NA,"","","F23F",2023-10-11,2023-10-10 18:25:00,2023-10-11 00:25:00,3,"Red","PTFE",4,60,15,2023-10-11 00:25:00,2023-10-11 00:40:00,"Partial smoke at best","R13",30,0.03,1.25,1.25,0,0,0,0,NA,5.5384375,5.20875,0,0,0,-3.50655789731998,NA,0,0,0,0,NA,0,0,0,NA,NA,NA,NA,NA,NA,NA,NA,NA,NA,NA,NA,NA,NA,NA,NA,NA,NA,NA,NA,NA,NA,NA,NA,NA,NA,NA,NA,NA,NA,NA,NA,NA,NA,NA,NA,NA,NA,NA,NA,NA,NA,NA,NA,NA,NA,NA,NA,NA,NA,NA,NA,NA,NA,NA,NA,NA,NA
"FASMEE23","Button","Smoke","S9PI",20250212,"2/24/2025","Lampman","R13B","R13","A",39,0,0,0,NA,"","","F23F",2023-10-11,2023-10-10 18:25:00,2023-10-11 00:25:00,3,"Red","PTFE",4,60,15,2023-10-11 00:25:00,2023-10-11 00:40:00,"Partial smoke at best","R13",30,0.03,1.25,1.25,0,0,0,0,NA,5.5384375,5.20875,0,0,0,-3.50655789731998,NA,0,0,0,0,NA,0,0,0,NA,NA,NA,NA,NA,NA,NA,NA,NA,NA,NA,NA,NA,NA,NA,NA,NA,NA,NA,NA,NA,NA,NA,NA,NA,NA,NA,NA,NA,NA,NA,NA,NA,NA,NA,NA,NA,NA,NA,NA,NA,NA,NA,NA,NA,NA,NA,NA,NA,NA,NA,NA,NA,NA,NA,NA,NA,NA
"FASMEE23","Button","Smoke","S9PI",20250212,"2/26/2025","Lampman","R14B","R14","A",20,0,0,0,NA,"","","F23F",2023-10-11,2023-10-10 18:53:00,2023-10-11 00:53:00,3,"Red","PTFE",4,60,15,2023-10-11 00:53:00,2023-10-11 01:08:00,"Partial smoke at best","R14",30,0.03,1.25,1.25,0,0,0,0,NA,5.5384375,5.20875,0,0,0,-3.50655789731998,NA,0,0,0,0,NA,0,0,0,NA,NA,NA,NA,NA,NA,NA,NA,NA,NA,NA,NA,NA,NA,NA,NA,NA,NA,NA,NA,NA,NA,NA,NA,NA,NA,NA,NA,NA,NA,NA,NA,NA,NA,NA,NA,NA,NA,NA,NA,NA,NA,NA,NA,NA,NA,NA,NA,NA,NA,NA,NA,NA,NA,NA,NA,NA,NA
"FASMEE23","Button","Smoke","S9PI",20250212,"2/26/2025","Lampman","R14B","R14","A",40,0,0,0,NA,"","","F23F",2023-10-11,2023-10-10 18:53:00,2023-10-11 00:53:00,3,"Red","PTFE",4,60,15,2023-10-11 00:53:00,2023-10-11 01:08:00,"Partial smoke at best","R14",30,0.03,1.25,1.25,0,0,0,0,NA,5.5384375,5.20875,0,0,0,-3.50655789731998,NA,0,0,0,0,NA,0,0,0,NA,NA,NA,NA,NA,NA,NA,NA,NA,NA,NA,NA,NA,NA,NA,NA,NA,NA,NA,NA,NA,NA,NA,NA,NA,NA,NA,NA,NA,NA,NA,NA,NA,NA,NA,NA,NA,NA,NA,NA,NA,NA,NA,NA,NA,NA,NA,NA,NA,NA,NA,NA,NA,NA,NA,NA,NA,NA
"FASMEE23","Button","Smoke","S9PI",20250117,"3/3/2025","Lampman","R7B","R7","A",24,0,0,0,NA,"","","F23E",2023-10-09,2023-10-09 12:33:00,2023-10-09 18:33:00,2,"Red","PTFE",4,40,10,2023-10-09 18:33:00,2023-10-09 18:43:00,"Partial smoke towards end of sample","R7",20,0.02,2.1,2.1,0,0,0,0,NA,6.3884375,6.05875,0,0,0,-3.91202300542815,NA,0,0,0,0,NA,0,0,0,NA,NA,NA,NA,NA,NA,NA,NA,NA,NA,NA,NA,NA,NA,NA,NA,NA,NA,NA,NA,NA,NA,NA,NA,NA,NA,NA,NA,NA,NA,NA,NA,NA,NA,NA,NA,NA,NA,NA,NA,NA,NA,NA,NA,NA,NA,NA,NA,NA,NA,NA,NA,NA,NA,NA,NA,NA,NA
"FASMEE23","Button","Smoke","S9PI",20250127,"3/3/2025","Lampman","B9B","B9","A",15,0,4,4,NA,"","","F23E",2023-10-10,2023-10-10 15:09:00,2023-10-10 21:09:00,3,"Blue","PTFE",4,60,15,2023-10-10 21:09:00,2023-10-10 21:24:00,"","B9",30,0.03,2.1,2.1,0,4,0,4,0,6.3884375,6.05875,3.6703125,0,3.6703125,-3.50655789731998,0,963333.333333333,883933.59375,883933.59375,0,0,0,594358.165147569,594358.165147569,0,9,584.100794087505,188.516922417344,3114.5911041344,176.698148148148,130.5,422.625,446.172839506173,237.875,1716.21,10.8074935400517,10.5555555555556,11.6666666666667,10,33.0116279069767,33,31,34,3.84755654322465,3.82515368908763,4.16705056996941,3.64859285797902,11336.5,10298.67,2475.79,88.25,0.125,0,24722.5,24835.125,24836.25,24837.375,5.23918777695593,"Very Unhealthy","Low",61.2042743966305,66.3921308617705,201.814906555965,15.7464380900351,108.784440826061,218.711205508665,12.1776042318889,13.3199766930851,24.5377224480851,0.896793933565282,0.89807374740202,62.9928010192709,125.985602038542,0.125985602038542,0.000125985602038542,1.25985602038542e-07,4717667380481.64,0,4717667380.48164,0,4717.66738048164,0
"FASMEE23","Button","Smoke","S9PI",20250127,"3/3/2025","Lampman","B9B","B9","A",19,0,7,7,NA,"","","F23E",2023-10-10,2023-10-10 15:09:00,2023-10-10 21:09:00,3,"Blue","PTFE",4,60,15,2023-10-10 21:09:00,2023-10-10 21:24:00,"","B9",30,0.03,2.1,2.1,0,7,0,7,0,6.3884375,6.05875,6.6703125,0,6.6703125,-3.50655789731998,0,1685833.33333333,1606433.59375,1606433.59375,0,0,0,1316858.16514757,1316858.16514757,0,9,584.100794087505,188.516922417344,3114.5911041344,176.698148148148,130.5,422.625,446.172839506173,237.875,1716.21,10.8074935400517,10.5555555555556,11.6666666666667,10,33.0116279069767,33,31,34,3.84755654322465,3.82515368908763,4.16705056996941,3.64859285797902,11336.5,10298.67,2475.79,88.25,0.125,0,24722.5,24835.125,24836.25,24837.375,5.23918777695593,"Very Unhealthy","Low",61.2042743966305,66.3921308617705,201.814906555965,15.7464380900351,108.784440826061,218.711205508665,12.1776042318889,13.3199766930851,24.5377224480851,0.896793933565282,0.89807374740202,62.9928010192709,125.985602038542,0.125985602038542,0.000125985602038542,1.25985602038542e-07,10452449675517,0,10452449675.517,0,10452.449675517,0
"FASMEE23","Button","Smoke","S9PI",20250127,"3/3/2025","Lampman","B9B","B9","A",30,0,0,0,NA,"","","F23E",2023-10-10,2023-10-10 15:09:00,2023-10-10 21:09:00,3,"Blue","PTFE",4,60,15,2023-10-10 21:09:00,2023-10-10 21:24:00,"","B9",30,0.03,2.1,2.1,0,0,0,0,NA,6.3884375,6.05875,0,0,0,-3.50655789731998,NA,0,0,0,0,NA,0,0,0,NA,9,584.100794087505,188.516922417344,3114.5911041344,176.698148148148,130.5,422.625,446.172839506173,237.875,1716.21,10.8074935400517,10.5555555555556,11.6666666666667,10,33.0116279069767,33,31,34,3.84755654322465,3.82515368908763,4.16705056996941,3.64859285797902,11336.5,10298.67,2475.79,88.25,0.125,0,24722.5,24835.125,24836.25,24837.375,5.23918777695593,"Very Unhealthy","Low",61.2042743966305,66.3921308617705,201.814906555965,15.7464380900351,108.784440826061,218.711205508665,12.1776042318889,13.3199766930851,24.5377224480851,0.896793933565282,0.89807374740202,62.9928010192709,125.985602038542,0.125985602038542,0.000125985602038542,1.25985602038542e-07,0,0,0,0,0,0
"FASMEE23","Button","Smoke","S9PI",20250221,"2/28/2025","Lampman","R15B","R15","A",2,0,0,0,NA,"","","F23F",2023-10-11,2023-10-10 19:21:00,2023-10-11 01:21:00,3,"Red","PTFE",4,60,15,2023-10-11 01:21:00,2023-10-11 01:36:00,"Partial smoke at best","R15",30,0.03,1.25,1.25,0,0,0,0,NA,5.5384375,5.20875,0,0,0,-3.50655789731998,NA,0,0,0,0,NA,0,0,0,NA,NA,NA,NA,NA,NA,NA,NA,NA,NA,NA,NA,NA,NA,NA,NA,NA,NA,NA,NA,NA,NA,NA,NA,NA,NA,NA,NA,NA,NA,NA,NA,NA,NA,NA,NA,NA,NA,NA,NA,NA,NA,NA,NA,NA,NA,NA,NA,NA,NA,NA,NA,NA,NA,NA,NA,NA,NA
"FASMEE23","Button","Smoke","S9PI",20250221,"2/28/2025","Lampman","R15B","R15","A",3,0,0,0,NA,"","","F23F",2023-10-11,2023-10-10 19:21:00,2023-10-11 01:21:00,3,"Red","PTFE",4,60,15,2023-10-11 01:21:00,2023-10-11 01:36:00,"Partial smoke at best","R15",30,0.03,1.25,1.25,0,0,0,0,NA,5.5384375,5.20875,0,0,0,-3.50655789731998,NA,0,0,0,0,NA,0,0,0,NA,NA,NA,NA,NA,NA,NA,NA,NA,NA,NA,NA,NA,NA,NA,NA,NA,NA,NA,NA,NA,NA,NA,NA,NA,NA,NA,NA,NA,NA,NA,NA,NA,NA,NA,NA,NA,NA,NA,NA,NA,NA,NA,NA,NA,NA,NA,NA,NA,NA,NA,NA,NA,NA,NA,NA,NA,NA
"FASMEE23","Button","Smoke","S9PI",20250221,"2/28/2025","Lampman","R15B","R15","A",7,0,0,0,NA,"","","F23F",2023-10-11,2023-10-10 19:21:00,2023-10-11 01:21:00,3,"Red","PTFE",4,60,15,2023-10-11 01:21:00,2023-10-11 01:36:00,"Partial smoke at best","R15",30,0.03,1.25,1.25,0,0,0,0,NA,5.5384375,5.20875,0,0,0,-3.50655789731998,NA,0,0,0,0,NA,0,0,0,NA,NA,NA,NA,NA,NA,NA,NA,NA,NA,NA,NA,NA,NA,NA,NA,NA,NA,NA,NA,NA,NA,NA,NA,NA,NA,NA,NA,NA,NA,NA,NA,NA,NA,NA,NA,NA,NA,NA,NA,NA,NA,NA,NA,NA,NA,NA,NA,NA,NA,NA,NA,NA,NA,NA,NA,NA,NA
"FASMEE23","Button","Smoke","S9PI",20250221,"2/28/2025","Lampman","R15B","R15","A",8,0,0,0,NA,"","","F23F",2023-10-11,2023-10-10 19:21:00,2023-10-11 01:21:00,3,"Red","PTFE",4,60,15,2023-10-11 01:21:00,2023-10-11 01:36:00,"Partial smoke at best","R15",30,0.03,1.25,1.25,0,0,0,0,NA,5.5384375,5.20875,0,0,0,-3.50655789731998,NA,0,0,0,0,NA,0,0,0,NA,NA,NA,NA,NA,NA,NA,NA,NA,NA,NA,NA,NA,NA,NA,NA,NA,NA,NA,NA,NA,NA,NA,NA,NA,NA,NA,NA,NA,NA,NA,NA,NA,NA,NA,NA,NA,NA,NA,NA,NA,NA,NA,NA,NA,NA,NA,NA,NA,NA,NA,NA,NA,NA,NA,NA,NA,NA
"FASMEE23","Button","Smoke","S9PI",20250221,"2/28/2025","Lampman","R15B","R15","A",9,0,0,0,NA,"","","F23F",2023-10-11,2023-10-10 19:21:00,2023-10-11 01:21:00,3,"Red","PTFE",4,60,15,2023-10-11 01:21:00,2023-10-11 01:36:00,"Partial smoke at best","R15",30,0.03,1.25,1.25,0,0,0,0,NA,5.5384375,5.20875,0,0,0,-3.50655789731998,NA,0,0,0,0,NA,0,0,0,NA,NA,NA,NA,NA,NA,NA,NA,NA,NA,NA,NA,NA,NA,NA,NA,NA,NA,NA,NA,NA,NA,NA,NA,NA,NA,NA,NA,NA,NA,NA,NA,NA,NA,NA,NA,NA,NA,NA,NA,NA,NA,NA,NA,NA,NA,NA,NA,NA,NA,NA,NA,NA,NA,NA,NA,NA,NA
"FASMEE23","Button","Smoke","S9PI",20250221,"2/28/2025","Lampman","R15B","R15","A",17,0,1,1,NA,"","","F23F",2023-10-11,2023-10-10 19:21:00,2023-10-11 01:21:00,3,"Red","PTFE",4,60,15,2023-10-11 01:21:00,2023-10-11 01:36:00,"Partial smoke at best","R15",30,0.03,1.25,1.25,0,1,0,1,0,5.5384375,5.20875,0.6703125,0,0.6703125,-3.50655789731998,0,240833.333333333,161433.59375,161433.59375,0,0,0,0,0,NA,NA,NA,NA,NA,NA,NA,NA,NA,NA,NA,NA,NA,NA,NA,NA,NA,NA,NA,NA,NA,NA,NA,NA,NA,NA,NA,NA,NA,NA,NA,NA,NA,NA,NA,NA,NA,NA,NA,NA,NA,NA,NA,NA,NA,NA,NA,NA,NA,NA,NA,NA,NA,NA,NA,NA,NA,NA
"FASMEE23","Button","Smoke","S9PI",20250221,"2/28/2025","Lampman","R15B","R15","A",20,0,0,0,NA,"","","F23F",2023-10-11,2023-10-10 19:21:00,2023-10-11 01:21:00,3,"Red","PTFE",4,60,15,2023-10-11 01:21:00,2023-10-11 01:36:00,"Partial smoke at best","R15",30,0.03,1.25,1.25,0,0,0,0,NA,5.5384375,5.20875,0,0,0,-3.50655789731998,NA,0,0,0,0,NA,0,0,0,NA,NA,NA,NA,NA,NA,NA,NA,NA,NA,NA,NA,NA,NA,NA,NA,NA,NA,NA,NA,NA,NA,NA,NA,NA,NA,NA,NA,NA,NA,NA,NA,NA,NA,NA,NA,NA,NA,NA,NA,NA,NA,NA,NA,NA,NA,NA,NA,NA,NA,NA,NA,NA,NA,NA,NA,NA,NA
"FASMEE23","Button","Smoke","S9PI",20250221,"2/28/2025","Lampman","R15B","R15","A",22,0,0,0,NA,"","","F23F",2023-10-11,2023-10-10 19:21:00,2023-10-11 01:21:00,3,"Red","PTFE",4,60,15,2023-10-11 01:21:00,2023-10-11 01:36:00,"Partial smoke at best","R15",30,0.03,1.25,1.25,0,0,0,0,NA,5.5384375,5.20875,0,0,0,-3.50655789731998,NA,0,0,0,0,NA,0,0,0,NA,NA,NA,NA,NA,NA,NA,NA,NA,NA,NA,NA,NA,NA,NA,NA,NA,NA,NA,NA,NA,NA,NA,NA,NA,NA,NA,NA,NA,NA,NA,NA,NA,NA,NA,NA,NA,NA,NA,NA,NA,NA,NA,NA,NA,NA,NA,NA,NA,NA,NA,NA,NA,NA,NA,NA,NA,NA
"FASMEE23","Button","Smoke","S9PI",20250221,"2/28/2025","Lampman","R15B","R15","A",25,0,0,0,NA,"","","F23F",2023-10-11,2023-10-10 19:21:00,2023-10-11 01:21:00,3,"Red","PTFE",4,60,15,2023-10-11 01:21:00,2023-10-11 01:36:00,"Partial smoke at best","R15",30,0.03,1.25,1.25,0,0,0,0,NA,5.5384375,5.20875,0,0,0,-3.50655789731998,NA,0,0,0,0,NA,0,0,0,NA,NA,NA,NA,NA,NA,NA,NA,NA,NA,NA,NA,NA,NA,NA,NA,NA,NA,NA,NA,NA,NA,NA,NA,NA,NA,NA,NA,NA,NA,NA,NA,NA,NA,NA,NA,NA,NA,NA,NA,NA,NA,NA,NA,NA,NA,NA,NA,NA,NA,NA,NA,NA,NA,NA,NA,NA,NA
"FASMEE23","Button","Smoke","S9PI",20250221,"2/28/2025","Lampman","R15B","R15","A",26,0,0,0,NA,"","","F23F",2023-10-11,2023-10-10 19:21:00,2023-10-11 01:21:00,3,"Red","PTFE",4,60,15,2023-10-11 01:21:00,2023-10-11 01:36:00,"Partial smoke at best","R15",30,0.03,1.25,1.25,0,0,0,0,NA,5.5384375,5.20875,0,0,0,-3.50655789731998,NA,0,0,0,0,NA,0,0,0,NA,NA,NA,NA,NA,NA,NA,NA,NA,NA,NA,NA,NA,NA,NA,NA,NA,NA,NA,NA,NA,NA,NA,NA,NA,NA,NA,NA,NA,NA,NA,NA,NA,NA,NA,NA,NA,NA,NA,NA,NA,NA,NA,NA,NA,NA,NA,NA,NA,NA,NA,NA,NA,NA,NA,NA,NA,NA
"FASMEE23","Button","Smoke","S9PI",20250221,"2/28/2025","Lampman","R15B","R15","A",27,0,0,0,NA,"","","F23F",2023-10-11,2023-10-10 19:21:00,2023-10-11 01:21:00,3,"Red","PTFE",4,60,15,2023-10-11 01:21:00,2023-10-11 01:36:00,"Partial smoke at best","R15",30,0.03,1.25,1.25,0,0,0,0,NA,5.5384375,5.20875,0,0,0,-3.50655789731998,NA,0,0,0,0,NA,0,0,0,NA,NA,NA,NA,NA,NA,NA,NA,NA,NA,NA,NA,NA,NA,NA,NA,NA,NA,NA,NA,NA,NA,NA,NA,NA,NA,NA,NA,NA,NA,NA,NA,NA,NA,NA,NA,NA,NA,NA,NA,NA,NA,NA,NA,NA,NA,NA,NA,NA,NA,NA,NA,NA,NA,NA,NA,NA,NA
"FASMEE23","Button","Smoke","S9PI",20250221,"2/28/2025","Lampman","R15B","R15","A",29,0,0,0,NA,"","","F23F",2023-10-11,2023-10-10 19:21:00,2023-10-11 01:21:00,3,"Red","PTFE",4,60,15,2023-10-11 01:21:00,2023-10-11 01:36:00,"Partial smoke at best","R15",30,0.03,1.25,1.25,0,0,0,0,NA,5.5384375,5.20875,0,0,0,-3.50655789731998,NA,0,0,0,0,NA,0,0,0,NA,NA,NA,NA,NA,NA,NA,NA,NA,NA,NA,NA,NA,NA,NA,NA,NA,NA,NA,NA,NA,NA,NA,NA,NA,NA,NA,NA,NA,NA,NA,NA,NA,NA,NA,NA,NA,NA,NA,NA,NA,NA,NA,NA,NA,NA,NA,NA,NA,NA,NA,NA,NA,NA,NA,NA,NA,NA
"FASMEE23","Button","Smoke","S9PI",20250221,"2/28/2025","Lampman","R15B","R15","A",30,0,0,0,NA,"","","F23F",2023-10-11,2023-10-10 19:21:00,2023-10-11 01:21:00,3,"Red","PTFE",4,60,15,2023-10-11 01:21:00,2023-10-11 01:36:00,"Partial smoke at best","R15",30,0.03,1.25,1.25,0,0,0,0,NA,5.5384375,5.20875,0,0,0,-3.50655789731998,NA,0,0,0,0,NA,0,0,0,NA,NA,NA,NA,NA,NA,NA,NA,NA,NA,NA,NA,NA,NA,NA,NA,NA,NA,NA,NA,NA,NA,NA,NA,NA,NA,NA,NA,NA,NA,NA,NA,NA,NA,NA,NA,NA,NA,NA,NA,NA,NA,NA,NA,NA,NA,NA,NA,NA,NA,NA,NA,NA,NA,NA,NA,NA,NA
"FASMEE23","Button","Smoke","S9PI",20250221,"2/28/2025","Lampman","R15B","R15","A",31,0,0,0,NA,"","","F23F",2023-10-11,2023-10-10 19:21:00,2023-10-11 01:21:00,3,"Red","PTFE",4,60,15,2023-10-11 01:21:00,2023-10-11 01:36:00,"Partial smoke at best","R15",30,0.03,1.25,1.25,0,0,0,0,NA,5.5384375,5.20875,0,0,0,-3.50655789731998,NA,0,0,0,0,NA,0,0,0,NA,NA,NA,NA,NA,NA,NA,NA,NA,NA,NA,NA,NA,NA,NA,NA,NA,NA,NA,NA,NA,NA,NA,NA,NA,NA,NA,NA,NA,NA,NA,NA,NA,NA,NA,NA,NA,NA,NA,NA,NA,NA,NA,NA,NA,NA,NA,NA,NA,NA,NA,NA,NA,NA,NA,NA,NA,NA
"FASMEE23","Button","Smoke","S9PI",20250221,"2/28/2025","Lampman","R15B","R15","A",33,0,0,0,NA,"","","F23F",2023-10-11,2023-10-10 19:21:00,2023-10-11 01:21:00,3,"Red","PTFE",4,60,15,2023-10-11 01:21:00,2023-10-11 01:36:00,"Partial smoke at best","R15",30,0.03,1.25,1.25,0,0,0,0,NA,5.5384375,5.20875,0,0,0,-3.50655789731998,NA,0,0,0,0,NA,0,0,0,NA,NA,NA,NA,NA,NA,NA,NA,NA,NA,NA,NA,NA,NA,NA,NA,NA,NA,NA,NA,NA,NA,NA,NA,NA,NA,NA,NA,NA,NA,NA,NA,NA,NA,NA,NA,NA,NA,NA,NA,NA,NA,NA,NA,NA,NA,NA,NA,NA,NA,NA,NA,NA,NA,NA,NA,NA,NA
"FASMEE23","Button","Smoke","S9PI",20250221,"2/28/2025","Lampman","R15B","R15","A",34,0,0,0,NA,"","","F23F",2023-10-11,2023-10-10 19:21:00,2023-10-11 01:21:00,3,"Red","PTFE",4,60,15,2023-10-11 01:21:00,2023-10-11 01:36:00,"Partial smoke at best","R15",30,0.03,1.25,1.25,0,0,0,0,NA,5.5384375,5.20875,0,0,0,-3.50655789731998,NA,0,0,0,0,NA,0,0,0,NA,NA,NA,NA,NA,NA,NA,NA,NA,NA,NA,NA,NA,NA,NA,NA,NA,NA,NA,NA,NA,NA,NA,NA,NA,NA,NA,NA,NA,NA,NA,NA,NA,NA,NA,NA,NA,NA,NA,NA,NA,NA,NA,NA,NA,NA,NA,NA,NA,NA,NA,NA,NA,NA,NA,NA,NA,NA
"FASMEE23","Button","Smoke","S9PI",20250221,"2/28/2025","Lampman","R15B","R15","A",35,0,0,0,NA,"","","F23F",2023-10-11,2023-10-10 19:21:00,2023-10-11 01:21:00,3,"Red","PTFE",4,60,15,2023-10-11 01:21:00,2023-10-11 01:36:00,"Partial smoke at best","R15",30,0.03,1.25,1.25,0,0,0,0,NA,5.5384375,5.20875,0,0,0,-3.50655789731998,NA,0,0,0,0,NA,0,0,0,NA,NA,NA,NA,NA,NA,NA,NA,NA,NA,NA,NA,NA,NA,NA,NA,NA,NA,NA,NA,NA,NA,NA,NA,NA,NA,NA,NA,NA,NA,NA,NA,NA,NA,NA,NA,NA,NA,NA,NA,NA,NA,NA,NA,NA,NA,NA,NA,NA,NA,NA,NA,NA,NA,NA,NA,NA,NA
"FASMEE23","Button","Smoke","S9PI",20250221,"2/28/2025","Lampman","R15B","R15","A",38,0,0,0,NA,"","","F23F",2023-10-11,2023-10-10 19:21:00,2023-10-11 01:21:00,3,"Red","PTFE",4,60,15,2023-10-11 01:21:00,2023-10-11 01:36:00,"Partial smoke at best","R15",30,0.03,1.25,1.25,0,0,0,0,NA,5.5384375,5.20875,0,0,0,-3.50655789731998,NA,0,0,0,0,NA,0,0,0,NA,NA,NA,NA,NA,NA,NA,NA,NA,NA,NA,NA,NA,NA,NA,NA,NA,NA,NA,NA,NA,NA,NA,NA,NA,NA,NA,NA,NA,NA,NA,NA,NA,NA,NA,NA,NA,NA,NA,NA,NA,NA,NA,NA,NA,NA,NA,NA,NA,NA,NA,NA,NA,NA,NA,NA,NA,NA
"FASMEE23","Button","Smoke","S9PI",20250221,"2/28/2025","Lampman","R15B","R15","A",39,0,0,0,NA,"","","F23F",2023-10-11,2023-10-10 19:21:00,2023-10-11 01:21:00,3,"Red","PTFE",4,60,15,2023-10-11 01:21:00,2023-10-11 01:36:00,"Partial smoke at best","R15",30,0.03,1.25,1.25,0,0,0,0,NA,5.5384375,5.20875,0,0,0,-3.50655789731998,NA,0,0,0,0,NA,0,0,0,NA,NA,NA,NA,NA,NA,NA,NA,NA,NA,NA,NA,NA,NA,NA,NA,NA,NA,NA,NA,NA,NA,NA,NA,NA,NA,NA,NA,NA,NA,NA,NA,NA,NA,NA,NA,NA,NA,NA,NA,NA,NA,NA,NA,NA,NA,NA,NA,NA,NA,NA,NA,NA,NA,NA,NA,NA,NA
"FASMEE23","Button","Smoke","S9PI",20250221,"2/28/2025","Lampman","R15B","R15","A",40,0,0,0,NA,"","","F23F",2023-10-11,2023-10-10 19:21:00,2023-10-11 01:21:00,3,"Red","PTFE",4,60,15,2023-10-11 01:21:00,2023-10-11 01:36:00,"Partial smoke at best","R15",30,0.03,1.25,1.25,0,0,0,0,NA,5.5384375,5.20875,0,0,0,-3.50655789731998,NA,0,0,0,0,NA,0,0,0,NA,NA,NA,NA,NA,NA,NA,NA,NA,NA,NA,NA,NA,NA,NA,NA,NA,NA,NA,NA,NA,NA,NA,NA,NA,NA,NA,NA,NA,NA,NA,NA,NA,NA,NA,NA,NA,NA,NA,NA,NA,NA,NA,NA,NA,NA,NA,NA,NA,NA,NA,NA,NA,NA,NA,NA,NA,NA
"FASMEE23","Button","Smoke","S9PI",20250127,"3/5/2025","Lampman","R9B","R9","A",1,0,0,0,NA,"","","F23E",2023-10-09,2023-10-09 15:17:00,2023-10-09 21:17:00,2,"Red","PTFE",4,60,15,2023-10-09 21:17:00,2023-10-09 21:32:00,"","R9",30,0.03,2.1,2.1,0,0,0,0,NA,6.3884375,6.05875,0,0,0,-3.50655789731998,NA,0,0,0,0,NA,0,0,0,NA,NA,NA,NA,NA,NA,NA,NA,NA,NA,NA,NA,NA,NA,NA,NA,NA,NA,NA,NA,NA,NA,NA,NA,NA,NA,NA,NA,NA,NA,NA,NA,NA,NA,NA,NA,NA,NA,NA,NA,NA,NA,NA,NA,NA,NA,NA,NA,NA,NA,NA,NA,NA,NA,NA,NA,NA,NA
"FASMEE23","Button","Smoke","S9PI",20250127,"3/5/2025","Lampman","R9B","R9","A",4,0,0,0,NA,"","","F23E",2023-10-09,2023-10-09 15:17:00,2023-10-09 21:17:00,2,"Red","PTFE",4,60,15,2023-10-09 21:17:00,2023-10-09 21:32:00,"","R9",30,0.03,2.1,2.1,0,0,0,0,NA,6.3884375,6.05875,0,0,0,-3.50655789731998,NA,0,0,0,0,NA,0,0,0,NA,NA,NA,NA,NA,NA,NA,NA,NA,NA,NA,NA,NA,NA,NA,NA,NA,NA,NA,NA,NA,NA,NA,NA,NA,NA,NA,NA,NA,NA,NA,NA,NA,NA,NA,NA,NA,NA,NA,NA,NA,NA,NA,NA,NA,NA,NA,NA,NA,NA,NA,NA,NA,NA,NA,NA,NA,NA
"FASMEE23","Button","Smoke","S9PI",20250127,"3/5/2025","Lampman","R9B","R9","A",15,0,0,0,NA,"","","F23E",2023-10-09,2023-10-09 15:17:00,2023-10-09 21:17:00,2,"Red","PTFE",4,60,15,2023-10-09 21:17:00,2023-10-09 21:32:00,"","R9",30,0.03,2.1,2.1,0,0,0,0,NA,6.3884375,6.05875,0,0,0,-3.50655789731998,NA,0,0,0,0,NA,0,0,0,NA,NA,NA,NA,NA,NA,NA,NA,NA,NA,NA,NA,NA,NA,NA,NA,NA,NA,NA,NA,NA,NA,NA,NA,NA,NA,NA,NA,NA,NA,NA,NA,NA,NA,NA,NA,NA,NA,NA,NA,NA,NA,NA,NA,NA,NA,NA,NA,NA,NA,NA,NA,NA,NA,NA,NA,NA,NA
"FASMEE23","Button","Smoke","S9PI",20250127,"3/5/2025","Lampman","R9B","R9","A",16,0,0,0,NA,"","","F23E",2023-10-09,2023-10-09 15:17:00,2023-10-09 21:17:00,2,"Red","PTFE",4,60,15,2023-10-09 21:17:00,2023-10-09 21:32:00,"","R9",30,0.03,2.1,2.1,0,0,0,0,NA,6.3884375,6.05875,0,0,0,-3.50655789731998,NA,0,0,0,0,NA,0,0,0,NA,NA,NA,NA,NA,NA,NA,NA,NA,NA,NA,NA,NA,NA,NA,NA,NA,NA,NA,NA,NA,NA,NA,NA,NA,NA,NA,NA,NA,NA,NA,NA,NA,NA,NA,NA,NA,NA,NA,NA,NA,NA,NA,NA,NA,NA,NA,NA,NA,NA,NA,NA,NA,NA,NA,NA,NA,NA
"FASMEE23","Button","Smoke","S9PI",20250127,"3/5/2025","Lampman","R9B","R9","A",19,0,0,0,NA,"","","F23E",2023-10-09,2023-10-09 15:17:00,2023-10-09 21:17:00,2,"Red","PTFE",4,60,15,2023-10-09 21:17:00,2023-10-09 21:32:00,"","R9",30,0.03,2.1,2.1,0,0,0,0,NA,6.3884375,6.05875,0,0,0,-3.50655789731998,NA,0,0,0,0,NA,0,0,0,NA,NA,NA,NA,NA,NA,NA,NA,NA,NA,NA,NA,NA,NA,NA,NA,NA,NA,NA,NA,NA,NA,NA,NA,NA,NA,NA,NA,NA,NA,NA,NA,NA,NA,NA,NA,NA,NA,NA,NA,NA,NA,NA,NA,NA,NA,NA,NA,NA,NA,NA,NA,NA,NA,NA,NA,NA,NA
"FASMEE23","Button","Smoke","S9PI",20250127,"3/5/2025","Lampman","R9B","R9","A",22,0,1,1,NA,"","","F23E",2023-10-09,2023-10-09 15:17:00,2023-10-09 21:17:00,2,"Red","PTFE",4,60,15,2023-10-09 21:17:00,2023-10-09 21:32:00,"","R9",30,0.03,2.1,2.1,0,1,0,1,0,6.3884375,6.05875,0.6703125,0,0.6703125,-3.50655789731998,0,240833.333333333,161433.59375,161433.59375,0,0,0,0,0,NA,NA,NA,NA,NA,NA,NA,NA,NA,NA,NA,NA,NA,NA,NA,NA,NA,NA,NA,NA,NA,NA,NA,NA,NA,NA,NA,NA,NA,NA,NA,NA,NA,NA,NA,NA,NA,NA,NA,NA,NA,NA,NA,NA,NA,NA,NA,NA,NA,NA,NA,NA,NA,NA,NA,NA,NA,NA
"FASMEE23","Button","Smoke","S9PI",20250127,"3/5/2025","Lampman","R9B","R9","A",23,0,0,0,NA,"","","F23E",2023-10-09,2023-10-09 15:17:00,2023-10-09 21:17:00,2,"Red","PTFE",4,60,15,2023-10-09 21:17:00,2023-10-09 21:32:00,"","R9",30,0.03,2.1,2.1,0,0,0,0,NA,6.3884375,6.05875,0,0,0,-3.50655789731998,NA,0,0,0,0,NA,0,0,0,NA,NA,NA,NA,NA,NA,NA,NA,NA,NA,NA,NA,NA,NA,NA,NA,NA,NA,NA,NA,NA,NA,NA,NA,NA,NA,NA,NA,NA,NA,NA,NA,NA,NA,NA,NA,NA,NA,NA,NA,NA,NA,NA,NA,NA,NA,NA,NA,NA,NA,NA,NA,NA,NA,NA,NA,NA,NA
"FASMEE23","Button","Smoke","S9PI",20250127,"3/5/2025","Lampman","R9B","R9","A",24,0,0,0,NA,"","","F23E",2023-10-09,2023-10-09 15:17:00,2023-10-09 21:17:00,2,"Red","PTFE",4,60,15,2023-10-09 21:17:00,2023-10-09 21:32:00,"","R9",30,0.03,2.1,2.1,0,0,0,0,NA,6.3884375,6.05875,0,0,0,-3.50655789731998,NA,0,0,0,0,NA,0,0,0,NA,NA,NA,NA,NA,NA,NA,NA,NA,NA,NA,NA,NA,NA,NA,NA,NA,NA,NA,NA,NA,NA,NA,NA,NA,NA,NA,NA,NA,NA,NA,NA,NA,NA,NA,NA,NA,NA,NA,NA,NA,NA,NA,NA,NA,NA,NA,NA,NA,NA,NA,NA,NA,NA,NA,NA,NA,NA
"FASMEE23","Button","Smoke","S9PI",20250127,"3/5/2025","Lampman","R9B","R9","A",25,0,8,8,NA,"","","F23E",2023-10-09,2023-10-09 15:17:00,2023-10-09 21:17:00,2,"Red","PTFE",4,60,15,2023-10-09 21:17:00,2023-10-09 21:32:00,"","R9",30,0.03,2.1,2.1,0,8,0,8,0,6.3884375,6.05875,7.6703125,0,7.6703125,-3.50655789731998,0,1926666.66666667,1847266.92708333,1847266.92708333,0,0,0,1557691.4984809,1557691.4984809,0,NA,NA,NA,NA,NA,NA,NA,NA,NA,NA,NA,NA,NA,NA,NA,NA,NA,NA,NA,NA,NA,NA,NA,NA,NA,NA,NA,NA,NA,NA,NA,NA,NA,NA,NA,NA,NA,NA,NA,NA,NA,NA,NA,NA,NA,NA,NA,NA,NA,NA,NA,NA,NA,NA,NA,NA,NA
"FASMEE23","Button","Smoke","S9PI",20250127,"3/5/2025","Lampman","R9B","R9","A",31,0,0,0,NA,"","","F23E",2023-10-09,2023-10-09 15:17:00,2023-10-09 21:17:00,2,"Red","PTFE",4,60,15,2023-10-09 21:17:00,2023-10-09 21:32:00,"","R9",30,0.03,2.1,2.1,0,0,0,0,NA,6.3884375,6.05875,0,0,0,-3.50655789731998,NA,0,0,0,0,NA,0,0,0,NA,NA,NA,NA,NA,NA,NA,NA,NA,NA,NA,NA,NA,NA,NA,NA,NA,NA,NA,NA,NA,NA,NA,NA,NA,NA,NA,NA,NA,NA,NA,NA,NA,NA,NA,NA,NA,NA,NA,NA,NA,NA,NA,NA,NA,NA,NA,NA,NA,NA,NA,NA,NA,NA,NA,NA,NA,NA
"FASMEE23","Button","Smoke","S9PI",20250127,"3/5/2025","Lampman","R9B","R9","A",34,0,0,0,NA,"","","F23E",2023-10-09,2023-10-09 15:17:00,2023-10-09 21:17:00,2,"Red","PTFE",4,60,15,2023-10-09 21:17:00,2023-10-09 21:32:00,"","R9",30,0.03,2.1,2.1,0,0,0,0,NA,6.3884375,6.05875,0,0,0,-3.50655789731998,NA,0,0,0,0,NA,0,0,0,NA,NA,NA,NA,NA,NA,NA,NA,NA,NA,NA,NA,NA,NA,NA,NA,NA,NA,NA,NA,NA,NA,NA,NA,NA,NA,NA,NA,NA,NA,NA,NA,NA,NA,NA,NA,NA,NA,NA,NA,NA,NA,NA,NA,NA,NA,NA,NA,NA,NA,NA,NA,NA,NA,NA,NA,NA,NA
"FASMEE23","Button","Smoke","S9PI",20250127,"3/5/2025","Lampman","R9B","R9","A",36,0,3,3,NA,"","","F23E",2023-10-09,2023-10-09 15:17:00,2023-10-09 21:17:00,2,"Red","PTFE",4,60,15,2023-10-09 21:17:00,2023-10-09 21:32:00,"","R9",30,0.03,2.1,2.1,0,3,0,3,0,6.3884375,6.05875,2.6703125,0,2.6703125,-3.50655789731998,0,722500,643100.260416667,643100.260416667,0,0,0,353524.831814236,353524.831814236,0,NA,NA,NA,NA,NA,NA,NA,NA,NA,NA,NA,NA,NA,NA,NA,NA,NA,NA,NA,NA,NA,NA,NA,NA,NA,NA,NA,NA,NA,NA,NA,NA,NA,NA,NA,NA,NA,NA,NA,NA,NA,NA,NA,NA,NA,NA,NA,NA,NA,NA,NA,NA,NA,NA,NA,NA,NA
"FASMEE23","Button","Smoke","S9PI",20250127,"3/5/2025","Lampman","R9B","R9","A",40,0,0,0,NA,"","","F23E",2023-10-09,2023-10-09 15:17:00,2023-10-09 21:17:00,2,"Red","PTFE",4,60,15,2023-10-09 21:17:00,2023-10-09 21:32:00,"","R9",30,0.03,2.1,2.1,0,0,0,0,NA,6.3884375,6.05875,0,0,0,-3.50655789731998,NA,0,0,0,0,NA,0,0,0,NA,NA,NA,NA,NA,NA,NA,NA,NA,NA,NA,NA,NA,NA,NA,NA,NA,NA,NA,NA,NA,NA,NA,NA,NA,NA,NA,NA,NA,NA,NA,NA,NA,NA,NA,NA,NA,NA,NA,NA,NA,NA,NA,NA,NA,NA,NA,NA,NA,NA,NA,NA,NA,NA,NA,NA,NA,NA
"FASMEE23","Button","Smoke","S9PI",20240505,"3/31/2025","Lampman","R8B","R8B","A",3,0,4,4,NA,"","","F23A",2023-10-09,2023-10-09 14:54:00,2023-10-09 20:54:00,2,"Red","PTFE",4,60,15,2023-10-09 20:54:00,2023-10-09 21:09:00,"Tons of smoke, probably best sample","R8",30,0.03,2.225,2.225,0,4,0,4,0,6.5134375,6.18375,3.6703125,0,3.6703125,-3.50655789731998,0,963333.333333333,883933.59375,883933.59375,0,0,0,594358.165147569,594358.165147569,0,NA,NA,NA,NA,NA,NA,NA,NA,NA,NA,NA,NA,NA,NA,NA,NA,NA,NA,NA,NA,NA,NA,NA,NA,NA,NA,NA,NA,NA,NA,NA,NA,NA,NA,NA,NA,NA,NA,NA,NA,NA,NA,NA,NA,NA,NA,NA,NA,NA,NA,NA,NA,NA,NA,NA,NA,NA
"FASMEE23","Button","Smoke","S9PI",20240505,"3/31/2025","Lampman","R8B","R8B","A",12,0,3,3,NA,"","","F23A",2023-10-09,2023-10-09 14:54:00,2023-10-09 20:54:00,2,"Red","PTFE",4,60,15,2023-10-09 20:54:00,2023-10-09 21:09:00,"Tons of smoke, probably best sample","R8",30,0.03,2.225,2.225,0,3,0,3,0,6.5134375,6.18375,2.6703125,0,2.6703125,-3.50655789731998,0,722500,643100.260416667,643100.260416667,0,0,0,353524.831814236,353524.831814236,0,NA,NA,NA,NA,NA,NA,NA,NA,NA,NA,NA,NA,NA,NA,NA,NA,NA,NA,NA,NA,NA,NA,NA,NA,NA,NA,NA,NA,NA,NA,NA,NA,NA,NA,NA,NA,NA,NA,NA,NA,NA,NA,NA,NA,NA,NA,NA,NA,NA,NA,NA,NA,NA,NA,NA,NA,NA
"FASMEE23","Button","Smoke","S9PI",20240505,"3/31/2025","Lampman","R8B","R8B","A",14,0,0,0,NA,"","","F23A",2023-10-09,2023-10-09 14:54:00,2023-10-09 20:54:00,2,"Red","PTFE",4,60,15,2023-10-09 20:54:00,2023-10-09 21:09:00,"Tons of smoke, probably best sample","R8",30,0.03,2.225,2.225,0,0,0,0,NA,6.5134375,6.18375,0,0,0,-3.50655789731998,NA,0,0,0,0,NA,0,0,0,NA,NA,NA,NA,NA,NA,NA,NA,NA,NA,NA,NA,NA,NA,NA,NA,NA,NA,NA,NA,NA,NA,NA,NA,NA,NA,NA,NA,NA,NA,NA,NA,NA,NA,NA,NA,NA,NA,NA,NA,NA,NA,NA,NA,NA,NA,NA,NA,NA,NA,NA,NA,NA,NA,NA,NA,NA,NA
"FASMEE23","Button","Smoke","S9PI",20240505,"3/31/2025","Lampman","R8B","R8B","A",15,0,0,0,NA,"","","F23A",2023-10-09,2023-10-09 14:54:00,2023-10-09 20:54:00,2,"Red","PTFE",4,60,15,2023-10-09 20:54:00,2023-10-09 21:09:00,"Tons of smoke, probably best sample","R8",30,0.03,2.225,2.225,0,0,0,0,NA,6.5134375,6.18375,0,0,0,-3.50655789731998,NA,0,0,0,0,NA,0,0,0,NA,NA,NA,NA,NA,NA,NA,NA,NA,NA,NA,NA,NA,NA,NA,NA,NA,NA,NA,NA,NA,NA,NA,NA,NA,NA,NA,NA,NA,NA,NA,NA,NA,NA,NA,NA,NA,NA,NA,NA,NA,NA,NA,NA,NA,NA,NA,NA,NA,NA,NA,NA,NA,NA,NA,NA,NA,NA
"FASMEE23","Button","Smoke","S9PI",20240505,"3/31/2025","Lampman","R8B","R8B","A",17,0,4,4,NA,"","","F23A",2023-10-09,2023-10-09 14:54:00,2023-10-09 20:54:00,2,"Red","PTFE",4,60,15,2023-10-09 20:54:00,2023-10-09 21:09:00,"Tons of smoke, probably best sample","R8",30,0.03,2.225,2.225,0,4,0,4,0,6.5134375,6.18375,3.6703125,0,3.6703125,-3.50655789731998,0,963333.333333333,883933.59375,883933.59375,0,0,0,594358.165147569,594358.165147569,0,NA,NA,NA,NA,NA,NA,NA,NA,NA,NA,NA,NA,NA,NA,NA,NA,NA,NA,NA,NA,NA,NA,NA,NA,NA,NA,NA,NA,NA,NA,NA,NA,NA,NA,NA,NA,NA,NA,NA,NA,NA,NA,NA,NA,NA,NA,NA,NA,NA,NA,NA,NA,NA,NA,NA,NA,NA
"FASMEE23","Button","Smoke","S9PI",20240505,"3/31/2025","Lampman","R8B","R8B","A",21,0,0,0,NA,"","","F23A",2023-10-09,2023-10-09 14:54:00,2023-10-09 20:54:00,2,"Red","PTFE",4,60,15,2023-10-09 20:54:00,2023-10-09 21:09:00,"Tons of smoke, probably best sample","R8",30,0.03,2.225,2.225,0,0,0,0,NA,6.5134375,6.18375,0,0,0,-3.50655789731998,NA,0,0,0,0,NA,0,0,0,NA,NA,NA,NA,NA,NA,NA,NA,NA,NA,NA,NA,NA,NA,NA,NA,NA,NA,NA,NA,NA,NA,NA,NA,NA,NA,NA,NA,NA,NA,NA,NA,NA,NA,NA,NA,NA,NA,NA,NA,NA,NA,NA,NA,NA,NA,NA,NA,NA,NA,NA,NA,NA,NA,NA,NA,NA,NA
"FASMEE23","Button","Smoke","S9PI",20240505,"3/31/2025","Lampman","R8B","R8B","A",29,0,0,0,NA,"","","F23A",2023-10-09,2023-10-09 14:54:00,2023-10-09 20:54:00,2,"Red","PTFE",4,60,15,2023-10-09 20:54:00,2023-10-09 21:09:00,"Tons of smoke, probably best sample","R8",30,0.03,2.225,2.225,0,0,0,0,NA,6.5134375,6.18375,0,0,0,-3.50655789731998,NA,0,0,0,0,NA,0,0,0,NA,NA,NA,NA,NA,NA,NA,NA,NA,NA,NA,NA,NA,NA,NA,NA,NA,NA,NA,NA,NA,NA,NA,NA,NA,NA,NA,NA,NA,NA,NA,NA,NA,NA,NA,NA,NA,NA,NA,NA,NA,NA,NA,NA,NA,NA,NA,NA,NA,NA,NA,NA,NA,NA,NA,NA,NA,NA
"FASMEE23","Button","Smoke","S9PI",20240505,"3/31/2025","Lampman","R8B","R8B","A",30,0,0,0,NA,"","","F23A",2023-10-09,2023-10-09 14:54:00,2023-10-09 20:54:00,2,"Red","PTFE",4,60,15,2023-10-09 20:54:00,2023-10-09 21:09:00,"Tons of smoke, probably best sample","R8",30,0.03,2.225,2.225,0,0,0,0,NA,6.5134375,6.18375,0,0,0,-3.50655789731998,NA,0,0,0,0,NA,0,0,0,NA,NA,NA,NA,NA,NA,NA,NA,NA,NA,NA,NA,NA,NA,NA,NA,NA,NA,NA,NA,NA,NA,NA,NA,NA,NA,NA,NA,NA,NA,NA,NA,NA,NA,NA,NA,NA,NA,NA,NA,NA,NA,NA,NA,NA,NA,NA,NA,NA,NA,NA,NA,NA,NA,NA,NA,NA,NA
"FASMEE23","Button","Smoke","S9PI",20240505,"3/31/2025","Lampman","R8B","R8B","A",31,0,1,1,NA,"","","F23A",2023-10-09,2023-10-09 14:54:00,2023-10-09 20:54:00,2,"Red","PTFE",4,60,15,2023-10-09 20:54:00,2023-10-09 21:09:00,"Tons of smoke, probably best sample","R8",30,0.03,2.225,2.225,0,1,0,1,0,6.5134375,6.18375,0.6703125,0,0.6703125,-3.50655789731998,0,240833.333333333,161433.59375,161433.59375,0,0,0,0,0,NA,NA,NA,NA,NA,NA,NA,NA,NA,NA,NA,NA,NA,NA,NA,NA,NA,NA,NA,NA,NA,NA,NA,NA,NA,NA,NA,NA,NA,NA,NA,NA,NA,NA,NA,NA,NA,NA,NA,NA,NA,NA,NA,NA,NA,NA,NA,NA,NA,NA,NA,NA,NA,NA,NA,NA,NA,NA
"FASMEE23","Button","Smoke","S9PI",20240505,"3/31/2025","Lampman","R8B","R8B","A",36,0,0,0,NA,"","","F23A",2023-10-09,2023-10-09 14:54:00,2023-10-09 20:54:00,2,"Red","PTFE",4,60,15,2023-10-09 20:54:00,2023-10-09 21:09:00,"Tons of smoke, probably best sample","R8",30,0.03,2.225,2.225,0,0,0,0,NA,6.5134375,6.18375,0,0,0,-3.50655789731998,NA,0,0,0,0,NA,0,0,0,NA,NA,NA,NA,NA,NA,NA,NA,NA,NA,NA,NA,NA,NA,NA,NA,NA,NA,NA,NA,NA,NA,NA,NA,NA,NA,NA,NA,NA,NA,NA,NA,NA,NA,NA,NA,NA,NA,NA,NA,NA,NA,NA,NA,NA,NA,NA,NA,NA,NA,NA,NA,NA,NA,NA,NA,NA,NA
"FASMEE23","Button","Smoke","S9PI",20250221,"4/11/2025","Lampman","B7B","B7","A",13,0,0,0,NA,"","","F23F",2023-10-10,2023-10-09 18:17:00,2023-10-10 00:17:00,2,"Blue","PTFE",4,60,15,2023-10-10 00:17:00,2023-10-10 00:32:00,"","B7",30,0.03,1.25,1.25,0,0,0,0,NA,5.5384375,5.20875,0,0,0,-3.50655789731998,NA,0,0,0,0,NA,0,0,0,NA,7,1625.52013208166,1670.54342003125,4296.5432918125,191.864464285714,243.5,323.75,1134.54755952381,1266.25,2565.125,11.9378306878307,12.2222222222222,12.7777777777778,9.44444444444444,27.4642857142857,27,27,29,3.43830869055206,3.49798559298276,3.81130962441916,2.83267941327911,27600.25,26431.75,16400.9375,2164.5625,366.75,209,70499.125,72762.875,73162.6025,73501.915,7.42090425369562,"Hazardous","High",NA,NA,NA,NA,NA,NA,NA,NA,NA,NA,NA,NA,NA,NA,NA,NA,NA,NA,NA,NA,NA,NA
"FASMEE23","Button","Smoke","S9PI",20250221,"4/11/2025","Lampman","B7B","B7","A",28,0,0,0,NA,"","","F23F",2023-10-10,2023-10-09 18:17:00,2023-10-10 00:17:00,2,"Blue","PTFE",4,60,15,2023-10-10 00:17:00,2023-10-10 00:32:00,"","B7",30,0.03,1.25,1.25,0,0,0,0,NA,5.5384375,5.20875,0,0,0,-3.50655789731998,NA,0,0,0,0,NA,0,0,0,NA,7,1625.52013208166,1670.54342003125,4296.5432918125,191.864464285714,243.5,323.75,1134.54755952381,1266.25,2565.125,11.9378306878307,12.2222222222222,12.7777777777778,9.44444444444444,27.4642857142857,27,27,29,3.43830869055206,3.49798559298276,3.81130962441916,2.83267941327911,27600.25,26431.75,16400.9375,2164.5625,366.75,209,70499.125,72762.875,73162.6025,73501.915,7.42090425369562,"Hazardous","High",NA,NA,NA,NA,NA,NA,NA,NA,NA,NA,NA,NA,NA,NA,NA,NA,NA,NA,NA,NA,NA,NA
"FASMEE23","Button","Smoke","S9PI",20250221,"4/11/2025","Lampman","B7B","B7","A",29,0,0,0,NA,"","","F23F",2023-10-10,2023-10-09 18:17:00,2023-10-10 00:17:00,2,"Blue","PTFE",4,60,15,2023-10-10 00:17:00,2023-10-10 00:32:00,"","B7",30,0.03,1.25,1.25,0,0,0,0,NA,5.5384375,5.20875,0,0,0,-3.50655789731998,NA,0,0,0,0,NA,0,0,0,NA,7,1625.52013208166,1670.54342003125,4296.5432918125,191.864464285714,243.5,323.75,1134.54755952381,1266.25,2565.125,11.9378306878307,12.2222222222222,12.7777777777778,9.44444444444444,27.4642857142857,27,27,29,3.43830869055206,3.49798559298276,3.81130962441916,2.83267941327911,27600.25,26431.75,16400.9375,2164.5625,366.75,209,70499.125,72762.875,73162.6025,73501.915,7.42090425369562,"Hazardous","High",NA,NA,NA,NA,NA,NA,NA,NA,NA,NA,NA,NA,NA,NA,NA,NA,NA,NA,NA,NA,NA,NA
"FASMEE23","Button","Smoke","S9PI",20250221,"4/11/2025","Lampman","B7B","B7","A",32,0,0,0,NA,"","","F23F",2023-10-10,2023-10-09 18:17:00,2023-10-10 00:17:00,2,"Blue","PTFE",4,60,15,2023-10-10 00:17:00,2023-10-10 00:32:00,"","B7",30,0.03,1.25,1.25,0,0,0,0,NA,5.5384375,5.20875,0,0,0,-3.50655789731998,NA,0,0,0,0,NA,0,0,0,NA,7,1625.52013208166,1670.54342003125,4296.5432918125,191.864464285714,243.5,323.75,1134.54755952381,1266.25,2565.125,11.9378306878307,12.2222222222222,12.7777777777778,9.44444444444444,27.4642857142857,27,27,29,3.43830869055206,3.49798559298276,3.81130962441916,2.83267941327911,27600.25,26431.75,16400.9375,2164.5625,366.75,209,70499.125,72762.875,73162.6025,73501.915,7.42090425369562,"Hazardous","High",NA,NA,NA,NA,NA,NA,NA,NA,NA,NA,NA,NA,NA,NA,NA,NA,NA,NA,NA,NA,NA,NA
"FASMEE23","Button","Smoke","S9PI",20250221,"3/10/2025","Lampman","B8B","B8","A",23,0,0,0,NA,"","","F23F",2023-10-10,2023-10-09 18:45:00,2023-10-10 00:45:00,2,"Blue","PTFE",4,60,15,2023-10-10 00:45:00,2023-10-10 01:00:00,"","B8",30,0.03,1.25,1.25,0,0,0,0,NA,5.5384375,5.20875,0,0,0,-3.50655789731998,NA,0,0,0,0,NA,0,0,0,NA,8,1205.06665382693,1303.733104,3018.616525,226.646470588235,286,417.125,876.608941176471,1025.165,1821,12.078431372549,11.6666666666667,13.8888888888889,10.5555555555556,27.6117647058824,28,26,30,3.48006033349395,3.49058669865849,3.8025217445426,3.05727862595733,26588.54,25222.5,13803,1123.75,154.17,81.33,66054.875,67628,67854.375,68080.75,7.17298704669122,"Hazardous","High",NA,NA,NA,NA,NA,NA,NA,NA,NA,NA,NA,NA,NA,NA,NA,NA,NA,NA,NA,NA,NA,NA
"FASMEE23","Button","Smoke","S9PI",20250221,"3/10/2025","Lampman","B8B","B8","A",26,0,0,0,NA,"","","F23F",2023-10-10,2023-10-09 18:45:00,2023-10-10 00:45:00,2,"Blue","PTFE",4,60,15,2023-10-10 00:45:00,2023-10-10 01:00:00,"","B8",30,0.03,1.25,1.25,0,0,0,0,NA,5.5384375,5.20875,0,0,0,-3.50655789731998,NA,0,0,0,0,NA,0,0,0,NA,8,1205.06665382693,1303.733104,3018.616525,226.646470588235,286,417.125,876.608941176471,1025.165,1821,12.078431372549,11.6666666666667,13.8888888888889,10.5555555555556,27.6117647058824,28,26,30,3.48006033349395,3.49058669865849,3.8025217445426,3.05727862595733,26588.54,25222.5,13803,1123.75,154.17,81.33,66054.875,67628,67854.375,68080.75,7.17298704669122,"Hazardous","High",NA,NA,NA,NA,NA,NA,NA,NA,NA,NA,NA,NA,NA,NA,NA,NA,NA,NA,NA,NA,NA,NA
"FASMEE23","Button","Smoke","S9PI",20250221,"3/10/2025","Lampman","B8B","B8","A",32,0,0,0,NA,"","","F23F",2023-10-10,2023-10-09 18:45:00,2023-10-10 00:45:00,2,"Blue","PTFE",4,60,15,2023-10-10 00:45:00,2023-10-10 01:00:00,"","B8",30,0.03,1.25,1.25,0,0,0,0,NA,5.5384375,5.20875,0,0,0,-3.50655789731998,NA,0,0,0,0,NA,0,0,0,NA,8,1205.06665382693,1303.733104,3018.616525,226.646470588235,286,417.125,876.608941176471,1025.165,1821,12.078431372549,11.6666666666667,13.8888888888889,10.5555555555556,27.6117647058824,28,26,30,3.48006033349395,3.49058669865849,3.8025217445426,3.05727862595733,26588.54,25222.5,13803,1123.75,154.17,81.33,66054.875,67628,67854.375,68080.75,7.17298704669122,"Hazardous","High",NA,NA,NA,NA,NA,NA,NA,NA,NA,NA,NA,NA,NA,NA,NA,NA,NA,NA,NA,NA,NA,NA
"FASMEE23","Button","Smoke","S9PI",20250221,"3/10/2025","Lampman","B8B","B8","A",33,0,0,0,NA,"","","F23F",2023-10-10,2023-10-09 18:45:00,2023-10-10 00:45:00,2,"Blue","PTFE",4,60,15,2023-10-10 00:45:00,2023-10-10 01:00:00,"","B8",30,0.03,1.25,1.25,0,0,0,0,NA,5.5384375,5.20875,0,0,0,-3.50655789731998,NA,0,0,0,0,NA,0,0,0,NA,8,1205.06665382693,1303.733104,3018.616525,226.646470588235,286,417.125,876.608941176471,1025.165,1821,12.078431372549,11.6666666666667,13.8888888888889,10.5555555555556,27.6117647058824,28,26,30,3.48006033349395,3.49058669865849,3.8025217445426,3.05727862595733,26588.54,25222.5,13803,1123.75,154.17,81.33,66054.875,67628,67854.375,68080.75,7.17298704669122,"Hazardous","High",NA,NA,NA,NA,NA,NA,NA,NA,NA,NA,NA,NA,NA,NA,NA,NA,NA,NA,NA,NA,NA,NA
"FASMEE23","Button","Smoke","S9PI",20250221,"3/10/2025","Lampman","B8B","B8","A",36,0,0,0,NA,"","","F23F",2023-10-10,2023-10-09 18:45:00,2023-10-10 00:45:00,2,"Blue","PTFE",4,60,15,2023-10-10 00:45:00,2023-10-10 01:00:00,"","B8",30,0.03,1.25,1.25,0,0,0,0,NA,5.5384375,5.20875,0,0,0,-3.50655789731998,NA,0,0,0,0,NA,0,0,0,NA,8,1205.06665382693,1303.733104,3018.616525,226.646470588235,286,417.125,876.608941176471,1025.165,1821,12.078431372549,11.6666666666667,13.8888888888889,10.5555555555556,27.6117647058824,28,26,30,3.48006033349395,3.49058669865849,3.8025217445426,3.05727862595733,26588.54,25222.5,13803,1123.75,154.17,81.33,66054.875,67628,67854.375,68080.75,7.17298704669122,"Hazardous","High",NA,NA,NA,NA,NA,NA,NA,NA,NA,NA,NA,NA,NA,NA,NA,NA,NA,NA,NA,NA,NA,NA
"FASMEE23","Button","Smoke","S9PI",20250221,"3/10/2025","Lampman","B8B","B8","A",40,0,2,2,NA,"","","F23F",2023-10-10,2023-10-09 18:45:00,2023-10-10 00:45:00,2,"Blue","PTFE",4,60,15,2023-10-10 00:45:00,2023-10-10 01:00:00,"","B8",30,0.03,1.25,1.25,0,2,0,2,0,5.5384375,5.20875,1.6703125,0,1.6703125,-3.50655789731998,0,481666.666666667,402266.927083333,402266.927083333,0,0,0,112691.498480903,112691.498480903,0,8,1205.06665382693,1303.733104,3018.616525,226.646470588235,286,417.125,876.608941176471,1025.165,1821,12.078431372549,11.6666666666667,13.8888888888889,10.5555555555556,27.6117647058824,28,26,30,3.48006033349395,3.49058669865849,3.8025217445426,3.05727862595733,26588.54,25222.5,13803,1123.75,154.17,81.33,66054.875,67628,67854.375,68080.75,7.17298704669122,"Hazardous","High",NA,NA,NA,NA,NA,NA,NA,NA,NA,NA,NA,NA,NA,NA,NA,NA,NA,NA,NA,NA,NA,NA
"FASMEE23","Button","Ambient","S9PI",20240505,"6/3/2025","Lampman","B1B","B1","A",4,0,0,0,NA,"","","F23A",2023-10-08,2023-10-08 14:48:00,2023-10-08 20:48:00,1,"Blue","PTFE",4,40,10,2023-10-08 20:48:00,2023-10-08 20:58:00,"","B1",20,0.02,2.225,2.225,0,0,0,0,NA,6.5134375,6.18375,0,0,0,-3.91202300542815,NA,0,0,0,0,NA,NA,NA,NA,NA,1,3.69313538461538,3.6812,3.8536,0,0,0,0.0166923076923077,0,0.375,19.8717948717949,19.4444444444444,21.1111111111111,18.3333333333333,23.8615384615385,24,22,26,4.82188619030089,4.73837584914535,5.14397613428947,4.37656394135745,98.21,69,0,0,0,0,170.21,170.21,170.21,170.21,1.30323878598256,"Good","None",NA,NA,NA,NA,NA,NA,NA,NA,NA,NA,NA,NA,NA,NA,NA,NA,NA,NA,NA,NA,NA,NA
"FASMEE23","Button","Ambient","S9PI",20240505,"6/3/2025","Lampman","B1B","B1","A",5,0,0,0,NA,"","","F23A",2023-10-08,2023-10-08 14:48:00,2023-10-08 20:48:00,1,"Blue","PTFE",4,40,10,2023-10-08 20:48:00,2023-10-08 20:58:00,"","B1",20,0.02,2.225,2.225,0,0,0,0,NA,6.5134375,6.18375,0,0,0,-3.91202300542815,NA,0,0,0,0,NA,NA,NA,NA,NA,1,3.69313538461538,3.6812,3.8536,0,0,0,0.0166923076923077,0,0.375,19.8717948717949,19.4444444444444,21.1111111111111,18.3333333333333,23.8615384615385,24,22,26,4.82188619030089,4.73837584914535,5.14397613428947,4.37656394135745,98.21,69,0,0,0,0,170.21,170.21,170.21,170.21,1.30323878598256,"Good","None",NA,NA,NA,NA,NA,NA,NA,NA,NA,NA,NA,NA,NA,NA,NA,NA,NA,NA,NA,NA,NA,NA
"FASMEE23","Button","Ambient","S9PI",20240505,"6/3/2025","Lampman","B1B","B1","A",6,0,2,2,NA,"","","F23A",2023-10-08,2023-10-08 14:48:00,2023-10-08 20:48:00,1,"Blue","PTFE",4,40,10,2023-10-08 20:48:00,2023-10-08 20:58:00,"","B1",20,0.02,2.225,2.225,0,2,0,2,0,6.5134375,6.18375,1.6703125,0,1.6703125,-3.91202300542815,0,722500,603400.390625,603400.390625,0,0,NA,NA,NA,NA,1,3.69313538461538,3.6812,3.8536,0,0,0,0.0166923076923077,0,0.375,19.8717948717949,19.4444444444444,21.1111111111111,18.3333333333333,23.8615384615385,24,22,26,4.82188619030089,4.73837584914535,5.14397613428947,4.37656394135745,98.21,69,0,0,0,0,170.21,170.21,170.21,170.21,1.30323878598256,"Good","None",NA,NA,NA,NA,NA,NA,NA,NA,NA,NA,NA,NA,NA,NA,NA,NA,NA,NA,NA,NA,NA,NA
"FASMEE23","Button","Ambient","S9PI",20240505,"6/3/2025","Lampman","B1B","B1","A",8,0,0,0,NA,"","","F23A",2023-10-08,2023-10-08 14:48:00,2023-10-08 20:48:00,1,"Blue","PTFE",4,40,10,2023-10-08 20:48:00,2023-10-08 20:58:00,"","B1",20,0.02,2.225,2.225,0,0,0,0,NA,6.5134375,6.18375,0,0,0,-3.91202300542815,NA,0,0,0,0,NA,NA,NA,NA,NA,1,3.69313538461538,3.6812,3.8536,0,0,0,0.0166923076923077,0,0.375,19.8717948717949,19.4444444444444,21.1111111111111,18.3333333333333,23.8615384615385,24,22,26,4.82188619030089,4.73837584914535,5.14397613428947,4.37656394135745,98.21,69,0,0,0,0,170.21,170.21,170.21,170.21,1.30323878598256,"Good","None",NA,NA,NA,NA,NA,NA,NA,NA,NA,NA,NA,NA,NA,NA,NA,NA,NA,NA,NA,NA,NA,NA
"FASMEE23","Button","Ambient","S9PI",20240505,"6/3/2025","Lampman","B1B","B1","A",9,0,0,0,NA,"","","F23A",2023-10-08,2023-10-08 14:48:00,2023-10-08 20:48:00,1,"Blue","PTFE",4,40,10,2023-10-08 20:48:00,2023-10-08 20:58:00,"","B1",20,0.02,2.225,2.225,0,0,0,0,NA,6.5134375,6.18375,0,0,0,-3.91202300542815,NA,0,0,0,0,NA,NA,NA,NA,NA,1,3.69313538461538,3.6812,3.8536,0,0,0,0.0166923076923077,0,0.375,19.8717948717949,19.4444444444444,21.1111111111111,18.3333333333333,23.8615384615385,24,22,26,4.82188619030089,4.73837584914535,5.14397613428947,4.37656394135745,98.21,69,0,0,0,0,170.21,170.21,170.21,170.21,1.30323878598256,"Good","None",NA,NA,NA,NA,NA,NA,NA,NA,NA,NA,NA,NA,NA,NA,NA,NA,NA,NA,NA,NA,NA,NA
"FASMEE23","Button","Ambient","S9PI",20240505,"6/3/2025","Lampman","B1B","B1","A",11,0,0,0,NA,"","","F23A",2023-10-08,2023-10-08 14:48:00,2023-10-08 20:48:00,1,"Blue","PTFE",4,40,10,2023-10-08 20:48:00,2023-10-08 20:58:00,"","B1",20,0.02,2.225,2.225,0,0,0,0,NA,6.5134375,6.18375,0,0,0,-3.91202300542815,NA,0,0,0,0,NA,NA,NA,NA,NA,1,3.69313538461538,3.6812,3.8536,0,0,0,0.0166923076923077,0,0.375,19.8717948717949,19.4444444444444,21.1111111111111,18.3333333333333,23.8615384615385,24,22,26,4.82188619030089,4.73837584914535,5.14397613428947,4.37656394135745,98.21,69,0,0,0,0,170.21,170.21,170.21,170.21,1.30323878598256,"Good","None",NA,NA,NA,NA,NA,NA,NA,NA,NA,NA,NA,NA,NA,NA,NA,NA,NA,NA,NA,NA,NA,NA
"FASMEE23","Button","Ambient","S9PI",20240505,"6/3/2025","Lampman","B1B","B1","A",12,0,0,0,NA,"","","F23A",2023-10-08,2023-10-08 14:48:00,2023-10-08 20:48:00,1,"Blue","PTFE",4,40,10,2023-10-08 20:48:00,2023-10-08 20:58:00,"","B1",20,0.02,2.225,2.225,0,0,0,0,NA,6.5134375,6.18375,0,0,0,-3.91202300542815,NA,0,0,0,0,NA,NA,NA,NA,NA,1,3.69313538461538,3.6812,3.8536,0,0,0,0.0166923076923077,0,0.375,19.8717948717949,19.4444444444444,21.1111111111111,18.3333333333333,23.8615384615385,24,22,26,4.82188619030089,4.73837584914535,5.14397613428947,4.37656394135745,98.21,69,0,0,0,0,170.21,170.21,170.21,170.21,1.30323878598256,"Good","None",NA,NA,NA,NA,NA,NA,NA,NA,NA,NA,NA,NA,NA,NA,NA,NA,NA,NA,NA,NA,NA,NA
"FASMEE23","Button","Ambient","S9PI",20240505,"6/3/2025","Lampman","B1B","B1","A",13,0,0,0,NA,"","","F23A",2023-10-08,2023-10-08 14:48:00,2023-10-08 20:48:00,1,"Blue","PTFE",4,40,10,2023-10-08 20:48:00,2023-10-08 20:58:00,"","B1",20,0.02,2.225,2.225,0,0,0,0,NA,6.5134375,6.18375,0,0,0,-3.91202300542815,NA,0,0,0,0,NA,NA,NA,NA,NA,1,3.69313538461538,3.6812,3.8536,0,0,0,0.0166923076923077,0,0.375,19.8717948717949,19.4444444444444,21.1111111111111,18.3333333333333,23.8615384615385,24,22,26,4.82188619030089,4.73837584914535,5.14397613428947,4.37656394135745,98.21,69,0,0,0,0,170.21,170.21,170.21,170.21,1.30323878598256,"Good","None",NA,NA,NA,NA,NA,NA,NA,NA,NA,NA,NA,NA,NA,NA,NA,NA,NA,NA,NA,NA,NA,NA
"FASMEE23","Button","Ambient","S9PI",20240505,"6/3/2025","Lampman","B1B","B1","A",14,0,0,0,NA,"","","F23A",2023-10-08,2023-10-08 14:48:00,2023-10-08 20:48:00,1,"Blue","PTFE",4,40,10,2023-10-08 20:48:00,2023-10-08 20:58:00,"","B1",20,0.02,2.225,2.225,0,0,0,0,NA,6.5134375,6.18375,0,0,0,-3.91202300542815,NA,0,0,0,0,NA,NA,NA,NA,NA,1,3.69313538461538,3.6812,3.8536,0,0,0,0.0166923076923077,0,0.375,19.8717948717949,19.4444444444444,21.1111111111111,18.3333333333333,23.8615384615385,24,22,26,4.82188619030089,4.73837584914535,5.14397613428947,4.37656394135745,98.21,69,0,0,0,0,170.21,170.21,170.21,170.21,1.30323878598256,"Good","None",NA,NA,NA,NA,NA,NA,NA,NA,NA,NA,NA,NA,NA,NA,NA,NA,NA,NA,NA,NA,NA,NA
"FASMEE23","Button","Ambient","S9PI",20240505,"6/3/2025","Lampman","B1B","B1","A",15,0,0,0,NA,"","","F23A",2023-10-08,2023-10-08 14:48:00,2023-10-08 20:48:00,1,"Blue","PTFE",4,40,10,2023-10-08 20:48:00,2023-10-08 20:58:00,"","B1",20,0.02,2.225,2.225,0,0,0,0,NA,6.5134375,6.18375,0,0,0,-3.91202300542815,NA,0,0,0,0,NA,NA,NA,NA,NA,1,3.69313538461538,3.6812,3.8536,0,0,0,0.0166923076923077,0,0.375,19.8717948717949,19.4444444444444,21.1111111111111,18.3333333333333,23.8615384615385,24,22,26,4.82188619030089,4.73837584914535,5.14397613428947,4.37656394135745,98.21,69,0,0,0,0,170.21,170.21,170.21,170.21,1.30323878598256,"Good","None",NA,NA,NA,NA,NA,NA,NA,NA,NA,NA,NA,NA,NA,NA,NA,NA,NA,NA,NA,NA,NA,NA
"FASMEE23","Button","Ambient","S9PI",20240505,"6/3/2025","Lampman","B1B","B1","A",16,0,0,0,NA,"","","F23A",2023-10-08,2023-10-08 14:48:00,2023-10-08 20:48:00,1,"Blue","PTFE",4,40,10,2023-10-08 20:48:00,2023-10-08 20:58:00,"","B1",20,0.02,2.225,2.225,0,0,0,0,NA,6.5134375,6.18375,0,0,0,-3.91202300542815,NA,0,0,0,0,NA,NA,NA,NA,NA,1,3.69313538461538,3.6812,3.8536,0,0,0,0.0166923076923077,0,0.375,19.8717948717949,19.4444444444444,21.1111111111111,18.3333333333333,23.8615384615385,24,22,26,4.82188619030089,4.73837584914535,5.14397613428947,4.37656394135745,98.21,69,0,0,0,0,170.21,170.21,170.21,170.21,1.30323878598256,"Good","None",NA,NA,NA,NA,NA,NA,NA,NA,NA,NA,NA,NA,NA,NA,NA,NA,NA,NA,NA,NA,NA,NA
"FASMEE23","Button","Ambient","S9PI",20240505,"6/3/2025","Lampman","B1B","B1","A",17,0,1,1,NA,"","","F23A",2023-10-08,2023-10-08 14:48:00,2023-10-08 20:48:00,1,"Blue","PTFE",4,40,10,2023-10-08 20:48:00,2023-10-08 20:58:00,"","B1",20,0.02,2.225,2.225,0,1,0,1,0,6.5134375,6.18375,0.6703125,0,0.6703125,-3.91202300542815,0,361250,242150.390625,242150.390625,0,0,NA,NA,NA,NA,1,3.69313538461538,3.6812,3.8536,0,0,0,0.0166923076923077,0,0.375,19.8717948717949,19.4444444444444,21.1111111111111,18.3333333333333,23.8615384615385,24,22,26,4.82188619030089,4.73837584914535,5.14397613428947,4.37656394135745,98.21,69,0,0,0,0,170.21,170.21,170.21,170.21,1.30323878598256,"Good","None",NA,NA,NA,NA,NA,NA,NA,NA,NA,NA,NA,NA,NA,NA,NA,NA,NA,NA,NA,NA,NA,NA
"FASMEE23","Button","Ambient","S9PI",20240505,"6/3/2025","Lampman","B1B","B1","A",18,0,0,0,NA,"","","F23A",2023-10-08,2023-10-08 14:48:00,2023-10-08 20:48:00,1,"Blue","PTFE",4,40,10,2023-10-08 20:48:00,2023-10-08 20:58:00,"","B1",20,0.02,2.225,2.225,0,0,0,0,NA,6.5134375,6.18375,0,0,0,-3.91202300542815,NA,0,0,0,0,NA,NA,NA,NA,NA,1,3.69313538461538,3.6812,3.8536,0,0,0,0.0166923076923077,0,0.375,19.8717948717949,19.4444444444444,21.1111111111111,18.3333333333333,23.8615384615385,24,22,26,4.82188619030089,4.73837584914535,5.14397613428947,4.37656394135745,98.21,69,0,0,0,0,170.21,170.21,170.21,170.21,1.30323878598256,"Good","None",NA,NA,NA,NA,NA,NA,NA,NA,NA,NA,NA,NA,NA,NA,NA,NA,NA,NA,NA,NA,NA,NA
"FASMEE23","Button","Ambient","S9PI",20240505,"6/3/2025","Lampman","B1B","B1","A",19,0,0,0,NA,"","","F23A",2023-10-08,2023-10-08 14:48:00,2023-10-08 20:48:00,1,"Blue","PTFE",4,40,10,2023-10-08 20:48:00,2023-10-08 20:58:00,"","B1",20,0.02,2.225,2.225,0,0,0,0,NA,6.5134375,6.18375,0,0,0,-3.91202300542815,NA,0,0,0,0,NA,NA,NA,NA,NA,1,3.69313538461538,3.6812,3.8536,0,0,0,0.0166923076923077,0,0.375,19.8717948717949,19.4444444444444,21.1111111111111,18.3333333333333,23.8615384615385,24,22,26,4.82188619030089,4.73837584914535,5.14397613428947,4.37656394135745,98.21,69,0,0,0,0,170.21,170.21,170.21,170.21,1.30323878598256,"Good","None",NA,NA,NA,NA,NA,NA,NA,NA,NA,NA,NA,NA,NA,NA,NA,NA,NA,NA,NA,NA,NA,NA
"FASMEE23","Button","Ambient","S9PI",20240505,"6/3/2025","Lampman","B1B","B1","A",20,0,0,0,NA,"","","F23A",2023-10-08,2023-10-08 14:48:00,2023-10-08 20:48:00,1,"Blue","PTFE",4,40,10,2023-10-08 20:48:00,2023-10-08 20:58:00,"","B1",20,0.02,2.225,2.225,0,0,0,0,NA,6.5134375,6.18375,0,0,0,-3.91202300542815,NA,0,0,0,0,NA,NA,NA,NA,NA,1,3.69313538461538,3.6812,3.8536,0,0,0,0.0166923076923077,0,0.375,19.8717948717949,19.4444444444444,21.1111111111111,18.3333333333333,23.8615384615385,24,22,26,4.82188619030089,4.73837584914535,5.14397613428947,4.37656394135745,98.21,69,0,0,0,0,170.21,170.21,170.21,170.21,1.30323878598256,"Good","None",NA,NA,NA,NA,NA,NA,NA,NA,NA,NA,NA,NA,NA,NA,NA,NA,NA,NA,NA,NA,NA,NA
"FASMEE23","Button","Ambient","S9PI",20240505,"6/3/2025","Lampman","B1B","B1","A",21,0,0,0,NA,"","","F23A",2023-10-08,2023-10-08 14:48:00,2023-10-08 20:48:00,1,"Blue","PTFE",4,40,10,2023-10-08 20:48:00,2023-10-08 20:58:00,"","B1",20,0.02,2.225,2.225,0,0,0,0,NA,6.5134375,6.18375,0,0,0,-3.91202300542815,NA,0,0,0,0,NA,NA,NA,NA,NA,1,3.69313538461538,3.6812,3.8536,0,0,0,0.0166923076923077,0,0.375,19.8717948717949,19.4444444444444,21.1111111111111,18.3333333333333,23.8615384615385,24,22,26,4.82188619030089,4.73837584914535,5.14397613428947,4.37656394135745,98.21,69,0,0,0,0,170.21,170.21,170.21,170.21,1.30323878598256,"Good","None",NA,NA,NA,NA,NA,NA,NA,NA,NA,NA,NA,NA,NA,NA,NA,NA,NA,NA,NA,NA,NA,NA
"FASMEE23","Button","Ambient","S9PI",20240505,"6/3/2025","Lampman","B1B","B1","A",22,0,0,0,NA,"","","F23A",2023-10-08,2023-10-08 14:48:00,2023-10-08 20:48:00,1,"Blue","PTFE",4,40,10,2023-10-08 20:48:00,2023-10-08 20:58:00,"","B1",20,0.02,2.225,2.225,0,0,0,0,NA,6.5134375,6.18375,0,0,0,-3.91202300542815,NA,0,0,0,0,NA,NA,NA,NA,NA,1,3.69313538461538,3.6812,3.8536,0,0,0,0.0166923076923077,0,0.375,19.8717948717949,19.4444444444444,21.1111111111111,18.3333333333333,23.8615384615385,24,22,26,4.82188619030089,4.73837584914535,5.14397613428947,4.37656394135745,98.21,69,0,0,0,0,170.21,170.21,170.21,170.21,1.30323878598256,"Good","None",NA,NA,NA,NA,NA,NA,NA,NA,NA,NA,NA,NA,NA,NA,NA,NA,NA,NA,NA,NA,NA,NA
"FASMEE23","Button","Ambient","S9PI",20240505,"6/3/2025","Lampman","B1B","B1","A",23,0,0,0,NA,"","","F23A",2023-10-08,2023-10-08 14:48:00,2023-10-08 20:48:00,1,"Blue","PTFE",4,40,10,2023-10-08 20:48:00,2023-10-08 20:58:00,"","B1",20,0.02,2.225,2.225,0,0,0,0,NA,6.5134375,6.18375,0,0,0,-3.91202300542815,NA,0,0,0,0,NA,NA,NA,NA,NA,1,3.69313538461538,3.6812,3.8536,0,0,0,0.0166923076923077,0,0.375,19.8717948717949,19.4444444444444,21.1111111111111,18.3333333333333,23.8615384615385,24,22,26,4.82188619030089,4.73837584914535,5.14397613428947,4.37656394135745,98.21,69,0,0,0,0,170.21,170.21,170.21,170.21,1.30323878598256,"Good","None",NA,NA,NA,NA,NA,NA,NA,NA,NA,NA,NA,NA,NA,NA,NA,NA,NA,NA,NA,NA,NA,NA
"FASMEE23","Button","Ambient","S9PI",20240505,"6/3/2025","Lampman","B1B","B1","A",24,0,0,0,NA,"","","F23A",2023-10-08,2023-10-08 14:48:00,2023-10-08 20:48:00,1,"Blue","PTFE",4,40,10,2023-10-08 20:48:00,2023-10-08 20:58:00,"","B1",20,0.02,2.225,2.225,0,0,0,0,NA,6.5134375,6.18375,0,0,0,-3.91202300542815,NA,0,0,0,0,NA,NA,NA,NA,NA,1,3.69313538461538,3.6812,3.8536,0,0,0,0.0166923076923077,0,0.375,19.8717948717949,19.4444444444444,21.1111111111111,18.3333333333333,23.8615384615385,24,22,26,4.82188619030089,4.73837584914535,5.14397613428947,4.37656394135745,98.21,69,0,0,0,0,170.21,170.21,170.21,170.21,1.30323878598256,"Good","None",NA,NA,NA,NA,NA,NA,NA,NA,NA,NA,NA,NA,NA,NA,NA,NA,NA,NA,NA,NA,NA,NA
"FASMEE23","Button","Ambient","S9PI",20240505,"6/3/2025","Lampman","B1B","B1","A",25,0,0,0,NA,"","","F23A",2023-10-08,2023-10-08 14:48:00,2023-10-08 20:48:00,1,"Blue","PTFE",4,40,10,2023-10-08 20:48:00,2023-10-08 20:58:00,"","B1",20,0.02,2.225,2.225,0,0,0,0,NA,6.5134375,6.18375,0,0,0,-3.91202300542815,NA,0,0,0,0,NA,NA,NA,NA,NA,1,3.69313538461538,3.6812,3.8536,0,0,0,0.0166923076923077,0,0.375,19.8717948717949,19.4444444444444,21.1111111111111,18.3333333333333,23.8615384615385,24,22,26,4.82188619030089,4.73837584914535,5.14397613428947,4.37656394135745,98.21,69,0,0,0,0,170.21,170.21,170.21,170.21,1.30323878598256,"Good","None",NA,NA,NA,NA,NA,NA,NA,NA,NA,NA,NA,NA,NA,NA,NA,NA,NA,NA,NA,NA,NA,NA
"FASMEE23","Button","Ambient","S9PI",20240505,"6/3/2025","Lampman","B1B","B1","A",26,0,0,0,NA,"","","F23A",2023-10-08,2023-10-08 14:48:00,2023-10-08 20:48:00,1,"Blue","PTFE",4,40,10,2023-10-08 20:48:00,2023-10-08 20:58:00,"","B1",20,0.02,2.225,2.225,0,0,0,0,NA,6.5134375,6.18375,0,0,0,-3.91202300542815,NA,0,0,0,0,NA,NA,NA,NA,NA,1,3.69313538461538,3.6812,3.8536,0,0,0,0.0166923076923077,0,0.375,19.8717948717949,19.4444444444444,21.1111111111111,18.3333333333333,23.8615384615385,24,22,26,4.82188619030089,4.73837584914535,5.14397613428947,4.37656394135745,98.21,69,0,0,0,0,170.21,170.21,170.21,170.21,1.30323878598256,"Good","None",NA,NA,NA,NA,NA,NA,NA,NA,NA,NA,NA,NA,NA,NA,NA,NA,NA,NA,NA,NA,NA,NA
"FASMEE23","Button","Ambient","S9PI",20240505,"6/3/2025","Lampman","B1B","B1","A",28,0,0,0,NA,"","","F23A",2023-10-08,2023-10-08 14:48:00,2023-10-08 20:48:00,1,"Blue","PTFE",4,40,10,2023-10-08 20:48:00,2023-10-08 20:58:00,"","B1",20,0.02,2.225,2.225,0,0,0,0,NA,6.5134375,6.18375,0,0,0,-3.91202300542815,NA,0,0,0,0,NA,NA,NA,NA,NA,1,3.69313538461538,3.6812,3.8536,0,0,0,0.0166923076923077,0,0.375,19.8717948717949,19.4444444444444,21.1111111111111,18.3333333333333,23.8615384615385,24,22,26,4.82188619030089,4.73837584914535,5.14397613428947,4.37656394135745,98.21,69,0,0,0,0,170.21,170.21,170.21,170.21,1.30323878598256,"Good","None",NA,NA,NA,NA,NA,NA,NA,NA,NA,NA,NA,NA,NA,NA,NA,NA,NA,NA,NA,NA,NA,NA
"FASMEE23","Button","Ambient","S9PI",20240505,"6/3/2025","Lampman","B1B","B1","A",29,0,4,4,NA,"","","F23A",2023-10-08,2023-10-08 14:48:00,2023-10-08 20:48:00,1,"Blue","PTFE",4,40,10,2023-10-08 20:48:00,2023-10-08 20:58:00,"","B1",20,0.02,2.225,2.225,0,4,0,4,0,6.5134375,6.18375,3.6703125,0,3.6703125,-3.91202300542815,0,1445000,1325900.390625,1325900.390625,0,0,NA,NA,NA,NA,1,3.69313538461538,3.6812,3.8536,0,0,0,0.0166923076923077,0,0.375,19.8717948717949,19.4444444444444,21.1111111111111,18.3333333333333,23.8615384615385,24,22,26,4.82188619030089,4.73837584914535,5.14397613428947,4.37656394135745,98.21,69,0,0,0,0,170.21,170.21,170.21,170.21,1.30323878598256,"Good","None",NA,NA,NA,NA,NA,NA,NA,NA,NA,NA,NA,NA,NA,NA,NA,NA,NA,NA,NA,NA,NA,NA
"FASMEE23","Button","Ambient","S9PI",20240505,"6/3/2025","Lampman","B1B","B1","A",30,0,0,0,NA,"","","F23A",2023-10-08,2023-10-08 14:48:00,2023-10-08 20:48:00,1,"Blue","PTFE",4,40,10,2023-10-08 20:48:00,2023-10-08 20:58:00,"","B1",20,0.02,2.225,2.225,0,0,0,0,NA,6.5134375,6.18375,0,0,0,-3.91202300542815,NA,0,0,0,0,NA,NA,NA,NA,NA,1,3.69313538461538,3.6812,3.8536,0,0,0,0.0166923076923077,0,0.375,19.8717948717949,19.4444444444444,21.1111111111111,18.3333333333333,23.8615384615385,24,22,26,4.82188619030089,4.73837584914535,5.14397613428947,4.37656394135745,98.21,69,0,0,0,0,170.21,170.21,170.21,170.21,1.30323878598256,"Good","None",NA,NA,NA,NA,NA,NA,NA,NA,NA,NA,NA,NA,NA,NA,NA,NA,NA,NA,NA,NA,NA,NA
"FASMEE23","Button","Ambient","S9PI",20240505,"6/3/2025","Lampman","B1B","B1","A",31,0,0,0,NA,"","","F23A",2023-10-08,2023-10-08 14:48:00,2023-10-08 20:48:00,1,"Blue","PTFE",4,40,10,2023-10-08 20:48:00,2023-10-08 20:58:00,"","B1",20,0.02,2.225,2.225,0,0,0,0,NA,6.5134375,6.18375,0,0,0,-3.91202300542815,NA,0,0,0,0,NA,NA,NA,NA,NA,1,3.69313538461538,3.6812,3.8536,0,0,0,0.0166923076923077,0,0.375,19.8717948717949,19.4444444444444,21.1111111111111,18.3333333333333,23.8615384615385,24,22,26,4.82188619030089,4.73837584914535,5.14397613428947,4.37656394135745,98.21,69,0,0,0,0,170.21,170.21,170.21,170.21,1.30323878598256,"Good","None",NA,NA,NA,NA,NA,NA,NA,NA,NA,NA,NA,NA,NA,NA,NA,NA,NA,NA,NA,NA,NA,NA
"FASMEE23","Button","Ambient","S9PI",20240505,"6/3/2025","Lampman","B1B","B1","A",32,0,0,0,NA,"","","F23A",2023-10-08,2023-10-08 14:48:00,2023-10-08 20:48:00,1,"Blue","PTFE",4,40,10,2023-10-08 20:48:00,2023-10-08 20:58:00,"","B1",20,0.02,2.225,2.225,0,0,0,0,NA,6.5134375,6.18375,0,0,0,-3.91202300542815,NA,0,0,0,0,NA,NA,NA,NA,NA,1,3.69313538461538,3.6812,3.8536,0,0,0,0.0166923076923077,0,0.375,19.8717948717949,19.4444444444444,21.1111111111111,18.3333333333333,23.8615384615385,24,22,26,4.82188619030089,4.73837584914535,5.14397613428947,4.37656394135745,98.21,69,0,0,0,0,170.21,170.21,170.21,170.21,1.30323878598256,"Good","None",NA,NA,NA,NA,NA,NA,NA,NA,NA,NA,NA,NA,NA,NA,NA,NA,NA,NA,NA,NA,NA,NA
"FASMEE23","Button","Ambient","S9PI",20240505,"6/3/2025","Lampman","B1B","B1","A",33,0,0,0,NA,"","","F23A",2023-10-08,2023-10-08 14:48:00,2023-10-08 20:48:00,1,"Blue","PTFE",4,40,10,2023-10-08 20:48:00,2023-10-08 20:58:00,"","B1",20,0.02,2.225,2.225,0,0,0,0,NA,6.5134375,6.18375,0,0,0,-3.91202300542815,NA,0,0,0,0,NA,NA,NA,NA,NA,1,3.69313538461538,3.6812,3.8536,0,0,0,0.0166923076923077,0,0.375,19.8717948717949,19.4444444444444,21.1111111111111,18.3333333333333,23.8615384615385,24,22,26,4.82188619030089,4.73837584914535,5.14397613428947,4.37656394135745,98.21,69,0,0,0,0,170.21,170.21,170.21,170.21,1.30323878598256,"Good","None",NA,NA,NA,NA,NA,NA,NA,NA,NA,NA,NA,NA,NA,NA,NA,NA,NA,NA,NA,NA,NA,NA
"FASMEE23","Button","Ambient","S9PI",20240505,"6/3/2025","Lampman","B1B","B1","A",36,0,1,1,NA,"","","F23A",2023-10-08,2023-10-08 14:48:00,2023-10-08 20:48:00,1,"Blue","PTFE",4,40,10,2023-10-08 20:48:00,2023-10-08 20:58:00,"","B1",20,0.02,2.225,2.225,0,1,0,1,0,6.5134375,6.18375,0.6703125,0,0.6703125,-3.91202300542815,0,361250,242150.390625,242150.390625,0,0,NA,NA,NA,NA,1,3.69313538461538,3.6812,3.8536,0,0,0,0.0166923076923077,0,0.375,19.8717948717949,19.4444444444444,21.1111111111111,18.3333333333333,23.8615384615385,24,22,26,4.82188619030089,4.73837584914535,5.14397613428947,4.37656394135745,98.21,69,0,0,0,0,170.21,170.21,170.21,170.21,1.30323878598256,"Good","None",NA,NA,NA,NA,NA,NA,NA,NA,NA,NA,NA,NA,NA,NA,NA,NA,NA,NA,NA,NA,NA,NA
"FASMEE23","Button","Ambient","S9PI",20240505,"6/3/2025","Lampman","B1B","B1","A",39,0,4,4,NA,"","","F23A",2023-10-08,2023-10-08 14:48:00,2023-10-08 20:48:00,1,"Blue","PTFE",4,40,10,2023-10-08 20:48:00,2023-10-08 20:58:00,"","B1",20,0.02,2.225,2.225,0,4,0,4,0,6.5134375,6.18375,3.6703125,0,3.6703125,-3.91202300542815,0,1445000,1325900.390625,1325900.390625,0,0,NA,NA,NA,NA,1,3.69313538461538,3.6812,3.8536,0,0,0,0.0166923076923077,0,0.375,19.8717948717949,19.4444444444444,21.1111111111111,18.3333333333333,23.8615384615385,24,22,26,4.82188619030089,4.73837584914535,5.14397613428947,4.37656394135745,98.21,69,0,0,0,0,170.21,170.21,170.21,170.21,1.30323878598256,"Good","None",NA,NA,NA,NA,NA,NA,NA,NA,NA,NA,NA,NA,NA,NA,NA,NA,NA,NA,NA,NA,NA,NA
"FASMEE23","Button","Smoke","S9PI",20240912,"11/12/2024","Lampman","B12B","B12","A",11,1,8,9,0,"","","F23B",2023-10-11,2023-10-10 19:29:00,2023-10-11 01:29:00,3,"Blue","PTFE",4,60,15,2023-10-11 01:29:00,2023-10-11 01:44:00,"Partial smoke at best","B12",30,0.03,1.675,1.5,0.175,7.825,0,7.825,0,5.9634375,5.45875,7.4953125,0,7.4953125,-3.50655789731998,0.111111111111111,2167500,1805121.09375,1805121.09375,0,0,0,1515545.66514757,1515545.66514757,0,12,97.2710784691779,70.63031,343.96187725,71.5695081967213,55.375,217.25,119.030737704918,94.21,369.875,9.51730418943534,9.44444444444444,10.5555555555556,8.88888888888889,30.2622950819672,30,30,32,3.22274350561617,3.20067977403102,3.59115262850359,3.05362161156916,5352.375,4262.04,915.835,8.29,0,0,10439.125,10456.375,10456.375,10456.375,4.257459372481,"Moderate/Unhealthy","Low",12.4836759454948,13.1564633792446,42.6384496071778,2.83267731716567,22.6222156083308,43.3128495814939,1.66076798489259,2.36439821080882,3.08124897580882,0.948198027037845,0.934616975798477,12.580490102955,25.1609802059101,0.02516098020591,2.516098020591e-05,2.516098020591e-08,60233967545969.6,0,60233967545.9696,0,60233.9675459696,0
"FASMEE23","Button","Smoke","S9PI",20240912,"11/12/2024","Lampman","B12B","B12","A",34,1,0,1,0,"","","F23B",2023-10-11,2023-10-10 19:29:00,2023-10-11 01:29:00,3,"Blue","PTFE",4,60,15,2023-10-11 01:29:00,2023-10-11 01:44:00,"Partial smoke at best","B12",30,0.03,1.675,1.5,0.175,0,0,0,NA,5.9634375,5.45875,0,0,0,-3.50655789731998,1,240833.333333333,0,0,0,NA,0,0,0,NA,12,97.2710784691779,70.63031,343.96187725,71.5695081967213,55.375,217.25,119.030737704918,94.21,369.875,9.51730418943534,9.44444444444444,10.5555555555556,8.88888888888889,30.2622950819672,30,30,32,3.22274350561617,3.20067977403102,3.59115262850359,3.05362161156916,5352.375,4262.04,915.835,8.29,0,0,10439.125,10456.375,10456.375,10456.375,4.257459372481,"Moderate/Unhealthy","Low",12.4836759454948,13.1564633792446,42.6384496071778,2.83267731716567,22.6222156083308,43.3128495814939,1.66076798489259,2.36439821080882,3.08124897580882,0.948198027037845,0.934616975798477,12.580490102955,25.1609802059101,0.02516098020591,2.516098020591e-05,2.516098020591e-08,0,0,0,0,0,0
"FASMEE23","Button","Smoke","S9PI",20240912,"11/12/2024","Lampman","B12B","B12","A",38,1,5,6,0,"","","F23B",2023-10-11,2023-10-10 19:29:00,2023-10-11 01:29:00,3,"Blue","PTFE",4,60,15,2023-10-11 01:29:00,2023-10-11 01:44:00,"Partial smoke at best","B12",30,0.03,1.675,1.5,0.175,4.825,0,4.825,0,5.9634375,5.45875,4.4953125,0,4.4953125,-3.50655789731998,0.166666666666667,1445000,1082621.09375,1082621.09375,0,0,0,793045.665147569,793045.665147569,0,12,97.2710784691779,70.63031,343.96187725,71.5695081967213,55.375,217.25,119.030737704918,94.21,369.875,9.51730418943534,9.44444444444444,10.5555555555556,8.88888888888889,30.2622950819672,30,30,32,3.22274350561617,3.20067977403102,3.59115262850359,3.05362161156916,5352.375,4262.04,915.835,8.29,0,0,10439.125,10456.375,10456.375,10456.375,4.257459372481,"Moderate/Unhealthy","Low",12.4836759454948,13.1564633792446,42.6384496071778,2.83267731716567,22.6222156083308,43.3128495814939,1.66076798489259,2.36439821080882,3.08124897580882,0.948198027037845,0.934616975798477,12.580490102955,25.1609802059101,0.02516098020591,2.516098020591e-05,2.516098020591e-08,31518870038349.8,0,31518870038.3498,0,31518.8700383498,0
"FASMEE23","Button","Smoke","S9PI",20240926,"11/14/2024","Lampman","B11B","B11","A",4,1,0,1,NA,"","","F23B",2023-10-11,2023-10-10 18:53:00,2023-10-11 00:53:00,3,"Blue","PTFE",4,52.28,13.07,2023-10-11 00:53:00,2023-10-11 01:06:04,"Arms loose on ATAT-RTH with time remaining on leland (1:56min)","B11",26.14,0.02614,1.675,1.5,0.175,0,0,0,NA,5.9634375,5.45875,0,0,0,-3.64428857078606,1,276396.327467483,0,0,0,NA,0,0,0,NA,11,126.519445912158,109.433425,372.7538288125,95.9646621621622,85.5425,240.415,159.535135135135,142.02,385.5,9.42192192192192,9.44444444444444,10,7.22222222222222,30.3108108108108,30,30,31,3.19763860610841,3.20003153837661,3.34652644641426,2.69939809952541,7999.75,6403.1875,1424.23,38.7925,0,0,15778.3125,15811,15812.25,15813.5,4.69531637348758,"Moderate/Unhealthy","Low",5.03917002239612,3.45635072732919,16.9430562803866,0.334627603826129,8.98035194956724,9.22013137699785,0.812405426978007,0.278427065808824,2.83584060580882,0.912070919480452,0.931800219280138,5.14133045415266,10.2826609083053,0.0102826609083053,1.02826609083053e-05,1.02826609083053e-08,0,0,0,0,0,0
"FASMEE23","Button","Smoke","S9PI",20240926,"11/14/2024","Lampman","B11B","B11","A",5,1,0,1,NA,"","","F23B",2023-10-11,2023-10-10 18:53:00,2023-10-11 00:53:00,3,"Blue","PTFE",4,52.28,13.07,2023-10-11 00:53:00,2023-10-11 01:06:04,"Arms loose on ATAT-RTH with time remaining on leland (1:56min)","B11",26.14,0.02614,1.675,1.5,0.175,0,0,0,NA,5.9634375,5.45875,0,0,0,-3.64428857078606,1,276396.327467483,0,0,0,NA,0,0,0,NA,11,126.519445912158,109.433425,372.7538288125,95.9646621621622,85.5425,240.415,159.535135135135,142.02,385.5,9.42192192192192,9.44444444444444,10,7.22222222222222,30.3108108108108,30,30,31,3.19763860610841,3.20003153837661,3.34652644641426,2.69939809952541,7999.75,6403.1875,1424.23,38.7925,0,0,15778.3125,15811,15812.25,15813.5,4.69531637348758,"Moderate/Unhealthy","Low",5.03917002239612,3.45635072732919,16.9430562803866,0.334627603826129,8.98035194956724,9.22013137699785,0.812405426978007,0.278427065808824,2.83584060580882,0.912070919480452,0.931800219280138,5.14133045415266,10.2826609083053,0.0102826609083053,1.02826609083053e-05,1.02826609083053e-08,0,0,0,0,0,0
"FASMEE23","Button","Smoke","S9PI",20240926,"11/14/2024","Lampman","B11B","B11","A",12,1,0,1,NA,"","","F23B",2023-10-11,2023-10-10 18:53:00,2023-10-11 00:53:00,3,"Blue","PTFE",4,52.28,13.07,2023-10-11 00:53:00,2023-10-11 01:06:04,"Arms loose on ATAT-RTH with time remaining on leland (1:56min)","B11",26.14,0.02614,1.675,1.5,0.175,0,0,0,NA,5.9634375,5.45875,0,0,0,-3.64428857078606,1,276396.327467483,0,0,0,NA,0,0,0,NA,11,126.519445912158,109.433425,372.7538288125,95.9646621621622,85.5425,240.415,159.535135135135,142.02,385.5,9.42192192192192,9.44444444444444,10,7.22222222222222,30.3108108108108,30,30,31,3.19763860610841,3.20003153837661,3.34652644641426,2.69939809952541,7999.75,6403.1875,1424.23,38.7925,0,0,15778.3125,15811,15812.25,15813.5,4.69531637348758,"Moderate/Unhealthy","Low",5.03917002239612,3.45635072732919,16.9430562803866,0.334627603826129,8.98035194956724,9.22013137699785,0.812405426978007,0.278427065808824,2.83584060580882,0.912070919480452,0.931800219280138,5.14133045415266,10.2826609083053,0.0102826609083053,1.02826609083053e-05,1.02826609083053e-08,0,0,0,0,0,0
"FASMEE23","Button","Smoke","S9PI",20240926,"11/14/2024","Lampman","B11B","B11","A",16,1,0,1,NA,"","","F23B",2023-10-11,2023-10-10 18:53:00,2023-10-11 00:53:00,3,"Blue","PTFE",4,52.28,13.07,2023-10-11 00:53:00,2023-10-11 01:06:04,"Arms loose on ATAT-RTH with time remaining on leland (1:56min)","B11",26.14,0.02614,1.675,1.5,0.175,0,0,0,NA,5.9634375,5.45875,0,0,0,-3.64428857078606,1,276396.327467483,0,0,0,NA,0,0,0,NA,11,126.519445912158,109.433425,372.7538288125,95.9646621621622,85.5425,240.415,159.535135135135,142.02,385.5,9.42192192192192,9.44444444444444,10,7.22222222222222,30.3108108108108,30,30,31,3.19763860610841,3.20003153837661,3.34652644641426,2.69939809952541,7999.75,6403.1875,1424.23,38.7925,0,0,15778.3125,15811,15812.25,15813.5,4.69531637348758,"Moderate/Unhealthy","Low",5.03917002239612,3.45635072732919,16.9430562803866,0.334627603826129,8.98035194956724,9.22013137699785,0.812405426978007,0.278427065808824,2.83584060580882,0.912070919480452,0.931800219280138,5.14133045415266,10.2826609083053,0.0102826609083053,1.02826609083053e-05,1.02826609083053e-08,0,0,0,0,0,0
"FASMEE23","Button","Smoke","S9PI",20240926,"11/14/2024","Lampman","B11B","B11","A",19,1,1,2,NA,"","","F23B",2023-10-11,2023-10-10 18:53:00,2023-10-11 00:53:00,3,"Blue","PTFE",4,52.28,13.07,2023-10-11 00:53:00,2023-10-11 01:06:04,"Arms loose on ATAT-RTH with time remaining on leland (1:56min)","B11",26.14,0.02614,1.675,1.5,0.175,0.825,0,0.825,0,5.9634375,5.45875,0.4953125,0,0.4953125,-3.64428857078606,0.5,552792.654934966,136902.555948738,136902.555948738,0,0,0,0,0,NA,11,126.519445912158,109.433425,372.7538288125,95.9646621621622,85.5425,240.415,159.535135135135,142.02,385.5,9.42192192192192,9.44444444444444,10,7.22222222222222,30.3108108108108,30,30,31,3.19763860610841,3.20003153837661,3.34652644641426,2.69939809952541,7999.75,6403.1875,1424.23,38.7925,0,0,15778.3125,15811,15812.25,15813.5,4.69531637348758,"Moderate/Unhealthy","Low",5.03917002239612,3.45635072732919,16.9430562803866,0.334627603826129,8.98035194956724,9.22013137699785,0.812405426978007,0.278427065808824,2.83584060580882,0.912070919480452,0.931800219280138,5.14133045415266,10.2826609083053,0.0102826609083053,1.02826609083053e-05,1.02826609083053e-08,0,0,0,0,0,0
"FASMEE23","Button","Smoke","S9PI",20240926,"11/14/2024","Lampman","B11B","B11","A",29,1,1,2,NA,"","","F23B",2023-10-11,2023-10-10 18:53:00,2023-10-11 00:53:00,3,"Blue","PTFE",4,52.28,13.07,2023-10-11 00:53:00,2023-10-11 01:06:04,"Arms loose on ATAT-RTH with time remaining on leland (1:56min)","B11",26.14,0.02614,1.675,1.5,0.175,0.825,0,0.825,0,5.9634375,5.45875,0.4953125,0,0.4953125,-3.64428857078606,0.5,552792.654934966,136902.555948738,136902.555948738,0,0,0,0,0,NA,11,126.519445912158,109.433425,372.7538288125,95.9646621621622,85.5425,240.415,159.535135135135,142.02,385.5,9.42192192192192,9.44444444444444,10,7.22222222222222,30.3108108108108,30,30,31,3.19763860610841,3.20003153837661,3.34652644641426,2.69939809952541,7999.75,6403.1875,1424.23,38.7925,0,0,15778.3125,15811,15812.25,15813.5,4.69531637348758,"Moderate/Unhealthy","Low",5.03917002239612,3.45635072732919,16.9430562803866,0.334627603826129,8.98035194956724,9.22013137699785,0.812405426978007,0.278427065808824,2.83584060580882,0.912070919480452,0.931800219280138,5.14133045415266,10.2826609083053,0.0102826609083053,1.02826609083053e-05,1.02826609083053e-08,0,0,0,0,0,0
"FASMEE23","Button","Smoke","S9PI",20240926,"11/14/2024","Lampman","B11B","B11","A",34,1,0,1,NA,"","","F23B",2023-10-11,2023-10-10 18:53:00,2023-10-11 00:53:00,3,"Blue","PTFE",4,52.28,13.07,2023-10-11 00:53:00,2023-10-11 01:06:04,"Arms loose on ATAT-RTH with time remaining on leland (1:56min)","B11",26.14,0.02614,1.675,1.5,0.175,0,0,0,NA,5.9634375,5.45875,0,0,0,-3.64428857078606,1,276396.327467483,0,0,0,NA,0,0,0,NA,11,126.519445912158,109.433425,372.7538288125,95.9646621621622,85.5425,240.415,159.535135135135,142.02,385.5,9.42192192192192,9.44444444444444,10,7.22222222222222,30.3108108108108,30,30,31,3.19763860610841,3.20003153837661,3.34652644641426,2.69939809952541,7999.75,6403.1875,1424.23,38.7925,0,0,15778.3125,15811,15812.25,15813.5,4.69531637348758,"Moderate/Unhealthy","Low",5.03917002239612,3.45635072732919,16.9430562803866,0.334627603826129,8.98035194956724,9.22013137699785,0.812405426978007,0.278427065808824,2.83584060580882,0.912070919480452,0.931800219280138,5.14133045415266,10.2826609083053,0.0102826609083053,1.02826609083053e-05,1.02826609083053e-08,0,0,0,0,0,0
"FASMEE23","Button","Smoke","S9PI",20240926,"11/14/2024","Lampman","B11B","B11","A",35,1,0,1,NA,"","","F23B",2023-10-11,2023-10-10 18:53:00,2023-10-11 00:53:00,3,"Blue","PTFE",4,52.28,13.07,2023-10-11 00:53:00,2023-10-11 01:06:04,"Arms loose on ATAT-RTH with time remaining on leland (1:56min)","B11",26.14,0.02614,1.675,1.5,0.175,0,0,0,NA,5.9634375,5.45875,0,0,0,-3.64428857078606,1,276396.327467483,0,0,0,NA,0,0,0,NA,11,126.519445912158,109.433425,372.7538288125,95.9646621621622,85.5425,240.415,159.535135135135,142.02,385.5,9.42192192192192,9.44444444444444,10,7.22222222222222,30.3108108108108,30,30,31,3.19763860610841,3.20003153837661,3.34652644641426,2.69939809952541,7999.75,6403.1875,1424.23,38.7925,0,0,15778.3125,15811,15812.25,15813.5,4.69531637348758,"Moderate/Unhealthy","Low",5.03917002239612,3.45635072732919,16.9430562803866,0.334627603826129,8.98035194956724,9.22013137699785,0.812405426978007,0.278427065808824,2.83584060580882,0.912070919480452,0.931800219280138,5.14133045415266,10.2826609083053,0.0102826609083053,1.02826609083053e-05,1.02826609083053e-08,0,0,0,0,0,0
"FASMEE23","Button","Smoke","S9PI",20240505,"11/15/2024","Lampman","B5B","B5","A",1,1,4,5,0,"","","F23A",2023-10-09,2023-10-09 14:54:00,2023-10-09 20:54:00,2,"Blue","PTFE",4,60,15,2023-10-09 20:54:00,2023-10-09 21:09:00,"Tons of smoke, probably best sample","B5",30,0.03,2.225,2.225,0,4,0,4,0,6.5134375,6.18375,3.6703125,0,3.6703125,-3.50655789731998,0.2,1204166.66666667,883933.59375,883933.59375,0,0,0,594358.165147569,594358.165147569,0,5,3103.14515205286,2932.4884253125,7815.8196078125,194.019761904762,217.1475,367.875,1917.98297619048,1852.75,4665.25,15.1785714285714,15.5555555555556,17.2222222222222,11.6666666666667,22.452380952381,22,21,26,3.5190117864711,3.52343484519426,4.17015860168985,2.80102987605014,33028.605,32110.7275,23311.6875,3647.1875,680.895,359.75,87614.52,93144.745,94353.6625,95216.85,7.98360663348233,"Hazardous","High",322.174432012725,291.175399446569,1054.07936790501,105.517683963091,582.755660846674,886.417688767653,70.6668673551349,92.0002656892252,119.499623739225,0.848064293202289,0.865044227490499,331.606761535804,663.213523071608,0.663213523071608,0.000663213523071608,6.63213523071608e-07,896179200922.891,0,896179200.922891,0,896.179200922891,0
"FASMEE23","Button","Ambient","S9PI",20241117,"12/17/2024","Lampman","B2B","B2","A",3,1,4,5,NA,"","","F23B",2023-10-08,2023-10-08 15:41:00,2023-10-08 21:41:00,1,"Blue","PTFE",4,40,10,2023-10-08 21:41:00,2023-10-08 21:51:00,"","B2",20,0.02,1.675,1.5,0.175,3.825,0,3.825,0,5.9634375,5.45875,3.4953125,0,3.4953125,-3.91202300542815,0.2,1806250,1262681.640625,1262681.640625,0,0,NA,NA,NA,NA,2,3.60333222222222,3.5088,4.643,0.0863888888888889,0,1,0.325648148148148,0,2,14.3103448275862,14.1666666666667,15.5555555555556,12.7777777777778,26.5862068965517,26,25,30,3.80315690124411,3.870117245036,4.03730877881372,3.5555960775929,392.8125,126.0625,0,0,0,0,521.5625,521.5625,521.5625,521.5625,1.25527409868149,"Good","None",NA,NA,NA,NA,NA,NA,NA,NA,NA,NA,NA,NA,NA,NA,NA,NA,NA,NA,NA,NA,NA,NA
"FASMEE23","Button","Ambient","S9PI",20241117,"12/17/2024","Lampman","B2B","B2","A",4,1,1,2,NA,"","","F23B",2023-10-08,2023-10-08 15:41:00,2023-10-08 21:41:00,1,"Blue","PTFE",4,40,10,2023-10-08 21:41:00,2023-10-08 21:51:00,"","B2",20,0.02,1.675,1.5,0.175,0.825,0,0.825,0,5.9634375,5.45875,0.4953125,0,0.4953125,-3.91202300542815,0.5,722500,178931.640625,178931.640625,0,0,NA,NA,NA,NA,2,3.60333222222222,3.5088,4.643,0.0863888888888889,0,1,0.325648148148148,0,2,14.3103448275862,14.1666666666667,15.5555555555556,12.7777777777778,26.5862068965517,26,25,30,3.80315690124411,3.870117245036,4.03730877881372,3.5555960775929,392.8125,126.0625,0,0,0,0,521.5625,521.5625,521.5625,521.5625,1.25527409868149,"Good","None",NA,NA,NA,NA,NA,NA,NA,NA,NA,NA,NA,NA,NA,NA,NA,NA,NA,NA,NA,NA,NA,NA
"FASMEE23","Button","Ambient","S9PI",20241117,"12/17/2024","Lampman","B2B","B2","A",5,1,0,1,NA,"","","F23B",2023-10-08,2023-10-08 15:41:00,2023-10-08 21:41:00,1,"Blue","PTFE",4,40,10,2023-10-08 21:41:00,2023-10-08 21:51:00,"","B2",20,0.02,1.675,1.5,0.175,0,0,0,NA,5.9634375,5.45875,0,0,0,-3.91202300542815,1,361250,0,0,0,NA,NA,NA,NA,NA,2,3.60333222222222,3.5088,4.643,0.0863888888888889,0,1,0.325648148148148,0,2,14.3103448275862,14.1666666666667,15.5555555555556,12.7777777777778,26.5862068965517,26,25,30,3.80315690124411,3.870117245036,4.03730877881372,3.5555960775929,392.8125,126.0625,0,0,0,0,521.5625,521.5625,521.5625,521.5625,1.25527409868149,"Good","None",NA,NA,NA,NA,NA,NA,NA,NA,NA,NA,NA,NA,NA,NA,NA,NA,NA,NA,NA,NA,NA,NA
"FASMEE23","Button","Ambient","S9PI",20241117,"12/17/2024","Lampman","B2B","B2","A",24,1,0,1,NA,"","","F23B",2023-10-08,2023-10-08 15:41:00,2023-10-08 21:41:00,1,"Blue","PTFE",4,40,10,2023-10-08 21:41:00,2023-10-08 21:51:00,"","B2",20,0.02,1.675,1.5,0.175,0,0,0,NA,5.9634375,5.45875,0,0,0,-3.91202300542815,1,361250,0,0,0,NA,NA,NA,NA,NA,2,3.60333222222222,3.5088,4.643,0.0863888888888889,0,1,0.325648148148148,0,2,14.3103448275862,14.1666666666667,15.5555555555556,12.7777777777778,26.5862068965517,26,25,30,3.80315690124411,3.870117245036,4.03730877881372,3.5555960775929,392.8125,126.0625,0,0,0,0,521.5625,521.5625,521.5625,521.5625,1.25527409868149,"Good","None",NA,NA,NA,NA,NA,NA,NA,NA,NA,NA,NA,NA,NA,NA,NA,NA,NA,NA,NA,NA,NA,NA
"FASMEE23","Button","Ambient","S9PI",20241117,"12/17/2024","Lampman","B2B","B2","A",33,1,0,1,NA,"","","F23B",2023-10-08,2023-10-08 15:41:00,2023-10-08 21:41:00,1,"Blue","PTFE",4,40,10,2023-10-08 21:41:00,2023-10-08 21:51:00,"","B2",20,0.02,1.675,1.5,0.175,0,0,0,NA,5.9634375,5.45875,0,0,0,-3.91202300542815,1,361250,0,0,0,NA,NA,NA,NA,NA,2,3.60333222222222,3.5088,4.643,0.0863888888888889,0,1,0.325648148148148,0,2,14.3103448275862,14.1666666666667,15.5555555555556,12.7777777777778,26.5862068965517,26,25,30,3.80315690124411,3.870117245036,4.03730877881372,3.5555960775929,392.8125,126.0625,0,0,0,0,521.5625,521.5625,521.5625,521.5625,1.25527409868149,"Good","None",NA,NA,NA,NA,NA,NA,NA,NA,NA,NA,NA,NA,NA,NA,NA,NA,NA,NA,NA,NA,NA,NA
"FASMEE23","Button","Ambient","S9PI",20241217,"12/19/2024","Lampman","B3B","B3","A",25,1,0,1,NA,"","","F23D",2023-10-09,2023-10-09 12:17:00,2023-10-09 18:17:00,2,"Blue","PTFE",4,40,10,2023-10-09 18:17:00,2023-10-09 18:27:00,"","B3",20,0.02,1.2125,1.1125,0.1,0,0,0,NA,5.5009375,5.07125,0,0,0,-3.91202300542815,1,361250,0,0,0,NA,NA,NA,NA,NA,3,3.73360545454545,3.7674,4.8602,0.0431818181818182,0,2.25,0.0431818181818182,0,2.25,14.1910331384016,13.8888888888889,16.1111111111111,11.6666666666667,23.6842105263158,23,21,26,3.35815549149463,3.54856909262987,4.02892321604069,2.75476213820575,46.75,16.5,0,0,0,0,72,72,72,72,1.32638510836598,"Good","None",NA,NA,NA,NA,NA,NA,NA,NA,NA,NA,NA,NA,NA,NA,NA,NA,NA,NA,NA,NA,NA,NA
"FASMEE23","Button","Ambient","S9PI",20241217,"12/19/2024","Lampman","B3B","B3","A",28,1,0,1,NA,"","","F23D",2023-10-09,2023-10-09 12:17:00,2023-10-09 18:17:00,2,"Blue","PTFE",4,40,10,2023-10-09 18:17:00,2023-10-09 18:27:00,"","B3",20,0.02,1.2125,1.1125,0.1,0,0,0,NA,5.5009375,5.07125,0,0,0,-3.91202300542815,1,361250,0,0,0,NA,NA,NA,NA,NA,3,3.73360545454545,3.7674,4.8602,0.0431818181818182,0,2.25,0.0431818181818182,0,2.25,14.1910331384016,13.8888888888889,16.1111111111111,11.6666666666667,23.6842105263158,23,21,26,3.35815549149463,3.54856909262987,4.02892321604069,2.75476213820575,46.75,16.5,0,0,0,0,72,72,72,72,1.32638510836598,"Good","None",NA,NA,NA,NA,NA,NA,NA,NA,NA,NA,NA,NA,NA,NA,NA,NA,NA,NA,NA,NA,NA,NA
"FASMEE23","Button","Ambient","S9PI",20241217,"12/19/2024","Lampman","R1B","R1","A",18,1,0,1,NA,"","","F23D",2023-10-08,2023-10-08 13:09:00,2023-10-08 19:09:00,1,"Red","PTFE",4,40,10,2023-10-08 19:09:00,2023-10-08 19:19:00,"","R1",20,0.02,1.2125,1.1125,0.1,0,0,0,NA,5.5009375,5.07125,0,0,0,-3.91202300542815,1,361250,0,0,0,NA,NA,NA,NA,NA,NA,NA,NA,NA,NA,NA,NA,NA,NA,NA,NA,NA,NA,NA,NA,NA,NA,NA,NA,NA,NA,NA,NA,NA,NA,NA,NA,NA,NA,NA,NA,NA,NA,NA,NA,NA,NA,NA,NA,NA,NA,NA,NA,NA,NA,NA,NA,NA,NA,NA,NA,NA,NA,NA,NA,NA,NA
"FASMEE23","Button","Ambient","S9PI",20241217,"12/19/2024","Lampman","R1B","R1","A",21,1,0,1,NA,"","","F23D",2023-10-08,2023-10-08 13:09:00,2023-10-08 19:09:00,1,"Red","PTFE",4,40,10,2023-10-08 19:09:00,2023-10-08 19:19:00,"","R1",20,0.02,1.2125,1.1125,0.1,0,0,0,NA,5.5009375,5.07125,0,0,0,-3.91202300542815,1,361250,0,0,0,NA,NA,NA,NA,NA,NA,NA,NA,NA,NA,NA,NA,NA,NA,NA,NA,NA,NA,NA,NA,NA,NA,NA,NA,NA,NA,NA,NA,NA,NA,NA,NA,NA,NA,NA,NA,NA,NA,NA,NA,NA,NA,NA,NA,NA,NA,NA,NA,NA,NA,NA,NA,NA,NA,NA,NA,NA,NA,NA,NA,NA,NA
"FASMEE23","Button","Ambient","S9PI",20241217,"12/20/2024","Lampman","R2B","R2","A",1,1,1,2,NA,"","","F23D",2023-10-08,2023-10-08 13:40:00,2023-10-08 19:40:00,1,"Red","PTFE",4,40,10,2023-10-08 19:40:00,2023-10-08 19:50:00,"","R2",20,0.02,1.2125,1.1125,0.1,0.9,0,0.9,0,5.5009375,5.07125,0.5703125,0,0.5703125,-3.91202300542815,0.5,722500,206025.390625,206025.390625,0,0,NA,NA,NA,NA,NA,NA,NA,NA,NA,NA,NA,NA,NA,NA,NA,NA,NA,NA,NA,NA,NA,NA,NA,NA,NA,NA,NA,NA,NA,NA,NA,NA,NA,NA,NA,NA,NA,NA,NA,NA,NA,NA,NA,NA,NA,NA,NA,NA,NA,NA,NA,NA,NA,NA,NA,NA,NA,NA,NA,NA,NA
"FASMEE23","Button","Ambient","S9PI",20241217,"12/20/2024","Lampman","R2B","R2","A",29,1,0,1,NA,"","","F23D",2023-10-08,2023-10-08 13:40:00,2023-10-08 19:40:00,1,"Red","PTFE",4,40,10,2023-10-08 19:40:00,2023-10-08 19:50:00,"","R2",20,0.02,1.2125,1.1125,0.1,0,0,0,NA,5.5009375,5.07125,0,0,0,-3.91202300542815,1,361250,0,0,0,NA,NA,NA,NA,NA,NA,NA,NA,NA,NA,NA,NA,NA,NA,NA,NA,NA,NA,NA,NA,NA,NA,NA,NA,NA,NA,NA,NA,NA,NA,NA,NA,NA,NA,NA,NA,NA,NA,NA,NA,NA,NA,NA,NA,NA,NA,NA,NA,NA,NA,NA,NA,NA,NA,NA,NA,NA,NA,NA,NA,NA,NA
"FASMEE23","Button","Ambient","S9PI",20241217,"12/20/2024","Lampman","R2B","R2","A",31,1,0,1,NA,"","","F23D",2023-10-08,2023-10-08 13:40:00,2023-10-08 19:40:00,1,"Red","PTFE",4,40,10,2023-10-08 19:40:00,2023-10-08 19:50:00,"","R2",20,0.02,1.2125,1.1125,0.1,0,0,0,NA,5.5009375,5.07125,0,0,0,-3.91202300542815,1,361250,0,0,0,NA,NA,NA,NA,NA,NA,NA,NA,NA,NA,NA,NA,NA,NA,NA,NA,NA,NA,NA,NA,NA,NA,NA,NA,NA,NA,NA,NA,NA,NA,NA,NA,NA,NA,NA,NA,NA,NA,NA,NA,NA,NA,NA,NA,NA,NA,NA,NA,NA,NA,NA,NA,NA,NA,NA,NA,NA,NA,NA,NA,NA,NA
"FASMEE23","Button","Ambient","S9PI",20241217,"12/20/2024","Lampman","R2B","R2","A",32,1,0,1,NA,"","","F23D",2023-10-08,2023-10-08 13:40:00,2023-10-08 19:40:00,1,"Red","PTFE",4,40,10,2023-10-08 19:40:00,2023-10-08 19:50:00,"","R2",20,0.02,1.2125,1.1125,0.1,0,0,0,NA,5.5009375,5.07125,0,0,0,-3.91202300542815,1,361250,0,0,0,NA,NA,NA,NA,NA,NA,NA,NA,NA,NA,NA,NA,NA,NA,NA,NA,NA,NA,NA,NA,NA,NA,NA,NA,NA,NA,NA,NA,NA,NA,NA,NA,NA,NA,NA,NA,NA,NA,NA,NA,NA,NA,NA,NA,NA,NA,NA,NA,NA,NA,NA,NA,NA,NA,NA,NA,NA,NA,NA,NA,NA,NA
"FASMEE23","Button","Ambient","S9PI",20241217,"12/20/2024","Lampman","R2B","R2","A",37,1,0,1,NA,"","","F23D",2023-10-08,2023-10-08 13:40:00,2023-10-08 19:40:00,1,"Red","PTFE",4,40,10,2023-10-08 19:40:00,2023-10-08 19:50:00,"","R2",20,0.02,1.2125,1.1125,0.1,0,0,0,NA,5.5009375,5.07125,0,0,0,-3.91202300542815,1,361250,0,0,0,NA,NA,NA,NA,NA,NA,NA,NA,NA,NA,NA,NA,NA,NA,NA,NA,NA,NA,NA,NA,NA,NA,NA,NA,NA,NA,NA,NA,NA,NA,NA,NA,NA,NA,NA,NA,NA,NA,NA,NA,NA,NA,NA,NA,NA,NA,NA,NA,NA,NA,NA,NA,NA,NA,NA,NA,NA,NA,NA,NA,NA,NA
"FASMEE23","Button","Ambient","S9PI",20241217,"12/20/2024","Lampman","R3B","R3","A",5,1,0,1,NA,"","","F23D",2023-10-08,2023-10-08 14:10:00,2023-10-08 20:10:00,1,"Red","PTFE",4,40,10,2023-10-08 20:10:00,2023-10-08 20:20:00,"","R3",20,0.02,1.2125,1.1125,0.1,0,0,0,NA,5.5009375,5.07125,0,0,0,-3.91202300542815,1,361250,0,0,0,NA,NA,NA,NA,NA,NA,NA,NA,NA,NA,NA,NA,NA,NA,NA,NA,NA,NA,NA,NA,NA,NA,NA,NA,NA,NA,NA,NA,NA,NA,NA,NA,NA,NA,NA,NA,NA,NA,NA,NA,NA,NA,NA,NA,NA,NA,NA,NA,NA,NA,NA,NA,NA,NA,NA,NA,NA,NA,NA,NA,NA,NA
"FASMEE23","Button","Ambient","S9PI",20241217,"12/20/2024","Lampman","R3B","R3","A",12,1,1,2,NA,"","","F23D",2023-10-08,2023-10-08 14:10:00,2023-10-08 20:10:00,1,"Red","PTFE",4,40,10,2023-10-08 20:10:00,2023-10-08 20:20:00,"","R3",20,0.02,1.2125,1.1125,0.1,0.9,0,0.9,0,5.5009375,5.07125,0.5703125,0,0.5703125,-3.91202300542815,0.5,722500,206025.390625,206025.390625,0,0,NA,NA,NA,NA,NA,NA,NA,NA,NA,NA,NA,NA,NA,NA,NA,NA,NA,NA,NA,NA,NA,NA,NA,NA,NA,NA,NA,NA,NA,NA,NA,NA,NA,NA,NA,NA,NA,NA,NA,NA,NA,NA,NA,NA,NA,NA,NA,NA,NA,NA,NA,NA,NA,NA,NA,NA,NA,NA,NA,NA,NA
"FASMEE23","Button","Ambient","S9PI",20241217,"12/20/2024","Lampman","R3B","R3","A",19,1,0,1,NA,"","","F23D",2023-10-08,2023-10-08 14:10:00,2023-10-08 20:10:00,1,"Red","PTFE",4,40,10,2023-10-08 20:10:00,2023-10-08 20:20:00,"","R3",20,0.02,1.2125,1.1125,0.1,0,0,0,NA,5.5009375,5.07125,0,0,0,-3.91202300542815,1,361250,0,0,0,NA,NA,NA,NA,NA,NA,NA,NA,NA,NA,NA,NA,NA,NA,NA,NA,NA,NA,NA,NA,NA,NA,NA,NA,NA,NA,NA,NA,NA,NA,NA,NA,NA,NA,NA,NA,NA,NA,NA,NA,NA,NA,NA,NA,NA,NA,NA,NA,NA,NA,NA,NA,NA,NA,NA,NA,NA,NA,NA,NA,NA,NA
"FASMEE23","Button","Ambient","S9PI",20241217,"12/20/2024","Lampman","R3B","R3","A",20,1,0,1,NA,"","","F23D",2023-10-08,2023-10-08 14:10:00,2023-10-08 20:10:00,1,"Red","PTFE",4,40,10,2023-10-08 20:10:00,2023-10-08 20:20:00,"","R3",20,0.02,1.2125,1.1125,0.1,0,0,0,NA,5.5009375,5.07125,0,0,0,-3.91202300542815,1,361250,0,0,0,NA,NA,NA,NA,NA,NA,NA,NA,NA,NA,NA,NA,NA,NA,NA,NA,NA,NA,NA,NA,NA,NA,NA,NA,NA,NA,NA,NA,NA,NA,NA,NA,NA,NA,NA,NA,NA,NA,NA,NA,NA,NA,NA,NA,NA,NA,NA,NA,NA,NA,NA,NA,NA,NA,NA,NA,NA,NA,NA,NA,NA,NA
"FASMEE23","Button","Ambient","S9PI",20241217,"12/20/2024","Lampman","R3B","R3","A",22,1,1,2,NA,"","","F23D",2023-10-08,2023-10-08 14:10:00,2023-10-08 20:10:00,1,"Red","PTFE",4,40,10,2023-10-08 20:10:00,2023-10-08 20:20:00,"","R3",20,0.02,1.2125,1.1125,0.1,0.9,0,0.9,0,5.5009375,5.07125,0.5703125,0,0.5703125,-3.91202300542815,0.5,722500,206025.390625,206025.390625,0,0,NA,NA,NA,NA,NA,NA,NA,NA,NA,NA,NA,NA,NA,NA,NA,NA,NA,NA,NA,NA,NA,NA,NA,NA,NA,NA,NA,NA,NA,NA,NA,NA,NA,NA,NA,NA,NA,NA,NA,NA,NA,NA,NA,NA,NA,NA,NA,NA,NA,NA,NA,NA,NA,NA,NA,NA,NA,NA,NA,NA,NA
"FASMEE23","Button","Ambient","S9PI",20241217,"12/20/2024","Lampman","R3B","R3","A",24,1,0,1,NA,"","","F23D",2023-10-08,2023-10-08 14:10:00,2023-10-08 20:10:00,1,"Red","PTFE",4,40,10,2023-10-08 20:10:00,2023-10-08 20:20:00,"","R3",20,0.02,1.2125,1.1125,0.1,0,0,0,NA,5.5009375,5.07125,0,0,0,-3.91202300542815,1,361250,0,0,0,NA,NA,NA,NA,NA,NA,NA,NA,NA,NA,NA,NA,NA,NA,NA,NA,NA,NA,NA,NA,NA,NA,NA,NA,NA,NA,NA,NA,NA,NA,NA,NA,NA,NA,NA,NA,NA,NA,NA,NA,NA,NA,NA,NA,NA,NA,NA,NA,NA,NA,NA,NA,NA,NA,NA,NA,NA,NA,NA,NA,NA,NA
"FASMEE23","Button","Ambient","S9PI",20241217,"12/20/2024","Lampman","R3B","R3","A",35,1,0,1,NA,"","","F23D",2023-10-08,2023-10-08 14:10:00,2023-10-08 20:10:00,1,"Red","PTFE",4,40,10,2023-10-08 20:10:00,2023-10-08 20:20:00,"","R3",20,0.02,1.2125,1.1125,0.1,0,0,0,NA,5.5009375,5.07125,0,0,0,-3.91202300542815,1,361250,0,0,0,NA,NA,NA,NA,NA,NA,NA,NA,NA,NA,NA,NA,NA,NA,NA,NA,NA,NA,NA,NA,NA,NA,NA,NA,NA,NA,NA,NA,NA,NA,NA,NA,NA,NA,NA,NA,NA,NA,NA,NA,NA,NA,NA,NA,NA,NA,NA,NA,NA,NA,NA,NA,NA,NA,NA,NA,NA,NA,NA,NA,NA,NA
"FASMEE23","Button","Ambient","S9PI",20241217,"12/20/2024","Lampman","R3B","R3","A",40,1,0,1,NA,"","","F23D",2023-10-08,2023-10-08 14:10:00,2023-10-08 20:10:00,1,"Red","PTFE",4,40,10,2023-10-08 20:10:00,2023-10-08 20:20:00,"","R3",20,0.02,1.2125,1.1125,0.1,0,0,0,NA,5.5009375,5.07125,0,0,0,-3.91202300542815,1,361250,0,0,0,NA,NA,NA,NA,NA,NA,NA,NA,NA,NA,NA,NA,NA,NA,NA,NA,NA,NA,NA,NA,NA,NA,NA,NA,NA,NA,NA,NA,NA,NA,NA,NA,NA,NA,NA,NA,NA,NA,NA,NA,NA,NA,NA,NA,NA,NA,NA,NA,NA,NA,NA,NA,NA,NA,NA,NA,NA,NA,NA,NA,NA,NA
"FASMEE23","Button","Ambient","S9PI",20241223,"12/23/2024","Lampman","R4B","R4","A",5,1,1,2,NA,"","","F23D",2023-10-08,2023-10-08 14:28:00,2023-10-08 20:28:00,1,"Red","PTFE",4,40,10,2023-10-08 20:28:00,2023-10-08 20:38:00,"","R4",20,0.02,1.2125,1.1125,0.1,0.9,0,0.9,0,5.5009375,5.07125,0.5703125,0,0.5703125,-3.91202300542815,0.5,722500,206025.390625,206025.390625,0,0,NA,NA,NA,NA,NA,NA,NA,NA,NA,NA,NA,NA,NA,NA,NA,NA,NA,NA,NA,NA,NA,NA,NA,NA,NA,NA,NA,NA,NA,NA,NA,NA,NA,NA,NA,NA,NA,NA,NA,NA,NA,NA,NA,NA,NA,NA,NA,NA,NA,NA,NA,NA,NA,NA,NA,NA,NA,NA,NA,NA,NA
"FASMEE23","Button","Ambient","S9PI",20241223,"12/23/2024","Lampman","R4B","R4","A",16,1,0,1,NA,"","","F23D",2023-10-08,2023-10-08 14:28:00,2023-10-08 20:28:00,1,"Red","PTFE",4,40,10,2023-10-08 20:28:00,2023-10-08 20:38:00,"","R4",20,0.02,1.2125,1.1125,0.1,0,0,0,NA,5.5009375,5.07125,0,0,0,-3.91202300542815,1,361250,0,0,0,NA,NA,NA,NA,NA,NA,NA,NA,NA,NA,NA,NA,NA,NA,NA,NA,NA,NA,NA,NA,NA,NA,NA,NA,NA,NA,NA,NA,NA,NA,NA,NA,NA,NA,NA,NA,NA,NA,NA,NA,NA,NA,NA,NA,NA,NA,NA,NA,NA,NA,NA,NA,NA,NA,NA,NA,NA,NA,NA,NA,NA,NA
"FASMEE23","Button","Ambient","S9PI",20241223,"12/23/2024","Lampman","R4B","R4","A",31,1,0,1,NA,"","","F23D",2023-10-08,2023-10-08 14:28:00,2023-10-08 20:28:00,1,"Red","PTFE",4,40,10,2023-10-08 20:28:00,2023-10-08 20:38:00,"","R4",20,0.02,1.2125,1.1125,0.1,0,0,0,NA,5.5009375,5.07125,0,0,0,-3.91202300542815,1,361250,0,0,0,NA,NA,NA,NA,NA,NA,NA,NA,NA,NA,NA,NA,NA,NA,NA,NA,NA,NA,NA,NA,NA,NA,NA,NA,NA,NA,NA,NA,NA,NA,NA,NA,NA,NA,NA,NA,NA,NA,NA,NA,NA,NA,NA,NA,NA,NA,NA,NA,NA,NA,NA,NA,NA,NA,NA,NA,NA,NA,NA,NA,NA,NA
"FASMEE23","Button","Ambient","S9PI",20241223,"12/23/2024","Lampman","R4B","R4","A",32,1,1,2,NA,"","","F23D",2023-10-08,2023-10-08 14:28:00,2023-10-08 20:28:00,1,"Red","PTFE",4,40,10,2023-10-08 20:28:00,2023-10-08 20:38:00,"","R4",20,0.02,1.2125,1.1125,0.1,0.9,0,0.9,0,5.5009375,5.07125,0.5703125,0,0.5703125,-3.91202300542815,0.5,722500,206025.390625,206025.390625,0,0,NA,NA,NA,NA,NA,NA,NA,NA,NA,NA,NA,NA,NA,NA,NA,NA,NA,NA,NA,NA,NA,NA,NA,NA,NA,NA,NA,NA,NA,NA,NA,NA,NA,NA,NA,NA,NA,NA,NA,NA,NA,NA,NA,NA,NA,NA,NA,NA,NA,NA,NA,NA,NA,NA,NA,NA,NA,NA,NA,NA,NA
"FASMEE23","Button","Ambient","S9PI",20250115,"1/31/2025","Lampman","R6B","R6","A",33,1,4,5,NA,"","","F23E",2023-10-09,2023-10-09 12:11:00,2023-10-09 18:11:00,2,"Red","PTFE",4,40,10,2023-10-09 18:11:00,2023-10-09 18:21:00,"","R6",20,0.02,2.1,2.1,0,4,0,4,0,6.3884375,6.05875,3.6703125,0,3.6703125,-3.91202300542815,0.2,1806250,1325900.390625,1325900.390625,0,0,NA,NA,NA,NA,NA,NA,NA,NA,NA,NA,NA,NA,NA,NA,NA,NA,NA,NA,NA,NA,NA,NA,NA,NA,NA,NA,NA,NA,NA,NA,NA,NA,NA,NA,NA,NA,NA,NA,NA,NA,NA,NA,NA,NA,NA,NA,NA,NA,NA,NA,NA,NA,NA,NA,NA,NA,NA,NA,NA,NA,NA
"FASMEE23","Button","Ambient","S9PI",20241223,"1/13/2025","Lampman","R5B","R5","A",5,1,2,3,NA,"","","F23D",2023-10-08,2023-10-08 15:41:00,2023-10-08 21:41:00,1,"Red","PTFE",4,40,10,2023-10-08 21:41:00,2023-10-08 21:51:00,"","R5",20,0.02,1.2125,1.1125,0.1,1.9,0,1.9,0,5.5009375,5.07125,1.5703125,0,1.5703125,-3.91202300542815,0.333333333333333,1083750,567275.390625,567275.390625,0,0,NA,NA,NA,NA,NA,NA,NA,NA,NA,NA,NA,NA,NA,NA,NA,NA,NA,NA,NA,NA,NA,NA,NA,NA,NA,NA,NA,NA,NA,NA,NA,NA,NA,NA,NA,NA,NA,NA,NA,NA,NA,NA,NA,NA,NA,NA,NA,NA,NA,NA,NA,NA,NA,NA,NA,NA,NA,NA,NA,NA,NA
"FASMEE23","Button","Ambient","S9PI",20241223,"1/13/2025","Lampman","R5B","R5","A",16,1,0,1,NA,"","","F23D",2023-10-08,2023-10-08 15:41:00,2023-10-08 21:41:00,1,"Red","PTFE",4,40,10,2023-10-08 21:41:00,2023-10-08 21:51:00,"","R5",20,0.02,1.2125,1.1125,0.1,0,0,0,NA,5.5009375,5.07125,0,0,0,-3.91202300542815,1,361250,0,0,0,NA,NA,NA,NA,NA,NA,NA,NA,NA,NA,NA,NA,NA,NA,NA,NA,NA,NA,NA,NA,NA,NA,NA,NA,NA,NA,NA,NA,NA,NA,NA,NA,NA,NA,NA,NA,NA,NA,NA,NA,NA,NA,NA,NA,NA,NA,NA,NA,NA,NA,NA,NA,NA,NA,NA,NA,NA,NA,NA,NA,NA,NA
"FASMEE23","Button","Ambient","S9PI",20241223,"1/13/2025","Lampman","R5B","R5","A",20,1,0,1,NA,"","","F23D",2023-10-08,2023-10-08 15:41:00,2023-10-08 21:41:00,1,"Red","PTFE",4,40,10,2023-10-08 21:41:00,2023-10-08 21:51:00,"","R5",20,0.02,1.2125,1.1125,0.1,0,0,0,NA,5.5009375,5.07125,0,0,0,-3.91202300542815,1,361250,0,0,0,NA,NA,NA,NA,NA,NA,NA,NA,NA,NA,NA,NA,NA,NA,NA,NA,NA,NA,NA,NA,NA,NA,NA,NA,NA,NA,NA,NA,NA,NA,NA,NA,NA,NA,NA,NA,NA,NA,NA,NA,NA,NA,NA,NA,NA,NA,NA,NA,NA,NA,NA,NA,NA,NA,NA,NA,NA,NA,NA,NA,NA,NA
"FASMEE23","Button","Ambient","S9PI",20241223,"1/13/2025","Lampman","R5B","R5","A",39,1,0,1,NA,"","","F23D",2023-10-08,2023-10-08 15:41:00,2023-10-08 21:41:00,1,"Red","PTFE",4,40,10,2023-10-08 21:41:00,2023-10-08 21:51:00,"","R5",20,0.02,1.2125,1.1125,0.1,0,0,0,NA,5.5009375,5.07125,0,0,0,-3.91202300542815,1,361250,0,0,0,NA,NA,NA,NA,NA,NA,NA,NA,NA,NA,NA,NA,NA,NA,NA,NA,NA,NA,NA,NA,NA,NA,NA,NA,NA,NA,NA,NA,NA,NA,NA,NA,NA,NA,NA,NA,NA,NA,NA,NA,NA,NA,NA,NA,NA,NA,NA,NA,NA,NA,NA,NA,NA,NA,NA,NA,NA,NA,NA,NA,NA,NA
"FASMEE23","Button","Smoke","S9PI",20250212,"2/24/2025","Lampman","R12B","R12","A",25,1,15,16,NA,"","","F23F",2023-10-10,2023-10-10 15:09:00,2023-10-10 21:09:00,3,"Red","PTFE",4,60,15,2023-10-10 21:09:00,2023-10-10 21:24:00,"","R12",30,0.03,1.25,1.25,0,15,0,15,0,5.5384375,5.20875,14.6703125,0,14.6703125,-3.50655789731998,0.0625,3853333.33333333,3533100.26041667,3533100.26041667,0,0,0,3243524.83181424,3243524.83181424,0,NA,NA,NA,NA,NA,NA,NA,NA,NA,NA,NA,NA,NA,NA,NA,NA,NA,NA,NA,NA,NA,NA,NA,NA,NA,NA,NA,NA,NA,NA,NA,NA,NA,NA,NA,NA,NA,NA,NA,NA,NA,NA,NA,NA,NA,NA,NA,NA,NA,NA,NA,NA,NA,NA,NA,NA,NA
"FASMEE23","Button","Smoke","S9PI",20250212,"2/24/2025","Lampman","R12B","R12","A",30,1,0,1,NA,"","","F23F",2023-10-10,2023-10-10 15:09:00,2023-10-10 21:09:00,3,"Red","PTFE",4,60,15,2023-10-10 21:09:00,2023-10-10 21:24:00,"","R12",30,0.03,1.25,1.25,0,0,0,0,NA,5.5384375,5.20875,0,0,0,-3.50655789731998,1,240833.333333333,0,0,0,NA,0,0,0,NA,NA,NA,NA,NA,NA,NA,NA,NA,NA,NA,NA,NA,NA,NA,NA,NA,NA,NA,NA,NA,NA,NA,NA,NA,NA,NA,NA,NA,NA,NA,NA,NA,NA,NA,NA,NA,NA,NA,NA,NA,NA,NA,NA,NA,NA,NA,NA,NA,NA,NA,NA,NA,NA,NA,NA,NA,NA
"FASMEE23","Button","Smoke","S9PI",20250212,"2/26/2025","Lampman","R14B","R14","A",35,1,0,1,NA,"","","F23F",2023-10-11,2023-10-10 18:53:00,2023-10-11 00:53:00,3,"Red","PTFE",4,60,15,2023-10-11 00:53:00,2023-10-11 01:08:00,"Partial smoke at best","R14",30,0.03,1.25,1.25,0,0,0,0,NA,5.5384375,5.20875,0,0,0,-3.50655789731998,1,240833.333333333,0,0,0,NA,0,0,0,NA,NA,NA,NA,NA,NA,NA,NA,NA,NA,NA,NA,NA,NA,NA,NA,NA,NA,NA,NA,NA,NA,NA,NA,NA,NA,NA,NA,NA,NA,NA,NA,NA,NA,NA,NA,NA,NA,NA,NA,NA,NA,NA,NA,NA,NA,NA,NA,NA,NA,NA,NA,NA,NA,NA,NA,NA,NA
"FASMEE23","Button","Smoke","S9PI",20250117,"3/3/2025","Lampman","R7B","R7","A",19,1,0,1,NA,"","","F23E",2023-10-09,2023-10-09 12:33:00,2023-10-09 18:33:00,2,"Red","PTFE",4,40,10,2023-10-09 18:33:00,2023-10-09 18:43:00,"Partial smoke towards end of sample","R7",20,0.02,2.1,2.1,0,0,0,0,NA,6.3884375,6.05875,0,0,0,-3.91202300542815,1,361250,0,0,0,NA,0,0,0,NA,NA,NA,NA,NA,NA,NA,NA,NA,NA,NA,NA,NA,NA,NA,NA,NA,NA,NA,NA,NA,NA,NA,NA,NA,NA,NA,NA,NA,NA,NA,NA,NA,NA,NA,NA,NA,NA,NA,NA,NA,NA,NA,NA,NA,NA,NA,NA,NA,NA,NA,NA,NA,NA,NA,NA,NA,NA
"FASMEE23","Button","Smoke","S9PI",20250127,"3/3/2025","Lampman","B9B","B9","A",18,1,16,17,NA,"","","F23E",2023-10-10,2023-10-10 15:09:00,2023-10-10 21:09:00,3,"Blue","PTFE",4,60,15,2023-10-10 21:09:00,2023-10-10 21:24:00,"","B9",30,0.03,2.1,2.1,0,16,0,16,0,6.3884375,6.05875,15.6703125,0,15.6703125,-3.50655789731998,0.0588235294117647,4094166.66666667,3773933.59375,3773933.59375,0,0,0,3484358.16514757,3484358.16514757,0,9,584.100794087505,188.516922417344,3114.5911041344,176.698148148148,130.5,422.625,446.172839506173,237.875,1716.21,10.8074935400517,10.5555555555556,11.6666666666667,10,33.0116279069767,33,31,34,3.84755654322465,3.82515368908763,4.16705056996941,3.64859285797902,11336.5,10298.67,2475.79,88.25,0.125,0,24722.5,24835.125,24836.25,24837.375,5.23918777695593,"Very Unhealthy","Low",61.2042743966305,66.3921308617705,201.814906555965,15.7464380900351,108.784440826061,218.711205508665,12.1776042318889,13.3199766930851,24.5377224480851,0.896793933565282,0.89807374740202,62.9928010192709,125.985602038542,0.125985602038542,0.000125985602038542,1.25985602038542e-07,27656796560623.1,0,27656796560.6231,0,27656.7965606231,0
"FASMEE23","Button","Smoke","S9PI",20250127,"3/3/2025","Lampman","B9B","B9","A",21,1,5,6,NA,"","","F23E",2023-10-10,2023-10-10 15:09:00,2023-10-10 21:09:00,3,"Blue","PTFE",4,60,15,2023-10-10 21:09:00,2023-10-10 21:24:00,"","B9",30,0.03,2.1,2.1,0,5,0,5,0,6.3884375,6.05875,4.6703125,0,4.6703125,-3.50655789731998,0.166666666666667,1445000,1124766.92708333,1124766.92708333,0,0,0,835191.498480903,835191.498480903,0,9,584.100794087505,188.516922417344,3114.5911041344,176.698148148148,130.5,422.625,446.172839506173,237.875,1716.21,10.8074935400517,10.5555555555556,11.6666666666667,10,33.0116279069767,33,31,34,3.84755654322465,3.82515368908763,4.16705056996941,3.64859285797902,11336.5,10298.67,2475.79,88.25,0.125,0,24722.5,24835.125,24836.25,24837.375,5.23918777695593,"Very Unhealthy","Low",61.2042743966305,66.3921308617705,201.814906555965,15.7464380900351,108.784440826061,218.711205508665,12.1776042318889,13.3199766930851,24.5377224480851,0.896793933565282,0.89807374740202,62.9928010192709,125.985602038542,0.125985602038542,0.000125985602038542,1.25985602038542e-07,6629261478826.76,0,6629261478.82676,0,6629.26147882676,0
"FASMEE23","Button","Smoke","S9PI",20250221,"2/28/2025","Lampman","R15B","R15","A",18,1,0,1,NA,"","","F23F",2023-10-11,2023-10-10 19:21:00,2023-10-11 01:21:00,3,"Red","PTFE",4,60,15,2023-10-11 01:21:00,2023-10-11 01:36:00,"Partial smoke at best","R15",30,0.03,1.25,1.25,0,0,0,0,NA,5.5384375,5.20875,0,0,0,-3.50655789731998,1,240833.333333333,0,0,0,NA,0,0,0,NA,NA,NA,NA,NA,NA,NA,NA,NA,NA,NA,NA,NA,NA,NA,NA,NA,NA,NA,NA,NA,NA,NA,NA,NA,NA,NA,NA,NA,NA,NA,NA,NA,NA,NA,NA,NA,NA,NA,NA,NA,NA,NA,NA,NA,NA,NA,NA,NA,NA,NA,NA,NA,NA,NA,NA,NA,NA
"FASMEE23","Button","Smoke","S9PI",20250127,"3/5/2025","Lampman","R9B","R9","A",17,1,0,1,NA,"","","F23E",2023-10-09,2023-10-09 15:17:00,2023-10-09 21:17:00,2,"Red","PTFE",4,60,15,2023-10-09 21:17:00,2023-10-09 21:32:00,"","R9",30,0.03,2.1,2.1,0,0,0,0,NA,6.3884375,6.05875,0,0,0,-3.50655789731998,1,240833.333333333,0,0,0,NA,0,0,0,NA,NA,NA,NA,NA,NA,NA,NA,NA,NA,NA,NA,NA,NA,NA,NA,NA,NA,NA,NA,NA,NA,NA,NA,NA,NA,NA,NA,NA,NA,NA,NA,NA,NA,NA,NA,NA,NA,NA,NA,NA,NA,NA,NA,NA,NA,NA,NA,NA,NA,NA,NA,NA,NA,NA,NA,NA,NA
"FASMEE23","Button","Smoke","S9PI",20250127,"3/5/2025","Lampman","R9B","R9","A",28,1,0,1,NA,"","","F23E",2023-10-09,2023-10-09 15:17:00,2023-10-09 21:17:00,2,"Red","PTFE",4,60,15,2023-10-09 21:17:00,2023-10-09 21:32:00,"","R9",30,0.03,2.1,2.1,0,0,0,0,NA,6.3884375,6.05875,0,0,0,-3.50655789731998,1,240833.333333333,0,0,0,NA,0,0,0,NA,NA,NA,NA,NA,NA,NA,NA,NA,NA,NA,NA,NA,NA,NA,NA,NA,NA,NA,NA,NA,NA,NA,NA,NA,NA,NA,NA,NA,NA,NA,NA,NA,NA,NA,NA,NA,NA,NA,NA,NA,NA,NA,NA,NA,NA,NA,NA,NA,NA,NA,NA,NA,NA,NA,NA,NA,NA
"FASMEE23","Button","Smoke","S9PI",20240505,"3/31/2025","Lampman","R8B","R8B","A",10,1,0,1,NA,"","","F23A",2023-10-09,2023-10-09 14:54:00,2023-10-09 20:54:00,2,"Red","PTFE",4,60,15,2023-10-09 20:54:00,2023-10-09 21:09:00,"Tons of smoke, probably best sample","R8",30,0.03,2.225,2.225,0,0,0,0,NA,6.5134375,6.18375,0,0,0,-3.50655789731998,1,240833.333333333,0,0,0,NA,0,0,0,NA,NA,NA,NA,NA,NA,NA,NA,NA,NA,NA,NA,NA,NA,NA,NA,NA,NA,NA,NA,NA,NA,NA,NA,NA,NA,NA,NA,NA,NA,NA,NA,NA,NA,NA,NA,NA,NA,NA,NA,NA,NA,NA,NA,NA,NA,NA,NA,NA,NA,NA,NA,NA,NA,NA,NA,NA,NA
"FASMEE23","Button","Smoke","S9PI",20240505,"3/31/2025","Lampman","R8B","R8B","A",28,1,2,3,NA,"","","F23A",2023-10-09,2023-10-09 14:54:00,2023-10-09 20:54:00,2,"Red","PTFE",4,60,15,2023-10-09 20:54:00,2023-10-09 21:09:00,"Tons of smoke, probably best sample","R8",30,0.03,2.225,2.225,0,2,0,2,0,6.5134375,6.18375,1.6703125,0,1.6703125,-3.50655789731998,0.333333333333333,722500,402266.927083333,402266.927083333,0,0,0,112691.498480903,112691.498480903,0,NA,NA,NA,NA,NA,NA,NA,NA,NA,NA,NA,NA,NA,NA,NA,NA,NA,NA,NA,NA,NA,NA,NA,NA,NA,NA,NA,NA,NA,NA,NA,NA,NA,NA,NA,NA,NA,NA,NA,NA,NA,NA,NA,NA,NA,NA,NA,NA,NA,NA,NA,NA,NA,NA,NA,NA,NA
"FASMEE23","Button","Smoke","S9PI",20240505,"3/31/2025","Lampman","R8B","R8B","A",39,1,1,2,NA,"","","F23A",2023-10-09,2023-10-09 14:54:00,2023-10-09 20:54:00,2,"Red","PTFE",4,60,15,2023-10-09 20:54:00,2023-10-09 21:09:00,"Tons of smoke, probably best sample","R8",30,0.03,2.225,2.225,0,1,0,1,0,6.5134375,6.18375,0.6703125,0,0.6703125,-3.50655789731998,0.5,481666.666666667,161433.59375,161433.59375,0,0,0,0,0,NA,NA,NA,NA,NA,NA,NA,NA,NA,NA,NA,NA,NA,NA,NA,NA,NA,NA,NA,NA,NA,NA,NA,NA,NA,NA,NA,NA,NA,NA,NA,NA,NA,NA,NA,NA,NA,NA,NA,NA,NA,NA,NA,NA,NA,NA,NA,NA,NA,NA,NA,NA,NA,NA,NA,NA,NA,NA
"FASMEE23","Button","Smoke","S9PI",20250221,"4/11/2025","Lampman","B7B","B7","A",10,1,0,1,NA,"","","F23F",2023-10-10,2023-10-09 18:17:00,2023-10-10 00:17:00,2,"Blue","PTFE",4,60,15,2023-10-10 00:17:00,2023-10-10 00:32:00,"","B7",30,0.03,1.25,1.25,0,0,0,0,NA,5.5384375,5.20875,0,0,0,-3.50655789731998,1,240833.333333333,0,0,0,NA,0,0,0,NA,7,1625.52013208166,1670.54342003125,4296.5432918125,191.864464285714,243.5,323.75,1134.54755952381,1266.25,2565.125,11.9378306878307,12.2222222222222,12.7777777777778,9.44444444444444,27.4642857142857,27,27,29,3.43830869055206,3.49798559298276,3.81130962441916,2.83267941327911,27600.25,26431.75,16400.9375,2164.5625,366.75,209,70499.125,72762.875,73162.6025,73501.915,7.42090425369562,"Hazardous","High",NA,NA,NA,NA,NA,NA,NA,NA,NA,NA,NA,NA,NA,NA,NA,NA,NA,NA,NA,NA,NA,NA
"FASMEE23","Button","Smoke","S9PI",20250221,"4/11/2025","Lampman","B7B","B7","A",14,1,0,1,NA,"","","F23F",2023-10-10,2023-10-09 18:17:00,2023-10-10 00:17:00,2,"Blue","PTFE",4,60,15,2023-10-10 00:17:00,2023-10-10 00:32:00,"","B7",30,0.03,1.25,1.25,0,0,0,0,NA,5.5384375,5.20875,0,0,0,-3.50655789731998,1,240833.333333333,0,0,0,NA,0,0,0,NA,7,1625.52013208166,1670.54342003125,4296.5432918125,191.864464285714,243.5,323.75,1134.54755952381,1266.25,2565.125,11.9378306878307,12.2222222222222,12.7777777777778,9.44444444444444,27.4642857142857,27,27,29,3.43830869055206,3.49798559298276,3.81130962441916,2.83267941327911,27600.25,26431.75,16400.9375,2164.5625,366.75,209,70499.125,72762.875,73162.6025,73501.915,7.42090425369562,"Hazardous","High",NA,NA,NA,NA,NA,NA,NA,NA,NA,NA,NA,NA,NA,NA,NA,NA,NA,NA,NA,NA,NA,NA
"FASMEE23","Button","Smoke","S9PI",20250221,"3/10/2025","Lampman","B8B","B8","A",25,1,0,1,NA,"","","F23F",2023-10-10,2023-10-09 18:45:00,2023-10-10 00:45:00,2,"Blue","PTFE",4,60,15,2023-10-10 00:45:00,2023-10-10 01:00:00,"","B8",30,0.03,1.25,1.25,0,0,0,0,NA,5.5384375,5.20875,0,0,0,-3.50655789731998,1,240833.333333333,0,0,0,NA,0,0,0,NA,8,1205.06665382693,1303.733104,3018.616525,226.646470588235,286,417.125,876.608941176471,1025.165,1821,12.078431372549,11.6666666666667,13.8888888888889,10.5555555555556,27.6117647058824,28,26,30,3.48006033349395,3.49058669865849,3.8025217445426,3.05727862595733,26588.54,25222.5,13803,1123.75,154.17,81.33,66054.875,67628,67854.375,68080.75,7.17298704669122,"Hazardous","High",NA,NA,NA,NA,NA,NA,NA,NA,NA,NA,NA,NA,NA,NA,NA,NA,NA,NA,NA,NA,NA,NA
"FASMEE23","Button","Smoke","S9PI",20250221,"3/10/2025","Lampman","B8B","B8","A",31,1,0,1,NA,"","","F23F",2023-10-10,2023-10-09 18:45:00,2023-10-10 00:45:00,2,"Blue","PTFE",4,60,15,2023-10-10 00:45:00,2023-10-10 01:00:00,"","B8",30,0.03,1.25,1.25,0,0,0,0,NA,5.5384375,5.20875,0,0,0,-3.50655789731998,1,240833.333333333,0,0,0,NA,0,0,0,NA,8,1205.06665382693,1303.733104,3018.616525,226.646470588235,286,417.125,876.608941176471,1025.165,1821,12.078431372549,11.6666666666667,13.8888888888889,10.5555555555556,27.6117647058824,28,26,30,3.48006033349395,3.49058669865849,3.8025217445426,3.05727862595733,26588.54,25222.5,13803,1123.75,154.17,81.33,66054.875,67628,67854.375,68080.75,7.17298704669122,"Hazardous","High",NA,NA,NA,NA,NA,NA,NA,NA,NA,NA,NA,NA,NA,NA,NA,NA,NA,NA,NA,NA,NA,NA
"FASMEE23","Button","Ambient","S9PI",20240505,"6/3/2025","Lampman","B1B","B1","A",3,1,0,1,NA,"","","F23A",2023-10-08,2023-10-08 14:48:00,2023-10-08 20:48:00,1,"Blue","PTFE",4,40,10,2023-10-08 20:48:00,2023-10-08 20:58:00,"","B1",20,0.02,2.225,2.225,0,0,0,0,NA,6.5134375,6.18375,0,0,0,-3.91202300542815,1,361250,0,0,0,NA,NA,NA,NA,NA,1,3.69313538461538,3.6812,3.8536,0,0,0,0.0166923076923077,0,0.375,19.8717948717949,19.4444444444444,21.1111111111111,18.3333333333333,23.8615384615385,24,22,26,4.82188619030089,4.73837584914535,5.14397613428947,4.37656394135745,98.21,69,0,0,0,0,170.21,170.21,170.21,170.21,1.30323878598256,"Good","None",NA,NA,NA,NA,NA,NA,NA,NA,NA,NA,NA,NA,NA,NA,NA,NA,NA,NA,NA,NA,NA,NA
"FASMEE23","Button","Ambient","S9PI",20240505,"6/3/2025","Lampman","B1B","B1","A",37,1,2,3,NA,"","","F23A",2023-10-08,2023-10-08 14:48:00,2023-10-08 20:48:00,1,"Blue","PTFE",4,40,10,2023-10-08 20:48:00,2023-10-08 20:58:00,"","B1",20,0.02,2.225,2.225,0,2,0,2,0,6.5134375,6.18375,1.6703125,0,1.6703125,-3.91202300542815,0.333333333333333,1083750,603400.390625,603400.390625,0,0,NA,NA,NA,NA,1,3.69313538461538,3.6812,3.8536,0,0,0,0.0166923076923077,0,0.375,19.8717948717949,19.4444444444444,21.1111111111111,18.3333333333333,23.8615384615385,24,22,26,4.82188619030089,4.73837584914535,5.14397613428947,4.37656394135745,98.21,69,0,0,0,0,170.21,170.21,170.21,170.21,1.30323878598256,"Good","None",NA,NA,NA,NA,NA,NA,NA,NA,NA,NA,NA,NA,NA,NA,NA,NA,NA,NA,NA,NA,NA,NA
"FASMEE23","Button","Smoke","S9PI",20240912,"11/12/2024","Lampman","B10B","B10","A",28,2,1,3,0,"","","F23B",2023-10-11,2023-10-10 18:25:00,2023-10-11 00:25:00,3,"Blue","PTFE",4,60,15,2023-10-11 00:25:00,2023-10-11 00:40:00,"Partial smoke at best","B10",30,0.03,1.675,1.5,0.175,0.825,0.5,1.325,0.377358490566038,5.9634375,5.45875,0.4953125,0,0.4953125,-3.50655789731998,0.666666666666667,722500,119287.760416667,119287.760416667,0,0,0,0,0,NA,10,296.817832329909,284.73479828125,913.5914568125,162.399186046512,183.125,370.5,298.041569767442,316.625,762.75,10.0638569604087,10,10.5555555555556,7.77777777777778,31.3333333333333,31,31,32,3.46114545081116,3.49829032819435,3.65288745104373,2.95692571743565,15821,13422.125,3222.3325,205,3.335,0,32372.0625,32590.23,32594.855,32599.48,5.65155821470817,"Hazardous","Low",9.16936754497504,7.15880794304564,30.8100107581134,1.51685239597926,16.3873253245179,22.7938558681921,1.49529188355726,1.26651866080882,4.28245836580882,0.903533173719327,0.926980348124455,9.26602549754036,18.5320509950807,0.0185320509950807,1.85320509950807e-05,1.85320509950807e-08,0,0,0,0,0,0
"FASMEE23","Button","Smoke","S9PI",20240912,"11/12/2024","Lampman","B10B","B10","A",38,2,7,9,0,"","","F23B",2023-10-11,2023-10-10 18:25:00,2023-10-11 00:25:00,3,"Blue","PTFE",4,60,15,2023-10-11 00:25:00,2023-10-11 00:40:00,"Partial smoke at best","B10",30,0.03,1.675,1.5,0.175,6.825,0.5,7.325,0.068259385665529,5.9634375,5.45875,6.4953125,0,6.4953125,-3.50655789731998,0.222222222222222,2167500,1564287.76041667,1564287.76041667,0,0,0,1274712.33181424,1274712.33181424,0,10,296.817832329909,284.73479828125,913.5914568125,162.399186046512,183.125,370.5,298.041569767442,316.625,762.75,10.0638569604087,10,10.5555555555556,7.77777777777778,31.3333333333333,31,31,32,3.46114545081116,3.49829032819435,3.65288745104373,2.95692571743565,15821,13422.125,3222.3325,205,3.335,0,32372.0625,32590.23,32594.855,32599.48,5.65155821470817,"Hazardous","Low",9.16936754497504,7.15880794304564,30.8100107581134,1.51685239597926,16.3873253245179,22.7938558681921,1.49529188355726,1.26651866080882,4.28245836580882,0.903533173719327,0.926980348124455,9.26602549754036,18.5320509950807,0.0185320509950807,1.85320509950807e-05,1.85320509950807e-08,68784201605780.4,0,68784201605.7804,0,68784.2016057804,0
"FASMEE23","Button","Smoke","S9PI",20240912,"11/12/2024","Lampman","B12B","B12","A",13,2,2,4,0,"","","F23B",2023-10-11,2023-10-10 19:29:00,2023-10-11 01:29:00,3,"Blue","PTFE",4,60,15,2023-10-11 01:29:00,2023-10-11 01:44:00,"Partial smoke at best","B12",30,0.03,1.675,1.5,0.175,1.825,0.5,2.325,0.21505376344086,5.9634375,5.45875,1.4953125,0,1.4953125,-3.50655789731998,0.5,963333.333333333,360121.09375,360121.09375,0,0,0,70545.6651475694,70545.6651475694,0,12,97.2710784691779,70.63031,343.96187725,71.5695081967213,55.375,217.25,119.030737704918,94.21,369.875,9.51730418943534,9.44444444444444,10.5555555555556,8.88888888888889,30.2622950819672,30,30,32,3.22274350561617,3.20067977403102,3.59115262850359,3.05362161156916,5352.375,4262.04,915.835,8.29,0,0,10439.125,10456.375,10456.375,10456.375,4.257459372481,"Moderate/Unhealthy","Low",12.4836759454948,13.1564633792446,42.6384496071778,2.83267731716567,22.6222156083308,43.3128495814939,1.66076798489259,2.36439821080882,3.08124897580882,0.948198027037845,0.934616975798477,12.580490102955,25.1609802059101,0.02516098020591,2.516098020591e-05,2.516098020591e-08,2803772530729.9,0,2803772530.7299,0,2803.7725307299,0
"FASMEE23","Button","Smoke","S9PI",20240912,"11/12/2024","Lampman","B12B","B12","A",19,2,4,6,0,"","","F23B",2023-10-11,2023-10-10 19:29:00,2023-10-11 01:29:00,3,"Blue","PTFE",4,60,15,2023-10-11 01:29:00,2023-10-11 01:44:00,"Partial smoke at best","B12",30,0.03,1.675,1.5,0.175,3.825,0.5,4.325,0.115606936416185,5.9634375,5.45875,3.4953125,0,3.4953125,-3.50655789731998,0.333333333333333,1445000,841787.760416667,841787.760416667,0,0,0,552212.331814236,552212.331814236,0,12,97.2710784691779,70.63031,343.96187725,71.5695081967213,55.375,217.25,119.030737704918,94.21,369.875,9.51730418943534,9.44444444444444,10.5555555555556,8.88888888888889,30.2622950819672,30,30,32,3.22274350561617,3.20067977403102,3.59115262850359,3.05362161156916,5352.375,4262.04,915.835,8.29,0,0,10439.125,10456.375,10456.375,10456.375,4.257459372481,"Moderate/Unhealthy","Low",12.4836759454948,13.1564633792446,42.6384496071778,2.83267731716567,22.6222156083308,43.3128495814939,1.66076798489259,2.36439821080882,3.08124897580882,0.948198027037845,0.934616975798477,12.580490102955,25.1609802059101,0.02516098020591,2.516098020591e-05,2.516098020591e-08,21947170869143.1,0,21947170869.1431,0,21947.1708691431,0
"FASMEE23","Button","Smoke","S9PI",20240912,"11/12/2024","Lampman","B12B","B12","A",22,2,4,6,0,"","","F23B",2023-10-11,2023-10-10 19:29:00,2023-10-11 01:29:00,3,"Blue","PTFE",4,60,15,2023-10-11 01:29:00,2023-10-11 01:44:00,"Partial smoke at best","B12",30,0.03,1.675,1.5,0.175,3.825,0.5,4.325,0.115606936416185,5.9634375,5.45875,3.4953125,0,3.4953125,-3.50655789731998,0.333333333333333,1445000,841787.760416667,841787.760416667,0,0,0,552212.331814236,552212.331814236,0,12,97.2710784691779,70.63031,343.96187725,71.5695081967213,55.375,217.25,119.030737704918,94.21,369.875,9.51730418943534,9.44444444444444,10.5555555555556,8.88888888888889,30.2622950819672,30,30,32,3.22274350561617,3.20067977403102,3.59115262850359,3.05362161156916,5352.375,4262.04,915.835,8.29,0,0,10439.125,10456.375,10456.375,10456.375,4.257459372481,"Moderate/Unhealthy","Low",12.4836759454948,13.1564633792446,42.6384496071778,2.83267731716567,22.6222156083308,43.3128495814939,1.66076798489259,2.36439821080882,3.08124897580882,0.948198027037845,0.934616975798477,12.580490102955,25.1609802059101,0.02516098020591,2.516098020591e-05,2.516098020591e-08,21947170869143.1,0,21947170869.1431,0,21947.1708691431,0
"FASMEE23","Button","Smoke","S9PI",20240912,"11/12/2024","Lampman","B12B","B12","A",26,2,3,5,0,"","","F23B",2023-10-11,2023-10-10 19:29:00,2023-10-11 01:29:00,3,"Blue","PTFE",4,60,15,2023-10-11 01:29:00,2023-10-11 01:44:00,"Partial smoke at best","B12",30,0.03,1.675,1.5,0.175,2.825,0.5,3.325,0.150375939849624,5.9634375,5.45875,2.4953125,0,2.4953125,-3.50655789731998,0.4,1204166.66666667,600954.427083333,600954.427083333,0,0,0,311378.998480903,311378.998480903,0,12,97.2710784691779,70.63031,343.96187725,71.5695081967213,55.375,217.25,119.030737704918,94.21,369.875,9.51730418943534,9.44444444444444,10.5555555555556,8.88888888888889,30.2622950819672,30,30,32,3.22274350561617,3.20067977403102,3.59115262850359,3.05362161156916,5352.375,4262.04,915.835,8.29,0,0,10439.125,10456.375,10456.375,10456.375,4.257459372481,"Moderate/Unhealthy","Low",12.4836759454948,13.1564633792446,42.6384496071778,2.83267731716567,22.6222156083308,43.3128495814939,1.66076798489259,2.36439821080882,3.08124897580882,0.948198027037845,0.934616975798477,12.580490102955,25.1609802059101,0.02516098020591,2.516098020591e-05,2.516098020591e-08,12375471699936.5,0,12375471699.9365,0,12375.4716999365,0
"FASMEE23","Button","Smoke","S9PI",20240912,"11/12/2024","Lampman","B12B","B12","A",39,2,0,2,0,"","","F23B",2023-10-11,2023-10-10 19:29:00,2023-10-11 01:29:00,3,"Blue","PTFE",4,60,15,2023-10-11 01:29:00,2023-10-11 01:44:00,"Partial smoke at best","B12",30,0.03,1.675,1.5,0.175,0,0.5,0.5,1,5.9634375,5.45875,0,0,0,-3.50655789731998,1,481666.666666667,0,0,0,NA,0,0,0,NA,12,97.2710784691779,70.63031,343.96187725,71.5695081967213,55.375,217.25,119.030737704918,94.21,369.875,9.51730418943534,9.44444444444444,10.5555555555556,8.88888888888889,30.2622950819672,30,30,32,3.22274350561617,3.20067977403102,3.59115262850359,3.05362161156916,5352.375,4262.04,915.835,8.29,0,0,10439.125,10456.375,10456.375,10456.375,4.257459372481,"Moderate/Unhealthy","Low",12.4836759454948,13.1564633792446,42.6384496071778,2.83267731716567,22.6222156083308,43.3128495814939,1.66076798489259,2.36439821080882,3.08124897580882,0.948198027037845,0.934616975798477,12.580490102955,25.1609802059101,0.02516098020591,2.516098020591e-05,2.516098020591e-08,0,0,0,0,0,0
"FASMEE23","Button","Smoke","S9PI",20240926,"11/14/2024","Lampman","B11B","B11","A",3,2,0,2,NA,"","","F23B",2023-10-11,2023-10-10 18:53:00,2023-10-11 00:53:00,3,"Blue","PTFE",4,52.28,13.07,2023-10-11 00:53:00,2023-10-11 01:06:04,"Arms loose on ATAT-RTH with time remaining on leland (1:56min)","B11",26.14,0.02614,1.675,1.5,0.175,0,0.5,0.5,1,5.9634375,5.45875,0,0,0,-3.64428857078606,1,552792.654934966,0,0,0,NA,0,0,0,NA,11,126.519445912158,109.433425,372.7538288125,95.9646621621622,85.5425,240.415,159.535135135135,142.02,385.5,9.42192192192192,9.44444444444444,10,7.22222222222222,30.3108108108108,30,30,31,3.19763860610841,3.20003153837661,3.34652644641426,2.69939809952541,7999.75,6403.1875,1424.23,38.7925,0,0,15778.3125,15811,15812.25,15813.5,4.69531637348758,"Moderate/Unhealthy","Low",5.03917002239612,3.45635072732919,16.9430562803866,0.334627603826129,8.98035194956724,9.22013137699785,0.812405426978007,0.278427065808824,2.83584060580882,0.912070919480452,0.931800219280138,5.14133045415266,10.2826609083053,0.0102826609083053,1.02826609083053e-05,1.02826609083053e-08,0,0,0,0,0,0
"FASMEE23","Button","Smoke","S9PI",20240926,"11/14/2024","Lampman","B11B","B11","A",17,2,0,2,NA,"","","F23B",2023-10-11,2023-10-10 18:53:00,2023-10-11 00:53:00,3,"Blue","PTFE",4,52.28,13.07,2023-10-11 00:53:00,2023-10-11 01:06:04,"Arms loose on ATAT-RTH with time remaining on leland (1:56min)","B11",26.14,0.02614,1.675,1.5,0.175,0,0.5,0.5,1,5.9634375,5.45875,0,0,0,-3.64428857078606,1,552792.654934966,0,0,0,NA,0,0,0,NA,11,126.519445912158,109.433425,372.7538288125,95.9646621621622,85.5425,240.415,159.535135135135,142.02,385.5,9.42192192192192,9.44444444444444,10,7.22222222222222,30.3108108108108,30,30,31,3.19763860610841,3.20003153837661,3.34652644641426,2.69939809952541,7999.75,6403.1875,1424.23,38.7925,0,0,15778.3125,15811,15812.25,15813.5,4.69531637348758,"Moderate/Unhealthy","Low",5.03917002239612,3.45635072732919,16.9430562803866,0.334627603826129,8.98035194956724,9.22013137699785,0.812405426978007,0.278427065808824,2.83584060580882,0.912070919480452,0.931800219280138,5.14133045415266,10.2826609083053,0.0102826609083053,1.02826609083053e-05,1.02826609083053e-08,0,0,0,0,0,0
"FASMEE23","Button","Smoke","S9PI",20240926,"11/14/2024","Lampman","B11B","B11","A",20,2,0,2,NA,"","","F23B",2023-10-11,2023-10-10 18:53:00,2023-10-11 00:53:00,3,"Blue","PTFE",4,52.28,13.07,2023-10-11 00:53:00,2023-10-11 01:06:04,"Arms loose on ATAT-RTH with time remaining on leland (1:56min)","B11",26.14,0.02614,1.675,1.5,0.175,0,0.5,0.5,1,5.9634375,5.45875,0,0,0,-3.64428857078606,1,552792.654934966,0,0,0,NA,0,0,0,NA,11,126.519445912158,109.433425,372.7538288125,95.9646621621622,85.5425,240.415,159.535135135135,142.02,385.5,9.42192192192192,9.44444444444444,10,7.22222222222222,30.3108108108108,30,30,31,3.19763860610841,3.20003153837661,3.34652644641426,2.69939809952541,7999.75,6403.1875,1424.23,38.7925,0,0,15778.3125,15811,15812.25,15813.5,4.69531637348758,"Moderate/Unhealthy","Low",5.03917002239612,3.45635072732919,16.9430562803866,0.334627603826129,8.98035194956724,9.22013137699785,0.812405426978007,0.278427065808824,2.83584060580882,0.912070919480452,0.931800219280138,5.14133045415266,10.2826609083053,0.0102826609083053,1.02826609083053e-05,1.02826609083053e-08,0,0,0,0,0,0
"FASMEE23","Button","Smoke","S9PI",20240926,"11/14/2024","Lampman","B11B","B11","A",24,2,0,2,NA,"","","F23B",2023-10-11,2023-10-10 18:53:00,2023-10-11 00:53:00,3,"Blue","PTFE",4,52.28,13.07,2023-10-11 00:53:00,2023-10-11 01:06:04,"Arms loose on ATAT-RTH with time remaining on leland (1:56min)","B11",26.14,0.02614,1.675,1.5,0.175,0,0.5,0.5,1,5.9634375,5.45875,0,0,0,-3.64428857078606,1,552792.654934966,0,0,0,NA,0,0,0,NA,11,126.519445912158,109.433425,372.7538288125,95.9646621621622,85.5425,240.415,159.535135135135,142.02,385.5,9.42192192192192,9.44444444444444,10,7.22222222222222,30.3108108108108,30,30,31,3.19763860610841,3.20003153837661,3.34652644641426,2.69939809952541,7999.75,6403.1875,1424.23,38.7925,0,0,15778.3125,15811,15812.25,15813.5,4.69531637348758,"Moderate/Unhealthy","Low",5.03917002239612,3.45635072732919,16.9430562803866,0.334627603826129,8.98035194956724,9.22013137699785,0.812405426978007,0.278427065808824,2.83584060580882,0.912070919480452,0.931800219280138,5.14133045415266,10.2826609083053,0.0102826609083053,1.02826609083053e-05,1.02826609083053e-08,0,0,0,0,0,0
"FASMEE23","Button","Ambient","S9PI",20241117,"12/17/2024","Lampman","B2B","B2","A",8,2,0,2,NA,"","","F23B",2023-10-08,2023-10-08 15:41:00,2023-10-08 21:41:00,1,"Blue","PTFE",4,40,10,2023-10-08 21:41:00,2023-10-08 21:51:00,"","B2",20,0.02,1.675,1.5,0.175,0,0.5,0.5,1,5.9634375,5.45875,0,0,0,-3.91202300542815,1,722500,0,0,0,NA,NA,NA,NA,NA,2,3.60333222222222,3.5088,4.643,0.0863888888888889,0,1,0.325648148148148,0,2,14.3103448275862,14.1666666666667,15.5555555555556,12.7777777777778,26.5862068965517,26,25,30,3.80315690124411,3.870117245036,4.03730877881372,3.5555960775929,392.8125,126.0625,0,0,0,0,521.5625,521.5625,521.5625,521.5625,1.25527409868149,"Good","None",NA,NA,NA,NA,NA,NA,NA,NA,NA,NA,NA,NA,NA,NA,NA,NA,NA,NA,NA,NA,NA,NA
"FASMEE23","Button","Ambient","S9PI",20241117,"12/17/2024","Lampman","B2B","B2","A",20,2,0,2,NA,"","","F23B",2023-10-08,2023-10-08 15:41:00,2023-10-08 21:41:00,1,"Blue","PTFE",4,40,10,2023-10-08 21:41:00,2023-10-08 21:51:00,"","B2",20,0.02,1.675,1.5,0.175,0,0.5,0.5,1,5.9634375,5.45875,0,0,0,-3.91202300542815,1,722500,0,0,0,NA,NA,NA,NA,NA,2,3.60333222222222,3.5088,4.643,0.0863888888888889,0,1,0.325648148148148,0,2,14.3103448275862,14.1666666666667,15.5555555555556,12.7777777777778,26.5862068965517,26,25,30,3.80315690124411,3.870117245036,4.03730877881372,3.5555960775929,392.8125,126.0625,0,0,0,0,521.5625,521.5625,521.5625,521.5625,1.25527409868149,"Good","None",NA,NA,NA,NA,NA,NA,NA,NA,NA,NA,NA,NA,NA,NA,NA,NA,NA,NA,NA,NA,NA,NA
"FASMEE23","Button","Ambient","S9PI",20241117,"12/17/2024","Lampman","B2B","B2","A",30,2,2,4,NA,"","","F23B",2023-10-08,2023-10-08 15:41:00,2023-10-08 21:41:00,1,"Blue","PTFE",4,40,10,2023-10-08 21:41:00,2023-10-08 21:51:00,"","B2",20,0.02,1.675,1.5,0.175,1.825,0.5,2.325,0.21505376344086,5.9634375,5.45875,1.4953125,0,1.4953125,-3.91202300542815,0.5,1445000,540181.640625,540181.640625,0,0,NA,NA,NA,NA,2,3.60333222222222,3.5088,4.643,0.0863888888888889,0,1,0.325648148148148,0,2,14.3103448275862,14.1666666666667,15.5555555555556,12.7777777777778,26.5862068965517,26,25,30,3.80315690124411,3.870117245036,4.03730877881372,3.5555960775929,392.8125,126.0625,0,0,0,0,521.5625,521.5625,521.5625,521.5625,1.25527409868149,"Good","None",NA,NA,NA,NA,NA,NA,NA,NA,NA,NA,NA,NA,NA,NA,NA,NA,NA,NA,NA,NA,NA,NA
"FASMEE23","Button","Ambient","S9PI",20241117,"12/17/2024","Lampman","B2B","B2","A",34,2,0,2,NA,"","","F23B",2023-10-08,2023-10-08 15:41:00,2023-10-08 21:41:00,1,"Blue","PTFE",4,40,10,2023-10-08 21:41:00,2023-10-08 21:51:00,"","B2",20,0.02,1.675,1.5,0.175,0,0.5,0.5,1,5.9634375,5.45875,0,0,0,-3.91202300542815,1,722500,0,0,0,NA,NA,NA,NA,NA,2,3.60333222222222,3.5088,4.643,0.0863888888888889,0,1,0.325648148148148,0,2,14.3103448275862,14.1666666666667,15.5555555555556,12.7777777777778,26.5862068965517,26,25,30,3.80315690124411,3.870117245036,4.03730877881372,3.5555960775929,392.8125,126.0625,0,0,0,0,521.5625,521.5625,521.5625,521.5625,1.25527409868149,"Good","None",NA,NA,NA,NA,NA,NA,NA,NA,NA,NA,NA,NA,NA,NA,NA,NA,NA,NA,NA,NA,NA,NA
"FASMEE23","Button","Ambient","S9PI",20241217,"12/19/2024","Lampman","B3B","B3","A",8,2,0,2,NA,"","","F23D",2023-10-09,2023-10-09 12:17:00,2023-10-09 18:17:00,2,"Blue","PTFE",4,40,10,2023-10-09 18:17:00,2023-10-09 18:27:00,"","B3",20,0.02,1.2125,1.1125,0.1,0,0.8875,0.8875,1,5.5009375,5.07125,0,0,0,-3.91202300542815,1,722500,0,0,0,NA,NA,NA,NA,NA,3,3.73360545454545,3.7674,4.8602,0.0431818181818182,0,2.25,0.0431818181818182,0,2.25,14.1910331384016,13.8888888888889,16.1111111111111,11.6666666666667,23.6842105263158,23,21,26,3.35815549149463,3.54856909262987,4.02892321604069,2.75476213820575,46.75,16.5,0,0,0,0,72,72,72,72,1.32638510836598,"Good","None",NA,NA,NA,NA,NA,NA,NA,NA,NA,NA,NA,NA,NA,NA,NA,NA,NA,NA,NA,NA,NA,NA
"FASMEE23","Button","Ambient","S9PI",20241217,"12/19/2024","Lampman","B3B","B3","A",17,2,0,2,NA,"","","F23D",2023-10-09,2023-10-09 12:17:00,2023-10-09 18:17:00,2,"Blue","PTFE",4,40,10,2023-10-09 18:17:00,2023-10-09 18:27:00,"","B3",20,0.02,1.2125,1.1125,0.1,0,0.8875,0.8875,1,5.5009375,5.07125,0,0,0,-3.91202300542815,1,722500,0,0,0,NA,NA,NA,NA,NA,3,3.73360545454545,3.7674,4.8602,0.0431818181818182,0,2.25,0.0431818181818182,0,2.25,14.1910331384016,13.8888888888889,16.1111111111111,11.6666666666667,23.6842105263158,23,21,26,3.35815549149463,3.54856909262987,4.02892321604069,2.75476213820575,46.75,16.5,0,0,0,0,72,72,72,72,1.32638510836598,"Good","None",NA,NA,NA,NA,NA,NA,NA,NA,NA,NA,NA,NA,NA,NA,NA,NA,NA,NA,NA,NA,NA,NA
"FASMEE23","Button","Ambient","S9PI",20241217,"12/19/2024","Lampman","B3B","B3","A",18,2,0,2,NA,"","","F23D",2023-10-09,2023-10-09 12:17:00,2023-10-09 18:17:00,2,"Blue","PTFE",4,40,10,2023-10-09 18:17:00,2023-10-09 18:27:00,"","B3",20,0.02,1.2125,1.1125,0.1,0,0.8875,0.8875,1,5.5009375,5.07125,0,0,0,-3.91202300542815,1,722500,0,0,0,NA,NA,NA,NA,NA,3,3.73360545454545,3.7674,4.8602,0.0431818181818182,0,2.25,0.0431818181818182,0,2.25,14.1910331384016,13.8888888888889,16.1111111111111,11.6666666666667,23.6842105263158,23,21,26,3.35815549149463,3.54856909262987,4.02892321604069,2.75476213820575,46.75,16.5,0,0,0,0,72,72,72,72,1.32638510836598,"Good","None",NA,NA,NA,NA,NA,NA,NA,NA,NA,NA,NA,NA,NA,NA,NA,NA,NA,NA,NA,NA,NA,NA
"FASMEE23","Button","Ambient","S9PI",20241217,"12/19/2024","Lampman","B3B","B3","A",40,2,1,3,NA,"","","F23D",2023-10-09,2023-10-09 12:17:00,2023-10-09 18:17:00,2,"Blue","PTFE",4,40,10,2023-10-09 18:17:00,2023-10-09 18:27:00,"","B3",20,0.02,1.2125,1.1125,0.1,0.9,0.8875,1.7875,0.496503496503496,5.5009375,5.07125,0.5703125,0,0.5703125,-3.91202300542815,0.666666666666667,1083750,206025.390625,206025.390625,0,0,NA,NA,NA,NA,3,3.73360545454545,3.7674,4.8602,0.0431818181818182,0,2.25,0.0431818181818182,0,2.25,14.1910331384016,13.8888888888889,16.1111111111111,11.6666666666667,23.6842105263158,23,21,26,3.35815549149463,3.54856909262987,4.02892321604069,2.75476213820575,46.75,16.5,0,0,0,0,72,72,72,72,1.32638510836598,"Good","None",NA,NA,NA,NA,NA,NA,NA,NA,NA,NA,NA,NA,NA,NA,NA,NA,NA,NA,NA,NA,NA,NA
"FASMEE23","Button","Ambient","S9PI",20241217,"12/19/2024","Lampman","R1B","R1","A",3,2,0,2,NA,"","","F23D",2023-10-08,2023-10-08 13:09:00,2023-10-08 19:09:00,1,"Red","PTFE",4,40,10,2023-10-08 19:09:00,2023-10-08 19:19:00,"","R1",20,0.02,1.2125,1.1125,0.1,0,0.8875,0.8875,1,5.5009375,5.07125,0,0,0,-3.91202300542815,1,722500,0,0,0,NA,NA,NA,NA,NA,NA,NA,NA,NA,NA,NA,NA,NA,NA,NA,NA,NA,NA,NA,NA,NA,NA,NA,NA,NA,NA,NA,NA,NA,NA,NA,NA,NA,NA,NA,NA,NA,NA,NA,NA,NA,NA,NA,NA,NA,NA,NA,NA,NA,NA,NA,NA,NA,NA,NA,NA,NA,NA,NA,NA,NA,NA
"FASMEE23","Button","Ambient","S9PI",20241217,"12/19/2024","Lampman","R1B","R1","A",4,2,0,2,NA,"","","F23D",2023-10-08,2023-10-08 13:09:00,2023-10-08 19:09:00,1,"Red","PTFE",4,40,10,2023-10-08 19:09:00,2023-10-08 19:19:00,"","R1",20,0.02,1.2125,1.1125,0.1,0,0.8875,0.8875,1,5.5009375,5.07125,0,0,0,-3.91202300542815,1,722500,0,0,0,NA,NA,NA,NA,NA,NA,NA,NA,NA,NA,NA,NA,NA,NA,NA,NA,NA,NA,NA,NA,NA,NA,NA,NA,NA,NA,NA,NA,NA,NA,NA,NA,NA,NA,NA,NA,NA,NA,NA,NA,NA,NA,NA,NA,NA,NA,NA,NA,NA,NA,NA,NA,NA,NA,NA,NA,NA,NA,NA,NA,NA,NA
"FASMEE23","Button","Ambient","S9PI",20241217,"12/19/2024","Lampman","R1B","R1","A",24,2,0,2,NA,"","","F23D",2023-10-08,2023-10-08 13:09:00,2023-10-08 19:09:00,1,"Red","PTFE",4,40,10,2023-10-08 19:09:00,2023-10-08 19:19:00,"","R1",20,0.02,1.2125,1.1125,0.1,0,0.8875,0.8875,1,5.5009375,5.07125,0,0,0,-3.91202300542815,1,722500,0,0,0,NA,NA,NA,NA,NA,NA,NA,NA,NA,NA,NA,NA,NA,NA,NA,NA,NA,NA,NA,NA,NA,NA,NA,NA,NA,NA,NA,NA,NA,NA,NA,NA,NA,NA,NA,NA,NA,NA,NA,NA,NA,NA,NA,NA,NA,NA,NA,NA,NA,NA,NA,NA,NA,NA,NA,NA,NA,NA,NA,NA,NA,NA
"FASMEE23","Button","Ambient","S9PI",20241217,"12/19/2024","Lampman","R1B","R1","A",32,2,0,2,NA,"","","F23D",2023-10-08,2023-10-08 13:09:00,2023-10-08 19:09:00,1,"Red","PTFE",4,40,10,2023-10-08 19:09:00,2023-10-08 19:19:00,"","R1",20,0.02,1.2125,1.1125,0.1,0,0.8875,0.8875,1,5.5009375,5.07125,0,0,0,-3.91202300542815,1,722500,0,0,0,NA,NA,NA,NA,NA,NA,NA,NA,NA,NA,NA,NA,NA,NA,NA,NA,NA,NA,NA,NA,NA,NA,NA,NA,NA,NA,NA,NA,NA,NA,NA,NA,NA,NA,NA,NA,NA,NA,NA,NA,NA,NA,NA,NA,NA,NA,NA,NA,NA,NA,NA,NA,NA,NA,NA,NA,NA,NA,NA,NA,NA,NA
"FASMEE23","Button","Ambient","S9PI",20241217,"12/20/2024","Lampman","R2B","R2","A",11,2,0,2,NA,"","","F23D",2023-10-08,2023-10-08 13:40:00,2023-10-08 19:40:00,1,"Red","PTFE",4,40,10,2023-10-08 19:40:00,2023-10-08 19:50:00,"","R2",20,0.02,1.2125,1.1125,0.1,0,0.8875,0.8875,1,5.5009375,5.07125,0,0,0,-3.91202300542815,1,722500,0,0,0,NA,NA,NA,NA,NA,NA,NA,NA,NA,NA,NA,NA,NA,NA,NA,NA,NA,NA,NA,NA,NA,NA,NA,NA,NA,NA,NA,NA,NA,NA,NA,NA,NA,NA,NA,NA,NA,NA,NA,NA,NA,NA,NA,NA,NA,NA,NA,NA,NA,NA,NA,NA,NA,NA,NA,NA,NA,NA,NA,NA,NA,NA
"FASMEE23","Button","Ambient","S9PI",20241217,"12/20/2024","Lampman","R3B","R3","A",4,2,0,2,NA,"","","F23D",2023-10-08,2023-10-08 14:10:00,2023-10-08 20:10:00,1,"Red","PTFE",4,40,10,2023-10-08 20:10:00,2023-10-08 20:20:00,"","R3",20,0.02,1.2125,1.1125,0.1,0,0.8875,0.8875,1,5.5009375,5.07125,0,0,0,-3.91202300542815,1,722500,0,0,0,NA,NA,NA,NA,NA,NA,NA,NA,NA,NA,NA,NA,NA,NA,NA,NA,NA,NA,NA,NA,NA,NA,NA,NA,NA,NA,NA,NA,NA,NA,NA,NA,NA,NA,NA,NA,NA,NA,NA,NA,NA,NA,NA,NA,NA,NA,NA,NA,NA,NA,NA,NA,NA,NA,NA,NA,NA,NA,NA,NA,NA,NA
"FASMEE23","Button","Ambient","S9PI",20241217,"12/20/2024","Lampman","R3B","R3","A",17,2,0,2,NA,"","","F23D",2023-10-08,2023-10-08 14:10:00,2023-10-08 20:10:00,1,"Red","PTFE",4,40,10,2023-10-08 20:10:00,2023-10-08 20:20:00,"","R3",20,0.02,1.2125,1.1125,0.1,0,0.8875,0.8875,1,5.5009375,5.07125,0,0,0,-3.91202300542815,1,722500,0,0,0,NA,NA,NA,NA,NA,NA,NA,NA,NA,NA,NA,NA,NA,NA,NA,NA,NA,NA,NA,NA,NA,NA,NA,NA,NA,NA,NA,NA,NA,NA,NA,NA,NA,NA,NA,NA,NA,NA,NA,NA,NA,NA,NA,NA,NA,NA,NA,NA,NA,NA,NA,NA,NA,NA,NA,NA,NA,NA,NA,NA,NA,NA
"FASMEE23","Button","Ambient","S9PI",20241217,"12/20/2024","Lampman","R3B","R3","A",27,2,0,2,NA,"","","F23D",2023-10-08,2023-10-08 14:10:00,2023-10-08 20:10:00,1,"Red","PTFE",4,40,10,2023-10-08 20:10:00,2023-10-08 20:20:00,"","R3",20,0.02,1.2125,1.1125,0.1,0,0.8875,0.8875,1,5.5009375,5.07125,0,0,0,-3.91202300542815,1,722500,0,0,0,NA,NA,NA,NA,NA,NA,NA,NA,NA,NA,NA,NA,NA,NA,NA,NA,NA,NA,NA,NA,NA,NA,NA,NA,NA,NA,NA,NA,NA,NA,NA,NA,NA,NA,NA,NA,NA,NA,NA,NA,NA,NA,NA,NA,NA,NA,NA,NA,NA,NA,NA,NA,NA,NA,NA,NA,NA,NA,NA,NA,NA,NA
"FASMEE23","Button","Ambient","S9PI",20241217,"12/20/2024","Lampman","R3B","R3","A",28,2,0,2,NA,"","","F23D",2023-10-08,2023-10-08 14:10:00,2023-10-08 20:10:00,1,"Red","PTFE",4,40,10,2023-10-08 20:10:00,2023-10-08 20:20:00,"","R3",20,0.02,1.2125,1.1125,0.1,0,0.8875,0.8875,1,5.5009375,5.07125,0,0,0,-3.91202300542815,1,722500,0,0,0,NA,NA,NA,NA,NA,NA,NA,NA,NA,NA,NA,NA,NA,NA,NA,NA,NA,NA,NA,NA,NA,NA,NA,NA,NA,NA,NA,NA,NA,NA,NA,NA,NA,NA,NA,NA,NA,NA,NA,NA,NA,NA,NA,NA,NA,NA,NA,NA,NA,NA,NA,NA,NA,NA,NA,NA,NA,NA,NA,NA,NA,NA
"FASMEE23","Button","Ambient","S9PI",20241217,"12/20/2024","Lampman","R3B","R3","A",30,2,1,3,NA,"","","F23D",2023-10-08,2023-10-08 14:10:00,2023-10-08 20:10:00,1,"Red","PTFE",4,40,10,2023-10-08 20:10:00,2023-10-08 20:20:00,"","R3",20,0.02,1.2125,1.1125,0.1,0.9,0.8875,1.7875,0.496503496503496,5.5009375,5.07125,0.5703125,0,0.5703125,-3.91202300542815,0.666666666666667,1083750,206025.390625,206025.390625,0,0,NA,NA,NA,NA,NA,NA,NA,NA,NA,NA,NA,NA,NA,NA,NA,NA,NA,NA,NA,NA,NA,NA,NA,NA,NA,NA,NA,NA,NA,NA,NA,NA,NA,NA,NA,NA,NA,NA,NA,NA,NA,NA,NA,NA,NA,NA,NA,NA,NA,NA,NA,NA,NA,NA,NA,NA,NA,NA,NA,NA,NA
"FASMEE23","Button","Ambient","S9PI",20241217,"12/20/2024","Lampman","R3B","R3","A",32,2,0,2,NA,"","","F23D",2023-10-08,2023-10-08 14:10:00,2023-10-08 20:10:00,1,"Red","PTFE",4,40,10,2023-10-08 20:10:00,2023-10-08 20:20:00,"","R3",20,0.02,1.2125,1.1125,0.1,0,0.8875,0.8875,1,5.5009375,5.07125,0,0,0,-3.91202300542815,1,722500,0,0,0,NA,NA,NA,NA,NA,NA,NA,NA,NA,NA,NA,NA,NA,NA,NA,NA,NA,NA,NA,NA,NA,NA,NA,NA,NA,NA,NA,NA,NA,NA,NA,NA,NA,NA,NA,NA,NA,NA,NA,NA,NA,NA,NA,NA,NA,NA,NA,NA,NA,NA,NA,NA,NA,NA,NA,NA,NA,NA,NA,NA,NA,NA
"FASMEE23","Button","Ambient","S9PI",20241223,"12/23/2024","Lampman","R4B","R4","A",9,2,0,2,NA,"","","F23D",2023-10-08,2023-10-08 14:28:00,2023-10-08 20:28:00,1,"Red","PTFE",4,40,10,2023-10-08 20:28:00,2023-10-08 20:38:00,"","R4",20,0.02,1.2125,1.1125,0.1,0,0.8875,0.8875,1,5.5009375,5.07125,0,0,0,-3.91202300542815,1,722500,0,0,0,NA,NA,NA,NA,NA,NA,NA,NA,NA,NA,NA,NA,NA,NA,NA,NA,NA,NA,NA,NA,NA,NA,NA,NA,NA,NA,NA,NA,NA,NA,NA,NA,NA,NA,NA,NA,NA,NA,NA,NA,NA,NA,NA,NA,NA,NA,NA,NA,NA,NA,NA,NA,NA,NA,NA,NA,NA,NA,NA,NA,NA,NA
"FASMEE23","Button","Ambient","S9PI",20241223,"12/23/2024","Lampman","R4B","R4","A",10,2,1,3,NA,"","","F23D",2023-10-08,2023-10-08 14:28:00,2023-10-08 20:28:00,1,"Red","PTFE",4,40,10,2023-10-08 20:28:00,2023-10-08 20:38:00,"","R4",20,0.02,1.2125,1.1125,0.1,0.9,0.8875,1.7875,0.496503496503496,5.5009375,5.07125,0.5703125,0,0.5703125,-3.91202300542815,0.666666666666667,1083750,206025.390625,206025.390625,0,0,NA,NA,NA,NA,NA,NA,NA,NA,NA,NA,NA,NA,NA,NA,NA,NA,NA,NA,NA,NA,NA,NA,NA,NA,NA,NA,NA,NA,NA,NA,NA,NA,NA,NA,NA,NA,NA,NA,NA,NA,NA,NA,NA,NA,NA,NA,NA,NA,NA,NA,NA,NA,NA,NA,NA,NA,NA,NA,NA,NA,NA
"FASMEE23","Button","Ambient","S9PI",20241223,"12/23/2024","Lampman","R4B","R4","A",19,2,0,2,NA,"","","F23D",2023-10-08,2023-10-08 14:28:00,2023-10-08 20:28:00,1,"Red","PTFE",4,40,10,2023-10-08 20:28:00,2023-10-08 20:38:00,"","R4",20,0.02,1.2125,1.1125,0.1,0,0.8875,0.8875,1,5.5009375,5.07125,0,0,0,-3.91202300542815,1,722500,0,0,0,NA,NA,NA,NA,NA,NA,NA,NA,NA,NA,NA,NA,NA,NA,NA,NA,NA,NA,NA,NA,NA,NA,NA,NA,NA,NA,NA,NA,NA,NA,NA,NA,NA,NA,NA,NA,NA,NA,NA,NA,NA,NA,NA,NA,NA,NA,NA,NA,NA,NA,NA,NA,NA,NA,NA,NA,NA,NA,NA,NA,NA,NA
"FASMEE23","Button","Ambient","S9PI",20241223,"12/23/2024","Lampman","R4B","R4","A",30,2,0,2,NA,"","","F23D",2023-10-08,2023-10-08 14:28:00,2023-10-08 20:28:00,1,"Red","PTFE",4,40,10,2023-10-08 20:28:00,2023-10-08 20:38:00,"","R4",20,0.02,1.2125,1.1125,0.1,0,0.8875,0.8875,1,5.5009375,5.07125,0,0,0,-3.91202300542815,1,722500,0,0,0,NA,NA,NA,NA,NA,NA,NA,NA,NA,NA,NA,NA,NA,NA,NA,NA,NA,NA,NA,NA,NA,NA,NA,NA,NA,NA,NA,NA,NA,NA,NA,NA,NA,NA,NA,NA,NA,NA,NA,NA,NA,NA,NA,NA,NA,NA,NA,NA,NA,NA,NA,NA,NA,NA,NA,NA,NA,NA,NA,NA,NA,NA
"FASMEE23","Button","Smoke","S9PI",20250115,"1/31/2025","Lampman","B6B","B6","A",7,2,0,2,NA,"","","F23E",2023-10-09,2023-10-09 15:17:00,2023-10-09 21:17:00,2,"Blue","PTFE",4,60,15,2023-10-09 21:17:00,2023-10-09 21:32:00,"","B6",30,0.03,2.1,2.1,0,0,0,0,NA,6.3884375,6.05875,0,0,0,-3.50655789731998,1,481666.666666667,0,0,0,NA,0,0,0,NA,6,2552.17293182856,2955.6625303125,6517.6734277669,154.507209302326,194.25,313.25,1664.15703488372,1963.75,3738.33,13.8242894056848,13.8888888888889,15.5555555555556,11.1111111111111,23.2209302325581,23,22,26,3.31172741096193,3.36444793603563,3.99314168636426,2.60160702948977,31377.8325,30549.3325,22195.395,4200.125,822.5,468.5,83635.29,87917.25,88776.25,89658.9375,7.9914781112452,"Hazardous","High",431.473416388428,332.035187727671,1516.66468062123,39.6013389194573,823.729565151522,1165.0074584524,35.5148560084716,33.6919988392252,74.8868796292252,0.956378385565098,0.96119482754625,436.857954671367,873.715909342734,0.873715909342734,0.000873715909342734,8.73715909342734e-07,0,0,0,0,0,0
"FASMEE23","Button","Ambient","S9PI",20250115,"1/31/2025","Lampman","R6B","R6","A",38,2,0,2,NA,"","","F23E",2023-10-09,2023-10-09 12:11:00,2023-10-09 18:11:00,2,"Red","PTFE",4,40,10,2023-10-09 18:11:00,2023-10-09 18:21:00,"","R6",20,0.02,2.1,2.1,0,0,0,0,NA,6.3884375,6.05875,0,0,0,-3.91202300542815,1,722500,0,0,0,NA,NA,NA,NA,NA,NA,NA,NA,NA,NA,NA,NA,NA,NA,NA,NA,NA,NA,NA,NA,NA,NA,NA,NA,NA,NA,NA,NA,NA,NA,NA,NA,NA,NA,NA,NA,NA,NA,NA,NA,NA,NA,NA,NA,NA,NA,NA,NA,NA,NA,NA,NA,NA,NA,NA,NA,NA,NA,NA,NA,NA,NA
"FASMEE23","Button","Ambient","S9PI",20241223,"1/13/2025","Lampman","R5B","R5","A",8,2,0,2,NA,"","","F23D",2023-10-08,2023-10-08 15:41:00,2023-10-08 21:41:00,1,"Red","PTFE",4,40,10,2023-10-08 21:41:00,2023-10-08 21:51:00,"","R5",20,0.02,1.2125,1.1125,0.1,0,0.8875,0.8875,1,5.5009375,5.07125,0,0,0,-3.91202300542815,1,722500,0,0,0,NA,NA,NA,NA,NA,NA,NA,NA,NA,NA,NA,NA,NA,NA,NA,NA,NA,NA,NA,NA,NA,NA,NA,NA,NA,NA,NA,NA,NA,NA,NA,NA,NA,NA,NA,NA,NA,NA,NA,NA,NA,NA,NA,NA,NA,NA,NA,NA,NA,NA,NA,NA,NA,NA,NA,NA,NA,NA,NA,NA,NA,NA
"FASMEE23","Button","Ambient","S9PI",20241223,"1/13/2025","Lampman","R5B","R5","A",12,2,0,2,NA,"","","F23D",2023-10-08,2023-10-08 15:41:00,2023-10-08 21:41:00,1,"Red","PTFE",4,40,10,2023-10-08 21:41:00,2023-10-08 21:51:00,"","R5",20,0.02,1.2125,1.1125,0.1,0,0.8875,0.8875,1,5.5009375,5.07125,0,0,0,-3.91202300542815,1,722500,0,0,0,NA,NA,NA,NA,NA,NA,NA,NA,NA,NA,NA,NA,NA,NA,NA,NA,NA,NA,NA,NA,NA,NA,NA,NA,NA,NA,NA,NA,NA,NA,NA,NA,NA,NA,NA,NA,NA,NA,NA,NA,NA,NA,NA,NA,NA,NA,NA,NA,NA,NA,NA,NA,NA,NA,NA,NA,NA,NA,NA,NA,NA,NA
"FASMEE23","Button","Ambient","S9PI",20241223,"1/13/2025","Lampman","R5B","R5","A",24,2,0,2,NA,"","","F23D",2023-10-08,2023-10-08 15:41:00,2023-10-08 21:41:00,1,"Red","PTFE",4,40,10,2023-10-08 21:41:00,2023-10-08 21:51:00,"","R5",20,0.02,1.2125,1.1125,0.1,0,0.8875,0.8875,1,5.5009375,5.07125,0,0,0,-3.91202300542815,1,722500,0,0,0,NA,NA,NA,NA,NA,NA,NA,NA,NA,NA,NA,NA,NA,NA,NA,NA,NA,NA,NA,NA,NA,NA,NA,NA,NA,NA,NA,NA,NA,NA,NA,NA,NA,NA,NA,NA,NA,NA,NA,NA,NA,NA,NA,NA,NA,NA,NA,NA,NA,NA,NA,NA,NA,NA,NA,NA,NA,NA,NA,NA,NA,NA
"FASMEE23","Button","Smoke","S9PI",20250203,"2/12/2025","Lampman","R10B","R10","A",14,2,0,2,1,"18","","F23E",2023-10-10,2023-10-09 18:17:00,2023-10-10 00:17:00,2,"Red","PTFE",4,60,15,2023-10-10 00:17:00,2023-10-10 00:32:00,"","R10",30,0.03,2.1,2.1,0,0,0,0,NA,6.3884375,6.05875,0,0,0,-3.50655789731998,1,481666.666666667,0,0,0,NA,0,0,0,NA,NA,NA,NA,NA,NA,NA,NA,NA,NA,NA,NA,NA,NA,NA,NA,NA,NA,NA,NA,NA,NA,NA,NA,NA,NA,NA,NA,NA,NA,NA,NA,NA,NA,NA,NA,NA,NA,NA,NA,NA,NA,NA,NA,NA,NA,NA,NA,NA,NA,NA,NA,NA,NA,NA,NA,NA,NA
"FASMEE23","Button","Smoke","S9PI",20250212,"2/12/2025","Lampman","R11B","R11","A",19,2,0,2,NA,"","","F23F",2023-10-10,2023-10-09 18:45:00,2023-10-10 00:45:00,2,"Red","PTFE",4,60,15,2023-10-10 00:45:00,2023-10-10 01:00:00,"","R11",30,0.03,1.25,1.25,0,0,0.75,0.75,1,5.5384375,5.20875,0,0,0,-3.50655789731998,1,481666.666666667,0,0,0,NA,0,0,0,NA,NA,NA,NA,NA,NA,NA,NA,NA,NA,NA,NA,NA,NA,NA,NA,NA,NA,NA,NA,NA,NA,NA,NA,NA,NA,NA,NA,NA,NA,NA,NA,NA,NA,NA,NA,NA,NA,NA,NA,NA,NA,NA,NA,NA,NA,NA,NA,NA,NA,NA,NA,NA,NA,NA,NA,NA,NA
"FASMEE23","Button","Smoke","S9PI",20250212,"2/24/2025","Lampman","R13B","R13","A",9,2,0,2,NA,"","","F23F",2023-10-11,2023-10-10 18:25:00,2023-10-11 00:25:00,3,"Red","PTFE",4,60,15,2023-10-11 00:25:00,2023-10-11 00:40:00,"Partial smoke at best","R13",30,0.03,1.25,1.25,0,0,0.75,0.75,1,5.5384375,5.20875,0,0,0,-3.50655789731998,1,481666.666666667,0,0,0,NA,0,0,0,NA,NA,NA,NA,NA,NA,NA,NA,NA,NA,NA,NA,NA,NA,NA,NA,NA,NA,NA,NA,NA,NA,NA,NA,NA,NA,NA,NA,NA,NA,NA,NA,NA,NA,NA,NA,NA,NA,NA,NA,NA,NA,NA,NA,NA,NA,NA,NA,NA,NA,NA,NA,NA,NA,NA,NA,NA,NA
"FASMEE23","Button","Smoke","S9PI",20250212,"2/24/2025","Lampman","R13B","R13","A",40,2,0,2,NA,"","","F23F",2023-10-11,2023-10-10 18:25:00,2023-10-11 00:25:00,3,"Red","PTFE",4,60,15,2023-10-11 00:25:00,2023-10-11 00:40:00,"Partial smoke at best","R13",30,0.03,1.25,1.25,0,0,0.75,0.75,1,5.5384375,5.20875,0,0,0,-3.50655789731998,1,481666.666666667,0,0,0,NA,0,0,0,NA,NA,NA,NA,NA,NA,NA,NA,NA,NA,NA,NA,NA,NA,NA,NA,NA,NA,NA,NA,NA,NA,NA,NA,NA,NA,NA,NA,NA,NA,NA,NA,NA,NA,NA,NA,NA,NA,NA,NA,NA,NA,NA,NA,NA,NA,NA,NA,NA,NA,NA,NA,NA,NA,NA,NA,NA,NA
"FASMEE23","Button","Smoke","S9PI",20250212,"2/26/2025","Lampman","R14B","R14","A",1,2,12,14,NA,"","","F23F",2023-10-11,2023-10-10 18:53:00,2023-10-11 00:53:00,3,"Red","PTFE",4,60,15,2023-10-11 00:53:00,2023-10-11 01:08:00,"Partial smoke at best","R14",30,0.03,1.25,1.25,0,12,0.75,12.75,0.0588235294117647,5.5384375,5.20875,11.6703125,0,11.6703125,-3.50655789731998,0.142857142857143,3371666.66666667,2810600.26041667,2810600.26041667,0,0,0,2521024.83181424,2521024.83181424,0,NA,NA,NA,NA,NA,NA,NA,NA,NA,NA,NA,NA,NA,NA,NA,NA,NA,NA,NA,NA,NA,NA,NA,NA,NA,NA,NA,NA,NA,NA,NA,NA,NA,NA,NA,NA,NA,NA,NA,NA,NA,NA,NA,NA,NA,NA,NA,NA,NA,NA,NA,NA,NA,NA,NA,NA,NA
"FASMEE23","Button","Smoke","S9PI",20250212,"2/26/2025","Lampman","R14B","R14","A",4,2,0,2,NA,"","","F23F",2023-10-11,2023-10-10 18:53:00,2023-10-11 00:53:00,3,"Red","PTFE",4,60,15,2023-10-11 00:53:00,2023-10-11 01:08:00,"Partial smoke at best","R14",30,0.03,1.25,1.25,0,0,0.75,0.75,1,5.5384375,5.20875,0,0,0,-3.50655789731998,1,481666.666666667,0,0,0,NA,0,0,0,NA,NA,NA,NA,NA,NA,NA,NA,NA,NA,NA,NA,NA,NA,NA,NA,NA,NA,NA,NA,NA,NA,NA,NA,NA,NA,NA,NA,NA,NA,NA,NA,NA,NA,NA,NA,NA,NA,NA,NA,NA,NA,NA,NA,NA,NA,NA,NA,NA,NA,NA,NA,NA,NA,NA,NA,NA,NA
"FASMEE23","Button","Smoke","S9PI",20250212,"2/26/2025","Lampman","R14B","R14","A",37,2,0,2,NA,"","","F23F",2023-10-11,2023-10-10 18:53:00,2023-10-11 00:53:00,3,"Red","PTFE",4,60,15,2023-10-11 00:53:00,2023-10-11 01:08:00,"Partial smoke at best","R14",30,0.03,1.25,1.25,0,0,0.75,0.75,1,5.5384375,5.20875,0,0,0,-3.50655789731998,1,481666.666666667,0,0,0,NA,0,0,0,NA,NA,NA,NA,NA,NA,NA,NA,NA,NA,NA,NA,NA,NA,NA,NA,NA,NA,NA,NA,NA,NA,NA,NA,NA,NA,NA,NA,NA,NA,NA,NA,NA,NA,NA,NA,NA,NA,NA,NA,NA,NA,NA,NA,NA,NA,NA,NA,NA,NA,NA,NA,NA,NA,NA,NA,NA,NA
"FASMEE23","Button","Smoke","S9PI",20250127,"3/3/2025","Lampman","B9B","B9","A",14,2,3,5,NA,"","","F23E",2023-10-10,2023-10-10 15:09:00,2023-10-10 21:09:00,3,"Blue","PTFE",4,60,15,2023-10-10 21:09:00,2023-10-10 21:24:00,"","B9",30,0.03,2.1,2.1,0,3,0,3,0,6.3884375,6.05875,2.6703125,0,2.6703125,-3.50655789731998,0.4,1204166.66666667,643100.260416667,643100.260416667,0,0,0,353524.831814236,353524.831814236,0,9,584.100794087505,188.516922417344,3114.5911041344,176.698148148148,130.5,422.625,446.172839506173,237.875,1716.21,10.8074935400517,10.5555555555556,11.6666666666667,10,33.0116279069767,33,31,34,3.84755654322465,3.82515368908763,4.16705056996941,3.64859285797902,11336.5,10298.67,2475.79,88.25,0.125,0,24722.5,24835.125,24836.25,24837.375,5.23918777695593,"Very Unhealthy","Low",61.2042743966305,66.3921308617705,201.814906555965,15.7464380900351,108.784440826061,218.711205508665,12.1776042318889,13.3199766930851,24.5377224480851,0.896793933565282,0.89807374740202,62.9928010192709,125.985602038542,0.125985602038542,0.000125985602038542,1.25985602038542e-07,2806073282136.52,0,2806073282.13652,0,2806.07328213652,0
"FASMEE23","Button","Smoke","S9PI",20250221,"2/28/2025","Lampman","R15B","R15","A",4,2,0,2,NA,"","","F23F",2023-10-11,2023-10-10 19:21:00,2023-10-11 01:21:00,3,"Red","PTFE",4,60,15,2023-10-11 01:21:00,2023-10-11 01:36:00,"Partial smoke at best","R15",30,0.03,1.25,1.25,0,0,0.75,0.75,1,5.5384375,5.20875,0,0,0,-3.50655789731998,1,481666.666666667,0,0,0,NA,0,0,0,NA,NA,NA,NA,NA,NA,NA,NA,NA,NA,NA,NA,NA,NA,NA,NA,NA,NA,NA,NA,NA,NA,NA,NA,NA,NA,NA,NA,NA,NA,NA,NA,NA,NA,NA,NA,NA,NA,NA,NA,NA,NA,NA,NA,NA,NA,NA,NA,NA,NA,NA,NA,NA,NA,NA,NA,NA,NA
"FASMEE23","Button","Smoke","S9PI",20250221,"2/28/2025","Lampman","R15B","R15","A",14,2,0,2,NA,"","","F23F",2023-10-11,2023-10-10 19:21:00,2023-10-11 01:21:00,3,"Red","PTFE",4,60,15,2023-10-11 01:21:00,2023-10-11 01:36:00,"Partial smoke at best","R15",30,0.03,1.25,1.25,0,0,0.75,0.75,1,5.5384375,5.20875,0,0,0,-3.50655789731998,1,481666.666666667,0,0,0,NA,0,0,0,NA,NA,NA,NA,NA,NA,NA,NA,NA,NA,NA,NA,NA,NA,NA,NA,NA,NA,NA,NA,NA,NA,NA,NA,NA,NA,NA,NA,NA,NA,NA,NA,NA,NA,NA,NA,NA,NA,NA,NA,NA,NA,NA,NA,NA,NA,NA,NA,NA,NA,NA,NA,NA,NA,NA,NA,NA,NA
"FASMEE23","Button","Smoke","S9PI",20250221,"2/28/2025","Lampman","R15B","R15","A",23,2,0,2,NA,"","","F23F",2023-10-11,2023-10-10 19:21:00,2023-10-11 01:21:00,3,"Red","PTFE",4,60,15,2023-10-11 01:21:00,2023-10-11 01:36:00,"Partial smoke at best","R15",30,0.03,1.25,1.25,0,0,0.75,0.75,1,5.5384375,5.20875,0,0,0,-3.50655789731998,1,481666.666666667,0,0,0,NA,0,0,0,NA,NA,NA,NA,NA,NA,NA,NA,NA,NA,NA,NA,NA,NA,NA,NA,NA,NA,NA,NA,NA,NA,NA,NA,NA,NA,NA,NA,NA,NA,NA,NA,NA,NA,NA,NA,NA,NA,NA,NA,NA,NA,NA,NA,NA,NA,NA,NA,NA,NA,NA,NA,NA,NA,NA,NA,NA,NA
"FASMEE23","Button","Smoke","S9PI",20250221,"2/28/2025","Lampman","R15B","R15","A",28,2,0,2,NA,"","","F23F",2023-10-11,2023-10-10 19:21:00,2023-10-11 01:21:00,3,"Red","PTFE",4,60,15,2023-10-11 01:21:00,2023-10-11 01:36:00,"Partial smoke at best","R15",30,0.03,1.25,1.25,0,0,0.75,0.75,1,5.5384375,5.20875,0,0,0,-3.50655789731998,1,481666.666666667,0,0,0,NA,0,0,0,NA,NA,NA,NA,NA,NA,NA,NA,NA,NA,NA,NA,NA,NA,NA,NA,NA,NA,NA,NA,NA,NA,NA,NA,NA,NA,NA,NA,NA,NA,NA,NA,NA,NA,NA,NA,NA,NA,NA,NA,NA,NA,NA,NA,NA,NA,NA,NA,NA,NA,NA,NA,NA,NA,NA,NA,NA,NA
"FASMEE23","Button","Smoke","S9PI",20250221,"2/28/2025","Lampman","R15B","R15","A",36,2,0,2,NA,"","","F23F",2023-10-11,2023-10-10 19:21:00,2023-10-11 01:21:00,3,"Red","PTFE",4,60,15,2023-10-11 01:21:00,2023-10-11 01:36:00,"Partial smoke at best","R15",30,0.03,1.25,1.25,0,0,0.75,0.75,1,5.5384375,5.20875,0,0,0,-3.50655789731998,1,481666.666666667,0,0,0,NA,0,0,0,NA,NA,NA,NA,NA,NA,NA,NA,NA,NA,NA,NA,NA,NA,NA,NA,NA,NA,NA,NA,NA,NA,NA,NA,NA,NA,NA,NA,NA,NA,NA,NA,NA,NA,NA,NA,NA,NA,NA,NA,NA,NA,NA,NA,NA,NA,NA,NA,NA,NA,NA,NA,NA,NA,NA,NA,NA,NA
"FASMEE23","Button","Smoke","S9PI",20240505,"3/31/2025","Lampman","R8B","R8B","A",20,2,0,2,NA,"","","F23A",2023-10-09,2023-10-09 14:54:00,2023-10-09 20:54:00,2,"Red","PTFE",4,60,15,2023-10-09 20:54:00,2023-10-09 21:09:00,"Tons of smoke, probably best sample","R8",30,0.03,2.225,2.225,0,0,0,0,NA,6.5134375,6.18375,0,0,0,-3.50655789731998,1,481666.666666667,0,0,0,NA,0,0,0,NA,NA,NA,NA,NA,NA,NA,NA,NA,NA,NA,NA,NA,NA,NA,NA,NA,NA,NA,NA,NA,NA,NA,NA,NA,NA,NA,NA,NA,NA,NA,NA,NA,NA,NA,NA,NA,NA,NA,NA,NA,NA,NA,NA,NA,NA,NA,NA,NA,NA,NA,NA,NA,NA,NA,NA,NA,NA
"FASMEE23","Button","Smoke","S9PI",20240505,"3/31/2025","Lampman","R8B","R8B","A",35,2,4,6,NA,"","","F23A",2023-10-09,2023-10-09 14:54:00,2023-10-09 20:54:00,2,"Red","PTFE",4,60,15,2023-10-09 20:54:00,2023-10-09 21:09:00,"Tons of smoke, probably best sample","R8",30,0.03,2.225,2.225,0,4,0,4,0,6.5134375,6.18375,3.6703125,0,3.6703125,-3.50655789731998,0.333333333333333,1445000,883933.59375,883933.59375,0,0,0,594358.165147569,594358.165147569,0,NA,NA,NA,NA,NA,NA,NA,NA,NA,NA,NA,NA,NA,NA,NA,NA,NA,NA,NA,NA,NA,NA,NA,NA,NA,NA,NA,NA,NA,NA,NA,NA,NA,NA,NA,NA,NA,NA,NA,NA,NA,NA,NA,NA,NA,NA,NA,NA,NA,NA,NA,NA,NA,NA,NA,NA,NA
"FASMEE23","Button","Smoke","S9PI",20250221,"4/11/2025","Lampman","B7B","B7","A",23,2,0,2,NA,"","","F23F",2023-10-10,2023-10-09 18:17:00,2023-10-10 00:17:00,2,"Blue","PTFE",4,60,15,2023-10-10 00:17:00,2023-10-10 00:32:00,"","B7",30,0.03,1.25,1.25,0,0,0.75,0.75,1,5.5384375,5.20875,0,0,0,-3.50655789731998,1,481666.666666667,0,0,0,NA,0,0,0,NA,7,1625.52013208166,1670.54342003125,4296.5432918125,191.864464285714,243.5,323.75,1134.54755952381,1266.25,2565.125,11.9378306878307,12.2222222222222,12.7777777777778,9.44444444444444,27.4642857142857,27,27,29,3.43830869055206,3.49798559298276,3.81130962441916,2.83267941327911,27600.25,26431.75,16400.9375,2164.5625,366.75,209,70499.125,72762.875,73162.6025,73501.915,7.42090425369562,"Hazardous","High",NA,NA,NA,NA,NA,NA,NA,NA,NA,NA,NA,NA,NA,NA,NA,NA,NA,NA,NA,NA,NA,NA
"FASMEE23","Button","Smoke","S9PI",20250221,"4/11/2025","Lampman","B7B","B7","A",35,2,0,2,NA,"","","F23F",2023-10-10,2023-10-09 18:17:00,2023-10-10 00:17:00,2,"Blue","PTFE",4,60,15,2023-10-10 00:17:00,2023-10-10 00:32:00,"","B7",30,0.03,1.25,1.25,0,0,0.75,0.75,1,5.5384375,5.20875,0,0,0,-3.50655789731998,1,481666.666666667,0,0,0,NA,0,0,0,NA,7,1625.52013208166,1670.54342003125,4296.5432918125,191.864464285714,243.5,323.75,1134.54755952381,1266.25,2565.125,11.9378306878307,12.2222222222222,12.7777777777778,9.44444444444444,27.4642857142857,27,27,29,3.43830869055206,3.49798559298276,3.81130962441916,2.83267941327911,27600.25,26431.75,16400.9375,2164.5625,366.75,209,70499.125,72762.875,73162.6025,73501.915,7.42090425369562,"Hazardous","High",NA,NA,NA,NA,NA,NA,NA,NA,NA,NA,NA,NA,NA,NA,NA,NA,NA,NA,NA,NA,NA,NA
"FASMEE23","Button","Smoke","S9PI",20250221,"4/11/2025","Lampman","B7B","B7","A",37,2,0,2,NA,"","","F23F",2023-10-10,2023-10-09 18:17:00,2023-10-10 00:17:00,2,"Blue","PTFE",4,60,15,2023-10-10 00:17:00,2023-10-10 00:32:00,"","B7",30,0.03,1.25,1.25,0,0,0.75,0.75,1,5.5384375,5.20875,0,0,0,-3.50655789731998,1,481666.666666667,0,0,0,NA,0,0,0,NA,7,1625.52013208166,1670.54342003125,4296.5432918125,191.864464285714,243.5,323.75,1134.54755952381,1266.25,2565.125,11.9378306878307,12.2222222222222,12.7777777777778,9.44444444444444,27.4642857142857,27,27,29,3.43830869055206,3.49798559298276,3.81130962441916,2.83267941327911,27600.25,26431.75,16400.9375,2164.5625,366.75,209,70499.125,72762.875,73162.6025,73501.915,7.42090425369562,"Hazardous","High",NA,NA,NA,NA,NA,NA,NA,NA,NA,NA,NA,NA,NA,NA,NA,NA,NA,NA,NA,NA,NA,NA
"FASMEE23","Button","Smoke","S9PI",20250221,"3/10/2025","Lampman","B8B","B8","A",15,2,0,2,NA,"","","F23F",2023-10-10,2023-10-09 18:45:00,2023-10-10 00:45:00,2,"Blue","PTFE",4,60,15,2023-10-10 00:45:00,2023-10-10 01:00:00,"","B8",30,0.03,1.25,1.25,0,0,0.75,0.75,1,5.5384375,5.20875,0,0,0,-3.50655789731998,1,481666.666666667,0,0,0,NA,0,0,0,NA,8,1205.06665382693,1303.733104,3018.616525,226.646470588235,286,417.125,876.608941176471,1025.165,1821,12.078431372549,11.6666666666667,13.8888888888889,10.5555555555556,27.6117647058824,28,26,30,3.48006033349395,3.49058669865849,3.8025217445426,3.05727862595733,26588.54,25222.5,13803,1123.75,154.17,81.33,66054.875,67628,67854.375,68080.75,7.17298704669122,"Hazardous","High",NA,NA,NA,NA,NA,NA,NA,NA,NA,NA,NA,NA,NA,NA,NA,NA,NA,NA,NA,NA,NA,NA
"FASMEE23","Button","Smoke","S9PI",20250221,"3/10/2025","Lampman","B8B","B8","A",34,2,0,2,NA,"","","F23F",2023-10-10,2023-10-09 18:45:00,2023-10-10 00:45:00,2,"Blue","PTFE",4,60,15,2023-10-10 00:45:00,2023-10-10 01:00:00,"","B8",30,0.03,1.25,1.25,0,0,0.75,0.75,1,5.5384375,5.20875,0,0,0,-3.50655789731998,1,481666.666666667,0,0,0,NA,0,0,0,NA,8,1205.06665382693,1303.733104,3018.616525,226.646470588235,286,417.125,876.608941176471,1025.165,1821,12.078431372549,11.6666666666667,13.8888888888889,10.5555555555556,27.6117647058824,28,26,30,3.48006033349395,3.49058669865849,3.8025217445426,3.05727862595733,26588.54,25222.5,13803,1123.75,154.17,81.33,66054.875,67628,67854.375,68080.75,7.17298704669122,"Hazardous","High",NA,NA,NA,NA,NA,NA,NA,NA,NA,NA,NA,NA,NA,NA,NA,NA,NA,NA,NA,NA,NA,NA
"FASMEE23","Button","Smoke","S9PI",20250221,"3/10/2025","Lampman","B8B","B8","A",35,2,1,3,NA,"","","F23F",2023-10-10,2023-10-09 18:45:00,2023-10-10 00:45:00,2,"Blue","PTFE",4,60,15,2023-10-10 00:45:00,2023-10-10 01:00:00,"","B8",30,0.03,1.25,1.25,0,1,0.75,1.75,0.428571428571429,5.5384375,5.20875,0.6703125,0,0.6703125,-3.50655789731998,0.666666666666667,722500,161433.59375,161433.59375,0,0,0,0,0,NA,8,1205.06665382693,1303.733104,3018.616525,226.646470588235,286,417.125,876.608941176471,1025.165,1821,12.078431372549,11.6666666666667,13.8888888888889,10.5555555555556,27.6117647058824,28,26,30,3.48006033349395,3.49058669865849,3.8025217445426,3.05727862595733,26588.54,25222.5,13803,1123.75,154.17,81.33,66054.875,67628,67854.375,68080.75,7.17298704669122,"Hazardous","High",NA,NA,NA,NA,NA,NA,NA,NA,NA,NA,NA,NA,NA,NA,NA,NA,NA,NA,NA,NA,NA,NA
"FASMEE23","Button","Ambient","S9PI",20240505,"6/3/2025","Lampman","B1B","B1","A",1,2,2,4,NA,"","","F23A",2023-10-08,2023-10-08 14:48:00,2023-10-08 20:48:00,1,"Blue","PTFE",4,40,10,2023-10-08 20:48:00,2023-10-08 20:58:00,"","B1",20,0.02,2.225,2.225,0,2,0,2,0,6.5134375,6.18375,1.6703125,0,1.6703125,-3.91202300542815,0.5,1445000,603400.390625,603400.390625,0,0,NA,NA,NA,NA,1,3.69313538461538,3.6812,3.8536,0,0,0,0.0166923076923077,0,0.375,19.8717948717949,19.4444444444444,21.1111111111111,18.3333333333333,23.8615384615385,24,22,26,4.82188619030089,4.73837584914535,5.14397613428947,4.37656394135745,98.21,69,0,0,0,0,170.21,170.21,170.21,170.21,1.30323878598256,"Good","None",NA,NA,NA,NA,NA,NA,NA,NA,NA,NA,NA,NA,NA,NA,NA,NA,NA,NA,NA,NA,NA,NA
"FASMEE23","Button","Ambient","S9PI",20240505,"6/3/2025","Lampman","B1B","B1","A",2,2,1,3,NA,"","","F23A",2023-10-08,2023-10-08 14:48:00,2023-10-08 20:48:00,1,"Blue","PTFE",4,40,10,2023-10-08 20:48:00,2023-10-08 20:58:00,"","B1",20,0.02,2.225,2.225,0,1,0,1,0,6.5134375,6.18375,0.6703125,0,0.6703125,-3.91202300542815,0.666666666666667,1083750,242150.390625,242150.390625,0,0,NA,NA,NA,NA,1,3.69313538461538,3.6812,3.8536,0,0,0,0.0166923076923077,0,0.375,19.8717948717949,19.4444444444444,21.1111111111111,18.3333333333333,23.8615384615385,24,22,26,4.82188619030089,4.73837584914535,5.14397613428947,4.37656394135745,98.21,69,0,0,0,0,170.21,170.21,170.21,170.21,1.30323878598256,"Good","None",NA,NA,NA,NA,NA,NA,NA,NA,NA,NA,NA,NA,NA,NA,NA,NA,NA,NA,NA,NA,NA,NA
"FASMEE23","Button","Ambient","S9PI",20240505,"6/3/2025","Lampman","B1B","B1","A",7,2,1,3,NA,"","","F23A",2023-10-08,2023-10-08 14:48:00,2023-10-08 20:48:00,1,"Blue","PTFE",4,40,10,2023-10-08 20:48:00,2023-10-08 20:58:00,"","B1",20,0.02,2.225,2.225,0,1,0,1,0,6.5134375,6.18375,0.6703125,0,0.6703125,-3.91202300542815,0.666666666666667,1083750,242150.390625,242150.390625,0,0,NA,NA,NA,NA,1,3.69313538461538,3.6812,3.8536,0,0,0,0.0166923076923077,0,0.375,19.8717948717949,19.4444444444444,21.1111111111111,18.3333333333333,23.8615384615385,24,22,26,4.82188619030089,4.73837584914535,5.14397613428947,4.37656394135745,98.21,69,0,0,0,0,170.21,170.21,170.21,170.21,1.30323878598256,"Good","None",NA,NA,NA,NA,NA,NA,NA,NA,NA,NA,NA,NA,NA,NA,NA,NA,NA,NA,NA,NA,NA,NA
"FASMEE23","Button","Ambient","S9PI",20240505,"6/3/2025","Lampman","B1B","B1","A",35,2,0,2,NA,"","","F23A",2023-10-08,2023-10-08 14:48:00,2023-10-08 20:48:00,1,"Blue","PTFE",4,40,10,2023-10-08 20:48:00,2023-10-08 20:58:00,"","B1",20,0.02,2.225,2.225,0,0,0,0,NA,6.5134375,6.18375,0,0,0,-3.91202300542815,1,722500,0,0,0,NA,NA,NA,NA,NA,1,3.69313538461538,3.6812,3.8536,0,0,0,0.0166923076923077,0,0.375,19.8717948717949,19.4444444444444,21.1111111111111,18.3333333333333,23.8615384615385,24,22,26,4.82188619030089,4.73837584914535,5.14397613428947,4.37656394135745,98.21,69,0,0,0,0,170.21,170.21,170.21,170.21,1.30323878598256,"Good","None",NA,NA,NA,NA,NA,NA,NA,NA,NA,NA,NA,NA,NA,NA,NA,NA,NA,NA,NA,NA,NA,NA
"FASMEE23","Button","Ambient","S9PI",20240505,"6/3/2025","Lampman","B1B","B1","A",38,2,0,2,NA,"","","F23A",2023-10-08,2023-10-08 14:48:00,2023-10-08 20:48:00,1,"Blue","PTFE",4,40,10,2023-10-08 20:48:00,2023-10-08 20:58:00,"","B1",20,0.02,2.225,2.225,0,0,0,0,NA,6.5134375,6.18375,0,0,0,-3.91202300542815,1,722500,0,0,0,NA,NA,NA,NA,NA,1,3.69313538461538,3.6812,3.8536,0,0,0,0.0166923076923077,0,0.375,19.8717948717949,19.4444444444444,21.1111111111111,18.3333333333333,23.8615384615385,24,22,26,4.82188619030089,4.73837584914535,5.14397613428947,4.37656394135745,98.21,69,0,0,0,0,170.21,170.21,170.21,170.21,1.30323878598256,"Good","None",NA,NA,NA,NA,NA,NA,NA,NA,NA,NA,NA,NA,NA,NA,NA,NA,NA,NA,NA,NA,NA,NA
"FASMEE23","Button","Smoke","S9PI",20240912,"11/12/2024","Lampman","B10B","B10","A",35,3,1,4,0,"","","F23B",2023-10-11,2023-10-10 18:25:00,2023-10-11 00:25:00,3,"Blue","PTFE",4,60,15,2023-10-11 00:25:00,2023-10-11 00:40:00,"Partial smoke at best","B10",30,0.03,1.675,1.5,0.175,0.825,1.5,2.325,0.645161290322581,5.9634375,5.45875,0.4953125,0,0.4953125,-3.50655789731998,0.75,963333.333333333,119287.760416667,119287.760416667,0,0,0,0,0,NA,10,296.817832329909,284.73479828125,913.5914568125,162.399186046512,183.125,370.5,298.041569767442,316.625,762.75,10.0638569604087,10,10.5555555555556,7.77777777777778,31.3333333333333,31,31,32,3.46114545081116,3.49829032819435,3.65288745104373,2.95692571743565,15821,13422.125,3222.3325,205,3.335,0,32372.0625,32590.23,32594.855,32599.48,5.65155821470817,"Hazardous","Low",9.16936754497504,7.15880794304564,30.8100107581134,1.51685239597926,16.3873253245179,22.7938558681921,1.49529188355726,1.26651866080882,4.28245836580882,0.903533173719327,0.926980348124455,9.26602549754036,18.5320509950807,0.0185320509950807,1.85320509950807e-05,1.85320509950807e-08,0,0,0,0,0,0
"FASMEE23","Button","Smoke","S9PI",20240912,"11/12/2024","Lampman","B12B","B12","A",17,3,5,8,0,"","","F23B",2023-10-11,2023-10-10 19:29:00,2023-10-11 01:29:00,3,"Blue","PTFE",4,60,15,2023-10-11 01:29:00,2023-10-11 01:44:00,"Partial smoke at best","B12",30,0.03,1.675,1.5,0.175,4.825,1.5,6.325,0.237154150197628,5.9634375,5.45875,4.4953125,0,4.4953125,-3.50655789731998,0.375,1926666.66666667,1082621.09375,1082621.09375,0,0,0,793045.665147569,793045.665147569,0,12,97.2710784691779,70.63031,343.96187725,71.5695081967213,55.375,217.25,119.030737704918,94.21,369.875,9.51730418943534,9.44444444444444,10.5555555555556,8.88888888888889,30.2622950819672,30,30,32,3.22274350561617,3.20067977403102,3.59115262850359,3.05362161156916,5352.375,4262.04,915.835,8.29,0,0,10439.125,10456.375,10456.375,10456.375,4.257459372481,"Moderate/Unhealthy","Low",12.4836759454948,13.1564633792446,42.6384496071778,2.83267731716567,22.6222156083308,43.3128495814939,1.66076798489259,2.36439821080882,3.08124897580882,0.948198027037845,0.934616975798477,12.580490102955,25.1609802059101,0.02516098020591,2.516098020591e-05,2.516098020591e-08,31518870038349.8,0,31518870038.3498,0,31518.8700383498,0
"FASMEE23","Button","Smoke","S9PI",20240912,"11/12/2024","Lampman","B12B","B12","A",21,3,4,7,0,"","","F23B",2023-10-11,2023-10-10 19:29:00,2023-10-11 01:29:00,3,"Blue","PTFE",4,60,15,2023-10-11 01:29:00,2023-10-11 01:44:00,"Partial smoke at best","B12",30,0.03,1.675,1.5,0.175,3.825,1.5,5.325,0.28169014084507,5.9634375,5.45875,3.4953125,0,3.4953125,-3.50655789731998,0.428571428571429,1685833.33333333,841787.760416667,841787.760416667,0,0,0,552212.331814236,552212.331814236,0,12,97.2710784691779,70.63031,343.96187725,71.5695081967213,55.375,217.25,119.030737704918,94.21,369.875,9.51730418943534,9.44444444444444,10.5555555555556,8.88888888888889,30.2622950819672,30,30,32,3.22274350561617,3.20067977403102,3.59115262850359,3.05362161156916,5352.375,4262.04,915.835,8.29,0,0,10439.125,10456.375,10456.375,10456.375,4.257459372481,"Moderate/Unhealthy","Low",12.4836759454948,13.1564633792446,42.6384496071778,2.83267731716567,22.6222156083308,43.3128495814939,1.66076798489259,2.36439821080882,3.08124897580882,0.948198027037845,0.934616975798477,12.580490102955,25.1609802059101,0.02516098020591,2.516098020591e-05,2.516098020591e-08,21947170869143.1,0,21947170869.1431,0,21947.1708691431,0
"FASMEE23","Button","Smoke","S9PI",20240912,"11/12/2024","Lampman","B12B","B12","A",24,3,1,4,0,"","","F23B",2023-10-11,2023-10-10 19:29:00,2023-10-11 01:29:00,3,"Blue","PTFE",4,60,15,2023-10-11 01:29:00,2023-10-11 01:44:00,"Partial smoke at best","B12",30,0.03,1.675,1.5,0.175,0.825,1.5,2.325,0.645161290322581,5.9634375,5.45875,0.4953125,0,0.4953125,-3.50655789731998,0.75,963333.333333333,119287.760416667,119287.760416667,0,0,0,0,0,NA,12,97.2710784691779,70.63031,343.96187725,71.5695081967213,55.375,217.25,119.030737704918,94.21,369.875,9.51730418943534,9.44444444444444,10.5555555555556,8.88888888888889,30.2622950819672,30,30,32,3.22274350561617,3.20067977403102,3.59115262850359,3.05362161156916,5352.375,4262.04,915.835,8.29,0,0,10439.125,10456.375,10456.375,10456.375,4.257459372481,"Moderate/Unhealthy","Low",12.4836759454948,13.1564633792446,42.6384496071778,2.83267731716567,22.6222156083308,43.3128495814939,1.66076798489259,2.36439821080882,3.08124897580882,0.948198027037845,0.934616975798477,12.580490102955,25.1609802059101,0.02516098020591,2.516098020591e-05,2.516098020591e-08,0,0,0,0,0,0
"FASMEE23","Button","Smoke","S9PI",20240912,"11/12/2024","Lampman","B12B","B12","A",27,3,0,3,0,"","","F23B",2023-10-11,2023-10-10 19:29:00,2023-10-11 01:29:00,3,"Blue","PTFE",4,60,15,2023-10-11 01:29:00,2023-10-11 01:44:00,"Partial smoke at best","B12",30,0.03,1.675,1.5,0.175,0,1.5,1.5,1,5.9634375,5.45875,0,0,0,-3.50655789731998,1,722500,0,0,0,NA,0,0,0,NA,12,97.2710784691779,70.63031,343.96187725,71.5695081967213,55.375,217.25,119.030737704918,94.21,369.875,9.51730418943534,9.44444444444444,10.5555555555556,8.88888888888889,30.2622950819672,30,30,32,3.22274350561617,3.20067977403102,3.59115262850359,3.05362161156916,5352.375,4262.04,915.835,8.29,0,0,10439.125,10456.375,10456.375,10456.375,4.257459372481,"Moderate/Unhealthy","Low",12.4836759454948,13.1564633792446,42.6384496071778,2.83267731716567,22.6222156083308,43.3128495814939,1.66076798489259,2.36439821080882,3.08124897580882,0.948198027037845,0.934616975798477,12.580490102955,25.1609802059101,0.02516098020591,2.516098020591e-05,2.516098020591e-08,0,0,0,0,0,0
"FASMEE23","Button","Smoke","S9PI",20240926,"11/14/2024","Lampman","B11B","B11","A",7,3,0,3,NA,"","","F23B",2023-10-11,2023-10-10 18:53:00,2023-10-11 00:53:00,3,"Blue","PTFE",4,52.28,13.07,2023-10-11 00:53:00,2023-10-11 01:06:04,"Arms loose on ATAT-RTH with time remaining on leland (1:56min)","B11",26.14,0.02614,1.675,1.5,0.175,0,1.5,1.5,1,5.9634375,5.45875,0,0,0,-3.64428857078606,1,829188.982402448,0,0,0,NA,0,0,0,NA,11,126.519445912158,109.433425,372.7538288125,95.9646621621622,85.5425,240.415,159.535135135135,142.02,385.5,9.42192192192192,9.44444444444444,10,7.22222222222222,30.3108108108108,30,30,31,3.19763860610841,3.20003153837661,3.34652644641426,2.69939809952541,7999.75,6403.1875,1424.23,38.7925,0,0,15778.3125,15811,15812.25,15813.5,4.69531637348758,"Moderate/Unhealthy","Low",5.03917002239612,3.45635072732919,16.9430562803866,0.334627603826129,8.98035194956724,9.22013137699785,0.812405426978007,0.278427065808824,2.83584060580882,0.912070919480452,0.931800219280138,5.14133045415266,10.2826609083053,0.0102826609083053,1.02826609083053e-05,1.02826609083053e-08,0,0,0,0,0,0
"FASMEE23","Button","Smoke","S9PI",20240926,"11/14/2024","Lampman","B11B","B11","A",14,3,0,3,NA,"","","F23B",2023-10-11,2023-10-10 18:53:00,2023-10-11 00:53:00,3,"Blue","PTFE",4,52.28,13.07,2023-10-11 00:53:00,2023-10-11 01:06:04,"Arms loose on ATAT-RTH with time remaining on leland (1:56min)","B11",26.14,0.02614,1.675,1.5,0.175,0,1.5,1.5,1,5.9634375,5.45875,0,0,0,-3.64428857078606,1,829188.982402448,0,0,0,NA,0,0,0,NA,11,126.519445912158,109.433425,372.7538288125,95.9646621621622,85.5425,240.415,159.535135135135,142.02,385.5,9.42192192192192,9.44444444444444,10,7.22222222222222,30.3108108108108,30,30,31,3.19763860610841,3.20003153837661,3.34652644641426,2.69939809952541,7999.75,6403.1875,1424.23,38.7925,0,0,15778.3125,15811,15812.25,15813.5,4.69531637348758,"Moderate/Unhealthy","Low",5.03917002239612,3.45635072732919,16.9430562803866,0.334627603826129,8.98035194956724,9.22013137699785,0.812405426978007,0.278427065808824,2.83584060580882,0.912070919480452,0.931800219280138,5.14133045415266,10.2826609083053,0.0102826609083053,1.02826609083053e-05,1.02826609083053e-08,0,0,0,0,0,0
"FASMEE23","Button","Smoke","S9PI",20240926,"11/14/2024","Lampman","B11B","B11","A",22,3,2,5,NA,"","","F23B",2023-10-11,2023-10-10 18:53:00,2023-10-11 00:53:00,3,"Blue","PTFE",4,52.28,13.07,2023-10-11 00:53:00,2023-10-11 01:06:04,"Arms loose on ATAT-RTH with time remaining on leland (1:56min)","B11",26.14,0.02614,1.675,1.5,0.175,1.825,1.5,3.325,0.451127819548872,5.9634375,5.45875,1.4953125,0,1.4953125,-3.64428857078606,0.6,1381981.63733741,413298.88341622,413298.88341622,0,0,0,123723.45481379,123723.45481379,0,11,126.519445912158,109.433425,372.7538288125,95.9646621621622,85.5425,240.415,159.535135135135,142.02,385.5,9.42192192192192,9.44444444444444,10,7.22222222222222,30.3108108108108,30,30,31,3.19763860610841,3.20003153837661,3.34652644641426,2.69939809952541,7999.75,6403.1875,1424.23,38.7925,0,0,15778.3125,15811,15812.25,15813.5,4.69531637348758,"Moderate/Unhealthy","Low",5.03917002239612,3.45635072732919,16.9430562803866,0.334627603826129,8.98035194956724,9.22013137699785,0.812405426978007,0.278427065808824,2.83584060580882,0.912070919480452,0.931800219280138,5.14133045415266,10.2826609083053,0.0102826609083053,1.02826609083053e-05,1.02826609083053e-08,12032241062608.4,0,12032241062.6084,0,12032.2410626084,0
"FASMEE23","Button","Smoke","S9PI",20240926,"11/14/2024","Lampman","B11B","B11","A",33,3,0,3,NA,"","","F23B",2023-10-11,2023-10-10 18:53:00,2023-10-11 00:53:00,3,"Blue","PTFE",4,52.28,13.07,2023-10-11 00:53:00,2023-10-11 01:06:04,"Arms loose on ATAT-RTH with time remaining on leland (1:56min)","B11",26.14,0.02614,1.675,1.5,0.175,0,1.5,1.5,1,5.9634375,5.45875,0,0,0,-3.64428857078606,1,829188.982402448,0,0,0,NA,0,0,0,NA,11,126.519445912158,109.433425,372.7538288125,95.9646621621622,85.5425,240.415,159.535135135135,142.02,385.5,9.42192192192192,9.44444444444444,10,7.22222222222222,30.3108108108108,30,30,31,3.19763860610841,3.20003153837661,3.34652644641426,2.69939809952541,7999.75,6403.1875,1424.23,38.7925,0,0,15778.3125,15811,15812.25,15813.5,4.69531637348758,"Moderate/Unhealthy","Low",5.03917002239612,3.45635072732919,16.9430562803866,0.334627603826129,8.98035194956724,9.22013137699785,0.812405426978007,0.278427065808824,2.83584060580882,0.912070919480452,0.931800219280138,5.14133045415266,10.2826609083053,0.0102826609083053,1.02826609083053e-05,1.02826609083053e-08,0,0,0,0,0,0
"FASMEE23","Button","Ambient","S9PI",20241117,"12/17/2024","Lampman","B2B","B2","A",1,3,0,3,NA,"","","F23B",2023-10-08,2023-10-08 15:41:00,2023-10-08 21:41:00,1,"Blue","PTFE",4,40,10,2023-10-08 21:41:00,2023-10-08 21:51:00,"","B2",20,0.02,1.675,1.5,0.175,0,1.5,1.5,1,5.9634375,5.45875,0,0,0,-3.91202300542815,1,1083750,0,0,0,NA,NA,NA,NA,NA,2,3.60333222222222,3.5088,4.643,0.0863888888888889,0,1,0.325648148148148,0,2,14.3103448275862,14.1666666666667,15.5555555555556,12.7777777777778,26.5862068965517,26,25,30,3.80315690124411,3.870117245036,4.03730877881372,3.5555960775929,392.8125,126.0625,0,0,0,0,521.5625,521.5625,521.5625,521.5625,1.25527409868149,"Good","None",NA,NA,NA,NA,NA,NA,NA,NA,NA,NA,NA,NA,NA,NA,NA,NA,NA,NA,NA,NA,NA,NA
"FASMEE23","Button","Ambient","S9PI",20241117,"12/17/2024","Lampman","B2B","B2","A",7,3,0,3,NA,"","","F23B",2023-10-08,2023-10-08 15:41:00,2023-10-08 21:41:00,1,"Blue","PTFE",4,40,10,2023-10-08 21:41:00,2023-10-08 21:51:00,"","B2",20,0.02,1.675,1.5,0.175,0,1.5,1.5,1,5.9634375,5.45875,0,0,0,-3.91202300542815,1,1083750,0,0,0,NA,NA,NA,NA,NA,2,3.60333222222222,3.5088,4.643,0.0863888888888889,0,1,0.325648148148148,0,2,14.3103448275862,14.1666666666667,15.5555555555556,12.7777777777778,26.5862068965517,26,25,30,3.80315690124411,3.870117245036,4.03730877881372,3.5555960775929,392.8125,126.0625,0,0,0,0,521.5625,521.5625,521.5625,521.5625,1.25527409868149,"Good","None",NA,NA,NA,NA,NA,NA,NA,NA,NA,NA,NA,NA,NA,NA,NA,NA,NA,NA,NA,NA,NA,NA
"FASMEE23","Button","Ambient","S9PI",20241117,"12/17/2024","Lampman","B2B","B2","A",15,3,0,3,NA,"","","F23B",2023-10-08,2023-10-08 15:41:00,2023-10-08 21:41:00,1,"Blue","PTFE",4,40,10,2023-10-08 21:41:00,2023-10-08 21:51:00,"","B2",20,0.02,1.675,1.5,0.175,0,1.5,1.5,1,5.9634375,5.45875,0,0,0,-3.91202300542815,1,1083750,0,0,0,NA,NA,NA,NA,NA,2,3.60333222222222,3.5088,4.643,0.0863888888888889,0,1,0.325648148148148,0,2,14.3103448275862,14.1666666666667,15.5555555555556,12.7777777777778,26.5862068965517,26,25,30,3.80315690124411,3.870117245036,4.03730877881372,3.5555960775929,392.8125,126.0625,0,0,0,0,521.5625,521.5625,521.5625,521.5625,1.25527409868149,"Good","None",NA,NA,NA,NA,NA,NA,NA,NA,NA,NA,NA,NA,NA,NA,NA,NA,NA,NA,NA,NA,NA,NA
"FASMEE23","Button","Ambient","S9PI",20241117,"12/17/2024","Lampman","B2B","B2","A",16,3,3,6,NA,"","","F23B",2023-10-08,2023-10-08 15:41:00,2023-10-08 21:41:00,1,"Blue","PTFE",4,40,10,2023-10-08 21:41:00,2023-10-08 21:51:00,"","B2",20,0.02,1.675,1.5,0.175,2.825,1.5,4.325,0.346820809248555,5.9634375,5.45875,2.4953125,0,2.4953125,-3.91202300542815,0.5,2167500,901431.640625,901431.640625,0,0,NA,NA,NA,NA,2,3.60333222222222,3.5088,4.643,0.0863888888888889,0,1,0.325648148148148,0,2,14.3103448275862,14.1666666666667,15.5555555555556,12.7777777777778,26.5862068965517,26,25,30,3.80315690124411,3.870117245036,4.03730877881372,3.5555960775929,392.8125,126.0625,0,0,0,0,521.5625,521.5625,521.5625,521.5625,1.25527409868149,"Good","None",NA,NA,NA,NA,NA,NA,NA,NA,NA,NA,NA,NA,NA,NA,NA,NA,NA,NA,NA,NA,NA,NA
"FASMEE23","Button","Ambient","S9PI",20241117,"12/17/2024","Lampman","B2B","B2","A",22,3,1,4,NA,"","","F23B",2023-10-08,2023-10-08 15:41:00,2023-10-08 21:41:00,1,"Blue","PTFE",4,40,10,2023-10-08 21:41:00,2023-10-08 21:51:00,"","B2",20,0.02,1.675,1.5,0.175,0.825,1.5,2.325,0.645161290322581,5.9634375,5.45875,0.4953125,0,0.4953125,-3.91202300542815,0.75,1445000,178931.640625,178931.640625,0,0,NA,NA,NA,NA,2,3.60333222222222,3.5088,4.643,0.0863888888888889,0,1,0.325648148148148,0,2,14.3103448275862,14.1666666666667,15.5555555555556,12.7777777777778,26.5862068965517,26,25,30,3.80315690124411,3.870117245036,4.03730877881372,3.5555960775929,392.8125,126.0625,0,0,0,0,521.5625,521.5625,521.5625,521.5625,1.25527409868149,"Good","None",NA,NA,NA,NA,NA,NA,NA,NA,NA,NA,NA,NA,NA,NA,NA,NA,NA,NA,NA,NA,NA,NA
"FASMEE23","Button","Ambient","S9PI",20241217,"12/19/2024","Lampman","B3B","B3","A",4,3,0,3,NA,"","","F23D",2023-10-09,2023-10-09 12:17:00,2023-10-09 18:17:00,2,"Blue","PTFE",4,40,10,2023-10-09 18:17:00,2023-10-09 18:27:00,"","B3",20,0.02,1.2125,1.1125,0.1,0,1.8875,1.8875,1,5.5009375,5.07125,0,0,0,-3.91202300542815,1,1083750,0,0,0,NA,NA,NA,NA,NA,3,3.73360545454545,3.7674,4.8602,0.0431818181818182,0,2.25,0.0431818181818182,0,2.25,14.1910331384016,13.8888888888889,16.1111111111111,11.6666666666667,23.6842105263158,23,21,26,3.35815549149463,3.54856909262987,4.02892321604069,2.75476213820575,46.75,16.5,0,0,0,0,72,72,72,72,1.32638510836598,"Good","None",NA,NA,NA,NA,NA,NA,NA,NA,NA,NA,NA,NA,NA,NA,NA,NA,NA,NA,NA,NA,NA,NA
"FASMEE23","Button","Ambient","S9PI",20241217,"12/19/2024","Lampman","B3B","B3","A",11,3,0,3,NA,"","","F23D",2023-10-09,2023-10-09 12:17:00,2023-10-09 18:17:00,2,"Blue","PTFE",4,40,10,2023-10-09 18:17:00,2023-10-09 18:27:00,"","B3",20,0.02,1.2125,1.1125,0.1,0,1.8875,1.8875,1,5.5009375,5.07125,0,0,0,-3.91202300542815,1,1083750,0,0,0,NA,NA,NA,NA,NA,3,3.73360545454545,3.7674,4.8602,0.0431818181818182,0,2.25,0.0431818181818182,0,2.25,14.1910331384016,13.8888888888889,16.1111111111111,11.6666666666667,23.6842105263158,23,21,26,3.35815549149463,3.54856909262987,4.02892321604069,2.75476213820575,46.75,16.5,0,0,0,0,72,72,72,72,1.32638510836598,"Good","None",NA,NA,NA,NA,NA,NA,NA,NA,NA,NA,NA,NA,NA,NA,NA,NA,NA,NA,NA,NA,NA,NA
"FASMEE23","Button","Ambient","S9PI",20241217,"12/19/2024","Lampman","B3B","B3","A",12,3,0,3,NA,"","","F23D",2023-10-09,2023-10-09 12:17:00,2023-10-09 18:17:00,2,"Blue","PTFE",4,40,10,2023-10-09 18:17:00,2023-10-09 18:27:00,"","B3",20,0.02,1.2125,1.1125,0.1,0,1.8875,1.8875,1,5.5009375,5.07125,0,0,0,-3.91202300542815,1,1083750,0,0,0,NA,NA,NA,NA,NA,3,3.73360545454545,3.7674,4.8602,0.0431818181818182,0,2.25,0.0431818181818182,0,2.25,14.1910331384016,13.8888888888889,16.1111111111111,11.6666666666667,23.6842105263158,23,21,26,3.35815549149463,3.54856909262987,4.02892321604069,2.75476213820575,46.75,16.5,0,0,0,0,72,72,72,72,1.32638510836598,"Good","None",NA,NA,NA,NA,NA,NA,NA,NA,NA,NA,NA,NA,NA,NA,NA,NA,NA,NA,NA,NA,NA,NA
"FASMEE23","Button","Ambient","S9PI",20241217,"12/19/2024","Lampman","B3B","B3","A",32,3,0,3,NA,"","","F23D",2023-10-09,2023-10-09 12:17:00,2023-10-09 18:17:00,2,"Blue","PTFE",4,40,10,2023-10-09 18:17:00,2023-10-09 18:27:00,"","B3",20,0.02,1.2125,1.1125,0.1,0,1.8875,1.8875,1,5.5009375,5.07125,0,0,0,-3.91202300542815,1,1083750,0,0,0,NA,NA,NA,NA,NA,3,3.73360545454545,3.7674,4.8602,0.0431818181818182,0,2.25,0.0431818181818182,0,2.25,14.1910331384016,13.8888888888889,16.1111111111111,11.6666666666667,23.6842105263158,23,21,26,3.35815549149463,3.54856909262987,4.02892321604069,2.75476213820575,46.75,16.5,0,0,0,0,72,72,72,72,1.32638510836598,"Good","None",NA,NA,NA,NA,NA,NA,NA,NA,NA,NA,NA,NA,NA,NA,NA,NA,NA,NA,NA,NA,NA,NA
"FASMEE23","Button","Ambient","S9PI",20241217,"12/19/2024","Lampman","R1B","R1","A",7,3,0,3,NA,"","","F23D",2023-10-08,2023-10-08 13:09:00,2023-10-08 19:09:00,1,"Red","PTFE",4,40,10,2023-10-08 19:09:00,2023-10-08 19:19:00,"","R1",20,0.02,1.2125,1.1125,0.1,0,1.8875,1.8875,1,5.5009375,5.07125,0,0,0,-3.91202300542815,1,1083750,0,0,0,NA,NA,NA,NA,NA,NA,NA,NA,NA,NA,NA,NA,NA,NA,NA,NA,NA,NA,NA,NA,NA,NA,NA,NA,NA,NA,NA,NA,NA,NA,NA,NA,NA,NA,NA,NA,NA,NA,NA,NA,NA,NA,NA,NA,NA,NA,NA,NA,NA,NA,NA,NA,NA,NA,NA,NA,NA,NA,NA,NA,NA,NA
"FASMEE23","Button","Ambient","S9PI",20241217,"12/19/2024","Lampman","R1B","R1","A",16,3,0,3,NA,"","","F23D",2023-10-08,2023-10-08 13:09:00,2023-10-08 19:09:00,1,"Red","PTFE",4,40,10,2023-10-08 19:09:00,2023-10-08 19:19:00,"","R1",20,0.02,1.2125,1.1125,0.1,0,1.8875,1.8875,1,5.5009375,5.07125,0,0,0,-3.91202300542815,1,1083750,0,0,0,NA,NA,NA,NA,NA,NA,NA,NA,NA,NA,NA,NA,NA,NA,NA,NA,NA,NA,NA,NA,NA,NA,NA,NA,NA,NA,NA,NA,NA,NA,NA,NA,NA,NA,NA,NA,NA,NA,NA,NA,NA,NA,NA,NA,NA,NA,NA,NA,NA,NA,NA,NA,NA,NA,NA,NA,NA,NA,NA,NA,NA,NA
"FASMEE23","Button","Ambient","S9PI",20241217,"12/19/2024","Lampman","R1B","R1","A",23,3,0,3,NA,"","","F23D",2023-10-08,2023-10-08 13:09:00,2023-10-08 19:09:00,1,"Red","PTFE",4,40,10,2023-10-08 19:09:00,2023-10-08 19:19:00,"","R1",20,0.02,1.2125,1.1125,0.1,0,1.8875,1.8875,1,5.5009375,5.07125,0,0,0,-3.91202300542815,1,1083750,0,0,0,NA,NA,NA,NA,NA,NA,NA,NA,NA,NA,NA,NA,NA,NA,NA,NA,NA,NA,NA,NA,NA,NA,NA,NA,NA,NA,NA,NA,NA,NA,NA,NA,NA,NA,NA,NA,NA,NA,NA,NA,NA,NA,NA,NA,NA,NA,NA,NA,NA,NA,NA,NA,NA,NA,NA,NA,NA,NA,NA,NA,NA,NA
"FASMEE23","Button","Ambient","S9PI",20241217,"12/19/2024","Lampman","R1B","R1","A",30,3,12,15,NA,"","","F23D",2023-10-08,2023-10-08 13:09:00,2023-10-08 19:09:00,1,"Red","PTFE",4,40,10,2023-10-08 19:09:00,2023-10-08 19:19:00,"","R1",20,0.02,1.2125,1.1125,0.1,11.9,1.8875,13.7875,0.13689936536718,5.5009375,5.07125,11.5703125,0,11.5703125,-3.91202300542815,0.2,5418750,4179775.390625,4179775.390625,0,0,NA,NA,NA,NA,NA,NA,NA,NA,NA,NA,NA,NA,NA,NA,NA,NA,NA,NA,NA,NA,NA,NA,NA,NA,NA,NA,NA,NA,NA,NA,NA,NA,NA,NA,NA,NA,NA,NA,NA,NA,NA,NA,NA,NA,NA,NA,NA,NA,NA,NA,NA,NA,NA,NA,NA,NA,NA,NA,NA,NA,NA
"FASMEE23","Button","Ambient","S9PI",20241217,"12/20/2024","Lampman","R2B","R2","A",5,3,0,3,NA,"","","F23D",2023-10-08,2023-10-08 13:40:00,2023-10-08 19:40:00,1,"Red","PTFE",4,40,10,2023-10-08 19:40:00,2023-10-08 19:50:00,"","R2",20,0.02,1.2125,1.1125,0.1,0,1.8875,1.8875,1,5.5009375,5.07125,0,0,0,-3.91202300542815,1,1083750,0,0,0,NA,NA,NA,NA,NA,NA,NA,NA,NA,NA,NA,NA,NA,NA,NA,NA,NA,NA,NA,NA,NA,NA,NA,NA,NA,NA,NA,NA,NA,NA,NA,NA,NA,NA,NA,NA,NA,NA,NA,NA,NA,NA,NA,NA,NA,NA,NA,NA,NA,NA,NA,NA,NA,NA,NA,NA,NA,NA,NA,NA,NA,NA
"FASMEE23","Button","Ambient","S9PI",20241217,"12/20/2024","Lampman","R2B","R2","A",21,3,0,3,NA,"","","F23D",2023-10-08,2023-10-08 13:40:00,2023-10-08 19:40:00,1,"Red","PTFE",4,40,10,2023-10-08 19:40:00,2023-10-08 19:50:00,"","R2",20,0.02,1.2125,1.1125,0.1,0,1.8875,1.8875,1,5.5009375,5.07125,0,0,0,-3.91202300542815,1,1083750,0,0,0,NA,NA,NA,NA,NA,NA,NA,NA,NA,NA,NA,NA,NA,NA,NA,NA,NA,NA,NA,NA,NA,NA,NA,NA,NA,NA,NA,NA,NA,NA,NA,NA,NA,NA,NA,NA,NA,NA,NA,NA,NA,NA,NA,NA,NA,NA,NA,NA,NA,NA,NA,NA,NA,NA,NA,NA,NA,NA,NA,NA,NA,NA
"FASMEE23","Button","Ambient","S9PI",20241217,"12/20/2024","Lampman","R2B","R2","A",33,3,0,3,NA,"","","F23D",2023-10-08,2023-10-08 13:40:00,2023-10-08 19:40:00,1,"Red","PTFE",4,40,10,2023-10-08 19:40:00,2023-10-08 19:50:00,"","R2",20,0.02,1.2125,1.1125,0.1,0,1.8875,1.8875,1,5.5009375,5.07125,0,0,0,-3.91202300542815,1,1083750,0,0,0,NA,NA,NA,NA,NA,NA,NA,NA,NA,NA,NA,NA,NA,NA,NA,NA,NA,NA,NA,NA,NA,NA,NA,NA,NA,NA,NA,NA,NA,NA,NA,NA,NA,NA,NA,NA,NA,NA,NA,NA,NA,NA,NA,NA,NA,NA,NA,NA,NA,NA,NA,NA,NA,NA,NA,NA,NA,NA,NA,NA,NA,NA
"FASMEE23","Button","Ambient","S9PI",20241217,"12/20/2024","Lampman","R2B","R2","A",39,3,0,3,NA,"","","F23D",2023-10-08,2023-10-08 13:40:00,2023-10-08 19:40:00,1,"Red","PTFE",4,40,10,2023-10-08 19:40:00,2023-10-08 19:50:00,"","R2",20,0.02,1.2125,1.1125,0.1,0,1.8875,1.8875,1,5.5009375,5.07125,0,0,0,-3.91202300542815,1,1083750,0,0,0,NA,NA,NA,NA,NA,NA,NA,NA,NA,NA,NA,NA,NA,NA,NA,NA,NA,NA,NA,NA,NA,NA,NA,NA,NA,NA,NA,NA,NA,NA,NA,NA,NA,NA,NA,NA,NA,NA,NA,NA,NA,NA,NA,NA,NA,NA,NA,NA,NA,NA,NA,NA,NA,NA,NA,NA,NA,NA,NA,NA,NA,NA
"FASMEE23","Button","Ambient","S9PI",20241217,"12/20/2024","Lampman","R3B","R3","A",6,3,4,7,NA,"","","F23D",2023-10-08,2023-10-08 14:10:00,2023-10-08 20:10:00,1,"Red","PTFE",4,40,10,2023-10-08 20:10:00,2023-10-08 20:20:00,"","R3",20,0.02,1.2125,1.1125,0.1,3.9,1.8875,5.7875,0.326133909287257,5.5009375,5.07125,3.5703125,0,3.5703125,-3.91202300542815,0.428571428571429,2528750,1289775.390625,1289775.390625,0,0,NA,NA,NA,NA,NA,NA,NA,NA,NA,NA,NA,NA,NA,NA,NA,NA,NA,NA,NA,NA,NA,NA,NA,NA,NA,NA,NA,NA,NA,NA,NA,NA,NA,NA,NA,NA,NA,NA,NA,NA,NA,NA,NA,NA,NA,NA,NA,NA,NA,NA,NA,NA,NA,NA,NA,NA,NA,NA,NA,NA,NA
"FASMEE23","Button","Ambient","S9PI",20241217,"12/20/2024","Lampman","R3B","R3","A",11,3,0,3,NA,"","","F23D",2023-10-08,2023-10-08 14:10:00,2023-10-08 20:10:00,1,"Red","PTFE",4,40,10,2023-10-08 20:10:00,2023-10-08 20:20:00,"","R3",20,0.02,1.2125,1.1125,0.1,0,1.8875,1.8875,1,5.5009375,5.07125,0,0,0,-3.91202300542815,1,1083750,0,0,0,NA,NA,NA,NA,NA,NA,NA,NA,NA,NA,NA,NA,NA,NA,NA,NA,NA,NA,NA,NA,NA,NA,NA,NA,NA,NA,NA,NA,NA,NA,NA,NA,NA,NA,NA,NA,NA,NA,NA,NA,NA,NA,NA,NA,NA,NA,NA,NA,NA,NA,NA,NA,NA,NA,NA,NA,NA,NA,NA,NA,NA,NA
"FASMEE23","Button","Ambient","S9PI",20241217,"12/20/2024","Lampman","R3B","R3","A",23,3,0,3,NA,"","","F23D",2023-10-08,2023-10-08 14:10:00,2023-10-08 20:10:00,1,"Red","PTFE",4,40,10,2023-10-08 20:10:00,2023-10-08 20:20:00,"","R3",20,0.02,1.2125,1.1125,0.1,0,1.8875,1.8875,1,5.5009375,5.07125,0,0,0,-3.91202300542815,1,1083750,0,0,0,NA,NA,NA,NA,NA,NA,NA,NA,NA,NA,NA,NA,NA,NA,NA,NA,NA,NA,NA,NA,NA,NA,NA,NA,NA,NA,NA,NA,NA,NA,NA,NA,NA,NA,NA,NA,NA,NA,NA,NA,NA,NA,NA,NA,NA,NA,NA,NA,NA,NA,NA,NA,NA,NA,NA,NA,NA,NA,NA,NA,NA,NA
"FASMEE23","Button","Ambient","S9PI",20241217,"12/20/2024","Lampman","R3B","R3","A",36,3,0,3,NA,"","","F23D",2023-10-08,2023-10-08 14:10:00,2023-10-08 20:10:00,1,"Red","PTFE",4,40,10,2023-10-08 20:10:00,2023-10-08 20:20:00,"","R3",20,0.02,1.2125,1.1125,0.1,0,1.8875,1.8875,1,5.5009375,5.07125,0,0,0,-3.91202300542815,1,1083750,0,0,0,NA,NA,NA,NA,NA,NA,NA,NA,NA,NA,NA,NA,NA,NA,NA,NA,NA,NA,NA,NA,NA,NA,NA,NA,NA,NA,NA,NA,NA,NA,NA,NA,NA,NA,NA,NA,NA,NA,NA,NA,NA,NA,NA,NA,NA,NA,NA,NA,NA,NA,NA,NA,NA,NA,NA,NA,NA,NA,NA,NA,NA,NA
"FASMEE23","Button","Ambient","S9PI",20241217,"12/20/2024","Lampman","R3B","R3","A",38,3,2,5,NA,"","","F23D",2023-10-08,2023-10-08 14:10:00,2023-10-08 20:10:00,1,"Red","PTFE",4,40,10,2023-10-08 20:10:00,2023-10-08 20:20:00,"","R3",20,0.02,1.2125,1.1125,0.1,1.9,1.8875,3.7875,0.498349834983498,5.5009375,5.07125,1.5703125,0,1.5703125,-3.91202300542815,0.6,1806250,567275.390625,567275.390625,0,0,NA,NA,NA,NA,NA,NA,NA,NA,NA,NA,NA,NA,NA,NA,NA,NA,NA,NA,NA,NA,NA,NA,NA,NA,NA,NA,NA,NA,NA,NA,NA,NA,NA,NA,NA,NA,NA,NA,NA,NA,NA,NA,NA,NA,NA,NA,NA,NA,NA,NA,NA,NA,NA,NA,NA,NA,NA,NA,NA,NA,NA
"FASMEE23","Button","Ambient","S9PI",20241223,"12/23/2024","Lampman","R4B","R4","A",27,3,0,3,NA,"","","F23D",2023-10-08,2023-10-08 14:28:00,2023-10-08 20:28:00,1,"Red","PTFE",4,40,10,2023-10-08 20:28:00,2023-10-08 20:38:00,"","R4",20,0.02,1.2125,1.1125,0.1,0,1.8875,1.8875,1,5.5009375,5.07125,0,0,0,-3.91202300542815,1,1083750,0,0,0,NA,NA,NA,NA,NA,NA,NA,NA,NA,NA,NA,NA,NA,NA,NA,NA,NA,NA,NA,NA,NA,NA,NA,NA,NA,NA,NA,NA,NA,NA,NA,NA,NA,NA,NA,NA,NA,NA,NA,NA,NA,NA,NA,NA,NA,NA,NA,NA,NA,NA,NA,NA,NA,NA,NA,NA,NA,NA,NA,NA,NA,NA
"FASMEE23","Button","Ambient","S9PI",20241223,"12/23/2024","Lampman","R4B","R4","A",36,3,0,3,NA,"","","F23D",2023-10-08,2023-10-08 14:28:00,2023-10-08 20:28:00,1,"Red","PTFE",4,40,10,2023-10-08 20:28:00,2023-10-08 20:38:00,"","R4",20,0.02,1.2125,1.1125,0.1,0,1.8875,1.8875,1,5.5009375,5.07125,0,0,0,-3.91202300542815,1,1083750,0,0,0,NA,NA,NA,NA,NA,NA,NA,NA,NA,NA,NA,NA,NA,NA,NA,NA,NA,NA,NA,NA,NA,NA,NA,NA,NA,NA,NA,NA,NA,NA,NA,NA,NA,NA,NA,NA,NA,NA,NA,NA,NA,NA,NA,NA,NA,NA,NA,NA,NA,NA,NA,NA,NA,NA,NA,NA,NA,NA,NA,NA,NA,NA
"FASMEE23","Button","Ambient","S9PI",20250115,"1/31/2025","Lampman","R6B","R6","A",18,3,9,12,NA,"","","F23E",2023-10-09,2023-10-09 12:11:00,2023-10-09 18:11:00,2,"Red","PTFE",4,40,10,2023-10-09 18:11:00,2023-10-09 18:21:00,"","R6",20,0.02,2.1,2.1,0,9,0.9,9.9,0.0909090909090909,6.3884375,6.05875,8.6703125,0,8.6703125,-3.91202300542815,0.25,4335000,3132150.390625,3132150.390625,0,0,NA,NA,NA,NA,NA,NA,NA,NA,NA,NA,NA,NA,NA,NA,NA,NA,NA,NA,NA,NA,NA,NA,NA,NA,NA,NA,NA,NA,NA,NA,NA,NA,NA,NA,NA,NA,NA,NA,NA,NA,NA,NA,NA,NA,NA,NA,NA,NA,NA,NA,NA,NA,NA,NA,NA,NA,NA,NA,NA,NA,NA
"FASMEE23","Button","Ambient","S9PI",20241223,"1/13/2025","Lampman","R5B","R5","A",21,3,0,3,NA,"","","F23D",2023-10-08,2023-10-08 15:41:00,2023-10-08 21:41:00,1,"Red","PTFE",4,40,10,2023-10-08 21:41:00,2023-10-08 21:51:00,"","R5",20,0.02,1.2125,1.1125,0.1,0,1.8875,1.8875,1,5.5009375,5.07125,0,0,0,-3.91202300542815,1,1083750,0,0,0,NA,NA,NA,NA,NA,NA,NA,NA,NA,NA,NA,NA,NA,NA,NA,NA,NA,NA,NA,NA,NA,NA,NA,NA,NA,NA,NA,NA,NA,NA,NA,NA,NA,NA,NA,NA,NA,NA,NA,NA,NA,NA,NA,NA,NA,NA,NA,NA,NA,NA,NA,NA,NA,NA,NA,NA,NA,NA,NA,NA,NA,NA
"FASMEE23","Button","Ambient","S9PI",20241223,"1/13/2025","Lampman","R5B","R5","A",22,3,3,6,NA,"","","F23D",2023-10-08,2023-10-08 15:41:00,2023-10-08 21:41:00,1,"Red","PTFE",4,40,10,2023-10-08 21:41:00,2023-10-08 21:51:00,"","R5",20,0.02,1.2125,1.1125,0.1,2.9,1.8875,4.7875,0.394255874673629,5.5009375,5.07125,2.5703125,0,2.5703125,-3.91202300542815,0.5,2167500,928525.390625,928525.390625,0,0,NA,NA,NA,NA,NA,NA,NA,NA,NA,NA,NA,NA,NA,NA,NA,NA,NA,NA,NA,NA,NA,NA,NA,NA,NA,NA,NA,NA,NA,NA,NA,NA,NA,NA,NA,NA,NA,NA,NA,NA,NA,NA,NA,NA,NA,NA,NA,NA,NA,NA,NA,NA,NA,NA,NA,NA,NA,NA,NA,NA,NA
"FASMEE23","Button","Ambient","S9PI",20241223,"1/13/2025","Lampman","R5B","R5","A",28,3,0,3,NA,"","","F23D",2023-10-08,2023-10-08 15:41:00,2023-10-08 21:41:00,1,"Red","PTFE",4,40,10,2023-10-08 21:41:00,2023-10-08 21:51:00,"","R5",20,0.02,1.2125,1.1125,0.1,0,1.8875,1.8875,1,5.5009375,5.07125,0,0,0,-3.91202300542815,1,1083750,0,0,0,NA,NA,NA,NA,NA,NA,NA,NA,NA,NA,NA,NA,NA,NA,NA,NA,NA,NA,NA,NA,NA,NA,NA,NA,NA,NA,NA,NA,NA,NA,NA,NA,NA,NA,NA,NA,NA,NA,NA,NA,NA,NA,NA,NA,NA,NA,NA,NA,NA,NA,NA,NA,NA,NA,NA,NA,NA,NA,NA,NA,NA,NA
"FASMEE23","Button","Smoke","S9PI",20250203,"2/12/2025","Lampman","R10B","R10","A",8,3,1,4,NA,"","","F23E",2023-10-10,2023-10-09 18:17:00,2023-10-10 00:17:00,2,"Red","PTFE",4,60,15,2023-10-10 00:17:00,2023-10-10 00:32:00,"","R10",30,0.03,2.1,2.1,0,1,0.9,1.9,0.473684210526316,6.3884375,6.05875,0.6703125,0,0.6703125,-3.50655789731998,0.75,963333.333333333,161433.59375,161433.59375,0,0,0,0,0,NA,NA,NA,NA,NA,NA,NA,NA,NA,NA,NA,NA,NA,NA,NA,NA,NA,NA,NA,NA,NA,NA,NA,NA,NA,NA,NA,NA,NA,NA,NA,NA,NA,NA,NA,NA,NA,NA,NA,NA,NA,NA,NA,NA,NA,NA,NA,NA,NA,NA,NA,NA,NA,NA,NA,NA,NA,NA
"FASMEE23","Button","Smoke","S9PI",20250203,"2/12/2025","Lampman","R10B","R10","A",12,3,0,3,NA,"","","F23E",2023-10-10,2023-10-09 18:17:00,2023-10-10 00:17:00,2,"Red","PTFE",4,60,15,2023-10-10 00:17:00,2023-10-10 00:32:00,"","R10",30,0.03,2.1,2.1,0,0,0.9,0.9,1,6.3884375,6.05875,0,0,0,-3.50655789731998,1,722500,0,0,0,NA,0,0,0,NA,NA,NA,NA,NA,NA,NA,NA,NA,NA,NA,NA,NA,NA,NA,NA,NA,NA,NA,NA,NA,NA,NA,NA,NA,NA,NA,NA,NA,NA,NA,NA,NA,NA,NA,NA,NA,NA,NA,NA,NA,NA,NA,NA,NA,NA,NA,NA,NA,NA,NA,NA,NA,NA,NA,NA,NA,NA
"FASMEE23","Button","Smoke","S9PI",20250212,"2/12/2025","Lampman","R11B","R11","A",10,3,2,5,NA,"","","F23F",2023-10-10,2023-10-09 18:45:00,2023-10-10 00:45:00,2,"Red","PTFE",4,60,15,2023-10-10 00:45:00,2023-10-10 01:00:00,"","R11",30,0.03,1.25,1.25,0,2,1.75,3.75,0.466666666666667,5.5384375,5.20875,1.6703125,0,1.6703125,-3.50655789731998,0.6,1204166.66666667,402266.927083333,402266.927083333,0,0,0,112691.498480903,112691.498480903,0,NA,NA,NA,NA,NA,NA,NA,NA,NA,NA,NA,NA,NA,NA,NA,NA,NA,NA,NA,NA,NA,NA,NA,NA,NA,NA,NA,NA,NA,NA,NA,NA,NA,NA,NA,NA,NA,NA,NA,NA,NA,NA,NA,NA,NA,NA,NA,NA,NA,NA,NA,NA,NA,NA,NA,NA,NA
"FASMEE23","Button","Smoke","S9PI",20250212,"2/12/2025","Lampman","R11B","R11","A",15,3,0,3,NA,"","","F23F",2023-10-10,2023-10-09 18:45:00,2023-10-10 00:45:00,2,"Red","PTFE",4,60,15,2023-10-10 00:45:00,2023-10-10 01:00:00,"","R11",30,0.03,1.25,1.25,0,0,1.75,1.75,1,5.5384375,5.20875,0,0,0,-3.50655789731998,1,722500,0,0,0,NA,0,0,0,NA,NA,NA,NA,NA,NA,NA,NA,NA,NA,NA,NA,NA,NA,NA,NA,NA,NA,NA,NA,NA,NA,NA,NA,NA,NA,NA,NA,NA,NA,NA,NA,NA,NA,NA,NA,NA,NA,NA,NA,NA,NA,NA,NA,NA,NA,NA,NA,NA,NA,NA,NA,NA,NA,NA,NA,NA,NA
"FASMEE23","Button","Smoke","S9PI",20250212,"2/24/2025","Lampman","R13B","R13","A",31,3,0,3,NA,"","","F23F",2023-10-11,2023-10-10 18:25:00,2023-10-11 00:25:00,3,"Red","PTFE",4,60,15,2023-10-11 00:25:00,2023-10-11 00:40:00,"Partial smoke at best","R13",30,0.03,1.25,1.25,0,0,1.75,1.75,1,5.5384375,5.20875,0,0,0,-3.50655789731998,1,722500,0,0,0,NA,0,0,0,NA,NA,NA,NA,NA,NA,NA,NA,NA,NA,NA,NA,NA,NA,NA,NA,NA,NA,NA,NA,NA,NA,NA,NA,NA,NA,NA,NA,NA,NA,NA,NA,NA,NA,NA,NA,NA,NA,NA,NA,NA,NA,NA,NA,NA,NA,NA,NA,NA,NA,NA,NA,NA,NA,NA,NA,NA,NA
"FASMEE23","Button","Smoke","S9PI",20250212,"2/26/2025","Lampman","R14B","R14","A",24,3,0,3,NA,"","","F23F",2023-10-11,2023-10-10 18:53:00,2023-10-11 00:53:00,3,"Red","PTFE",4,60,15,2023-10-11 00:53:00,2023-10-11 01:08:00,"Partial smoke at best","R14",30,0.03,1.25,1.25,0,0,1.75,1.75,1,5.5384375,5.20875,0,0,0,-3.50655789731998,1,722500,0,0,0,NA,0,0,0,NA,NA,NA,NA,NA,NA,NA,NA,NA,NA,NA,NA,NA,NA,NA,NA,NA,NA,NA,NA,NA,NA,NA,NA,NA,NA,NA,NA,NA,NA,NA,NA,NA,NA,NA,NA,NA,NA,NA,NA,NA,NA,NA,NA,NA,NA,NA,NA,NA,NA,NA,NA,NA,NA,NA,NA,NA,NA
"FASMEE23","Button","Smoke","S9PI",20250212,"2/26/2025","Lampman","R14B","R14","A",33,3,0,3,NA,"","","F23F",2023-10-11,2023-10-10 18:53:00,2023-10-11 00:53:00,3,"Red","PTFE",4,60,15,2023-10-11 00:53:00,2023-10-11 01:08:00,"Partial smoke at best","R14",30,0.03,1.25,1.25,0,0,1.75,1.75,1,5.5384375,5.20875,0,0,0,-3.50655789731998,1,722500,0,0,0,NA,0,0,0,NA,NA,NA,NA,NA,NA,NA,NA,NA,NA,NA,NA,NA,NA,NA,NA,NA,NA,NA,NA,NA,NA,NA,NA,NA,NA,NA,NA,NA,NA,NA,NA,NA,NA,NA,NA,NA,NA,NA,NA,NA,NA,NA,NA,NA,NA,NA,NA,NA,NA,NA,NA,NA,NA,NA,NA,NA,NA
"FASMEE23","Button","Smoke","S9PI",20250117,"3/3/2025","Lampman","R7B","R7","A",2,3,3,6,NA,"","","F23E",2023-10-09,2023-10-09 12:33:00,2023-10-09 18:33:00,2,"Red","PTFE",4,40,10,2023-10-09 18:33:00,2023-10-09 18:43:00,"Partial smoke towards end of sample","R7",20,0.02,2.1,2.1,0,3,0.9,3.9,0.230769230769231,6.3884375,6.05875,2.6703125,0,2.6703125,-3.91202300542815,0.5,2167500,964650.390625,964650.390625,0,0,0,675074.962022569,675074.962022569,0,NA,NA,NA,NA,NA,NA,NA,NA,NA,NA,NA,NA,NA,NA,NA,NA,NA,NA,NA,NA,NA,NA,NA,NA,NA,NA,NA,NA,NA,NA,NA,NA,NA,NA,NA,NA,NA,NA,NA,NA,NA,NA,NA,NA,NA,NA,NA,NA,NA,NA,NA,NA,NA,NA,NA,NA,NA
"FASMEE23","Button","Smoke","S9PI",20250117,"3/3/2025","Lampman","R7B","R7","A",17,3,0,3,NA,"","","F23E",2023-10-09,2023-10-09 12:33:00,2023-10-09 18:33:00,2,"Red","PTFE",4,40,10,2023-10-09 18:33:00,2023-10-09 18:43:00,"Partial smoke towards end of sample","R7",20,0.02,2.1,2.1,0,0,0.9,0.9,1,6.3884375,6.05875,0,0,0,-3.91202300542815,1,1083750,0,0,0,NA,0,0,0,NA,NA,NA,NA,NA,NA,NA,NA,NA,NA,NA,NA,NA,NA,NA,NA,NA,NA,NA,NA,NA,NA,NA,NA,NA,NA,NA,NA,NA,NA,NA,NA,NA,NA,NA,NA,NA,NA,NA,NA,NA,NA,NA,NA,NA,NA,NA,NA,NA,NA,NA,NA,NA,NA,NA,NA,NA,NA
"FASMEE23","Button","Smoke","S9PI",20250117,"3/3/2025","Lampman","R7B","R7","A",22,3,0,3,NA,"","","F23E",2023-10-09,2023-10-09 12:33:00,2023-10-09 18:33:00,2,"Red","PTFE",4,40,10,2023-10-09 18:33:00,2023-10-09 18:43:00,"Partial smoke towards end of sample","R7",20,0.02,2.1,2.1,0,0,0.9,0.9,1,6.3884375,6.05875,0,0,0,-3.91202300542815,1,1083750,0,0,0,NA,0,0,0,NA,NA,NA,NA,NA,NA,NA,NA,NA,NA,NA,NA,NA,NA,NA,NA,NA,NA,NA,NA,NA,NA,NA,NA,NA,NA,NA,NA,NA,NA,NA,NA,NA,NA,NA,NA,NA,NA,NA,NA,NA,NA,NA,NA,NA,NA,NA,NA,NA,NA,NA,NA,NA,NA,NA,NA,NA,NA
"FASMEE23","Button","Smoke","S9PI",20250117,"3/3/2025","Lampman","R7B","R7","A",27,3,0,3,NA,"","","F23E",2023-10-09,2023-10-09 12:33:00,2023-10-09 18:33:00,2,"Red","PTFE",4,40,10,2023-10-09 18:33:00,2023-10-09 18:43:00,"Partial smoke towards end of sample","R7",20,0.02,2.1,2.1,0,0,0.9,0.9,1,6.3884375,6.05875,0,0,0,-3.91202300542815,1,1083750,0,0,0,NA,0,0,0,NA,NA,NA,NA,NA,NA,NA,NA,NA,NA,NA,NA,NA,NA,NA,NA,NA,NA,NA,NA,NA,NA,NA,NA,NA,NA,NA,NA,NA,NA,NA,NA,NA,NA,NA,NA,NA,NA,NA,NA,NA,NA,NA,NA,NA,NA,NA,NA,NA,NA,NA,NA,NA,NA,NA,NA,NA,NA
"FASMEE23","Button","Smoke","S9PI",20250117,"3/3/2025","Lampman","R7B","R7","A",31,3,0,3,NA,"","","F23E",2023-10-09,2023-10-09 12:33:00,2023-10-09 18:33:00,2,"Red","PTFE",4,40,10,2023-10-09 18:33:00,2023-10-09 18:43:00,"Partial smoke towards end of sample","R7",20,0.02,2.1,2.1,0,0,0.9,0.9,1,6.3884375,6.05875,0,0,0,-3.91202300542815,1,1083750,0,0,0,NA,0,0,0,NA,NA,NA,NA,NA,NA,NA,NA,NA,NA,NA,NA,NA,NA,NA,NA,NA,NA,NA,NA,NA,NA,NA,NA,NA,NA,NA,NA,NA,NA,NA,NA,NA,NA,NA,NA,NA,NA,NA,NA,NA,NA,NA,NA,NA,NA,NA,NA,NA,NA,NA,NA,NA,NA,NA,NA,NA,NA
"FASMEE23","Button","Smoke","S9PI",20250127,"3/3/2025","Lampman","B9B","B9","A",12,3,7,10,NA,"","","F23E",2023-10-10,2023-10-10 15:09:00,2023-10-10 21:09:00,3,"Blue","PTFE",4,60,15,2023-10-10 21:09:00,2023-10-10 21:24:00,"","B9",30,0.03,2.1,2.1,0,7,0.9,7.9,0.113924050632911,6.3884375,6.05875,6.6703125,0,6.6703125,-3.50655789731998,0.3,2408333.33333333,1606433.59375,1606433.59375,0,0,0,1316858.16514757,1316858.16514757,0,9,584.100794087505,188.516922417344,3114.5911041344,176.698148148148,130.5,422.625,446.172839506173,237.875,1716.21,10.8074935400517,10.5555555555556,11.6666666666667,10,33.0116279069767,33,31,34,3.84755654322465,3.82515368908763,4.16705056996941,3.64859285797902,11336.5,10298.67,2475.79,88.25,0.125,0,24722.5,24835.125,24836.25,24837.375,5.23918777695593,"Very Unhealthy","Low",61.2042743966305,66.3921308617705,201.814906555965,15.7464380900351,108.784440826061,218.711205508665,12.1776042318889,13.3199766930851,24.5377224480851,0.896793933565282,0.89807374740202,62.9928010192709,125.985602038542,0.125985602038542,0.000125985602038542,1.25985602038542e-07,10452449675517,0,10452449675.517,0,10452.449675517,0
"FASMEE23","Button","Smoke","S9PI",20250127,"3/3/2025","Lampman","B9B","B9","A",32,3,0,3,NA,"","","F23E",2023-10-10,2023-10-10 15:09:00,2023-10-10 21:09:00,3,"Blue","PTFE",4,60,15,2023-10-10 21:09:00,2023-10-10 21:24:00,"","B9",30,0.03,2.1,2.1,0,0,0.9,0.9,1,6.3884375,6.05875,0,0,0,-3.50655789731998,1,722500,0,0,0,NA,0,0,0,NA,9,584.100794087505,188.516922417344,3114.5911041344,176.698148148148,130.5,422.625,446.172839506173,237.875,1716.21,10.8074935400517,10.5555555555556,11.6666666666667,10,33.0116279069767,33,31,34,3.84755654322465,3.82515368908763,4.16705056996941,3.64859285797902,11336.5,10298.67,2475.79,88.25,0.125,0,24722.5,24835.125,24836.25,24837.375,5.23918777695593,"Very Unhealthy","Low",61.2042743966305,66.3921308617705,201.814906555965,15.7464380900351,108.784440826061,218.711205508665,12.1776042318889,13.3199766930851,24.5377224480851,0.896793933565282,0.89807374740202,62.9928010192709,125.985602038542,0.125985602038542,0.000125985602038542,1.25985602038542e-07,0,0,0,0,0,0
"FASMEE23","Button","Smoke","S9PI",20250127,"3/3/2025","Lampman","B9B","B9","A",34,3,0,3,NA,"","","F23E",2023-10-10,2023-10-10 15:09:00,2023-10-10 21:09:00,3,"Blue","PTFE",4,60,15,2023-10-10 21:09:00,2023-10-10 21:24:00,"","B9",30,0.03,2.1,2.1,0,0,0.9,0.9,1,6.3884375,6.05875,0,0,0,-3.50655789731998,1,722500,0,0,0,NA,0,0,0,NA,9,584.100794087505,188.516922417344,3114.5911041344,176.698148148148,130.5,422.625,446.172839506173,237.875,1716.21,10.8074935400517,10.5555555555556,11.6666666666667,10,33.0116279069767,33,31,34,3.84755654322465,3.82515368908763,4.16705056996941,3.64859285797902,11336.5,10298.67,2475.79,88.25,0.125,0,24722.5,24835.125,24836.25,24837.375,5.23918777695593,"Very Unhealthy","Low",61.2042743966305,66.3921308617705,201.814906555965,15.7464380900351,108.784440826061,218.711205508665,12.1776042318889,13.3199766930851,24.5377224480851,0.896793933565282,0.89807374740202,62.9928010192709,125.985602038542,0.125985602038542,0.000125985602038542,1.25985602038542e-07,0,0,0,0,0,0
"FASMEE23","Button","Smoke","S9PI",20250127,"3/3/2025","Lampman","B9B","B9","A",36,3,1,4,NA,"","","F23E",2023-10-10,2023-10-10 15:09:00,2023-10-10 21:09:00,3,"Blue","PTFE",4,60,15,2023-10-10 21:09:00,2023-10-10 21:24:00,"","B9",30,0.03,2.1,2.1,0,1,0.9,1.9,0.473684210526316,6.3884375,6.05875,0.6703125,0,0.6703125,-3.50655789731998,0.75,963333.333333333,161433.59375,161433.59375,0,0,0,0,0,NA,9,584.100794087505,188.516922417344,3114.5911041344,176.698148148148,130.5,422.625,446.172839506173,237.875,1716.21,10.8074935400517,10.5555555555556,11.6666666666667,10,33.0116279069767,33,31,34,3.84755654322465,3.82515368908763,4.16705056996941,3.64859285797902,11336.5,10298.67,2475.79,88.25,0.125,0,24722.5,24835.125,24836.25,24837.375,5.23918777695593,"Very Unhealthy","Low",61.2042743966305,66.3921308617705,201.814906555965,15.7464380900351,108.784440826061,218.711205508665,12.1776042318889,13.3199766930851,24.5377224480851,0.896793933565282,0.89807374740202,62.9928010192709,125.985602038542,0.125985602038542,0.000125985602038542,1.25985602038542e-07,0,0,0,0,0,0
"FASMEE23","Button","Smoke","S9PI",20250127,"3/3/2025","Lampman","B9B","B9","A",37,3,0,3,NA,"","","F23E",2023-10-10,2023-10-10 15:09:00,2023-10-10 21:09:00,3,"Blue","PTFE",4,60,15,2023-10-10 21:09:00,2023-10-10 21:24:00,"","B9",30,0.03,2.1,2.1,0,0,0.9,0.9,1,6.3884375,6.05875,0,0,0,-3.50655789731998,1,722500,0,0,0,NA,0,0,0,NA,9,584.100794087505,188.516922417344,3114.5911041344,176.698148148148,130.5,422.625,446.172839506173,237.875,1716.21,10.8074935400517,10.5555555555556,11.6666666666667,10,33.0116279069767,33,31,34,3.84755654322465,3.82515368908763,4.16705056996941,3.64859285797902,11336.5,10298.67,2475.79,88.25,0.125,0,24722.5,24835.125,24836.25,24837.375,5.23918777695593,"Very Unhealthy","Low",61.2042743966305,66.3921308617705,201.814906555965,15.7464380900351,108.784440826061,218.711205508665,12.1776042318889,13.3199766930851,24.5377224480851,0.896793933565282,0.89807374740202,62.9928010192709,125.985602038542,0.125985602038542,0.000125985602038542,1.25985602038542e-07,0,0,0,0,0,0
"FASMEE23","Button","Smoke","S9PI",20250127,"3/3/2025","Lampman","B9B","B9","A",40,3,1,4,NA,"","","F23E",2023-10-10,2023-10-10 15:09:00,2023-10-10 21:09:00,3,"Blue","PTFE",4,60,15,2023-10-10 21:09:00,2023-10-10 21:24:00,"","B9",30,0.03,2.1,2.1,0,1,0.9,1.9,0.473684210526316,6.3884375,6.05875,0.6703125,0,0.6703125,-3.50655789731998,0.75,963333.333333333,161433.59375,161433.59375,0,0,0,0,0,NA,9,584.100794087505,188.516922417344,3114.5911041344,176.698148148148,130.5,422.625,446.172839506173,237.875,1716.21,10.8074935400517,10.5555555555556,11.6666666666667,10,33.0116279069767,33,31,34,3.84755654322465,3.82515368908763,4.16705056996941,3.64859285797902,11336.5,10298.67,2475.79,88.25,0.125,0,24722.5,24835.125,24836.25,24837.375,5.23918777695593,"Very Unhealthy","Low",61.2042743966305,66.3921308617705,201.814906555965,15.7464380900351,108.784440826061,218.711205508665,12.1776042318889,13.3199766930851,24.5377224480851,0.896793933565282,0.89807374740202,62.9928010192709,125.985602038542,0.125985602038542,0.000125985602038542,1.25985602038542e-07,0,0,0,0,0,0
"FASMEE23","Button","Smoke","S9PI",20250221,"2/28/2025","Lampman","R15B","R15","A",1,3,0,3,NA,"","","F23F",2023-10-11,2023-10-10 19:21:00,2023-10-11 01:21:00,3,"Red","PTFE",4,60,15,2023-10-11 01:21:00,2023-10-11 01:36:00,"Partial smoke at best","R15",30,0.03,1.25,1.25,0,0,1.75,1.75,1,5.5384375,5.20875,0,0,0,-3.50655789731998,1,722500,0,0,0,NA,0,0,0,NA,NA,NA,NA,NA,NA,NA,NA,NA,NA,NA,NA,NA,NA,NA,NA,NA,NA,NA,NA,NA,NA,NA,NA,NA,NA,NA,NA,NA,NA,NA,NA,NA,NA,NA,NA,NA,NA,NA,NA,NA,NA,NA,NA,NA,NA,NA,NA,NA,NA,NA,NA,NA,NA,NA,NA,NA,NA
"FASMEE23","Button","Smoke","S9PI",20250221,"2/28/2025","Lampman","R15B","R15","A",16,3,0,3,NA,"","","F23F",2023-10-11,2023-10-10 19:21:00,2023-10-11 01:21:00,3,"Red","PTFE",4,60,15,2023-10-11 01:21:00,2023-10-11 01:36:00,"Partial smoke at best","R15",30,0.03,1.25,1.25,0,0,1.75,1.75,1,5.5384375,5.20875,0,0,0,-3.50655789731998,1,722500,0,0,0,NA,0,0,0,NA,NA,NA,NA,NA,NA,NA,NA,NA,NA,NA,NA,NA,NA,NA,NA,NA,NA,NA,NA,NA,NA,NA,NA,NA,NA,NA,NA,NA,NA,NA,NA,NA,NA,NA,NA,NA,NA,NA,NA,NA,NA,NA,NA,NA,NA,NA,NA,NA,NA,NA,NA,NA,NA,NA,NA,NA,NA
"FASMEE23","Button","Smoke","S9PI",20250127,"3/5/2025","Lampman","R9B","R9","A",3,3,0,3,NA,"","","F23E",2023-10-09,2023-10-09 15:17:00,2023-10-09 21:17:00,2,"Red","PTFE",4,60,15,2023-10-09 21:17:00,2023-10-09 21:32:00,"","R9",30,0.03,2.1,2.1,0,0,0.9,0.9,1,6.3884375,6.05875,0,0,0,-3.50655789731998,1,722500,0,0,0,NA,0,0,0,NA,NA,NA,NA,NA,NA,NA,NA,NA,NA,NA,NA,NA,NA,NA,NA,NA,NA,NA,NA,NA,NA,NA,NA,NA,NA,NA,NA,NA,NA,NA,NA,NA,NA,NA,NA,NA,NA,NA,NA,NA,NA,NA,NA,NA,NA,NA,NA,NA,NA,NA,NA,NA,NA,NA,NA,NA,NA
"FASMEE23","Button","Smoke","S9PI",20250127,"3/5/2025","Lampman","R9B","R9","A",12,3,0,3,NA,"","","F23E",2023-10-09,2023-10-09 15:17:00,2023-10-09 21:17:00,2,"Red","PTFE",4,60,15,2023-10-09 21:17:00,2023-10-09 21:32:00,"","R9",30,0.03,2.1,2.1,0,0,0.9,0.9,1,6.3884375,6.05875,0,0,0,-3.50655789731998,1,722500,0,0,0,NA,0,0,0,NA,NA,NA,NA,NA,NA,NA,NA,NA,NA,NA,NA,NA,NA,NA,NA,NA,NA,NA,NA,NA,NA,NA,NA,NA,NA,NA,NA,NA,NA,NA,NA,NA,NA,NA,NA,NA,NA,NA,NA,NA,NA,NA,NA,NA,NA,NA,NA,NA,NA,NA,NA,NA,NA,NA,NA,NA,NA
"FASMEE23","Button","Smoke","S9PI",20250127,"3/5/2025","Lampman","R9B","R9","A",26,3,1,4,NA,"","","F23E",2023-10-09,2023-10-09 15:17:00,2023-10-09 21:17:00,2,"Red","PTFE",4,60,15,2023-10-09 21:17:00,2023-10-09 21:32:00,"","R9",30,0.03,2.1,2.1,0,1,0.9,1.9,0.473684210526316,6.3884375,6.05875,0.6703125,0,0.6703125,-3.50655789731998,0.75,963333.333333333,161433.59375,161433.59375,0,0,0,0,0,NA,NA,NA,NA,NA,NA,NA,NA,NA,NA,NA,NA,NA,NA,NA,NA,NA,NA,NA,NA,NA,NA,NA,NA,NA,NA,NA,NA,NA,NA,NA,NA,NA,NA,NA,NA,NA,NA,NA,NA,NA,NA,NA,NA,NA,NA,NA,NA,NA,NA,NA,NA,NA,NA,NA,NA,NA,NA
"FASMEE23","Button","Smoke","S9PI",20240505,"3/31/2025","Lampman","R8B","R8B","A",13,3,0,3,NA,"","","F23A",2023-10-09,2023-10-09 14:54:00,2023-10-09 20:54:00,2,"Red","PTFE",4,60,15,2023-10-09 20:54:00,2023-10-09 21:09:00,"Tons of smoke, probably best sample","R8",30,0.03,2.225,2.225,0,0,0.775,0.775,1,6.5134375,6.18375,0,0,0,-3.50655789731998,1,722500,0,0,0,NA,0,0,0,NA,NA,NA,NA,NA,NA,NA,NA,NA,NA,NA,NA,NA,NA,NA,NA,NA,NA,NA,NA,NA,NA,NA,NA,NA,NA,NA,NA,NA,NA,NA,NA,NA,NA,NA,NA,NA,NA,NA,NA,NA,NA,NA,NA,NA,NA,NA,NA,NA,NA,NA,NA,NA,NA,NA,NA,NA,NA
"FASMEE23","Button","Smoke","S9PI",20240505,"3/31/2025","Lampman","R8B","R8B","A",38,3,0,3,NA,"","","F23A",2023-10-09,2023-10-09 14:54:00,2023-10-09 20:54:00,2,"Red","PTFE",4,60,15,2023-10-09 20:54:00,2023-10-09 21:09:00,"Tons of smoke, probably best sample","R8",30,0.03,2.225,2.225,0,0,0.775,0.775,1,6.5134375,6.18375,0,0,0,-3.50655789731998,1,722500,0,0,0,NA,0,0,0,NA,NA,NA,NA,NA,NA,NA,NA,NA,NA,NA,NA,NA,NA,NA,NA,NA,NA,NA,NA,NA,NA,NA,NA,NA,NA,NA,NA,NA,NA,NA,NA,NA,NA,NA,NA,NA,NA,NA,NA,NA,NA,NA,NA,NA,NA,NA,NA,NA,NA,NA,NA,NA,NA,NA,NA,NA,NA
"FASMEE23","Button","Smoke","S9PI",20250221,"4/11/2025","Lampman","B7B","B7","A",6,3,0,3,NA,"","","F23F",2023-10-10,2023-10-09 18:17:00,2023-10-10 00:17:00,2,"Blue","PTFE",4,60,15,2023-10-10 00:17:00,2023-10-10 00:32:00,"","B7",30,0.03,1.25,1.25,0,0,1.75,1.75,1,5.5384375,5.20875,0,0,0,-3.50655789731998,1,722500,0,0,0,NA,0,0,0,NA,7,1625.52013208166,1670.54342003125,4296.5432918125,191.864464285714,243.5,323.75,1134.54755952381,1266.25,2565.125,11.9378306878307,12.2222222222222,12.7777777777778,9.44444444444444,27.4642857142857,27,27,29,3.43830869055206,3.49798559298276,3.81130962441916,2.83267941327911,27600.25,26431.75,16400.9375,2164.5625,366.75,209,70499.125,72762.875,73162.6025,73501.915,7.42090425369562,"Hazardous","High",NA,NA,NA,NA,NA,NA,NA,NA,NA,NA,NA,NA,NA,NA,NA,NA,NA,NA,NA,NA,NA,NA
"FASMEE23","Button","Smoke","S9PI",20250221,"4/11/2025","Lampman","B7B","B7","A",7,3,4,7,NA,"","","F23F",2023-10-10,2023-10-09 18:17:00,2023-10-10 00:17:00,2,"Blue","PTFE",4,60,15,2023-10-10 00:17:00,2023-10-10 00:32:00,"","B7",30,0.03,1.25,1.25,0,4,1.75,5.75,0.304347826086957,5.5384375,5.20875,3.6703125,0,3.6703125,-3.50655789731998,0.428571428571429,1685833.33333333,883933.59375,883933.59375,0,0,0,594358.165147569,594358.165147569,0,7,1625.52013208166,1670.54342003125,4296.5432918125,191.864464285714,243.5,323.75,1134.54755952381,1266.25,2565.125,11.9378306878307,12.2222222222222,12.7777777777778,9.44444444444444,27.4642857142857,27,27,29,3.43830869055206,3.49798559298276,3.81130962441916,2.83267941327911,27600.25,26431.75,16400.9375,2164.5625,366.75,209,70499.125,72762.875,73162.6025,73501.915,7.42090425369562,"Hazardous","High",NA,NA,NA,NA,NA,NA,NA,NA,NA,NA,NA,NA,NA,NA,NA,NA,NA,NA,NA,NA,NA,NA
"FASMEE23","Button","Smoke","S9PI",20250221,"4/11/2025","Lampman","B7B","B7","A",26,3,0,3,NA,"","","F23F",2023-10-10,2023-10-09 18:17:00,2023-10-10 00:17:00,2,"Blue","PTFE",4,60,15,2023-10-10 00:17:00,2023-10-10 00:32:00,"","B7",30,0.03,1.25,1.25,0,0,1.75,1.75,1,5.5384375,5.20875,0,0,0,-3.50655789731998,1,722500,0,0,0,NA,0,0,0,NA,7,1625.52013208166,1670.54342003125,4296.5432918125,191.864464285714,243.5,323.75,1134.54755952381,1266.25,2565.125,11.9378306878307,12.2222222222222,12.7777777777778,9.44444444444444,27.4642857142857,27,27,29,3.43830869055206,3.49798559298276,3.81130962441916,2.83267941327911,27600.25,26431.75,16400.9375,2164.5625,366.75,209,70499.125,72762.875,73162.6025,73501.915,7.42090425369562,"Hazardous","High",NA,NA,NA,NA,NA,NA,NA,NA,NA,NA,NA,NA,NA,NA,NA,NA,NA,NA,NA,NA,NA,NA
"FASMEE23","Button","Smoke","S9PI",20250221,"4/11/2025","Lampman","B7B","B7","A",36,3,0,3,NA,"","","F23F",2023-10-10,2023-10-09 18:17:00,2023-10-10 00:17:00,2,"Blue","PTFE",4,60,15,2023-10-10 00:17:00,2023-10-10 00:32:00,"","B7",30,0.03,1.25,1.25,0,0,1.75,1.75,1,5.5384375,5.20875,0,0,0,-3.50655789731998,1,722500,0,0,0,NA,0,0,0,NA,7,1625.52013208166,1670.54342003125,4296.5432918125,191.864464285714,243.5,323.75,1134.54755952381,1266.25,2565.125,11.9378306878307,12.2222222222222,12.7777777777778,9.44444444444444,27.4642857142857,27,27,29,3.43830869055206,3.49798559298276,3.81130962441916,2.83267941327911,27600.25,26431.75,16400.9375,2164.5625,366.75,209,70499.125,72762.875,73162.6025,73501.915,7.42090425369562,"Hazardous","High",NA,NA,NA,NA,NA,NA,NA,NA,NA,NA,NA,NA,NA,NA,NA,NA,NA,NA,NA,NA,NA,NA
"FASMEE23","Button","Smoke","S9PI",20250221,"3/10/2025","Lampman","B8B","B8","A",3,3,7,10,NA,"","","F23F",2023-10-10,2023-10-09 18:45:00,2023-10-10 00:45:00,2,"Blue","PTFE",4,60,15,2023-10-10 00:45:00,2023-10-10 01:00:00,"","B8",30,0.03,1.25,1.25,0,7,1.75,8.75,0.2,5.5384375,5.20875,6.6703125,0,6.6703125,-3.50655789731998,0.3,2408333.33333333,1606433.59375,1606433.59375,0,0,0,1316858.16514757,1316858.16514757,0,8,1205.06665382693,1303.733104,3018.616525,226.646470588235,286,417.125,876.608941176471,1025.165,1821,12.078431372549,11.6666666666667,13.8888888888889,10.5555555555556,27.6117647058824,28,26,30,3.48006033349395,3.49058669865849,3.8025217445426,3.05727862595733,26588.54,25222.5,13803,1123.75,154.17,81.33,66054.875,67628,67854.375,68080.75,7.17298704669122,"Hazardous","High",NA,NA,NA,NA,NA,NA,NA,NA,NA,NA,NA,NA,NA,NA,NA,NA,NA,NA,NA,NA,NA,NA
"FASMEE23","Button","Smoke","S9PI",20250221,"3/10/2025","Lampman","B8B","B8","A",7,3,0,3,NA,"","","F23F",2023-10-10,2023-10-09 18:45:00,2023-10-10 00:45:00,2,"Blue","PTFE",4,60,15,2023-10-10 00:45:00,2023-10-10 01:00:00,"","B8",30,0.03,1.25,1.25,0,0,1.75,1.75,1,5.5384375,5.20875,0,0,0,-3.50655789731998,1,722500,0,0,0,NA,0,0,0,NA,8,1205.06665382693,1303.733104,3018.616525,226.646470588235,286,417.125,876.608941176471,1025.165,1821,12.078431372549,11.6666666666667,13.8888888888889,10.5555555555556,27.6117647058824,28,26,30,3.48006033349395,3.49058669865849,3.8025217445426,3.05727862595733,26588.54,25222.5,13803,1123.75,154.17,81.33,66054.875,67628,67854.375,68080.75,7.17298704669122,"Hazardous","High",NA,NA,NA,NA,NA,NA,NA,NA,NA,NA,NA,NA,NA,NA,NA,NA,NA,NA,NA,NA,NA,NA
"FASMEE23","Button","Smoke","S9PI",20250221,"3/10/2025","Lampman","B8B","B8","A",9,3,1,4,NA,"","","F23F",2023-10-10,2023-10-09 18:45:00,2023-10-10 00:45:00,2,"Blue","PTFE",4,60,15,2023-10-10 00:45:00,2023-10-10 01:00:00,"","B8",30,0.03,1.25,1.25,0,1,1.75,2.75,0.636363636363636,5.5384375,5.20875,0.6703125,0,0.6703125,-3.50655789731998,0.75,963333.333333333,161433.59375,161433.59375,0,0,0,0,0,NA,8,1205.06665382693,1303.733104,3018.616525,226.646470588235,286,417.125,876.608941176471,1025.165,1821,12.078431372549,11.6666666666667,13.8888888888889,10.5555555555556,27.6117647058824,28,26,30,3.48006033349395,3.49058669865849,3.8025217445426,3.05727862595733,26588.54,25222.5,13803,1123.75,154.17,81.33,66054.875,67628,67854.375,68080.75,7.17298704669122,"Hazardous","High",NA,NA,NA,NA,NA,NA,NA,NA,NA,NA,NA,NA,NA,NA,NA,NA,NA,NA,NA,NA,NA,NA
"FASMEE23","Button","Smoke","S9PI",20250221,"3/10/2025","Lampman","B8B","B8","A",17,3,2,5,NA,"","","F23F",2023-10-10,2023-10-09 18:45:00,2023-10-10 00:45:00,2,"Blue","PTFE",4,60,15,2023-10-10 00:45:00,2023-10-10 01:00:00,"","B8",30,0.03,1.25,1.25,0,2,1.75,3.75,0.466666666666667,5.5384375,5.20875,1.6703125,0,1.6703125,-3.50655789731998,0.6,1204166.66666667,402266.927083333,402266.927083333,0,0,0,112691.498480903,112691.498480903,0,8,1205.06665382693,1303.733104,3018.616525,226.646470588235,286,417.125,876.608941176471,1025.165,1821,12.078431372549,11.6666666666667,13.8888888888889,10.5555555555556,27.6117647058824,28,26,30,3.48006033349395,3.49058669865849,3.8025217445426,3.05727862595733,26588.54,25222.5,13803,1123.75,154.17,81.33,66054.875,67628,67854.375,68080.75,7.17298704669122,"Hazardous","High",NA,NA,NA,NA,NA,NA,NA,NA,NA,NA,NA,NA,NA,NA,NA,NA,NA,NA,NA,NA,NA,NA
"FASMEE23","Button","Smoke","S9PI",20250221,"3/10/2025","Lampman","B8B","B8","A",19,3,0,3,NA,"","","F23F",2023-10-10,2023-10-09 18:45:00,2023-10-10 00:45:00,2,"Blue","PTFE",4,60,15,2023-10-10 00:45:00,2023-10-10 01:00:00,"","B8",30,0.03,1.25,1.25,0,0,1.75,1.75,1,5.5384375,5.20875,0,0,0,-3.50655789731998,1,722500,0,0,0,NA,0,0,0,NA,8,1205.06665382693,1303.733104,3018.616525,226.646470588235,286,417.125,876.608941176471,1025.165,1821,12.078431372549,11.6666666666667,13.8888888888889,10.5555555555556,27.6117647058824,28,26,30,3.48006033349395,3.49058669865849,3.8025217445426,3.05727862595733,26588.54,25222.5,13803,1123.75,154.17,81.33,66054.875,67628,67854.375,68080.75,7.17298704669122,"Hazardous","High",NA,NA,NA,NA,NA,NA,NA,NA,NA,NA,NA,NA,NA,NA,NA,NA,NA,NA,NA,NA,NA,NA
"FASMEE23","Button","Ambient","S9PI",20240505,"6/3/2025","Lampman","B1B","B1","A",34,3,0,3,NA,"","","F23A",2023-10-08,2023-10-08 14:48:00,2023-10-08 20:48:00,1,"Blue","PTFE",4,40,10,2023-10-08 20:48:00,2023-10-08 20:58:00,"","B1",20,0.02,2.225,2.225,0,0,0.775,0.775,1,6.5134375,6.18375,0,0,0,-3.91202300542815,1,1083750,0,0,0,NA,NA,NA,NA,NA,1,3.69313538461538,3.6812,3.8536,0,0,0,0.0166923076923077,0,0.375,19.8717948717949,19.4444444444444,21.1111111111111,18.3333333333333,23.8615384615385,24,22,26,4.82188619030089,4.73837584914535,5.14397613428947,4.37656394135745,98.21,69,0,0,0,0,170.21,170.21,170.21,170.21,1.30323878598256,"Good","None",NA,NA,NA,NA,NA,NA,NA,NA,NA,NA,NA,NA,NA,NA,NA,NA,NA,NA,NA,NA,NA,NA
"FASMEE23","Button","Ambient","S9PI",20240505,"6/3/2025","Lampman","B1B","B1","A",40,3,0,3,NA,"","","F23A",2023-10-08,2023-10-08 14:48:00,2023-10-08 20:48:00,1,"Blue","PTFE",4,40,10,2023-10-08 20:48:00,2023-10-08 20:58:00,"","B1",20,0.02,2.225,2.225,0,0,0.775,0.775,1,6.5134375,6.18375,0,0,0,-3.91202300542815,1,1083750,0,0,0,NA,NA,NA,NA,NA,1,3.69313538461538,3.6812,3.8536,0,0,0,0.0166923076923077,0,0.375,19.8717948717949,19.4444444444444,21.1111111111111,18.3333333333333,23.8615384615385,24,22,26,4.82188619030089,4.73837584914535,5.14397613428947,4.37656394135745,98.21,69,0,0,0,0,170.21,170.21,170.21,170.21,1.30323878598256,"Good","None",NA,NA,NA,NA,NA,NA,NA,NA,NA,NA,NA,NA,NA,NA,NA,NA,NA,NA,NA,NA,NA,NA
"FASMEE23","Button","Smoke","S9PI",20240912,"11/12/2024","Lampman","B10B","B10","A",9,4,0,4,0,"","","F23B",2023-10-11,2023-10-10 18:25:00,2023-10-11 00:25:00,3,"Blue","PTFE",4,60,15,2023-10-11 00:25:00,2023-10-11 00:40:00,"Partial smoke at best","B10",30,0.03,1.675,1.5,0.175,0,2.5,2.5,1,5.9634375,5.45875,0,0,0,-3.50655789731998,1,963333.333333333,0,0,0,NA,0,0,0,NA,10,296.817832329909,284.73479828125,913.5914568125,162.399186046512,183.125,370.5,298.041569767442,316.625,762.75,10.0638569604087,10,10.5555555555556,7.77777777777778,31.3333333333333,31,31,32,3.46114545081116,3.49829032819435,3.65288745104373,2.95692571743565,15821,13422.125,3222.3325,205,3.335,0,32372.0625,32590.23,32594.855,32599.48,5.65155821470817,"Hazardous","Low",9.16936754497504,7.15880794304564,30.8100107581134,1.51685239597926,16.3873253245179,22.7938558681921,1.49529188355726,1.26651866080882,4.28245836580882,0.903533173719327,0.926980348124455,9.26602549754036,18.5320509950807,0.0185320509950807,1.85320509950807e-05,1.85320509950807e-08,0,0,0,0,0,0
"FASMEE23","Button","Smoke","S9PI",20240912,"11/12/2024","Lampman","B10B","B10","A",15,4,12,16,0,"","","F23B",2023-10-11,2023-10-10 18:25:00,2023-10-11 00:25:00,3,"Blue","PTFE",4,60,15,2023-10-11 00:25:00,2023-10-11 00:40:00,"Partial smoke at best","B10",30,0.03,1.675,1.5,0.175,11.825,2.5,14.325,0.174520069808028,5.9634375,5.45875,11.4953125,0,11.4953125,-3.50655789731998,0.25,3853333.33333333,2768454.42708333,2768454.42708333,0,0,0,2478878.9984809,2478878.9984809,0,10,296.817832329909,284.73479828125,913.5914568125,162.399186046512,183.125,370.5,298.041569767442,316.625,762.75,10.0638569604087,10,10.5555555555556,7.77777777777778,31.3333333333333,31,31,32,3.46114545081116,3.49829032819435,3.65288745104373,2.95692571743565,15821,13422.125,3222.3325,205,3.335,0,32372.0625,32590.23,32594.855,32599.48,5.65155821470817,"Hazardous","Low",9.16936754497504,7.15880794304564,30.8100107581134,1.51685239597926,16.3873253245179,22.7938558681921,1.49529188355726,1.26651866080882,4.28245836580882,0.903533173719327,0.926980348124455,9.26602549754036,18.5320509950807,0.0185320509950807,1.85320509950807e-05,1.85320509950807e-08,133761719042264,0,133761719042.264,0,133761.719042264,0
"FASMEE23","Button","Smoke","S9PI",20240912,"11/12/2024","Lampman","B12B","B12","A",25,4,3,7,0,"","","F23B",2023-10-11,2023-10-10 19:29:00,2023-10-11 01:29:00,3,"Blue","PTFE",4,60,15,2023-10-11 01:29:00,2023-10-11 01:44:00,"Partial smoke at best","B12",30,0.03,1.675,1.5,0.175,2.825,2.5,5.325,0.469483568075117,5.9634375,5.45875,2.4953125,0,2.4953125,-3.50655789731998,0.571428571428571,1685833.33333333,600954.427083333,600954.427083333,0,0,0,311378.998480903,311378.998480903,0,12,97.2710784691779,70.63031,343.96187725,71.5695081967213,55.375,217.25,119.030737704918,94.21,369.875,9.51730418943534,9.44444444444444,10.5555555555556,8.88888888888889,30.2622950819672,30,30,32,3.22274350561617,3.20067977403102,3.59115262850359,3.05362161156916,5352.375,4262.04,915.835,8.29,0,0,10439.125,10456.375,10456.375,10456.375,4.257459372481,"Moderate/Unhealthy","Low",12.4836759454948,13.1564633792446,42.6384496071778,2.83267731716567,22.6222156083308,43.3128495814939,1.66076798489259,2.36439821080882,3.08124897580882,0.948198027037845,0.934616975798477,12.580490102955,25.1609802059101,0.02516098020591,2.516098020591e-05,2.516098020591e-08,12375471699936.5,0,12375471699.9365,0,12375.4716999365,0
"FASMEE23","Button","Smoke","S9PI",20240912,"11/12/2024","Lampman","B12B","B12","A",40,4,4,8,0,"","","F23B",2023-10-11,2023-10-10 19:29:00,2023-10-11 01:29:00,3,"Blue","PTFE",4,60,15,2023-10-11 01:29:00,2023-10-11 01:44:00,"Partial smoke at best","B12",30,0.03,1.675,1.5,0.175,3.825,2.5,6.325,0.395256916996047,5.9634375,5.45875,3.4953125,0,3.4953125,-3.50655789731998,0.5,1926666.66666667,841787.760416667,841787.760416667,0,0,0,552212.331814236,552212.331814236,0,12,97.2710784691779,70.63031,343.96187725,71.5695081967213,55.375,217.25,119.030737704918,94.21,369.875,9.51730418943534,9.44444444444444,10.5555555555556,8.88888888888889,30.2622950819672,30,30,32,3.22274350561617,3.20067977403102,3.59115262850359,3.05362161156916,5352.375,4262.04,915.835,8.29,0,0,10439.125,10456.375,10456.375,10456.375,4.257459372481,"Moderate/Unhealthy","Low",12.4836759454948,13.1564633792446,42.6384496071778,2.83267731716567,22.6222156083308,43.3128495814939,1.66076798489259,2.36439821080882,3.08124897580882,0.948198027037845,0.934616975798477,12.580490102955,25.1609802059101,0.02516098020591,2.516098020591e-05,2.516098020591e-08,21947170869143.1,0,21947170869.1431,0,21947.1708691431,0
"FASMEE23","Button","Smoke","S9PI",20240926,"11/14/2024","Lampman","B11B","B11","A",2,4,0,4,NA,"","","F23B",2023-10-11,2023-10-10 18:53:00,2023-10-11 00:53:00,3,"Blue","PTFE",4,52.28,13.07,2023-10-11 00:53:00,2023-10-11 01:06:04,"Arms loose on ATAT-RTH with time remaining on leland (1:56min)","B11",26.14,0.02614,1.675,1.5,0.175,0,2.5,2.5,1,5.9634375,5.45875,0,0,0,-3.64428857078606,1,1105585.30986993,0,0,0,NA,0,0,0,NA,11,126.519445912158,109.433425,372.7538288125,95.9646621621622,85.5425,240.415,159.535135135135,142.02,385.5,9.42192192192192,9.44444444444444,10,7.22222222222222,30.3108108108108,30,30,31,3.19763860610841,3.20003153837661,3.34652644641426,2.69939809952541,7999.75,6403.1875,1424.23,38.7925,0,0,15778.3125,15811,15812.25,15813.5,4.69531637348758,"Moderate/Unhealthy","Low",5.03917002239612,3.45635072732919,16.9430562803866,0.334627603826129,8.98035194956724,9.22013137699785,0.812405426978007,0.278427065808824,2.83584060580882,0.912070919480452,0.931800219280138,5.14133045415266,10.2826609083053,0.0102826609083053,1.02826609083053e-05,1.02826609083053e-08,0,0,0,0,0,0
"FASMEE23","Button","Smoke","S9PI",20240926,"11/14/2024","Lampman","B11B","B11","A",9,4,0,4,NA,"","","F23B",2023-10-11,2023-10-10 18:53:00,2023-10-11 00:53:00,3,"Blue","PTFE",4,52.28,13.07,2023-10-11 00:53:00,2023-10-11 01:06:04,"Arms loose on ATAT-RTH with time remaining on leland (1:56min)","B11",26.14,0.02614,1.675,1.5,0.175,0,2.5,2.5,1,5.9634375,5.45875,0,0,0,-3.64428857078606,1,1105585.30986993,0,0,0,NA,0,0,0,NA,11,126.519445912158,109.433425,372.7538288125,95.9646621621622,85.5425,240.415,159.535135135135,142.02,385.5,9.42192192192192,9.44444444444444,10,7.22222222222222,30.3108108108108,30,30,31,3.19763860610841,3.20003153837661,3.34652644641426,2.69939809952541,7999.75,6403.1875,1424.23,38.7925,0,0,15778.3125,15811,15812.25,15813.5,4.69531637348758,"Moderate/Unhealthy","Low",5.03917002239612,3.45635072732919,16.9430562803866,0.334627603826129,8.98035194956724,9.22013137699785,0.812405426978007,0.278427065808824,2.83584060580882,0.912070919480452,0.931800219280138,5.14133045415266,10.2826609083053,0.0102826609083053,1.02826609083053e-05,1.02826609083053e-08,0,0,0,0,0,0
"FASMEE23","Button","Smoke","S9PI",20240926,"11/14/2024","Lampman","B11B","B11","A",18,4,0,4,NA,"","","F23B",2023-10-11,2023-10-10 18:53:00,2023-10-11 00:53:00,3,"Blue","PTFE",4,52.28,13.07,2023-10-11 00:53:00,2023-10-11 01:06:04,"Arms loose on ATAT-RTH with time remaining on leland (1:56min)","B11",26.14,0.02614,1.675,1.5,0.175,0,2.5,2.5,1,5.9634375,5.45875,0,0,0,-3.64428857078606,1,1105585.30986993,0,0,0,NA,0,0,0,NA,11,126.519445912158,109.433425,372.7538288125,95.9646621621622,85.5425,240.415,159.535135135135,142.02,385.5,9.42192192192192,9.44444444444444,10,7.22222222222222,30.3108108108108,30,30,31,3.19763860610841,3.20003153837661,3.34652644641426,2.69939809952541,7999.75,6403.1875,1424.23,38.7925,0,0,15778.3125,15811,15812.25,15813.5,4.69531637348758,"Moderate/Unhealthy","Low",5.03917002239612,3.45635072732919,16.9430562803866,0.334627603826129,8.98035194956724,9.22013137699785,0.812405426978007,0.278427065808824,2.83584060580882,0.912070919480452,0.931800219280138,5.14133045415266,10.2826609083053,0.0102826609083053,1.02826609083053e-05,1.02826609083053e-08,0,0,0,0,0,0
"FASMEE23","Button","Smoke","S9PI",20240926,"11/14/2024","Lampman","B11B","B11","A",23,4,4,8,NA,"","","F23B",2023-10-11,2023-10-10 18:53:00,2023-10-11 00:53:00,3,"Blue","PTFE",4,52.28,13.07,2023-10-11 00:53:00,2023-10-11 01:06:04,"Arms loose on ATAT-RTH with time remaining on leland (1:56min)","B11",26.14,0.02614,1.675,1.5,0.175,3.825,2.5,6.325,0.395256916996047,5.9634375,5.45875,3.4953125,0,3.4953125,-3.64428857078606,0.5,2211170.61973986,966091.538351186,966091.538351186,0,0,0,676516.109748755,676516.109748755,0,11,126.519445912158,109.433425,372.7538288125,95.9646621621622,85.5425,240.415,159.535135135135,142.02,385.5,9.42192192192192,9.44444444444444,10,7.22222222222222,30.3108108108108,30,30,31,3.19763860610841,3.20003153837661,3.34652644641426,2.69939809952541,7999.75,6403.1875,1424.23,38.7925,0,0,15778.3125,15811,15812.25,15813.5,4.69531637348758,"Moderate/Unhealthy","Low",5.03917002239612,3.45635072732919,16.9430562803866,0.334627603826129,8.98035194956724,9.22013137699785,0.812405426978007,0.278427065808824,2.83584060580882,0.912070919480452,0.931800219280138,5.14133045415266,10.2826609083053,0.0102826609083053,1.02826609083053e-05,1.02826609083053e-08,65791930297179.4,0,65791930297.1794,0,65791.9302971794,0
"FASMEE23","Button","Smoke","S9PI",20240926,"11/14/2024","Lampman","B11B","B11","A",25,4,6,10,NA,"","","F23B",2023-10-11,2023-10-10 18:53:00,2023-10-11 00:53:00,3,"Blue","PTFE",4,52.28,13.07,2023-10-11 00:53:00,2023-10-11 01:06:04,"Arms loose on ATAT-RTH with time remaining on leland (1:56min)","B11",26.14,0.02614,1.675,1.5,0.175,5.825,2.5,8.325,0.3003003003003,5.9634375,5.45875,5.4953125,0,5.4953125,-3.64428857078606,0.4,2763963.27467483,1518884.19328615,1518884.19328615,0,0,0,1229308.76468372,1229308.76468372,0,11,126.519445912158,109.433425,372.7538288125,95.9646621621622,85.5425,240.415,159.535135135135,142.02,385.5,9.42192192192192,9.44444444444444,10,7.22222222222222,30.3108108108108,30,30,31,3.19763860610841,3.20003153837661,3.34652644641426,2.69939809952541,7999.75,6403.1875,1424.23,38.7925,0,0,15778.3125,15811,15812.25,15813.5,4.69531637348758,"Moderate/Unhealthy","Low",5.03917002239612,3.45635072732919,16.9430562803866,0.334627603826129,8.98035194956724,9.22013137699785,0.812405426978007,0.278427065808824,2.83584060580882,0.912070919480452,0.931800219280138,5.14133045415266,10.2826609083053,0.0102826609083053,1.02826609083053e-05,1.02826609083053e-08,119551619531750,0,119551619531.75,0,119551.61953175,0
"FASMEE23","Button","Smoke","S9PI",20240926,"11/14/2024","Lampman","B11B","B11","A",26,4,0,4,NA,"","","F23B",2023-10-11,2023-10-10 18:53:00,2023-10-11 00:53:00,3,"Blue","PTFE",4,52.28,13.07,2023-10-11 00:53:00,2023-10-11 01:06:04,"Arms loose on ATAT-RTH with time remaining on leland (1:56min)","B11",26.14,0.02614,1.675,1.5,0.175,0,2.5,2.5,1,5.9634375,5.45875,0,0,0,-3.64428857078606,1,1105585.30986993,0,0,0,NA,0,0,0,NA,11,126.519445912158,109.433425,372.7538288125,95.9646621621622,85.5425,240.415,159.535135135135,142.02,385.5,9.42192192192192,9.44444444444444,10,7.22222222222222,30.3108108108108,30,30,31,3.19763860610841,3.20003153837661,3.34652644641426,2.69939809952541,7999.75,6403.1875,1424.23,38.7925,0,0,15778.3125,15811,15812.25,15813.5,4.69531637348758,"Moderate/Unhealthy","Low",5.03917002239612,3.45635072732919,16.9430562803866,0.334627603826129,8.98035194956724,9.22013137699785,0.812405426978007,0.278427065808824,2.83584060580882,0.912070919480452,0.931800219280138,5.14133045415266,10.2826609083053,0.0102826609083053,1.02826609083053e-05,1.02826609083053e-08,0,0,0,0,0,0
"FASMEE23","Button","Smoke","S9PI",20240926,"11/14/2024","Lampman","B11B","B11","A",37,4,0,4,NA,"","","F23B",2023-10-11,2023-10-10 18:53:00,2023-10-11 00:53:00,3,"Blue","PTFE",4,52.28,13.07,2023-10-11 00:53:00,2023-10-11 01:06:04,"Arms loose on ATAT-RTH with time remaining on leland (1:56min)","B11",26.14,0.02614,1.675,1.5,0.175,0,2.5,2.5,1,5.9634375,5.45875,0,0,0,-3.64428857078606,1,1105585.30986993,0,0,0,NA,0,0,0,NA,11,126.519445912158,109.433425,372.7538288125,95.9646621621622,85.5425,240.415,159.535135135135,142.02,385.5,9.42192192192192,9.44444444444444,10,7.22222222222222,30.3108108108108,30,30,31,3.19763860610841,3.20003153837661,3.34652644641426,2.69939809952541,7999.75,6403.1875,1424.23,38.7925,0,0,15778.3125,15811,15812.25,15813.5,4.69531637348758,"Moderate/Unhealthy","Low",5.03917002239612,3.45635072732919,16.9430562803866,0.334627603826129,8.98035194956724,9.22013137699785,0.812405426978007,0.278427065808824,2.83584060580882,0.912070919480452,0.931800219280138,5.14133045415266,10.2826609083053,0.0102826609083053,1.02826609083053e-05,1.02826609083053e-08,0,0,0,0,0,0
"FASMEE23","Button","Smoke","S9PI",20240926,"11/14/2024","Lampman","B11B","B11","A",39,4,1,5,NA,"","","F23B",2023-10-11,2023-10-10 18:53:00,2023-10-11 00:53:00,3,"Blue","PTFE",4,52.28,13.07,2023-10-11 00:53:00,2023-10-11 01:06:04,"Arms loose on ATAT-RTH with time remaining on leland (1:56min)","B11",26.14,0.02614,1.675,1.5,0.175,0.825,2.5,3.325,0.75187969924812,5.9634375,5.45875,0.4953125,0,0.4953125,-3.64428857078606,0.8,1381981.63733741,136902.555948738,136902.555948738,0,0,0,0,0,NA,11,126.519445912158,109.433425,372.7538288125,95.9646621621622,85.5425,240.415,159.535135135135,142.02,385.5,9.42192192192192,9.44444444444444,10,7.22222222222222,30.3108108108108,30,30,31,3.19763860610841,3.20003153837661,3.34652644641426,2.69939809952541,7999.75,6403.1875,1424.23,38.7925,0,0,15778.3125,15811,15812.25,15813.5,4.69531637348758,"Moderate/Unhealthy","Low",5.03917002239612,3.45635072732919,16.9430562803866,0.334627603826129,8.98035194956724,9.22013137699785,0.812405426978007,0.278427065808824,2.83584060580882,0.912070919480452,0.931800219280138,5.14133045415266,10.2826609083053,0.0102826609083053,1.02826609083053e-05,1.02826609083053e-08,0,0,0,0,0,0
"FASMEE23","Button","Ambient","S9PI",20241117,"12/17/2024","Lampman","B2B","B2","A",6,4,2,6,NA,"","","F23B",2023-10-08,2023-10-08 15:41:00,2023-10-08 21:41:00,1,"Blue","PTFE",4,40,10,2023-10-08 21:41:00,2023-10-08 21:51:00,"","B2",20,0.02,1.675,1.5,0.175,1.825,2.5,4.325,0.578034682080925,5.9634375,5.45875,1.4953125,0,1.4953125,-3.91202300542815,0.666666666666667,2167500,540181.640625,540181.640625,0,0,NA,NA,NA,NA,2,3.60333222222222,3.5088,4.643,0.0863888888888889,0,1,0.325648148148148,0,2,14.3103448275862,14.1666666666667,15.5555555555556,12.7777777777778,26.5862068965517,26,25,30,3.80315690124411,3.870117245036,4.03730877881372,3.5555960775929,392.8125,126.0625,0,0,0,0,521.5625,521.5625,521.5625,521.5625,1.25527409868149,"Good","None",NA,NA,NA,NA,NA,NA,NA,NA,NA,NA,NA,NA,NA,NA,NA,NA,NA,NA,NA,NA,NA,NA
"FASMEE23","Button","Ambient","S9PI",20241117,"12/17/2024","Lampman","B2B","B2","A",9,4,0,4,NA,"","","F23B",2023-10-08,2023-10-08 15:41:00,2023-10-08 21:41:00,1,"Blue","PTFE",4,40,10,2023-10-08 21:41:00,2023-10-08 21:51:00,"","B2",20,0.02,1.675,1.5,0.175,0,2.5,2.5,1,5.9634375,5.45875,0,0,0,-3.91202300542815,1,1445000,0,0,0,NA,NA,NA,NA,NA,2,3.60333222222222,3.5088,4.643,0.0863888888888889,0,1,0.325648148148148,0,2,14.3103448275862,14.1666666666667,15.5555555555556,12.7777777777778,26.5862068965517,26,25,30,3.80315690124411,3.870117245036,4.03730877881372,3.5555960775929,392.8125,126.0625,0,0,0,0,521.5625,521.5625,521.5625,521.5625,1.25527409868149,"Good","None",NA,NA,NA,NA,NA,NA,NA,NA,NA,NA,NA,NA,NA,NA,NA,NA,NA,NA,NA,NA,NA,NA
"FASMEE23","Button","Ambient","S9PI",20241117,"12/17/2024","Lampman","B2B","B2","A",11,4,0,4,NA,"","","F23B",2023-10-08,2023-10-08 15:41:00,2023-10-08 21:41:00,1,"Blue","PTFE",4,40,10,2023-10-08 21:41:00,2023-10-08 21:51:00,"","B2",20,0.02,1.675,1.5,0.175,0,2.5,2.5,1,5.9634375,5.45875,0,0,0,-3.91202300542815,1,1445000,0,0,0,NA,NA,NA,NA,NA,2,3.60333222222222,3.5088,4.643,0.0863888888888889,0,1,0.325648148148148,0,2,14.3103448275862,14.1666666666667,15.5555555555556,12.7777777777778,26.5862068965517,26,25,30,3.80315690124411,3.870117245036,4.03730877881372,3.5555960775929,392.8125,126.0625,0,0,0,0,521.5625,521.5625,521.5625,521.5625,1.25527409868149,"Good","None",NA,NA,NA,NA,NA,NA,NA,NA,NA,NA,NA,NA,NA,NA,NA,NA,NA,NA,NA,NA,NA,NA
"FASMEE23","Button","Ambient","S9PI",20241117,"12/17/2024","Lampman","B2B","B2","A",12,4,2,6,NA,"","","F23B",2023-10-08,2023-10-08 15:41:00,2023-10-08 21:41:00,1,"Blue","PTFE",4,40,10,2023-10-08 21:41:00,2023-10-08 21:51:00,"","B2",20,0.02,1.675,1.5,0.175,1.825,2.5,4.325,0.578034682080925,5.9634375,5.45875,1.4953125,0,1.4953125,-3.91202300542815,0.666666666666667,2167500,540181.640625,540181.640625,0,0,NA,NA,NA,NA,2,3.60333222222222,3.5088,4.643,0.0863888888888889,0,1,0.325648148148148,0,2,14.3103448275862,14.1666666666667,15.5555555555556,12.7777777777778,26.5862068965517,26,25,30,3.80315690124411,3.870117245036,4.03730877881372,3.5555960775929,392.8125,126.0625,0,0,0,0,521.5625,521.5625,521.5625,521.5625,1.25527409868149,"Good","None",NA,NA,NA,NA,NA,NA,NA,NA,NA,NA,NA,NA,NA,NA,NA,NA,NA,NA,NA,NA,NA,NA
"FASMEE23","Button","Ambient","S9PI",20241117,"12/17/2024","Lampman","B2B","B2","A",19,4,1,5,NA,"","","F23B",2023-10-08,2023-10-08 15:41:00,2023-10-08 21:41:00,1,"Blue","PTFE",4,40,10,2023-10-08 21:41:00,2023-10-08 21:51:00,"","B2",20,0.02,1.675,1.5,0.175,0.825,2.5,3.325,0.75187969924812,5.9634375,5.45875,0.4953125,0,0.4953125,-3.91202300542815,0.8,1806250,178931.640625,178931.640625,0,0,NA,NA,NA,NA,2,3.60333222222222,3.5088,4.643,0.0863888888888889,0,1,0.325648148148148,0,2,14.3103448275862,14.1666666666667,15.5555555555556,12.7777777777778,26.5862068965517,26,25,30,3.80315690124411,3.870117245036,4.03730877881372,3.5555960775929,392.8125,126.0625,0,0,0,0,521.5625,521.5625,521.5625,521.5625,1.25527409868149,"Good","None",NA,NA,NA,NA,NA,NA,NA,NA,NA,NA,NA,NA,NA,NA,NA,NA,NA,NA,NA,NA,NA,NA
"FASMEE23","Button","Ambient","S9PI",20241117,"12/17/2024","Lampman","B2B","B2","A",40,4,2,6,NA,"","","F23B",2023-10-08,2023-10-08 15:41:00,2023-10-08 21:41:00,1,"Blue","PTFE",4,40,10,2023-10-08 21:41:00,2023-10-08 21:51:00,"","B2",20,0.02,1.675,1.5,0.175,1.825,2.5,4.325,0.578034682080925,5.9634375,5.45875,1.4953125,0,1.4953125,-3.91202300542815,0.666666666666667,2167500,540181.640625,540181.640625,0,0,NA,NA,NA,NA,2,3.60333222222222,3.5088,4.643,0.0863888888888889,0,1,0.325648148148148,0,2,14.3103448275862,14.1666666666667,15.5555555555556,12.7777777777778,26.5862068965517,26,25,30,3.80315690124411,3.870117245036,4.03730877881372,3.5555960775929,392.8125,126.0625,0,0,0,0,521.5625,521.5625,521.5625,521.5625,1.25527409868149,"Good","None",NA,NA,NA,NA,NA,NA,NA,NA,NA,NA,NA,NA,NA,NA,NA,NA,NA,NA,NA,NA,NA,NA
"FASMEE23","Button","Ambient","S9PI",20241217,"12/19/2024","Lampman","B3B","B3","A",15,4,0,4,NA,"","","F23D",2023-10-09,2023-10-09 12:17:00,2023-10-09 18:17:00,2,"Blue","PTFE",4,40,10,2023-10-09 18:17:00,2023-10-09 18:27:00,"","B3",20,0.02,1.2125,1.1125,0.1,0,2.8875,2.8875,1,5.5009375,5.07125,0,0,0,-3.91202300542815,1,1445000,0,0,0,NA,NA,NA,NA,NA,3,3.73360545454545,3.7674,4.8602,0.0431818181818182,0,2.25,0.0431818181818182,0,2.25,14.1910331384016,13.8888888888889,16.1111111111111,11.6666666666667,23.6842105263158,23,21,26,3.35815549149463,3.54856909262987,4.02892321604069,2.75476213820575,46.75,16.5,0,0,0,0,72,72,72,72,1.32638510836598,"Good","None",NA,NA,NA,NA,NA,NA,NA,NA,NA,NA,NA,NA,NA,NA,NA,NA,NA,NA,NA,NA,NA,NA
"FASMEE23","Button","Ambient","S9PI",20241217,"12/19/2024","Lampman","B3B","B3","A",23,4,0,4,NA,"","","F23D",2023-10-09,2023-10-09 12:17:00,2023-10-09 18:17:00,2,"Blue","PTFE",4,40,10,2023-10-09 18:17:00,2023-10-09 18:27:00,"","B3",20,0.02,1.2125,1.1125,0.1,0,2.8875,2.8875,1,5.5009375,5.07125,0,0,0,-3.91202300542815,1,1445000,0,0,0,NA,NA,NA,NA,NA,3,3.73360545454545,3.7674,4.8602,0.0431818181818182,0,2.25,0.0431818181818182,0,2.25,14.1910331384016,13.8888888888889,16.1111111111111,11.6666666666667,23.6842105263158,23,21,26,3.35815549149463,3.54856909262987,4.02892321604069,2.75476213820575,46.75,16.5,0,0,0,0,72,72,72,72,1.32638510836598,"Good","None",NA,NA,NA,NA,NA,NA,NA,NA,NA,NA,NA,NA,NA,NA,NA,NA,NA,NA,NA,NA,NA,NA
"FASMEE23","Button","Ambient","S9PI",20241217,"12/19/2024","Lampman","B3B","B3","A",29,4,0,4,NA,"","","F23D",2023-10-09,2023-10-09 12:17:00,2023-10-09 18:17:00,2,"Blue","PTFE",4,40,10,2023-10-09 18:17:00,2023-10-09 18:27:00,"","B3",20,0.02,1.2125,1.1125,0.1,0,2.8875,2.8875,1,5.5009375,5.07125,0,0,0,-3.91202300542815,1,1445000,0,0,0,NA,NA,NA,NA,NA,3,3.73360545454545,3.7674,4.8602,0.0431818181818182,0,2.25,0.0431818181818182,0,2.25,14.1910331384016,13.8888888888889,16.1111111111111,11.6666666666667,23.6842105263158,23,21,26,3.35815549149463,3.54856909262987,4.02892321604069,2.75476213820575,46.75,16.5,0,0,0,0,72,72,72,72,1.32638510836598,"Good","None",NA,NA,NA,NA,NA,NA,NA,NA,NA,NA,NA,NA,NA,NA,NA,NA,NA,NA,NA,NA,NA,NA
"FASMEE23","Button","Ambient","S9PI",20241217,"12/19/2024","Lampman","B3B","B3","A",34,4,0,4,NA,"","","F23D",2023-10-09,2023-10-09 12:17:00,2023-10-09 18:17:00,2,"Blue","PTFE",4,40,10,2023-10-09 18:17:00,2023-10-09 18:27:00,"","B3",20,0.02,1.2125,1.1125,0.1,0,2.8875,2.8875,1,5.5009375,5.07125,0,0,0,-3.91202300542815,1,1445000,0,0,0,NA,NA,NA,NA,NA,3,3.73360545454545,3.7674,4.8602,0.0431818181818182,0,2.25,0.0431818181818182,0,2.25,14.1910331384016,13.8888888888889,16.1111111111111,11.6666666666667,23.6842105263158,23,21,26,3.35815549149463,3.54856909262987,4.02892321604069,2.75476213820575,46.75,16.5,0,0,0,0,72,72,72,72,1.32638510836598,"Good","None",NA,NA,NA,NA,NA,NA,NA,NA,NA,NA,NA,NA,NA,NA,NA,NA,NA,NA,NA,NA,NA,NA
"FASMEE23","Button","Ambient","S9PI",20241217,"12/19/2024","Lampman","B3B","B3","A",37,4,0,4,NA,"","","F23D",2023-10-09,2023-10-09 12:17:00,2023-10-09 18:17:00,2,"Blue","PTFE",4,40,10,2023-10-09 18:17:00,2023-10-09 18:27:00,"","B3",20,0.02,1.2125,1.1125,0.1,0,2.8875,2.8875,1,5.5009375,5.07125,0,0,0,-3.91202300542815,1,1445000,0,0,0,NA,NA,NA,NA,NA,3,3.73360545454545,3.7674,4.8602,0.0431818181818182,0,2.25,0.0431818181818182,0,2.25,14.1910331384016,13.8888888888889,16.1111111111111,11.6666666666667,23.6842105263158,23,21,26,3.35815549149463,3.54856909262987,4.02892321604069,2.75476213820575,46.75,16.5,0,0,0,0,72,72,72,72,1.32638510836598,"Good","None",NA,NA,NA,NA,NA,NA,NA,NA,NA,NA,NA,NA,NA,NA,NA,NA,NA,NA,NA,NA,NA,NA
"FASMEE23","Button","Ambient","S9PI",20241217,"12/19/2024","Lampman","R1B","R1","A",10,4,0,4,NA,"","","F23D",2023-10-08,2023-10-08 13:09:00,2023-10-08 19:09:00,1,"Red","PTFE",4,40,10,2023-10-08 19:09:00,2023-10-08 19:19:00,"","R1",20,0.02,1.2125,1.1125,0.1,0,2.8875,2.8875,1,5.5009375,5.07125,0,0,0,-3.91202300542815,1,1445000,0,0,0,NA,NA,NA,NA,NA,NA,NA,NA,NA,NA,NA,NA,NA,NA,NA,NA,NA,NA,NA,NA,NA,NA,NA,NA,NA,NA,NA,NA,NA,NA,NA,NA,NA,NA,NA,NA,NA,NA,NA,NA,NA,NA,NA,NA,NA,NA,NA,NA,NA,NA,NA,NA,NA,NA,NA,NA,NA,NA,NA,NA,NA,NA
"FASMEE23","Button","Ambient","S9PI",20241217,"12/19/2024","Lampman","R1B","R1","A",17,4,0,4,NA,"","","F23D",2023-10-08,2023-10-08 13:09:00,2023-10-08 19:09:00,1,"Red","PTFE",4,40,10,2023-10-08 19:09:00,2023-10-08 19:19:00,"","R1",20,0.02,1.2125,1.1125,0.1,0,2.8875,2.8875,1,5.5009375,5.07125,0,0,0,-3.91202300542815,1,1445000,0,0,0,NA,NA,NA,NA,NA,NA,NA,NA,NA,NA,NA,NA,NA,NA,NA,NA,NA,NA,NA,NA,NA,NA,NA,NA,NA,NA,NA,NA,NA,NA,NA,NA,NA,NA,NA,NA,NA,NA,NA,NA,NA,NA,NA,NA,NA,NA,NA,NA,NA,NA,NA,NA,NA,NA,NA,NA,NA,NA,NA,NA,NA,NA
"FASMEE23","Button","Ambient","S9PI",20241217,"12/19/2024","Lampman","R1B","R1","A",36,4,0,4,NA,"","","F23D",2023-10-08,2023-10-08 13:09:00,2023-10-08 19:09:00,1,"Red","PTFE",4,40,10,2023-10-08 19:09:00,2023-10-08 19:19:00,"","R1",20,0.02,1.2125,1.1125,0.1,0,2.8875,2.8875,1,5.5009375,5.07125,0,0,0,-3.91202300542815,1,1445000,0,0,0,NA,NA,NA,NA,NA,NA,NA,NA,NA,NA,NA,NA,NA,NA,NA,NA,NA,NA,NA,NA,NA,NA,NA,NA,NA,NA,NA,NA,NA,NA,NA,NA,NA,NA,NA,NA,NA,NA,NA,NA,NA,NA,NA,NA,NA,NA,NA,NA,NA,NA,NA,NA,NA,NA,NA,NA,NA,NA,NA,NA,NA,NA
"FASMEE23","Button","Ambient","S9PI",20241217,"12/20/2024","Lampman","R2B","R2","A",3,4,0,4,NA,"","","F23D",2023-10-08,2023-10-08 13:40:00,2023-10-08 19:40:00,1,"Red","PTFE",4,40,10,2023-10-08 19:40:00,2023-10-08 19:50:00,"","R2",20,0.02,1.2125,1.1125,0.1,0,2.8875,2.8875,1,5.5009375,5.07125,0,0,0,-3.91202300542815,1,1445000,0,0,0,NA,NA,NA,NA,NA,NA,NA,NA,NA,NA,NA,NA,NA,NA,NA,NA,NA,NA,NA,NA,NA,NA,NA,NA,NA,NA,NA,NA,NA,NA,NA,NA,NA,NA,NA,NA,NA,NA,NA,NA,NA,NA,NA,NA,NA,NA,NA,NA,NA,NA,NA,NA,NA,NA,NA,NA,NA,NA,NA,NA,NA,NA
"FASMEE23","Button","Ambient","S9PI",20241217,"12/20/2024","Lampman","R2B","R2","A",23,4,0,4,NA,"","","F23D",2023-10-08,2023-10-08 13:40:00,2023-10-08 19:40:00,1,"Red","PTFE",4,40,10,2023-10-08 19:40:00,2023-10-08 19:50:00,"","R2",20,0.02,1.2125,1.1125,0.1,0,2.8875,2.8875,1,5.5009375,5.07125,0,0,0,-3.91202300542815,1,1445000,0,0,0,NA,NA,NA,NA,NA,NA,NA,NA,NA,NA,NA,NA,NA,NA,NA,NA,NA,NA,NA,NA,NA,NA,NA,NA,NA,NA,NA,NA,NA,NA,NA,NA,NA,NA,NA,NA,NA,NA,NA,NA,NA,NA,NA,NA,NA,NA,NA,NA,NA,NA,NA,NA,NA,NA,NA,NA,NA,NA,NA,NA,NA,NA
"FASMEE23","Button","Ambient","S9PI",20241217,"12/20/2024","Lampman","R2B","R2","A",27,4,0,4,NA,"","","F23D",2023-10-08,2023-10-08 13:40:00,2023-10-08 19:40:00,1,"Red","PTFE",4,40,10,2023-10-08 19:40:00,2023-10-08 19:50:00,"","R2",20,0.02,1.2125,1.1125,0.1,0,2.8875,2.8875,1,5.5009375,5.07125,0,0,0,-3.91202300542815,1,1445000,0,0,0,NA,NA,NA,NA,NA,NA,NA,NA,NA,NA,NA,NA,NA,NA,NA,NA,NA,NA,NA,NA,NA,NA,NA,NA,NA,NA,NA,NA,NA,NA,NA,NA,NA,NA,NA,NA,NA,NA,NA,NA,NA,NA,NA,NA,NA,NA,NA,NA,NA,NA,NA,NA,NA,NA,NA,NA,NA,NA,NA,NA,NA,NA
"FASMEE23","Button","Ambient","S9PI",20241217,"12/20/2024","Lampman","R3B","R3","A",10,4,0,4,NA,"","","F23D",2023-10-08,2023-10-08 14:10:00,2023-10-08 20:10:00,1,"Red","PTFE",4,40,10,2023-10-08 20:10:00,2023-10-08 20:20:00,"","R3",20,0.02,1.2125,1.1125,0.1,0,2.8875,2.8875,1,5.5009375,5.07125,0,0,0,-3.91202300542815,1,1445000,0,0,0,NA,NA,NA,NA,NA,NA,NA,NA,NA,NA,NA,NA,NA,NA,NA,NA,NA,NA,NA,NA,NA,NA,NA,NA,NA,NA,NA,NA,NA,NA,NA,NA,NA,NA,NA,NA,NA,NA,NA,NA,NA,NA,NA,NA,NA,NA,NA,NA,NA,NA,NA,NA,NA,NA,NA,NA,NA,NA,NA,NA,NA,NA
"FASMEE23","Button","Ambient","S9PI",20241217,"12/20/2024","Lampman","R3B","R3","A",15,4,0,4,NA,"","","F23D",2023-10-08,2023-10-08 14:10:00,2023-10-08 20:10:00,1,"Red","PTFE",4,40,10,2023-10-08 20:10:00,2023-10-08 20:20:00,"","R3",20,0.02,1.2125,1.1125,0.1,0,2.8875,2.8875,1,5.5009375,5.07125,0,0,0,-3.91202300542815,1,1445000,0,0,0,NA,NA,NA,NA,NA,NA,NA,NA,NA,NA,NA,NA,NA,NA,NA,NA,NA,NA,NA,NA,NA,NA,NA,NA,NA,NA,NA,NA,NA,NA,NA,NA,NA,NA,NA,NA,NA,NA,NA,NA,NA,NA,NA,NA,NA,NA,NA,NA,NA,NA,NA,NA,NA,NA,NA,NA,NA,NA,NA,NA,NA,NA
"FASMEE23","Button","Ambient","S9PI",20241217,"12/20/2024","Lampman","R3B","R3","A",26,4,0,4,NA,"","","F23D",2023-10-08,2023-10-08 14:10:00,2023-10-08 20:10:00,1,"Red","PTFE",4,40,10,2023-10-08 20:10:00,2023-10-08 20:20:00,"","R3",20,0.02,1.2125,1.1125,0.1,0,2.8875,2.8875,1,5.5009375,5.07125,0,0,0,-3.91202300542815,1,1445000,0,0,0,NA,NA,NA,NA,NA,NA,NA,NA,NA,NA,NA,NA,NA,NA,NA,NA,NA,NA,NA,NA,NA,NA,NA,NA,NA,NA,NA,NA,NA,NA,NA,NA,NA,NA,NA,NA,NA,NA,NA,NA,NA,NA,NA,NA,NA,NA,NA,NA,NA,NA,NA,NA,NA,NA,NA,NA,NA,NA,NA,NA,NA,NA
"FASMEE23","Button","Ambient","S9PI",20241223,"12/23/2024","Lampman","R4B","R4","A",12,4,0,4,NA,"","","F23D",2023-10-08,2023-10-08 14:28:00,2023-10-08 20:28:00,1,"Red","PTFE",4,40,10,2023-10-08 20:28:00,2023-10-08 20:38:00,"","R4",20,0.02,1.2125,1.1125,0.1,0,2.8875,2.8875,1,5.5009375,5.07125,0,0,0,-3.91202300542815,1,1445000,0,0,0,NA,NA,NA,NA,NA,NA,NA,NA,NA,NA,NA,NA,NA,NA,NA,NA,NA,NA,NA,NA,NA,NA,NA,NA,NA,NA,NA,NA,NA,NA,NA,NA,NA,NA,NA,NA,NA,NA,NA,NA,NA,NA,NA,NA,NA,NA,NA,NA,NA,NA,NA,NA,NA,NA,NA,NA,NA,NA,NA,NA,NA,NA
"FASMEE23","Button","Ambient","S9PI",20241223,"12/23/2024","Lampman","R4B","R4","A",14,4,3,7,NA,"","","F23D",2023-10-08,2023-10-08 14:28:00,2023-10-08 20:28:00,1,"Red","PTFE",4,40,10,2023-10-08 20:28:00,2023-10-08 20:38:00,"","R4",20,0.02,1.2125,1.1125,0.1,2.9,2.8875,5.7875,0.498920086393089,5.5009375,5.07125,2.5703125,0,2.5703125,-3.91202300542815,0.571428571428571,2528750,928525.390625,928525.390625,0,0,NA,NA,NA,NA,NA,NA,NA,NA,NA,NA,NA,NA,NA,NA,NA,NA,NA,NA,NA,NA,NA,NA,NA,NA,NA,NA,NA,NA,NA,NA,NA,NA,NA,NA,NA,NA,NA,NA,NA,NA,NA,NA,NA,NA,NA,NA,NA,NA,NA,NA,NA,NA,NA,NA,NA,NA,NA,NA,NA,NA,NA
"FASMEE23","Button","Ambient","S9PI",20241223,"12/23/2024","Lampman","R4B","R4","A",21,4,1,5,NA,"","","F23D",2023-10-08,2023-10-08 14:28:00,2023-10-08 20:28:00,1,"Red","PTFE",4,40,10,2023-10-08 20:28:00,2023-10-08 20:38:00,"","R4",20,0.02,1.2125,1.1125,0.1,0.9,2.8875,3.7875,0.762376237623762,5.5009375,5.07125,0.5703125,0,0.5703125,-3.91202300542815,0.8,1806250,206025.390625,206025.390625,0,0,NA,NA,NA,NA,NA,NA,NA,NA,NA,NA,NA,NA,NA,NA,NA,NA,NA,NA,NA,NA,NA,NA,NA,NA,NA,NA,NA,NA,NA,NA,NA,NA,NA,NA,NA,NA,NA,NA,NA,NA,NA,NA,NA,NA,NA,NA,NA,NA,NA,NA,NA,NA,NA,NA,NA,NA,NA,NA,NA,NA,NA
"FASMEE23","Button","Ambient","S9PI",20241223,"12/23/2024","Lampman","R4B","R4","A",38,4,0,4,NA,"","","F23D",2023-10-08,2023-10-08 14:28:00,2023-10-08 20:28:00,1,"Red","PTFE",4,40,10,2023-10-08 20:28:00,2023-10-08 20:38:00,"","R4",20,0.02,1.2125,1.1125,0.1,0,2.8875,2.8875,1,5.5009375,5.07125,0,0,0,-3.91202300542815,1,1445000,0,0,0,NA,NA,NA,NA,NA,NA,NA,NA,NA,NA,NA,NA,NA,NA,NA,NA,NA,NA,NA,NA,NA,NA,NA,NA,NA,NA,NA,NA,NA,NA,NA,NA,NA,NA,NA,NA,NA,NA,NA,NA,NA,NA,NA,NA,NA,NA,NA,NA,NA,NA,NA,NA,NA,NA,NA,NA,NA,NA,NA,NA,NA,NA
"FASMEE23","Button","Smoke","S9PI",20250115,"1/31/2025","Lampman","B6B","B6","A",9,4,0,4,NA,"","","F23E",2023-10-09,2023-10-09 15:17:00,2023-10-09 21:17:00,2,"Blue","PTFE",4,60,15,2023-10-09 21:17:00,2023-10-09 21:32:00,"","B6",30,0.03,2.1,2.1,0,0,1.9,1.9,1,6.3884375,6.05875,0,0,0,-3.50655789731998,1,963333.333333333,0,0,0,NA,0,0,0,NA,6,2552.17293182856,2955.6625303125,6517.6734277669,154.507209302326,194.25,313.25,1664.15703488372,1963.75,3738.33,13.8242894056848,13.8888888888889,15.5555555555556,11.1111111111111,23.2209302325581,23,22,26,3.31172741096193,3.36444793603563,3.99314168636426,2.60160702948977,31377.8325,30549.3325,22195.395,4200.125,822.5,468.5,83635.29,87917.25,88776.25,89658.9375,7.9914781112452,"Hazardous","High",431.473416388428,332.035187727671,1516.66468062123,39.6013389194573,823.729565151522,1165.0074584524,35.5148560084716,33.6919988392252,74.8868796292252,0.956378385565098,0.96119482754625,436.857954671367,873.715909342734,0.873715909342734,0.000873715909342734,8.73715909342734e-07,0,0,0,0,0,0
"FASMEE23","Button","Ambient","S9PI",20250115,"1/31/2025","Lampman","R6B","R6","A",15,4,0,4,NA,"","","F23E",2023-10-09,2023-10-09 12:11:00,2023-10-09 18:11:00,2,"Red","PTFE",4,40,10,2023-10-09 18:11:00,2023-10-09 18:21:00,"","R6",20,0.02,2.1,2.1,0,0,1.9,1.9,1,6.3884375,6.05875,0,0,0,-3.91202300542815,1,1445000,0,0,0,NA,NA,NA,NA,NA,NA,NA,NA,NA,NA,NA,NA,NA,NA,NA,NA,NA,NA,NA,NA,NA,NA,NA,NA,NA,NA,NA,NA,NA,NA,NA,NA,NA,NA,NA,NA,NA,NA,NA,NA,NA,NA,NA,NA,NA,NA,NA,NA,NA,NA,NA,NA,NA,NA,NA,NA,NA,NA,NA,NA,NA,NA
"FASMEE23","Button","Ambient","S9PI",20250115,"1/31/2025","Lampman","R6B","R6","A",32,4,2,6,NA,"","","F23E",2023-10-09,2023-10-09 12:11:00,2023-10-09 18:11:00,2,"Red","PTFE",4,40,10,2023-10-09 18:11:00,2023-10-09 18:21:00,"","R6",20,0.02,2.1,2.1,0,2,1.9,3.9,0.487179487179487,6.3884375,6.05875,1.6703125,0,1.6703125,-3.91202300542815,0.666666666666667,2167500,603400.390625,603400.390625,0,0,NA,NA,NA,NA,NA,NA,NA,NA,NA,NA,NA,NA,NA,NA,NA,NA,NA,NA,NA,NA,NA,NA,NA,NA,NA,NA,NA,NA,NA,NA,NA,NA,NA,NA,NA,NA,NA,NA,NA,NA,NA,NA,NA,NA,NA,NA,NA,NA,NA,NA,NA,NA,NA,NA,NA,NA,NA,NA,NA,NA,NA
"FASMEE23","Button","Ambient","S9PI",20250115,"1/31/2025","Lampman","R6B","R6","A",34,4,0,4,NA,"","","F23E",2023-10-09,2023-10-09 12:11:00,2023-10-09 18:11:00,2,"Red","PTFE",4,40,10,2023-10-09 18:11:00,2023-10-09 18:21:00,"","R6",20,0.02,2.1,2.1,0,0,1.9,1.9,1,6.3884375,6.05875,0,0,0,-3.91202300542815,1,1445000,0,0,0,NA,NA,NA,NA,NA,NA,NA,NA,NA,NA,NA,NA,NA,NA,NA,NA,NA,NA,NA,NA,NA,NA,NA,NA,NA,NA,NA,NA,NA,NA,NA,NA,NA,NA,NA,NA,NA,NA,NA,NA,NA,NA,NA,NA,NA,NA,NA,NA,NA,NA,NA,NA,NA,NA,NA,NA,NA,NA,NA,NA,NA,NA
"FASMEE23","Button","Ambient","S9PI",20241223,"1/13/2025","Lampman","R5B","R5","A",3,4,0,4,NA,"","","F23D",2023-10-08,2023-10-08 15:41:00,2023-10-08 21:41:00,1,"Red","PTFE",4,40,10,2023-10-08 21:41:00,2023-10-08 21:51:00,"","R5",20,0.02,1.2125,1.1125,0.1,0,2.8875,2.8875,1,5.5009375,5.07125,0,0,0,-3.91202300542815,1,1445000,0,0,0,NA,NA,NA,NA,NA,NA,NA,NA,NA,NA,NA,NA,NA,NA,NA,NA,NA,NA,NA,NA,NA,NA,NA,NA,NA,NA,NA,NA,NA,NA,NA,NA,NA,NA,NA,NA,NA,NA,NA,NA,NA,NA,NA,NA,NA,NA,NA,NA,NA,NA,NA,NA,NA,NA,NA,NA,NA,NA,NA,NA,NA,NA
"FASMEE23","Button","Ambient","S9PI",20241223,"1/13/2025","Lampman","R5B","R5","A",6,4,0,4,NA,"","","F23D",2023-10-08,2023-10-08 15:41:00,2023-10-08 21:41:00,1,"Red","PTFE",4,40,10,2023-10-08 21:41:00,2023-10-08 21:51:00,"","R5",20,0.02,1.2125,1.1125,0.1,0,2.8875,2.8875,1,5.5009375,5.07125,0,0,0,-3.91202300542815,1,1445000,0,0,0,NA,NA,NA,NA,NA,NA,NA,NA,NA,NA,NA,NA,NA,NA,NA,NA,NA,NA,NA,NA,NA,NA,NA,NA,NA,NA,NA,NA,NA,NA,NA,NA,NA,NA,NA,NA,NA,NA,NA,NA,NA,NA,NA,NA,NA,NA,NA,NA,NA,NA,NA,NA,NA,NA,NA,NA,NA,NA,NA,NA,NA,NA
"FASMEE23","Button","Ambient","S9PI",20241223,"1/13/2025","Lampman","R5B","R5","A",9,4,0,4,NA,"","","F23D",2023-10-08,2023-10-08 15:41:00,2023-10-08 21:41:00,1,"Red","PTFE",4,40,10,2023-10-08 21:41:00,2023-10-08 21:51:00,"","R5",20,0.02,1.2125,1.1125,0.1,0,2.8875,2.8875,1,5.5009375,5.07125,0,0,0,-3.91202300542815,1,1445000,0,0,0,NA,NA,NA,NA,NA,NA,NA,NA,NA,NA,NA,NA,NA,NA,NA,NA,NA,NA,NA,NA,NA,NA,NA,NA,NA,NA,NA,NA,NA,NA,NA,NA,NA,NA,NA,NA,NA,NA,NA,NA,NA,NA,NA,NA,NA,NA,NA,NA,NA,NA,NA,NA,NA,NA,NA,NA,NA,NA,NA,NA,NA,NA
"FASMEE23","Button","Ambient","S9PI",20241223,"1/13/2025","Lampman","R5B","R5","A",26,4,0,4,NA,"","","F23D",2023-10-08,2023-10-08 15:41:00,2023-10-08 21:41:00,1,"Red","PTFE",4,40,10,2023-10-08 21:41:00,2023-10-08 21:51:00,"","R5",20,0.02,1.2125,1.1125,0.1,0,2.8875,2.8875,1,5.5009375,5.07125,0,0,0,-3.91202300542815,1,1445000,0,0,0,NA,NA,NA,NA,NA,NA,NA,NA,NA,NA,NA,NA,NA,NA,NA,NA,NA,NA,NA,NA,NA,NA,NA,NA,NA,NA,NA,NA,NA,NA,NA,NA,NA,NA,NA,NA,NA,NA,NA,NA,NA,NA,NA,NA,NA,NA,NA,NA,NA,NA,NA,NA,NA,NA,NA,NA,NA,NA,NA,NA,NA,NA
"FASMEE23","Button","Ambient","S9PI",20241223,"1/13/2025","Lampman","R5B","R5","A",37,4,0,4,NA,"","","F23D",2023-10-08,2023-10-08 15:41:00,2023-10-08 21:41:00,1,"Red","PTFE",4,40,10,2023-10-08 21:41:00,2023-10-08 21:51:00,"","R5",20,0.02,1.2125,1.1125,0.1,0,2.8875,2.8875,1,5.5009375,5.07125,0,0,0,-3.91202300542815,1,1445000,0,0,0,NA,NA,NA,NA,NA,NA,NA,NA,NA,NA,NA,NA,NA,NA,NA,NA,NA,NA,NA,NA,NA,NA,NA,NA,NA,NA,NA,NA,NA,NA,NA,NA,NA,NA,NA,NA,NA,NA,NA,NA,NA,NA,NA,NA,NA,NA,NA,NA,NA,NA,NA,NA,NA,NA,NA,NA,NA,NA,NA,NA,NA,NA
"FASMEE23","Button","Smoke","S9PI",20250203,"2/12/2025","Lampman","R10B","R10","A",1,4,0,4,NA,"","","F23E",2023-10-10,2023-10-09 18:17:00,2023-10-10 00:17:00,2,"Red","PTFE",4,60,15,2023-10-10 00:17:00,2023-10-10 00:32:00,"","R10",30,0.03,2.1,2.1,0,0,1.9,1.9,1,6.3884375,6.05875,0,0,0,-3.50655789731998,1,963333.333333333,0,0,0,NA,0,0,0,NA,NA,NA,NA,NA,NA,NA,NA,NA,NA,NA,NA,NA,NA,NA,NA,NA,NA,NA,NA,NA,NA,NA,NA,NA,NA,NA,NA,NA,NA,NA,NA,NA,NA,NA,NA,NA,NA,NA,NA,NA,NA,NA,NA,NA,NA,NA,NA,NA,NA,NA,NA,NA,NA,NA,NA,NA,NA
"FASMEE23","Button","Smoke","S9PI",20250203,"2/12/2025","Lampman","R10B","R10","A",4,4,1,5,NA,"","","F23E",2023-10-10,2023-10-09 18:17:00,2023-10-10 00:17:00,2,"Red","PTFE",4,60,15,2023-10-10 00:17:00,2023-10-10 00:32:00,"","R10",30,0.03,2.1,2.1,0,1,1.9,2.9,0.655172413793103,6.3884375,6.05875,0.6703125,0,0.6703125,-3.50655789731998,0.8,1204166.66666667,161433.59375,161433.59375,0,0,0,0,0,NA,NA,NA,NA,NA,NA,NA,NA,NA,NA,NA,NA,NA,NA,NA,NA,NA,NA,NA,NA,NA,NA,NA,NA,NA,NA,NA,NA,NA,NA,NA,NA,NA,NA,NA,NA,NA,NA,NA,NA,NA,NA,NA,NA,NA,NA,NA,NA,NA,NA,NA,NA,NA,NA,NA,NA,NA,NA
"FASMEE23","Button","Smoke","S9PI",20250203,"2/12/2025","Lampman","R10B","R10","A",10,4,3,7,NA,"","","F23E",2023-10-10,2023-10-09 18:17:00,2023-10-10 00:17:00,2,"Red","PTFE",4,60,15,2023-10-10 00:17:00,2023-10-10 00:32:00,"","R10",30,0.03,2.1,2.1,0,3,1.9,4.9,0.387755102040816,6.3884375,6.05875,2.6703125,0,2.6703125,-3.50655789731998,0.571428571428571,1685833.33333333,643100.260416667,643100.260416667,0,0,0,353524.831814236,353524.831814236,0,NA,NA,NA,NA,NA,NA,NA,NA,NA,NA,NA,NA,NA,NA,NA,NA,NA,NA,NA,NA,NA,NA,NA,NA,NA,NA,NA,NA,NA,NA,NA,NA,NA,NA,NA,NA,NA,NA,NA,NA,NA,NA,NA,NA,NA,NA,NA,NA,NA,NA,NA,NA,NA,NA,NA,NA,NA
"FASMEE23","Button","Smoke","S9PI",20250203,"2/12/2025","Lampman","R10B","R10","A",16,4,0,4,NA,"","","F23E",2023-10-10,2023-10-09 18:17:00,2023-10-10 00:17:00,2,"Red","PTFE",4,60,15,2023-10-10 00:17:00,2023-10-10 00:32:00,"","R10",30,0.03,2.1,2.1,0,0,1.9,1.9,1,6.3884375,6.05875,0,0,0,-3.50655789731998,1,963333.333333333,0,0,0,NA,0,0,0,NA,NA,NA,NA,NA,NA,NA,NA,NA,NA,NA,NA,NA,NA,NA,NA,NA,NA,NA,NA,NA,NA,NA,NA,NA,NA,NA,NA,NA,NA,NA,NA,NA,NA,NA,NA,NA,NA,NA,NA,NA,NA,NA,NA,NA,NA,NA,NA,NA,NA,NA,NA,NA,NA,NA,NA,NA,NA
"FASMEE23","Button","Smoke","S9PI",20250203,"2/12/2025","Lampman","R10B","R10","A",17,4,2,6,NA,"","","F23E",2023-10-10,2023-10-09 18:17:00,2023-10-10 00:17:00,2,"Red","PTFE",4,60,15,2023-10-10 00:17:00,2023-10-10 00:32:00,"","R10",30,0.03,2.1,2.1,0,2,1.9,3.9,0.487179487179487,6.3884375,6.05875,1.6703125,0,1.6703125,-3.50655789731998,0.666666666666667,1445000,402266.927083333,402266.927083333,0,0,0,112691.498480903,112691.498480903,0,NA,NA,NA,NA,NA,NA,NA,NA,NA,NA,NA,NA,NA,NA,NA,NA,NA,NA,NA,NA,NA,NA,NA,NA,NA,NA,NA,NA,NA,NA,NA,NA,NA,NA,NA,NA,NA,NA,NA,NA,NA,NA,NA,NA,NA,NA,NA,NA,NA,NA,NA,NA,NA,NA,NA,NA,NA
"FASMEE23","Button","Smoke","S9PI",20250203,"2/12/2025","Lampman","R10B","R10","A",18,4,0,4,NA,"","","F23E",2023-10-10,2023-10-09 18:17:00,2023-10-10 00:17:00,2,"Red","PTFE",4,60,15,2023-10-10 00:17:00,2023-10-10 00:32:00,"","R10",30,0.03,2.1,2.1,0,0,1.9,1.9,1,6.3884375,6.05875,0,0,0,-3.50655789731998,1,963333.333333333,0,0,0,NA,0,0,0,NA,NA,NA,NA,NA,NA,NA,NA,NA,NA,NA,NA,NA,NA,NA,NA,NA,NA,NA,NA,NA,NA,NA,NA,NA,NA,NA,NA,NA,NA,NA,NA,NA,NA,NA,NA,NA,NA,NA,NA,NA,NA,NA,NA,NA,NA,NA,NA,NA,NA,NA,NA,NA,NA,NA,NA,NA,NA
"FASMEE23","Button","Smoke","S9PI",20250203,"2/12/2025","Lampman","R10B","R10","A",21,4,2,6,NA,"","","F23E",2023-10-10,2023-10-09 18:17:00,2023-10-10 00:17:00,2,"Red","PTFE",4,60,15,2023-10-10 00:17:00,2023-10-10 00:32:00,"","R10",30,0.03,2.1,2.1,0,2,1.9,3.9,0.487179487179487,6.3884375,6.05875,1.6703125,0,1.6703125,-3.50655789731998,0.666666666666667,1445000,402266.927083333,402266.927083333,0,0,0,112691.498480903,112691.498480903,0,NA,NA,NA,NA,NA,NA,NA,NA,NA,NA,NA,NA,NA,NA,NA,NA,NA,NA,NA,NA,NA,NA,NA,NA,NA,NA,NA,NA,NA,NA,NA,NA,NA,NA,NA,NA,NA,NA,NA,NA,NA,NA,NA,NA,NA,NA,NA,NA,NA,NA,NA,NA,NA,NA,NA,NA,NA
"FASMEE23","Button","Smoke","S9PI",20250203,"2/12/2025","Lampman","R10B","R10","A",22,4,0,4,NA,"","","F23E",2023-10-10,2023-10-09 18:17:00,2023-10-10 00:17:00,2,"Red","PTFE",4,60,15,2023-10-10 00:17:00,2023-10-10 00:32:00,"","R10",30,0.03,2.1,2.1,0,0,1.9,1.9,1,6.3884375,6.05875,0,0,0,-3.50655789731998,1,963333.333333333,0,0,0,NA,0,0,0,NA,NA,NA,NA,NA,NA,NA,NA,NA,NA,NA,NA,NA,NA,NA,NA,NA,NA,NA,NA,NA,NA,NA,NA,NA,NA,NA,NA,NA,NA,NA,NA,NA,NA,NA,NA,NA,NA,NA,NA,NA,NA,NA,NA,NA,NA,NA,NA,NA,NA,NA,NA,NA,NA,NA,NA,NA,NA
"FASMEE23","Button","Smoke","S9PI",20250203,"2/12/2025","Lampman","R10B","R10","A",32,4,3,7,NA,"","","F23E",2023-10-10,2023-10-09 18:17:00,2023-10-10 00:17:00,2,"Red","PTFE",4,60,15,2023-10-10 00:17:00,2023-10-10 00:32:00,"","R10",30,0.03,2.1,2.1,0,3,1.9,4.9,0.387755102040816,6.3884375,6.05875,2.6703125,0,2.6703125,-3.50655789731998,0.571428571428571,1685833.33333333,643100.260416667,643100.260416667,0,0,0,353524.831814236,353524.831814236,0,NA,NA,NA,NA,NA,NA,NA,NA,NA,NA,NA,NA,NA,NA,NA,NA,NA,NA,NA,NA,NA,NA,NA,NA,NA,NA,NA,NA,NA,NA,NA,NA,NA,NA,NA,NA,NA,NA,NA,NA,NA,NA,NA,NA,NA,NA,NA,NA,NA,NA,NA,NA,NA,NA,NA,NA,NA
"FASMEE23","Button","Smoke","S9PI",20250203,"2/12/2025","Lampman","R10B","R10","A",37,4,6,10,NA,"","","F23E",2023-10-10,2023-10-09 18:17:00,2023-10-10 00:17:00,2,"Red","PTFE",4,60,15,2023-10-10 00:17:00,2023-10-10 00:32:00,"","R10",30,0.03,2.1,2.1,0,6,1.9,7.9,0.240506329113924,6.3884375,6.05875,5.6703125,0,5.6703125,-3.50655789731998,0.4,2408333.33333333,1365600.26041667,1365600.26041667,0,0,0,1076024.83181424,1076024.83181424,0,NA,NA,NA,NA,NA,NA,NA,NA,NA,NA,NA,NA,NA,NA,NA,NA,NA,NA,NA,NA,NA,NA,NA,NA,NA,NA,NA,NA,NA,NA,NA,NA,NA,NA,NA,NA,NA,NA,NA,NA,NA,NA,NA,NA,NA,NA,NA,NA,NA,NA,NA,NA,NA,NA,NA,NA,NA
"FASMEE23","Button","Smoke","S9PI",20250212,"2/12/2025","Lampman","R11B","R11","A",14,4,0,4,NA,"","","F23F",2023-10-10,2023-10-09 18:45:00,2023-10-10 00:45:00,2,"Red","PTFE",4,60,15,2023-10-10 00:45:00,2023-10-10 01:00:00,"","R11",30,0.03,1.25,1.25,0,0,2.75,2.75,1,5.5384375,5.20875,0,0,0,-3.50655789731998,1,963333.333333333,0,0,0,NA,0,0,0,NA,NA,NA,NA,NA,NA,NA,NA,NA,NA,NA,NA,NA,NA,NA,NA,NA,NA,NA,NA,NA,NA,NA,NA,NA,NA,NA,NA,NA,NA,NA,NA,NA,NA,NA,NA,NA,NA,NA,NA,NA,NA,NA,NA,NA,NA,NA,NA,NA,NA,NA,NA,NA,NA,NA,NA,NA,NA
"FASMEE23","Button","Smoke","S9PI",20250212,"2/24/2025","Lampman","R12B","R12","A",10,4,0,4,NA,"","","F23F",2023-10-10,2023-10-10 15:09:00,2023-10-10 21:09:00,3,"Red","PTFE",4,60,15,2023-10-10 21:09:00,2023-10-10 21:24:00,"","R12",30,0.03,1.25,1.25,0,0,2.75,2.75,1,5.5384375,5.20875,0,0,0,-3.50655789731998,1,963333.333333333,0,0,0,NA,0,0,0,NA,NA,NA,NA,NA,NA,NA,NA,NA,NA,NA,NA,NA,NA,NA,NA,NA,NA,NA,NA,NA,NA,NA,NA,NA,NA,NA,NA,NA,NA,NA,NA,NA,NA,NA,NA,NA,NA,NA,NA,NA,NA,NA,NA,NA,NA,NA,NA,NA,NA,NA,NA,NA,NA,NA,NA,NA,NA
"FASMEE23","Button","Smoke","S9PI",20250212,"2/24/2025","Lampman","R12B","R12","A",39,4,0,4,NA,"","","F23F",2023-10-10,2023-10-10 15:09:00,2023-10-10 21:09:00,3,"Red","PTFE",4,60,15,2023-10-10 21:09:00,2023-10-10 21:24:00,"","R12",30,0.03,1.25,1.25,0,0,2.75,2.75,1,5.5384375,5.20875,0,0,0,-3.50655789731998,1,963333.333333333,0,0,0,NA,0,0,0,NA,NA,NA,NA,NA,NA,NA,NA,NA,NA,NA,NA,NA,NA,NA,NA,NA,NA,NA,NA,NA,NA,NA,NA,NA,NA,NA,NA,NA,NA,NA,NA,NA,NA,NA,NA,NA,NA,NA,NA,NA,NA,NA,NA,NA,NA,NA,NA,NA,NA,NA,NA,NA,NA,NA,NA,NA,NA
"FASMEE23","Button","Smoke","S9PI",20250212,"2/24/2025","Lampman","R13B","R13","A",18,4,0,4,NA,"","","F23F",2023-10-11,2023-10-10 18:25:00,2023-10-11 00:25:00,3,"Red","PTFE",4,60,15,2023-10-11 00:25:00,2023-10-11 00:40:00,"Partial smoke at best","R13",30,0.03,1.25,1.25,0,0,2.75,2.75,1,5.5384375,5.20875,0,0,0,-3.50655789731998,1,963333.333333333,0,0,0,NA,0,0,0,NA,NA,NA,NA,NA,NA,NA,NA,NA,NA,NA,NA,NA,NA,NA,NA,NA,NA,NA,NA,NA,NA,NA,NA,NA,NA,NA,NA,NA,NA,NA,NA,NA,NA,NA,NA,NA,NA,NA,NA,NA,NA,NA,NA,NA,NA,NA,NA,NA,NA,NA,NA,NA,NA,NA,NA,NA,NA
"FASMEE23","Button","Smoke","S9PI",20250212,"2/24/2025","Lampman","R13B","R13","A",25,4,0,4,NA,"","","F23F",2023-10-11,2023-10-10 18:25:00,2023-10-11 00:25:00,3,"Red","PTFE",4,60,15,2023-10-11 00:25:00,2023-10-11 00:40:00,"Partial smoke at best","R13",30,0.03,1.25,1.25,0,0,2.75,2.75,1,5.5384375,5.20875,0,0,0,-3.50655789731998,1,963333.333333333,0,0,0,NA,0,0,0,NA,NA,NA,NA,NA,NA,NA,NA,NA,NA,NA,NA,NA,NA,NA,NA,NA,NA,NA,NA,NA,NA,NA,NA,NA,NA,NA,NA,NA,NA,NA,NA,NA,NA,NA,NA,NA,NA,NA,NA,NA,NA,NA,NA,NA,NA,NA,NA,NA,NA,NA,NA,NA,NA,NA,NA,NA,NA
"FASMEE23","Button","Smoke","S9PI",20250212,"2/24/2025","Lampman","R13B","R13","A",29,4,0,4,NA,"","","F23F",2023-10-11,2023-10-10 18:25:00,2023-10-11 00:25:00,3,"Red","PTFE",4,60,15,2023-10-11 00:25:00,2023-10-11 00:40:00,"Partial smoke at best","R13",30,0.03,1.25,1.25,0,0,2.75,2.75,1,5.5384375,5.20875,0,0,0,-3.50655789731998,1,963333.333333333,0,0,0,NA,0,0,0,NA,NA,NA,NA,NA,NA,NA,NA,NA,NA,NA,NA,NA,NA,NA,NA,NA,NA,NA,NA,NA,NA,NA,NA,NA,NA,NA,NA,NA,NA,NA,NA,NA,NA,NA,NA,NA,NA,NA,NA,NA,NA,NA,NA,NA,NA,NA,NA,NA,NA,NA,NA,NA,NA,NA,NA,NA,NA
"FASMEE23","Button","Smoke","S9PI",20250212,"2/24/2025","Lampman","R13B","R13","A",35,4,0,4,NA,"","","F23F",2023-10-11,2023-10-10 18:25:00,2023-10-11 00:25:00,3,"Red","PTFE",4,60,15,2023-10-11 00:25:00,2023-10-11 00:40:00,"Partial smoke at best","R13",30,0.03,1.25,1.25,0,0,2.75,2.75,1,5.5384375,5.20875,0,0,0,-3.50655789731998,1,963333.333333333,0,0,0,NA,0,0,0,NA,NA,NA,NA,NA,NA,NA,NA,NA,NA,NA,NA,NA,NA,NA,NA,NA,NA,NA,NA,NA,NA,NA,NA,NA,NA,NA,NA,NA,NA,NA,NA,NA,NA,NA,NA,NA,NA,NA,NA,NA,NA,NA,NA,NA,NA,NA,NA,NA,NA,NA,NA,NA,NA,NA,NA,NA,NA
"FASMEE23","Button","Smoke","S9PI",20250212,"2/26/2025","Lampman","R14B","R14","A",10,4,0,4,NA,"","","F23F",2023-10-11,2023-10-10 18:53:00,2023-10-11 00:53:00,3,"Red","PTFE",4,60,15,2023-10-11 00:53:00,2023-10-11 01:08:00,"Partial smoke at best","R14",30,0.03,1.25,1.25,0,0,2.75,2.75,1,5.5384375,5.20875,0,0,0,-3.50655789731998,1,963333.333333333,0,0,0,NA,0,0,0,NA,NA,NA,NA,NA,NA,NA,NA,NA,NA,NA,NA,NA,NA,NA,NA,NA,NA,NA,NA,NA,NA,NA,NA,NA,NA,NA,NA,NA,NA,NA,NA,NA,NA,NA,NA,NA,NA,NA,NA,NA,NA,NA,NA,NA,NA,NA,NA,NA,NA,NA,NA,NA,NA,NA,NA,NA,NA
"FASMEE23","Button","Smoke","S9PI",20250212,"2/26/2025","Lampman","R14B","R14","A",18,4,3,7,NA,"","","F23F",2023-10-11,2023-10-10 18:53:00,2023-10-11 00:53:00,3,"Red","PTFE",4,60,15,2023-10-11 00:53:00,2023-10-11 01:08:00,"Partial smoke at best","R14",30,0.03,1.25,1.25,0,3,2.75,5.75,0.478260869565217,5.5384375,5.20875,2.6703125,0,2.6703125,-3.50655789731998,0.571428571428571,1685833.33333333,643100.260416667,643100.260416667,0,0,0,353524.831814236,353524.831814236,0,NA,NA,NA,NA,NA,NA,NA,NA,NA,NA,NA,NA,NA,NA,NA,NA,NA,NA,NA,NA,NA,NA,NA,NA,NA,NA,NA,NA,NA,NA,NA,NA,NA,NA,NA,NA,NA,NA,NA,NA,NA,NA,NA,NA,NA,NA,NA,NA,NA,NA,NA,NA,NA,NA,NA,NA,NA
"FASMEE23","Button","Smoke","S9PI",20250212,"2/26/2025","Lampman","R14B","R14","A",21,4,0,4,NA,"","","F23F",2023-10-11,2023-10-10 18:53:00,2023-10-11 00:53:00,3,"Red","PTFE",4,60,15,2023-10-11 00:53:00,2023-10-11 01:08:00,"Partial smoke at best","R14",30,0.03,1.25,1.25,0,0,2.75,2.75,1,5.5384375,5.20875,0,0,0,-3.50655789731998,1,963333.333333333,0,0,0,NA,0,0,0,NA,NA,NA,NA,NA,NA,NA,NA,NA,NA,NA,NA,NA,NA,NA,NA,NA,NA,NA,NA,NA,NA,NA,NA,NA,NA,NA,NA,NA,NA,NA,NA,NA,NA,NA,NA,NA,NA,NA,NA,NA,NA,NA,NA,NA,NA,NA,NA,NA,NA,NA,NA,NA,NA,NA,NA,NA,NA
"FASMEE23","Button","Smoke","S9PI",20250212,"2/26/2025","Lampman","R14B","R14","A",25,4,0,4,NA,"","","F23F",2023-10-11,2023-10-10 18:53:00,2023-10-11 00:53:00,3,"Red","PTFE",4,60,15,2023-10-11 00:53:00,2023-10-11 01:08:00,"Partial smoke at best","R14",30,0.03,1.25,1.25,0,0,2.75,2.75,1,5.5384375,5.20875,0,0,0,-3.50655789731998,1,963333.333333333,0,0,0,NA,0,0,0,NA,NA,NA,NA,NA,NA,NA,NA,NA,NA,NA,NA,NA,NA,NA,NA,NA,NA,NA,NA,NA,NA,NA,NA,NA,NA,NA,NA,NA,NA,NA,NA,NA,NA,NA,NA,NA,NA,NA,NA,NA,NA,NA,NA,NA,NA,NA,NA,NA,NA,NA,NA,NA,NA,NA,NA,NA,NA
"FASMEE23","Button","Smoke","S9PI",20250212,"2/26/2025","Lampman","R14B","R14","A",29,4,0,4,NA,"","","F23F",2023-10-11,2023-10-10 18:53:00,2023-10-11 00:53:00,3,"Red","PTFE",4,60,15,2023-10-11 00:53:00,2023-10-11 01:08:00,"Partial smoke at best","R14",30,0.03,1.25,1.25,0,0,2.75,2.75,1,5.5384375,5.20875,0,0,0,-3.50655789731998,1,963333.333333333,0,0,0,NA,0,0,0,NA,NA,NA,NA,NA,NA,NA,NA,NA,NA,NA,NA,NA,NA,NA,NA,NA,NA,NA,NA,NA,NA,NA,NA,NA,NA,NA,NA,NA,NA,NA,NA,NA,NA,NA,NA,NA,NA,NA,NA,NA,NA,NA,NA,NA,NA,NA,NA,NA,NA,NA,NA,NA,NA,NA,NA,NA,NA
"FASMEE23","Button","Smoke","S9PI",20250212,"2/26/2025","Lampman","R14B","R14","A",34,4,0,4,NA,"","","F23F",2023-10-11,2023-10-10 18:53:00,2023-10-11 00:53:00,3,"Red","PTFE",4,60,15,2023-10-11 00:53:00,2023-10-11 01:08:00,"Partial smoke at best","R14",30,0.03,1.25,1.25,0,0,2.75,2.75,1,5.5384375,5.20875,0,0,0,-3.50655789731998,1,963333.333333333,0,0,0,NA,0,0,0,NA,NA,NA,NA,NA,NA,NA,NA,NA,NA,NA,NA,NA,NA,NA,NA,NA,NA,NA,NA,NA,NA,NA,NA,NA,NA,NA,NA,NA,NA,NA,NA,NA,NA,NA,NA,NA,NA,NA,NA,NA,NA,NA,NA,NA,NA,NA,NA,NA,NA,NA,NA,NA,NA,NA,NA,NA,NA
"FASMEE23","Button","Smoke","S9PI",20250212,"2/26/2025","Lampman","R14B","R14","A",38,4,0,4,NA,"","","F23F",2023-10-11,2023-10-10 18:53:00,2023-10-11 00:53:00,3,"Red","PTFE",4,60,15,2023-10-11 00:53:00,2023-10-11 01:08:00,"Partial smoke at best","R14",30,0.03,1.25,1.25,0,0,2.75,2.75,1,5.5384375,5.20875,0,0,0,-3.50655789731998,1,963333.333333333,0,0,0,NA,0,0,0,NA,NA,NA,NA,NA,NA,NA,NA,NA,NA,NA,NA,NA,NA,NA,NA,NA,NA,NA,NA,NA,NA,NA,NA,NA,NA,NA,NA,NA,NA,NA,NA,NA,NA,NA,NA,NA,NA,NA,NA,NA,NA,NA,NA,NA,NA,NA,NA,NA,NA,NA,NA,NA,NA,NA,NA,NA,NA
"FASMEE23","Button","Smoke","S9PI",20250117,"3/3/2025","Lampman","R7B","R7","A",1,4,0,4,NA,"","","F23E",2023-10-09,2023-10-09 12:33:00,2023-10-09 18:33:00,2,"Red","PTFE",4,40,10,2023-10-09 18:33:00,2023-10-09 18:43:00,"Partial smoke towards end of sample","R7",20,0.02,2.1,2.1,0,0,1.9,1.9,1,6.3884375,6.05875,0,0,0,-3.91202300542815,1,1445000,0,0,0,NA,0,0,0,NA,NA,NA,NA,NA,NA,NA,NA,NA,NA,NA,NA,NA,NA,NA,NA,NA,NA,NA,NA,NA,NA,NA,NA,NA,NA,NA,NA,NA,NA,NA,NA,NA,NA,NA,NA,NA,NA,NA,NA,NA,NA,NA,NA,NA,NA,NA,NA,NA,NA,NA,NA,NA,NA,NA,NA,NA,NA
"FASMEE23","Button","Smoke","S9PI",20250117,"3/3/2025","Lampman","R7B","R7","A",30,4,15,19,1,"12","","F23E",2023-10-09,2023-10-09 12:33:00,2023-10-09 18:33:00,2,"Red","PTFE",4,40,10,2023-10-09 18:33:00,2023-10-09 18:43:00,"Partial smoke towards end of sample","R7",20,0.02,2.1,2.1,0,15,1.9,16.9,0.112426035502959,6.3884375,6.05875,14.6703125,0,14.6703125,-3.91202300542815,0.210526315789474,6863750,5299650.390625,5299650.390625,0,0,0,5010074.96202257,5010074.96202257,0,NA,NA,NA,NA,NA,NA,NA,NA,NA,NA,NA,NA,NA,NA,NA,NA,NA,NA,NA,NA,NA,NA,NA,NA,NA,NA,NA,NA,NA,NA,NA,NA,NA,NA,NA,NA,NA,NA,NA,NA,NA,NA,NA,NA,NA,NA,NA,NA,NA,NA,NA,NA,NA,NA,NA,NA,NA
"FASMEE23","Button","Smoke","S9PI",20250127,"3/3/2025","Lampman","B9B","B9","A",13,4,2,6,NA,"","","F23E",2023-10-10,2023-10-10 15:09:00,2023-10-10 21:09:00,3,"Blue","PTFE",4,60,15,2023-10-10 21:09:00,2023-10-10 21:24:00,"","B9",30,0.03,2.1,2.1,0,2,1.9,3.9,0.487179487179487,6.3884375,6.05875,1.6703125,0,1.6703125,-3.50655789731998,0.666666666666667,1445000,402266.927083333,402266.927083333,0,0,0,112691.498480903,112691.498480903,0,9,584.100794087505,188.516922417344,3114.5911041344,176.698148148148,130.5,422.625,446.172839506173,237.875,1716.21,10.8074935400517,10.5555555555556,11.6666666666667,10,33.0116279069767,33,31,34,3.84755654322465,3.82515368908763,4.16705056996941,3.64859285797902,11336.5,10298.67,2475.79,88.25,0.125,0,24722.5,24835.125,24836.25,24837.375,5.23918777695593,"Very Unhealthy","Low",61.2042743966305,66.3921308617705,201.814906555965,15.7464380900351,108.784440826061,218.711205508665,12.1776042318889,13.3199766930851,24.5377224480851,0.896793933565282,0.89807374740202,62.9928010192709,125.985602038542,0.125985602038542,0.000125985602038542,1.25985602038542e-07,894479183791.399,0,894479183.791399,0,894.479183791399,0
"FASMEE23","Button","Smoke","S9PI",20250127,"3/3/2025","Lampman","B9B","B9","A",28,4,0,4,NA,"","","F23E",2023-10-10,2023-10-10 15:09:00,2023-10-10 21:09:00,3,"Blue","PTFE",4,60,15,2023-10-10 21:09:00,2023-10-10 21:24:00,"","B9",30,0.03,2.1,2.1,0,0,1.9,1.9,1,6.3884375,6.05875,0,0,0,-3.50655789731998,1,963333.333333333,0,0,0,NA,0,0,0,NA,9,584.100794087505,188.516922417344,3114.5911041344,176.698148148148,130.5,422.625,446.172839506173,237.875,1716.21,10.8074935400517,10.5555555555556,11.6666666666667,10,33.0116279069767,33,31,34,3.84755654322465,3.82515368908763,4.16705056996941,3.64859285797902,11336.5,10298.67,2475.79,88.25,0.125,0,24722.5,24835.125,24836.25,24837.375,5.23918777695593,"Very Unhealthy","Low",61.2042743966305,66.3921308617705,201.814906555965,15.7464380900351,108.784440826061,218.711205508665,12.1776042318889,13.3199766930851,24.5377224480851,0.896793933565282,0.89807374740202,62.9928010192709,125.985602038542,0.125985602038542,0.000125985602038542,1.25985602038542e-07,0,0,0,0,0,0
"FASMEE23","Button","Smoke","S9PI",20250221,"2/28/2025","Lampman","R15B","R15","A",37,4,1,5,NA,"","","F23F",2023-10-11,2023-10-10 19:21:00,2023-10-11 01:21:00,3,"Red","PTFE",4,60,15,2023-10-11 01:21:00,2023-10-11 01:36:00,"Partial smoke at best","R15",30,0.03,1.25,1.25,0,1,2.75,3.75,0.733333333333333,5.5384375,5.20875,0.6703125,0,0.6703125,-3.50655789731998,0.8,1204166.66666667,161433.59375,161433.59375,0,0,0,0,0,NA,NA,NA,NA,NA,NA,NA,NA,NA,NA,NA,NA,NA,NA,NA,NA,NA,NA,NA,NA,NA,NA,NA,NA,NA,NA,NA,NA,NA,NA,NA,NA,NA,NA,NA,NA,NA,NA,NA,NA,NA,NA,NA,NA,NA,NA,NA,NA,NA,NA,NA,NA,NA,NA,NA,NA,NA,NA
"FASMEE23","Button","Smoke","S9PI",20250127,"3/5/2025","Lampman","R9B","R9","A",38,4,0,4,NA,"","","F23E",2023-10-09,2023-10-09 15:17:00,2023-10-09 21:17:00,2,"Red","PTFE",4,60,15,2023-10-09 21:17:00,2023-10-09 21:32:00,"","R9",30,0.03,2.1,2.1,0,0,1.9,1.9,1,6.3884375,6.05875,0,0,0,-3.50655789731998,1,963333.333333333,0,0,0,NA,0,0,0,NA,NA,NA,NA,NA,NA,NA,NA,NA,NA,NA,NA,NA,NA,NA,NA,NA,NA,NA,NA,NA,NA,NA,NA,NA,NA,NA,NA,NA,NA,NA,NA,NA,NA,NA,NA,NA,NA,NA,NA,NA,NA,NA,NA,NA,NA,NA,NA,NA,NA,NA,NA,NA,NA,NA,NA,NA,NA
"FASMEE23","Button","Smoke","S9PI",20240505,"3/31/2025","Lampman","R8B","R8B","A",2,4,2,6,NA,"","","F23A",2023-10-09,2023-10-09 14:54:00,2023-10-09 20:54:00,2,"Red","PTFE",4,60,15,2023-10-09 20:54:00,2023-10-09 21:09:00,"Tons of smoke, probably best sample","R8",30,0.03,2.225,2.225,0,2,1.775,3.775,0.470198675496689,6.5134375,6.18375,1.6703125,0,1.6703125,-3.50655789731998,0.666666666666667,1445000,402266.927083333,402266.927083333,0,0,0,112691.498480903,112691.498480903,0,NA,NA,NA,NA,NA,NA,NA,NA,NA,NA,NA,NA,NA,NA,NA,NA,NA,NA,NA,NA,NA,NA,NA,NA,NA,NA,NA,NA,NA,NA,NA,NA,NA,NA,NA,NA,NA,NA,NA,NA,NA,NA,NA,NA,NA,NA,NA,NA,NA,NA,NA,NA,NA,NA,NA,NA,NA
"FASMEE23","Button","Smoke","S9PI",20240505,"3/31/2025","Lampman","R8B","R8B","A",19,4,0,4,NA,"","","F23A",2023-10-09,2023-10-09 14:54:00,2023-10-09 20:54:00,2,"Red","PTFE",4,60,15,2023-10-09 20:54:00,2023-10-09 21:09:00,"Tons of smoke, probably best sample","R8",30,0.03,2.225,2.225,0,0,1.775,1.775,1,6.5134375,6.18375,0,0,0,-3.50655789731998,1,963333.333333333,0,0,0,NA,0,0,0,NA,NA,NA,NA,NA,NA,NA,NA,NA,NA,NA,NA,NA,NA,NA,NA,NA,NA,NA,NA,NA,NA,NA,NA,NA,NA,NA,NA,NA,NA,NA,NA,NA,NA,NA,NA,NA,NA,NA,NA,NA,NA,NA,NA,NA,NA,NA,NA,NA,NA,NA,NA,NA,NA,NA,NA,NA,NA
"FASMEE23","Button","Smoke","S9PI",20240505,"3/31/2025","Lampman","R8B","R8B","A",22,4,0,4,NA,"","","F23A",2023-10-09,2023-10-09 14:54:00,2023-10-09 20:54:00,2,"Red","PTFE",4,60,15,2023-10-09 20:54:00,2023-10-09 21:09:00,"Tons of smoke, probably best sample","R8",30,0.03,2.225,2.225,0,0,1.775,1.775,1,6.5134375,6.18375,0,0,0,-3.50655789731998,1,963333.333333333,0,0,0,NA,0,0,0,NA,NA,NA,NA,NA,NA,NA,NA,NA,NA,NA,NA,NA,NA,NA,NA,NA,NA,NA,NA,NA,NA,NA,NA,NA,NA,NA,NA,NA,NA,NA,NA,NA,NA,NA,NA,NA,NA,NA,NA,NA,NA,NA,NA,NA,NA,NA,NA,NA,NA,NA,NA,NA,NA,NA,NA,NA,NA
"FASMEE23","Button","Smoke","S9PI",20240505,"3/31/2025","Lampman","R8B","R8B","A",27,4,1,5,NA,"","","F23A",2023-10-09,2023-10-09 14:54:00,2023-10-09 20:54:00,2,"Red","PTFE",4,60,15,2023-10-09 20:54:00,2023-10-09 21:09:00,"Tons of smoke, probably best sample","R8",30,0.03,2.225,2.225,0,1,1.775,2.775,0.63963963963964,6.5134375,6.18375,0.6703125,0,0.6703125,-3.50655789731998,0.8,1204166.66666667,161433.59375,161433.59375,0,0,0,0,0,NA,NA,NA,NA,NA,NA,NA,NA,NA,NA,NA,NA,NA,NA,NA,NA,NA,NA,NA,NA,NA,NA,NA,NA,NA,NA,NA,NA,NA,NA,NA,NA,NA,NA,NA,NA,NA,NA,NA,NA,NA,NA,NA,NA,NA,NA,NA,NA,NA,NA,NA,NA,NA,NA,NA,NA,NA,NA
"FASMEE23","Button","Smoke","S9PI",20240505,"3/31/2025","Lampman","R8B","R8B","A",34,4,0,4,NA,"","","F23A",2023-10-09,2023-10-09 14:54:00,2023-10-09 20:54:00,2,"Red","PTFE",4,60,15,2023-10-09 20:54:00,2023-10-09 21:09:00,"Tons of smoke, probably best sample","R8",30,0.03,2.225,2.225,0,0,1.775,1.775,1,6.5134375,6.18375,0,0,0,-3.50655789731998,1,963333.333333333,0,0,0,NA,0,0,0,NA,NA,NA,NA,NA,NA,NA,NA,NA,NA,NA,NA,NA,NA,NA,NA,NA,NA,NA,NA,NA,NA,NA,NA,NA,NA,NA,NA,NA,NA,NA,NA,NA,NA,NA,NA,NA,NA,NA,NA,NA,NA,NA,NA,NA,NA,NA,NA,NA,NA,NA,NA,NA,NA,NA,NA,NA,NA
"FASMEE23","Button","Smoke","S9PI",20250221,"4/11/2025","Lampman","B7B","B7","A",3,4,0,4,NA,"","","F23F",2023-10-10,2023-10-09 18:17:00,2023-10-10 00:17:00,2,"Blue","PTFE",4,60,15,2023-10-10 00:17:00,2023-10-10 00:32:00,"","B7",30,0.03,1.25,1.25,0,0,2.75,2.75,1,5.5384375,5.20875,0,0,0,-3.50655789731998,1,963333.333333333,0,0,0,NA,0,0,0,NA,7,1625.52013208166,1670.54342003125,4296.5432918125,191.864464285714,243.5,323.75,1134.54755952381,1266.25,2565.125,11.9378306878307,12.2222222222222,12.7777777777778,9.44444444444444,27.4642857142857,27,27,29,3.43830869055206,3.49798559298276,3.81130962441916,2.83267941327911,27600.25,26431.75,16400.9375,2164.5625,366.75,209,70499.125,72762.875,73162.6025,73501.915,7.42090425369562,"Hazardous","High",NA,NA,NA,NA,NA,NA,NA,NA,NA,NA,NA,NA,NA,NA,NA,NA,NA,NA,NA,NA,NA,NA
"FASMEE23","Button","Smoke","S9PI",20250221,"4/11/2025","Lampman","B7B","B7","A",5,4,5,9,NA,"","","F23F",2023-10-10,2023-10-09 18:17:00,2023-10-10 00:17:00,2,"Blue","PTFE",4,60,15,2023-10-10 00:17:00,2023-10-10 00:32:00,"","B7",30,0.03,1.25,1.25,0,5,2.75,7.75,0.354838709677419,5.5384375,5.20875,4.6703125,0,4.6703125,-3.50655789731998,0.444444444444444,2167500,1124766.92708333,1124766.92708333,0,0,0,835191.498480903,835191.498480903,0,7,1625.52013208166,1670.54342003125,4296.5432918125,191.864464285714,243.5,323.75,1134.54755952381,1266.25,2565.125,11.9378306878307,12.2222222222222,12.7777777777778,9.44444444444444,27.4642857142857,27,27,29,3.43830869055206,3.49798559298276,3.81130962441916,2.83267941327911,27600.25,26431.75,16400.9375,2164.5625,366.75,209,70499.125,72762.875,73162.6025,73501.915,7.42090425369562,"Hazardous","High",NA,NA,NA,NA,NA,NA,NA,NA,NA,NA,NA,NA,NA,NA,NA,NA,NA,NA,NA,NA,NA,NA
"FASMEE23","Button","Smoke","S9PI",20250221,"4/11/2025","Lampman","B7B","B7","A",25,4,0,4,NA,"","","F23F",2023-10-10,2023-10-09 18:17:00,2023-10-10 00:17:00,2,"Blue","PTFE",4,60,15,2023-10-10 00:17:00,2023-10-10 00:32:00,"","B7",30,0.03,1.25,1.25,0,0,2.75,2.75,1,5.5384375,5.20875,0,0,0,-3.50655789731998,1,963333.333333333,0,0,0,NA,0,0,0,NA,7,1625.52013208166,1670.54342003125,4296.5432918125,191.864464285714,243.5,323.75,1134.54755952381,1266.25,2565.125,11.9378306878307,12.2222222222222,12.7777777777778,9.44444444444444,27.4642857142857,27,27,29,3.43830869055206,3.49798559298276,3.81130962441916,2.83267941327911,27600.25,26431.75,16400.9375,2164.5625,366.75,209,70499.125,72762.875,73162.6025,73501.915,7.42090425369562,"Hazardous","High",NA,NA,NA,NA,NA,NA,NA,NA,NA,NA,NA,NA,NA,NA,NA,NA,NA,NA,NA,NA,NA,NA
"FASMEE23","Button","Smoke","S9PI",20250221,"4/11/2025","Lampman","B7B","B7","A",31,4,3,7,NA,"","","F23F",2023-10-10,2023-10-09 18:17:00,2023-10-10 00:17:00,2,"Blue","PTFE",4,60,15,2023-10-10 00:17:00,2023-10-10 00:32:00,"","B7",30,0.03,1.25,1.25,0,3,2.75,5.75,0.478260869565217,5.5384375,5.20875,2.6703125,0,2.6703125,-3.50655789731998,0.571428571428571,1685833.33333333,643100.260416667,643100.260416667,0,0,0,353524.831814236,353524.831814236,0,7,1625.52013208166,1670.54342003125,4296.5432918125,191.864464285714,243.5,323.75,1134.54755952381,1266.25,2565.125,11.9378306878307,12.2222222222222,12.7777777777778,9.44444444444444,27.4642857142857,27,27,29,3.43830869055206,3.49798559298276,3.81130962441916,2.83267941327911,27600.25,26431.75,16400.9375,2164.5625,366.75,209,70499.125,72762.875,73162.6025,73501.915,7.42090425369562,"Hazardous","High",NA,NA,NA,NA,NA,NA,NA,NA,NA,NA,NA,NA,NA,NA,NA,NA,NA,NA,NA,NA,NA,NA
"FASMEE23","Button","Smoke","S9PI",20250221,"4/11/2025","Lampman","B7B","B7","A",33,4,0,4,NA,"","","F23F",2023-10-10,2023-10-09 18:17:00,2023-10-10 00:17:00,2,"Blue","PTFE",4,60,15,2023-10-10 00:17:00,2023-10-10 00:32:00,"","B7",30,0.03,1.25,1.25,0,0,2.75,2.75,1,5.5384375,5.20875,0,0,0,-3.50655789731998,1,963333.333333333,0,0,0,NA,0,0,0,NA,7,1625.52013208166,1670.54342003125,4296.5432918125,191.864464285714,243.5,323.75,1134.54755952381,1266.25,2565.125,11.9378306878307,12.2222222222222,12.7777777777778,9.44444444444444,27.4642857142857,27,27,29,3.43830869055206,3.49798559298276,3.81130962441916,2.83267941327911,27600.25,26431.75,16400.9375,2164.5625,366.75,209,70499.125,72762.875,73162.6025,73501.915,7.42090425369562,"Hazardous","High",NA,NA,NA,NA,NA,NA,NA,NA,NA,NA,NA,NA,NA,NA,NA,NA,NA,NA,NA,NA,NA,NA
"FASMEE23","Button","Smoke","S9PI",20250221,"4/11/2025","Lampman","B7B","B7","A",39,4,0,4,NA,"","","F23F",2023-10-10,2023-10-09 18:17:00,2023-10-10 00:17:00,2,"Blue","PTFE",4,60,15,2023-10-10 00:17:00,2023-10-10 00:32:00,"","B7",30,0.03,1.25,1.25,0,0,2.75,2.75,1,5.5384375,5.20875,0,0,0,-3.50655789731998,1,963333.333333333,0,0,0,NA,0,0,0,NA,7,1625.52013208166,1670.54342003125,4296.5432918125,191.864464285714,243.5,323.75,1134.54755952381,1266.25,2565.125,11.9378306878307,12.2222222222222,12.7777777777778,9.44444444444444,27.4642857142857,27,27,29,3.43830869055206,3.49798559298276,3.81130962441916,2.83267941327911,27600.25,26431.75,16400.9375,2164.5625,366.75,209,70499.125,72762.875,73162.6025,73501.915,7.42090425369562,"Hazardous","High",NA,NA,NA,NA,NA,NA,NA,NA,NA,NA,NA,NA,NA,NA,NA,NA,NA,NA,NA,NA,NA,NA
"FASMEE23","Button","Smoke","S9PI",20250221,"4/11/2025","Lampman","B7B","B7","A",40,4,0,4,NA,"","","F23F",2023-10-10,2023-10-09 18:17:00,2023-10-10 00:17:00,2,"Blue","PTFE",4,60,15,2023-10-10 00:17:00,2023-10-10 00:32:00,"","B7",30,0.03,1.25,1.25,0,0,2.75,2.75,1,5.5384375,5.20875,0,0,0,-3.50655789731998,1,963333.333333333,0,0,0,NA,0,0,0,NA,7,1625.52013208166,1670.54342003125,4296.5432918125,191.864464285714,243.5,323.75,1134.54755952381,1266.25,2565.125,11.9378306878307,12.2222222222222,12.7777777777778,9.44444444444444,27.4642857142857,27,27,29,3.43830869055206,3.49798559298276,3.81130962441916,2.83267941327911,27600.25,26431.75,16400.9375,2164.5625,366.75,209,70499.125,72762.875,73162.6025,73501.915,7.42090425369562,"Hazardous","High",NA,NA,NA,NA,NA,NA,NA,NA,NA,NA,NA,NA,NA,NA,NA,NA,NA,NA,NA,NA,NA,NA
"FASMEE23","Button","Smoke","S9PI",20250221,"3/10/2025","Lampman","B8B","B8","A",5,4,5,9,NA,"","","F23F",2023-10-10,2023-10-09 18:45:00,2023-10-10 00:45:00,2,"Blue","PTFE",4,60,15,2023-10-10 00:45:00,2023-10-10 01:00:00,"","B8",30,0.03,1.25,1.25,0,5,2.75,7.75,0.354838709677419,5.5384375,5.20875,4.6703125,0,4.6703125,-3.50655789731998,0.444444444444444,2167500,1124766.92708333,1124766.92708333,0,0,0,835191.498480903,835191.498480903,0,8,1205.06665382693,1303.733104,3018.616525,226.646470588235,286,417.125,876.608941176471,1025.165,1821,12.078431372549,11.6666666666667,13.8888888888889,10.5555555555556,27.6117647058824,28,26,30,3.48006033349395,3.49058669865849,3.8025217445426,3.05727862595733,26588.54,25222.5,13803,1123.75,154.17,81.33,66054.875,67628,67854.375,68080.75,7.17298704669122,"Hazardous","High",NA,NA,NA,NA,NA,NA,NA,NA,NA,NA,NA,NA,NA,NA,NA,NA,NA,NA,NA,NA,NA,NA
"FASMEE23","Button","Smoke","S9PI",20250221,"3/10/2025","Lampman","B8B","B8","A",14,4,0,4,NA,"","","F23F",2023-10-10,2023-10-09 18:45:00,2023-10-10 00:45:00,2,"Blue","PTFE",4,60,15,2023-10-10 00:45:00,2023-10-10 01:00:00,"","B8",30,0.03,1.25,1.25,0,0,2.75,2.75,1,5.5384375,5.20875,0,0,0,-3.50655789731998,1,963333.333333333,0,0,0,NA,0,0,0,NA,8,1205.06665382693,1303.733104,3018.616525,226.646470588235,286,417.125,876.608941176471,1025.165,1821,12.078431372549,11.6666666666667,13.8888888888889,10.5555555555556,27.6117647058824,28,26,30,3.48006033349395,3.49058669865849,3.8025217445426,3.05727862595733,26588.54,25222.5,13803,1123.75,154.17,81.33,66054.875,67628,67854.375,68080.75,7.17298704669122,"Hazardous","High",NA,NA,NA,NA,NA,NA,NA,NA,NA,NA,NA,NA,NA,NA,NA,NA,NA,NA,NA,NA,NA,NA
"FASMEE23","Button","Smoke","S9PI",20250221,"3/10/2025","Lampman","B8B","B8","A",22,4,3,7,NA,"","","F23F",2023-10-10,2023-10-09 18:45:00,2023-10-10 00:45:00,2,"Blue","PTFE",4,60,15,2023-10-10 00:45:00,2023-10-10 01:00:00,"","B8",30,0.03,1.25,1.25,0,3,2.75,5.75,0.478260869565217,5.5384375,5.20875,2.6703125,0,2.6703125,-3.50655789731998,0.571428571428571,1685833.33333333,643100.260416667,643100.260416667,0,0,0,353524.831814236,353524.831814236,0,8,1205.06665382693,1303.733104,3018.616525,226.646470588235,286,417.125,876.608941176471,1025.165,1821,12.078431372549,11.6666666666667,13.8888888888889,10.5555555555556,27.6117647058824,28,26,30,3.48006033349395,3.49058669865849,3.8025217445426,3.05727862595733,26588.54,25222.5,13803,1123.75,154.17,81.33,66054.875,67628,67854.375,68080.75,7.17298704669122,"Hazardous","High",NA,NA,NA,NA,NA,NA,NA,NA,NA,NA,NA,NA,NA,NA,NA,NA,NA,NA,NA,NA,NA,NA
"FASMEE23","Button","Smoke","S9PI",20250221,"3/10/2025","Lampman","B8B","B8","A",27,4,0,4,NA,"","","F23F",2023-10-10,2023-10-09 18:45:00,2023-10-10 00:45:00,2,"Blue","PTFE",4,60,15,2023-10-10 00:45:00,2023-10-10 01:00:00,"","B8",30,0.03,1.25,1.25,0,0,2.75,2.75,1,5.5384375,5.20875,0,0,0,-3.50655789731998,1,963333.333333333,0,0,0,NA,0,0,0,NA,8,1205.06665382693,1303.733104,3018.616525,226.646470588235,286,417.125,876.608941176471,1025.165,1821,12.078431372549,11.6666666666667,13.8888888888889,10.5555555555556,27.6117647058824,28,26,30,3.48006033349395,3.49058669865849,3.8025217445426,3.05727862595733,26588.54,25222.5,13803,1123.75,154.17,81.33,66054.875,67628,67854.375,68080.75,7.17298704669122,"Hazardous","High",NA,NA,NA,NA,NA,NA,NA,NA,NA,NA,NA,NA,NA,NA,NA,NA,NA,NA,NA,NA,NA,NA
"FASMEE23","Button","Smoke","S9PI",20250221,"3/10/2025","Lampman","B8B","B8","A",38,4,2,6,NA,"","","F23F",2023-10-10,2023-10-09 18:45:00,2023-10-10 00:45:00,2,"Blue","PTFE",4,60,15,2023-10-10 00:45:00,2023-10-10 01:00:00,"","B8",30,0.03,1.25,1.25,0,2,2.75,4.75,0.578947368421053,5.5384375,5.20875,1.6703125,0,1.6703125,-3.50655789731998,0.666666666666667,1445000,402266.927083333,402266.927083333,0,0,0,112691.498480903,112691.498480903,0,8,1205.06665382693,1303.733104,3018.616525,226.646470588235,286,417.125,876.608941176471,1025.165,1821,12.078431372549,11.6666666666667,13.8888888888889,10.5555555555556,27.6117647058824,28,26,30,3.48006033349395,3.49058669865849,3.8025217445426,3.05727862595733,26588.54,25222.5,13803,1123.75,154.17,81.33,66054.875,67628,67854.375,68080.75,7.17298704669122,"Hazardous","High",NA,NA,NA,NA,NA,NA,NA,NA,NA,NA,NA,NA,NA,NA,NA,NA,NA,NA,NA,NA,NA,NA
"FASMEE23","Button","Smoke","S9PI",20250221,"3/10/2025","Lampman","B8B","B8","A",39,4,1,5,NA,"","","F23F",2023-10-10,2023-10-09 18:45:00,2023-10-10 00:45:00,2,"Blue","PTFE",4,60,15,2023-10-10 00:45:00,2023-10-10 01:00:00,"","B8",30,0.03,1.25,1.25,0,1,2.75,3.75,0.733333333333333,5.5384375,5.20875,0.6703125,0,0.6703125,-3.50655789731998,0.8,1204166.66666667,161433.59375,161433.59375,0,0,0,0,0,NA,8,1205.06665382693,1303.733104,3018.616525,226.646470588235,286,417.125,876.608941176471,1025.165,1821,12.078431372549,11.6666666666667,13.8888888888889,10.5555555555556,27.6117647058824,28,26,30,3.48006033349395,3.49058669865849,3.8025217445426,3.05727862595733,26588.54,25222.5,13803,1123.75,154.17,81.33,66054.875,67628,67854.375,68080.75,7.17298704669122,"Hazardous","High",NA,NA,NA,NA,NA,NA,NA,NA,NA,NA,NA,NA,NA,NA,NA,NA,NA,NA,NA,NA,NA,NA
"FASMEE23","Button","Ambient","S9PI",20240505,"6/3/2025","Lampman","B1B","B1","A",27,4,0,4,NA,"","","F23A",2023-10-08,2023-10-08 14:48:00,2023-10-08 20:48:00,1,"Blue","PTFE",4,40,10,2023-10-08 20:48:00,2023-10-08 20:58:00,"","B1",20,0.02,2.225,2.225,0,0,1.775,1.775,1,6.5134375,6.18375,0,0,0,-3.91202300542815,1,1445000,0,0,0,NA,NA,NA,NA,NA,1,3.69313538461538,3.6812,3.8536,0,0,0,0.0166923076923077,0,0.375,19.8717948717949,19.4444444444444,21.1111111111111,18.3333333333333,23.8615384615385,24,22,26,4.82188619030089,4.73837584914535,5.14397613428947,4.37656394135745,98.21,69,0,0,0,0,170.21,170.21,170.21,170.21,1.30323878598256,"Good","None",NA,NA,NA,NA,NA,NA,NA,NA,NA,NA,NA,NA,NA,NA,NA,NA,NA,NA,NA,NA,NA,NA
"FASMEE23","Button","Smoke","S9PI",20240912,"11/12/2024","Lampman","B10B","B10","A",19,5,3,8,0,"","","F23B",2023-10-11,2023-10-10 18:25:00,2023-10-11 00:25:00,3,"Blue","PTFE",4,60,15,2023-10-11 00:25:00,2023-10-11 00:40:00,"Partial smoke at best","B10",30,0.03,1.675,1.5,0.175,2.825,3.5,6.325,0.553359683794466,5.9634375,5.45875,2.4953125,0,2.4953125,-3.50655789731998,0.625,1926666.66666667,600954.427083333,600954.427083333,0,0,0,311378.998480903,311378.998480903,0,10,296.817832329909,284.73479828125,913.5914568125,162.399186046512,183.125,370.5,298.041569767442,316.625,762.75,10.0638569604087,10,10.5555555555556,7.77777777777778,31.3333333333333,31,31,32,3.46114545081116,3.49829032819435,3.65288745104373,2.95692571743565,15821,13422.125,3222.3325,205,3.335,0,32372.0625,32590.23,32594.855,32599.48,5.65155821470817,"Hazardous","Low",9.16936754497504,7.15880794304564,30.8100107581134,1.51685239597926,16.3873253245179,22.7938558681921,1.49529188355726,1.26651866080882,4.28245836580882,0.903533173719327,0.926980348124455,9.26602549754036,18.5320509950807,0.0185320509950807,1.85320509950807e-05,1.85320509950807e-08,16802187656593.3,0,16802187656.5933,0,16802.1876565933,0
"FASMEE23","Button","Smoke","S9PI",20240912,"11/12/2024","Lampman","B10B","B10","A",27,5,1,6,0,"","","F23B",2023-10-11,2023-10-10 18:25:00,2023-10-11 00:25:00,3,"Blue","PTFE",4,60,15,2023-10-11 00:25:00,2023-10-11 00:40:00,"Partial smoke at best","B10",30,0.03,1.675,1.5,0.175,0.825,3.5,4.325,0.809248554913295,5.9634375,5.45875,0.4953125,0,0.4953125,-3.50655789731998,0.833333333333333,1445000,119287.760416667,119287.760416667,0,0,0,0,0,NA,10,296.817832329909,284.73479828125,913.5914568125,162.399186046512,183.125,370.5,298.041569767442,316.625,762.75,10.0638569604087,10,10.5555555555556,7.77777777777778,31.3333333333333,31,31,32,3.46114545081116,3.49829032819435,3.65288745104373,2.95692571743565,15821,13422.125,3222.3325,205,3.335,0,32372.0625,32590.23,32594.855,32599.48,5.65155821470817,"Hazardous","Low",9.16936754497504,7.15880794304564,30.8100107581134,1.51685239597926,16.3873253245179,22.7938558681921,1.49529188355726,1.26651866080882,4.28245836580882,0.903533173719327,0.926980348124455,9.26602549754036,18.5320509950807,0.0185320509950807,1.85320509950807e-05,1.85320509950807e-08,0,0,0,0,0,0
"FASMEE23","Button","Smoke","S9PI",20240912,"11/12/2024","Lampman","B10B","B10","A",31,5,6,11,0,"","","F23B",2023-10-11,2023-10-10 18:25:00,2023-10-11 00:25:00,3,"Blue","PTFE",4,60,15,2023-10-11 00:25:00,2023-10-11 00:40:00,"Partial smoke at best","B10",30,0.03,1.675,1.5,0.175,5.825,3.5,9.325,0.375335120643432,5.9634375,5.45875,5.4953125,0,5.4953125,-3.50655789731998,0.454545454545455,2649166.66666667,1323454.42708333,1323454.42708333,0,0,0,1033878.9984809,1033878.9984809,0,10,296.817832329909,284.73479828125,913.5914568125,162.399186046512,183.125,370.5,298.041569767442,316.625,762.75,10.0638569604087,10,10.5555555555556,7.77777777777778,31.3333333333333,31,31,32,3.46114545081116,3.49829032819435,3.65288745104373,2.95692571743565,15821,13422.125,3222.3325,205,3.335,0,32372.0625,32590.23,32594.855,32599.48,5.65155821470817,"Hazardous","Low",9.16936754497504,7.15880794304564,30.8100107581134,1.51685239597926,16.3873253245179,22.7938558681921,1.49529188355726,1.26651866080882,4.28245836580882,0.903533173719327,0.926980348124455,9.26602549754036,18.5320509950807,0.0185320509950807,1.85320509950807e-05,1.85320509950807e-08,55788698118483.7,0,55788698118.4837,0,55788.6981184837,0
"FASMEE23","Button","Smoke","S9PI",20240912,"11/12/2024","Lampman","B10B","B10","A",36,5,2,7,0,"","","F23B",2023-10-11,2023-10-10 18:25:00,2023-10-11 00:25:00,3,"Blue","PTFE",4,60,15,2023-10-11 00:25:00,2023-10-11 00:40:00,"Partial smoke at best","B10",30,0.03,1.675,1.5,0.175,1.825,3.5,5.325,0.657276995305164,5.9634375,5.45875,1.4953125,0,1.4953125,-3.50655789731998,0.714285714285714,1685833.33333333,360121.09375,360121.09375,0,0,0,70545.6651475694,70545.6651475694,0,10,296.817832329909,284.73479828125,913.5914568125,162.399186046512,183.125,370.5,298.041569767442,316.625,762.75,10.0638569604087,10,10.5555555555556,7.77777777777778,31.3333333333333,31,31,32,3.46114545081116,3.49829032819435,3.65288745104373,2.95692571743565,15821,13422.125,3222.3325,205,3.335,0,32372.0625,32590.23,32594.855,32599.48,5.65155821470817,"Hazardous","Low",9.16936754497504,7.15880794304564,30.8100107581134,1.51685239597926,16.3873253245179,22.7938558681921,1.49529188355726,1.26651866080882,4.28245836580882,0.903533173719327,0.926980348124455,9.26602549754036,18.5320509950807,0.0185320509950807,1.85320509950807e-05,1.85320509950807e-08,3806684169296.51,0,3806684169.29651,0,3806.68416929651,0
"FASMEE23","Button","Smoke","S9PI",20240912,"11/12/2024","Lampman","B12B","B12","A",29,5,6,11,0,"","","F23B",2023-10-11,2023-10-10 19:29:00,2023-10-11 01:29:00,3,"Blue","PTFE",4,60,15,2023-10-11 01:29:00,2023-10-11 01:44:00,"Partial smoke at best","B12",30,0.03,1.675,1.5,0.175,5.825,3.5,9.325,0.375335120643432,5.9634375,5.45875,5.4953125,0,5.4953125,-3.50655789731998,0.454545454545455,2649166.66666667,1323454.42708333,1323454.42708333,0,0,0,1033878.9984809,1033878.9984809,0,12,97.2710784691779,70.63031,343.96187725,71.5695081967213,55.375,217.25,119.030737704918,94.21,369.875,9.51730418943534,9.44444444444444,10.5555555555556,8.88888888888889,30.2622950819672,30,30,32,3.22274350561617,3.20067977403102,3.59115262850359,3.05362161156916,5352.375,4262.04,915.835,8.29,0,0,10439.125,10456.375,10456.375,10456.375,4.257459372481,"Moderate/Unhealthy","Low",12.4836759454948,13.1564633792446,42.6384496071778,2.83267731716567,22.6222156083308,43.3128495814939,1.66076798489259,2.36439821080882,3.08124897580882,0.948198027037845,0.934616975798477,12.580490102955,25.1609802059101,0.02516098020591,2.516098020591e-05,2.516098020591e-08,41090569207556.4,0,41090569207.5564,0,41090.5692075564,0
"FASMEE23","Button","Smoke","S9PI",20240912,"11/12/2024","Lampman","B12B","B12","A",32,5,1,6,0,"","","F23B",2023-10-11,2023-10-10 19:29:00,2023-10-11 01:29:00,3,"Blue","PTFE",4,60,15,2023-10-11 01:29:00,2023-10-11 01:44:00,"Partial smoke at best","B12",30,0.03,1.675,1.5,0.175,0.825,3.5,4.325,0.809248554913295,5.9634375,5.45875,0.4953125,0,0.4953125,-3.50655789731998,0.833333333333333,1445000,119287.760416667,119287.760416667,0,0,0,0,0,NA,12,97.2710784691779,70.63031,343.96187725,71.5695081967213,55.375,217.25,119.030737704918,94.21,369.875,9.51730418943534,9.44444444444444,10.5555555555556,8.88888888888889,30.2622950819672,30,30,32,3.22274350561617,3.20067977403102,3.59115262850359,3.05362161156916,5352.375,4262.04,915.835,8.29,0,0,10439.125,10456.375,10456.375,10456.375,4.257459372481,"Moderate/Unhealthy","Low",12.4836759454948,13.1564633792446,42.6384496071778,2.83267731716567,22.6222156083308,43.3128495814939,1.66076798489259,2.36439821080882,3.08124897580882,0.948198027037845,0.934616975798477,12.580490102955,25.1609802059101,0.02516098020591,2.516098020591e-05,2.516098020591e-08,0,0,0,0,0,0
"FASMEE23","Button","Smoke","S9PI",20240926,"11/14/2024","Lampman","B11B","B11","A",40,5,3,8,1,"8","Photo005","F23B",2023-10-11,2023-10-10 18:53:00,2023-10-11 00:53:00,3,"Blue","PTFE",4,52.28,13.07,2023-10-11 00:53:00,2023-10-11 01:06:04,"Arms loose on ATAT-RTH with time remaining on leland (1:56min)","B11",26.14,0.02614,1.675,1.5,0.175,2.825,3.5,6.325,0.553359683794466,5.9634375,5.45875,2.4953125,0,2.4953125,-3.64428857078606,0.625,2211170.61973986,689695.210883703,689695.210883703,0,0,0,400119.782281273,400119.782281273,0,11,126.519445912158,109.433425,372.7538288125,95.9646621621622,85.5425,240.415,159.535135135135,142.02,385.5,9.42192192192192,9.44444444444444,10,7.22222222222222,30.3108108108108,30,30,31,3.19763860610841,3.20003153837661,3.34652644641426,2.69939809952541,7999.75,6403.1875,1424.23,38.7925,0,0,15778.3125,15811,15812.25,15813.5,4.69531637348758,"Moderate/Unhealthy","Low",5.03917002239612,3.45635072732919,16.9430562803866,0.334627603826129,8.98035194956724,9.22013137699785,0.812405426978007,0.278427065808824,2.83584060580882,0.912070919480452,0.931800219280138,5.14133045415266,10.2826609083053,0.0102826609083053,1.02826609083053e-05,1.02826609083053e-08,38912085679893.9,0,38912085679.8939,0,38912.0856798939,0
"FASMEE23","Button","Smoke","S9PI",20240505,"11/15/2024","Lampman","B5B","B5","A",10,5,2,7,0,"","","F23A",2023-10-09,2023-10-09 14:54:00,2023-10-09 20:54:00,2,"Blue","PTFE",4,60,15,2023-10-09 20:54:00,2023-10-09 21:09:00,"Tons of smoke, probably best sample","B5",30,0.03,2.225,2.225,0,2,2.775,4.775,0.581151832460733,6.5134375,6.18375,1.6703125,0,1.6703125,-3.50655789731998,0.714285714285714,1685833.33333333,402266.927083333,402266.927083333,0,0,0,112691.498480903,112691.498480903,0,5,3103.14515205286,2932.4884253125,7815.8196078125,194.019761904762,217.1475,367.875,1917.98297619048,1852.75,4665.25,15.1785714285714,15.5555555555556,17.2222222222222,11.6666666666667,22.452380952381,22,21,26,3.5190117864711,3.52343484519426,4.17015860168985,2.80102987605014,33028.605,32110.7275,23311.6875,3647.1875,680.895,359.75,87614.52,93144.745,94353.6625,95216.85,7.98360663348233,"Hazardous","High",322.174432012725,291.175399446569,1054.07936790501,105.517683963091,582.755660846674,886.417688767653,70.6668673551349,92.0002656892252,119.499623739225,0.848064293202289,0.865044227490499,331.606761535804,663.213523071608,0.663213523071608,0.000663213523071608,6.63213523071608e-07,169917371345.179,0,169917371.345179,0,169.917371345179,0
"FASMEE23","Button","Smoke","S9PI",20240505,"11/15/2024","Lampman","B5B","B5","A",11,5,3,8,0,"","","F23A",2023-10-09,2023-10-09 14:54:00,2023-10-09 20:54:00,2,"Blue","PTFE",4,60,15,2023-10-09 20:54:00,2023-10-09 21:09:00,"Tons of smoke, probably best sample","B5",30,0.03,2.225,2.225,0,3,2.775,5.775,0.48051948051948,6.5134375,6.18375,2.6703125,0,2.6703125,-3.50655789731998,0.625,1926666.66666667,643100.260416667,643100.260416667,0,0,0,353524.831814236,353524.831814236,0,5,3103.14515205286,2932.4884253125,7815.8196078125,194.019761904762,217.1475,367.875,1917.98297619048,1852.75,4665.25,15.1785714285714,15.5555555555556,17.2222222222222,11.6666666666667,22.452380952381,22,21,26,3.5190117864711,3.52343484519426,4.17015860168985,2.80102987605014,33028.605,32110.7275,23311.6875,3647.1875,680.895,359.75,87614.52,93144.745,94353.6625,95216.85,7.98360663348233,"Hazardous","High",322.174432012725,291.175399446569,1054.07936790501,105.517683963091,582.755660846674,886.417688767653,70.6668673551349,92.0002656892252,119.499623739225,0.848064293202289,0.865044227490499,331.606761535804,663.213523071608,0.663213523071608,0.000663213523071608,6.63213523071608e-07,533048286134.035,0,533048286.134035,0,533.048286134035,0
"FASMEE23","Button","Ambient","S9PI",20241117,"12/17/2024","Lampman","B2B","B2","A",2,5,7,12,NA,"","","F23B",2023-10-08,2023-10-08 15:41:00,2023-10-08 21:41:00,1,"Blue","PTFE",4,40,10,2023-10-08 21:41:00,2023-10-08 21:51:00,"","B2",20,0.02,1.675,1.5,0.175,6.825,3.5,10.325,0.338983050847458,5.9634375,5.45875,6.4953125,0,6.4953125,-3.91202300542815,0.416666666666667,4335000,2346431.640625,2346431.640625,0,0,NA,NA,NA,NA,2,3.60333222222222,3.5088,4.643,0.0863888888888889,0,1,0.325648148148148,0,2,14.3103448275862,14.1666666666667,15.5555555555556,12.7777777777778,26.5862068965517,26,25,30,3.80315690124411,3.870117245036,4.03730877881372,3.5555960775929,392.8125,126.0625,0,0,0,0,521.5625,521.5625,521.5625,521.5625,1.25527409868149,"Good","None",NA,NA,NA,NA,NA,NA,NA,NA,NA,NA,NA,NA,NA,NA,NA,NA,NA,NA,NA,NA,NA,NA
"FASMEE23","Button","Ambient","S9PI",20241117,"12/17/2024","Lampman","B2B","B2","A",13,5,4,9,NA,"","","F23B",2023-10-08,2023-10-08 15:41:00,2023-10-08 21:41:00,1,"Blue","PTFE",4,40,10,2023-10-08 21:41:00,2023-10-08 21:51:00,"","B2",20,0.02,1.675,1.5,0.175,3.825,3.5,7.325,0.477815699658703,5.9634375,5.45875,3.4953125,0,3.4953125,-3.91202300542815,0.555555555555556,3251250,1262681.640625,1262681.640625,0,0,NA,NA,NA,NA,2,3.60333222222222,3.5088,4.643,0.0863888888888889,0,1,0.325648148148148,0,2,14.3103448275862,14.1666666666667,15.5555555555556,12.7777777777778,26.5862068965517,26,25,30,3.80315690124411,3.870117245036,4.03730877881372,3.5555960775929,392.8125,126.0625,0,0,0,0,521.5625,521.5625,521.5625,521.5625,1.25527409868149,"Good","None",NA,NA,NA,NA,NA,NA,NA,NA,NA,NA,NA,NA,NA,NA,NA,NA,NA,NA,NA,NA,NA,NA
"FASMEE23","Button","Ambient","S9PI",20241117,"12/17/2024","Lampman","B2B","B2","A",25,5,2,7,NA,"","","F23B",2023-10-08,2023-10-08 15:41:00,2023-10-08 21:41:00,1,"Blue","PTFE",4,40,10,2023-10-08 21:41:00,2023-10-08 21:51:00,"","B2",20,0.02,1.675,1.5,0.175,1.825,3.5,5.325,0.657276995305164,5.9634375,5.45875,1.4953125,0,1.4953125,-3.91202300542815,0.714285714285714,2528750,540181.640625,540181.640625,0,0,NA,NA,NA,NA,2,3.60333222222222,3.5088,4.643,0.0863888888888889,0,1,0.325648148148148,0,2,14.3103448275862,14.1666666666667,15.5555555555556,12.7777777777778,26.5862068965517,26,25,30,3.80315690124411,3.870117245036,4.03730877881372,3.5555960775929,392.8125,126.0625,0,0,0,0,521.5625,521.5625,521.5625,521.5625,1.25527409868149,"Good","None",NA,NA,NA,NA,NA,NA,NA,NA,NA,NA,NA,NA,NA,NA,NA,NA,NA,NA,NA,NA,NA,NA
"FASMEE23","Button","Ambient","S9PI",20241117,"12/17/2024","Lampman","B2B","B2","A",35,5,3,8,NA,"","","F23B",2023-10-08,2023-10-08 15:41:00,2023-10-08 21:41:00,1,"Blue","PTFE",4,40,10,2023-10-08 21:41:00,2023-10-08 21:51:00,"","B2",20,0.02,1.675,1.5,0.175,2.825,3.5,6.325,0.553359683794466,5.9634375,5.45875,2.4953125,0,2.4953125,-3.91202300542815,0.625,2890000,901431.640625,901431.640625,0,0,NA,NA,NA,NA,2,3.60333222222222,3.5088,4.643,0.0863888888888889,0,1,0.325648148148148,0,2,14.3103448275862,14.1666666666667,15.5555555555556,12.7777777777778,26.5862068965517,26,25,30,3.80315690124411,3.870117245036,4.03730877881372,3.5555960775929,392.8125,126.0625,0,0,0,0,521.5625,521.5625,521.5625,521.5625,1.25527409868149,"Good","None",NA,NA,NA,NA,NA,NA,NA,NA,NA,NA,NA,NA,NA,NA,NA,NA,NA,NA,NA,NA,NA,NA
"FASMEE23","Button","Ambient","S9PI",20241117,"12/17/2024","Lampman","B2B","B2","A",36,5,0,5,NA,"","","F23B",2023-10-08,2023-10-08 15:41:00,2023-10-08 21:41:00,1,"Blue","PTFE",4,40,10,2023-10-08 21:41:00,2023-10-08 21:51:00,"","B2",20,0.02,1.675,1.5,0.175,0,3.5,3.5,1,5.9634375,5.45875,0,0,0,-3.91202300542815,1,1806250,0,0,0,NA,NA,NA,NA,NA,2,3.60333222222222,3.5088,4.643,0.0863888888888889,0,1,0.325648148148148,0,2,14.3103448275862,14.1666666666667,15.5555555555556,12.7777777777778,26.5862068965517,26,25,30,3.80315690124411,3.870117245036,4.03730877881372,3.5555960775929,392.8125,126.0625,0,0,0,0,521.5625,521.5625,521.5625,521.5625,1.25527409868149,"Good","None",NA,NA,NA,NA,NA,NA,NA,NA,NA,NA,NA,NA,NA,NA,NA,NA,NA,NA,NA,NA,NA,NA
"FASMEE23","Button","Ambient","S9PI",20241217,"12/19/2024","Lampman","B3B","B3","A",2,5,1,6,NA,"","","F23D",2023-10-09,2023-10-09 12:17:00,2023-10-09 18:17:00,2,"Blue","PTFE",4,40,10,2023-10-09 18:17:00,2023-10-09 18:27:00,"","B3",20,0.02,1.2125,1.1125,0.1,0.9,3.8875,4.7875,0.81201044386423,5.5009375,5.07125,0.5703125,0,0.5703125,-3.91202300542815,0.833333333333333,2167500,206025.390625,206025.390625,0,0,NA,NA,NA,NA,3,3.73360545454545,3.7674,4.8602,0.0431818181818182,0,2.25,0.0431818181818182,0,2.25,14.1910331384016,13.8888888888889,16.1111111111111,11.6666666666667,23.6842105263158,23,21,26,3.35815549149463,3.54856909262987,4.02892321604069,2.75476213820575,46.75,16.5,0,0,0,0,72,72,72,72,1.32638510836598,"Good","None",NA,NA,NA,NA,NA,NA,NA,NA,NA,NA,NA,NA,NA,NA,NA,NA,NA,NA,NA,NA,NA,NA
"FASMEE23","Button","Ambient","S9PI",20241217,"12/19/2024","Lampman","B3B","B3","A",13,5,0,5,NA,"","","F23D",2023-10-09,2023-10-09 12:17:00,2023-10-09 18:17:00,2,"Blue","PTFE",4,40,10,2023-10-09 18:17:00,2023-10-09 18:27:00,"","B3",20,0.02,1.2125,1.1125,0.1,0,3.8875,3.8875,1,5.5009375,5.07125,0,0,0,-3.91202300542815,1,1806250,0,0,0,NA,NA,NA,NA,NA,3,3.73360545454545,3.7674,4.8602,0.0431818181818182,0,2.25,0.0431818181818182,0,2.25,14.1910331384016,13.8888888888889,16.1111111111111,11.6666666666667,23.6842105263158,23,21,26,3.35815549149463,3.54856909262987,4.02892321604069,2.75476213820575,46.75,16.5,0,0,0,0,72,72,72,72,1.32638510836598,"Good","None",NA,NA,NA,NA,NA,NA,NA,NA,NA,NA,NA,NA,NA,NA,NA,NA,NA,NA,NA,NA,NA,NA
"FASMEE23","Button","Ambient","S9PI",20241217,"12/19/2024","Lampman","B3B","B3","A",14,5,0,5,NA,"","","F23D",2023-10-09,2023-10-09 12:17:00,2023-10-09 18:17:00,2,"Blue","PTFE",4,40,10,2023-10-09 18:17:00,2023-10-09 18:27:00,"","B3",20,0.02,1.2125,1.1125,0.1,0,3.8875,3.8875,1,5.5009375,5.07125,0,0,0,-3.91202300542815,1,1806250,0,0,0,NA,NA,NA,NA,NA,3,3.73360545454545,3.7674,4.8602,0.0431818181818182,0,2.25,0.0431818181818182,0,2.25,14.1910331384016,13.8888888888889,16.1111111111111,11.6666666666667,23.6842105263158,23,21,26,3.35815549149463,3.54856909262987,4.02892321604069,2.75476213820575,46.75,16.5,0,0,0,0,72,72,72,72,1.32638510836598,"Good","None",NA,NA,NA,NA,NA,NA,NA,NA,NA,NA,NA,NA,NA,NA,NA,NA,NA,NA,NA,NA,NA,NA
"FASMEE23","Button","Ambient","S9PI",20241217,"12/19/2024","Lampman","B3B","B3","A",31,5,0,5,NA,"","","F23D",2023-10-09,2023-10-09 12:17:00,2023-10-09 18:17:00,2,"Blue","PTFE",4,40,10,2023-10-09 18:17:00,2023-10-09 18:27:00,"","B3",20,0.02,1.2125,1.1125,0.1,0,3.8875,3.8875,1,5.5009375,5.07125,0,0,0,-3.91202300542815,1,1806250,0,0,0,NA,NA,NA,NA,NA,3,3.73360545454545,3.7674,4.8602,0.0431818181818182,0,2.25,0.0431818181818182,0,2.25,14.1910331384016,13.8888888888889,16.1111111111111,11.6666666666667,23.6842105263158,23,21,26,3.35815549149463,3.54856909262987,4.02892321604069,2.75476213820575,46.75,16.5,0,0,0,0,72,72,72,72,1.32638510836598,"Good","None",NA,NA,NA,NA,NA,NA,NA,NA,NA,NA,NA,NA,NA,NA,NA,NA,NA,NA,NA,NA,NA,NA
"FASMEE23","Button","Ambient","S9PI",20241217,"12/19/2024","Lampman","R1B","R1","A",2,5,0,5,NA,"","","F23D",2023-10-08,2023-10-08 13:09:00,2023-10-08 19:09:00,1,"Red","PTFE",4,40,10,2023-10-08 19:09:00,2023-10-08 19:19:00,"","R1",20,0.02,1.2125,1.1125,0.1,0,3.8875,3.8875,1,5.5009375,5.07125,0,0,0,-3.91202300542815,1,1806250,0,0,0,NA,NA,NA,NA,NA,NA,NA,NA,NA,NA,NA,NA,NA,NA,NA,NA,NA,NA,NA,NA,NA,NA,NA,NA,NA,NA,NA,NA,NA,NA,NA,NA,NA,NA,NA,NA,NA,NA,NA,NA,NA,NA,NA,NA,NA,NA,NA,NA,NA,NA,NA,NA,NA,NA,NA,NA,NA,NA,NA,NA,NA,NA
"FASMEE23","Button","Ambient","S9PI",20241217,"12/19/2024","Lampman","R1B","R1","A",15,5,0,5,NA,"","","F23D",2023-10-08,2023-10-08 13:09:00,2023-10-08 19:09:00,1,"Red","PTFE",4,40,10,2023-10-08 19:09:00,2023-10-08 19:19:00,"","R1",20,0.02,1.2125,1.1125,0.1,0,3.8875,3.8875,1,5.5009375,5.07125,0,0,0,-3.91202300542815,1,1806250,0,0,0,NA,NA,NA,NA,NA,NA,NA,NA,NA,NA,NA,NA,NA,NA,NA,NA,NA,NA,NA,NA,NA,NA,NA,NA,NA,NA,NA,NA,NA,NA,NA,NA,NA,NA,NA,NA,NA,NA,NA,NA,NA,NA,NA,NA,NA,NA,NA,NA,NA,NA,NA,NA,NA,NA,NA,NA,NA,NA,NA,NA,NA,NA
"FASMEE23","Button","Ambient","S9PI",20241217,"12/19/2024","Lampman","R1B","R1","A",33,5,0,5,NA,"","","F23D",2023-10-08,2023-10-08 13:09:00,2023-10-08 19:09:00,1,"Red","PTFE",4,40,10,2023-10-08 19:09:00,2023-10-08 19:19:00,"","R1",20,0.02,1.2125,1.1125,0.1,0,3.8875,3.8875,1,5.5009375,5.07125,0,0,0,-3.91202300542815,1,1806250,0,0,0,NA,NA,NA,NA,NA,NA,NA,NA,NA,NA,NA,NA,NA,NA,NA,NA,NA,NA,NA,NA,NA,NA,NA,NA,NA,NA,NA,NA,NA,NA,NA,NA,NA,NA,NA,NA,NA,NA,NA,NA,NA,NA,NA,NA,NA,NA,NA,NA,NA,NA,NA,NA,NA,NA,NA,NA,NA,NA,NA,NA,NA,NA
"FASMEE23","Button","Ambient","S9PI",20241217,"12/19/2024","Lampman","R1B","R1","A",40,5,0,5,NA,"","","F23D",2023-10-08,2023-10-08 13:09:00,2023-10-08 19:09:00,1,"Red","PTFE",4,40,10,2023-10-08 19:09:00,2023-10-08 19:19:00,"","R1",20,0.02,1.2125,1.1125,0.1,0,3.8875,3.8875,1,5.5009375,5.07125,0,0,0,-3.91202300542815,1,1806250,0,0,0,NA,NA,NA,NA,NA,NA,NA,NA,NA,NA,NA,NA,NA,NA,NA,NA,NA,NA,NA,NA,NA,NA,NA,NA,NA,NA,NA,NA,NA,NA,NA,NA,NA,NA,NA,NA,NA,NA,NA,NA,NA,NA,NA,NA,NA,NA,NA,NA,NA,NA,NA,NA,NA,NA,NA,NA,NA,NA,NA,NA,NA,NA
"FASMEE23","Button","Ambient","S9PI",20241217,"12/20/2024","Lampman","R2B","R2","A",2,5,0,5,NA,"","","F23D",2023-10-08,2023-10-08 13:40:00,2023-10-08 19:40:00,1,"Red","PTFE",4,40,10,2023-10-08 19:40:00,2023-10-08 19:50:00,"","R2",20,0.02,1.2125,1.1125,0.1,0,3.8875,3.8875,1,5.5009375,5.07125,0,0,0,-3.91202300542815,1,1806250,0,0,0,NA,NA,NA,NA,NA,NA,NA,NA,NA,NA,NA,NA,NA,NA,NA,NA,NA,NA,NA,NA,NA,NA,NA,NA,NA,NA,NA,NA,NA,NA,NA,NA,NA,NA,NA,NA,NA,NA,NA,NA,NA,NA,NA,NA,NA,NA,NA,NA,NA,NA,NA,NA,NA,NA,NA,NA,NA,NA,NA,NA,NA,NA
"FASMEE23","Button","Ambient","S9PI",20241217,"12/20/2024","Lampman","R2B","R2","A",18,5,0,5,NA,"","","F23D",2023-10-08,2023-10-08 13:40:00,2023-10-08 19:40:00,1,"Red","PTFE",4,40,10,2023-10-08 19:40:00,2023-10-08 19:50:00,"","R2",20,0.02,1.2125,1.1125,0.1,0,3.8875,3.8875,1,5.5009375,5.07125,0,0,0,-3.91202300542815,1,1806250,0,0,0,NA,NA,NA,NA,NA,NA,NA,NA,NA,NA,NA,NA,NA,NA,NA,NA,NA,NA,NA,NA,NA,NA,NA,NA,NA,NA,NA,NA,NA,NA,NA,NA,NA,NA,NA,NA,NA,NA,NA,NA,NA,NA,NA,NA,NA,NA,NA,NA,NA,NA,NA,NA,NA,NA,NA,NA,NA,NA,NA,NA,NA,NA
"FASMEE23","Button","Ambient","S9PI",20241217,"12/20/2024","Lampman","R2B","R2","A",20,5,0,5,NA,"","","F23D",2023-10-08,2023-10-08 13:40:00,2023-10-08 19:40:00,1,"Red","PTFE",4,40,10,2023-10-08 19:40:00,2023-10-08 19:50:00,"","R2",20,0.02,1.2125,1.1125,0.1,0,3.8875,3.8875,1,5.5009375,5.07125,0,0,0,-3.91202300542815,1,1806250,0,0,0,NA,NA,NA,NA,NA,NA,NA,NA,NA,NA,NA,NA,NA,NA,NA,NA,NA,NA,NA,NA,NA,NA,NA,NA,NA,NA,NA,NA,NA,NA,NA,NA,NA,NA,NA,NA,NA,NA,NA,NA,NA,NA,NA,NA,NA,NA,NA,NA,NA,NA,NA,NA,NA,NA,NA,NA,NA,NA,NA,NA,NA,NA
"FASMEE23","Button","Ambient","S9PI",20241217,"12/20/2024","Lampman","R2B","R2","A",22,5,0,5,NA,"","","F23D",2023-10-08,2023-10-08 13:40:00,2023-10-08 19:40:00,1,"Red","PTFE",4,40,10,2023-10-08 19:40:00,2023-10-08 19:50:00,"","R2",20,0.02,1.2125,1.1125,0.1,0,3.8875,3.8875,1,5.5009375,5.07125,0,0,0,-3.91202300542815,1,1806250,0,0,0,NA,NA,NA,NA,NA,NA,NA,NA,NA,NA,NA,NA,NA,NA,NA,NA,NA,NA,NA,NA,NA,NA,NA,NA,NA,NA,NA,NA,NA,NA,NA,NA,NA,NA,NA,NA,NA,NA,NA,NA,NA,NA,NA,NA,NA,NA,NA,NA,NA,NA,NA,NA,NA,NA,NA,NA,NA,NA,NA,NA,NA,NA
"FASMEE23","Button","Ambient","S9PI",20241217,"12/20/2024","Lampman","R2B","R2","A",26,5,0,5,NA,"","","F23D",2023-10-08,2023-10-08 13:40:00,2023-10-08 19:40:00,1,"Red","PTFE",4,40,10,2023-10-08 19:40:00,2023-10-08 19:50:00,"","R2",20,0.02,1.2125,1.1125,0.1,0,3.8875,3.8875,1,5.5009375,5.07125,0,0,0,-3.91202300542815,1,1806250,0,0,0,NA,NA,NA,NA,NA,NA,NA,NA,NA,NA,NA,NA,NA,NA,NA,NA,NA,NA,NA,NA,NA,NA,NA,NA,NA,NA,NA,NA,NA,NA,NA,NA,NA,NA,NA,NA,NA,NA,NA,NA,NA,NA,NA,NA,NA,NA,NA,NA,NA,NA,NA,NA,NA,NA,NA,NA,NA,NA,NA,NA,NA,NA
"FASMEE23","Button","Ambient","S9PI",20241217,"12/20/2024","Lampman","R2B","R2","A",28,5,0,5,NA,"","","F23D",2023-10-08,2023-10-08 13:40:00,2023-10-08 19:40:00,1,"Red","PTFE",4,40,10,2023-10-08 19:40:00,2023-10-08 19:50:00,"","R2",20,0.02,1.2125,1.1125,0.1,0,3.8875,3.8875,1,5.5009375,5.07125,0,0,0,-3.91202300542815,1,1806250,0,0,0,NA,NA,NA,NA,NA,NA,NA,NA,NA,NA,NA,NA,NA,NA,NA,NA,NA,NA,NA,NA,NA,NA,NA,NA,NA,NA,NA,NA,NA,NA,NA,NA,NA,NA,NA,NA,NA,NA,NA,NA,NA,NA,NA,NA,NA,NA,NA,NA,NA,NA,NA,NA,NA,NA,NA,NA,NA,NA,NA,NA,NA,NA
"FASMEE23","Button","Ambient","S9PI",20241217,"12/20/2024","Lampman","R3B","R3","A",2,5,0,5,NA,"","","F23D",2023-10-08,2023-10-08 14:10:00,2023-10-08 20:10:00,1,"Red","PTFE",4,40,10,2023-10-08 20:10:00,2023-10-08 20:20:00,"","R3",20,0.02,1.2125,1.1125,0.1,0,3.8875,3.8875,1,5.5009375,5.07125,0,0,0,-3.91202300542815,1,1806250,0,0,0,NA,NA,NA,NA,NA,NA,NA,NA,NA,NA,NA,NA,NA,NA,NA,NA,NA,NA,NA,NA,NA,NA,NA,NA,NA,NA,NA,NA,NA,NA,NA,NA,NA,NA,NA,NA,NA,NA,NA,NA,NA,NA,NA,NA,NA,NA,NA,NA,NA,NA,NA,NA,NA,NA,NA,NA,NA,NA,NA,NA,NA,NA
"FASMEE23","Button","Ambient","S9PI",20241217,"12/20/2024","Lampman","R3B","R3","A",7,5,1,6,NA,"","","F23D",2023-10-08,2023-10-08 14:10:00,2023-10-08 20:10:00,1,"Red","PTFE",4,40,10,2023-10-08 20:10:00,2023-10-08 20:20:00,"","R3",20,0.02,1.2125,1.1125,0.1,0.9,3.8875,4.7875,0.81201044386423,5.5009375,5.07125,0.5703125,0,0.5703125,-3.91202300542815,0.833333333333333,2167500,206025.390625,206025.390625,0,0,NA,NA,NA,NA,NA,NA,NA,NA,NA,NA,NA,NA,NA,NA,NA,NA,NA,NA,NA,NA,NA,NA,NA,NA,NA,NA,NA,NA,NA,NA,NA,NA,NA,NA,NA,NA,NA,NA,NA,NA,NA,NA,NA,NA,NA,NA,NA,NA,NA,NA,NA,NA,NA,NA,NA,NA,NA,NA,NA,NA,NA
"FASMEE23","Button","Ambient","S9PI",20241217,"12/20/2024","Lampman","R3B","R3","A",29,5,2,7,NA,"","","F23D",2023-10-08,2023-10-08 14:10:00,2023-10-08 20:10:00,1,"Red","PTFE",4,40,10,2023-10-08 20:10:00,2023-10-08 20:20:00,"","R3",20,0.02,1.2125,1.1125,0.1,1.9,3.8875,5.7875,0.67170626349892,5.5009375,5.07125,1.5703125,0,1.5703125,-3.91202300542815,0.714285714285714,2528750,567275.390625,567275.390625,0,0,NA,NA,NA,NA,NA,NA,NA,NA,NA,NA,NA,NA,NA,NA,NA,NA,NA,NA,NA,NA,NA,NA,NA,NA,NA,NA,NA,NA,NA,NA,NA,NA,NA,NA,NA,NA,NA,NA,NA,NA,NA,NA,NA,NA,NA,NA,NA,NA,NA,NA,NA,NA,NA,NA,NA,NA,NA,NA,NA,NA,NA
"FASMEE23","Button","Ambient","S9PI",20241217,"12/20/2024","Lampman","R3B","R3","A",31,5,0,5,NA,"","","F23D",2023-10-08,2023-10-08 14:10:00,2023-10-08 20:10:00,1,"Red","PTFE",4,40,10,2023-10-08 20:10:00,2023-10-08 20:20:00,"","R3",20,0.02,1.2125,1.1125,0.1,0,3.8875,3.8875,1,5.5009375,5.07125,0,0,0,-3.91202300542815,1,1806250,0,0,0,NA,NA,NA,NA,NA,NA,NA,NA,NA,NA,NA,NA,NA,NA,NA,NA,NA,NA,NA,NA,NA,NA,NA,NA,NA,NA,NA,NA,NA,NA,NA,NA,NA,NA,NA,NA,NA,NA,NA,NA,NA,NA,NA,NA,NA,NA,NA,NA,NA,NA,NA,NA,NA,NA,NA,NA,NA,NA,NA,NA,NA,NA
"FASMEE23","Button","Ambient","S9PI",20241217,"12/20/2024","Lampman","R3B","R3","A",39,5,0,5,NA,"","","F23D",2023-10-08,2023-10-08 14:10:00,2023-10-08 20:10:00,1,"Red","PTFE",4,40,10,2023-10-08 20:10:00,2023-10-08 20:20:00,"","R3",20,0.02,1.2125,1.1125,0.1,0,3.8875,3.8875,1,5.5009375,5.07125,0,0,0,-3.91202300542815,1,1806250,0,0,0,NA,NA,NA,NA,NA,NA,NA,NA,NA,NA,NA,NA,NA,NA,NA,NA,NA,NA,NA,NA,NA,NA,NA,NA,NA,NA,NA,NA,NA,NA,NA,NA,NA,NA,NA,NA,NA,NA,NA,NA,NA,NA,NA,NA,NA,NA,NA,NA,NA,NA,NA,NA,NA,NA,NA,NA,NA,NA,NA,NA,NA,NA
"FASMEE23","Button","Ambient","S9PI",20241223,"12/23/2024","Lampman","R4B","R4","A",13,5,0,5,NA,"","","F23D",2023-10-08,2023-10-08 14:28:00,2023-10-08 20:28:00,1,"Red","PTFE",4,40,10,2023-10-08 20:28:00,2023-10-08 20:38:00,"","R4",20,0.02,1.2125,1.1125,0.1,0,3.8875,3.8875,1,5.5009375,5.07125,0,0,0,-3.91202300542815,1,1806250,0,0,0,NA,NA,NA,NA,NA,NA,NA,NA,NA,NA,NA,NA,NA,NA,NA,NA,NA,NA,NA,NA,NA,NA,NA,NA,NA,NA,NA,NA,NA,NA,NA,NA,NA,NA,NA,NA,NA,NA,NA,NA,NA,NA,NA,NA,NA,NA,NA,NA,NA,NA,NA,NA,NA,NA,NA,NA,NA,NA,NA,NA,NA,NA
"FASMEE23","Button","Ambient","S9PI",20241223,"12/23/2024","Lampman","R4B","R4","A",24,5,0,5,NA,"","","F23D",2023-10-08,2023-10-08 14:28:00,2023-10-08 20:28:00,1,"Red","PTFE",4,40,10,2023-10-08 20:28:00,2023-10-08 20:38:00,"","R4",20,0.02,1.2125,1.1125,0.1,0,3.8875,3.8875,1,5.5009375,5.07125,0,0,0,-3.91202300542815,1,1806250,0,0,0,NA,NA,NA,NA,NA,NA,NA,NA,NA,NA,NA,NA,NA,NA,NA,NA,NA,NA,NA,NA,NA,NA,NA,NA,NA,NA,NA,NA,NA,NA,NA,NA,NA,NA,NA,NA,NA,NA,NA,NA,NA,NA,NA,NA,NA,NA,NA,NA,NA,NA,NA,NA,NA,NA,NA,NA,NA,NA,NA,NA,NA,NA
"FASMEE23","Button","Ambient","S9PI",20241223,"12/23/2024","Lampman","R4B","R4","A",26,5,0,5,NA,"","","F23D",2023-10-08,2023-10-08 14:28:00,2023-10-08 20:28:00,1,"Red","PTFE",4,40,10,2023-10-08 20:28:00,2023-10-08 20:38:00,"","R4",20,0.02,1.2125,1.1125,0.1,0,3.8875,3.8875,1,5.5009375,5.07125,0,0,0,-3.91202300542815,1,1806250,0,0,0,NA,NA,NA,NA,NA,NA,NA,NA,NA,NA,NA,NA,NA,NA,NA,NA,NA,NA,NA,NA,NA,NA,NA,NA,NA,NA,NA,NA,NA,NA,NA,NA,NA,NA,NA,NA,NA,NA,NA,NA,NA,NA,NA,NA,NA,NA,NA,NA,NA,NA,NA,NA,NA,NA,NA,NA,NA,NA,NA,NA,NA,NA
"FASMEE23","Button","Ambient","S9PI",20241223,"12/23/2024","Lampman","R4B","R4","A",28,5,0,5,NA,"","","F23D",2023-10-08,2023-10-08 14:28:00,2023-10-08 20:28:00,1,"Red","PTFE",4,40,10,2023-10-08 20:28:00,2023-10-08 20:38:00,"","R4",20,0.02,1.2125,1.1125,0.1,0,3.8875,3.8875,1,5.5009375,5.07125,0,0,0,-3.91202300542815,1,1806250,0,0,0,NA,NA,NA,NA,NA,NA,NA,NA,NA,NA,NA,NA,NA,NA,NA,NA,NA,NA,NA,NA,NA,NA,NA,NA,NA,NA,NA,NA,NA,NA,NA,NA,NA,NA,NA,NA,NA,NA,NA,NA,NA,NA,NA,NA,NA,NA,NA,NA,NA,NA,NA,NA,NA,NA,NA,NA,NA,NA,NA,NA,NA,NA
"FASMEE23","Button","Smoke","S9PI",20250115,"1/31/2025","Lampman","B6B","B6","A",8,5,0,5,NA,"","","F23E",2023-10-09,2023-10-09 15:17:00,2023-10-09 21:17:00,2,"Blue","PTFE",4,60,15,2023-10-09 21:17:00,2023-10-09 21:32:00,"","B6",30,0.03,2.1,2.1,0,0,2.9,2.9,1,6.3884375,6.05875,0,0,0,-3.50655789731998,1,1204166.66666667,0,0,0,NA,0,0,0,NA,6,2552.17293182856,2955.6625303125,6517.6734277669,154.507209302326,194.25,313.25,1664.15703488372,1963.75,3738.33,13.8242894056848,13.8888888888889,15.5555555555556,11.1111111111111,23.2209302325581,23,22,26,3.31172741096193,3.36444793603563,3.99314168636426,2.60160702948977,31377.8325,30549.3325,22195.395,4200.125,822.5,468.5,83635.29,87917.25,88776.25,89658.9375,7.9914781112452,"Hazardous","High",431.473416388428,332.035187727671,1516.66468062123,39.6013389194573,823.729565151522,1165.0074584524,35.5148560084716,33.6919988392252,74.8868796292252,0.956378385565098,0.96119482754625,436.857954671367,873.715909342734,0.873715909342734,0.000873715909342734,8.73715909342734e-07,0,0,0,0,0,0
"FASMEE23","Button","Smoke","S9PI",20250115,"1/31/2025","Lampman","B6B","B6","A",24,5,3,8,NA,"","","F23E",2023-10-09,2023-10-09 15:17:00,2023-10-09 21:17:00,2,"Blue","PTFE",4,60,15,2023-10-09 21:17:00,2023-10-09 21:32:00,"","B6",30,0.03,2.1,2.1,0,3,2.9,5.9,0.491525423728814,6.3884375,6.05875,2.6703125,0,2.6703125,-3.50655789731998,0.625,1926666.66666667,643100.260416667,643100.260416667,0,0,0,353524.831814236,353524.831814236,0,6,2552.17293182856,2955.6625303125,6517.6734277669,154.507209302326,194.25,313.25,1664.15703488372,1963.75,3738.33,13.8242894056848,13.8888888888889,15.5555555555556,11.1111111111111,23.2209302325581,23,22,26,3.31172741096193,3.36444793603563,3.99314168636426,2.60160702948977,31377.8325,30549.3325,22195.395,4200.125,822.5,468.5,83635.29,87917.25,88776.25,89658.9375,7.9914781112452,"Hazardous","High",431.473416388428,332.035187727671,1516.66468062123,39.6013389194573,823.729565151522,1165.0074584524,35.5148560084716,33.6919988392252,74.8868796292252,0.956378385565098,0.96119482754625,436.857954671367,873.715909342734,0.873715909342734,0.000873715909342734,8.73715909342734e-07,404622175279.125,0,404622175.279125,0,404.622175279125,0
"FASMEE23","Button","Smoke","S9PI",20250115,"1/31/2025","Lampman","B6B","B6","A",32,5,0,5,NA,"","","F23E",2023-10-09,2023-10-09 15:17:00,2023-10-09 21:17:00,2,"Blue","PTFE",4,60,15,2023-10-09 21:17:00,2023-10-09 21:32:00,"","B6",30,0.03,2.1,2.1,0,0,2.9,2.9,1,6.3884375,6.05875,0,0,0,-3.50655789731998,1,1204166.66666667,0,0,0,NA,0,0,0,NA,6,2552.17293182856,2955.6625303125,6517.6734277669,154.507209302326,194.25,313.25,1664.15703488372,1963.75,3738.33,13.8242894056848,13.8888888888889,15.5555555555556,11.1111111111111,23.2209302325581,23,22,26,3.31172741096193,3.36444793603563,3.99314168636426,2.60160702948977,31377.8325,30549.3325,22195.395,4200.125,822.5,468.5,83635.29,87917.25,88776.25,89658.9375,7.9914781112452,"Hazardous","High",431.473416388428,332.035187727671,1516.66468062123,39.6013389194573,823.729565151522,1165.0074584524,35.5148560084716,33.6919988392252,74.8868796292252,0.956378385565098,0.96119482754625,436.857954671367,873.715909342734,0.873715909342734,0.000873715909342734,8.73715909342734e-07,0,0,0,0,0,0
"FASMEE23","Button","Smoke","S9PI",20250115,"1/31/2025","Lampman","B6B","B6","A",33,5,2,7,NA,"","","F23E",2023-10-09,2023-10-09 15:17:00,2023-10-09 21:17:00,2,"Blue","PTFE",4,60,15,2023-10-09 21:17:00,2023-10-09 21:32:00,"","B6",30,0.03,2.1,2.1,0,2,2.9,4.9,0.591836734693878,6.3884375,6.05875,1.6703125,0,1.6703125,-3.50655789731998,0.714285714285714,1685833.33333333,402266.927083333,402266.927083333,0,0,0,112691.498480903,112691.498480903,0,6,2552.17293182856,2955.6625303125,6517.6734277669,154.507209302326,194.25,313.25,1664.15703488372,1963.75,3738.33,13.8242894056848,13.8888888888889,15.5555555555556,11.1111111111111,23.2209302325581,23,22,26,3.31172741096193,3.36444793603563,3.99314168636426,2.60160702948977,31377.8325,30549.3325,22195.395,4200.125,822.5,468.5,83635.29,87917.25,88776.25,89658.9375,7.9914781112452,"Hazardous","High",431.473416388428,332.035187727671,1516.66468062123,39.6013389194573,823.729565151522,1165.0074584524,35.5148560084716,33.6919988392252,74.8868796292252,0.956378385565098,0.96119482754625,436.857954671367,873.715909342734,0.873715909342734,0.000873715909342734,8.73715909342734e-07,128979565641.281,0,128979565.641281,0,128.979565641281,0
"FASMEE23","Button","Ambient","S9PI",20250115,"1/31/2025","Lampman","R6B","R6","A",16,5,0,5,NA,"","","F23E",2023-10-09,2023-10-09 12:11:00,2023-10-09 18:11:00,2,"Red","PTFE",4,40,10,2023-10-09 18:11:00,2023-10-09 18:21:00,"","R6",20,0.02,2.1,2.1,0,0,2.9,2.9,1,6.3884375,6.05875,0,0,0,-3.91202300542815,1,1806250,0,0,0,NA,NA,NA,NA,NA,NA,NA,NA,NA,NA,NA,NA,NA,NA,NA,NA,NA,NA,NA,NA,NA,NA,NA,NA,NA,NA,NA,NA,NA,NA,NA,NA,NA,NA,NA,NA,NA,NA,NA,NA,NA,NA,NA,NA,NA,NA,NA,NA,NA,NA,NA,NA,NA,NA,NA,NA,NA,NA,NA,NA,NA,NA
"FASMEE23","Button","Ambient","S9PI",20241223,"1/13/2025","Lampman","R5B","R5","A",1,5,0,5,NA,"","","F23D",2023-10-08,2023-10-08 15:41:00,2023-10-08 21:41:00,1,"Red","PTFE",4,40,10,2023-10-08 21:41:00,2023-10-08 21:51:00,"","R5",20,0.02,1.2125,1.1125,0.1,0,3.8875,3.8875,1,5.5009375,5.07125,0,0,0,-3.91202300542815,1,1806250,0,0,0,NA,NA,NA,NA,NA,NA,NA,NA,NA,NA,NA,NA,NA,NA,NA,NA,NA,NA,NA,NA,NA,NA,NA,NA,NA,NA,NA,NA,NA,NA,NA,NA,NA,NA,NA,NA,NA,NA,NA,NA,NA,NA,NA,NA,NA,NA,NA,NA,NA,NA,NA,NA,NA,NA,NA,NA,NA,NA,NA,NA,NA,NA
"FASMEE23","Button","Ambient","S9PI",20241223,"1/13/2025","Lampman","R5B","R5","A",2,5,2,7,NA,"","","F23D",2023-10-08,2023-10-08 15:41:00,2023-10-08 21:41:00,1,"Red","PTFE",4,40,10,2023-10-08 21:41:00,2023-10-08 21:51:00,"","R5",20,0.02,1.2125,1.1125,0.1,1.9,3.8875,5.7875,0.67170626349892,5.5009375,5.07125,1.5703125,0,1.5703125,-3.91202300542815,0.714285714285714,2528750,567275.390625,567275.390625,0,0,NA,NA,NA,NA,NA,NA,NA,NA,NA,NA,NA,NA,NA,NA,NA,NA,NA,NA,NA,NA,NA,NA,NA,NA,NA,NA,NA,NA,NA,NA,NA,NA,NA,NA,NA,NA,NA,NA,NA,NA,NA,NA,NA,NA,NA,NA,NA,NA,NA,NA,NA,NA,NA,NA,NA,NA,NA,NA,NA,NA,NA
"FASMEE23","Button","Ambient","S9PI",20241223,"1/13/2025","Lampman","R5B","R5","A",30,5,0,5,NA,"","","F23D",2023-10-08,2023-10-08 15:41:00,2023-10-08 21:41:00,1,"Red","PTFE",4,40,10,2023-10-08 21:41:00,2023-10-08 21:51:00,"","R5",20,0.02,1.2125,1.1125,0.1,0,3.8875,3.8875,1,5.5009375,5.07125,0,0,0,-3.91202300542815,1,1806250,0,0,0,NA,NA,NA,NA,NA,NA,NA,NA,NA,NA,NA,NA,NA,NA,NA,NA,NA,NA,NA,NA,NA,NA,NA,NA,NA,NA,NA,NA,NA,NA,NA,NA,NA,NA,NA,NA,NA,NA,NA,NA,NA,NA,NA,NA,NA,NA,NA,NA,NA,NA,NA,NA,NA,NA,NA,NA,NA,NA,NA,NA,NA,NA
"FASMEE23","Button","Smoke","S9PI",20250212,"2/12/2025","Lampman","R11B","R11","A",23,5,0,5,NA,"","","F23F",2023-10-10,2023-10-09 18:45:00,2023-10-10 00:45:00,2,"Red","PTFE",4,60,15,2023-10-10 00:45:00,2023-10-10 01:00:00,"","R11",30,0.03,1.25,1.25,0,0,3.75,3.75,1,5.5384375,5.20875,0,0,0,-3.50655789731998,1,1204166.66666667,0,0,0,NA,0,0,0,NA,NA,NA,NA,NA,NA,NA,NA,NA,NA,NA,NA,NA,NA,NA,NA,NA,NA,NA,NA,NA,NA,NA,NA,NA,NA,NA,NA,NA,NA,NA,NA,NA,NA,NA,NA,NA,NA,NA,NA,NA,NA,NA,NA,NA,NA,NA,NA,NA,NA,NA,NA,NA,NA,NA,NA,NA,NA
"FASMEE23","Button","Smoke","S9PI",20250212,"2/12/2025","Lampman","R11B","R11","A",39,5,0,5,NA,"","","F23F",2023-10-10,2023-10-09 18:45:00,2023-10-10 00:45:00,2,"Red","PTFE",4,60,15,2023-10-10 00:45:00,2023-10-10 01:00:00,"","R11",30,0.03,1.25,1.25,0,0,3.75,3.75,1,5.5384375,5.20875,0,0,0,-3.50655789731998,1,1204166.66666667,0,0,0,NA,0,0,0,NA,NA,NA,NA,NA,NA,NA,NA,NA,NA,NA,NA,NA,NA,NA,NA,NA,NA,NA,NA,NA,NA,NA,NA,NA,NA,NA,NA,NA,NA,NA,NA,NA,NA,NA,NA,NA,NA,NA,NA,NA,NA,NA,NA,NA,NA,NA,NA,NA,NA,NA,NA,NA,NA,NA,NA,NA,NA
"FASMEE23","Button","Smoke","S9PI",20250212,"2/24/2025","Lampman","R13B","R13","A",20,5,0,5,NA,"","","F23F",2023-10-11,2023-10-10 18:25:00,2023-10-11 00:25:00,3,"Red","PTFE",4,60,15,2023-10-11 00:25:00,2023-10-11 00:40:00,"Partial smoke at best","R13",30,0.03,1.25,1.25,0,0,3.75,3.75,1,5.5384375,5.20875,0,0,0,-3.50655789731998,1,1204166.66666667,0,0,0,NA,0,0,0,NA,NA,NA,NA,NA,NA,NA,NA,NA,NA,NA,NA,NA,NA,NA,NA,NA,NA,NA,NA,NA,NA,NA,NA,NA,NA,NA,NA,NA,NA,NA,NA,NA,NA,NA,NA,NA,NA,NA,NA,NA,NA,NA,NA,NA,NA,NA,NA,NA,NA,NA,NA,NA,NA,NA,NA,NA,NA
"FASMEE23","Button","Smoke","S9PI",20250212,"2/26/2025","Lampman","R14B","R14","A",19,5,0,5,NA,"","","F23F",2023-10-11,2023-10-10 18:53:00,2023-10-11 00:53:00,3,"Red","PTFE",4,60,15,2023-10-11 00:53:00,2023-10-11 01:08:00,"Partial smoke at best","R14",30,0.03,1.25,1.25,0,0,3.75,3.75,1,5.5384375,5.20875,0,0,0,-3.50655789731998,1,1204166.66666667,0,0,0,NA,0,0,0,NA,NA,NA,NA,NA,NA,NA,NA,NA,NA,NA,NA,NA,NA,NA,NA,NA,NA,NA,NA,NA,NA,NA,NA,NA,NA,NA,NA,NA,NA,NA,NA,NA,NA,NA,NA,NA,NA,NA,NA,NA,NA,NA,NA,NA,NA,NA,NA,NA,NA,NA,NA,NA,NA,NA,NA,NA,NA
"FASMEE23","Button","Smoke","S9PI",20250212,"2/26/2025","Lampman","R14B","R14","A",23,5,0,5,NA,"","","F23F",2023-10-11,2023-10-10 18:53:00,2023-10-11 00:53:00,3,"Red","PTFE",4,60,15,2023-10-11 00:53:00,2023-10-11 01:08:00,"Partial smoke at best","R14",30,0.03,1.25,1.25,0,0,3.75,3.75,1,5.5384375,5.20875,0,0,0,-3.50655789731998,1,1204166.66666667,0,0,0,NA,0,0,0,NA,NA,NA,NA,NA,NA,NA,NA,NA,NA,NA,NA,NA,NA,NA,NA,NA,NA,NA,NA,NA,NA,NA,NA,NA,NA,NA,NA,NA,NA,NA,NA,NA,NA,NA,NA,NA,NA,NA,NA,NA,NA,NA,NA,NA,NA,NA,NA,NA,NA,NA,NA,NA,NA,NA,NA,NA,NA
"FASMEE23","Button","Smoke","S9PI",20250212,"2/26/2025","Lampman","R14B","R14","A",36,5,0,5,NA,"","","F23F",2023-10-11,2023-10-10 18:53:00,2023-10-11 00:53:00,3,"Red","PTFE",4,60,15,2023-10-11 00:53:00,2023-10-11 01:08:00,"Partial smoke at best","R14",30,0.03,1.25,1.25,0,0,3.75,3.75,1,5.5384375,5.20875,0,0,0,-3.50655789731998,1,1204166.66666667,0,0,0,NA,0,0,0,NA,NA,NA,NA,NA,NA,NA,NA,NA,NA,NA,NA,NA,NA,NA,NA,NA,NA,NA,NA,NA,NA,NA,NA,NA,NA,NA,NA,NA,NA,NA,NA,NA,NA,NA,NA,NA,NA,NA,NA,NA,NA,NA,NA,NA,NA,NA,NA,NA,NA,NA,NA,NA,NA,NA,NA,NA,NA
"FASMEE23","Button","Smoke","S9PI",20250117,"3/3/2025","Lampman","R7B","R7","A",10,5,3,8,NA,"","","F23E",2023-10-09,2023-10-09 12:33:00,2023-10-09 18:33:00,2,"Red","PTFE",4,40,10,2023-10-09 18:33:00,2023-10-09 18:43:00,"Partial smoke towards end of sample","R7",20,0.02,2.1,2.1,0,3,2.9,5.9,0.491525423728814,6.3884375,6.05875,2.6703125,0,2.6703125,-3.91202300542815,0.625,2890000,964650.390625,964650.390625,0,0,0,675074.962022569,675074.962022569,0,NA,NA,NA,NA,NA,NA,NA,NA,NA,NA,NA,NA,NA,NA,NA,NA,NA,NA,NA,NA,NA,NA,NA,NA,NA,NA,NA,NA,NA,NA,NA,NA,NA,NA,NA,NA,NA,NA,NA,NA,NA,NA,NA,NA,NA,NA,NA,NA,NA,NA,NA,NA,NA,NA,NA,NA,NA
"FASMEE23","Button","Smoke","S9PI",20250117,"3/3/2025","Lampman","R7B","R7","A",23,5,0,5,NA,"","","F23E",2023-10-09,2023-10-09 12:33:00,2023-10-09 18:33:00,2,"Red","PTFE",4,40,10,2023-10-09 18:33:00,2023-10-09 18:43:00,"Partial smoke towards end of sample","R7",20,0.02,2.1,2.1,0,0,2.9,2.9,1,6.3884375,6.05875,0,0,0,-3.91202300542815,1,1806250,0,0,0,NA,0,0,0,NA,NA,NA,NA,NA,NA,NA,NA,NA,NA,NA,NA,NA,NA,NA,NA,NA,NA,NA,NA,NA,NA,NA,NA,NA,NA,NA,NA,NA,NA,NA,NA,NA,NA,NA,NA,NA,NA,NA,NA,NA,NA,NA,NA,NA,NA,NA,NA,NA,NA,NA,NA,NA,NA,NA,NA,NA,NA
"FASMEE23","Button","Smoke","S9PI",20250127,"3/3/2025","Lampman","B9B","B9","A",17,5,0,5,NA,"","","F23E",2023-10-10,2023-10-10 15:09:00,2023-10-10 21:09:00,3,"Blue","PTFE",4,60,15,2023-10-10 21:09:00,2023-10-10 21:24:00,"","B9",30,0.03,2.1,2.1,0,0,2.9,2.9,1,6.3884375,6.05875,0,0,0,-3.50655789731998,1,1204166.66666667,0,0,0,NA,0,0,0,NA,9,584.100794087505,188.516922417344,3114.5911041344,176.698148148148,130.5,422.625,446.172839506173,237.875,1716.21,10.8074935400517,10.5555555555556,11.6666666666667,10,33.0116279069767,33,31,34,3.84755654322465,3.82515368908763,4.16705056996941,3.64859285797902,11336.5,10298.67,2475.79,88.25,0.125,0,24722.5,24835.125,24836.25,24837.375,5.23918777695593,"Very Unhealthy","Low",61.2042743966305,66.3921308617705,201.814906555965,15.7464380900351,108.784440826061,218.711205508665,12.1776042318889,13.3199766930851,24.5377224480851,0.896793933565282,0.89807374740202,62.9928010192709,125.985602038542,0.125985602038542,0.000125985602038542,1.25985602038542e-07,0,0,0,0,0,0
"FASMEE23","Button","Smoke","S9PI",20250127,"3/3/2025","Lampman","B9B","B9","A",20,5,6,11,NA,"","","F23E",2023-10-10,2023-10-10 15:09:00,2023-10-10 21:09:00,3,"Blue","PTFE",4,60,15,2023-10-10 21:09:00,2023-10-10 21:24:00,"","B9",30,0.03,2.1,2.1,0,6,2.9,8.9,0.325842696629213,6.3884375,6.05875,5.6703125,0,5.6703125,-3.50655789731998,0.454545454545455,2649166.66666667,1365600.26041667,1365600.26041667,0,0,0,1076024.83181424,1076024.83181424,0,9,584.100794087505,188.516922417344,3114.5911041344,176.698148148148,130.5,422.625,446.172839506173,237.875,1716.21,10.8074935400517,10.5555555555556,11.6666666666667,10,33.0116279069767,33,31,34,3.84755654322465,3.82515368908763,4.16705056996941,3.64859285797902,11336.5,10298.67,2475.79,88.25,0.125,0,24722.5,24835.125,24836.25,24837.375,5.23918777695593,"Very Unhealthy","Low",61.2042743966305,66.3921308617705,201.814906555965,15.7464380900351,108.784440826061,218.711205508665,12.1776042318889,13.3199766930851,24.5377224480851,0.896793933565282,0.89807374740202,62.9928010192709,125.985602038542,0.125985602038542,0.000125985602038542,1.25985602038542e-07,8540855577171.88,0,8540855577.17188,0,8540.85557717188,0
"FASMEE23","Button","Smoke","S9PI",20250127,"3/3/2025","Lampman","B9B","B9","A",26,5,0,5,NA,"","","F23E",2023-10-10,2023-10-10 15:09:00,2023-10-10 21:09:00,3,"Blue","PTFE",4,60,15,2023-10-10 21:09:00,2023-10-10 21:24:00,"","B9",30,0.03,2.1,2.1,0,0,2.9,2.9,1,6.3884375,6.05875,0,0,0,-3.50655789731998,1,1204166.66666667,0,0,0,NA,0,0,0,NA,9,584.100794087505,188.516922417344,3114.5911041344,176.698148148148,130.5,422.625,446.172839506173,237.875,1716.21,10.8074935400517,10.5555555555556,11.6666666666667,10,33.0116279069767,33,31,34,3.84755654322465,3.82515368908763,4.16705056996941,3.64859285797902,11336.5,10298.67,2475.79,88.25,0.125,0,24722.5,24835.125,24836.25,24837.375,5.23918777695593,"Very Unhealthy","Low",61.2042743966305,66.3921308617705,201.814906555965,15.7464380900351,108.784440826061,218.711205508665,12.1776042318889,13.3199766930851,24.5377224480851,0.896793933565282,0.89807374740202,62.9928010192709,125.985602038542,0.125985602038542,0.000125985602038542,1.25985602038542e-07,0,0,0,0,0,0
"FASMEE23","Button","Smoke","S9PI",20250221,"2/28/2025","Lampman","R15B","R15","A",5,5,2,7,NA,"","","F23F",2023-10-11,2023-10-10 19:21:00,2023-10-11 01:21:00,3,"Red","PTFE",4,60,15,2023-10-11 01:21:00,2023-10-11 01:36:00,"Partial smoke at best","R15",30,0.03,1.25,1.25,0,2,3.75,5.75,0.652173913043478,5.5384375,5.20875,1.6703125,0,1.6703125,-3.50655789731998,0.714285714285714,1685833.33333333,402266.927083333,402266.927083333,0,0,0,112691.498480903,112691.498480903,0,NA,NA,NA,NA,NA,NA,NA,NA,NA,NA,NA,NA,NA,NA,NA,NA,NA,NA,NA,NA,NA,NA,NA,NA,NA,NA,NA,NA,NA,NA,NA,NA,NA,NA,NA,NA,NA,NA,NA,NA,NA,NA,NA,NA,NA,NA,NA,NA,NA,NA,NA,NA,NA,NA,NA,NA,NA
"FASMEE23","Button","Smoke","S9PI",20250221,"2/28/2025","Lampman","R15B","R15","A",10,5,0,5,NA,"","","F23F",2023-10-11,2023-10-10 19:21:00,2023-10-11 01:21:00,3,"Red","PTFE",4,60,15,2023-10-11 01:21:00,2023-10-11 01:36:00,"Partial smoke at best","R15",30,0.03,1.25,1.25,0,0,3.75,3.75,1,5.5384375,5.20875,0,0,0,-3.50655789731998,1,1204166.66666667,0,0,0,NA,0,0,0,NA,NA,NA,NA,NA,NA,NA,NA,NA,NA,NA,NA,NA,NA,NA,NA,NA,NA,NA,NA,NA,NA,NA,NA,NA,NA,NA,NA,NA,NA,NA,NA,NA,NA,NA,NA,NA,NA,NA,NA,NA,NA,NA,NA,NA,NA,NA,NA,NA,NA,NA,NA,NA,NA,NA,NA,NA,NA
"FASMEE23","Button","Smoke","S9PI",20250221,"2/28/2025","Lampman","R15B","R15","A",19,5,0,5,NA,"","","F23F",2023-10-11,2023-10-10 19:21:00,2023-10-11 01:21:00,3,"Red","PTFE",4,60,15,2023-10-11 01:21:00,2023-10-11 01:36:00,"Partial smoke at best","R15",30,0.03,1.25,1.25,0,0,3.75,3.75,1,5.5384375,5.20875,0,0,0,-3.50655789731998,1,1204166.66666667,0,0,0,NA,0,0,0,NA,NA,NA,NA,NA,NA,NA,NA,NA,NA,NA,NA,NA,NA,NA,NA,NA,NA,NA,NA,NA,NA,NA,NA,NA,NA,NA,NA,NA,NA,NA,NA,NA,NA,NA,NA,NA,NA,NA,NA,NA,NA,NA,NA,NA,NA,NA,NA,NA,NA,NA,NA,NA,NA,NA,NA,NA,NA
"FASMEE23","Button","Smoke","S9PI",20250221,"2/28/2025","Lampman","R15B","R15","A",32,5,0,5,NA,"","","F23F",2023-10-11,2023-10-10 19:21:00,2023-10-11 01:21:00,3,"Red","PTFE",4,60,15,2023-10-11 01:21:00,2023-10-11 01:36:00,"Partial smoke at best","R15",30,0.03,1.25,1.25,0,0,3.75,3.75,1,5.5384375,5.20875,0,0,0,-3.50655789731998,1,1204166.66666667,0,0,0,NA,0,0,0,NA,NA,NA,NA,NA,NA,NA,NA,NA,NA,NA,NA,NA,NA,NA,NA,NA,NA,NA,NA,NA,NA,NA,NA,NA,NA,NA,NA,NA,NA,NA,NA,NA,NA,NA,NA,NA,NA,NA,NA,NA,NA,NA,NA,NA,NA,NA,NA,NA,NA,NA,NA,NA,NA,NA,NA,NA,NA
"FASMEE23","Button","Smoke","S9PI",20250127,"3/5/2025","Lampman","R9B","R9","A",2,5,1,6,NA,"","","F23E",2023-10-09,2023-10-09 15:17:00,2023-10-09 21:17:00,2,"Red","PTFE",4,60,15,2023-10-09 21:17:00,2023-10-09 21:32:00,"","R9",30,0.03,2.1,2.1,0,1,2.9,3.9,0.743589743589744,6.3884375,6.05875,0.6703125,0,0.6703125,-3.50655789731998,0.833333333333333,1445000,161433.59375,161433.59375,0,0,0,0,0,NA,NA,NA,NA,NA,NA,NA,NA,NA,NA,NA,NA,NA,NA,NA,NA,NA,NA,NA,NA,NA,NA,NA,NA,NA,NA,NA,NA,NA,NA,NA,NA,NA,NA,NA,NA,NA,NA,NA,NA,NA,NA,NA,NA,NA,NA,NA,NA,NA,NA,NA,NA,NA,NA,NA,NA,NA,NA
"FASMEE23","Button","Smoke","S9PI",20250127,"3/5/2025","Lampman","R9B","R9","A",13,5,0,5,NA,"","","F23E",2023-10-09,2023-10-09 15:17:00,2023-10-09 21:17:00,2,"Red","PTFE",4,60,15,2023-10-09 21:17:00,2023-10-09 21:32:00,"","R9",30,0.03,2.1,2.1,0,0,2.9,2.9,1,6.3884375,6.05875,0,0,0,-3.50655789731998,1,1204166.66666667,0,0,0,NA,0,0,0,NA,NA,NA,NA,NA,NA,NA,NA,NA,NA,NA,NA,NA,NA,NA,NA,NA,NA,NA,NA,NA,NA,NA,NA,NA,NA,NA,NA,NA,NA,NA,NA,NA,NA,NA,NA,NA,NA,NA,NA,NA,NA,NA,NA,NA,NA,NA,NA,NA,NA,NA,NA,NA,NA,NA,NA,NA,NA
"FASMEE23","Button","Smoke","S9PI",20240505,"3/31/2025","Lampman","R8B","R8B","A",9,5,3,8,NA,"","","F23A",2023-10-09,2023-10-09 14:54:00,2023-10-09 20:54:00,2,"Red","PTFE",4,60,15,2023-10-09 20:54:00,2023-10-09 21:09:00,"Tons of smoke, probably best sample","R8",30,0.03,2.225,2.225,0,3,2.775,5.775,0.48051948051948,6.5134375,6.18375,2.6703125,0,2.6703125,-3.50655789731998,0.625,1926666.66666667,643100.260416667,643100.260416667,0,0,0,353524.831814236,353524.831814236,0,NA,NA,NA,NA,NA,NA,NA,NA,NA,NA,NA,NA,NA,NA,NA,NA,NA,NA,NA,NA,NA,NA,NA,NA,NA,NA,NA,NA,NA,NA,NA,NA,NA,NA,NA,NA,NA,NA,NA,NA,NA,NA,NA,NA,NA,NA,NA,NA,NA,NA,NA,NA,NA,NA,NA,NA,NA
"FASMEE23","Button","Smoke","S9PI",20240505,"3/31/2025","Lampman","R8B","R8B","A",18,5,0,5,NA,"","","F23A",2023-10-09,2023-10-09 14:54:00,2023-10-09 20:54:00,2,"Red","PTFE",4,60,15,2023-10-09 20:54:00,2023-10-09 21:09:00,"Tons of smoke, probably best sample","R8",30,0.03,2.225,2.225,0,0,2.775,2.775,1,6.5134375,6.18375,0,0,0,-3.50655789731998,1,1204166.66666667,0,0,0,NA,0,0,0,NA,NA,NA,NA,NA,NA,NA,NA,NA,NA,NA,NA,NA,NA,NA,NA,NA,NA,NA,NA,NA,NA,NA,NA,NA,NA,NA,NA,NA,NA,NA,NA,NA,NA,NA,NA,NA,NA,NA,NA,NA,NA,NA,NA,NA,NA,NA,NA,NA,NA,NA,NA,NA,NA,NA,NA,NA,NA
"FASMEE23","Button","Smoke","S9PI",20250221,"4/11/2025","Lampman","B7B","B7","A",22,5,0,5,NA,"","","F23F",2023-10-10,2023-10-09 18:17:00,2023-10-10 00:17:00,2,"Blue","PTFE",4,60,15,2023-10-10 00:17:00,2023-10-10 00:32:00,"","B7",30,0.03,1.25,1.25,0,0,3.75,3.75,1,5.5384375,5.20875,0,0,0,-3.50655789731998,1,1204166.66666667,0,0,0,NA,0,0,0,NA,7,1625.52013208166,1670.54342003125,4296.5432918125,191.864464285714,243.5,323.75,1134.54755952381,1266.25,2565.125,11.9378306878307,12.2222222222222,12.7777777777778,9.44444444444444,27.4642857142857,27,27,29,3.43830869055206,3.49798559298276,3.81130962441916,2.83267941327911,27600.25,26431.75,16400.9375,2164.5625,366.75,209,70499.125,72762.875,73162.6025,73501.915,7.42090425369562,"Hazardous","High",NA,NA,NA,NA,NA,NA,NA,NA,NA,NA,NA,NA,NA,NA,NA,NA,NA,NA,NA,NA,NA,NA
"FASMEE23","Button","Smoke","S9PI",20250221,"4/11/2025","Lampman","B7B","B7","A",38,5,1,6,NA,"","","F23F",2023-10-10,2023-10-09 18:17:00,2023-10-10 00:17:00,2,"Blue","PTFE",4,60,15,2023-10-10 00:17:00,2023-10-10 00:32:00,"","B7",30,0.03,1.25,1.25,0,1,3.75,4.75,0.789473684210526,5.5384375,5.20875,0.6703125,0,0.6703125,-3.50655789731998,0.833333333333333,1445000,161433.59375,161433.59375,0,0,0,0,0,NA,7,1625.52013208166,1670.54342003125,4296.5432918125,191.864464285714,243.5,323.75,1134.54755952381,1266.25,2565.125,11.9378306878307,12.2222222222222,12.7777777777778,9.44444444444444,27.4642857142857,27,27,29,3.43830869055206,3.49798559298276,3.81130962441916,2.83267941327911,27600.25,26431.75,16400.9375,2164.5625,366.75,209,70499.125,72762.875,73162.6025,73501.915,7.42090425369562,"Hazardous","High",NA,NA,NA,NA,NA,NA,NA,NA,NA,NA,NA,NA,NA,NA,NA,NA,NA,NA,NA,NA,NA,NA
"FASMEE23","Button","Smoke","S9PI",20250221,"3/10/2025","Lampman","B8B","B8","A",2,5,1,6,NA,"","","F23F",2023-10-10,2023-10-09 18:45:00,2023-10-10 00:45:00,2,"Blue","PTFE",4,60,15,2023-10-10 00:45:00,2023-10-10 01:00:00,"","B8",30,0.03,1.25,1.25,0,1,3.75,4.75,0.789473684210526,5.5384375,5.20875,0.6703125,0,0.6703125,-3.50655789731998,0.833333333333333,1445000,161433.59375,161433.59375,0,0,0,0,0,NA,8,1205.06665382693,1303.733104,3018.616525,226.646470588235,286,417.125,876.608941176471,1025.165,1821,12.078431372549,11.6666666666667,13.8888888888889,10.5555555555556,27.6117647058824,28,26,30,3.48006033349395,3.49058669865849,3.8025217445426,3.05727862595733,26588.54,25222.5,13803,1123.75,154.17,81.33,66054.875,67628,67854.375,68080.75,7.17298704669122,"Hazardous","High",NA,NA,NA,NA,NA,NA,NA,NA,NA,NA,NA,NA,NA,NA,NA,NA,NA,NA,NA,NA,NA,NA
"FASMEE23","Button","Smoke","S9PI",20250221,"3/10/2025","Lampman","B8B","B8","A",8,5,0,5,NA,"","","F23F",2023-10-10,2023-10-09 18:45:00,2023-10-10 00:45:00,2,"Blue","PTFE",4,60,15,2023-10-10 00:45:00,2023-10-10 01:00:00,"","B8",30,0.03,1.25,1.25,0,0,3.75,3.75,1,5.5384375,5.20875,0,0,0,-3.50655789731998,1,1204166.66666667,0,0,0,NA,0,0,0,NA,8,1205.06665382693,1303.733104,3018.616525,226.646470588235,286,417.125,876.608941176471,1025.165,1821,12.078431372549,11.6666666666667,13.8888888888889,10.5555555555556,27.6117647058824,28,26,30,3.48006033349395,3.49058669865849,3.8025217445426,3.05727862595733,26588.54,25222.5,13803,1123.75,154.17,81.33,66054.875,67628,67854.375,68080.75,7.17298704669122,"Hazardous","High",NA,NA,NA,NA,NA,NA,NA,NA,NA,NA,NA,NA,NA,NA,NA,NA,NA,NA,NA,NA,NA,NA
"FASMEE23","Button","Smoke","S9PI",20240912,"11/12/2024","Lampman","B10B","B10","A",6,6,6,12,0,"","","F23B",2023-10-11,2023-10-10 18:25:00,2023-10-11 00:25:00,3,"Blue","PTFE",4,60,15,2023-10-11 00:25:00,2023-10-11 00:40:00,"Partial smoke at best","B10",30,0.03,1.675,1.5,0.175,5.825,4.5,10.325,0.435835351089588,5.9634375,5.45875,5.4953125,0.54125,6.0365625,-3.50655789731998,0.5,2890000,1453805.46875,1323454.42708333,130351.041666667,0.0896619557902366,0,1033878.9984809,1033878.9984809,0,10,296.817832329909,284.73479828125,913.5914568125,162.399186046512,183.125,370.5,298.041569767442,316.625,762.75,10.0638569604087,10,10.5555555555556,7.77777777777778,31.3333333333333,31,31,32,3.46114545081116,3.49829032819435,3.65288745104373,2.95692571743565,15821,13422.125,3222.3325,205,3.335,0,32372.0625,32590.23,32594.855,32599.48,5.65155821470817,"Hazardous","Low",9.16936754497504,7.15880794304564,30.8100107581134,1.51685239597926,16.3873253245179,22.7938558681921,1.49529188355726,1.26651866080882,4.28245836580882,0.903533173719327,0.926980348124455,9.26602549754036,18.5320509950807,0.0185320509950807,1.85320509950807e-05,1.85320509950807e-08,55788698118483.7,0,55788698118.4837,0,55788.6981184837,0
"FASMEE23","Button","Smoke","S9PI",20240912,"11/12/2024","Lampman","B10B","B10","A",22,6,1,7,0,"","","F23B",2023-10-11,2023-10-10 18:25:00,2023-10-11 00:25:00,3,"Blue","PTFE",4,60,15,2023-10-11 00:25:00,2023-10-11 00:40:00,"Partial smoke at best","B10",30,0.03,1.675,1.5,0.175,0.825,4.5,5.325,0.845070422535211,5.9634375,5.45875,0.4953125,0.54125,1.0365625,-3.50655789731998,0.857142857142857,1685833.33333333,249638.802083333,119287.760416667,130351.041666667,0.522158577027434,0,0,0,NA,10,296.817832329909,284.73479828125,913.5914568125,162.399186046512,183.125,370.5,298.041569767442,316.625,762.75,10.0638569604087,10,10.5555555555556,7.77777777777778,31.3333333333333,31,31,32,3.46114545081116,3.49829032819435,3.65288745104373,2.95692571743565,15821,13422.125,3222.3325,205,3.335,0,32372.0625,32590.23,32594.855,32599.48,5.65155821470817,"Hazardous","Low",9.16936754497504,7.15880794304564,30.8100107581134,1.51685239597926,16.3873253245179,22.7938558681921,1.49529188355726,1.26651866080882,4.28245836580882,0.903533173719327,0.926980348124455,9.26602549754036,18.5320509950807,0.0185320509950807,1.85320509950807e-05,1.85320509950807e-08,0,0,0,0,0,0
"FASMEE23","Button","Smoke","S9PI",20240912,"11/12/2024","Lampman","B10B","B10","A",25,6,4,10,0,"","","F23B",2023-10-11,2023-10-10 18:25:00,2023-10-11 00:25:00,3,"Blue","PTFE",4,60,15,2023-10-11 00:25:00,2023-10-11 00:40:00,"Partial smoke at best","B10",30,0.03,1.675,1.5,0.175,3.825,4.5,8.325,0.540540540540541,5.9634375,5.45875,3.4953125,0.54125,4.0365625,-3.50655789731998,0.6,2408333.33333333,972138.802083333,841787.760416667,130351.041666667,0.134086862274522,0,552212.331814236,552212.331814236,0,10,296.817832329909,284.73479828125,913.5914568125,162.399186046512,183.125,370.5,298.041569767442,316.625,762.75,10.0638569604087,10,10.5555555555556,7.77777777777778,31.3333333333333,31,31,32,3.46114545081116,3.49829032819435,3.65288745104373,2.95692571743565,15821,13422.125,3222.3325,205,3.335,0,32372.0625,32590.23,32594.855,32599.48,5.65155821470817,"Hazardous","Low",9.16936754497504,7.15880794304564,30.8100107581134,1.51685239597926,16.3873253245179,22.7938558681921,1.49529188355726,1.26651866080882,4.28245836580882,0.903533173719327,0.926980348124455,9.26602549754036,18.5320509950807,0.0185320509950807,1.85320509950807e-05,1.85320509950807e-08,29797691143890.1,0,29797691143.8901,0,29797.6911438901,0
"FASMEE23","Button","Smoke","S9PI",20240912,"11/12/2024","Lampman","B10B","B10","A",26,6,2,8,0,"","","F23B",2023-10-11,2023-10-10 18:25:00,2023-10-11 00:25:00,3,"Blue","PTFE",4,60,15,2023-10-11 00:25:00,2023-10-11 00:40:00,"Partial smoke at best","B10",30,0.03,1.675,1.5,0.175,1.825,4.5,6.325,0.711462450592885,5.9634375,5.45875,1.4953125,0.54125,2.0365625,-3.50655789731998,0.75,1926666.66666667,490472.135416667,360121.09375,130351.041666667,0.265766456958723,0,70545.6651475694,70545.6651475694,0,10,296.817832329909,284.73479828125,913.5914568125,162.399186046512,183.125,370.5,298.041569767442,316.625,762.75,10.0638569604087,10,10.5555555555556,7.77777777777778,31.3333333333333,31,31,32,3.46114545081116,3.49829032819435,3.65288745104373,2.95692571743565,15821,13422.125,3222.3325,205,3.335,0,32372.0625,32590.23,32594.855,32599.48,5.65155821470817,"Hazardous","Low",9.16936754497504,7.15880794304564,30.8100107581134,1.51685239597926,16.3873253245179,22.7938558681921,1.49529188355726,1.26651866080882,4.28245836580882,0.903533173719327,0.926980348124455,9.26602549754036,18.5320509950807,0.0185320509950807,1.85320509950807e-05,1.85320509950807e-08,3806684169296.51,0,3806684169.29651,0,3806.68416929651,0
"FASMEE23","Button","Smoke","S9PI",20240912,"11/12/2024","Lampman","B12B","B12","A",16,6,1,7,0,"","","F23B",2023-10-11,2023-10-10 19:29:00,2023-10-11 01:29:00,3,"Blue","PTFE",4,60,15,2023-10-11 01:29:00,2023-10-11 01:44:00,"Partial smoke at best","B12",30,0.03,1.675,1.5,0.175,0.825,4.5,5.325,0.845070422535211,5.9634375,5.45875,0.4953125,0.54125,1.0365625,-3.50655789731998,0.857142857142857,1685833.33333333,249638.802083333,119287.760416667,130351.041666667,0.522158577027434,0,0,0,NA,12,97.2710784691779,70.63031,343.96187725,71.5695081967213,55.375,217.25,119.030737704918,94.21,369.875,9.51730418943534,9.44444444444444,10.5555555555556,8.88888888888889,30.2622950819672,30,30,32,3.22274350561617,3.20067977403102,3.59115262850359,3.05362161156916,5352.375,4262.04,915.835,8.29,0,0,10439.125,10456.375,10456.375,10456.375,4.257459372481,"Moderate/Unhealthy","Low",12.4836759454948,13.1564633792446,42.6384496071778,2.83267731716567,22.6222156083308,43.3128495814939,1.66076798489259,2.36439821080882,3.08124897580882,0.948198027037845,0.934616975798477,12.580490102955,25.1609802059101,0.02516098020591,2.516098020591e-05,2.516098020591e-08,0,0,0,0,0,0
"FASMEE23","Button","Smoke","S9PI",20240505,"11/15/2024","Lampman","B5B","B5","A",34,6,3,9,0,"","","F23A",2023-10-09,2023-10-09 14:54:00,2023-10-09 20:54:00,2,"Blue","PTFE",4,60,15,2023-10-09 20:54:00,2023-10-09 21:09:00,"Tons of smoke, probably best sample","B5",30,0.03,2.225,2.225,0,3,3.775,6.775,0.55719557195572,6.5134375,6.18375,2.6703125,0,2.6703125,-3.50655789731998,0.666666666666667,2167500,643100.260416667,643100.260416667,0,0,0,353524.831814236,353524.831814236,0,5,3103.14515205286,2932.4884253125,7815.8196078125,194.019761904762,217.1475,367.875,1917.98297619048,1852.75,4665.25,15.1785714285714,15.5555555555556,17.2222222222222,11.6666666666667,22.452380952381,22,21,26,3.5190117864711,3.52343484519426,4.17015860168985,2.80102987605014,33028.605,32110.7275,23311.6875,3647.1875,680.895,359.75,87614.52,93144.745,94353.6625,95216.85,7.98360663348233,"Hazardous","High",322.174432012725,291.175399446569,1054.07936790501,105.517683963091,582.755660846674,886.417688767653,70.6668673551349,92.0002656892252,119.499623739225,0.848064293202289,0.865044227490499,331.606761535804,663.213523071608,0.663213523071608,0.000663213523071608,6.63213523071608e-07,533048286134.035,0,533048286.134035,0,533.048286134035,0
"FASMEE23","Button","Ambient","S9PI",20241117,"12/17/2024","Lampman","B2B","B2","A",14,6,0,6,NA,"","","F23B",2023-10-08,2023-10-08 15:41:00,2023-10-08 21:41:00,1,"Blue","PTFE",4,40,10,2023-10-08 21:41:00,2023-10-08 21:51:00,"","B2",20,0.02,1.675,1.5,0.175,0,4.5,4.5,1,5.9634375,5.45875,0,0.54125,0.54125,-3.91202300542815,1,2167500,195526.5625,0,195526.5625,1,NA,NA,NA,NA,2,3.60333222222222,3.5088,4.643,0.0863888888888889,0,1,0.325648148148148,0,2,14.3103448275862,14.1666666666667,15.5555555555556,12.7777777777778,26.5862068965517,26,25,30,3.80315690124411,3.870117245036,4.03730877881372,3.5555960775929,392.8125,126.0625,0,0,0,0,521.5625,521.5625,521.5625,521.5625,1.25527409868149,"Good","None",NA,NA,NA,NA,NA,NA,NA,NA,NA,NA,NA,NA,NA,NA,NA,NA,NA,NA,NA,NA,NA,NA
"FASMEE23","Button","Ambient","S9PI",20241117,"12/17/2024","Lampman","B2B","B2","A",17,6,2,8,NA,"","","F23B",2023-10-08,2023-10-08 15:41:00,2023-10-08 21:41:00,1,"Blue","PTFE",4,40,10,2023-10-08 21:41:00,2023-10-08 21:51:00,"","B2",20,0.02,1.675,1.5,0.175,1.825,4.5,6.325,0.711462450592885,5.9634375,5.45875,1.4953125,0.54125,2.0365625,-3.91202300542815,0.75,2890000,735708.203125,540181.640625,195526.5625,0.265766456958723,NA,NA,NA,NA,2,3.60333222222222,3.5088,4.643,0.0863888888888889,0,1,0.325648148148148,0,2,14.3103448275862,14.1666666666667,15.5555555555556,12.7777777777778,26.5862068965517,26,25,30,3.80315690124411,3.870117245036,4.03730877881372,3.5555960775929,392.8125,126.0625,0,0,0,0,521.5625,521.5625,521.5625,521.5625,1.25527409868149,"Good","None",NA,NA,NA,NA,NA,NA,NA,NA,NA,NA,NA,NA,NA,NA,NA,NA,NA,NA,NA,NA,NA,NA
"FASMEE23","Button","Ambient","S9PI",20241217,"12/19/2024","Lampman","B3B","B3","A",16,6,0,6,NA,"","","F23D",2023-10-09,2023-10-09 12:17:00,2023-10-09 18:17:00,2,"Blue","PTFE",4,40,10,2023-10-09 18:17:00,2023-10-09 18:27:00,"","B3",20,0.02,1.2125,1.1125,0.1,0,4.8875,4.8875,1,5.5009375,5.07125,0,0.92875,0.92875,-3.91202300542815,1,2167500,335510.9375,0,335510.9375,1,NA,NA,NA,NA,3,3.73360545454545,3.7674,4.8602,0.0431818181818182,0,2.25,0.0431818181818182,0,2.25,14.1910331384016,13.8888888888889,16.1111111111111,11.6666666666667,23.6842105263158,23,21,26,3.35815549149463,3.54856909262987,4.02892321604069,2.75476213820575,46.75,16.5,0,0,0,0,72,72,72,72,1.32638510836598,"Good","None",NA,NA,NA,NA,NA,NA,NA,NA,NA,NA,NA,NA,NA,NA,NA,NA,NA,NA,NA,NA,NA,NA
"FASMEE23","Button","Ambient","S9PI",20241217,"12/19/2024","Lampman","B3B","B3","A",24,6,0,6,NA,"","","F23D",2023-10-09,2023-10-09 12:17:00,2023-10-09 18:17:00,2,"Blue","PTFE",4,40,10,2023-10-09 18:17:00,2023-10-09 18:27:00,"","B3",20,0.02,1.2125,1.1125,0.1,0,4.8875,4.8875,1,5.5009375,5.07125,0,0.92875,0.92875,-3.91202300542815,1,2167500,335510.9375,0,335510.9375,1,NA,NA,NA,NA,3,3.73360545454545,3.7674,4.8602,0.0431818181818182,0,2.25,0.0431818181818182,0,2.25,14.1910331384016,13.8888888888889,16.1111111111111,11.6666666666667,23.6842105263158,23,21,26,3.35815549149463,3.54856909262987,4.02892321604069,2.75476213820575,46.75,16.5,0,0,0,0,72,72,72,72,1.32638510836598,"Good","None",NA,NA,NA,NA,NA,NA,NA,NA,NA,NA,NA,NA,NA,NA,NA,NA,NA,NA,NA,NA,NA,NA
"FASMEE23","Button","Ambient","S9PI",20241217,"12/19/2024","Lampman","R1B","R1","A",1,6,2,8,NA,"","","F23D",2023-10-08,2023-10-08 13:09:00,2023-10-08 19:09:00,1,"Red","PTFE",4,40,10,2023-10-08 19:09:00,2023-10-08 19:19:00,"","R1",20,0.02,1.2125,1.1125,0.1,1.9,4.8875,6.7875,0.720073664825046,5.5009375,5.07125,1.5703125,0.92875,2.4990625,-3.91202300542815,0.75,2890000,902786.328125,567275.390625,335510.9375,0.371639364761786,NA,NA,NA,NA,NA,NA,NA,NA,NA,NA,NA,NA,NA,NA,NA,NA,NA,NA,NA,NA,NA,NA,NA,NA,NA,NA,NA,NA,NA,NA,NA,NA,NA,NA,NA,NA,NA,NA,NA,NA,NA,NA,NA,NA,NA,NA,NA,NA,NA,NA,NA,NA,NA,NA,NA,NA,NA,NA,NA,NA,NA
"FASMEE23","Button","Ambient","S9PI",20241217,"12/19/2024","Lampman","R1B","R1","A",5,6,6,12,1,"4","picture 001","F23D",2023-10-08,2023-10-08 13:09:00,2023-10-08 19:09:00,1,"Red","PTFE",4,40,10,2023-10-08 19:09:00,2023-10-08 19:19:00,"","R1",20,0.02,1.2125,1.1125,0.1,5.9,4.8875,10.7875,0.453070683661645,5.5009375,5.07125,5.5703125,0.92875,6.4990625,-3.91202300542815,0.5,4335000,2347786.328125,2012275.390625,335510.9375,0.142905226715392,NA,NA,NA,NA,NA,NA,NA,NA,NA,NA,NA,NA,NA,NA,NA,NA,NA,NA,NA,NA,NA,NA,NA,NA,NA,NA,NA,NA,NA,NA,NA,NA,NA,NA,NA,NA,NA,NA,NA,NA,NA,NA,NA,NA,NA,NA,NA,NA,NA,NA,NA,NA,NA,NA,NA,NA,NA,NA,NA,NA,NA
"FASMEE23","Button","Ambient","S9PI",20241217,"12/19/2024","Lampman","R1B","R1","A",27,6,0,6,NA,"","","F23D",2023-10-08,2023-10-08 13:09:00,2023-10-08 19:09:00,1,"Red","PTFE",4,40,10,2023-10-08 19:09:00,2023-10-08 19:19:00,"","R1",20,0.02,1.2125,1.1125,0.1,0,4.8875,4.8875,1,5.5009375,5.07125,0,0.92875,0.92875,-3.91202300542815,1,2167500,335510.9375,0,335510.9375,1,NA,NA,NA,NA,NA,NA,NA,NA,NA,NA,NA,NA,NA,NA,NA,NA,NA,NA,NA,NA,NA,NA,NA,NA,NA,NA,NA,NA,NA,NA,NA,NA,NA,NA,NA,NA,NA,NA,NA,NA,NA,NA,NA,NA,NA,NA,NA,NA,NA,NA,NA,NA,NA,NA,NA,NA,NA,NA,NA,NA,NA
"FASMEE23","Button","Ambient","S9PI",20241217,"12/19/2024","Lampman","R1B","R1","A",39,6,1,7,NA,"","","F23D",2023-10-08,2023-10-08 13:09:00,2023-10-08 19:09:00,1,"Red","PTFE",4,40,10,2023-10-08 19:09:00,2023-10-08 19:19:00,"","R1",20,0.02,1.2125,1.1125,0.1,0.9,4.8875,5.7875,0.844492440604752,5.5009375,5.07125,0.5703125,0.92875,1.4990625,-3.91202300542815,0.857142857142857,2528750,541536.328125,206025.390625,335510.9375,0.619553887846571,NA,NA,NA,NA,NA,NA,NA,NA,NA,NA,NA,NA,NA,NA,NA,NA,NA,NA,NA,NA,NA,NA,NA,NA,NA,NA,NA,NA,NA,NA,NA,NA,NA,NA,NA,NA,NA,NA,NA,NA,NA,NA,NA,NA,NA,NA,NA,NA,NA,NA,NA,NA,NA,NA,NA,NA,NA,NA,NA,NA,NA
"FASMEE23","Button","Ambient","S9PI",20241217,"12/20/2024","Lampman","R2B","R2","A",38,6,0,6,1,"6","PHOTO 003","F23D",2023-10-08,2023-10-08 13:40:00,2023-10-08 19:40:00,1,"Red","PTFE",4,40,10,2023-10-08 19:40:00,2023-10-08 19:50:00,"","R2",20,0.02,1.2125,1.1125,0.1,0,4.8875,4.8875,1,5.5009375,5.07125,0,0.92875,0.92875,-3.91202300542815,1,2167500,335510.9375,0,335510.9375,1,NA,NA,NA,NA,NA,NA,NA,NA,NA,NA,NA,NA,NA,NA,NA,NA,NA,NA,NA,NA,NA,NA,NA,NA,NA,NA,NA,NA,NA,NA,NA,NA,NA,NA,NA,NA,NA,NA,NA,NA,NA,NA,NA,NA,NA,NA,NA,NA,NA,NA,NA,NA,NA,NA,NA,NA,NA,NA,NA,NA,NA
"FASMEE23","Button","Ambient","S9PI",20241217,"12/20/2024","Lampman","R3B","R3","A",16,6,0,6,NA,"","","F23D",2023-10-08,2023-10-08 14:10:00,2023-10-08 20:10:00,1,"Red","PTFE",4,40,10,2023-10-08 20:10:00,2023-10-08 20:20:00,"","R3",20,0.02,1.2125,1.1125,0.1,0,4.8875,4.8875,1,5.5009375,5.07125,0,0.92875,0.92875,-3.91202300542815,1,2167500,335510.9375,0,335510.9375,1,NA,NA,NA,NA,NA,NA,NA,NA,NA,NA,NA,NA,NA,NA,NA,NA,NA,NA,NA,NA,NA,NA,NA,NA,NA,NA,NA,NA,NA,NA,NA,NA,NA,NA,NA,NA,NA,NA,NA,NA,NA,NA,NA,NA,NA,NA,NA,NA,NA,NA,NA,NA,NA,NA,NA,NA,NA,NA,NA,NA,NA
"FASMEE23","Button","Ambient","S9PI",20241223,"12/23/2024","Lampman","R4B","R4","A",17,6,0,6,NA,"","","F23D",2023-10-08,2023-10-08 14:28:00,2023-10-08 20:28:00,1,"Red","PTFE",4,40,10,2023-10-08 20:28:00,2023-10-08 20:38:00,"","R4",20,0.02,1.2125,1.1125,0.1,0,4.8875,4.8875,1,5.5009375,5.07125,0,0.92875,0.92875,-3.91202300542815,1,2167500,335510.9375,0,335510.9375,1,NA,NA,NA,NA,NA,NA,NA,NA,NA,NA,NA,NA,NA,NA,NA,NA,NA,NA,NA,NA,NA,NA,NA,NA,NA,NA,NA,NA,NA,NA,NA,NA,NA,NA,NA,NA,NA,NA,NA,NA,NA,NA,NA,NA,NA,NA,NA,NA,NA,NA,NA,NA,NA,NA,NA,NA,NA,NA,NA,NA,NA
"FASMEE23","Button","Ambient","S9PI",20241223,"12/23/2024","Lampman","R4B","R4","A",34,6,10,16,1,"12","PHOTO 30","F23D",2023-10-08,2023-10-08 14:28:00,2023-10-08 20:28:00,1,"Red","PTFE",4,40,10,2023-10-08 20:28:00,2023-10-08 20:38:00,"","R4",20,0.02,1.2125,1.1125,0.1,9.9,4.8875,14.7875,0.330515638207946,5.5009375,5.07125,9.5703125,0.92875,10.4990625,-3.91202300542815,0.375,5780000,3792786.328125,3457275.390625,335510.9375,0.0884602791915945,NA,NA,NA,NA,NA,NA,NA,NA,NA,NA,NA,NA,NA,NA,NA,NA,NA,NA,NA,NA,NA,NA,NA,NA,NA,NA,NA,NA,NA,NA,NA,NA,NA,NA,NA,NA,NA,NA,NA,NA,NA,NA,NA,NA,NA,NA,NA,NA,NA,NA,NA,NA,NA,NA,NA,NA,NA,NA,NA,NA,NA
"FASMEE23","Button","Smoke","S9PI",20250115,"1/31/2025","Lampman","B6B","B6","A",25,6,3,9,NA,"","","F23E",2023-10-09,2023-10-09 15:17:00,2023-10-09 21:17:00,2,"Blue","PTFE",4,60,15,2023-10-09 21:17:00,2023-10-09 21:32:00,"","B6",30,0.03,2.1,2.1,0,3,3.9,6.9,0.565217391304348,6.3884375,6.05875,2.6703125,0,2.6703125,-3.50655789731998,0.666666666666667,2167500,643100.260416667,643100.260416667,0,0,0,353524.831814236,353524.831814236,0,6,2552.17293182856,2955.6625303125,6517.6734277669,154.507209302326,194.25,313.25,1664.15703488372,1963.75,3738.33,13.8242894056848,13.8888888888889,15.5555555555556,11.1111111111111,23.2209302325581,23,22,26,3.31172741096193,3.36444793603563,3.99314168636426,2.60160702948977,31377.8325,30549.3325,22195.395,4200.125,822.5,468.5,83635.29,87917.25,88776.25,89658.9375,7.9914781112452,"Hazardous","High",431.473416388428,332.035187727671,1516.66468062123,39.6013389194573,823.729565151522,1165.0074584524,35.5148560084716,33.6919988392252,74.8868796292252,0.956378385565098,0.96119482754625,436.857954671367,873.715909342734,0.873715909342734,0.000873715909342734,8.73715909342734e-07,404622175279.125,0,404622175.279125,0,404.622175279125,0
"FASMEE23","Button","Smoke","S9PI",20250115,"1/31/2025","Lampman","B6B","B6","A",31,6,0,6,NA,"","","F23E",2023-10-09,2023-10-09 15:17:00,2023-10-09 21:17:00,2,"Blue","PTFE",4,60,15,2023-10-09 21:17:00,2023-10-09 21:32:00,"","B6",30,0.03,2.1,2.1,0,0,3.9,3.9,1,6.3884375,6.05875,0,0,0,-3.50655789731998,1,1445000,0,0,0,NA,0,0,0,NA,6,2552.17293182856,2955.6625303125,6517.6734277669,154.507209302326,194.25,313.25,1664.15703488372,1963.75,3738.33,13.8242894056848,13.8888888888889,15.5555555555556,11.1111111111111,23.2209302325581,23,22,26,3.31172741096193,3.36444793603563,3.99314168636426,2.60160702948977,31377.8325,30549.3325,22195.395,4200.125,822.5,468.5,83635.29,87917.25,88776.25,89658.9375,7.9914781112452,"Hazardous","High",431.473416388428,332.035187727671,1516.66468062123,39.6013389194573,823.729565151522,1165.0074584524,35.5148560084716,33.6919988392252,74.8868796292252,0.956378385565098,0.96119482754625,436.857954671367,873.715909342734,0.873715909342734,0.000873715909342734,8.73715909342734e-07,0,0,0,0,0,0
"FASMEE23","Button","Smoke","S9PI",20250115,"1/31/2025","Lampman","B6B","B6","A",39,6,0,6,NA,"","","F23E",2023-10-09,2023-10-09 15:17:00,2023-10-09 21:17:00,2,"Blue","PTFE",4,60,15,2023-10-09 21:17:00,2023-10-09 21:32:00,"","B6",30,0.03,2.1,2.1,0,0,3.9,3.9,1,6.3884375,6.05875,0,0,0,-3.50655789731998,1,1445000,0,0,0,NA,0,0,0,NA,6,2552.17293182856,2955.6625303125,6517.6734277669,154.507209302326,194.25,313.25,1664.15703488372,1963.75,3738.33,13.8242894056848,13.8888888888889,15.5555555555556,11.1111111111111,23.2209302325581,23,22,26,3.31172741096193,3.36444793603563,3.99314168636426,2.60160702948977,31377.8325,30549.3325,22195.395,4200.125,822.5,468.5,83635.29,87917.25,88776.25,89658.9375,7.9914781112452,"Hazardous","High",431.473416388428,332.035187727671,1516.66468062123,39.6013389194573,823.729565151522,1165.0074584524,35.5148560084716,33.6919988392252,74.8868796292252,0.956378385565098,0.96119482754625,436.857954671367,873.715909342734,0.873715909342734,0.000873715909342734,8.73715909342734e-07,0,0,0,0,0,0
"FASMEE23","Button","Ambient","S9PI",20250115,"1/31/2025","Lampman","R6B","R6","A",17,6,4,10,NA,"","","F23E",2023-10-09,2023-10-09 12:11:00,2023-10-09 18:11:00,2,"Red","PTFE",4,40,10,2023-10-09 18:11:00,2023-10-09 18:21:00,"","R6",20,0.02,2.1,2.1,0,4,3.9,7.9,0.493670886075949,6.3884375,6.05875,3.6703125,0,3.6703125,-3.91202300542815,0.6,3612500,1325900.390625,1325900.390625,0,0,NA,NA,NA,NA,NA,NA,NA,NA,NA,NA,NA,NA,NA,NA,NA,NA,NA,NA,NA,NA,NA,NA,NA,NA,NA,NA,NA,NA,NA,NA,NA,NA,NA,NA,NA,NA,NA,NA,NA,NA,NA,NA,NA,NA,NA,NA,NA,NA,NA,NA,NA,NA,NA,NA,NA,NA,NA,NA,NA,NA,NA
"FASMEE23","Button","Ambient","S9PI",20250115,"1/31/2025","Lampman","R6B","R6","A",39,6,2,8,NA,"","","F23E",2023-10-09,2023-10-09 12:11:00,2023-10-09 18:11:00,2,"Red","PTFE",4,40,10,2023-10-09 18:11:00,2023-10-09 18:21:00,"","R6",20,0.02,2.1,2.1,0,2,3.9,5.9,0.661016949152542,6.3884375,6.05875,1.6703125,0,1.6703125,-3.91202300542815,0.75,2890000,603400.390625,603400.390625,0,0,NA,NA,NA,NA,NA,NA,NA,NA,NA,NA,NA,NA,NA,NA,NA,NA,NA,NA,NA,NA,NA,NA,NA,NA,NA,NA,NA,NA,NA,NA,NA,NA,NA,NA,NA,NA,NA,NA,NA,NA,NA,NA,NA,NA,NA,NA,NA,NA,NA,NA,NA,NA,NA,NA,NA,NA,NA,NA,NA,NA,NA
"FASMEE23","Button","Ambient","S9PI",20241223,"1/13/2025","Lampman","R5B","R5","A",7,6,0,6,NA,"","","F23D",2023-10-08,2023-10-08 15:41:00,2023-10-08 21:41:00,1,"Red","PTFE",4,40,10,2023-10-08 21:41:00,2023-10-08 21:51:00,"","R5",20,0.02,1.2125,1.1125,0.1,0,4.8875,4.8875,1,5.5009375,5.07125,0,0.92875,0.92875,-3.91202300542815,1,2167500,335510.9375,0,335510.9375,1,NA,NA,NA,NA,NA,NA,NA,NA,NA,NA,NA,NA,NA,NA,NA,NA,NA,NA,NA,NA,NA,NA,NA,NA,NA,NA,NA,NA,NA,NA,NA,NA,NA,NA,NA,NA,NA,NA,NA,NA,NA,NA,NA,NA,NA,NA,NA,NA,NA,NA,NA,NA,NA,NA,NA,NA,NA,NA,NA,NA,NA
"FASMEE23","Button","Ambient","S9PI",20241223,"1/13/2025","Lampman","R5B","R5","A",14,6,0,6,NA,"","","F23D",2023-10-08,2023-10-08 15:41:00,2023-10-08 21:41:00,1,"Red","PTFE",4,40,10,2023-10-08 21:41:00,2023-10-08 21:51:00,"","R5",20,0.02,1.2125,1.1125,0.1,0,4.8875,4.8875,1,5.5009375,5.07125,0,0.92875,0.92875,-3.91202300542815,1,2167500,335510.9375,0,335510.9375,1,NA,NA,NA,NA,NA,NA,NA,NA,NA,NA,NA,NA,NA,NA,NA,NA,NA,NA,NA,NA,NA,NA,NA,NA,NA,NA,NA,NA,NA,NA,NA,NA,NA,NA,NA,NA,NA,NA,NA,NA,NA,NA,NA,NA,NA,NA,NA,NA,NA,NA,NA,NA,NA,NA,NA,NA,NA,NA,NA,NA,NA
"FASMEE23","Button","Ambient","S9PI",20241223,"1/13/2025","Lampman","R5B","R5","A",19,6,0,6,NA,"","","F23D",2023-10-08,2023-10-08 15:41:00,2023-10-08 21:41:00,1,"Red","PTFE",4,40,10,2023-10-08 21:41:00,2023-10-08 21:51:00,"","R5",20,0.02,1.2125,1.1125,0.1,0,4.8875,4.8875,1,5.5009375,5.07125,0,0.92875,0.92875,-3.91202300542815,1,2167500,335510.9375,0,335510.9375,1,NA,NA,NA,NA,NA,NA,NA,NA,NA,NA,NA,NA,NA,NA,NA,NA,NA,NA,NA,NA,NA,NA,NA,NA,NA,NA,NA,NA,NA,NA,NA,NA,NA,NA,NA,NA,NA,NA,NA,NA,NA,NA,NA,NA,NA,NA,NA,NA,NA,NA,NA,NA,NA,NA,NA,NA,NA,NA,NA,NA,NA
"FASMEE23","Button","Ambient","S9PI",20241223,"1/13/2025","Lampman","R5B","R5","A",29,6,0,6,NA,"","","F23D",2023-10-08,2023-10-08 15:41:00,2023-10-08 21:41:00,1,"Red","PTFE",4,40,10,2023-10-08 21:41:00,2023-10-08 21:51:00,"","R5",20,0.02,1.2125,1.1125,0.1,0,4.8875,4.8875,1,5.5009375,5.07125,0,0.92875,0.92875,-3.91202300542815,1,2167500,335510.9375,0,335510.9375,1,NA,NA,NA,NA,NA,NA,NA,NA,NA,NA,NA,NA,NA,NA,NA,NA,NA,NA,NA,NA,NA,NA,NA,NA,NA,NA,NA,NA,NA,NA,NA,NA,NA,NA,NA,NA,NA,NA,NA,NA,NA,NA,NA,NA,NA,NA,NA,NA,NA,NA,NA,NA,NA,NA,NA,NA,NA,NA,NA,NA,NA
"FASMEE23","Button","Ambient","S9PI",20241223,"1/13/2025","Lampman","R5B","R5","A",31,6,0,6,NA,"","","F23D",2023-10-08,2023-10-08 15:41:00,2023-10-08 21:41:00,1,"Red","PTFE",4,40,10,2023-10-08 21:41:00,2023-10-08 21:51:00,"","R5",20,0.02,1.2125,1.1125,0.1,0,4.8875,4.8875,1,5.5009375,5.07125,0,0.92875,0.92875,-3.91202300542815,1,2167500,335510.9375,0,335510.9375,1,NA,NA,NA,NA,NA,NA,NA,NA,NA,NA,NA,NA,NA,NA,NA,NA,NA,NA,NA,NA,NA,NA,NA,NA,NA,NA,NA,NA,NA,NA,NA,NA,NA,NA,NA,NA,NA,NA,NA,NA,NA,NA,NA,NA,NA,NA,NA,NA,NA,NA,NA,NA,NA,NA,NA,NA,NA,NA,NA,NA,NA
"FASMEE23","Button","Smoke","S9PI",20250203,"2/12/2025","Lampman","R10B","R10","A",2,6,5,11,NA,"","","F23E",2023-10-10,2023-10-09 18:17:00,2023-10-10 00:17:00,2,"Red","PTFE",4,60,15,2023-10-10 00:17:00,2023-10-10 00:32:00,"","R10",30,0.03,2.1,2.1,0,5,3.9,8.9,0.438202247191011,6.3884375,6.05875,4.6703125,0,4.6703125,-3.50655789731998,0.545454545454545,2649166.66666667,1124766.92708333,1124766.92708333,0,0,0,835191.498480903,835191.498480903,0,NA,NA,NA,NA,NA,NA,NA,NA,NA,NA,NA,NA,NA,NA,NA,NA,NA,NA,NA,NA,NA,NA,NA,NA,NA,NA,NA,NA,NA,NA,NA,NA,NA,NA,NA,NA,NA,NA,NA,NA,NA,NA,NA,NA,NA,NA,NA,NA,NA,NA,NA,NA,NA,NA,NA,NA,NA
"FASMEE23","Button","Smoke","S9PI",20250203,"2/12/2025","Lampman","R10B","R10","A",5,6,3,9,NA,"","","F23E",2023-10-10,2023-10-09 18:17:00,2023-10-10 00:17:00,2,"Red","PTFE",4,60,15,2023-10-10 00:17:00,2023-10-10 00:32:00,"","R10",30,0.03,2.1,2.1,0,3,3.9,6.9,0.565217391304348,6.3884375,6.05875,2.6703125,0,2.6703125,-3.50655789731998,0.666666666666667,2167500,643100.260416667,643100.260416667,0,0,0,353524.831814236,353524.831814236,0,NA,NA,NA,NA,NA,NA,NA,NA,NA,NA,NA,NA,NA,NA,NA,NA,NA,NA,NA,NA,NA,NA,NA,NA,NA,NA,NA,NA,NA,NA,NA,NA,NA,NA,NA,NA,NA,NA,NA,NA,NA,NA,NA,NA,NA,NA,NA,NA,NA,NA,NA,NA,NA,NA,NA,NA,NA
"FASMEE23","Button","Smoke","S9PI",20250203,"2/12/2025","Lampman","R10B","R10","A",15,6,0,6,NA,"","","F23E",2023-10-10,2023-10-09 18:17:00,2023-10-10 00:17:00,2,"Red","PTFE",4,60,15,2023-10-10 00:17:00,2023-10-10 00:32:00,"","R10",30,0.03,2.1,2.1,0,0,3.9,3.9,1,6.3884375,6.05875,0,0,0,-3.50655789731998,1,1445000,0,0,0,NA,0,0,0,NA,NA,NA,NA,NA,NA,NA,NA,NA,NA,NA,NA,NA,NA,NA,NA,NA,NA,NA,NA,NA,NA,NA,NA,NA,NA,NA,NA,NA,NA,NA,NA,NA,NA,NA,NA,NA,NA,NA,NA,NA,NA,NA,NA,NA,NA,NA,NA,NA,NA,NA,NA,NA,NA,NA,NA,NA,NA
"FASMEE23","Button","Smoke","S9PI",20250203,"2/12/2025","Lampman","R10B","R10","A",40,6,2,8,NA,"","","F23E",2023-10-10,2023-10-09 18:17:00,2023-10-10 00:17:00,2,"Red","PTFE",4,60,15,2023-10-10 00:17:00,2023-10-10 00:32:00,"","R10",30,0.03,2.1,2.1,0,2,3.9,5.9,0.661016949152542,6.3884375,6.05875,1.6703125,0,1.6703125,-3.50655789731998,0.75,1926666.66666667,402266.927083333,402266.927083333,0,0,0,112691.498480903,112691.498480903,0,NA,NA,NA,NA,NA,NA,NA,NA,NA,NA,NA,NA,NA,NA,NA,NA,NA,NA,NA,NA,NA,NA,NA,NA,NA,NA,NA,NA,NA,NA,NA,NA,NA,NA,NA,NA,NA,NA,NA,NA,NA,NA,NA,NA,NA,NA,NA,NA,NA,NA,NA,NA,NA,NA,NA,NA,NA
"FASMEE23","Button","Smoke","S9PI",20250212,"2/12/2025","Lampman","R11B","R11","A",9,6,0,6,NA,"","","F23F",2023-10-10,2023-10-09 18:45:00,2023-10-10 00:45:00,2,"Red","PTFE",4,60,15,2023-10-10 00:45:00,2023-10-10 01:00:00,"","R11",30,0.03,1.25,1.25,0,0,4.75,4.75,1,5.5384375,5.20875,0,0.79125,0.79125,-3.50655789731998,1,1445000,190559.375,0,190559.375,1,0,0,0,NA,NA,NA,NA,NA,NA,NA,NA,NA,NA,NA,NA,NA,NA,NA,NA,NA,NA,NA,NA,NA,NA,NA,NA,NA,NA,NA,NA,NA,NA,NA,NA,NA,NA,NA,NA,NA,NA,NA,NA,NA,NA,NA,NA,NA,NA,NA,NA,NA,NA,NA,NA,NA,NA,NA,NA,NA,NA
"FASMEE23","Button","Smoke","S9PI",20250212,"2/12/2025","Lampman","R11B","R11","A",12,6,1,7,NA,"","","F23F",2023-10-10,2023-10-09 18:45:00,2023-10-10 00:45:00,2,"Red","PTFE",4,60,15,2023-10-10 00:45:00,2023-10-10 01:00:00,"","R11",30,0.03,1.25,1.25,0,1,4.75,5.75,0.826086956521739,5.5384375,5.20875,0.6703125,0.79125,1.4615625,-3.50655789731998,0.857142857142857,1685833.33333333,351992.96875,161433.59375,190559.375,0.541372674791533,0,0,0,NA,NA,NA,NA,NA,NA,NA,NA,NA,NA,NA,NA,NA,NA,NA,NA,NA,NA,NA,NA,NA,NA,NA,NA,NA,NA,NA,NA,NA,NA,NA,NA,NA,NA,NA,NA,NA,NA,NA,NA,NA,NA,NA,NA,NA,NA,NA,NA,NA,NA,NA,NA,NA,NA,NA,NA,NA,NA
"FASMEE23","Button","Smoke","S9PI",20250212,"2/12/2025","Lampman","R11B","R11","A",16,6,0,6,NA,"","","F23F",2023-10-10,2023-10-09 18:45:00,2023-10-10 00:45:00,2,"Red","PTFE",4,60,15,2023-10-10 00:45:00,2023-10-10 01:00:00,"","R11",30,0.03,1.25,1.25,0,0,4.75,4.75,1,5.5384375,5.20875,0,0.79125,0.79125,-3.50655789731998,1,1445000,190559.375,0,190559.375,1,0,0,0,NA,NA,NA,NA,NA,NA,NA,NA,NA,NA,NA,NA,NA,NA,NA,NA,NA,NA,NA,NA,NA,NA,NA,NA,NA,NA,NA,NA,NA,NA,NA,NA,NA,NA,NA,NA,NA,NA,NA,NA,NA,NA,NA,NA,NA,NA,NA,NA,NA,NA,NA,NA,NA,NA,NA,NA,NA,NA
"FASMEE23","Button","Smoke","S9PI",20250212,"2/12/2025","Lampman","R11B","R11","A",24,6,0,6,NA,"","","F23F",2023-10-10,2023-10-09 18:45:00,2023-10-10 00:45:00,2,"Red","PTFE",4,60,15,2023-10-10 00:45:00,2023-10-10 01:00:00,"","R11",30,0.03,1.25,1.25,0,0,4.75,4.75,1,5.5384375,5.20875,0,0.79125,0.79125,-3.50655789731998,1,1445000,190559.375,0,190559.375,1,0,0,0,NA,NA,NA,NA,NA,NA,NA,NA,NA,NA,NA,NA,NA,NA,NA,NA,NA,NA,NA,NA,NA,NA,NA,NA,NA,NA,NA,NA,NA,NA,NA,NA,NA,NA,NA,NA,NA,NA,NA,NA,NA,NA,NA,NA,NA,NA,NA,NA,NA,NA,NA,NA,NA,NA,NA,NA,NA,NA
"FASMEE23","Button","Smoke","S9PI",20250212,"2/12/2025","Lampman","R11B","R11","A",35,6,0,6,NA,"","","F23F",2023-10-10,2023-10-09 18:45:00,2023-10-10 00:45:00,2,"Red","PTFE",4,60,15,2023-10-10 00:45:00,2023-10-10 01:00:00,"","R11",30,0.03,1.25,1.25,0,0,4.75,4.75,1,5.5384375,5.20875,0,0.79125,0.79125,-3.50655789731998,1,1445000,190559.375,0,190559.375,1,0,0,0,NA,NA,NA,NA,NA,NA,NA,NA,NA,NA,NA,NA,NA,NA,NA,NA,NA,NA,NA,NA,NA,NA,NA,NA,NA,NA,NA,NA,NA,NA,NA,NA,NA,NA,NA,NA,NA,NA,NA,NA,NA,NA,NA,NA,NA,NA,NA,NA,NA,NA,NA,NA,NA,NA,NA,NA,NA,NA
"FASMEE23","Button","Smoke","S9PI",20250212,"2/24/2025","Lampman","R13B","R13","A",16,6,0,6,NA,"","","F23F",2023-10-11,2023-10-10 18:25:00,2023-10-11 00:25:00,3,"Red","PTFE",4,60,15,2023-10-11 00:25:00,2023-10-11 00:40:00,"Partial smoke at best","R13",30,0.03,1.25,1.25,0,0,4.75,4.75,1,5.5384375,5.20875,0,0.79125,0.79125,-3.50655789731998,1,1445000,190559.375,0,190559.375,1,0,0,0,NA,NA,NA,NA,NA,NA,NA,NA,NA,NA,NA,NA,NA,NA,NA,NA,NA,NA,NA,NA,NA,NA,NA,NA,NA,NA,NA,NA,NA,NA,NA,NA,NA,NA,NA,NA,NA,NA,NA,NA,NA,NA,NA,NA,NA,NA,NA,NA,NA,NA,NA,NA,NA,NA,NA,NA,NA,NA
"FASMEE23","Button","Smoke","S9PI",20250212,"2/24/2025","Lampman","R13B","R13","A",23,6,0,6,NA,"","","F23F",2023-10-11,2023-10-10 18:25:00,2023-10-11 00:25:00,3,"Red","PTFE",4,60,15,2023-10-11 00:25:00,2023-10-11 00:40:00,"Partial smoke at best","R13",30,0.03,1.25,1.25,0,0,4.75,4.75,1,5.5384375,5.20875,0,0.79125,0.79125,-3.50655789731998,1,1445000,190559.375,0,190559.375,1,0,0,0,NA,NA,NA,NA,NA,NA,NA,NA,NA,NA,NA,NA,NA,NA,NA,NA,NA,NA,NA,NA,NA,NA,NA,NA,NA,NA,NA,NA,NA,NA,NA,NA,NA,NA,NA,NA,NA,NA,NA,NA,NA,NA,NA,NA,NA,NA,NA,NA,NA,NA,NA,NA,NA,NA,NA,NA,NA,NA
"FASMEE23","Button","Smoke","S9PI",20250212,"2/24/2025","Lampman","R13B","R13","A",33,6,0,6,NA,"","","F23F",2023-10-11,2023-10-10 18:25:00,2023-10-11 00:25:00,3,"Red","PTFE",4,60,15,2023-10-11 00:25:00,2023-10-11 00:40:00,"Partial smoke at best","R13",30,0.03,1.25,1.25,0,0,4.75,4.75,1,5.5384375,5.20875,0,0.79125,0.79125,-3.50655789731998,1,1445000,190559.375,0,190559.375,1,0,0,0,NA,NA,NA,NA,NA,NA,NA,NA,NA,NA,NA,NA,NA,NA,NA,NA,NA,NA,NA,NA,NA,NA,NA,NA,NA,NA,NA,NA,NA,NA,NA,NA,NA,NA,NA,NA,NA,NA,NA,NA,NA,NA,NA,NA,NA,NA,NA,NA,NA,NA,NA,NA,NA,NA,NA,NA,NA,NA
"FASMEE23","Button","Smoke","S9PI",20250212,"2/26/2025","Lampman","R14B","R14","A",9,6,4,10,NA,"","","F23F",2023-10-11,2023-10-10 18:53:00,2023-10-11 00:53:00,3,"Red","PTFE",4,60,15,2023-10-11 00:53:00,2023-10-11 01:08:00,"Partial smoke at best","R14",30,0.03,1.25,1.25,0,4,4.75,8.75,0.542857142857143,5.5384375,5.20875,3.6703125,0.79125,4.4615625,-3.50655789731998,0.6,2408333.33333333,1074492.96875,883933.59375,190559.375,0.177348182391259,0,594358.165147569,594358.165147569,0,NA,NA,NA,NA,NA,NA,NA,NA,NA,NA,NA,NA,NA,NA,NA,NA,NA,NA,NA,NA,NA,NA,NA,NA,NA,NA,NA,NA,NA,NA,NA,NA,NA,NA,NA,NA,NA,NA,NA,NA,NA,NA,NA,NA,NA,NA,NA,NA,NA,NA,NA,NA,NA,NA,NA,NA,NA
"FASMEE23","Button","Smoke","S9PI",20250212,"2/26/2025","Lampman","R14B","R14","A",13,6,0,6,NA,"","","F23F",2023-10-11,2023-10-10 18:53:00,2023-10-11 00:53:00,3,"Red","PTFE",4,60,15,2023-10-11 00:53:00,2023-10-11 01:08:00,"Partial smoke at best","R14",30,0.03,1.25,1.25,0,0,4.75,4.75,1,5.5384375,5.20875,0,0.79125,0.79125,-3.50655789731998,1,1445000,190559.375,0,190559.375,1,0,0,0,NA,NA,NA,NA,NA,NA,NA,NA,NA,NA,NA,NA,NA,NA,NA,NA,NA,NA,NA,NA,NA,NA,NA,NA,NA,NA,NA,NA,NA,NA,NA,NA,NA,NA,NA,NA,NA,NA,NA,NA,NA,NA,NA,NA,NA,NA,NA,NA,NA,NA,NA,NA,NA,NA,NA,NA,NA,NA
"FASMEE23","Button","Smoke","S9PI",20250212,"2/26/2025","Lampman","R14B","R14","A",15,6,0,6,NA,"","","F23F",2023-10-11,2023-10-10 18:53:00,2023-10-11 00:53:00,3,"Red","PTFE",4,60,15,2023-10-11 00:53:00,2023-10-11 01:08:00,"Partial smoke at best","R14",30,0.03,1.25,1.25,0,0,4.75,4.75,1,5.5384375,5.20875,0,0.79125,0.79125,-3.50655789731998,1,1445000,190559.375,0,190559.375,1,0,0,0,NA,NA,NA,NA,NA,NA,NA,NA,NA,NA,NA,NA,NA,NA,NA,NA,NA,NA,NA,NA,NA,NA,NA,NA,NA,NA,NA,NA,NA,NA,NA,NA,NA,NA,NA,NA,NA,NA,NA,NA,NA,NA,NA,NA,NA,NA,NA,NA,NA,NA,NA,NA,NA,NA,NA,NA,NA,NA
"FASMEE23","Button","Smoke","S9PI",20250212,"2/26/2025","Lampman","R14B","R14","A",17,6,0,6,NA,"","","F23F",2023-10-11,2023-10-10 18:53:00,2023-10-11 00:53:00,3,"Red","PTFE",4,60,15,2023-10-11 00:53:00,2023-10-11 01:08:00,"Partial smoke at best","R14",30,0.03,1.25,1.25,0,0,4.75,4.75,1,5.5384375,5.20875,0,0.79125,0.79125,-3.50655789731998,1,1445000,190559.375,0,190559.375,1,0,0,0,NA,NA,NA,NA,NA,NA,NA,NA,NA,NA,NA,NA,NA,NA,NA,NA,NA,NA,NA,NA,NA,NA,NA,NA,NA,NA,NA,NA,NA,NA,NA,NA,NA,NA,NA,NA,NA,NA,NA,NA,NA,NA,NA,NA,NA,NA,NA,NA,NA,NA,NA,NA,NA,NA,NA,NA,NA,NA
"FASMEE23","Button","Smoke","S9PI",20250212,"2/26/2025","Lampman","R14B","R14","A",22,6,1,7,NA,"","","F23F",2023-10-11,2023-10-10 18:53:00,2023-10-11 00:53:00,3,"Red","PTFE",4,60,15,2023-10-11 00:53:00,2023-10-11 01:08:00,"Partial smoke at best","R14",30,0.03,1.25,1.25,0,1,4.75,5.75,0.826086956521739,5.5384375,5.20875,0.6703125,0.79125,1.4615625,-3.50655789731998,0.857142857142857,1685833.33333333,351992.96875,161433.59375,190559.375,0.541372674791533,0,0,0,NA,NA,NA,NA,NA,NA,NA,NA,NA,NA,NA,NA,NA,NA,NA,NA,NA,NA,NA,NA,NA,NA,NA,NA,NA,NA,NA,NA,NA,NA,NA,NA,NA,NA,NA,NA,NA,NA,NA,NA,NA,NA,NA,NA,NA,NA,NA,NA,NA,NA,NA,NA,NA,NA,NA,NA,NA,NA
"FASMEE23","Button","Smoke","S9PI",20250212,"2/26/2025","Lampman","R14B","R14","A",31,6,4,10,NA,"","","F23F",2023-10-11,2023-10-10 18:53:00,2023-10-11 00:53:00,3,"Red","PTFE",4,60,15,2023-10-11 00:53:00,2023-10-11 01:08:00,"Partial smoke at best","R14",30,0.03,1.25,1.25,0,4,4.75,8.75,0.542857142857143,5.5384375,5.20875,3.6703125,0.79125,4.4615625,-3.50655789731998,0.6,2408333.33333333,1074492.96875,883933.59375,190559.375,0.177348182391259,0,594358.165147569,594358.165147569,0,NA,NA,NA,NA,NA,NA,NA,NA,NA,NA,NA,NA,NA,NA,NA,NA,NA,NA,NA,NA,NA,NA,NA,NA,NA,NA,NA,NA,NA,NA,NA,NA,NA,NA,NA,NA,NA,NA,NA,NA,NA,NA,NA,NA,NA,NA,NA,NA,NA,NA,NA,NA,NA,NA,NA,NA,NA
"FASMEE23","Button","Smoke","S9PI",20250212,"2/26/2025","Lampman","R14B","R14","A",39,6,0,6,NA,"","","F23F",2023-10-11,2023-10-10 18:53:00,2023-10-11 00:53:00,3,"Red","PTFE",4,60,15,2023-10-11 00:53:00,2023-10-11 01:08:00,"Partial smoke at best","R14",30,0.03,1.25,1.25,0,0,4.75,4.75,1,5.5384375,5.20875,0,0.79125,0.79125,-3.50655789731998,1,1445000,190559.375,0,190559.375,1,0,0,0,NA,NA,NA,NA,NA,NA,NA,NA,NA,NA,NA,NA,NA,NA,NA,NA,NA,NA,NA,NA,NA,NA,NA,NA,NA,NA,NA,NA,NA,NA,NA,NA,NA,NA,NA,NA,NA,NA,NA,NA,NA,NA,NA,NA,NA,NA,NA,NA,NA,NA,NA,NA,NA,NA,NA,NA,NA,NA
"FASMEE23","Button","Smoke","S9PI",20250117,"3/3/2025","Lampman","R7B","R7","A",11,6,0,6,NA,"","","F23E",2023-10-09,2023-10-09 12:33:00,2023-10-09 18:33:00,2,"Red","PTFE",4,40,10,2023-10-09 18:33:00,2023-10-09 18:43:00,"Partial smoke towards end of sample","R7",20,0.02,2.1,2.1,0,0,3.9,3.9,1,6.3884375,6.05875,0,0,0,-3.91202300542815,1,2167500,0,0,0,NA,0,0,0,NA,NA,NA,NA,NA,NA,NA,NA,NA,NA,NA,NA,NA,NA,NA,NA,NA,NA,NA,NA,NA,NA,NA,NA,NA,NA,NA,NA,NA,NA,NA,NA,NA,NA,NA,NA,NA,NA,NA,NA,NA,NA,NA,NA,NA,NA,NA,NA,NA,NA,NA,NA,NA,NA,NA,NA,NA,NA
"FASMEE23","Button","Smoke","S9PI",20250117,"3/3/2025","Lampman","R7B","R7","A",13,6,0,6,NA,"","","F23E",2023-10-09,2023-10-09 12:33:00,2023-10-09 18:33:00,2,"Red","PTFE",4,40,10,2023-10-09 18:33:00,2023-10-09 18:43:00,"Partial smoke towards end of sample","R7",20,0.02,2.1,2.1,0,0,3.9,3.9,1,6.3884375,6.05875,0,0,0,-3.91202300542815,1,2167500,0,0,0,NA,0,0,0,NA,NA,NA,NA,NA,NA,NA,NA,NA,NA,NA,NA,NA,NA,NA,NA,NA,NA,NA,NA,NA,NA,NA,NA,NA,NA,NA,NA,NA,NA,NA,NA,NA,NA,NA,NA,NA,NA,NA,NA,NA,NA,NA,NA,NA,NA,NA,NA,NA,NA,NA,NA,NA,NA,NA,NA,NA,NA
"FASMEE23","Button","Smoke","S9PI",20250117,"3/3/2025","Lampman","R7B","R7","A",29,6,0,6,NA,"","","F23E",2023-10-09,2023-10-09 12:33:00,2023-10-09 18:33:00,2,"Red","PTFE",4,40,10,2023-10-09 18:33:00,2023-10-09 18:43:00,"Partial smoke towards end of sample","R7",20,0.02,2.1,2.1,0,0,3.9,3.9,1,6.3884375,6.05875,0,0,0,-3.91202300542815,1,2167500,0,0,0,NA,0,0,0,NA,NA,NA,NA,NA,NA,NA,NA,NA,NA,NA,NA,NA,NA,NA,NA,NA,NA,NA,NA,NA,NA,NA,NA,NA,NA,NA,NA,NA,NA,NA,NA,NA,NA,NA,NA,NA,NA,NA,NA,NA,NA,NA,NA,NA,NA,NA,NA,NA,NA,NA,NA,NA,NA,NA,NA,NA,NA
"FASMEE23","Button","Smoke","S9PI",20250117,"3/3/2025","Lampman","R7B","R7","A",32,6,0,6,NA,"","","F23E",2023-10-09,2023-10-09 12:33:00,2023-10-09 18:33:00,2,"Red","PTFE",4,40,10,2023-10-09 18:33:00,2023-10-09 18:43:00,"Partial smoke towards end of sample","R7",20,0.02,2.1,2.1,0,0,3.9,3.9,1,6.3884375,6.05875,0,0,0,-3.91202300542815,1,2167500,0,0,0,NA,0,0,0,NA,NA,NA,NA,NA,NA,NA,NA,NA,NA,NA,NA,NA,NA,NA,NA,NA,NA,NA,NA,NA,NA,NA,NA,NA,NA,NA,NA,NA,NA,NA,NA,NA,NA,NA,NA,NA,NA,NA,NA,NA,NA,NA,NA,NA,NA,NA,NA,NA,NA,NA,NA,NA,NA,NA,NA,NA,NA
"FASMEE23","Button","Smoke","S9PI",20250117,"3/3/2025","Lampman","R7B","R7","A",37,6,0,6,NA,"","","F23E",2023-10-09,2023-10-09 12:33:00,2023-10-09 18:33:00,2,"Red","PTFE",4,40,10,2023-10-09 18:33:00,2023-10-09 18:43:00,"Partial smoke towards end of sample","R7",20,0.02,2.1,2.1,0,0,3.9,3.9,1,6.3884375,6.05875,0,0,0,-3.91202300542815,1,2167500,0,0,0,NA,0,0,0,NA,NA,NA,NA,NA,NA,NA,NA,NA,NA,NA,NA,NA,NA,NA,NA,NA,NA,NA,NA,NA,NA,NA,NA,NA,NA,NA,NA,NA,NA,NA,NA,NA,NA,NA,NA,NA,NA,NA,NA,NA,NA,NA,NA,NA,NA,NA,NA,NA,NA,NA,NA,NA,NA,NA,NA,NA,NA
"FASMEE23","Button","Smoke","S9PI",20250127,"3/3/2025","Lampman","B9B","B9","A",8,6,0,6,NA,"","","F23E",2023-10-10,2023-10-10 15:09:00,2023-10-10 21:09:00,3,"Blue","PTFE",4,60,15,2023-10-10 21:09:00,2023-10-10 21:24:00,"","B9",30,0.03,2.1,2.1,0,0,3.9,3.9,1,6.3884375,6.05875,0,0,0,-3.50655789731998,1,1445000,0,0,0,NA,0,0,0,NA,9,584.100794087505,188.516922417344,3114.5911041344,176.698148148148,130.5,422.625,446.172839506173,237.875,1716.21,10.8074935400517,10.5555555555556,11.6666666666667,10,33.0116279069767,33,31,34,3.84755654322465,3.82515368908763,4.16705056996941,3.64859285797902,11336.5,10298.67,2475.79,88.25,0.125,0,24722.5,24835.125,24836.25,24837.375,5.23918777695593,"Very Unhealthy","Low",61.2042743966305,66.3921308617705,201.814906555965,15.7464380900351,108.784440826061,218.711205508665,12.1776042318889,13.3199766930851,24.5377224480851,0.896793933565282,0.89807374740202,62.9928010192709,125.985602038542,0.125985602038542,0.000125985602038542,1.25985602038542e-07,0,0,0,0,0,0
"FASMEE23","Button","Smoke","S9PI",20250127,"3/3/2025","Lampman","B9B","B9","A",10,6,4,10,NA,"","","F23E",2023-10-10,2023-10-10 15:09:00,2023-10-10 21:09:00,3,"Blue","PTFE",4,60,15,2023-10-10 21:09:00,2023-10-10 21:24:00,"","B9",30,0.03,2.1,2.1,0,4,3.9,7.9,0.493670886075949,6.3884375,6.05875,3.6703125,0,3.6703125,-3.50655789731998,0.6,2408333.33333333,883933.59375,883933.59375,0,0,0,594358.165147569,594358.165147569,0,9,584.100794087505,188.516922417344,3114.5911041344,176.698148148148,130.5,422.625,446.172839506173,237.875,1716.21,10.8074935400517,10.5555555555556,11.6666666666667,10,33.0116279069767,33,31,34,3.84755654322465,3.82515368908763,4.16705056996941,3.64859285797902,11336.5,10298.67,2475.79,88.25,0.125,0,24722.5,24835.125,24836.25,24837.375,5.23918777695593,"Very Unhealthy","Low",61.2042743966305,66.3921308617705,201.814906555965,15.7464380900351,108.784440826061,218.711205508665,12.1776042318889,13.3199766930851,24.5377224480851,0.896793933565282,0.89807374740202,62.9928010192709,125.985602038542,0.125985602038542,0.000125985602038542,1.25985602038542e-07,4717667380481.64,0,4717667380.48164,0,4717.66738048164,0
"FASMEE23","Button","Smoke","S9PI",20250127,"3/3/2025","Lampman","B9B","B9","A",11,6,0,6,NA,"","","F23E",2023-10-10,2023-10-10 15:09:00,2023-10-10 21:09:00,3,"Blue","PTFE",4,60,15,2023-10-10 21:09:00,2023-10-10 21:24:00,"","B9",30,0.03,2.1,2.1,0,0,3.9,3.9,1,6.3884375,6.05875,0,0,0,-3.50655789731998,1,1445000,0,0,0,NA,0,0,0,NA,9,584.100794087505,188.516922417344,3114.5911041344,176.698148148148,130.5,422.625,446.172839506173,237.875,1716.21,10.8074935400517,10.5555555555556,11.6666666666667,10,33.0116279069767,33,31,34,3.84755654322465,3.82515368908763,4.16705056996941,3.64859285797902,11336.5,10298.67,2475.79,88.25,0.125,0,24722.5,24835.125,24836.25,24837.375,5.23918777695593,"Very Unhealthy","Low",61.2042743966305,66.3921308617705,201.814906555965,15.7464380900351,108.784440826061,218.711205508665,12.1776042318889,13.3199766930851,24.5377224480851,0.896793933565282,0.89807374740202,62.9928010192709,125.985602038542,0.125985602038542,0.000125985602038542,1.25985602038542e-07,0,0,0,0,0,0
"FASMEE23","Button","Smoke","S9PI",20250127,"3/3/2025","Lampman","B9B","B9","A",35,6,0,6,NA,"","","F23E",2023-10-10,2023-10-10 15:09:00,2023-10-10 21:09:00,3,"Blue","PTFE",4,60,15,2023-10-10 21:09:00,2023-10-10 21:24:00,"","B9",30,0.03,2.1,2.1,0,0,3.9,3.9,1,6.3884375,6.05875,0,0,0,-3.50655789731998,1,1445000,0,0,0,NA,0,0,0,NA,9,584.100794087505,188.516922417344,3114.5911041344,176.698148148148,130.5,422.625,446.172839506173,237.875,1716.21,10.8074935400517,10.5555555555556,11.6666666666667,10,33.0116279069767,33,31,34,3.84755654322465,3.82515368908763,4.16705056996941,3.64859285797902,11336.5,10298.67,2475.79,88.25,0.125,0,24722.5,24835.125,24836.25,24837.375,5.23918777695593,"Very Unhealthy","Low",61.2042743966305,66.3921308617705,201.814906555965,15.7464380900351,108.784440826061,218.711205508665,12.1776042318889,13.3199766930851,24.5377224480851,0.896793933565282,0.89807374740202,62.9928010192709,125.985602038542,0.125985602038542,0.000125985602038542,1.25985602038542e-07,0,0,0,0,0,0
"FASMEE23","Button","Smoke","S9PI",20250221,"2/28/2025","Lampman","R15B","R15","A",13,6,2,8,NA,"","","F23F",2023-10-11,2023-10-10 19:21:00,2023-10-11 01:21:00,3,"Red","PTFE",4,60,15,2023-10-11 01:21:00,2023-10-11 01:36:00,"Partial smoke at best","R15",30,0.03,1.25,1.25,0,2,4.75,6.75,0.703703703703704,5.5384375,5.20875,1.6703125,0.79125,2.4615625,-3.50655789731998,0.75,1926666.66666667,592826.302083333,402266.927083333,190559.375,0.321442173416275,0,112691.498480903,112691.498480903,0,NA,NA,NA,NA,NA,NA,NA,NA,NA,NA,NA,NA,NA,NA,NA,NA,NA,NA,NA,NA,NA,NA,NA,NA,NA,NA,NA,NA,NA,NA,NA,NA,NA,NA,NA,NA,NA,NA,NA,NA,NA,NA,NA,NA,NA,NA,NA,NA,NA,NA,NA,NA,NA,NA,NA,NA,NA
"FASMEE23","Button","Smoke","S9PI",20250221,"2/28/2025","Lampman","R15B","R15","A",15,6,0,6,NA,"","","F23F",2023-10-11,2023-10-10 19:21:00,2023-10-11 01:21:00,3,"Red","PTFE",4,60,15,2023-10-11 01:21:00,2023-10-11 01:36:00,"Partial smoke at best","R15",30,0.03,1.25,1.25,0,0,4.75,4.75,1,5.5384375,5.20875,0,0.79125,0.79125,-3.50655789731998,1,1445000,190559.375,0,190559.375,1,0,0,0,NA,NA,NA,NA,NA,NA,NA,NA,NA,NA,NA,NA,NA,NA,NA,NA,NA,NA,NA,NA,NA,NA,NA,NA,NA,NA,NA,NA,NA,NA,NA,NA,NA,NA,NA,NA,NA,NA,NA,NA,NA,NA,NA,NA,NA,NA,NA,NA,NA,NA,NA,NA,NA,NA,NA,NA,NA,NA
"FASMEE23","Button","Smoke","S9PI",20250221,"2/28/2025","Lampman","R15B","R15","A",21,6,0,6,NA,"","","F23F",2023-10-11,2023-10-10 19:21:00,2023-10-11 01:21:00,3,"Red","PTFE",4,60,15,2023-10-11 01:21:00,2023-10-11 01:36:00,"Partial smoke at best","R15",30,0.03,1.25,1.25,0,0,4.75,4.75,1,5.5384375,5.20875,0,0.79125,0.79125,-3.50655789731998,1,1445000,190559.375,0,190559.375,1,0,0,0,NA,NA,NA,NA,NA,NA,NA,NA,NA,NA,NA,NA,NA,NA,NA,NA,NA,NA,NA,NA,NA,NA,NA,NA,NA,NA,NA,NA,NA,NA,NA,NA,NA,NA,NA,NA,NA,NA,NA,NA,NA,NA,NA,NA,NA,NA,NA,NA,NA,NA,NA,NA,NA,NA,NA,NA,NA,NA
"FASMEE23","Button","Smoke","S9PI",20250127,"3/5/2025","Lampman","R9B","R9","A",9,6,0,6,NA,"","","F23E",2023-10-09,2023-10-09 15:17:00,2023-10-09 21:17:00,2,"Red","PTFE",4,60,15,2023-10-09 21:17:00,2023-10-09 21:32:00,"","R9",30,0.03,2.1,2.1,0,0,3.9,3.9,1,6.3884375,6.05875,0,0,0,-3.50655789731998,1,1445000,0,0,0,NA,0,0,0,NA,NA,NA,NA,NA,NA,NA,NA,NA,NA,NA,NA,NA,NA,NA,NA,NA,NA,NA,NA,NA,NA,NA,NA,NA,NA,NA,NA,NA,NA,NA,NA,NA,NA,NA,NA,NA,NA,NA,NA,NA,NA,NA,NA,NA,NA,NA,NA,NA,NA,NA,NA,NA,NA,NA,NA,NA,NA
"FASMEE23","Button","Smoke","S9PI",20250127,"3/5/2025","Lampman","R9B","R9","A",18,6,9,15,NA,"","","F23E",2023-10-09,2023-10-09 15:17:00,2023-10-09 21:17:00,2,"Red","PTFE",4,60,15,2023-10-09 21:17:00,2023-10-09 21:32:00,"","R9",30,0.03,2.1,2.1,0,9,3.9,12.9,0.302325581395349,6.3884375,6.05875,8.6703125,0,8.6703125,-3.50655789731998,0.4,3612500,2088100.26041667,2088100.26041667,0,0,0,1798524.83181424,1798524.83181424,0,NA,NA,NA,NA,NA,NA,NA,NA,NA,NA,NA,NA,NA,NA,NA,NA,NA,NA,NA,NA,NA,NA,NA,NA,NA,NA,NA,NA,NA,NA,NA,NA,NA,NA,NA,NA,NA,NA,NA,NA,NA,NA,NA,NA,NA,NA,NA,NA,NA,NA,NA,NA,NA,NA,NA,NA,NA
"FASMEE23","Button","Smoke","S9PI",20250127,"3/5/2025","Lampman","R9B","R9","A",20,6,0,6,NA,"","","F23E",2023-10-09,2023-10-09 15:17:00,2023-10-09 21:17:00,2,"Red","PTFE",4,60,15,2023-10-09 21:17:00,2023-10-09 21:32:00,"","R9",30,0.03,2.1,2.1,0,0,3.9,3.9,1,6.3884375,6.05875,0,0,0,-3.50655789731998,1,1445000,0,0,0,NA,0,0,0,NA,NA,NA,NA,NA,NA,NA,NA,NA,NA,NA,NA,NA,NA,NA,NA,NA,NA,NA,NA,NA,NA,NA,NA,NA,NA,NA,NA,NA,NA,NA,NA,NA,NA,NA,NA,NA,NA,NA,NA,NA,NA,NA,NA,NA,NA,NA,NA,NA,NA,NA,NA,NA,NA,NA,NA,NA,NA
"FASMEE23","Button","Smoke","S9PI",20240505,"3/31/2025","Lampman","R8B","R8B","A",1,6,15,21,NA,"","","F23A",2023-10-09,2023-10-09 14:54:00,2023-10-09 20:54:00,2,"Red","PTFE",4,60,15,2023-10-09 20:54:00,2023-10-09 21:09:00,"Tons of smoke, probably best sample","R8",30,0.03,2.225,2.225,0,15,3.775,18.775,0.201065246338216,6.5134375,6.18375,14.6703125,0,14.6703125,-3.50655789731998,0.285714285714286,5057500,3533100.26041667,3533100.26041667,0,0,0,3243524.83181424,3243524.83181424,0,NA,NA,NA,NA,NA,NA,NA,NA,NA,NA,NA,NA,NA,NA,NA,NA,NA,NA,NA,NA,NA,NA,NA,NA,NA,NA,NA,NA,NA,NA,NA,NA,NA,NA,NA,NA,NA,NA,NA,NA,NA,NA,NA,NA,NA,NA,NA,NA,NA,NA,NA,NA,NA,NA,NA,NA,NA
"FASMEE23","Button","Smoke","S9PI",20240505,"3/31/2025","Lampman","R8B","R8B","A",6,6,0,6,NA,"","","F23A",2023-10-09,2023-10-09 14:54:00,2023-10-09 20:54:00,2,"Red","PTFE",4,60,15,2023-10-09 20:54:00,2023-10-09 21:09:00,"Tons of smoke, probably best sample","R8",30,0.03,2.225,2.225,0,0,3.775,3.775,1,6.5134375,6.18375,0,0,0,-3.50655789731998,1,1445000,0,0,0,NA,0,0,0,NA,NA,NA,NA,NA,NA,NA,NA,NA,NA,NA,NA,NA,NA,NA,NA,NA,NA,NA,NA,NA,NA,NA,NA,NA,NA,NA,NA,NA,NA,NA,NA,NA,NA,NA,NA,NA,NA,NA,NA,NA,NA,NA,NA,NA,NA,NA,NA,NA,NA,NA,NA,NA,NA,NA,NA,NA,NA
"FASMEE23","Button","Smoke","S9PI",20240505,"3/31/2025","Lampman","R8B","R8B","A",11,6,0,6,NA,"","","F23A",2023-10-09,2023-10-09 14:54:00,2023-10-09 20:54:00,2,"Red","PTFE",4,60,15,2023-10-09 20:54:00,2023-10-09 21:09:00,"Tons of smoke, probably best sample","R8",30,0.03,2.225,2.225,0,0,3.775,3.775,1,6.5134375,6.18375,0,0,0,-3.50655789731998,1,1445000,0,0,0,NA,0,0,0,NA,NA,NA,NA,NA,NA,NA,NA,NA,NA,NA,NA,NA,NA,NA,NA,NA,NA,NA,NA,NA,NA,NA,NA,NA,NA,NA,NA,NA,NA,NA,NA,NA,NA,NA,NA,NA,NA,NA,NA,NA,NA,NA,NA,NA,NA,NA,NA,NA,NA,NA,NA,NA,NA,NA,NA,NA,NA
"FASMEE23","Button","Smoke","S9PI",20240505,"3/31/2025","Lampman","R8B","R8B","A",25,6,2,8,NA,"","","F23A",2023-10-09,2023-10-09 14:54:00,2023-10-09 20:54:00,2,"Red","PTFE",4,60,15,2023-10-09 20:54:00,2023-10-09 21:09:00,"Tons of smoke, probably best sample","R8",30,0.03,2.225,2.225,0,2,3.775,5.775,0.653679653679654,6.5134375,6.18375,1.6703125,0,1.6703125,-3.50655789731998,0.75,1926666.66666667,402266.927083333,402266.927083333,0,0,0,112691.498480903,112691.498480903,0,NA,NA,NA,NA,NA,NA,NA,NA,NA,NA,NA,NA,NA,NA,NA,NA,NA,NA,NA,NA,NA,NA,NA,NA,NA,NA,NA,NA,NA,NA,NA,NA,NA,NA,NA,NA,NA,NA,NA,NA,NA,NA,NA,NA,NA,NA,NA,NA,NA,NA,NA,NA,NA,NA,NA,NA,NA
"FASMEE23","Button","Smoke","S9PI",20250221,"4/11/2025","Lampman","B7B","B7","A",2,6,3,9,NA,"","","F23F",2023-10-10,2023-10-09 18:17:00,2023-10-10 00:17:00,2,"Blue","PTFE",4,60,15,2023-10-10 00:17:00,2023-10-10 00:32:00,"","B7",30,0.03,1.25,1.25,0,3,4.75,7.75,0.612903225806452,5.5384375,5.20875,2.6703125,0.79125,3.4615625,-3.50655789731998,0.666666666666667,2167500,833659.635416667,643100.260416667,190559.375,0.228581745960097,0,353524.831814236,353524.831814236,0,7,1625.52013208166,1670.54342003125,4296.5432918125,191.864464285714,243.5,323.75,1134.54755952381,1266.25,2565.125,11.9378306878307,12.2222222222222,12.7777777777778,9.44444444444444,27.4642857142857,27,27,29,3.43830869055206,3.49798559298276,3.81130962441916,2.83267941327911,27600.25,26431.75,16400.9375,2164.5625,366.75,209,70499.125,72762.875,73162.6025,73501.915,7.42090425369562,"Hazardous","High",NA,NA,NA,NA,NA,NA,NA,NA,NA,NA,NA,NA,NA,NA,NA,NA,NA,NA,NA,NA,NA,NA
"FASMEE23","Button","Smoke","S9PI",20250221,"4/11/2025","Lampman","B7B","B7","A",17,6,0,6,NA,"","","F23F",2023-10-10,2023-10-09 18:17:00,2023-10-10 00:17:00,2,"Blue","PTFE",4,60,15,2023-10-10 00:17:00,2023-10-10 00:32:00,"","B7",30,0.03,1.25,1.25,0,0,4.75,4.75,1,5.5384375,5.20875,0,0.79125,0.79125,-3.50655789731998,1,1445000,190559.375,0,190559.375,1,0,0,0,NA,7,1625.52013208166,1670.54342003125,4296.5432918125,191.864464285714,243.5,323.75,1134.54755952381,1266.25,2565.125,11.9378306878307,12.2222222222222,12.7777777777778,9.44444444444444,27.4642857142857,27,27,29,3.43830869055206,3.49798559298276,3.81130962441916,2.83267941327911,27600.25,26431.75,16400.9375,2164.5625,366.75,209,70499.125,72762.875,73162.6025,73501.915,7.42090425369562,"Hazardous","High",NA,NA,NA,NA,NA,NA,NA,NA,NA,NA,NA,NA,NA,NA,NA,NA,NA,NA,NA,NA,NA,NA
"FASMEE23","Button","Smoke","S9PI",20250221,"3/10/2025","Lampman","B8B","B8","A",12,6,0,6,NA,"","","F23F",2023-10-10,2023-10-09 18:45:00,2023-10-10 00:45:00,2,"Blue","PTFE",4,60,15,2023-10-10 00:45:00,2023-10-10 01:00:00,"","B8",30,0.03,1.25,1.25,0,0,4.75,4.75,1,5.5384375,5.20875,0,0.79125,0.79125,-3.50655789731998,1,1445000,190559.375,0,190559.375,1,0,0,0,NA,8,1205.06665382693,1303.733104,3018.616525,226.646470588235,286,417.125,876.608941176471,1025.165,1821,12.078431372549,11.6666666666667,13.8888888888889,10.5555555555556,27.6117647058824,28,26,30,3.48006033349395,3.49058669865849,3.8025217445426,3.05727862595733,26588.54,25222.5,13803,1123.75,154.17,81.33,66054.875,67628,67854.375,68080.75,7.17298704669122,"Hazardous","High",NA,NA,NA,NA,NA,NA,NA,NA,NA,NA,NA,NA,NA,NA,NA,NA,NA,NA,NA,NA,NA,NA
"FASMEE23","Button","Smoke","S9PI",20250221,"3/10/2025","Lampman","B8B","B8","A",28,6,0,6,NA,"","","F23F",2023-10-10,2023-10-09 18:45:00,2023-10-10 00:45:00,2,"Blue","PTFE",4,60,15,2023-10-10 00:45:00,2023-10-10 01:00:00,"","B8",30,0.03,1.25,1.25,0,0,4.75,4.75,1,5.5384375,5.20875,0,0.79125,0.79125,-3.50655789731998,1,1445000,190559.375,0,190559.375,1,0,0,0,NA,8,1205.06665382693,1303.733104,3018.616525,226.646470588235,286,417.125,876.608941176471,1025.165,1821,12.078431372549,11.6666666666667,13.8888888888889,10.5555555555556,27.6117647058824,28,26,30,3.48006033349395,3.49058669865849,3.8025217445426,3.05727862595733,26588.54,25222.5,13803,1123.75,154.17,81.33,66054.875,67628,67854.375,68080.75,7.17298704669122,"Hazardous","High",NA,NA,NA,NA,NA,NA,NA,NA,NA,NA,NA,NA,NA,NA,NA,NA,NA,NA,NA,NA,NA,NA
"FASMEE23","Button","Smoke","S9PI",20240912,"11/12/2024","Lampman","B12B","B12","A",7,7,5,12,0,"","","F23B",2023-10-11,2023-10-10 19:29:00,2023-10-11 01:29:00,3,"Blue","PTFE",4,60,15,2023-10-11 01:29:00,2023-10-11 01:44:00,"Partial smoke at best","B12",30,0.03,1.675,1.5,0.175,4.825,5.5,10.325,0.532687651331719,5.9634375,5.45875,4.4953125,1.54125,6.0365625,-3.50655789731998,0.583333333333333,2890000,1453805.46875,1082621.09375,371184.375,0.25531914893617,0,793045.665147569,793045.665147569,0,12,97.2710784691779,70.63031,343.96187725,71.5695081967213,55.375,217.25,119.030737704918,94.21,369.875,9.51730418943534,9.44444444444444,10.5555555555556,8.88888888888889,30.2622950819672,30,30,32,3.22274350561617,3.20067977403102,3.59115262850359,3.05362161156916,5352.375,4262.04,915.835,8.29,0,0,10439.125,10456.375,10456.375,10456.375,4.257459372481,"Moderate/Unhealthy","Low",12.4836759454948,13.1564633792446,42.6384496071778,2.83267731716567,22.6222156083308,43.3128495814939,1.66076798489259,2.36439821080882,3.08124897580882,0.948198027037845,0.934616975798477,12.580490102955,25.1609802059101,0.02516098020591,2.516098020591e-05,2.516098020591e-08,31518870038349.8,0,31518870038.3498,0,31518.8700383498,0
"FASMEE23","Button","Smoke","S9PI",20240926,"11/14/2024","Lampman","B11B","B11","A",10,7,5,12,1,"12","Photo001","F23B",2023-10-11,2023-10-10 18:53:00,2023-10-11 00:53:00,3,"Blue","PTFE",4,52.28,13.07,2023-10-11 00:53:00,2023-10-11 01:06:04,"Arms loose on ATAT-RTH with time remaining on leland (1:56min)","B11",26.14,0.02614,1.675,1.5,0.175,4.825,5.5,10.325,0.532687651331719,5.9634375,5.45875,4.4953125,1.54125,6.0365625,-3.64428857078606,0.583333333333333,3316755.92960979,1668483.70552793,1242487.86581867,425995.839709258,0.25531914893617,0,952912.437216238,952912.437216238,0,11,126.519445912158,109.433425,372.7538288125,95.9646621621622,85.5425,240.415,159.535135135135,142.02,385.5,9.42192192192192,9.44444444444444,10,7.22222222222222,30.3108108108108,30,30,31,3.19763860610841,3.20003153837661,3.34652644641426,2.69939809952541,7999.75,6403.1875,1424.23,38.7925,0,0,15778.3125,15811,15812.25,15813.5,4.69531637348758,"Moderate/Unhealthy","Low",5.03917002239612,3.45635072732919,16.9430562803866,0.334627603826129,8.98035194956724,9.22013137699785,0.812405426978007,0.278427065808824,2.83584060580882,0.912070919480452,0.931800219280138,5.14133045415266,10.2826609083053,0.0102826609083053,1.02826609083053e-05,1.02826609083053e-08,92671774914464.8,0,92671774914.4648,0,92671.7749144648,0
"FASMEE23","Button","Smoke","S9PI",20240926,"11/14/2024","Lampman","B11B","B11","A",28,7,1,8,NA,"","","F23B",2023-10-11,2023-10-10 18:53:00,2023-10-11 00:53:00,3,"Blue","PTFE",4,52.28,13.07,2023-10-11 00:53:00,2023-10-11 01:06:04,"Arms loose on ATAT-RTH with time remaining on leland (1:56min)","B11",26.14,0.02614,1.675,1.5,0.175,0.825,5.5,6.325,0.869565217391304,5.9634375,5.45875,0.4953125,1.54125,2.0365625,-3.64428857078606,0.875,2211170.61973986,562898.395657995,136902.555948738,425995.839709258,0.75678993401872,0,0,0,NA,11,126.519445912158,109.433425,372.7538288125,95.9646621621622,85.5425,240.415,159.535135135135,142.02,385.5,9.42192192192192,9.44444444444444,10,7.22222222222222,30.3108108108108,30,30,31,3.19763860610841,3.20003153837661,3.34652644641426,2.69939809952541,7999.75,6403.1875,1424.23,38.7925,0,0,15778.3125,15811,15812.25,15813.5,4.69531637348758,"Moderate/Unhealthy","Low",5.03917002239612,3.45635072732919,16.9430562803866,0.334627603826129,8.98035194956724,9.22013137699785,0.812405426978007,0.278427065808824,2.83584060580882,0.912070919480452,0.931800219280138,5.14133045415266,10.2826609083053,0.0102826609083053,1.02826609083053e-05,1.02826609083053e-08,0,0,0,0,0,0
"FASMEE23","Button","Smoke","S9PI",20240505,"11/15/2024","Lampman","B5B","B5","A",13,7,0,7,0,"","","F23A",2023-10-09,2023-10-09 14:54:00,2023-10-09 20:54:00,2,"Blue","PTFE",4,60,15,2023-10-09 20:54:00,2023-10-09 21:09:00,"Tons of smoke, probably best sample","B5",30,0.03,2.225,2.225,0,0,4.775,4.775,1,6.5134375,6.18375,0,0.81625,0.81625,-3.50655789731998,1,1685833.33333333,196580.208333333,0,196580.208333333,1,0,0,0,NA,5,3103.14515205286,2932.4884253125,7815.8196078125,194.019761904762,217.1475,367.875,1917.98297619048,1852.75,4665.25,15.1785714285714,15.5555555555556,17.2222222222222,11.6666666666667,22.452380952381,22,21,26,3.5190117864711,3.52343484519426,4.17015860168985,2.80102987605014,33028.605,32110.7275,23311.6875,3647.1875,680.895,359.75,87614.52,93144.745,94353.6625,95216.85,7.98360663348233,"Hazardous","High",322.174432012725,291.175399446569,1054.07936790501,105.517683963091,582.755660846674,886.417688767653,70.6668673551349,92.0002656892252,119.499623739225,0.848064293202289,0.865044227490499,331.606761535804,663.213523071608,0.663213523071608,0.000663213523071608,6.63213523071608e-07,0,0,0,0,0,0
"FASMEE23","Button","Ambient","S9PI",20241217,"12/19/2024","Lampman","B3B","B3","A",1,7,4,11,NA,"","","F23D",2023-10-09,2023-10-09 12:17:00,2023-10-09 18:17:00,2,"Blue","PTFE",4,40,10,2023-10-09 18:17:00,2023-10-09 18:27:00,"","B3",20,0.02,1.2125,1.1125,0.1,3.9,5.8875,9.7875,0.601532567049809,5.5009375,5.07125,3.5703125,1.92875,5.4990625,-3.91202300542815,0.636363636363636,3973750,1986536.328125,1289775.390625,696760.9375,0.350741603682446,NA,NA,NA,NA,3,3.73360545454545,3.7674,4.8602,0.0431818181818182,0,2.25,0.0431818181818182,0,2.25,14.1910331384016,13.8888888888889,16.1111111111111,11.6666666666667,23.6842105263158,23,21,26,3.35815549149463,3.54856909262987,4.02892321604069,2.75476213820575,46.75,16.5,0,0,0,0,72,72,72,72,1.32638510836598,"Good","None",NA,NA,NA,NA,NA,NA,NA,NA,NA,NA,NA,NA,NA,NA,NA,NA,NA,NA,NA,NA,NA,NA
"FASMEE23","Button","Ambient","S9PI",20241217,"12/19/2024","Lampman","B3B","B3","A",3,7,0,7,NA,"","","F23D",2023-10-09,2023-10-09 12:17:00,2023-10-09 18:17:00,2,"Blue","PTFE",4,40,10,2023-10-09 18:17:00,2023-10-09 18:27:00,"","B3",20,0.02,1.2125,1.1125,0.1,0,5.8875,5.8875,1,5.5009375,5.07125,0,1.92875,1.92875,-3.91202300542815,1,2528750,696760.9375,0,696760.9375,1,NA,NA,NA,NA,3,3.73360545454545,3.7674,4.8602,0.0431818181818182,0,2.25,0.0431818181818182,0,2.25,14.1910331384016,13.8888888888889,16.1111111111111,11.6666666666667,23.6842105263158,23,21,26,3.35815549149463,3.54856909262987,4.02892321604069,2.75476213820575,46.75,16.5,0,0,0,0,72,72,72,72,1.32638510836598,"Good","None",NA,NA,NA,NA,NA,NA,NA,NA,NA,NA,NA,NA,NA,NA,NA,NA,NA,NA,NA,NA,NA,NA
"FASMEE23","Button","Ambient","S9PI",20241217,"12/19/2024","Lampman","B3B","B3","A",6,7,0,7,NA,"","","F23D",2023-10-09,2023-10-09 12:17:00,2023-10-09 18:17:00,2,"Blue","PTFE",4,40,10,2023-10-09 18:17:00,2023-10-09 18:27:00,"","B3",20,0.02,1.2125,1.1125,0.1,0,5.8875,5.8875,1,5.5009375,5.07125,0,1.92875,1.92875,-3.91202300542815,1,2528750,696760.9375,0,696760.9375,1,NA,NA,NA,NA,3,3.73360545454545,3.7674,4.8602,0.0431818181818182,0,2.25,0.0431818181818182,0,2.25,14.1910331384016,13.8888888888889,16.1111111111111,11.6666666666667,23.6842105263158,23,21,26,3.35815549149463,3.54856909262987,4.02892321604069,2.75476213820575,46.75,16.5,0,0,0,0,72,72,72,72,1.32638510836598,"Good","None",NA,NA,NA,NA,NA,NA,NA,NA,NA,NA,NA,NA,NA,NA,NA,NA,NA,NA,NA,NA,NA,NA
"FASMEE23","Button","Ambient","S9PI",20241217,"12/19/2024","Lampman","B3B","B3","A",21,7,0,7,NA,"","","F23D",2023-10-09,2023-10-09 12:17:00,2023-10-09 18:17:00,2,"Blue","PTFE",4,40,10,2023-10-09 18:17:00,2023-10-09 18:27:00,"","B3",20,0.02,1.2125,1.1125,0.1,0,5.8875,5.8875,1,5.5009375,5.07125,0,1.92875,1.92875,-3.91202300542815,1,2528750,696760.9375,0,696760.9375,1,NA,NA,NA,NA,3,3.73360545454545,3.7674,4.8602,0.0431818181818182,0,2.25,0.0431818181818182,0,2.25,14.1910331384016,13.8888888888889,16.1111111111111,11.6666666666667,23.6842105263158,23,21,26,3.35815549149463,3.54856909262987,4.02892321604069,2.75476213820575,46.75,16.5,0,0,0,0,72,72,72,72,1.32638510836598,"Good","None",NA,NA,NA,NA,NA,NA,NA,NA,NA,NA,NA,NA,NA,NA,NA,NA,NA,NA,NA,NA,NA,NA
"FASMEE23","Button","Ambient","S9PI",20241217,"12/19/2024","Lampman","R1B","R1","A",26,7,0,7,NA,"","","F23D",2023-10-08,2023-10-08 13:09:00,2023-10-08 19:09:00,1,"Red","PTFE",4,40,10,2023-10-08 19:09:00,2023-10-08 19:19:00,"","R1",20,0.02,1.2125,1.1125,0.1,0,5.8875,5.8875,1,5.5009375,5.07125,0,1.92875,1.92875,-3.91202300542815,1,2528750,696760.9375,0,696760.9375,1,NA,NA,NA,NA,NA,NA,NA,NA,NA,NA,NA,NA,NA,NA,NA,NA,NA,NA,NA,NA,NA,NA,NA,NA,NA,NA,NA,NA,NA,NA,NA,NA,NA,NA,NA,NA,NA,NA,NA,NA,NA,NA,NA,NA,NA,NA,NA,NA,NA,NA,NA,NA,NA,NA,NA,NA,NA,NA,NA,NA,NA
"FASMEE23","Button","Ambient","S9PI",20241217,"12/19/2024","Lampman","R1B","R1","A",29,7,0,7,NA,"","","F23D",2023-10-08,2023-10-08 13:09:00,2023-10-08 19:09:00,1,"Red","PTFE",4,40,10,2023-10-08 19:09:00,2023-10-08 19:19:00,"","R1",20,0.02,1.2125,1.1125,0.1,0,5.8875,5.8875,1,5.5009375,5.07125,0,1.92875,1.92875,-3.91202300542815,1,2528750,696760.9375,0,696760.9375,1,NA,NA,NA,NA,NA,NA,NA,NA,NA,NA,NA,NA,NA,NA,NA,NA,NA,NA,NA,NA,NA,NA,NA,NA,NA,NA,NA,NA,NA,NA,NA,NA,NA,NA,NA,NA,NA,NA,NA,NA,NA,NA,NA,NA,NA,NA,NA,NA,NA,NA,NA,NA,NA,NA,NA,NA,NA,NA,NA,NA,NA
"FASMEE23","Button","Ambient","S9PI",20241217,"12/20/2024","Lampman","R2B","R2","A",7,7,0,7,NA,"","","F23D",2023-10-08,2023-10-08 13:40:00,2023-10-08 19:40:00,1,"Red","PTFE",4,40,10,2023-10-08 19:40:00,2023-10-08 19:50:00,"","R2",20,0.02,1.2125,1.1125,0.1,0,5.8875,5.8875,1,5.5009375,5.07125,0,1.92875,1.92875,-3.91202300542815,1,2528750,696760.9375,0,696760.9375,1,NA,NA,NA,NA,NA,NA,NA,NA,NA,NA,NA,NA,NA,NA,NA,NA,NA,NA,NA,NA,NA,NA,NA,NA,NA,NA,NA,NA,NA,NA,NA,NA,NA,NA,NA,NA,NA,NA,NA,NA,NA,NA,NA,NA,NA,NA,NA,NA,NA,NA,NA,NA,NA,NA,NA,NA,NA,NA,NA,NA,NA
"FASMEE23","Button","Ambient","S9PI",20241217,"12/20/2024","Lampman","R2B","R2","A",12,7,0,7,NA,"","","F23D",2023-10-08,2023-10-08 13:40:00,2023-10-08 19:40:00,1,"Red","PTFE",4,40,10,2023-10-08 19:40:00,2023-10-08 19:50:00,"","R2",20,0.02,1.2125,1.1125,0.1,0,5.8875,5.8875,1,5.5009375,5.07125,0,1.92875,1.92875,-3.91202300542815,1,2528750,696760.9375,0,696760.9375,1,NA,NA,NA,NA,NA,NA,NA,NA,NA,NA,NA,NA,NA,NA,NA,NA,NA,NA,NA,NA,NA,NA,NA,NA,NA,NA,NA,NA,NA,NA,NA,NA,NA,NA,NA,NA,NA,NA,NA,NA,NA,NA,NA,NA,NA,NA,NA,NA,NA,NA,NA,NA,NA,NA,NA,NA,NA,NA,NA,NA,NA
"FASMEE23","Button","Ambient","S9PI",20241217,"12/20/2024","Lampman","R2B","R2","A",25,7,0,7,NA,"","","F23D",2023-10-08,2023-10-08 13:40:00,2023-10-08 19:40:00,1,"Red","PTFE",4,40,10,2023-10-08 19:40:00,2023-10-08 19:50:00,"","R2",20,0.02,1.2125,1.1125,0.1,0,5.8875,5.8875,1,5.5009375,5.07125,0,1.92875,1.92875,-3.91202300542815,1,2528750,696760.9375,0,696760.9375,1,NA,NA,NA,NA,NA,NA,NA,NA,NA,NA,NA,NA,NA,NA,NA,NA,NA,NA,NA,NA,NA,NA,NA,NA,NA,NA,NA,NA,NA,NA,NA,NA,NA,NA,NA,NA,NA,NA,NA,NA,NA,NA,NA,NA,NA,NA,NA,NA,NA,NA,NA,NA,NA,NA,NA,NA,NA,NA,NA,NA,NA
"FASMEE23","Button","Ambient","S9PI",20241217,"12/20/2024","Lampman","R3B","R3","A",9,7,0,7,NA,"","","F23D",2023-10-08,2023-10-08 14:10:00,2023-10-08 20:10:00,1,"Red","PTFE",4,40,10,2023-10-08 20:10:00,2023-10-08 20:20:00,"","R3",20,0.02,1.2125,1.1125,0.1,0,5.8875,5.8875,1,5.5009375,5.07125,0,1.92875,1.92875,-3.91202300542815,1,2528750,696760.9375,0,696760.9375,1,NA,NA,NA,NA,NA,NA,NA,NA,NA,NA,NA,NA,NA,NA,NA,NA,NA,NA,NA,NA,NA,NA,NA,NA,NA,NA,NA,NA,NA,NA,NA,NA,NA,NA,NA,NA,NA,NA,NA,NA,NA,NA,NA,NA,NA,NA,NA,NA,NA,NA,NA,NA,NA,NA,NA,NA,NA,NA,NA,NA,NA
"FASMEE23","Button","Ambient","S9PI",20241217,"12/20/2024","Lampman","R3B","R3","A",25,7,1,8,NA,"","","F23D",2023-10-08,2023-10-08 14:10:00,2023-10-08 20:10:00,1,"Red","PTFE",4,40,10,2023-10-08 20:10:00,2023-10-08 20:20:00,"","R3",20,0.02,1.2125,1.1125,0.1,0.9,5.8875,6.7875,0.867403314917127,5.5009375,5.07125,0.5703125,1.92875,2.4990625,-3.91202300542815,0.875,2890000,902786.328125,206025.390625,696760.9375,0.771789421032887,NA,NA,NA,NA,NA,NA,NA,NA,NA,NA,NA,NA,NA,NA,NA,NA,NA,NA,NA,NA,NA,NA,NA,NA,NA,NA,NA,NA,NA,NA,NA,NA,NA,NA,NA,NA,NA,NA,NA,NA,NA,NA,NA,NA,NA,NA,NA,NA,NA,NA,NA,NA,NA,NA,NA,NA,NA,NA,NA,NA,NA
"FASMEE23","Button","Ambient","S9PI",20241217,"12/20/2024","Lampman","R3B","R3","A",33,7,8,15,NA,"","PHOTO 004","F23D",2023-10-08,2023-10-08 14:10:00,2023-10-08 20:10:00,1,"Red","PTFE",4,40,10,2023-10-08 20:10:00,2023-10-08 20:20:00,"","R3",20,0.02,1.2125,1.1125,0.1,7.9,5.8875,13.7875,0.42701722574796,5.5009375,5.07125,7.5703125,1.92875,9.4990625,-3.91202300542815,0.466666666666667,5418750,3431536.328125,2734775.390625,696760.9375,0.203046353258545,NA,NA,NA,NA,NA,NA,NA,NA,NA,NA,NA,NA,NA,NA,NA,NA,NA,NA,NA,NA,NA,NA,NA,NA,NA,NA,NA,NA,NA,NA,NA,NA,NA,NA,NA,NA,NA,NA,NA,NA,NA,NA,NA,NA,NA,NA,NA,NA,NA,NA,NA,NA,NA,NA,NA,NA,NA,NA,NA,NA,NA
"FASMEE23","Button","Ambient","S9PI",20241223,"12/23/2024","Lampman","R4B","R4","A",8,7,4,11,NA,"","","F23D",2023-10-08,2023-10-08 14:28:00,2023-10-08 20:28:00,1,"Red","PTFE",4,40,10,2023-10-08 20:28:00,2023-10-08 20:38:00,"","R4",20,0.02,1.2125,1.1125,0.1,3.9,5.8875,9.7875,0.601532567049809,5.5009375,5.07125,3.5703125,1.92875,5.4990625,-3.91202300542815,0.636363636363636,3973750,1986536.328125,1289775.390625,696760.9375,0.350741603682446,NA,NA,NA,NA,NA,NA,NA,NA,NA,NA,NA,NA,NA,NA,NA,NA,NA,NA,NA,NA,NA,NA,NA,NA,NA,NA,NA,NA,NA,NA,NA,NA,NA,NA,NA,NA,NA,NA,NA,NA,NA,NA,NA,NA,NA,NA,NA,NA,NA,NA,NA,NA,NA,NA,NA,NA,NA,NA,NA,NA,NA
"FASMEE23","Button","Ambient","S9PI",20241223,"12/23/2024","Lampman","R4B","R4","A",20,7,0,7,NA,"","","F23D",2023-10-08,2023-10-08 14:28:00,2023-10-08 20:28:00,1,"Red","PTFE",4,40,10,2023-10-08 20:28:00,2023-10-08 20:38:00,"","R4",20,0.02,1.2125,1.1125,0.1,0,5.8875,5.8875,1,5.5009375,5.07125,0,1.92875,1.92875,-3.91202300542815,1,2528750,696760.9375,0,696760.9375,1,NA,NA,NA,NA,NA,NA,NA,NA,NA,NA,NA,NA,NA,NA,NA,NA,NA,NA,NA,NA,NA,NA,NA,NA,NA,NA,NA,NA,NA,NA,NA,NA,NA,NA,NA,NA,NA,NA,NA,NA,NA,NA,NA,NA,NA,NA,NA,NA,NA,NA,NA,NA,NA,NA,NA,NA,NA,NA,NA,NA,NA
"FASMEE23","Button","Ambient","S9PI",20241223,"12/23/2024","Lampman","R4B","R4","A",37,7,0,7,NA,"","","F23D",2023-10-08,2023-10-08 14:28:00,2023-10-08 20:28:00,1,"Red","PTFE",4,40,10,2023-10-08 20:28:00,2023-10-08 20:38:00,"","R4",20,0.02,1.2125,1.1125,0.1,0,5.8875,5.8875,1,5.5009375,5.07125,0,1.92875,1.92875,-3.91202300542815,1,2528750,696760.9375,0,696760.9375,1,NA,NA,NA,NA,NA,NA,NA,NA,NA,NA,NA,NA,NA,NA,NA,NA,NA,NA,NA,NA,NA,NA,NA,NA,NA,NA,NA,NA,NA,NA,NA,NA,NA,NA,NA,NA,NA,NA,NA,NA,NA,NA,NA,NA,NA,NA,NA,NA,NA,NA,NA,NA,NA,NA,NA,NA,NA,NA,NA,NA,NA
"FASMEE23","Button","Smoke","S9PI",20250115,"1/31/2025","Lampman","B6B","B6","A",17,7,0,7,NA,"","","F23E",2023-10-09,2023-10-09 15:17:00,2023-10-09 21:17:00,2,"Blue","PTFE",4,60,15,2023-10-09 21:17:00,2023-10-09 21:32:00,"","B6",30,0.03,2.1,2.1,0,0,4.9,4.9,1,6.3884375,6.05875,0,0.94125,0.94125,-3.50655789731998,1,1685833.33333333,226684.375,0,226684.375,1,0,0,0,NA,6,2552.17293182856,2955.6625303125,6517.6734277669,154.507209302326,194.25,313.25,1664.15703488372,1963.75,3738.33,13.8242894056848,13.8888888888889,15.5555555555556,11.1111111111111,23.2209302325581,23,22,26,3.31172741096193,3.36444793603563,3.99314168636426,2.60160702948977,31377.8325,30549.3325,22195.395,4200.125,822.5,468.5,83635.29,87917.25,88776.25,89658.9375,7.9914781112452,"Hazardous","High",431.473416388428,332.035187727671,1516.66468062123,39.6013389194573,823.729565151522,1165.0074584524,35.5148560084716,33.6919988392252,74.8868796292252,0.956378385565098,0.96119482754625,436.857954671367,873.715909342734,0.873715909342734,0.000873715909342734,8.73715909342734e-07,0,0,0,0,0,0
"FASMEE23","Button","Smoke","S9PI",20250115,"1/31/2025","Lampman","B6B","B6","A",19,7,6,13,NA,"","","F23E",2023-10-09,2023-10-09 15:17:00,2023-10-09 21:17:00,2,"Blue","PTFE",4,60,15,2023-10-09 21:17:00,2023-10-09 21:32:00,"","B6",30,0.03,2.1,2.1,0,6,4.9,10.9,0.44954128440367,6.3884375,6.05875,5.6703125,0.94125,6.6115625,-3.50655789731998,0.538461538461538,3130833.33333333,1592284.63541667,1365600.26041667,226684.375,0.142364229333081,0,1076024.83181424,1076024.83181424,0,6,2552.17293182856,2955.6625303125,6517.6734277669,154.507209302326,194.25,313.25,1664.15703488372,1963.75,3738.33,13.8242894056848,13.8888888888889,15.5555555555556,11.1111111111111,23.2209302325581,23,22,26,3.31172741096193,3.36444793603563,3.99314168636426,2.60160702948977,31377.8325,30549.3325,22195.395,4200.125,822.5,468.5,83635.29,87917.25,88776.25,89658.9375,7.9914781112452,"Hazardous","High",431.473416388428,332.035187727671,1516.66468062123,39.6013389194573,823.729565151522,1165.0074584524,35.5148560084716,33.6919988392252,74.8868796292252,0.956378385565098,0.96119482754625,436.857954671367,873.715909342734,0.873715909342734,0.000873715909342734,8.73715909342734e-07,1231550004192.66,0,1231550004.19266,0,1231.55000419266,0
"FASMEE23","Button","Smoke","S9PI",20250115,"1/31/2025","Lampman","B6B","B6","A",20,7,3,10,NA,"","","F23E",2023-10-09,2023-10-09 15:17:00,2023-10-09 21:17:00,2,"Blue","PTFE",4,60,15,2023-10-09 21:17:00,2023-10-09 21:32:00,"","B6",30,0.03,2.1,2.1,0,3,4.9,7.9,0.620253164556962,6.3884375,6.05875,2.6703125,0.94125,3.6115625,-3.50655789731998,0.7,2408333.33333333,869784.635416667,643100.260416667,226684.375,0.260621268495284,0,353524.831814236,353524.831814236,0,6,2552.17293182856,2955.6625303125,6517.6734277669,154.507209302326,194.25,313.25,1664.15703488372,1963.75,3738.33,13.8242894056848,13.8888888888889,15.5555555555556,11.1111111111111,23.2209302325581,23,22,26,3.31172741096193,3.36444793603563,3.99314168636426,2.60160702948977,31377.8325,30549.3325,22195.395,4200.125,822.5,468.5,83635.29,87917.25,88776.25,89658.9375,7.9914781112452,"Hazardous","High",431.473416388428,332.035187727671,1516.66468062123,39.6013389194573,823.729565151522,1165.0074584524,35.5148560084716,33.6919988392252,74.8868796292252,0.956378385565098,0.96119482754625,436.857954671367,873.715909342734,0.873715909342734,0.000873715909342734,8.73715909342734e-07,404622175279.125,0,404622175.279125,0,404.622175279125,0
"FASMEE23","Button","Ambient","S9PI",20250115,"1/31/2025","Lampman","R6B","R6","A",31,7,3,10,NA,"","","F23E",2023-10-09,2023-10-09 12:11:00,2023-10-09 18:11:00,2,"Red","PTFE",4,40,10,2023-10-09 18:11:00,2023-10-09 18:21:00,"","R6",20,0.02,2.1,2.1,0,3,4.9,7.9,0.620253164556962,6.3884375,6.05875,2.6703125,0.94125,3.6115625,-3.91202300542815,0.7,3612500,1304676.953125,964650.390625,340026.5625,0.260621268495284,NA,NA,NA,NA,NA,NA,NA,NA,NA,NA,NA,NA,NA,NA,NA,NA,NA,NA,NA,NA,NA,NA,NA,NA,NA,NA,NA,NA,NA,NA,NA,NA,NA,NA,NA,NA,NA,NA,NA,NA,NA,NA,NA,NA,NA,NA,NA,NA,NA,NA,NA,NA,NA,NA,NA,NA,NA,NA,NA,NA,NA
"FASMEE23","Button","Ambient","S9PI",20241223,"1/13/2025","Lampman","R5B","R5","A",4,7,0,7,NA,"","","F23D",2023-10-08,2023-10-08 15:41:00,2023-10-08 21:41:00,1,"Red","PTFE",4,40,10,2023-10-08 21:41:00,2023-10-08 21:51:00,"","R5",20,0.02,1.2125,1.1125,0.1,0,5.8875,5.8875,1,5.5009375,5.07125,0,1.92875,1.92875,-3.91202300542815,1,2528750,696760.9375,0,696760.9375,1,NA,NA,NA,NA,NA,NA,NA,NA,NA,NA,NA,NA,NA,NA,NA,NA,NA,NA,NA,NA,NA,NA,NA,NA,NA,NA,NA,NA,NA,NA,NA,NA,NA,NA,NA,NA,NA,NA,NA,NA,NA,NA,NA,NA,NA,NA,NA,NA,NA,NA,NA,NA,NA,NA,NA,NA,NA,NA,NA,NA,NA
"FASMEE23","Button","Ambient","S9PI",20241223,"1/13/2025","Lampman","R5B","R5","A",11,7,0,7,NA,"","","F23D",2023-10-08,2023-10-08 15:41:00,2023-10-08 21:41:00,1,"Red","PTFE",4,40,10,2023-10-08 21:41:00,2023-10-08 21:51:00,"","R5",20,0.02,1.2125,1.1125,0.1,0,5.8875,5.8875,1,5.5009375,5.07125,0,1.92875,1.92875,-3.91202300542815,1,2528750,696760.9375,0,696760.9375,1,NA,NA,NA,NA,NA,NA,NA,NA,NA,NA,NA,NA,NA,NA,NA,NA,NA,NA,NA,NA,NA,NA,NA,NA,NA,NA,NA,NA,NA,NA,NA,NA,NA,NA,NA,NA,NA,NA,NA,NA,NA,NA,NA,NA,NA,NA,NA,NA,NA,NA,NA,NA,NA,NA,NA,NA,NA,NA,NA,NA,NA
"FASMEE23","Button","Ambient","S9PI",20241223,"1/13/2025","Lampman","R5B","R5","A",27,7,0,7,NA,"","","F23D",2023-10-08,2023-10-08 15:41:00,2023-10-08 21:41:00,1,"Red","PTFE",4,40,10,2023-10-08 21:41:00,2023-10-08 21:51:00,"","R5",20,0.02,1.2125,1.1125,0.1,0,5.8875,5.8875,1,5.5009375,5.07125,0,1.92875,1.92875,-3.91202300542815,1,2528750,696760.9375,0,696760.9375,1,NA,NA,NA,NA,NA,NA,NA,NA,NA,NA,NA,NA,NA,NA,NA,NA,NA,NA,NA,NA,NA,NA,NA,NA,NA,NA,NA,NA,NA,NA,NA,NA,NA,NA,NA,NA,NA,NA,NA,NA,NA,NA,NA,NA,NA,NA,NA,NA,NA,NA,NA,NA,NA,NA,NA,NA,NA,NA,NA,NA,NA
"FASMEE23","Button","Smoke","S9PI",20250203,"2/12/2025","Lampman","R10B","R10","A",6,7,5,12,NA,"","","F23E",2023-10-10,2023-10-09 18:17:00,2023-10-10 00:17:00,2,"Red","PTFE",4,60,15,2023-10-10 00:17:00,2023-10-10 00:32:00,"","R10",30,0.03,2.1,2.1,0,5,4.9,9.9,0.494949494949495,6.3884375,6.05875,4.6703125,0.94125,5.6115625,-3.50655789731998,0.583333333333333,2890000,1351451.30208333,1124766.92708333,226684.375,0.167734031296987,0,835191.498480903,835191.498480903,0,NA,NA,NA,NA,NA,NA,NA,NA,NA,NA,NA,NA,NA,NA,NA,NA,NA,NA,NA,NA,NA,NA,NA,NA,NA,NA,NA,NA,NA,NA,NA,NA,NA,NA,NA,NA,NA,NA,NA,NA,NA,NA,NA,NA,NA,NA,NA,NA,NA,NA,NA,NA,NA,NA,NA,NA,NA
"FASMEE23","Button","Smoke","S9PI",20250203,"2/12/2025","Lampman","R10B","R10","A",19,7,0,7,NA,"","","F23E",2023-10-10,2023-10-09 18:17:00,2023-10-10 00:17:00,2,"Red","PTFE",4,60,15,2023-10-10 00:17:00,2023-10-10 00:32:00,"","R10",30,0.03,2.1,2.1,0,0,4.9,4.9,1,6.3884375,6.05875,0,0.94125,0.94125,-3.50655789731998,1,1685833.33333333,226684.375,0,226684.375,1,0,0,0,NA,NA,NA,NA,NA,NA,NA,NA,NA,NA,NA,NA,NA,NA,NA,NA,NA,NA,NA,NA,NA,NA,NA,NA,NA,NA,NA,NA,NA,NA,NA,NA,NA,NA,NA,NA,NA,NA,NA,NA,NA,NA,NA,NA,NA,NA,NA,NA,NA,NA,NA,NA,NA,NA,NA,NA,NA,NA
"FASMEE23","Button","Smoke","S9PI",20250203,"2/12/2025","Lampman","R10B","R10","A",25,7,0,7,NA,"","","F23E",2023-10-10,2023-10-09 18:17:00,2023-10-10 00:17:00,2,"Red","PTFE",4,60,15,2023-10-10 00:17:00,2023-10-10 00:32:00,"","R10",30,0.03,2.1,2.1,0,0,4.9,4.9,1,6.3884375,6.05875,0,0.94125,0.94125,-3.50655789731998,1,1685833.33333333,226684.375,0,226684.375,1,0,0,0,NA,NA,NA,NA,NA,NA,NA,NA,NA,NA,NA,NA,NA,NA,NA,NA,NA,NA,NA,NA,NA,NA,NA,NA,NA,NA,NA,NA,NA,NA,NA,NA,NA,NA,NA,NA,NA,NA,NA,NA,NA,NA,NA,NA,NA,NA,NA,NA,NA,NA,NA,NA,NA,NA,NA,NA,NA,NA
"FASMEE23","Button","Smoke","S9PI",20250203,"2/12/2025","Lampman","R10B","R10","A",39,7,0,7,NA,"","","F23E",2023-10-10,2023-10-09 18:17:00,2023-10-10 00:17:00,2,"Red","PTFE",4,60,15,2023-10-10 00:17:00,2023-10-10 00:32:00,"","R10",30,0.03,2.1,2.1,0,0,4.9,4.9,1,6.3884375,6.05875,0,0.94125,0.94125,-3.50655789731998,1,1685833.33333333,226684.375,0,226684.375,1,0,0,0,NA,NA,NA,NA,NA,NA,NA,NA,NA,NA,NA,NA,NA,NA,NA,NA,NA,NA,NA,NA,NA,NA,NA,NA,NA,NA,NA,NA,NA,NA,NA,NA,NA,NA,NA,NA,NA,NA,NA,NA,NA,NA,NA,NA,NA,NA,NA,NA,NA,NA,NA,NA,NA,NA,NA,NA,NA,NA
"FASMEE23","Button","Smoke","S9PI",20250212,"2/24/2025","Lampman","R12B","R12","A",12,7,10,17,1,"10","ph53","F23F",2023-10-10,2023-10-10 15:09:00,2023-10-10 21:09:00,3,"Red","PTFE",4,60,15,2023-10-10 21:09:00,2023-10-10 21:24:00,"","R12",30,0.03,1.25,1.25,0,10,5.75,15.75,0.365079365079365,5.5384375,5.20875,9.6703125,1.79125,11.4615625,-3.50655789731998,0.411764705882353,4094166.66666667,2760326.30208333,2328933.59375,431392.708333333,0.156283229271751,0,2039358.16514757,2039358.16514757,0,NA,NA,NA,NA,NA,NA,NA,NA,NA,NA,NA,NA,NA,NA,NA,NA,NA,NA,NA,NA,NA,NA,NA,NA,NA,NA,NA,NA,NA,NA,NA,NA,NA,NA,NA,NA,NA,NA,NA,NA,NA,NA,NA,NA,NA,NA,NA,NA,NA,NA,NA,NA,NA,NA,NA,NA,NA
"FASMEE23","Button","Smoke","S9PI",20250212,"2/24/2025","Lampman","R12B","R12","A",20,7,0,7,NA,"","","F23F",2023-10-10,2023-10-10 15:09:00,2023-10-10 21:09:00,3,"Red","PTFE",4,60,15,2023-10-10 21:09:00,2023-10-10 21:24:00,"","R12",30,0.03,1.25,1.25,0,0,5.75,5.75,1,5.5384375,5.20875,0,1.79125,1.79125,-3.50655789731998,1,1685833.33333333,431392.708333333,0,431392.708333333,1,0,0,0,NA,NA,NA,NA,NA,NA,NA,NA,NA,NA,NA,NA,NA,NA,NA,NA,NA,NA,NA,NA,NA,NA,NA,NA,NA,NA,NA,NA,NA,NA,NA,NA,NA,NA,NA,NA,NA,NA,NA,NA,NA,NA,NA,NA,NA,NA,NA,NA,NA,NA,NA,NA,NA,NA,NA,NA,NA,NA
"FASMEE23","Button","Smoke","S9PI",20250212,"2/24/2025","Lampman","R13B","R13","A",4,7,0,7,NA,"","","F23F",2023-10-11,2023-10-10 18:25:00,2023-10-11 00:25:00,3,"Red","PTFE",4,60,15,2023-10-11 00:25:00,2023-10-11 00:40:00,"Partial smoke at best","R13",30,0.03,1.25,1.25,0,0,5.75,5.75,1,5.5384375,5.20875,0,1.79125,1.79125,-3.50655789731998,1,1685833.33333333,431392.708333333,0,431392.708333333,1,0,0,0,NA,NA,NA,NA,NA,NA,NA,NA,NA,NA,NA,NA,NA,NA,NA,NA,NA,NA,NA,NA,NA,NA,NA,NA,NA,NA,NA,NA,NA,NA,NA,NA,NA,NA,NA,NA,NA,NA,NA,NA,NA,NA,NA,NA,NA,NA,NA,NA,NA,NA,NA,NA,NA,NA,NA,NA,NA,NA
"FASMEE23","Button","Smoke","S9PI",20250212,"2/24/2025","Lampman","R13B","R13","A",12,7,0,7,NA,"","","F23F",2023-10-11,2023-10-10 18:25:00,2023-10-11 00:25:00,3,"Red","PTFE",4,60,15,2023-10-11 00:25:00,2023-10-11 00:40:00,"Partial smoke at best","R13",30,0.03,1.25,1.25,0,0,5.75,5.75,1,5.5384375,5.20875,0,1.79125,1.79125,-3.50655789731998,1,1685833.33333333,431392.708333333,0,431392.708333333,1,0,0,0,NA,NA,NA,NA,NA,NA,NA,NA,NA,NA,NA,NA,NA,NA,NA,NA,NA,NA,NA,NA,NA,NA,NA,NA,NA,NA,NA,NA,NA,NA,NA,NA,NA,NA,NA,NA,NA,NA,NA,NA,NA,NA,NA,NA,NA,NA,NA,NA,NA,NA,NA,NA,NA,NA,NA,NA,NA,NA
"FASMEE23","Button","Smoke","S9PI",20250212,"2/26/2025","Lampman","R14B","R14","A",2,7,1,8,NA,"","","F23F",2023-10-11,2023-10-10 18:53:00,2023-10-11 00:53:00,3,"Red","PTFE",4,60,15,2023-10-11 00:53:00,2023-10-11 01:08:00,"Partial smoke at best","R14",30,0.03,1.25,1.25,0,1,5.75,6.75,0.851851851851852,5.5384375,5.20875,0.6703125,1.79125,2.4615625,-3.50655789731998,0.875,1926666.66666667,592826.302083333,161433.59375,431392.708333333,0.727688206169862,0,0,0,NA,NA,NA,NA,NA,NA,NA,NA,NA,NA,NA,NA,NA,NA,NA,NA,NA,NA,NA,NA,NA,NA,NA,NA,NA,NA,NA,NA,NA,NA,NA,NA,NA,NA,NA,NA,NA,NA,NA,NA,NA,NA,NA,NA,NA,NA,NA,NA,NA,NA,NA,NA,NA,NA,NA,NA,NA,NA
"FASMEE23","Button","Smoke","S9PI",20250212,"2/26/2025","Lampman","R14B","R14","A",28,7,1,8,NA,"","","F23F",2023-10-11,2023-10-10 18:53:00,2023-10-11 00:53:00,3,"Red","PTFE",4,60,15,2023-10-11 00:53:00,2023-10-11 01:08:00,"Partial smoke at best","R14",30,0.03,1.25,1.25,0,1,5.75,6.75,0.851851851851852,5.5384375,5.20875,0.6703125,1.79125,2.4615625,-3.50655789731998,0.875,1926666.66666667,592826.302083333,161433.59375,431392.708333333,0.727688206169862,0,0,0,NA,NA,NA,NA,NA,NA,NA,NA,NA,NA,NA,NA,NA,NA,NA,NA,NA,NA,NA,NA,NA,NA,NA,NA,NA,NA,NA,NA,NA,NA,NA,NA,NA,NA,NA,NA,NA,NA,NA,NA,NA,NA,NA,NA,NA,NA,NA,NA,NA,NA,NA,NA,NA,NA,NA,NA,NA,NA
"FASMEE23","Button","Smoke","S9PI",20250212,"2/26/2025","Lampman","R14B","R14","A",32,7,4,11,NA,"","","F23F",2023-10-11,2023-10-10 18:53:00,2023-10-11 00:53:00,3,"Red","PTFE",4,60,15,2023-10-11 00:53:00,2023-10-11 01:08:00,"Partial smoke at best","R14",30,0.03,1.25,1.25,0,4,5.75,9.75,0.58974358974359,5.5384375,5.20875,3.6703125,1.79125,5.4615625,-3.50655789731998,0.636363636363636,2649166.66666667,1315326.30208333,883933.59375,431392.708333333,0.327973908565543,0,594358.165147569,594358.165147569,0,NA,NA,NA,NA,NA,NA,NA,NA,NA,NA,NA,NA,NA,NA,NA,NA,NA,NA,NA,NA,NA,NA,NA,NA,NA,NA,NA,NA,NA,NA,NA,NA,NA,NA,NA,NA,NA,NA,NA,NA,NA,NA,NA,NA,NA,NA,NA,NA,NA,NA,NA,NA,NA,NA,NA,NA,NA
"FASMEE23","Button","Smoke","S9PI",20250117,"3/3/2025","Lampman","R7B","R7","A",34,7,4,11,NA,"","","F23E",2023-10-09,2023-10-09 12:33:00,2023-10-09 18:33:00,2,"Red","PTFE",4,40,10,2023-10-09 18:33:00,2023-10-09 18:43:00,"Partial smoke towards end of sample","R7",20,0.02,2.1,2.1,0,4,4.9,8.9,0.550561797752809,6.3884375,6.05875,3.6703125,0.94125,4.6115625,-3.91202300542815,0.636363636363636,3973750,1665926.953125,1325900.390625,340026.5625,0.204106525716609,0,1036324.96202257,1036324.96202257,0,NA,NA,NA,NA,NA,NA,NA,NA,NA,NA,NA,NA,NA,NA,NA,NA,NA,NA,NA,NA,NA,NA,NA,NA,NA,NA,NA,NA,NA,NA,NA,NA,NA,NA,NA,NA,NA,NA,NA,NA,NA,NA,NA,NA,NA,NA,NA,NA,NA,NA,NA,NA,NA,NA,NA,NA,NA
"FASMEE23","Button","Smoke","S9PI",20250117,"3/3/2025","Lampman","R7B","R7","A",39,7,0,7,NA,"","","F23E",2023-10-09,2023-10-09 12:33:00,2023-10-09 18:33:00,2,"Red","PTFE",4,40,10,2023-10-09 18:33:00,2023-10-09 18:43:00,"Partial smoke towards end of sample","R7",20,0.02,2.1,2.1,0,0,4.9,4.9,1,6.3884375,6.05875,0,0.94125,0.94125,-3.91202300542815,1,2528750,340026.5625,0,340026.5625,1,0,0,0,NA,NA,NA,NA,NA,NA,NA,NA,NA,NA,NA,NA,NA,NA,NA,NA,NA,NA,NA,NA,NA,NA,NA,NA,NA,NA,NA,NA,NA,NA,NA,NA,NA,NA,NA,NA,NA,NA,NA,NA,NA,NA,NA,NA,NA,NA,NA,NA,NA,NA,NA,NA,NA,NA,NA,NA,NA,NA
"FASMEE23","Button","Smoke","S9PI",20250127,"3/3/2025","Lampman","B9B","B9","A",24,7,0,7,NA,"","","F23E",2023-10-10,2023-10-10 15:09:00,2023-10-10 21:09:00,3,"Blue","PTFE",4,60,15,2023-10-10 21:09:00,2023-10-10 21:24:00,"","B9",30,0.03,2.1,2.1,0,0,4.9,4.9,1,6.3884375,6.05875,0,0.94125,0.94125,-3.50655789731998,1,1685833.33333333,226684.375,0,226684.375,1,0,0,0,NA,9,584.100794087505,188.516922417344,3114.5911041344,176.698148148148,130.5,422.625,446.172839506173,237.875,1716.21,10.8074935400517,10.5555555555556,11.6666666666667,10,33.0116279069767,33,31,34,3.84755654322465,3.82515368908763,4.16705056996941,3.64859285797902,11336.5,10298.67,2475.79,88.25,0.125,0,24722.5,24835.125,24836.25,24837.375,5.23918777695593,"Very Unhealthy","Low",61.2042743966305,66.3921308617705,201.814906555965,15.7464380900351,108.784440826061,218.711205508665,12.1776042318889,13.3199766930851,24.5377224480851,0.896793933565282,0.89807374740202,62.9928010192709,125.985602038542,0.125985602038542,0.000125985602038542,1.25985602038542e-07,0,0,0,0,0,0
"FASMEE23","Button","Smoke","S9PI",20250127,"3/3/2025","Lampman","B9B","B9","A",27,7,5,12,NA,"","","F23E",2023-10-10,2023-10-10 15:09:00,2023-10-10 21:09:00,3,"Blue","PTFE",4,60,15,2023-10-10 21:09:00,2023-10-10 21:24:00,"","B9",30,0.03,2.1,2.1,0,5,4.9,9.9,0.494949494949495,6.3884375,6.05875,4.6703125,0.94125,5.6115625,-3.50655789731998,0.583333333333333,2890000,1351451.30208333,1124766.92708333,226684.375,0.167734031296987,0,835191.498480903,835191.498480903,0,9,584.100794087505,188.516922417344,3114.5911041344,176.698148148148,130.5,422.625,446.172839506173,237.875,1716.21,10.8074935400517,10.5555555555556,11.6666666666667,10,33.0116279069767,33,31,34,3.84755654322465,3.82515368908763,4.16705056996941,3.64859285797902,11336.5,10298.67,2475.79,88.25,0.125,0,24722.5,24835.125,24836.25,24837.375,5.23918777695593,"Very Unhealthy","Low",61.2042743966305,66.3921308617705,201.814906555965,15.7464380900351,108.784440826061,218.711205508665,12.1776042318889,13.3199766930851,24.5377224480851,0.896793933565282,0.89807374740202,62.9928010192709,125.985602038542,0.125985602038542,0.000125985602038542,1.25985602038542e-07,6629261478826.76,0,6629261478.82676,0,6629.26147882676,0
"FASMEE23","Button","Smoke","S9PI",20250127,"3/3/2025","Lampman","B9B","B9","A",33,7,0,7,NA,"","","F23E",2023-10-10,2023-10-10 15:09:00,2023-10-10 21:09:00,3,"Blue","PTFE",4,60,15,2023-10-10 21:09:00,2023-10-10 21:24:00,"","B9",30,0.03,2.1,2.1,0,0,4.9,4.9,1,6.3884375,6.05875,0,0.94125,0.94125,-3.50655789731998,1,1685833.33333333,226684.375,0,226684.375,1,0,0,0,NA,9,584.100794087505,188.516922417344,3114.5911041344,176.698148148148,130.5,422.625,446.172839506173,237.875,1716.21,10.8074935400517,10.5555555555556,11.6666666666667,10,33.0116279069767,33,31,34,3.84755654322465,3.82515368908763,4.16705056996941,3.64859285797902,11336.5,10298.67,2475.79,88.25,0.125,0,24722.5,24835.125,24836.25,24837.375,5.23918777695593,"Very Unhealthy","Low",61.2042743966305,66.3921308617705,201.814906555965,15.7464380900351,108.784440826061,218.711205508665,12.1776042318889,13.3199766930851,24.5377224480851,0.896793933565282,0.89807374740202,62.9928010192709,125.985602038542,0.125985602038542,0.000125985602038542,1.25985602038542e-07,0,0,0,0,0,0
"FASMEE23","Button","Smoke","S9PI",20250221,"2/28/2025","Lampman","R15B","R15","A",12,7,0,7,NA,"","","F23F",2023-10-11,2023-10-10 19:21:00,2023-10-11 01:21:00,3,"Red","PTFE",4,60,15,2023-10-11 01:21:00,2023-10-11 01:36:00,"Partial smoke at best","R15",30,0.03,1.25,1.25,0,0,5.75,5.75,1,5.5384375,5.20875,0,1.79125,1.79125,-3.50655789731998,1,1685833.33333333,431392.708333333,0,431392.708333333,1,0,0,0,NA,NA,NA,NA,NA,NA,NA,NA,NA,NA,NA,NA,NA,NA,NA,NA,NA,NA,NA,NA,NA,NA,NA,NA,NA,NA,NA,NA,NA,NA,NA,NA,NA,NA,NA,NA,NA,NA,NA,NA,NA,NA,NA,NA,NA,NA,NA,NA,NA,NA,NA,NA,NA,NA,NA,NA,NA,NA
"FASMEE23","Button","Smoke","S9PI",20250221,"2/28/2025","Lampman","R15B","R15","A",24,7,1,8,NA,"","","F23F",2023-10-11,2023-10-10 19:21:00,2023-10-11 01:21:00,3,"Red","PTFE",4,60,15,2023-10-11 01:21:00,2023-10-11 01:36:00,"Partial smoke at best","R15",30,0.03,1.25,1.25,0,1,5.75,6.75,0.851851851851852,5.5384375,5.20875,0.6703125,1.79125,2.4615625,-3.50655789731998,0.875,1926666.66666667,592826.302083333,161433.59375,431392.708333333,0.727688206169862,0,0,0,NA,NA,NA,NA,NA,NA,NA,NA,NA,NA,NA,NA,NA,NA,NA,NA,NA,NA,NA,NA,NA,NA,NA,NA,NA,NA,NA,NA,NA,NA,NA,NA,NA,NA,NA,NA,NA,NA,NA,NA,NA,NA,NA,NA,NA,NA,NA,NA,NA,NA,NA,NA,NA,NA,NA,NA,NA,NA
"FASMEE23","Button","Smoke","S9PI",20250127,"3/5/2025","Lampman","R9B","R9","A",14,7,0,7,NA,"","","F23E",2023-10-09,2023-10-09 15:17:00,2023-10-09 21:17:00,2,"Red","PTFE",4,60,15,2023-10-09 21:17:00,2023-10-09 21:32:00,"","R9",30,0.03,2.1,2.1,0,0,4.9,4.9,1,6.3884375,6.05875,0,0.94125,0.94125,-3.50655789731998,1,1685833.33333333,226684.375,0,226684.375,1,0,0,0,NA,NA,NA,NA,NA,NA,NA,NA,NA,NA,NA,NA,NA,NA,NA,NA,NA,NA,NA,NA,NA,NA,NA,NA,NA,NA,NA,NA,NA,NA,NA,NA,NA,NA,NA,NA,NA,NA,NA,NA,NA,NA,NA,NA,NA,NA,NA,NA,NA,NA,NA,NA,NA,NA,NA,NA,NA,NA
"FASMEE23","Button","Smoke","S9PI",20250127,"3/5/2025","Lampman","R9B","R9","A",37,7,0,7,NA,"","","F23E",2023-10-09,2023-10-09 15:17:00,2023-10-09 21:17:00,2,"Red","PTFE",4,60,15,2023-10-09 21:17:00,2023-10-09 21:32:00,"","R9",30,0.03,2.1,2.1,0,0,4.9,4.9,1,6.3884375,6.05875,0,0.94125,0.94125,-3.50655789731998,1,1685833.33333333,226684.375,0,226684.375,1,0,0,0,NA,NA,NA,NA,NA,NA,NA,NA,NA,NA,NA,NA,NA,NA,NA,NA,NA,NA,NA,NA,NA,NA,NA,NA,NA,NA,NA,NA,NA,NA,NA,NA,NA,NA,NA,NA,NA,NA,NA,NA,NA,NA,NA,NA,NA,NA,NA,NA,NA,NA,NA,NA,NA,NA,NA,NA,NA,NA
"FASMEE23","Button","Smoke","S9PI",20240505,"3/31/2025","Lampman","R8B","R8B","A",23,7,0,7,NA,"","","F23A",2023-10-09,2023-10-09 14:54:00,2023-10-09 20:54:00,2,"Red","PTFE",4,60,15,2023-10-09 20:54:00,2023-10-09 21:09:00,"Tons of smoke, probably best sample","R8",30,0.03,2.225,2.225,0,0,4.775,4.775,1,6.5134375,6.18375,0,0.81625,0.81625,-3.50655789731998,1,1685833.33333333,196580.208333333,0,196580.208333333,1,0,0,0,NA,NA,NA,NA,NA,NA,NA,NA,NA,NA,NA,NA,NA,NA,NA,NA,NA,NA,NA,NA,NA,NA,NA,NA,NA,NA,NA,NA,NA,NA,NA,NA,NA,NA,NA,NA,NA,NA,NA,NA,NA,NA,NA,NA,NA,NA,NA,NA,NA,NA,NA,NA,NA,NA,NA,NA,NA,NA
"FASMEE23","Button","Smoke","S9PI",20240505,"3/31/2025","Lampman","R8B","R8B","A",40,7,6,13,NA,"","","F23A",2023-10-09,2023-10-09 14:54:00,2023-10-09 20:54:00,2,"Red","PTFE",4,60,15,2023-10-09 20:54:00,2023-10-09 21:09:00,"Tons of smoke, probably best sample","R8",30,0.03,2.225,2.225,0,6,4.775,10.775,0.443155452436195,6.5134375,6.18375,5.6703125,0.81625,6.4865625,-3.50655789731998,0.538461538461538,3130833.33333333,1562180.46875,1365600.26041667,196580.208333333,0.125837067013538,0,1076024.83181424,1076024.83181424,0,NA,NA,NA,NA,NA,NA,NA,NA,NA,NA,NA,NA,NA,NA,NA,NA,NA,NA,NA,NA,NA,NA,NA,NA,NA,NA,NA,NA,NA,NA,NA,NA,NA,NA,NA,NA,NA,NA,NA,NA,NA,NA,NA,NA,NA,NA,NA,NA,NA,NA,NA,NA,NA,NA,NA,NA,NA
"FASMEE23","Button","Smoke","S9PI",20250221,"4/11/2025","Lampman","B7B","B7","A",4,7,2,9,NA,"","","F23F",2023-10-10,2023-10-09 18:17:00,2023-10-10 00:17:00,2,"Blue","PTFE",4,60,15,2023-10-10 00:17:00,2023-10-10 00:32:00,"","B7",30,0.03,1.25,1.25,0,2,5.75,7.75,0.741935483870968,5.5384375,5.20875,1.6703125,1.79125,3.4615625,-3.50655789731998,0.777777777777778,2167500,833659.635416667,402266.927083333,431392.708333333,0.517468628690078,0,112691.498480903,112691.498480903,0,7,1625.52013208166,1670.54342003125,4296.5432918125,191.864464285714,243.5,323.75,1134.54755952381,1266.25,2565.125,11.9378306878307,12.2222222222222,12.7777777777778,9.44444444444444,27.4642857142857,27,27,29,3.43830869055206,3.49798559298276,3.81130962441916,2.83267941327911,27600.25,26431.75,16400.9375,2164.5625,366.75,209,70499.125,72762.875,73162.6025,73501.915,7.42090425369562,"Hazardous","High",NA,NA,NA,NA,NA,NA,NA,NA,NA,NA,NA,NA,NA,NA,NA,NA,NA,NA,NA,NA,NA,NA
"FASMEE23","Button","Smoke","S9PI",20250221,"4/11/2025","Lampman","B7B","B7","A",11,7,0,7,NA,"","","F23F",2023-10-10,2023-10-09 18:17:00,2023-10-10 00:17:00,2,"Blue","PTFE",4,60,15,2023-10-10 00:17:00,2023-10-10 00:32:00,"","B7",30,0.03,1.25,1.25,0,0,5.75,5.75,1,5.5384375,5.20875,0,1.79125,1.79125,-3.50655789731998,1,1685833.33333333,431392.708333333,0,431392.708333333,1,0,0,0,NA,7,1625.52013208166,1670.54342003125,4296.5432918125,191.864464285714,243.5,323.75,1134.54755952381,1266.25,2565.125,11.9378306878307,12.2222222222222,12.7777777777778,9.44444444444444,27.4642857142857,27,27,29,3.43830869055206,3.49798559298276,3.81130962441916,2.83267941327911,27600.25,26431.75,16400.9375,2164.5625,366.75,209,70499.125,72762.875,73162.6025,73501.915,7.42090425369562,"Hazardous","High",NA,NA,NA,NA,NA,NA,NA,NA,NA,NA,NA,NA,NA,NA,NA,NA,NA,NA,NA,NA,NA,NA
"FASMEE23","Button","Smoke","S9PI",20250221,"4/11/2025","Lampman","B7B","B7","A",34,7,0,7,NA,"","","F23F",2023-10-10,2023-10-09 18:17:00,2023-10-10 00:17:00,2,"Blue","PTFE",4,60,15,2023-10-10 00:17:00,2023-10-10 00:32:00,"","B7",30,0.03,1.25,1.25,0,0,5.75,5.75,1,5.5384375,5.20875,0,1.79125,1.79125,-3.50655789731998,1,1685833.33333333,431392.708333333,0,431392.708333333,1,0,0,0,NA,7,1625.52013208166,1670.54342003125,4296.5432918125,191.864464285714,243.5,323.75,1134.54755952381,1266.25,2565.125,11.9378306878307,12.2222222222222,12.7777777777778,9.44444444444444,27.4642857142857,27,27,29,3.43830869055206,3.49798559298276,3.81130962441916,2.83267941327911,27600.25,26431.75,16400.9375,2164.5625,366.75,209,70499.125,72762.875,73162.6025,73501.915,7.42090425369562,"Hazardous","High",NA,NA,NA,NA,NA,NA,NA,NA,NA,NA,NA,NA,NA,NA,NA,NA,NA,NA,NA,NA,NA,NA
"FASMEE23","Button","Smoke","S9PI",20250221,"3/10/2025","Lampman","B8B","B8","A",4,7,0,7,NA,"","","F23F",2023-10-10,2023-10-09 18:45:00,2023-10-10 00:45:00,2,"Blue","PTFE",4,60,15,2023-10-10 00:45:00,2023-10-10 01:00:00,"","B8",30,0.03,1.25,1.25,0,0,5.75,5.75,1,5.5384375,5.20875,0,1.79125,1.79125,-3.50655789731998,1,1685833.33333333,431392.708333333,0,431392.708333333,1,0,0,0,NA,8,1205.06665382693,1303.733104,3018.616525,226.646470588235,286,417.125,876.608941176471,1025.165,1821,12.078431372549,11.6666666666667,13.8888888888889,10.5555555555556,27.6117647058824,28,26,30,3.48006033349395,3.49058669865849,3.8025217445426,3.05727862595733,26588.54,25222.5,13803,1123.75,154.17,81.33,66054.875,67628,67854.375,68080.75,7.17298704669122,"Hazardous","High",NA,NA,NA,NA,NA,NA,NA,NA,NA,NA,NA,NA,NA,NA,NA,NA,NA,NA,NA,NA,NA,NA
"FASMEE23","Button","Smoke","S9PI",20250221,"3/10/2025","Lampman","B8B","B8","A",29,7,0,7,NA,"","","F23F",2023-10-10,2023-10-09 18:45:00,2023-10-10 00:45:00,2,"Blue","PTFE",4,60,15,2023-10-10 00:45:00,2023-10-10 01:00:00,"","B8",30,0.03,1.25,1.25,0,0,5.75,5.75,1,5.5384375,5.20875,0,1.79125,1.79125,-3.50655789731998,1,1685833.33333333,431392.708333333,0,431392.708333333,1,0,0,0,NA,8,1205.06665382693,1303.733104,3018.616525,226.646470588235,286,417.125,876.608941176471,1025.165,1821,12.078431372549,11.6666666666667,13.8888888888889,10.5555555555556,27.6117647058824,28,26,30,3.48006033349395,3.49058669865849,3.8025217445426,3.05727862595733,26588.54,25222.5,13803,1123.75,154.17,81.33,66054.875,67628,67854.375,68080.75,7.17298704669122,"Hazardous","High",NA,NA,NA,NA,NA,NA,NA,NA,NA,NA,NA,NA,NA,NA,NA,NA,NA,NA,NA,NA,NA,NA
"FASMEE23","Button","Smoke","S9PI",20240912,"11/12/2024","Lampman","B10B","B10","A",20,8,1,9,0,"","","F23B",2023-10-11,2023-10-10 18:25:00,2023-10-11 00:25:00,3,"Blue","PTFE",4,60,15,2023-10-11 00:25:00,2023-10-11 00:40:00,"Partial smoke at best","B10",30,0.03,1.675,1.5,0.175,0.825,6.5,7.325,0.887372013651877,5.9634375,5.45875,0.4953125,2.54125,3.0365625,-3.50655789731998,0.888888888888889,2167500,731305.46875,119287.760416667,612017.708333333,0.836883811876094,0,0,0,NA,10,296.817832329909,284.73479828125,913.5914568125,162.399186046512,183.125,370.5,298.041569767442,316.625,762.75,10.0638569604087,10,10.5555555555556,7.77777777777778,31.3333333333333,31,31,32,3.46114545081116,3.49829032819435,3.65288745104373,2.95692571743565,15821,13422.125,3222.3325,205,3.335,0,32372.0625,32590.23,32594.855,32599.48,5.65155821470817,"Hazardous","Low",9.16936754497504,7.15880794304564,30.8100107581134,1.51685239597926,16.3873253245179,22.7938558681921,1.49529188355726,1.26651866080882,4.28245836580882,0.903533173719327,0.926980348124455,9.26602549754036,18.5320509950807,0.0185320509950807,1.85320509950807e-05,1.85320509950807e-08,0,0,0,0,0,0
"FASMEE23","Button","Smoke","S9PI",20240912,"11/12/2024","Lampman","B12B","B12","A",12,8,3,11,0,"","","F23B",2023-10-11,2023-10-10 19:29:00,2023-10-11 01:29:00,3,"Blue","PTFE",4,60,15,2023-10-11 01:29:00,2023-10-11 01:44:00,"Partial smoke at best","B12",30,0.03,1.675,1.5,0.175,2.825,6.5,9.325,0.697050938337802,5.9634375,5.45875,2.4953125,2.54125,5.0365625,-3.50655789731998,0.727272727272727,2649166.66666667,1212972.13541667,600954.427083333,612017.708333333,0.504560402059937,0,311378.998480903,311378.998480903,0,12,97.2710784691779,70.63031,343.96187725,71.5695081967213,55.375,217.25,119.030737704918,94.21,369.875,9.51730418943534,9.44444444444444,10.5555555555556,8.88888888888889,30.2622950819672,30,30,32,3.22274350561617,3.20067977403102,3.59115262850359,3.05362161156916,5352.375,4262.04,915.835,8.29,0,0,10439.125,10456.375,10456.375,10456.375,4.257459372481,"Moderate/Unhealthy","Low",12.4836759454948,13.1564633792446,42.6384496071778,2.83267731716567,22.6222156083308,43.3128495814939,1.66076798489259,2.36439821080882,3.08124897580882,0.948198027037845,0.934616975798477,12.580490102955,25.1609802059101,0.02516098020591,2.516098020591e-05,2.516098020591e-08,12375471699936.5,0,12375471699.9365,0,12375.4716999365,0
"FASMEE23","Button","Smoke","S9PI",20240926,"11/14/2024","Lampman","B11B","B11","A",6,8,0,8,NA,"","","F23B",2023-10-11,2023-10-10 18:53:00,2023-10-11 00:53:00,3,"Blue","PTFE",4,52.28,13.07,2023-10-11 00:53:00,2023-10-11 01:06:04,"Arms loose on ATAT-RTH with time remaining on leland (1:56min)","B11",26.14,0.02614,1.675,1.5,0.175,0,6.5,6.5,1,5.9634375,5.45875,0,2.54125,2.54125,-3.64428857078606,1,2211170.61973986,702392.16717674,0,702392.16717674,1,65714.1289822962,0,65714.1289822962,1,11,126.519445912158,109.433425,372.7538288125,95.9646621621622,85.5425,240.415,159.535135135135,142.02,385.5,9.42192192192192,9.44444444444444,10,7.22222222222222,30.3108108108108,30,30,31,3.19763860610841,3.20003153837661,3.34652644641426,2.69939809952541,7999.75,6403.1875,1424.23,38.7925,0,0,15778.3125,15811,15812.25,15813.5,4.69531637348758,"Moderate/Unhealthy","Low",5.03917002239612,3.45635072732919,16.9430562803866,0.334627603826129,8.98035194956724,9.22013137699785,0.812405426978007,0.278427065808824,2.83584060580882,0.912070919480452,0.931800219280138,5.14133045415266,10.2826609083053,0.0102826609083053,1.02826609083053e-05,1.02826609083053e-08,6390770790585.81,6390770790585.81,6390770790.58581,6390770790.58581,6390.77079058581,6390.77079058581
"FASMEE23","Button","Smoke","S9PI",20240926,"11/14/2024","Lampman","B11B","B11","A",15,8,0,8,NA,"","","F23B",2023-10-11,2023-10-10 18:53:00,2023-10-11 00:53:00,3,"Blue","PTFE",4,52.28,13.07,2023-10-11 00:53:00,2023-10-11 01:06:04,"Arms loose on ATAT-RTH with time remaining on leland (1:56min)","B11",26.14,0.02614,1.675,1.5,0.175,0,6.5,6.5,1,5.9634375,5.45875,0,2.54125,2.54125,-3.64428857078606,1,2211170.61973986,702392.16717674,0,702392.16717674,1,65714.1289822962,0,65714.1289822962,1,11,126.519445912158,109.433425,372.7538288125,95.9646621621622,85.5425,240.415,159.535135135135,142.02,385.5,9.42192192192192,9.44444444444444,10,7.22222222222222,30.3108108108108,30,30,31,3.19763860610841,3.20003153837661,3.34652644641426,2.69939809952541,7999.75,6403.1875,1424.23,38.7925,0,0,15778.3125,15811,15812.25,15813.5,4.69531637348758,"Moderate/Unhealthy","Low",5.03917002239612,3.45635072732919,16.9430562803866,0.334627603826129,8.98035194956724,9.22013137699785,0.812405426978007,0.278427065808824,2.83584060580882,0.912070919480452,0.931800219280138,5.14133045415266,10.2826609083053,0.0102826609083053,1.02826609083053e-05,1.02826609083053e-08,6390770790585.81,6390770790585.81,6390770790.58581,6390770790.58581,6390.77079058581,6390.77079058581
"FASMEE23","Button","Smoke","S9PI",20240926,"11/14/2024","Lampman","B11B","B11","A",36,8,0,8,1,"8","Photo004","F23B",2023-10-11,2023-10-10 18:53:00,2023-10-11 00:53:00,3,"Blue","PTFE",4,52.28,13.07,2023-10-11 00:53:00,2023-10-11 01:06:04,"Arms loose on ATAT-RTH with time remaining on leland (1:56min)","B11",26.14,0.02614,1.675,1.5,0.175,0,6.5,6.5,1,5.9634375,5.45875,0,2.54125,2.54125,-3.64428857078606,1,2211170.61973986,702392.16717674,0,702392.16717674,1,65714.1289822962,0,65714.1289822962,1,11,126.519445912158,109.433425,372.7538288125,95.9646621621622,85.5425,240.415,159.535135135135,142.02,385.5,9.42192192192192,9.44444444444444,10,7.22222222222222,30.3108108108108,30,30,31,3.19763860610841,3.20003153837661,3.34652644641426,2.69939809952541,7999.75,6403.1875,1424.23,38.7925,0,0,15778.3125,15811,15812.25,15813.5,4.69531637348758,"Moderate/Unhealthy","Low",5.03917002239612,3.45635072732919,16.9430562803866,0.334627603826129,8.98035194956724,9.22013137699785,0.812405426978007,0.278427065808824,2.83584060580882,0.912070919480452,0.931800219280138,5.14133045415266,10.2826609083053,0.0102826609083053,1.02826609083053e-05,1.02826609083053e-08,6390770790585.81,6390770790585.81,6390770790.58581,6390770790.58581,6390.77079058581,6390.77079058581
"FASMEE23","Button","Smoke","S9PI",20240505,"11/15/2024","Lampman","B5B","B5","A",5,8,1,9,0,"","","F23A",2023-10-09,2023-10-09 14:54:00,2023-10-09 20:54:00,2,"Blue","PTFE",4,60,15,2023-10-09 20:54:00,2023-10-09 21:09:00,"Tons of smoke, probably best sample","B5",30,0.03,2.225,2.225,0,1,5.775,6.775,0.85239852398524,6.5134375,6.18375,0.6703125,1.81625,2.4865625,-3.50655789731998,0.888888888888889,2167500,598847.135416667,161433.59375,437413.541666667,0.730426039964811,0,0,0,NA,5,3103.14515205286,2932.4884253125,7815.8196078125,194.019761904762,217.1475,367.875,1917.98297619048,1852.75,4665.25,15.1785714285714,15.5555555555556,17.2222222222222,11.6666666666667,22.452380952381,22,21,26,3.5190117864711,3.52343484519426,4.17015860168985,2.80102987605014,33028.605,32110.7275,23311.6875,3647.1875,680.895,359.75,87614.52,93144.745,94353.6625,95216.85,7.98360663348233,"Hazardous","High",322.174432012725,291.175399446569,1054.07936790501,105.517683963091,582.755660846674,886.417688767653,70.6668673551349,92.0002656892252,119.499623739225,0.848064293202289,0.865044227490499,331.606761535804,663.213523071608,0.663213523071608,0.000663213523071608,6.63213523071608e-07,0,0,0,0,0,0
"FASMEE23","Button","Ambient","S9PI",20241217,"12/19/2024","Lampman","B3B","B3","A",20,8,0,8,NA,"","","F23D",2023-10-09,2023-10-09 12:17:00,2023-10-09 18:17:00,2,"Blue","PTFE",4,40,10,2023-10-09 18:17:00,2023-10-09 18:27:00,"","B3",20,0.02,1.2125,1.1125,0.1,0,6.8875,6.8875,1,5.5009375,5.07125,0,2.92875,2.92875,-3.91202300542815,1,2890000,1058010.9375,0,1058010.9375,1,NA,NA,NA,NA,3,3.73360545454545,3.7674,4.8602,0.0431818181818182,0,2.25,0.0431818181818182,0,2.25,14.1910331384016,13.8888888888889,16.1111111111111,11.6666666666667,23.6842105263158,23,21,26,3.35815549149463,3.54856909262987,4.02892321604069,2.75476213820575,46.75,16.5,0,0,0,0,72,72,72,72,1.32638510836598,"Good","None",NA,NA,NA,NA,NA,NA,NA,NA,NA,NA,NA,NA,NA,NA,NA,NA,NA,NA,NA,NA,NA,NA
"FASMEE23","Button","Ambient","S9PI",20241217,"12/19/2024","Lampman","B3B","B3","A",27,8,0,8,NA,"","","F23D",2023-10-09,2023-10-09 12:17:00,2023-10-09 18:17:00,2,"Blue","PTFE",4,40,10,2023-10-09 18:17:00,2023-10-09 18:27:00,"","B3",20,0.02,1.2125,1.1125,0.1,0,6.8875,6.8875,1,5.5009375,5.07125,0,2.92875,2.92875,-3.91202300542815,1,2890000,1058010.9375,0,1058010.9375,1,NA,NA,NA,NA,3,3.73360545454545,3.7674,4.8602,0.0431818181818182,0,2.25,0.0431818181818182,0,2.25,14.1910331384016,13.8888888888889,16.1111111111111,11.6666666666667,23.6842105263158,23,21,26,3.35815549149463,3.54856909262987,4.02892321604069,2.75476213820575,46.75,16.5,0,0,0,0,72,72,72,72,1.32638510836598,"Good","None",NA,NA,NA,NA,NA,NA,NA,NA,NA,NA,NA,NA,NA,NA,NA,NA,NA,NA,NA,NA,NA,NA
"FASMEE23","Button","Ambient","S9PI",20241217,"12/19/2024","Lampman","R1B","R1","A",8,8,0,8,NA,"","","F23D",2023-10-08,2023-10-08 13:09:00,2023-10-08 19:09:00,1,"Red","PTFE",4,40,10,2023-10-08 19:09:00,2023-10-08 19:19:00,"","R1",20,0.02,1.2125,1.1125,0.1,0,6.8875,6.8875,1,5.5009375,5.07125,0,2.92875,2.92875,-3.91202300542815,1,2890000,1058010.9375,0,1058010.9375,1,NA,NA,NA,NA,NA,NA,NA,NA,NA,NA,NA,NA,NA,NA,NA,NA,NA,NA,NA,NA,NA,NA,NA,NA,NA,NA,NA,NA,NA,NA,NA,NA,NA,NA,NA,NA,NA,NA,NA,NA,NA,NA,NA,NA,NA,NA,NA,NA,NA,NA,NA,NA,NA,NA,NA,NA,NA,NA,NA,NA,NA
"FASMEE23","Button","Ambient","S9PI",20241217,"12/19/2024","Lampman","R1B","R1","A",20,8,0,8,NA,"","","F23D",2023-10-08,2023-10-08 13:09:00,2023-10-08 19:09:00,1,"Red","PTFE",4,40,10,2023-10-08 19:09:00,2023-10-08 19:19:00,"","R1",20,0.02,1.2125,1.1125,0.1,0,6.8875,6.8875,1,5.5009375,5.07125,0,2.92875,2.92875,-3.91202300542815,1,2890000,1058010.9375,0,1058010.9375,1,NA,NA,NA,NA,NA,NA,NA,NA,NA,NA,NA,NA,NA,NA,NA,NA,NA,NA,NA,NA,NA,NA,NA,NA,NA,NA,NA,NA,NA,NA,NA,NA,NA,NA,NA,NA,NA,NA,NA,NA,NA,NA,NA,NA,NA,NA,NA,NA,NA,NA,NA,NA,NA,NA,NA,NA,NA,NA,NA,NA,NA
"FASMEE23","Button","Ambient","S9PI",20241217,"12/19/2024","Lampman","R1B","R1","A",28,8,0,8,NA,"","","F23D",2023-10-08,2023-10-08 13:09:00,2023-10-08 19:09:00,1,"Red","PTFE",4,40,10,2023-10-08 19:09:00,2023-10-08 19:19:00,"","R1",20,0.02,1.2125,1.1125,0.1,0,6.8875,6.8875,1,5.5009375,5.07125,0,2.92875,2.92875,-3.91202300542815,1,2890000,1058010.9375,0,1058010.9375,1,NA,NA,NA,NA,NA,NA,NA,NA,NA,NA,NA,NA,NA,NA,NA,NA,NA,NA,NA,NA,NA,NA,NA,NA,NA,NA,NA,NA,NA,NA,NA,NA,NA,NA,NA,NA,NA,NA,NA,NA,NA,NA,NA,NA,NA,NA,NA,NA,NA,NA,NA,NA,NA,NA,NA,NA,NA,NA,NA,NA,NA
"FASMEE23","Button","Ambient","S9PI",20241217,"12/19/2024","Lampman","R1B","R1","A",38,8,4,12,NA,"","","F23D",2023-10-08,2023-10-08 13:09:00,2023-10-08 19:09:00,1,"Red","PTFE",4,40,10,2023-10-08 19:09:00,2023-10-08 19:19:00,"","R1",20,0.02,1.2125,1.1125,0.1,3.9,6.8875,10.7875,0.638470451911935,5.5009375,5.07125,3.5703125,2.92875,6.4990625,-3.91202300542815,0.666666666666667,4335000,2347786.328125,1289775.390625,1058010.9375,0.450641919507621,NA,NA,NA,NA,NA,NA,NA,NA,NA,NA,NA,NA,NA,NA,NA,NA,NA,NA,NA,NA,NA,NA,NA,NA,NA,NA,NA,NA,NA,NA,NA,NA,NA,NA,NA,NA,NA,NA,NA,NA,NA,NA,NA,NA,NA,NA,NA,NA,NA,NA,NA,NA,NA,NA,NA,NA,NA,NA,NA,NA,NA
"FASMEE23","Button","Ambient","S9PI",20241217,"12/20/2024","Lampman","R3B","R3","A",8,8,3,11,NA,"","","F23D",2023-10-08,2023-10-08 14:10:00,2023-10-08 20:10:00,1,"Red","PTFE",4,40,10,2023-10-08 20:10:00,2023-10-08 20:20:00,"","R3",20,0.02,1.2125,1.1125,0.1,2.9,6.8875,9.7875,0.703703703703704,5.5009375,5.07125,2.5703125,2.92875,5.4990625,-3.91202300542815,0.727272727272727,3973750,1986536.328125,928525.390625,1058010.9375,0.532590782519748,NA,NA,NA,NA,NA,NA,NA,NA,NA,NA,NA,NA,NA,NA,NA,NA,NA,NA,NA,NA,NA,NA,NA,NA,NA,NA,NA,NA,NA,NA,NA,NA,NA,NA,NA,NA,NA,NA,NA,NA,NA,NA,NA,NA,NA,NA,NA,NA,NA,NA,NA,NA,NA,NA,NA,NA,NA,NA,NA,NA,NA
"FASMEE23","Button","Ambient","S9PI",20241223,"12/23/2024","Lampman","R4B","R4","A",2,8,0,8,NA,"","","F23D",2023-10-08,2023-10-08 14:28:00,2023-10-08 20:28:00,1,"Red","PTFE",4,40,10,2023-10-08 20:28:00,2023-10-08 20:38:00,"","R4",20,0.02,1.2125,1.1125,0.1,0,6.8875,6.8875,1,5.5009375,5.07125,0,2.92875,2.92875,-3.91202300542815,1,2890000,1058010.9375,0,1058010.9375,1,NA,NA,NA,NA,NA,NA,NA,NA,NA,NA,NA,NA,NA,NA,NA,NA,NA,NA,NA,NA,NA,NA,NA,NA,NA,NA,NA,NA,NA,NA,NA,NA,NA,NA,NA,NA,NA,NA,NA,NA,NA,NA,NA,NA,NA,NA,NA,NA,NA,NA,NA,NA,NA,NA,NA,NA,NA,NA,NA,NA,NA
"FASMEE23","Button","Ambient","S9PI",20241223,"12/23/2024","Lampman","R4B","R4","A",7,8,0,8,NA,"","","F23D",2023-10-08,2023-10-08 14:28:00,2023-10-08 20:28:00,1,"Red","PTFE",4,40,10,2023-10-08 20:28:00,2023-10-08 20:38:00,"","R4",20,0.02,1.2125,1.1125,0.1,0,6.8875,6.8875,1,5.5009375,5.07125,0,2.92875,2.92875,-3.91202300542815,1,2890000,1058010.9375,0,1058010.9375,1,NA,NA,NA,NA,NA,NA,NA,NA,NA,NA,NA,NA,NA,NA,NA,NA,NA,NA,NA,NA,NA,NA,NA,NA,NA,NA,NA,NA,NA,NA,NA,NA,NA,NA,NA,NA,NA,NA,NA,NA,NA,NA,NA,NA,NA,NA,NA,NA,NA,NA,NA,NA,NA,NA,NA,NA,NA,NA,NA,NA,NA
"FASMEE23","Button","Smoke","S9PI",20250115,"1/31/2025","Lampman","B6B","B6","A",16,8,4,12,NA,"","","F23E",2023-10-09,2023-10-09 15:17:00,2023-10-09 21:17:00,2,"Blue","PTFE",4,60,15,2023-10-09 21:17:00,2023-10-09 21:32:00,"","B6",30,0.03,2.1,2.1,0,4,5.9,9.9,0.595959595959596,6.3884375,6.05875,3.6703125,1.94125,5.6115625,-3.50655789731998,0.666666666666667,2890000,1351451.30208333,883933.59375,467517.708333333,0.345937517402684,0,594358.165147569,594358.165147569,0,6,2552.17293182856,2955.6625303125,6517.6734277669,154.507209302326,194.25,313.25,1664.15703488372,1963.75,3738.33,13.8242894056848,13.8888888888889,15.5555555555556,11.1111111111111,23.2209302325581,23,22,26,3.31172741096193,3.36444793603563,3.99314168636426,2.60160702948977,31377.8325,30549.3325,22195.395,4200.125,822.5,468.5,83635.29,87917.25,88776.25,89658.9375,7.9914781112452,"Hazardous","High",431.473416388428,332.035187727671,1516.66468062123,39.6013389194573,823.729565151522,1165.0074584524,35.5148560084716,33.6919988392252,74.8868796292252,0.956378385565098,0.96119482754625,436.857954671367,873.715909342734,0.873715909342734,0.000873715909342734,8.73715909342734e-07,680264784916.969,0,680264784.916969,0,680.264784916969,0
"FASMEE23","Button","Smoke","S9PI",20250115,"1/31/2025","Lampman","B6B","B6","A",35,8,3,11,NA,"","","F23E",2023-10-09,2023-10-09 15:17:00,2023-10-09 21:17:00,2,"Blue","PTFE",4,60,15,2023-10-09 21:17:00,2023-10-09 21:32:00,"","B6",30,0.03,2.1,2.1,0,3,5.9,8.9,0.662921348314607,6.3884375,6.05875,2.6703125,1.94125,4.6115625,-3.50655789731998,0.727272727272727,2649166.66666667,1110617.96875,643100.260416667,467517.708333333,0.420952768177814,0,353524.831814236,353524.831814236,0,6,2552.17293182856,2955.6625303125,6517.6734277669,154.507209302326,194.25,313.25,1664.15703488372,1963.75,3738.33,13.8242894056848,13.8888888888889,15.5555555555556,11.1111111111111,23.2209302325581,23,22,26,3.31172741096193,3.36444793603563,3.99314168636426,2.60160702948977,31377.8325,30549.3325,22195.395,4200.125,822.5,468.5,83635.29,87917.25,88776.25,89658.9375,7.9914781112452,"Hazardous","High",431.473416388428,332.035187727671,1516.66468062123,39.6013389194573,823.729565151522,1165.0074584524,35.5148560084716,33.6919988392252,74.8868796292252,0.956378385565098,0.96119482754625,436.857954671367,873.715909342734,0.873715909342734,0.000873715909342734,8.73715909342734e-07,404622175279.125,0,404622175.279125,0,404.622175279125,0
"FASMEE23","Button","Ambient","S9PI",20250115,"1/31/2025","Lampman","R6B","R6","A",12,8,0,8,NA,"","","F23E",2023-10-09,2023-10-09 12:11:00,2023-10-09 18:11:00,2,"Red","PTFE",4,40,10,2023-10-09 18:11:00,2023-10-09 18:21:00,"","R6",20,0.02,2.1,2.1,0,0,5.9,5.9,1,6.3884375,6.05875,0,1.94125,1.94125,-3.91202300542815,1,2890000,701276.5625,0,701276.5625,1,NA,NA,NA,NA,NA,NA,NA,NA,NA,NA,NA,NA,NA,NA,NA,NA,NA,NA,NA,NA,NA,NA,NA,NA,NA,NA,NA,NA,NA,NA,NA,NA,NA,NA,NA,NA,NA,NA,NA,NA,NA,NA,NA,NA,NA,NA,NA,NA,NA,NA,NA,NA,NA,NA,NA,NA,NA,NA,NA,NA,NA
"FASMEE23","Button","Ambient","S9PI",20250115,"1/31/2025","Lampman","R6B","R6","A",14,8,0,8,NA,"","","F23E",2023-10-09,2023-10-09 12:11:00,2023-10-09 18:11:00,2,"Red","PTFE",4,40,10,2023-10-09 18:11:00,2023-10-09 18:21:00,"","R6",20,0.02,2.1,2.1,0,0,5.9,5.9,1,6.3884375,6.05875,0,1.94125,1.94125,-3.91202300542815,1,2890000,701276.5625,0,701276.5625,1,NA,NA,NA,NA,NA,NA,NA,NA,NA,NA,NA,NA,NA,NA,NA,NA,NA,NA,NA,NA,NA,NA,NA,NA,NA,NA,NA,NA,NA,NA,NA,NA,NA,NA,NA,NA,NA,NA,NA,NA,NA,NA,NA,NA,NA,NA,NA,NA,NA,NA,NA,NA,NA,NA,NA,NA,NA,NA,NA,NA,NA
"FASMEE23","Button","Ambient","S9PI",20250115,"1/31/2025","Lampman","R6B","R6","A",26,8,0,8,NA,"","","F23E",2023-10-09,2023-10-09 12:11:00,2023-10-09 18:11:00,2,"Red","PTFE",4,40,10,2023-10-09 18:11:00,2023-10-09 18:21:00,"","R6",20,0.02,2.1,2.1,0,0,5.9,5.9,1,6.3884375,6.05875,0,1.94125,1.94125,-3.91202300542815,1,2890000,701276.5625,0,701276.5625,1,NA,NA,NA,NA,NA,NA,NA,NA,NA,NA,NA,NA,NA,NA,NA,NA,NA,NA,NA,NA,NA,NA,NA,NA,NA,NA,NA,NA,NA,NA,NA,NA,NA,NA,NA,NA,NA,NA,NA,NA,NA,NA,NA,NA,NA,NA,NA,NA,NA,NA,NA,NA,NA,NA,NA,NA,NA,NA,NA,NA,NA
"FASMEE23","Button","Ambient","S9PI",20250115,"1/31/2025","Lampman","R6B","R6","A",28,8,2,10,NA,"","","F23E",2023-10-09,2023-10-09 12:11:00,2023-10-09 18:11:00,2,"Red","PTFE",4,40,10,2023-10-09 18:11:00,2023-10-09 18:21:00,"","R6",20,0.02,2.1,2.1,0,2,5.9,7.9,0.746835443037975,6.3884375,6.05875,1.6703125,1.94125,3.6115625,-3.91202300542815,0.8,3612500,1304676.953125,603400.390625,701276.5625,0.537509734360128,NA,NA,NA,NA,NA,NA,NA,NA,NA,NA,NA,NA,NA,NA,NA,NA,NA,NA,NA,NA,NA,NA,NA,NA,NA,NA,NA,NA,NA,NA,NA,NA,NA,NA,NA,NA,NA,NA,NA,NA,NA,NA,NA,NA,NA,NA,NA,NA,NA,NA,NA,NA,NA,NA,NA,NA,NA,NA,NA,NA,NA
"FASMEE23","Button","Ambient","S9PI",20250115,"1/31/2025","Lampman","R6B","R6","A",30,8,6,14,NA,"","","F23E",2023-10-09,2023-10-09 12:11:00,2023-10-09 18:11:00,2,"Red","PTFE",4,40,10,2023-10-09 18:11:00,2023-10-09 18:21:00,"","R6",20,0.02,2.1,2.1,0,6,5.9,11.9,0.495798319327731,6.3884375,6.05875,5.6703125,1.94125,7.6115625,-3.91202300542815,0.571428571428571,5057500,2749676.953125,2048400.390625,701276.5625,0.255039619000698,NA,NA,NA,NA,NA,NA,NA,NA,NA,NA,NA,NA,NA,NA,NA,NA,NA,NA,NA,NA,NA,NA,NA,NA,NA,NA,NA,NA,NA,NA,NA,NA,NA,NA,NA,NA,NA,NA,NA,NA,NA,NA,NA,NA,NA,NA,NA,NA,NA,NA,NA,NA,NA,NA,NA,NA,NA,NA,NA,NA,NA
"FASMEE23","Button","Ambient","S9PI",20250115,"1/31/2025","Lampman","R6B","R6","A",37,8,0,8,NA,"","","F23E",2023-10-09,2023-10-09 12:11:00,2023-10-09 18:11:00,2,"Red","PTFE",4,40,10,2023-10-09 18:11:00,2023-10-09 18:21:00,"","R6",20,0.02,2.1,2.1,0,0,5.9,5.9,1,6.3884375,6.05875,0,1.94125,1.94125,-3.91202300542815,1,2890000,701276.5625,0,701276.5625,1,NA,NA,NA,NA,NA,NA,NA,NA,NA,NA,NA,NA,NA,NA,NA,NA,NA,NA,NA,NA,NA,NA,NA,NA,NA,NA,NA,NA,NA,NA,NA,NA,NA,NA,NA,NA,NA,NA,NA,NA,NA,NA,NA,NA,NA,NA,NA,NA,NA,NA,NA,NA,NA,NA,NA,NA,NA,NA,NA,NA,NA
"FASMEE23","Button","Ambient","S9PI",20241223,"1/13/2025","Lampman","R5B","R5","A",15,8,0,8,NA,"","","F23D",2023-10-08,2023-10-08 15:41:00,2023-10-08 21:41:00,1,"Red","PTFE",4,40,10,2023-10-08 21:41:00,2023-10-08 21:51:00,"","R5",20,0.02,1.2125,1.1125,0.1,0,6.8875,6.8875,1,5.5009375,5.07125,0,2.92875,2.92875,-3.91202300542815,1,2890000,1058010.9375,0,1058010.9375,1,NA,NA,NA,NA,NA,NA,NA,NA,NA,NA,NA,NA,NA,NA,NA,NA,NA,NA,NA,NA,NA,NA,NA,NA,NA,NA,NA,NA,NA,NA,NA,NA,NA,NA,NA,NA,NA,NA,NA,NA,NA,NA,NA,NA,NA,NA,NA,NA,NA,NA,NA,NA,NA,NA,NA,NA,NA,NA,NA,NA,NA
"FASMEE23","Button","Ambient","S9PI",20241223,"1/13/2025","Lampman","R5B","R5","A",18,8,0,8,NA,"","","F23D",2023-10-08,2023-10-08 15:41:00,2023-10-08 21:41:00,1,"Red","PTFE",4,40,10,2023-10-08 21:41:00,2023-10-08 21:51:00,"","R5",20,0.02,1.2125,1.1125,0.1,0,6.8875,6.8875,1,5.5009375,5.07125,0,2.92875,2.92875,-3.91202300542815,1,2890000,1058010.9375,0,1058010.9375,1,NA,NA,NA,NA,NA,NA,NA,NA,NA,NA,NA,NA,NA,NA,NA,NA,NA,NA,NA,NA,NA,NA,NA,NA,NA,NA,NA,NA,NA,NA,NA,NA,NA,NA,NA,NA,NA,NA,NA,NA,NA,NA,NA,NA,NA,NA,NA,NA,NA,NA,NA,NA,NA,NA,NA,NA,NA,NA,NA,NA,NA
"FASMEE23","Button","Smoke","S9PI",20250203,"2/12/2025","Lampman","R10B","R10","A",11,8,2,10,NA,"","","F23E",2023-10-10,2023-10-09 18:17:00,2023-10-10 00:17:00,2,"Red","PTFE",4,60,15,2023-10-10 00:17:00,2023-10-10 00:32:00,"","R10",30,0.03,2.1,2.1,0,2,5.9,7.9,0.746835443037975,6.3884375,6.05875,1.6703125,1.94125,3.6115625,-3.50655789731998,0.8,2408333.33333333,869784.635416667,402266.927083333,467517.708333333,0.537509734360128,0,112691.498480903,112691.498480903,0,NA,NA,NA,NA,NA,NA,NA,NA,NA,NA,NA,NA,NA,NA,NA,NA,NA,NA,NA,NA,NA,NA,NA,NA,NA,NA,NA,NA,NA,NA,NA,NA,NA,NA,NA,NA,NA,NA,NA,NA,NA,NA,NA,NA,NA,NA,NA,NA,NA,NA,NA,NA,NA,NA,NA,NA,NA
"FASMEE23","Button","Smoke","S9PI",20250203,"2/12/2025","Lampman","R10B","R10","A",26,8,0,8,NA,"","","F23E",2023-10-10,2023-10-09 18:17:00,2023-10-10 00:17:00,2,"Red","PTFE",4,60,15,2023-10-10 00:17:00,2023-10-10 00:32:00,"","R10",30,0.03,2.1,2.1,0,0,5.9,5.9,1,6.3884375,6.05875,0,1.94125,1.94125,-3.50655789731998,1,1926666.66666667,467517.708333333,0,467517.708333333,1,0,0,0,NA,NA,NA,NA,NA,NA,NA,NA,NA,NA,NA,NA,NA,NA,NA,NA,NA,NA,NA,NA,NA,NA,NA,NA,NA,NA,NA,NA,NA,NA,NA,NA,NA,NA,NA,NA,NA,NA,NA,NA,NA,NA,NA,NA,NA,NA,NA,NA,NA,NA,NA,NA,NA,NA,NA,NA,NA,NA
"FASMEE23","Button","Smoke","S9PI",20250203,"2/12/2025","Lampman","R10B","R10","A",29,8,3,11,NA,"","","F23E",2023-10-10,2023-10-09 18:17:00,2023-10-10 00:17:00,2,"Red","PTFE",4,60,15,2023-10-10 00:17:00,2023-10-10 00:32:00,"","R10",30,0.03,2.1,2.1,0,3,5.9,8.9,0.662921348314607,6.3884375,6.05875,2.6703125,1.94125,4.6115625,-3.50655789731998,0.727272727272727,2649166.66666667,1110617.96875,643100.260416667,467517.708333333,0.420952768177814,0,353524.831814236,353524.831814236,0,NA,NA,NA,NA,NA,NA,NA,NA,NA,NA,NA,NA,NA,NA,NA,NA,NA,NA,NA,NA,NA,NA,NA,NA,NA,NA,NA,NA,NA,NA,NA,NA,NA,NA,NA,NA,NA,NA,NA,NA,NA,NA,NA,NA,NA,NA,NA,NA,NA,NA,NA,NA,NA,NA,NA,NA,NA
"FASMEE23","Button","Smoke","S9PI",20250203,"2/12/2025","Lampman","R10B","R10","A",36,8,0,8,NA,"","","F23E",2023-10-10,2023-10-09 18:17:00,2023-10-10 00:17:00,2,"Red","PTFE",4,60,15,2023-10-10 00:17:00,2023-10-10 00:32:00,"","R10",30,0.03,2.1,2.1,0,0,5.9,5.9,1,6.3884375,6.05875,0,1.94125,1.94125,-3.50655789731998,1,1926666.66666667,467517.708333333,0,467517.708333333,1,0,0,0,NA,NA,NA,NA,NA,NA,NA,NA,NA,NA,NA,NA,NA,NA,NA,NA,NA,NA,NA,NA,NA,NA,NA,NA,NA,NA,NA,NA,NA,NA,NA,NA,NA,NA,NA,NA,NA,NA,NA,NA,NA,NA,NA,NA,NA,NA,NA,NA,NA,NA,NA,NA,NA,NA,NA,NA,NA,NA
"FASMEE23","Button","Smoke","S9PI",20250212,"2/12/2025","Lampman","R11B","R11","A",30,8,0,8,NA,"","","F23F",2023-10-10,2023-10-09 18:45:00,2023-10-10 00:45:00,2,"Red","PTFE",4,60,15,2023-10-10 00:45:00,2023-10-10 01:00:00,"","R11",30,0.03,1.25,1.25,0,0,6.75,6.75,1,5.5384375,5.20875,0,2.79125,2.79125,-3.50655789731998,1,1926666.66666667,672226.041666667,0,672226.041666667,1,35548.0034722224,0,35548.0034722224,1,NA,NA,NA,NA,NA,NA,NA,NA,NA,NA,NA,NA,NA,NA,NA,NA,NA,NA,NA,NA,NA,NA,NA,NA,NA,NA,NA,NA,NA,NA,NA,NA,NA,NA,NA,NA,NA,NA,NA,NA,NA,NA,NA,NA,NA,NA,NA,NA,NA,NA,NA,NA,NA,NA,NA,NA,NA
"FASMEE23","Button","Smoke","S9PI",20250212,"2/12/2025","Lampman","R11B","R11","A",38,8,0,8,NA,"","","F23F",2023-10-10,2023-10-09 18:45:00,2023-10-10 00:45:00,2,"Red","PTFE",4,60,15,2023-10-10 00:45:00,2023-10-10 01:00:00,"","R11",30,0.03,1.25,1.25,0,0,6.75,6.75,1,5.5384375,5.20875,0,2.79125,2.79125,-3.50655789731998,1,1926666.66666667,672226.041666667,0,672226.041666667,1,35548.0034722224,0,35548.0034722224,1,NA,NA,NA,NA,NA,NA,NA,NA,NA,NA,NA,NA,NA,NA,NA,NA,NA,NA,NA,NA,NA,NA,NA,NA,NA,NA,NA,NA,NA,NA,NA,NA,NA,NA,NA,NA,NA,NA,NA,NA,NA,NA,NA,NA,NA,NA,NA,NA,NA,NA,NA,NA,NA,NA,NA,NA,NA
"FASMEE23","Button","Smoke","S9PI",20250212,"2/24/2025","Lampman","R12B","R12","A",13,8,6,14,NA,"","","F23F",2023-10-10,2023-10-10 15:09:00,2023-10-10 21:09:00,3,"Red","PTFE",4,60,15,2023-10-10 21:09:00,2023-10-10 21:24:00,"","R12",30,0.03,1.25,1.25,0,6,6.75,12.75,0.529411764705882,5.5384375,5.20875,5.6703125,2.79125,8.4615625,-3.50655789731998,0.571428571428571,3371666.66666667,2037826.30208333,1365600.26041667,672226.041666667,0.329874062857776,35548.0034722224,1076024.83181424,1111572.83528646,0.0319799138155994,NA,NA,NA,NA,NA,NA,NA,NA,NA,NA,NA,NA,NA,NA,NA,NA,NA,NA,NA,NA,NA,NA,NA,NA,NA,NA,NA,NA,NA,NA,NA,NA,NA,NA,NA,NA,NA,NA,NA,NA,NA,NA,NA,NA,NA,NA,NA,NA,NA,NA,NA,NA,NA,NA,NA,NA,NA
"FASMEE23","Button","Smoke","S9PI",20250212,"2/24/2025","Lampman","R12B","R12","A",26,8,0,8,NA,"","","F23F",2023-10-10,2023-10-10 15:09:00,2023-10-10 21:09:00,3,"Red","PTFE",4,60,15,2023-10-10 21:09:00,2023-10-10 21:24:00,"","R12",30,0.03,1.25,1.25,0,0,6.75,6.75,1,5.5384375,5.20875,0,2.79125,2.79125,-3.50655789731998,1,1926666.66666667,672226.041666667,0,672226.041666667,1,35548.0034722224,0,35548.0034722224,1,NA,NA,NA,NA,NA,NA,NA,NA,NA,NA,NA,NA,NA,NA,NA,NA,NA,NA,NA,NA,NA,NA,NA,NA,NA,NA,NA,NA,NA,NA,NA,NA,NA,NA,NA,NA,NA,NA,NA,NA,NA,NA,NA,NA,NA,NA,NA,NA,NA,NA,NA,NA,NA,NA,NA,NA,NA
"FASMEE23","Button","Smoke","S9PI",20250212,"2/26/2025","Lampman","R14B","R14","A",12,8,2,10,NA,"","","F23F",2023-10-11,2023-10-10 18:53:00,2023-10-11 00:53:00,3,"Red","PTFE",4,60,15,2023-10-11 00:53:00,2023-10-11 01:08:00,"Partial smoke at best","R14",30,0.03,1.25,1.25,0,2,6.75,8.75,0.771428571428571,5.5384375,5.20875,1.6703125,2.79125,4.4615625,-3.50655789731998,0.8,2408333.33333333,1074492.96875,402266.927083333,672226.041666667,0.625621629193808,35548.0034722224,112691.498480903,148239.501953125,0.239801152890159,NA,NA,NA,NA,NA,NA,NA,NA,NA,NA,NA,NA,NA,NA,NA,NA,NA,NA,NA,NA,NA,NA,NA,NA,NA,NA,NA,NA,NA,NA,NA,NA,NA,NA,NA,NA,NA,NA,NA,NA,NA,NA,NA,NA,NA,NA,NA,NA,NA,NA,NA,NA,NA,NA,NA,NA,NA
"FASMEE23","Button","Smoke","S9PI",20250117,"3/3/2025","Lampman","R7B","R7","A",14,8,0,8,NA,"","","F23E",2023-10-09,2023-10-09 12:33:00,2023-10-09 18:33:00,2,"Red","PTFE",4,40,10,2023-10-09 18:33:00,2023-10-09 18:43:00,"Partial smoke towards end of sample","R7",20,0.02,2.1,2.1,0,0,5.9,5.9,1,6.3884375,6.05875,0,1.94125,1.94125,-3.91202300542815,1,2890000,701276.5625,0,701276.5625,1,64598.5243055557,0,64598.5243055557,1,NA,NA,NA,NA,NA,NA,NA,NA,NA,NA,NA,NA,NA,NA,NA,NA,NA,NA,NA,NA,NA,NA,NA,NA,NA,NA,NA,NA,NA,NA,NA,NA,NA,NA,NA,NA,NA,NA,NA,NA,NA,NA,NA,NA,NA,NA,NA,NA,NA,NA,NA,NA,NA,NA,NA,NA,NA
"FASMEE23","Button","Smoke","S9PI",20250117,"3/3/2025","Lampman","R7B","R7","A",25,8,0,8,NA,"","","F23E",2023-10-09,2023-10-09 12:33:00,2023-10-09 18:33:00,2,"Red","PTFE",4,40,10,2023-10-09 18:33:00,2023-10-09 18:43:00,"Partial smoke towards end of sample","R7",20,0.02,2.1,2.1,0,0,5.9,5.9,1,6.3884375,6.05875,0,1.94125,1.94125,-3.91202300542815,1,2890000,701276.5625,0,701276.5625,1,64598.5243055557,0,64598.5243055557,1,NA,NA,NA,NA,NA,NA,NA,NA,NA,NA,NA,NA,NA,NA,NA,NA,NA,NA,NA,NA,NA,NA,NA,NA,NA,NA,NA,NA,NA,NA,NA,NA,NA,NA,NA,NA,NA,NA,NA,NA,NA,NA,NA,NA,NA,NA,NA,NA,NA,NA,NA,NA,NA,NA,NA,NA,NA
"FASMEE23","Button","Smoke","S9PI",20250117,"3/3/2025","Lampman","R7B","R7","A",33,8,0,8,NA,"","","F23E",2023-10-09,2023-10-09 12:33:00,2023-10-09 18:33:00,2,"Red","PTFE",4,40,10,2023-10-09 18:33:00,2023-10-09 18:43:00,"Partial smoke towards end of sample","R7",20,0.02,2.1,2.1,0,0,5.9,5.9,1,6.3884375,6.05875,0,1.94125,1.94125,-3.91202300542815,1,2890000,701276.5625,0,701276.5625,1,64598.5243055557,0,64598.5243055557,1,NA,NA,NA,NA,NA,NA,NA,NA,NA,NA,NA,NA,NA,NA,NA,NA,NA,NA,NA,NA,NA,NA,NA,NA,NA,NA,NA,NA,NA,NA,NA,NA,NA,NA,NA,NA,NA,NA,NA,NA,NA,NA,NA,NA,NA,NA,NA,NA,NA,NA,NA,NA,NA,NA,NA,NA,NA
"FASMEE23","Button","Smoke","S9PI",20250127,"3/3/2025","Lampman","B9B","B9","A",6,8,9,17,NA,"","","F23E",2023-10-10,2023-10-10 15:09:00,2023-10-10 21:09:00,3,"Blue","PTFE",4,60,15,2023-10-10 21:09:00,2023-10-10 21:24:00,"","B9",30,0.03,2.1,2.1,0,9,5.9,14.9,0.395973154362416,6.3884375,6.05875,8.6703125,1.94125,10.6115625,-3.50655789731998,0.470588235294118,4094166.66666667,2555617.96875,2088100.26041667,467517.708333333,0.182937244161734,0,1798524.83181424,1798524.83181424,0,9,584.100794087505,188.516922417344,3114.5911041344,176.698148148148,130.5,422.625,446.172839506173,237.875,1716.21,10.8074935400517,10.5555555555556,11.6666666666667,10,33.0116279069767,33,31,34,3.84755654322465,3.82515368908763,4.16705056996941,3.64859285797902,11336.5,10298.67,2475.79,88.25,0.125,0,24722.5,24835.125,24836.25,24837.375,5.23918777695593,"Very Unhealthy","Low",61.2042743966305,66.3921308617705,201.814906555965,15.7464380900351,108.784440826061,218.711205508665,12.1776042318889,13.3199766930851,24.5377224480851,0.896793933565282,0.89807374740202,62.9928010192709,125.985602038542,0.125985602038542,0.000125985602038542,1.25985602038542e-07,14275637872207.2,0,14275637872.2072,0,14275.6378722072,0
"FASMEE23","Button","Smoke","S9PI",20250127,"3/3/2025","Lampman","B9B","B9","A",9,8,0,8,NA,"","","F23E",2023-10-10,2023-10-10 15:09:00,2023-10-10 21:09:00,3,"Blue","PTFE",4,60,15,2023-10-10 21:09:00,2023-10-10 21:24:00,"","B9",30,0.03,2.1,2.1,0,0,5.9,5.9,1,6.3884375,6.05875,0,1.94125,1.94125,-3.50655789731998,1,1926666.66666667,467517.708333333,0,467517.708333333,1,0,0,0,NA,9,584.100794087505,188.516922417344,3114.5911041344,176.698148148148,130.5,422.625,446.172839506173,237.875,1716.21,10.8074935400517,10.5555555555556,11.6666666666667,10,33.0116279069767,33,31,34,3.84755654322465,3.82515368908763,4.16705056996941,3.64859285797902,11336.5,10298.67,2475.79,88.25,0.125,0,24722.5,24835.125,24836.25,24837.375,5.23918777695593,"Very Unhealthy","Low",61.2042743966305,66.3921308617705,201.814906555965,15.7464380900351,108.784440826061,218.711205508665,12.1776042318889,13.3199766930851,24.5377224480851,0.896793933565282,0.89807374740202,62.9928010192709,125.985602038542,0.125985602038542,0.000125985602038542,1.25985602038542e-07,0,0,0,0,0,0
"FASMEE23","Button","Smoke","S9PI",20250127,"3/3/2025","Lampman","B9B","B9","A",29,8,0,8,NA,"","","F23E",2023-10-10,2023-10-10 15:09:00,2023-10-10 21:09:00,3,"Blue","PTFE",4,60,15,2023-10-10 21:09:00,2023-10-10 21:24:00,"","B9",30,0.03,2.1,2.1,0,0,5.9,5.9,1,6.3884375,6.05875,0,1.94125,1.94125,-3.50655789731998,1,1926666.66666667,467517.708333333,0,467517.708333333,1,0,0,0,NA,9,584.100794087505,188.516922417344,3114.5911041344,176.698148148148,130.5,422.625,446.172839506173,237.875,1716.21,10.8074935400517,10.5555555555556,11.6666666666667,10,33.0116279069767,33,31,34,3.84755654322465,3.82515368908763,4.16705056996941,3.64859285797902,11336.5,10298.67,2475.79,88.25,0.125,0,24722.5,24835.125,24836.25,24837.375,5.23918777695593,"Very Unhealthy","Low",61.2042743966305,66.3921308617705,201.814906555965,15.7464380900351,108.784440826061,218.711205508665,12.1776042318889,13.3199766930851,24.5377224480851,0.896793933565282,0.89807374740202,62.9928010192709,125.985602038542,0.125985602038542,0.000125985602038542,1.25985602038542e-07,0,0,0,0,0,0
"FASMEE23","Button","Smoke","S9PI",20250127,"3/3/2025","Lampman","B9B","B9","A",38,8,0,8,NA,"","","F23E",2023-10-10,2023-10-10 15:09:00,2023-10-10 21:09:00,3,"Blue","PTFE",4,60,15,2023-10-10 21:09:00,2023-10-10 21:24:00,"","B9",30,0.03,2.1,2.1,0,0,5.9,5.9,1,6.3884375,6.05875,0,1.94125,1.94125,-3.50655789731998,1,1926666.66666667,467517.708333333,0,467517.708333333,1,0,0,0,NA,9,584.100794087505,188.516922417344,3114.5911041344,176.698148148148,130.5,422.625,446.172839506173,237.875,1716.21,10.8074935400517,10.5555555555556,11.6666666666667,10,33.0116279069767,33,31,34,3.84755654322465,3.82515368908763,4.16705056996941,3.64859285797902,11336.5,10298.67,2475.79,88.25,0.125,0,24722.5,24835.125,24836.25,24837.375,5.23918777695593,"Very Unhealthy","Low",61.2042743966305,66.3921308617705,201.814906555965,15.7464380900351,108.784440826061,218.711205508665,12.1776042318889,13.3199766930851,24.5377224480851,0.896793933565282,0.89807374740202,62.9928010192709,125.985602038542,0.125985602038542,0.000125985602038542,1.25985602038542e-07,0,0,0,0,0,0
"FASMEE23","Button","Smoke","S9PI",20250221,"2/28/2025","Lampman","R15B","R15","A",6,8,0,8,NA,"","","F23F",2023-10-11,2023-10-10 19:21:00,2023-10-11 01:21:00,3,"Red","PTFE",4,60,15,2023-10-11 01:21:00,2023-10-11 01:36:00,"Partial smoke at best","R15",30,0.03,1.25,1.25,0,0,6.75,6.75,1,5.5384375,5.20875,0,2.79125,2.79125,-3.50655789731998,1,1926666.66666667,672226.041666667,0,672226.041666667,1,35548.0034722224,0,35548.0034722224,1,NA,NA,NA,NA,NA,NA,NA,NA,NA,NA,NA,NA,NA,NA,NA,NA,NA,NA,NA,NA,NA,NA,NA,NA,NA,NA,NA,NA,NA,NA,NA,NA,NA,NA,NA,NA,NA,NA,NA,NA,NA,NA,NA,NA,NA,NA,NA,NA,NA,NA,NA,NA,NA,NA,NA,NA,NA
"FASMEE23","Button","Smoke","S9PI",20250221,"4/11/2025","Lampman","B7B","B7","A",21,8,0,8,NA,"","","F23F",2023-10-10,2023-10-09 18:17:00,2023-10-10 00:17:00,2,"Blue","PTFE",4,60,15,2023-10-10 00:17:00,2023-10-10 00:32:00,"","B7",30,0.03,1.25,1.25,0,0,6.75,6.75,1,5.5384375,5.20875,0,2.79125,2.79125,-3.50655789731998,1,1926666.66666667,672226.041666667,0,672226.041666667,1,35548.0034722224,0,35548.0034722224,1,7,1625.52013208166,1670.54342003125,4296.5432918125,191.864464285714,243.5,323.75,1134.54755952381,1266.25,2565.125,11.9378306878307,12.2222222222222,12.7777777777778,9.44444444444444,27.4642857142857,27,27,29,3.43830869055206,3.49798559298276,3.81130962441916,2.83267941327911,27600.25,26431.75,16400.9375,2164.5625,366.75,209,70499.125,72762.875,73162.6025,73501.915,7.42090425369562,"Hazardous","High",NA,NA,NA,NA,NA,NA,NA,NA,NA,NA,NA,NA,NA,NA,NA,NA,NA,NA,NA,NA,NA,NA
"FASMEE23","Button","Smoke","S9PI",20250221,"4/11/2025","Lampman","B7B","B7","A",27,8,0,8,NA,"","","F23F",2023-10-10,2023-10-09 18:17:00,2023-10-10 00:17:00,2,"Blue","PTFE",4,60,15,2023-10-10 00:17:00,2023-10-10 00:32:00,"","B7",30,0.03,1.25,1.25,0,0,6.75,6.75,1,5.5384375,5.20875,0,2.79125,2.79125,-3.50655789731998,1,1926666.66666667,672226.041666667,0,672226.041666667,1,35548.0034722224,0,35548.0034722224,1,7,1625.52013208166,1670.54342003125,4296.5432918125,191.864464285714,243.5,323.75,1134.54755952381,1266.25,2565.125,11.9378306878307,12.2222222222222,12.7777777777778,9.44444444444444,27.4642857142857,27,27,29,3.43830869055206,3.49798559298276,3.81130962441916,2.83267941327911,27600.25,26431.75,16400.9375,2164.5625,366.75,209,70499.125,72762.875,73162.6025,73501.915,7.42090425369562,"Hazardous","High",NA,NA,NA,NA,NA,NA,NA,NA,NA,NA,NA,NA,NA,NA,NA,NA,NA,NA,NA,NA,NA,NA
"FASMEE23","Button","Smoke","S9PI",20250221,"4/11/2025","Lampman","B7B","B7","A",30,8,0,8,NA,"","","F23F",2023-10-10,2023-10-09 18:17:00,2023-10-10 00:17:00,2,"Blue","PTFE",4,60,15,2023-10-10 00:17:00,2023-10-10 00:32:00,"","B7",30,0.03,1.25,1.25,0,0,6.75,6.75,1,5.5384375,5.20875,0,2.79125,2.79125,-3.50655789731998,1,1926666.66666667,672226.041666667,0,672226.041666667,1,35548.0034722224,0,35548.0034722224,1,7,1625.52013208166,1670.54342003125,4296.5432918125,191.864464285714,243.5,323.75,1134.54755952381,1266.25,2565.125,11.9378306878307,12.2222222222222,12.7777777777778,9.44444444444444,27.4642857142857,27,27,29,3.43830869055206,3.49798559298276,3.81130962441916,2.83267941327911,27600.25,26431.75,16400.9375,2164.5625,366.75,209,70499.125,72762.875,73162.6025,73501.915,7.42090425369562,"Hazardous","High",NA,NA,NA,NA,NA,NA,NA,NA,NA,NA,NA,NA,NA,NA,NA,NA,NA,NA,NA,NA,NA,NA
"FASMEE23","Button","Smoke","S9PI",20250221,"3/10/2025","Lampman","B8B","B8","A",21,8,0,8,NA,"","","F23F",2023-10-10,2023-10-09 18:45:00,2023-10-10 00:45:00,2,"Blue","PTFE",4,60,15,2023-10-10 00:45:00,2023-10-10 01:00:00,"","B8",30,0.03,1.25,1.25,0,0,6.75,6.75,1,5.5384375,5.20875,0,2.79125,2.79125,-3.50655789731998,1,1926666.66666667,672226.041666667,0,672226.041666667,1,35548.0034722224,0,35548.0034722224,1,8,1205.06665382693,1303.733104,3018.616525,226.646470588235,286,417.125,876.608941176471,1025.165,1821,12.078431372549,11.6666666666667,13.8888888888889,10.5555555555556,27.6117647058824,28,26,30,3.48006033349395,3.49058669865849,3.8025217445426,3.05727862595733,26588.54,25222.5,13803,1123.75,154.17,81.33,66054.875,67628,67854.375,68080.75,7.17298704669122,"Hazardous","High",NA,NA,NA,NA,NA,NA,NA,NA,NA,NA,NA,NA,NA,NA,NA,NA,NA,NA,NA,NA,NA,NA
"FASMEE23","Button","Smoke","S9PI",20240912,"11/12/2024","Lampman","B10B","B10","A",8,9,6,15,0,"","","F23B",2023-10-11,2023-10-10 18:25:00,2023-10-11 00:25:00,3,"Blue","PTFE",4,60,15,2023-10-11 00:25:00,2023-10-11 00:40:00,"Partial smoke at best","B10",30,0.03,1.675,1.5,0.175,5.825,7.5,13.325,0.562851782363977,5.9634375,5.45875,5.4953125,3.54125,9.0365625,-3.50655789731998,0.6,3612500,2176305.46875,1323454.42708333,852851.041666667,0.391880208873673,216173.003472222,1033878.9984809,1250052.00195312,0.172931208569296,10,296.817832329909,284.73479828125,913.5914568125,162.399186046512,183.125,370.5,298.041569767442,316.625,762.75,10.0638569604087,10,10.5555555555556,7.77777777777778,31.3333333333333,31,31,32,3.46114545081116,3.49829032819435,3.65288745104373,2.95692571743565,15821,13422.125,3222.3325,205,3.335,0,32372.0625,32590.23,32594.855,32599.48,5.65155821470817,"Hazardous","Low",9.16936754497504,7.15880794304564,30.8100107581134,1.51685239597926,16.3873253245179,22.7938558681921,1.49529188355726,1.26651866080882,4.28245836580882,0.903533173719327,0.926980348124455,9.26602549754036,18.5320509950807,0.0185320509950807,1.85320509950807e-05,1.85320509950807e-08,67453516196612.4,11664818078128.8,67453516196.6124,11664818078.1288,67453.5161966125,11664.8180781288
"FASMEE23","Button","Smoke","S9PI",20240926,"11/14/2024","Lampman","B11B","B11","A",27,9,0,9,NA,"","","F23B",2023-10-11,2023-10-10 18:53:00,2023-10-11 00:53:00,3,"Blue","PTFE",4,52.28,13.07,2023-10-11 00:53:00,2023-10-11 01:06:04,"Arms loose on ATAT-RTH with time remaining on leland (1:56min)","B11",26.14,0.02614,1.675,1.5,0.175,0,7.5,7.5,1,5.9634375,5.45875,0,3.54125,3.54125,-3.64428857078606,1,2487566.94720734,978788.494644223,0,978788.494644223,1,342110.456449779,0,342110.456449779,1,11,126.519445912158,109.433425,372.7538288125,95.9646621621622,85.5425,240.415,159.535135135135,142.02,385.5,9.42192192192192,9.44444444444444,10,7.22222222222222,30.3108108108108,30,30,31,3.19763860610841,3.20003153837661,3.34652644641426,2.69939809952541,7999.75,6403.1875,1424.23,38.7925,0,0,15778.3125,15811,15812.25,15813.5,4.69531637348758,"Moderate/Unhealthy","Low",5.03917002239612,3.45635072732919,16.9430562803866,0.334627603826129,8.98035194956724,9.22013137699785,0.812405426978007,0.278427065808824,2.83584060580882,0.912070919480452,0.931800219280138,5.14133045415266,10.2826609083053,0.0102826609083053,1.02826609083053e-05,1.02826609083053e-08,33270615407871.3,33270615407871.3,33270615407.8713,33270615407.8713,33270.6154078713,33270.6154078713
"FASMEE23","Button","Smoke","S9PI",20240505,"11/15/2024","Lampman","B5B","B5","A",18,9,3,12,0,"","","F23A",2023-10-09,2023-10-09 14:54:00,2023-10-09 20:54:00,2,"Blue","PTFE",4,60,15,2023-10-09 20:54:00,2023-10-09 21:09:00,"Tons of smoke, probably best sample","B5",30,0.03,2.225,2.225,0,3,6.775,9.775,0.69309462915601,6.5134375,6.18375,2.6703125,2.81625,5.4865625,-3.50655789731998,0.75,2890000,1321347.13541667,643100.260416667,678246.875,0.513299538645555,41568.8368055557,353524.831814236,395093.668619792,0.105212611861818,5,3103.14515205286,2932.4884253125,7815.8196078125,194.019761904762,217.1475,367.875,1917.98297619048,1852.75,4665.25,15.1785714285714,15.5555555555556,17.2222222222222,11.6666666666667,22.452380952381,22,21,26,3.5190117864711,3.52343484519426,4.17015860168985,2.80102987605014,33028.605,32110.7275,23311.6875,3647.1875,680.895,359.75,87614.52,93144.745,94353.6625,95216.85,7.98360663348233,"Hazardous","High",322.174432012725,291.175399446569,1054.07936790501,105.517683963091,582.755660846674,886.417688767653,70.6668673551349,92.0002656892252,119.499623739225,0.848064293202289,0.865044227490499,331.606761535804,663.213523071608,0.663213523071608,0.000663213523071608,6.63213523071608e-07,595726195072.07,62677908938.0351,595726195.07207,62677908.9380351,595.72619507207,62.6779089380351
"FASMEE23","Button","Smoke","S9PI",20240505,"11/15/2024","Lampman","B5B","B5","A",32,9,0,9,0,"","","F23A",2023-10-09,2023-10-09 14:54:00,2023-10-09 20:54:00,2,"Blue","PTFE",4,60,15,2023-10-09 20:54:00,2023-10-09 21:09:00,"Tons of smoke, probably best sample","B5",30,0.03,2.225,2.225,0,0,6.775,6.775,1,6.5134375,6.18375,0,2.81625,2.81625,-3.50655789731998,1,2167500,678246.875,0,678246.875,1,41568.8368055557,0,41568.8368055557,1,5,3103.14515205286,2932.4884253125,7815.8196078125,194.019761904762,217.1475,367.875,1917.98297619048,1852.75,4665.25,15.1785714285714,15.5555555555556,17.2222222222222,11.6666666666667,22.452380952381,22,21,26,3.5190117864711,3.52343484519426,4.17015860168985,2.80102987605014,33028.605,32110.7275,23311.6875,3647.1875,680.895,359.75,87614.52,93144.745,94353.6625,95216.85,7.98360663348233,"Hazardous","High",322.174432012725,291.175399446569,1054.07936790501,105.517683963091,582.755660846674,886.417688767653,70.6668673551349,92.0002656892252,119.499623739225,0.848064293202289,0.865044227490499,331.606761535804,663.213523071608,0.663213523071608,0.000663213523071608,6.63213523071608e-07,62677908938.0351,62677908938.0351,62677908.9380351,62677908.9380351,62.6779089380351,62.6779089380351
"FASMEE23","Button","Ambient","S9PI",20241117,"12/17/2024","Lampman","B2B","B2","A",18,9,0,9,NA,"","","F23B",2023-10-08,2023-10-08 15:41:00,2023-10-08 21:41:00,1,"Blue","PTFE",4,40,10,2023-10-08 21:41:00,2023-10-08 21:51:00,"","B2",20,0.02,1.675,1.5,0.175,0,7.5,7.5,1,5.9634375,5.45875,0,3.54125,3.54125,-3.91202300542815,1,3251250,1279276.5625,0,1279276.5625,1,NA,NA,NA,NA,2,3.60333222222222,3.5088,4.643,0.0863888888888889,0,1,0.325648148148148,0,2,14.3103448275862,14.1666666666667,15.5555555555556,12.7777777777778,26.5862068965517,26,25,30,3.80315690124411,3.870117245036,4.03730877881372,3.5555960775929,392.8125,126.0625,0,0,0,0,521.5625,521.5625,521.5625,521.5625,1.25527409868149,"Good","None",NA,NA,NA,NA,NA,NA,NA,NA,NA,NA,NA,NA,NA,NA,NA,NA,NA,NA,NA,NA,NA,NA
"FASMEE23","Button","Ambient","S9PI",20241217,"12/19/2024","Lampman","B3B","B3","A",7,9,0,9,NA,"","","F23D",2023-10-09,2023-10-09 12:17:00,2023-10-09 18:17:00,2,"Blue","PTFE",4,40,10,2023-10-09 18:17:00,2023-10-09 18:27:00,"","B3",20,0.02,1.2125,1.1125,0.1,0,7.8875,7.8875,1,5.5009375,5.07125,0,3.92875,3.92875,-3.91202300542815,1,3251250,1419260.9375,0,1419260.9375,1,NA,NA,NA,NA,3,3.73360545454545,3.7674,4.8602,0.0431818181818182,0,2.25,0.0431818181818182,0,2.25,14.1910331384016,13.8888888888889,16.1111111111111,11.6666666666667,23.6842105263158,23,21,26,3.35815549149463,3.54856909262987,4.02892321604069,2.75476213820575,46.75,16.5,0,0,0,0,72,72,72,72,1.32638510836598,"Good","None",NA,NA,NA,NA,NA,NA,NA,NA,NA,NA,NA,NA,NA,NA,NA,NA,NA,NA,NA,NA,NA,NA
"FASMEE23","Button","Ambient","S9PI",20241217,"12/19/2024","Lampman","B3B","B3","A",10,9,0,9,NA,"","","F23D",2023-10-09,2023-10-09 12:17:00,2023-10-09 18:17:00,2,"Blue","PTFE",4,40,10,2023-10-09 18:17:00,2023-10-09 18:27:00,"","B3",20,0.02,1.2125,1.1125,0.1,0,7.8875,7.8875,1,5.5009375,5.07125,0,3.92875,3.92875,-3.91202300542815,1,3251250,1419260.9375,0,1419260.9375,1,NA,NA,NA,NA,3,3.73360545454545,3.7674,4.8602,0.0431818181818182,0,2.25,0.0431818181818182,0,2.25,14.1910331384016,13.8888888888889,16.1111111111111,11.6666666666667,23.6842105263158,23,21,26,3.35815549149463,3.54856909262987,4.02892321604069,2.75476213820575,46.75,16.5,0,0,0,0,72,72,72,72,1.32638510836598,"Good","None",NA,NA,NA,NA,NA,NA,NA,NA,NA,NA,NA,NA,NA,NA,NA,NA,NA,NA,NA,NA,NA,NA
"FASMEE23","Button","Ambient","S9PI",20241217,"12/19/2024","Lampman","B3B","B3","A",35,9,0,9,NA,"","","F23D",2023-10-09,2023-10-09 12:17:00,2023-10-09 18:17:00,2,"Blue","PTFE",4,40,10,2023-10-09 18:17:00,2023-10-09 18:27:00,"","B3",20,0.02,1.2125,1.1125,0.1,0,7.8875,7.8875,1,5.5009375,5.07125,0,3.92875,3.92875,-3.91202300542815,1,3251250,1419260.9375,0,1419260.9375,1,NA,NA,NA,NA,3,3.73360545454545,3.7674,4.8602,0.0431818181818182,0,2.25,0.0431818181818182,0,2.25,14.1910331384016,13.8888888888889,16.1111111111111,11.6666666666667,23.6842105263158,23,21,26,3.35815549149463,3.54856909262987,4.02892321604069,2.75476213820575,46.75,16.5,0,0,0,0,72,72,72,72,1.32638510836598,"Good","None",NA,NA,NA,NA,NA,NA,NA,NA,NA,NA,NA,NA,NA,NA,NA,NA,NA,NA,NA,NA,NA,NA
"FASMEE23","Button","Ambient","S9PI",20241217,"12/19/2024","Lampman","R1B","R1","A",9,9,0,9,NA,"","","F23D",2023-10-08,2023-10-08 13:09:00,2023-10-08 19:09:00,1,"Red","PTFE",4,40,10,2023-10-08 19:09:00,2023-10-08 19:19:00,"","R1",20,0.02,1.2125,1.1125,0.1,0,7.8875,7.8875,1,5.5009375,5.07125,0,3.92875,3.92875,-3.91202300542815,1,3251250,1419260.9375,0,1419260.9375,1,NA,NA,NA,NA,NA,NA,NA,NA,NA,NA,NA,NA,NA,NA,NA,NA,NA,NA,NA,NA,NA,NA,NA,NA,NA,NA,NA,NA,NA,NA,NA,NA,NA,NA,NA,NA,NA,NA,NA,NA,NA,NA,NA,NA,NA,NA,NA,NA,NA,NA,NA,NA,NA,NA,NA,NA,NA,NA,NA,NA,NA
"FASMEE23","Button","Ambient","S9PI",20241217,"12/19/2024","Lampman","R1B","R1","A",12,9,0,9,NA,"","","F23D",2023-10-08,2023-10-08 13:09:00,2023-10-08 19:09:00,1,"Red","PTFE",4,40,10,2023-10-08 19:09:00,2023-10-08 19:19:00,"","R1",20,0.02,1.2125,1.1125,0.1,0,7.8875,7.8875,1,5.5009375,5.07125,0,3.92875,3.92875,-3.91202300542815,1,3251250,1419260.9375,0,1419260.9375,1,NA,NA,NA,NA,NA,NA,NA,NA,NA,NA,NA,NA,NA,NA,NA,NA,NA,NA,NA,NA,NA,NA,NA,NA,NA,NA,NA,NA,NA,NA,NA,NA,NA,NA,NA,NA,NA,NA,NA,NA,NA,NA,NA,NA,NA,NA,NA,NA,NA,NA,NA,NA,NA,NA,NA,NA,NA,NA,NA,NA,NA
"FASMEE23","Button","Ambient","S9PI",20241217,"12/20/2024","Lampman","R2B","R2","A",4,9,7,16,1,"10","PHOTO 002","F23D",2023-10-08,2023-10-08 13:40:00,2023-10-08 19:40:00,1,"Red","PTFE",4,40,10,2023-10-08 19:40:00,2023-10-08 19:50:00,"","R2",20,0.02,1.2125,1.1125,0.1,6.9,7.8875,14.7875,0.533389687235841,5.5009375,5.07125,6.5703125,3.92875,10.4990625,-3.91202300542815,0.5625,5780000,3792786.328125,2373525.390625,1419260.9375,0.374200077387862,NA,NA,NA,NA,NA,NA,NA,NA,NA,NA,NA,NA,NA,NA,NA,NA,NA,NA,NA,NA,NA,NA,NA,NA,NA,NA,NA,NA,NA,NA,NA,NA,NA,NA,NA,NA,NA,NA,NA,NA,NA,NA,NA,NA,NA,NA,NA,NA,NA,NA,NA,NA,NA,NA,NA,NA,NA,NA,NA,NA,NA
"FASMEE23","Button","Ambient","S9PI",20241223,"12/23/2024","Lampman","R4B","R4","A",4,9,0,9,1,"5","PHOTO 27","F23D",2023-10-08,2023-10-08 14:28:00,2023-10-08 20:28:00,1,"Red","PTFE",4,40,10,2023-10-08 20:28:00,2023-10-08 20:38:00,"","R4",20,0.02,1.2125,1.1125,0.1,0,7.8875,7.8875,1,5.5009375,5.07125,0,3.92875,3.92875,-3.91202300542815,1,3251250,1419260.9375,0,1419260.9375,1,NA,NA,NA,NA,NA,NA,NA,NA,NA,NA,NA,NA,NA,NA,NA,NA,NA,NA,NA,NA,NA,NA,NA,NA,NA,NA,NA,NA,NA,NA,NA,NA,NA,NA,NA,NA,NA,NA,NA,NA,NA,NA,NA,NA,NA,NA,NA,NA,NA,NA,NA,NA,NA,NA,NA,NA,NA,NA,NA,NA,NA
"FASMEE23","Button","Ambient","S9PI",20241223,"12/23/2024","Lampman","R4B","R4","A",18,9,0,9,NA,"","","F23D",2023-10-08,2023-10-08 14:28:00,2023-10-08 20:28:00,1,"Red","PTFE",4,40,10,2023-10-08 20:28:00,2023-10-08 20:38:00,"","R4",20,0.02,1.2125,1.1125,0.1,0,7.8875,7.8875,1,5.5009375,5.07125,0,3.92875,3.92875,-3.91202300542815,1,3251250,1419260.9375,0,1419260.9375,1,NA,NA,NA,NA,NA,NA,NA,NA,NA,NA,NA,NA,NA,NA,NA,NA,NA,NA,NA,NA,NA,NA,NA,NA,NA,NA,NA,NA,NA,NA,NA,NA,NA,NA,NA,NA,NA,NA,NA,NA,NA,NA,NA,NA,NA,NA,NA,NA,NA,NA,NA,NA,NA,NA,NA,NA,NA,NA,NA,NA,NA
"FASMEE23","Button","Ambient","S9PI",20241223,"12/23/2024","Lampman","R4B","R4","A",22,9,1,10,NA,"","","F23D",2023-10-08,2023-10-08 14:28:00,2023-10-08 20:28:00,1,"Red","PTFE",4,40,10,2023-10-08 20:28:00,2023-10-08 20:38:00,"","R4",20,0.02,1.2125,1.1125,0.1,0.9,7.8875,8.7875,0.897581792318634,5.5009375,5.07125,0.5703125,3.92875,4.4990625,-3.91202300542815,0.9,3612500,1625286.328125,206025.390625,1419260.9375,0.873237480030562,NA,NA,NA,NA,NA,NA,NA,NA,NA,NA,NA,NA,NA,NA,NA,NA,NA,NA,NA,NA,NA,NA,NA,NA,NA,NA,NA,NA,NA,NA,NA,NA,NA,NA,NA,NA,NA,NA,NA,NA,NA,NA,NA,NA,NA,NA,NA,NA,NA,NA,NA,NA,NA,NA,NA,NA,NA,NA,NA,NA,NA
"FASMEE23","Button","Ambient","S9PI",20250115,"1/31/2025","Lampman","R6B","R6","A",22,9,0,9,NA,"","","F23E",2023-10-09,2023-10-09 12:11:00,2023-10-09 18:11:00,2,"Red","PTFE",4,40,10,2023-10-09 18:11:00,2023-10-09 18:21:00,"","R6",20,0.02,2.1,2.1,0,0,6.9,6.9,1,6.3884375,6.05875,0,2.94125,2.94125,-3.91202300542815,1,3251250,1062526.5625,0,1062526.5625,1,NA,NA,NA,NA,NA,NA,NA,NA,NA,NA,NA,NA,NA,NA,NA,NA,NA,NA,NA,NA,NA,NA,NA,NA,NA,NA,NA,NA,NA,NA,NA,NA,NA,NA,NA,NA,NA,NA,NA,NA,NA,NA,NA,NA,NA,NA,NA,NA,NA,NA,NA,NA,NA,NA,NA,NA,NA,NA,NA,NA,NA
"FASMEE23","Button","Ambient","S9PI",20250115,"1/31/2025","Lampman","R6B","R6","A",40,9,0,9,NA,"","","F23E",2023-10-09,2023-10-09 12:11:00,2023-10-09 18:11:00,2,"Red","PTFE",4,40,10,2023-10-09 18:11:00,2023-10-09 18:21:00,"","R6",20,0.02,2.1,2.1,0,0,6.9,6.9,1,6.3884375,6.05875,0,2.94125,2.94125,-3.91202300542815,1,3251250,1062526.5625,0,1062526.5625,1,NA,NA,NA,NA,NA,NA,NA,NA,NA,NA,NA,NA,NA,NA,NA,NA,NA,NA,NA,NA,NA,NA,NA,NA,NA,NA,NA,NA,NA,NA,NA,NA,NA,NA,NA,NA,NA,NA,NA,NA,NA,NA,NA,NA,NA,NA,NA,NA,NA,NA,NA,NA,NA,NA,NA,NA,NA,NA,NA,NA,NA
"FASMEE23","Button","Ambient","S9PI",20241223,"1/13/2025","Lampman","R5B","R5","A",17,9,0,9,NA,"","","F23D",2023-10-08,2023-10-08 15:41:00,2023-10-08 21:41:00,1,"Red","PTFE",4,40,10,2023-10-08 21:41:00,2023-10-08 21:51:00,"","R5",20,0.02,1.2125,1.1125,0.1,0,7.8875,7.8875,1,5.5009375,5.07125,0,3.92875,3.92875,-3.91202300542815,1,3251250,1419260.9375,0,1419260.9375,1,NA,NA,NA,NA,NA,NA,NA,NA,NA,NA,NA,NA,NA,NA,NA,NA,NA,NA,NA,NA,NA,NA,NA,NA,NA,NA,NA,NA,NA,NA,NA,NA,NA,NA,NA,NA,NA,NA,NA,NA,NA,NA,NA,NA,NA,NA,NA,NA,NA,NA,NA,NA,NA,NA,NA,NA,NA,NA,NA,NA,NA
"FASMEE23","Button","Ambient","S9PI",20241223,"1/13/2025","Lampman","R5B","R5","A",35,9,0,9,NA,"","","F23D",2023-10-08,2023-10-08 15:41:00,2023-10-08 21:41:00,1,"Red","PTFE",4,40,10,2023-10-08 21:41:00,2023-10-08 21:51:00,"","R5",20,0.02,1.2125,1.1125,0.1,0,7.8875,7.8875,1,5.5009375,5.07125,0,3.92875,3.92875,-3.91202300542815,1,3251250,1419260.9375,0,1419260.9375,1,NA,NA,NA,NA,NA,NA,NA,NA,NA,NA,NA,NA,NA,NA,NA,NA,NA,NA,NA,NA,NA,NA,NA,NA,NA,NA,NA,NA,NA,NA,NA,NA,NA,NA,NA,NA,NA,NA,NA,NA,NA,NA,NA,NA,NA,NA,NA,NA,NA,NA,NA,NA,NA,NA,NA,NA,NA,NA,NA,NA,NA
"FASMEE23","Button","Smoke","S9PI",20250203,"2/12/2025","Lampman","R10B","R10","A",24,9,0,9,NA,"","","F23E",2023-10-10,2023-10-09 18:17:00,2023-10-10 00:17:00,2,"Red","PTFE",4,60,15,2023-10-10 00:17:00,2023-10-10 00:32:00,"","R10",30,0.03,2.1,2.1,0,0,6.9,6.9,1,6.3884375,6.05875,0,2.94125,2.94125,-3.50655789731998,1,2167500,708351.041666667,0,708351.041666667,1,71673.0034722225,0,71673.0034722225,1,NA,NA,NA,NA,NA,NA,NA,NA,NA,NA,NA,NA,NA,NA,NA,NA,NA,NA,NA,NA,NA,NA,NA,NA,NA,NA,NA,NA,NA,NA,NA,NA,NA,NA,NA,NA,NA,NA,NA,NA,NA,NA,NA,NA,NA,NA,NA,NA,NA,NA,NA,NA,NA,NA,NA,NA,NA
"FASMEE23","Button","Smoke","S9PI",20250203,"2/12/2025","Lampman","R10B","R10","A",34,9,0,9,NA,"","","F23E",2023-10-10,2023-10-09 18:17:00,2023-10-10 00:17:00,2,"Red","PTFE",4,60,15,2023-10-10 00:17:00,2023-10-10 00:32:00,"","R10",30,0.03,2.1,2.1,0,0,6.9,6.9,1,6.3884375,6.05875,0,2.94125,2.94125,-3.50655789731998,1,2167500,708351.041666667,0,708351.041666667,1,71673.0034722225,0,71673.0034722225,1,NA,NA,NA,NA,NA,NA,NA,NA,NA,NA,NA,NA,NA,NA,NA,NA,NA,NA,NA,NA,NA,NA,NA,NA,NA,NA,NA,NA,NA,NA,NA,NA,NA,NA,NA,NA,NA,NA,NA,NA,NA,NA,NA,NA,NA,NA,NA,NA,NA,NA,NA,NA,NA,NA,NA,NA,NA
"FASMEE23","Button","Smoke","S9PI",20250212,"2/12/2025","Lampman","R11B","R11","A",1,9,0,9,1,"6","ph47","F23F",2023-10-10,2023-10-09 18:45:00,2023-10-10 00:45:00,2,"Red","PTFE",4,60,15,2023-10-10 00:45:00,2023-10-10 01:00:00,"","R11",30,0.03,1.25,1.25,0,0,7.75,7.75,1,5.5384375,5.20875,0,3.79125,3.79125,-3.50655789731998,1,2167500,913059.375,0,913059.375,1,276381.336805556,0,276381.336805556,1,NA,NA,NA,NA,NA,NA,NA,NA,NA,NA,NA,NA,NA,NA,NA,NA,NA,NA,NA,NA,NA,NA,NA,NA,NA,NA,NA,NA,NA,NA,NA,NA,NA,NA,NA,NA,NA,NA,NA,NA,NA,NA,NA,NA,NA,NA,NA,NA,NA,NA,NA,NA,NA,NA,NA,NA,NA
"FASMEE23","Button","Smoke","S9PI",20250212,"2/24/2025","Lampman","R12B","R12","A",8,9,0,9,NA,"","","F23F",2023-10-10,2023-10-10 15:09:00,2023-10-10 21:09:00,3,"Red","PTFE",4,60,15,2023-10-10 21:09:00,2023-10-10 21:24:00,"","R12",30,0.03,1.25,1.25,0,0,7.75,7.75,1,5.5384375,5.20875,0,3.79125,3.79125,-3.50655789731998,1,2167500,913059.375,0,913059.375,1,276381.336805556,0,276381.336805556,1,NA,NA,NA,NA,NA,NA,NA,NA,NA,NA,NA,NA,NA,NA,NA,NA,NA,NA,NA,NA,NA,NA,NA,NA,NA,NA,NA,NA,NA,NA,NA,NA,NA,NA,NA,NA,NA,NA,NA,NA,NA,NA,NA,NA,NA,NA,NA,NA,NA,NA,NA,NA,NA,NA,NA,NA,NA
"FASMEE23","Button","Smoke","S9PI",20250212,"2/24/2025","Lampman","R12B","R12","A",23,9,0,9,NA,"","","F23F",2023-10-10,2023-10-10 15:09:00,2023-10-10 21:09:00,3,"Red","PTFE",4,60,15,2023-10-10 21:09:00,2023-10-10 21:24:00,"","R12",30,0.03,1.25,1.25,0,0,7.75,7.75,1,5.5384375,5.20875,0,3.79125,3.79125,-3.50655789731998,1,2167500,913059.375,0,913059.375,1,276381.336805556,0,276381.336805556,1,NA,NA,NA,NA,NA,NA,NA,NA,NA,NA,NA,NA,NA,NA,NA,NA,NA,NA,NA,NA,NA,NA,NA,NA,NA,NA,NA,NA,NA,NA,NA,NA,NA,NA,NA,NA,NA,NA,NA,NA,NA,NA,NA,NA,NA,NA,NA,NA,NA,NA,NA,NA,NA,NA,NA,NA,NA
"FASMEE23","Button","Smoke","S9PI",20250212,"2/24/2025","Lampman","R13B","R13","A",6,9,7,16,NA,"","","F23F",2023-10-11,2023-10-10 18:25:00,2023-10-11 00:25:00,3,"Red","PTFE",4,60,15,2023-10-11 00:25:00,2023-10-11 00:40:00,"Partial smoke at best","R13",30,0.03,1.25,1.25,0,7,7.75,14.75,0.525423728813559,5.5384375,5.20875,6.6703125,3.79125,10.4615625,-3.50655789731998,0.5625,3853333.33333333,2519492.96875,1606433.59375,913059.375,0.362398064342683,276381.336805556,1316858.16514757,1593239.50195312,0.17347130576837,NA,NA,NA,NA,NA,NA,NA,NA,NA,NA,NA,NA,NA,NA,NA,NA,NA,NA,NA,NA,NA,NA,NA,NA,NA,NA,NA,NA,NA,NA,NA,NA,NA,NA,NA,NA,NA,NA,NA,NA,NA,NA,NA,NA,NA,NA,NA,NA,NA,NA,NA,NA,NA,NA,NA,NA,NA
"FASMEE23","Button","Smoke","S9PI",20250212,"2/24/2025","Lampman","R13B","R13","A",17,9,0,9,NA,"","","F23F",2023-10-11,2023-10-10 18:25:00,2023-10-11 00:25:00,3,"Red","PTFE",4,60,15,2023-10-11 00:25:00,2023-10-11 00:40:00,"Partial smoke at best","R13",30,0.03,1.25,1.25,0,0,7.75,7.75,1,5.5384375,5.20875,0,3.79125,3.79125,-3.50655789731998,1,2167500,913059.375,0,913059.375,1,276381.336805556,0,276381.336805556,1,NA,NA,NA,NA,NA,NA,NA,NA,NA,NA,NA,NA,NA,NA,NA,NA,NA,NA,NA,NA,NA,NA,NA,NA,NA,NA,NA,NA,NA,NA,NA,NA,NA,NA,NA,NA,NA,NA,NA,NA,NA,NA,NA,NA,NA,NA,NA,NA,NA,NA,NA,NA,NA,NA,NA,NA,NA
"FASMEE23","Button","Smoke","S9PI",20250212,"2/26/2025","Lampman","R14B","R14","A",7,9,5,14,NA,"","","F23F",2023-10-11,2023-10-10 18:53:00,2023-10-11 00:53:00,3,"Red","PTFE",4,60,15,2023-10-11 00:53:00,2023-10-11 01:08:00,"Partial smoke at best","R14",30,0.03,1.25,1.25,0,5,7.75,12.75,0.607843137254902,5.5384375,5.20875,4.6703125,3.79125,8.4615625,-3.50655789731998,0.642857142857143,3371666.66666667,2037826.30208333,1124766.92708333,913059.375,0.448055545296746,276381.336805556,835191.498480903,1111572.83528646,0.248639880385644,NA,NA,NA,NA,NA,NA,NA,NA,NA,NA,NA,NA,NA,NA,NA,NA,NA,NA,NA,NA,NA,NA,NA,NA,NA,NA,NA,NA,NA,NA,NA,NA,NA,NA,NA,NA,NA,NA,NA,NA,NA,NA,NA,NA,NA,NA,NA,NA,NA,NA,NA,NA,NA,NA,NA,NA,NA
"FASMEE23","Button","Smoke","S9PI",20250212,"2/26/2025","Lampman","R14B","R14","A",8,9,8,17,NA,"","","F23F",2023-10-11,2023-10-10 18:53:00,2023-10-11 00:53:00,3,"Red","PTFE",4,60,15,2023-10-11 00:53:00,2023-10-11 01:08:00,"Partial smoke at best","R14",30,0.03,1.25,1.25,0,8,7.75,15.75,0.492063492063492,5.5384375,5.20875,7.6703125,3.79125,11.4615625,-3.50655789731998,0.529411764705882,4094166.66666667,2760326.30208333,1847266.92708333,913059.375,0.330779507593315,276381.336805556,1557691.4984809,1834072.83528646,0.150692672334569,NA,NA,NA,NA,NA,NA,NA,NA,NA,NA,NA,NA,NA,NA,NA,NA,NA,NA,NA,NA,NA,NA,NA,NA,NA,NA,NA,NA,NA,NA,NA,NA,NA,NA,NA,NA,NA,NA,NA,NA,NA,NA,NA,NA,NA,NA,NA,NA,NA,NA,NA,NA,NA,NA,NA,NA,NA
"FASMEE23","Button","Smoke","S9PI",20250212,"2/26/2025","Lampman","R14B","R14","A",11,9,16,25,NA,"","","F23F",2023-10-11,2023-10-10 18:53:00,2023-10-11 00:53:00,3,"Red","PTFE",4,60,15,2023-10-11 00:53:00,2023-10-11 01:08:00,"Partial smoke at best","R14",30,0.03,1.25,1.25,0,16,7.75,23.75,0.326315789473684,5.5384375,5.20875,15.6703125,3.79125,19.4615625,-3.50655789731998,0.36,6020833.33333333,4686992.96875,3773933.59375,913059.375,0.194807071631582,276381.336805556,3484358.16514757,3760739.50195312,0.0734912207192277,NA,NA,NA,NA,NA,NA,NA,NA,NA,NA,NA,NA,NA,NA,NA,NA,NA,NA,NA,NA,NA,NA,NA,NA,NA,NA,NA,NA,NA,NA,NA,NA,NA,NA,NA,NA,NA,NA,NA,NA,NA,NA,NA,NA,NA,NA,NA,NA,NA,NA,NA,NA,NA,NA,NA,NA,NA
"FASMEE23","Button","Smoke","S9PI",20250212,"2/26/2025","Lampman","R14B","R14","A",14,9,1,10,NA,"","","F23F",2023-10-11,2023-10-10 18:53:00,2023-10-11 00:53:00,3,"Red","PTFE",4,60,15,2023-10-11 00:53:00,2023-10-11 01:08:00,"Partial smoke at best","R14",30,0.03,1.25,1.25,0,1,7.75,8.75,0.885714285714286,5.5384375,5.20875,0.6703125,3.79125,4.4615625,-3.50655789731998,0.9,2408333.33333333,1074492.96875,161433.59375,913059.375,0.849758352595083,276381.336805556,0,276381.336805556,1,NA,NA,NA,NA,NA,NA,NA,NA,NA,NA,NA,NA,NA,NA,NA,NA,NA,NA,NA,NA,NA,NA,NA,NA,NA,NA,NA,NA,NA,NA,NA,NA,NA,NA,NA,NA,NA,NA,NA,NA,NA,NA,NA,NA,NA,NA,NA,NA,NA,NA,NA,NA,NA,NA,NA,NA,NA
"FASMEE23","Button","Smoke","S9PI",20250212,"2/26/2025","Lampman","R14B","R14","A",16,9,1,10,NA,"","","F23F",2023-10-11,2023-10-10 18:53:00,2023-10-11 00:53:00,3,"Red","PTFE",4,60,15,2023-10-11 00:53:00,2023-10-11 01:08:00,"Partial smoke at best","R14",30,0.03,1.25,1.25,0,1,7.75,8.75,0.885714285714286,5.5384375,5.20875,0.6703125,3.79125,4.4615625,-3.50655789731998,0.9,2408333.33333333,1074492.96875,161433.59375,913059.375,0.849758352595083,276381.336805556,0,276381.336805556,1,NA,NA,NA,NA,NA,NA,NA,NA,NA,NA,NA,NA,NA,NA,NA,NA,NA,NA,NA,NA,NA,NA,NA,NA,NA,NA,NA,NA,NA,NA,NA,NA,NA,NA,NA,NA,NA,NA,NA,NA,NA,NA,NA,NA,NA,NA,NA,NA,NA,NA,NA,NA,NA,NA,NA,NA,NA
"FASMEE23","Button","Smoke","S9PI",20250212,"2/26/2025","Lampman","R14B","R14","A",26,9,2,11,NA,"","","F23F",2023-10-11,2023-10-10 18:53:00,2023-10-11 00:53:00,3,"Red","PTFE",4,60,15,2023-10-11 00:53:00,2023-10-11 01:08:00,"Partial smoke at best","R14",30,0.03,1.25,1.25,0,2,7.75,9.75,0.794871794871795,5.5384375,5.20875,1.6703125,3.79125,5.4615625,-3.50655789731998,0.818181818181818,2649166.66666667,1315326.30208333,402266.927083333,913059.375,0.694169479887853,276381.336805556,112691.498480903,389072.835286458,0.710358862761692,NA,NA,NA,NA,NA,NA,NA,NA,NA,NA,NA,NA,NA,NA,NA,NA,NA,NA,NA,NA,NA,NA,NA,NA,NA,NA,NA,NA,NA,NA,NA,NA,NA,NA,NA,NA,NA,NA,NA,NA,NA,NA,NA,NA,NA,NA,NA,NA,NA,NA,NA,NA,NA,NA,NA,NA,NA
"FASMEE23","Button","Smoke","S9PI",20250117,"3/3/2025","Lampman","R7B","R7","A",8,9,0,9,NA,"","","F23E",2023-10-09,2023-10-09 12:33:00,2023-10-09 18:33:00,2,"Red","PTFE",4,40,10,2023-10-09 18:33:00,2023-10-09 18:43:00,"Partial smoke towards end of sample","R7",20,0.02,2.1,2.1,0,0,6.9,6.9,1,6.3884375,6.05875,0,2.94125,2.94125,-3.91202300542815,1,3251250,1062526.5625,0,1062526.5625,1,425848.524305556,0,425848.524305556,1,NA,NA,NA,NA,NA,NA,NA,NA,NA,NA,NA,NA,NA,NA,NA,NA,NA,NA,NA,NA,NA,NA,NA,NA,NA,NA,NA,NA,NA,NA,NA,NA,NA,NA,NA,NA,NA,NA,NA,NA,NA,NA,NA,NA,NA,NA,NA,NA,NA,NA,NA,NA,NA,NA,NA,NA,NA
"FASMEE23","Button","Smoke","S9PI",20250117,"3/3/2025","Lampman","R7B","R7","A",15,9,0,9,NA,"","","F23E",2023-10-09,2023-10-09 12:33:00,2023-10-09 18:33:00,2,"Red","PTFE",4,40,10,2023-10-09 18:33:00,2023-10-09 18:43:00,"Partial smoke towards end of sample","R7",20,0.02,2.1,2.1,0,0,6.9,6.9,1,6.3884375,6.05875,0,2.94125,2.94125,-3.91202300542815,1,3251250,1062526.5625,0,1062526.5625,1,425848.524305556,0,425848.524305556,1,NA,NA,NA,NA,NA,NA,NA,NA,NA,NA,NA,NA,NA,NA,NA,NA,NA,NA,NA,NA,NA,NA,NA,NA,NA,NA,NA,NA,NA,NA,NA,NA,NA,NA,NA,NA,NA,NA,NA,NA,NA,NA,NA,NA,NA,NA,NA,NA,NA,NA,NA,NA,NA,NA,NA,NA,NA
"FASMEE23","Button","Smoke","S9PI",20250127,"3/3/2025","Lampman","B9B","B9","A",2,9,9,18,NA,"","","F23E",2023-10-10,2023-10-10 15:09:00,2023-10-10 21:09:00,3,"Blue","PTFE",4,60,15,2023-10-10 21:09:00,2023-10-10 21:24:00,"","B9",30,0.03,2.1,2.1,0,9,6.9,15.9,0.433962264150943,6.3884375,6.05875,8.6703125,2.94125,11.6115625,-3.50655789731998,0.5,4335000,2796451.30208333,2088100.26041667,708351.041666667,0.253303549802191,71673.0034722225,1798524.83181424,1870197.83528646,0.0383237549097282,9,584.100794087505,188.516922417344,3114.5911041344,176.698148148148,130.5,422.625,446.172839506173,237.875,1716.21,10.8074935400517,10.5555555555556,11.6666666666667,10,33.0116279069767,33,31,34,3.84755654322465,3.82515368908763,4.16705056996941,3.64859285797902,11336.5,10298.67,2475.79,88.25,0.125,0,24722.5,24835.125,24836.25,24837.375,5.23918777695593,"Very Unhealthy","Low",61.2042743966305,66.3921308617705,201.814906555965,15.7464380900351,108.784440826061,218.711205508665,12.1776042318889,13.3199766930851,24.5377224480851,0.896793933565282,0.89807374740202,62.9928010192709,125.985602038542,0.125985602038542,0.000125985602038542,1.25985602038542e-07,14844536240850.2,568898368642.92,14844536240.8502,568898368.64292,14844.5362408502,568.89836864292
"FASMEE23","Button","Smoke","S9PI",20250127,"3/3/2025","Lampman","B9B","B9","A",7,9,10,19,NA,"","","F23E",2023-10-10,2023-10-10 15:09:00,2023-10-10 21:09:00,3,"Blue","PTFE",4,60,15,2023-10-10 21:09:00,2023-10-10 21:24:00,"","B9",30,0.03,2.1,2.1,0,10,6.9,16.9,0.408284023668639,6.3884375,6.05875,9.6703125,2.94125,12.6115625,-3.50655789731998,0.473684210526316,4575833.33333333,3037284.63541667,2328933.59375,708351.041666667,0.233218524667344,71673.0034722225,2039358.16514757,2111031.16861979,0.0339516557299733,9,584.100794087505,188.516922417344,3114.5911041344,176.698148148148,130.5,422.625,446.172839506173,237.875,1716.21,10.8074935400517,10.5555555555556,11.6666666666667,10,33.0116279069767,33,31,34,3.84755654322465,3.82515368908763,4.16705056996941,3.64859285797902,11336.5,10298.67,2475.79,88.25,0.125,0,24722.5,24835.125,24836.25,24837.375,5.23918777695593,"Very Unhealthy","Low",61.2042743966305,66.3921308617705,201.814906555965,15.7464380900351,108.784440826061,218.711205508665,12.1776042318889,13.3199766930851,24.5377224480851,0.896793933565282,0.89807374740202,62.9928010192709,125.985602038542,0.125985602038542,0.000125985602038542,1.25985602038542e-07,16756130339195.3,568898368642.92,16756130339.1953,568898368.64292,16756.1303391953,568.89836864292
"FASMEE23","Button","Smoke","S9PI",20250127,"3/3/2025","Lampman","B9B","B9","A",25,9,0,9,NA,"","","F23E",2023-10-10,2023-10-10 15:09:00,2023-10-10 21:09:00,3,"Blue","PTFE",4,60,15,2023-10-10 21:09:00,2023-10-10 21:24:00,"","B9",30,0.03,2.1,2.1,0,0,6.9,6.9,1,6.3884375,6.05875,0,2.94125,2.94125,-3.50655789731998,1,2167500,708351.041666667,0,708351.041666667,1,71673.0034722225,0,71673.0034722225,1,9,584.100794087505,188.516922417344,3114.5911041344,176.698148148148,130.5,422.625,446.172839506173,237.875,1716.21,10.8074935400517,10.5555555555556,11.6666666666667,10,33.0116279069767,33,31,34,3.84755654322465,3.82515368908763,4.16705056996941,3.64859285797902,11336.5,10298.67,2475.79,88.25,0.125,0,24722.5,24835.125,24836.25,24837.375,5.23918777695593,"Very Unhealthy","Low",61.2042743966305,66.3921308617705,201.814906555965,15.7464380900351,108.784440826061,218.711205508665,12.1776042318889,13.3199766930851,24.5377224480851,0.896793933565282,0.89807374740202,62.9928010192709,125.985602038542,0.125985602038542,0.000125985602038542,1.25985602038542e-07,568898368642.92,568898368642.92,568898368.64292,568898368.64292,568.89836864292,568.89836864292
"FASMEE23","Button","Smoke","S9PI",20250127,"3/3/2025","Lampman","B9B","B9","A",31,9,0,9,NA,"","","F23E",2023-10-10,2023-10-10 15:09:00,2023-10-10 21:09:00,3,"Blue","PTFE",4,60,15,2023-10-10 21:09:00,2023-10-10 21:24:00,"","B9",30,0.03,2.1,2.1,0,0,6.9,6.9,1,6.3884375,6.05875,0,2.94125,2.94125,-3.50655789731998,1,2167500,708351.041666667,0,708351.041666667,1,71673.0034722225,0,71673.0034722225,1,9,584.100794087505,188.516922417344,3114.5911041344,176.698148148148,130.5,422.625,446.172839506173,237.875,1716.21,10.8074935400517,10.5555555555556,11.6666666666667,10,33.0116279069767,33,31,34,3.84755654322465,3.82515368908763,4.16705056996941,3.64859285797902,11336.5,10298.67,2475.79,88.25,0.125,0,24722.5,24835.125,24836.25,24837.375,5.23918777695593,"Very Unhealthy","Low",61.2042743966305,66.3921308617705,201.814906555965,15.7464380900351,108.784440826061,218.711205508665,12.1776042318889,13.3199766930851,24.5377224480851,0.896793933565282,0.89807374740202,62.9928010192709,125.985602038542,0.125985602038542,0.000125985602038542,1.25985602038542e-07,568898368642.92,568898368642.92,568898368.64292,568898368.64292,568.89836864292,568.89836864292
"FASMEE23","Button","Smoke","S9PI",20250127,"3/3/2025","Lampman","B9B","B9","A",39,9,0,9,NA,"","","F23E",2023-10-10,2023-10-10 15:09:00,2023-10-10 21:09:00,3,"Blue","PTFE",4,60,15,2023-10-10 21:09:00,2023-10-10 21:24:00,"","B9",30,0.03,2.1,2.1,0,0,6.9,6.9,1,6.3884375,6.05875,0,2.94125,2.94125,-3.50655789731998,1,2167500,708351.041666667,0,708351.041666667,1,71673.0034722225,0,71673.0034722225,1,9,584.100794087505,188.516922417344,3114.5911041344,176.698148148148,130.5,422.625,446.172839506173,237.875,1716.21,10.8074935400517,10.5555555555556,11.6666666666667,10,33.0116279069767,33,31,34,3.84755654322465,3.82515368908763,4.16705056996941,3.64859285797902,11336.5,10298.67,2475.79,88.25,0.125,0,24722.5,24835.125,24836.25,24837.375,5.23918777695593,"Very Unhealthy","Low",61.2042743966305,66.3921308617705,201.814906555965,15.7464380900351,108.784440826061,218.711205508665,12.1776042318889,13.3199766930851,24.5377224480851,0.896793933565282,0.89807374740202,62.9928010192709,125.985602038542,0.125985602038542,0.000125985602038542,1.25985602038542e-07,568898368642.92,568898368642.92,568898368.64292,568898368.64292,568.89836864292,568.89836864292
"FASMEE23","Button","Smoke","S9PI",20250221,"2/28/2025","Lampman","R15B","R15","A",11,9,9,18,NA,"","","F23F",2023-10-11,2023-10-10 19:21:00,2023-10-11 01:21:00,3,"Red","PTFE",4,60,15,2023-10-11 01:21:00,2023-10-11 01:36:00,"Partial smoke at best","R15",30,0.03,1.25,1.25,0,9,7.75,16.75,0.462686567164179,5.5384375,5.20875,8.6703125,3.79125,12.4615625,-3.50655789731998,0.5,4335000,3001159.63541667,2088100.26041667,913059.375,0.304235524237029,276381.336805556,1798524.83181424,2074906.16861979,0.133201848346425,NA,NA,NA,NA,NA,NA,NA,NA,NA,NA,NA,NA,NA,NA,NA,NA,NA,NA,NA,NA,NA,NA,NA,NA,NA,NA,NA,NA,NA,NA,NA,NA,NA,NA,NA,NA,NA,NA,NA,NA,NA,NA,NA,NA,NA,NA,NA,NA,NA,NA,NA,NA,NA,NA,NA,NA,NA
"FASMEE23","Button","Smoke","S9PI",20250127,"3/5/2025","Lampman","R9B","R9","A",6,9,0,9,NA,"","","F23E",2023-10-09,2023-10-09 15:17:00,2023-10-09 21:17:00,2,"Red","PTFE",4,60,15,2023-10-09 21:17:00,2023-10-09 21:32:00,"","R9",30,0.03,2.1,2.1,0,0,6.9,6.9,1,6.3884375,6.05875,0,2.94125,2.94125,-3.50655789731998,1,2167500,708351.041666667,0,708351.041666667,1,71673.0034722225,0,71673.0034722225,1,NA,NA,NA,NA,NA,NA,NA,NA,NA,NA,NA,NA,NA,NA,NA,NA,NA,NA,NA,NA,NA,NA,NA,NA,NA,NA,NA,NA,NA,NA,NA,NA,NA,NA,NA,NA,NA,NA,NA,NA,NA,NA,NA,NA,NA,NA,NA,NA,NA,NA,NA,NA,NA,NA,NA,NA,NA
"FASMEE23","Button","Smoke","S9PI",20240505,"3/31/2025","Lampman","R8B","R8B","A",5,9,0,9,NA,"","","F23A",2023-10-09,2023-10-09 14:54:00,2023-10-09 20:54:00,2,"Red","PTFE",4,60,15,2023-10-09 20:54:00,2023-10-09 21:09:00,"Tons of smoke, probably best sample","R8",30,0.03,2.225,2.225,0,0,6.775,6.775,1,6.5134375,6.18375,0,2.81625,2.81625,-3.50655789731998,1,2167500,678246.875,0,678246.875,1,41568.8368055557,0,41568.8368055557,1,NA,NA,NA,NA,NA,NA,NA,NA,NA,NA,NA,NA,NA,NA,NA,NA,NA,NA,NA,NA,NA,NA,NA,NA,NA,NA,NA,NA,NA,NA,NA,NA,NA,NA,NA,NA,NA,NA,NA,NA,NA,NA,NA,NA,NA,NA,NA,NA,NA,NA,NA,NA,NA,NA,NA,NA,NA
"FASMEE23","Button","Smoke","S9PI",20240505,"3/31/2025","Lampman","R8B","R8B","A",37,9,0,9,NA,"","","F23A",2023-10-09,2023-10-09 14:54:00,2023-10-09 20:54:00,2,"Red","PTFE",4,60,15,2023-10-09 20:54:00,2023-10-09 21:09:00,"Tons of smoke, probably best sample","R8",30,0.03,2.225,2.225,0,0,6.775,6.775,1,6.5134375,6.18375,0,2.81625,2.81625,-3.50655789731998,1,2167500,678246.875,0,678246.875,1,41568.8368055557,0,41568.8368055557,1,NA,NA,NA,NA,NA,NA,NA,NA,NA,NA,NA,NA,NA,NA,NA,NA,NA,NA,NA,NA,NA,NA,NA,NA,NA,NA,NA,NA,NA,NA,NA,NA,NA,NA,NA,NA,NA,NA,NA,NA,NA,NA,NA,NA,NA,NA,NA,NA,NA,NA,NA,NA,NA,NA,NA,NA,NA
"FASMEE23","Button","Smoke","S9PI",20250221,"4/11/2025","Lampman","B7B","B7","A",20,9,0,9,NA,"","","F23F",2023-10-10,2023-10-09 18:17:00,2023-10-10 00:17:00,2,"Blue","PTFE",4,60,15,2023-10-10 00:17:00,2023-10-10 00:32:00,"","B7",30,0.03,1.25,1.25,0,0,7.75,7.75,1,5.5384375,5.20875,0,3.79125,3.79125,-3.50655789731998,1,2167500,913059.375,0,913059.375,1,276381.336805556,0,276381.336805556,1,7,1625.52013208166,1670.54342003125,4296.5432918125,191.864464285714,243.5,323.75,1134.54755952381,1266.25,2565.125,11.9378306878307,12.2222222222222,12.7777777777778,9.44444444444444,27.4642857142857,27,27,29,3.43830869055206,3.49798559298276,3.81130962441916,2.83267941327911,27600.25,26431.75,16400.9375,2164.5625,366.75,209,70499.125,72762.875,73162.6025,73501.915,7.42090425369562,"Hazardous","High",NA,NA,NA,NA,NA,NA,NA,NA,NA,NA,NA,NA,NA,NA,NA,NA,NA,NA,NA,NA,NA,NA
"FASMEE23","Button","Smoke","S9PI",20250221,"3/10/2025","Lampman","B8B","B8","A",6,9,0,9,NA,"","","F23F",2023-10-10,2023-10-09 18:45:00,2023-10-10 00:45:00,2,"Blue","PTFE",4,60,15,2023-10-10 00:45:00,2023-10-10 01:00:00,"","B8",30,0.03,1.25,1.25,0,0,7.75,7.75,1,5.5384375,5.20875,0,3.79125,3.79125,-3.50655789731998,1,2167500,913059.375,0,913059.375,1,276381.336805556,0,276381.336805556,1,8,1205.06665382693,1303.733104,3018.616525,226.646470588235,286,417.125,876.608941176471,1025.165,1821,12.078431372549,11.6666666666667,13.8888888888889,10.5555555555556,27.6117647058824,28,26,30,3.48006033349395,3.49058669865849,3.8025217445426,3.05727862595733,26588.54,25222.5,13803,1123.75,154.17,81.33,66054.875,67628,67854.375,68080.75,7.17298704669122,"Hazardous","High",NA,NA,NA,NA,NA,NA,NA,NA,NA,NA,NA,NA,NA,NA,NA,NA,NA,NA,NA,NA,NA,NA
"FASMEE23","Button","Smoke","S9PI",20250221,"3/10/2025","Lampman","B8B","B8","A",16,9,3,12,NA,"","","F23F",2023-10-10,2023-10-09 18:45:00,2023-10-10 00:45:00,2,"Blue","PTFE",4,60,15,2023-10-10 00:45:00,2023-10-10 01:00:00,"","B8",30,0.03,1.25,1.25,0,3,7.75,10.75,0.720930232558139,5.5384375,5.20875,2.6703125,3.79125,6.4615625,-3.50655789731998,0.75,2890000,1556159.63541667,643100.260416667,913059.375,0.586738888620206,276381.336805556,353524.831814236,629906.168619792,0.438765883831784,8,1205.06665382693,1303.733104,3018.616525,226.646470588235,286,417.125,876.608941176471,1025.165,1821,12.078431372549,11.6666666666667,13.8888888888889,10.5555555555556,27.6117647058824,28,26,30,3.48006033349395,3.49058669865849,3.8025217445426,3.05727862595733,26588.54,25222.5,13803,1123.75,154.17,81.33,66054.875,67628,67854.375,68080.75,7.17298704669122,"Hazardous","High",NA,NA,NA,NA,NA,NA,NA,NA,NA,NA,NA,NA,NA,NA,NA,NA,NA,NA,NA,NA,NA,NA
"FASMEE23","Button","Smoke","S9PI",20250221,"3/10/2025","Lampman","B8B","B8","A",24,9,2,11,NA,"","","F23F",2023-10-10,2023-10-09 18:45:00,2023-10-10 00:45:00,2,"Blue","PTFE",4,60,15,2023-10-10 00:45:00,2023-10-10 01:00:00,"","B8",30,0.03,1.25,1.25,0,2,7.75,9.75,0.794871794871795,5.5384375,5.20875,1.6703125,3.79125,5.4615625,-3.50655789731998,0.818181818181818,2649166.66666667,1315326.30208333,402266.927083333,913059.375,0.694169479887853,276381.336805556,112691.498480903,389072.835286458,0.710358862761692,8,1205.06665382693,1303.733104,3018.616525,226.646470588235,286,417.125,876.608941176471,1025.165,1821,12.078431372549,11.6666666666667,13.8888888888889,10.5555555555556,27.6117647058824,28,26,30,3.48006033349395,3.49058669865849,3.8025217445426,3.05727862595733,26588.54,25222.5,13803,1123.75,154.17,81.33,66054.875,67628,67854.375,68080.75,7.17298704669122,"Hazardous","High",NA,NA,NA,NA,NA,NA,NA,NA,NA,NA,NA,NA,NA,NA,NA,NA,NA,NA,NA,NA,NA,NA
"FASMEE23","Button","Smoke","S9PI",20240912,"11/12/2024","Lampman","B12B","B12","A",23,10,0,10,0,"","","F23B",2023-10-11,2023-10-10 19:29:00,2023-10-11 01:29:00,3,"Blue","PTFE",4,60,15,2023-10-11 01:29:00,2023-10-11 01:44:00,"Partial smoke at best","B12",30,0.03,1.675,1.5,0.175,0,8.5,8.5,1,5.9634375,5.45875,0,4.54125,4.54125,-3.50655789731998,1,2408333.33333333,1093684.375,0,1093684.375,1,457006.336805556,0,457006.336805556,1,12,97.2710784691779,70.63031,343.96187725,71.5695081967213,55.375,217.25,119.030737704918,94.21,369.875,9.51730418943534,9.44444444444444,10.5555555555556,8.88888888888889,30.2622950819672,30,30,32,3.22274350561617,3.20067977403102,3.59115262850359,3.05362161156916,5352.375,4262.04,915.835,8.29,0,0,10439.125,10456.375,10456.375,10456.375,4.257459372481,"Moderate/Unhealthy","Low",12.4836759454948,13.1564633792446,42.6384496071778,2.83267731716567,22.6222156083308,43.3128495814939,1.66076798489259,2.36439821080882,3.08124897580882,0.948198027037845,0.934616975798477,12.580490102955,25.1609802059101,0.02516098020591,2.516098020591e-05,2.516098020591e-08,18163296225566.3,18163296225566.3,18163296225.5663,18163296225.5663,18163.2962255663,18163.2962255663
"FASMEE23","Button","Smoke","S9PI",20240912,"11/12/2024","Lampman","B12B","B12","A",35,10,0,10,0,"","","F23B",2023-10-11,2023-10-10 19:29:00,2023-10-11 01:29:00,3,"Blue","PTFE",4,60,15,2023-10-11 01:29:00,2023-10-11 01:44:00,"Partial smoke at best","B12",30,0.03,1.675,1.5,0.175,0,8.5,8.5,1,5.9634375,5.45875,0,4.54125,4.54125,-3.50655789731998,1,2408333.33333333,1093684.375,0,1093684.375,1,457006.336805556,0,457006.336805556,1,12,97.2710784691779,70.63031,343.96187725,71.5695081967213,55.375,217.25,119.030737704918,94.21,369.875,9.51730418943534,9.44444444444444,10.5555555555556,8.88888888888889,30.2622950819672,30,30,32,3.22274350561617,3.20067977403102,3.59115262850359,3.05362161156916,5352.375,4262.04,915.835,8.29,0,0,10439.125,10456.375,10456.375,10456.375,4.257459372481,"Moderate/Unhealthy","Low",12.4836759454948,13.1564633792446,42.6384496071778,2.83267731716567,22.6222156083308,43.3128495814939,1.66076798489259,2.36439821080882,3.08124897580882,0.948198027037845,0.934616975798477,12.580490102955,25.1609802059101,0.02516098020591,2.516098020591e-05,2.516098020591e-08,18163296225566.3,18163296225566.3,18163296225.5663,18163296225.5663,18163.2962255663,18163.2962255663
"FASMEE23","Button","Smoke","S9PI",20240926,"11/14/2024","Lampman","B11B","B11","A",1,10,12,22,NA,"","","F23B",2023-10-11,2023-10-10 18:53:00,2023-10-11 00:53:00,3,"Blue","PTFE",4,52.28,13.07,2023-10-11 00:53:00,2023-10-11 01:06:04,"Arms loose on ATAT-RTH with time remaining on leland (1:56min)","B11",26.14,0.02614,1.675,1.5,0.175,11.825,8.5,20.325,0.41820418204182,5.9634375,5.45875,11.4953125,4.54125,16.0365625,-3.64428857078606,0.454545454545455,6080719.20428462,4432446.98020275,3177262.15809105,1255184.82211171,0.283181012140226,618506.783917262,2887686.72948862,3506193.51340588,0.176404063709664,11,126.519445912158,109.433425,372.7538288125,95.9646621621622,85.5425,240.415,159.535135135135,142.02,385.5,9.42192192192192,9.44444444444444,10,7.22222222222222,30.3108108108108,30,30,31,3.19763860610841,3.20003153837661,3.34652644641426,2.69939809952541,7999.75,6403.1875,1424.23,38.7925,0,0,15778.3125,15811,15812.25,15813.5,4.69531637348758,"Moderate/Unhealthy","Low",5.03917002239612,3.45635072732919,16.9430562803866,0.334627603826129,8.98035194956724,9.22013137699785,0.812405426978007,0.278427065808824,2.83584060580882,0.912070919480452,0.931800219280138,5.14133045415266,10.2826609083053,0.0102826609083053,1.02826609083053e-05,1.02826609083053e-08,340981147260620,60150460025156.8,340981147260.62,60150460025.1568,340981.14726062,60150.4600251568
"FASMEE23","Button","Smoke","S9PI",20240926,"11/14/2024","Lampman","B11B","B11","A",38,10,0,10,NA,"","","F23B",2023-10-11,2023-10-10 18:53:00,2023-10-11 00:53:00,3,"Blue","PTFE",4,52.28,13.07,2023-10-11 00:53:00,2023-10-11 01:06:04,"Arms loose on ATAT-RTH with time remaining on leland (1:56min)","B11",26.14,0.02614,1.675,1.5,0.175,0,8.5,8.5,1,5.9634375,5.45875,0,4.54125,4.54125,-3.64428857078606,1,2763963.27467483,1255184.82211171,0,1255184.82211171,1,618506.783917262,0,618506.783917262,1,11,126.519445912158,109.433425,372.7538288125,95.9646621621622,85.5425,240.415,159.535135135135,142.02,385.5,9.42192192192192,9.44444444444444,10,7.22222222222222,30.3108108108108,30,30,31,3.19763860610841,3.20003153837661,3.34652644641426,2.69939809952541,7999.75,6403.1875,1424.23,38.7925,0,0,15778.3125,15811,15812.25,15813.5,4.69531637348758,"Moderate/Unhealthy","Low",5.03917002239612,3.45635072732919,16.9430562803866,0.334627603826129,8.98035194956724,9.22013137699785,0.812405426978007,0.278427065808824,2.83584060580882,0.912070919480452,0.931800219280138,5.14133045415266,10.2826609083053,0.0102826609083053,1.02826609083053e-05,1.02826609083053e-08,60150460025156.8,60150460025156.8,60150460025.1568,60150460025.1568,60150.4600251568,60150.4600251568
"FASMEE23","Button","Smoke","S9PI",20240505,"11/15/2024","Lampman","B5B","B5","A",6,10,5,15,0,"","","F23A",2023-10-09,2023-10-09 14:54:00,2023-10-09 20:54:00,2,"Blue","PTFE",4,60,15,2023-10-09 20:54:00,2023-10-09 21:09:00,"Tons of smoke, probably best sample","B5",30,0.03,2.225,2.225,0,5,7.775,12.775,0.608610567514677,6.5134375,6.18375,4.6703125,3.81625,8.4865625,-3.50655789731998,0.666666666666667,3612500,2043847.13541667,1124766.92708333,919080.208333333,0.449681481754244,282402.170138889,835191.498480903,1117593.66861979,0.252687696851084,5,3103.14515205286,2932.4884253125,7815.8196078125,194.019761904762,217.1475,367.875,1917.98297619048,1852.75,4665.25,15.1785714285714,15.5555555555556,17.2222222222222,11.6666666666667,22.452380952381,22,21,26,3.5190117864711,3.52343484519426,4.17015860168985,2.80102987605014,33028.605,32110.7275,23311.6875,3647.1875,680.895,359.75,87614.52,93144.745,94353.6625,95216.85,7.98360663348233,"Hazardous","High",322.174432012725,291.175399446569,1054.07936790501,105.517683963091,582.755660846674,886.417688767653,70.6668673551349,92.0002656892252,119.499623739225,0.848064293202289,0.865044227490499,331.606761535804,663.213523071608,0.663213523071608,0.000663213523071608,6.63213523071608e-07,1685118939438.64,425808823726.891,1685118939.43864,425808823.726891,1685.11893943864,425.808823726891
"FASMEE23","Button","Smoke","S9PI",20240505,"11/15/2024","Lampman","B5B","B5","A",7,10,1,11,0,"","","F23A",2023-10-09,2023-10-09 14:54:00,2023-10-09 20:54:00,2,"Blue","PTFE",4,60,15,2023-10-09 20:54:00,2023-10-09 21:09:00,"Tons of smoke, probably best sample","B5",30,0.03,2.225,2.225,0,1,7.775,8.775,0.886039886039886,6.5134375,6.18375,0.6703125,3.81625,4.4865625,-3.50655789731998,0.909090909090909,2649166.66666667,1080513.80208333,161433.59375,919080.208333333,0.850595528313715,282402.170138889,0,282402.170138889,1,5,3103.14515205286,2932.4884253125,7815.8196078125,194.019761904762,217.1475,367.875,1917.98297619048,1852.75,4665.25,15.1785714285714,15.5555555555556,17.2222222222222,11.6666666666667,22.452380952381,22,21,26,3.5190117864711,3.52343484519426,4.17015860168985,2.80102987605014,33028.605,32110.7275,23311.6875,3647.1875,680.895,359.75,87614.52,93144.745,94353.6625,95216.85,7.98360663348233,"Hazardous","High",322.174432012725,291.175399446569,1054.07936790501,105.517683963091,582.755660846674,886.417688767653,70.6668673551349,92.0002656892252,119.499623739225,0.848064293202289,0.865044227490499,331.606761535804,663.213523071608,0.663213523071608,0.000663213523071608,6.63213523071608e-07,425808823726.891,425808823726.891,425808823.726891,425808823.726891,425.808823726891,425.808823726891
"FASMEE23","Button","Smoke","S9PI",20240505,"11/15/2024","Lampman","B5B","B5","A",16,10,0,10,0,"","","F23A",2023-10-09,2023-10-09 14:54:00,2023-10-09 20:54:00,2,"Blue","PTFE",4,60,15,2023-10-09 20:54:00,2023-10-09 21:09:00,"Tons of smoke, probably best sample","B5",30,0.03,2.225,2.225,0,0,7.775,7.775,1,6.5134375,6.18375,0,3.81625,3.81625,-3.50655789731998,1,2408333.33333333,919080.208333333,0,919080.208333333,1,282402.170138889,0,282402.170138889,1,5,3103.14515205286,2932.4884253125,7815.8196078125,194.019761904762,217.1475,367.875,1917.98297619048,1852.75,4665.25,15.1785714285714,15.5555555555556,17.2222222222222,11.6666666666667,22.452380952381,22,21,26,3.5190117864711,3.52343484519426,4.17015860168985,2.80102987605014,33028.605,32110.7275,23311.6875,3647.1875,680.895,359.75,87614.52,93144.745,94353.6625,95216.85,7.98360663348233,"Hazardous","High",322.174432012725,291.175399446569,1054.07936790501,105.517683963091,582.755660846674,886.417688767653,70.6668673551349,92.0002656892252,119.499623739225,0.848064293202289,0.865044227490499,331.606761535804,663.213523071608,0.663213523071608,0.000663213523071608,6.63213523071608e-07,425808823726.891,425808823726.891,425808823.726891,425808823.726891,425.808823726891,425.808823726891
"FASMEE23","Button","Ambient","S9PI",20241217,"12/19/2024","Lampman","B3B","B3","A",9,10,2,12,NA,"","","F23D",2023-10-09,2023-10-09 12:17:00,2023-10-09 18:17:00,2,"Blue","PTFE",4,40,10,2023-10-09 18:17:00,2023-10-09 18:27:00,"","B3",20,0.02,1.2125,1.1125,0.1,1.9,8.8875,10.7875,0.823870220162225,5.5009375,5.07125,1.5703125,4.92875,6.4990625,-3.91202300542815,0.833333333333333,4335000,2347786.328125,567275.390625,1780510.9375,0.758378612299851,NA,NA,NA,NA,3,3.73360545454545,3.7674,4.8602,0.0431818181818182,0,2.25,0.0431818181818182,0,2.25,14.1910331384016,13.8888888888889,16.1111111111111,11.6666666666667,23.6842105263158,23,21,26,3.35815549149463,3.54856909262987,4.02892321604069,2.75476213820575,46.75,16.5,0,0,0,0,72,72,72,72,1.32638510836598,"Good","None",NA,NA,NA,NA,NA,NA,NA,NA,NA,NA,NA,NA,NA,NA,NA,NA,NA,NA,NA,NA,NA,NA
"FASMEE23","Button","Ambient","S9PI",20241217,"12/19/2024","Lampman","R1B","R1","A",13,10,0,10,NA,"","","F23D",2023-10-08,2023-10-08 13:09:00,2023-10-08 19:09:00,1,"Red","PTFE",4,40,10,2023-10-08 19:09:00,2023-10-08 19:19:00,"","R1",20,0.02,1.2125,1.1125,0.1,0,8.8875,8.8875,1,5.5009375,5.07125,0,4.92875,4.92875,-3.91202300542815,1,3612500,1780510.9375,0,1780510.9375,1,NA,NA,NA,NA,NA,NA,NA,NA,NA,NA,NA,NA,NA,NA,NA,NA,NA,NA,NA,NA,NA,NA,NA,NA,NA,NA,NA,NA,NA,NA,NA,NA,NA,NA,NA,NA,NA,NA,NA,NA,NA,NA,NA,NA,NA,NA,NA,NA,NA,NA,NA,NA,NA,NA,NA,NA,NA,NA,NA,NA,NA
"FASMEE23","Button","Ambient","S9PI",20241223,"12/23/2024","Lampman","R4B","R4","A",33,10,55,65,1,"65","PHOTO 29","F23D",2023-10-08,2023-10-08 14:28:00,2023-10-08 20:28:00,1,"Red","PTFE",4,40,10,2023-10-08 20:28:00,2023-10-08 20:38:00,"","R4",20,0.02,1.2125,1.1125,0.1,54.9,8.8875,63.7875,0.139329805996473,5.5009375,5.07125,54.5703125,4.92875,59.4990625,-3.91202300542815,0.153846153846154,23481250,21494036.328125,19713525.390625,1780510.9375,0.0828374396655409,NA,NA,NA,NA,NA,NA,NA,NA,NA,NA,NA,NA,NA,NA,NA,NA,NA,NA,NA,NA,NA,NA,NA,NA,NA,NA,NA,NA,NA,NA,NA,NA,NA,NA,NA,NA,NA,NA,NA,NA,NA,NA,NA,NA,NA,NA,NA,NA,NA,NA,NA,NA,NA,NA,NA,NA,NA,NA,NA,NA,NA
"FASMEE23","Button","Smoke","S9PI",20250115,"1/31/2025","Lampman","B6B","B6","A",13,10,0,10,NA,"","","F23E",2023-10-09,2023-10-09 15:17:00,2023-10-09 21:17:00,2,"Blue","PTFE",4,60,15,2023-10-09 21:17:00,2023-10-09 21:32:00,"","B6",30,0.03,2.1,2.1,0,0,7.9,7.9,1,6.3884375,6.05875,0,3.94125,3.94125,-3.50655789731998,1,2408333.33333333,949184.375,0,949184.375,1,312506.336805556,0,312506.336805556,1,6,2552.17293182856,2955.6625303125,6517.6734277669,154.507209302326,194.25,313.25,1664.15703488372,1963.75,3738.33,13.8242894056848,13.8888888888889,15.5555555555556,11.1111111111111,23.2209302325581,23,22,26,3.31172741096193,3.36444793603563,3.99314168636426,2.60160702948977,31377.8325,30549.3325,22195.395,4200.125,822.5,468.5,83635.29,87917.25,88776.25,89658.9375,7.9914781112452,"Hazardous","High",431.473416388428,332.035187727671,1516.66468062123,39.6013389194573,823.729565151522,1165.0074584524,35.5148560084716,33.6919988392252,74.8868796292252,0.956378385565098,0.96119482754625,436.857954671367,873.715909342734,0.873715909342734,0.000873715909342734,8.73715909342734e-07,357674998776.94,357674998776.94,357674998.77694,357674998.77694,357.67499877694,357.67499877694
"FASMEE23","Button","Smoke","S9PI",20250115,"1/31/2025","Lampman","B6B","B6","A",18,10,0,10,NA,"","","F23E",2023-10-09,2023-10-09 15:17:00,2023-10-09 21:17:00,2,"Blue","PTFE",4,60,15,2023-10-09 21:17:00,2023-10-09 21:32:00,"","B6",30,0.03,2.1,2.1,0,0,7.9,7.9,1,6.3884375,6.05875,0,3.94125,3.94125,-3.50655789731998,1,2408333.33333333,949184.375,0,949184.375,1,312506.336805556,0,312506.336805556,1,6,2552.17293182856,2955.6625303125,6517.6734277669,154.507209302326,194.25,313.25,1664.15703488372,1963.75,3738.33,13.8242894056848,13.8888888888889,15.5555555555556,11.1111111111111,23.2209302325581,23,22,26,3.31172741096193,3.36444793603563,3.99314168636426,2.60160702948977,31377.8325,30549.3325,22195.395,4200.125,822.5,468.5,83635.29,87917.25,88776.25,89658.9375,7.9914781112452,"Hazardous","High",431.473416388428,332.035187727671,1516.66468062123,39.6013389194573,823.729565151522,1165.0074584524,35.5148560084716,33.6919988392252,74.8868796292252,0.956378385565098,0.96119482754625,436.857954671367,873.715909342734,0.873715909342734,0.000873715909342734,8.73715909342734e-07,357674998776.94,357674998776.94,357674998.77694,357674998.77694,357.67499877694,357.67499877694
"FASMEE23","Button","Ambient","S9PI",20250115,"1/31/2025","Lampman","R6B","R6","A",25,10,2,12,NA,"","","F23E",2023-10-09,2023-10-09 12:11:00,2023-10-09 18:11:00,2,"Red","PTFE",4,40,10,2023-10-09 18:11:00,2023-10-09 18:21:00,"","R6",20,0.02,2.1,2.1,0,2,7.9,9.9,0.797979797979798,6.3884375,6.05875,1.6703125,3.94125,5.6115625,-3.91202300542815,0.833333333333333,4335000,2027176.953125,603400.390625,1423776.5625,0.702344489614078,NA,NA,NA,NA,NA,NA,NA,NA,NA,NA,NA,NA,NA,NA,NA,NA,NA,NA,NA,NA,NA,NA,NA,NA,NA,NA,NA,NA,NA,NA,NA,NA,NA,NA,NA,NA,NA,NA,NA,NA,NA,NA,NA,NA,NA,NA,NA,NA,NA,NA,NA,NA,NA,NA,NA,NA,NA,NA,NA,NA,NA
"FASMEE23","Button","Ambient","S9PI",20241223,"1/13/2025","Lampman","R5B","R5","A",23,10,1,11,NA,"","","F23D",2023-10-08,2023-10-08 15:41:00,2023-10-08 21:41:00,1,"Red","PTFE",4,40,10,2023-10-08 21:41:00,2023-10-08 21:51:00,"","R5",20,0.02,1.2125,1.1125,0.1,0.9,8.8875,9.7875,0.908045977011494,5.5009375,5.07125,0.5703125,4.92875,5.4990625,-3.91202300542815,0.909090909090909,3973750,1986536.328125,206025.390625,1780510.9375,0.896289140194351,NA,NA,NA,NA,NA,NA,NA,NA,NA,NA,NA,NA,NA,NA,NA,NA,NA,NA,NA,NA,NA,NA,NA,NA,NA,NA,NA,NA,NA,NA,NA,NA,NA,NA,NA,NA,NA,NA,NA,NA,NA,NA,NA,NA,NA,NA,NA,NA,NA,NA,NA,NA,NA,NA,NA,NA,NA,NA,NA,NA,NA
"FASMEE23","Button","Smoke","S9PI",20250203,"2/12/2025","Lampman","R10B","R10","A",13,10,5,15,NA,"","","F23E",2023-10-10,2023-10-09 18:17:00,2023-10-10 00:17:00,2,"Red","PTFE",4,60,15,2023-10-10 00:17:00,2023-10-10 00:32:00,"","R10",30,0.03,2.1,2.1,0,5,7.9,12.9,0.612403100775194,6.3884375,6.05875,4.6703125,3.94125,8.6115625,-3.50655789731998,0.666666666666667,3612500,2073951.30208333,1124766.92708333,949184.375,0.457669557644156,312506.336805556,835191.498480903,1147697.83528646,0.272289732713102,NA,NA,NA,NA,NA,NA,NA,NA,NA,NA,NA,NA,NA,NA,NA,NA,NA,NA,NA,NA,NA,NA,NA,NA,NA,NA,NA,NA,NA,NA,NA,NA,NA,NA,NA,NA,NA,NA,NA,NA,NA,NA,NA,NA,NA,NA,NA,NA,NA,NA,NA,NA,NA,NA,NA,NA,NA
"FASMEE23","Button","Smoke","S9PI",20250212,"2/12/2025","Lampman","R11B","R11","A",4,10,0,10,NA,"","","F23F",2023-10-10,2023-10-09 18:45:00,2023-10-10 00:45:00,2,"Red","PTFE",4,60,15,2023-10-10 00:45:00,2023-10-10 01:00:00,"","R11",30,0.03,1.25,1.25,0,0,8.75,8.75,1,5.5384375,5.20875,0,4.79125,4.79125,-3.50655789731998,1,2408333.33333333,1153892.70833333,0,1153892.70833333,1,517214.670138889,0,517214.670138889,1,NA,NA,NA,NA,NA,NA,NA,NA,NA,NA,NA,NA,NA,NA,NA,NA,NA,NA,NA,NA,NA,NA,NA,NA,NA,NA,NA,NA,NA,NA,NA,NA,NA,NA,NA,NA,NA,NA,NA,NA,NA,NA,NA,NA,NA,NA,NA,NA,NA,NA,NA,NA,NA,NA,NA,NA,NA
"FASMEE23","Button","Smoke","S9PI",20250212,"2/12/2025","Lampman","R11B","R11","A",37,10,0,10,NA,"","","F23F",2023-10-10,2023-10-09 18:45:00,2023-10-10 00:45:00,2,"Red","PTFE",4,60,15,2023-10-10 00:45:00,2023-10-10 01:00:00,"","R11",30,0.03,1.25,1.25,0,0,8.75,8.75,1,5.5384375,5.20875,0,4.79125,4.79125,-3.50655789731998,1,2408333.33333333,1153892.70833333,0,1153892.70833333,1,517214.670138889,0,517214.670138889,1,NA,NA,NA,NA,NA,NA,NA,NA,NA,NA,NA,NA,NA,NA,NA,NA,NA,NA,NA,NA,NA,NA,NA,NA,NA,NA,NA,NA,NA,NA,NA,NA,NA,NA,NA,NA,NA,NA,NA,NA,NA,NA,NA,NA,NA,NA,NA,NA,NA,NA,NA,NA,NA,NA,NA,NA,NA
"FASMEE23","Button","Smoke","S9PI",20250212,"2/24/2025","Lampman","R12B","R12","A",34,10,0,10,NA,"","","F23F",2023-10-10,2023-10-10 15:09:00,2023-10-10 21:09:00,3,"Red","PTFE",4,60,15,2023-10-10 21:09:00,2023-10-10 21:24:00,"","R12",30,0.03,1.25,1.25,0,0,8.75,8.75,1,5.5384375,5.20875,0,4.79125,4.79125,-3.50655789731998,1,2408333.33333333,1153892.70833333,0,1153892.70833333,1,517214.670138889,0,517214.670138889,1,NA,NA,NA,NA,NA,NA,NA,NA,NA,NA,NA,NA,NA,NA,NA,NA,NA,NA,NA,NA,NA,NA,NA,NA,NA,NA,NA,NA,NA,NA,NA,NA,NA,NA,NA,NA,NA,NA,NA,NA,NA,NA,NA,NA,NA,NA,NA,NA,NA,NA,NA,NA,NA,NA,NA,NA,NA
"FASMEE23","Button","Smoke","S9PI",20250212,"2/24/2025","Lampman","R13B","R13","A",38,10,2,12,NA,"","","F23F",2023-10-11,2023-10-10 18:25:00,2023-10-11 00:25:00,3,"Red","PTFE",4,60,15,2023-10-11 00:25:00,2023-10-11 00:40:00,"Partial smoke at best","R13",30,0.03,1.25,1.25,0,2,8.75,10.75,0.813953488372093,5.5384375,5.20875,1.6703125,4.79125,6.4615625,-3.50655789731998,0.833333333333333,2890000,1556159.63541667,402266.927083333,1153892.70833333,0.741500217633119,517214.670138889,112691.498480903,629906.168619792,0.821097960148851,NA,NA,NA,NA,NA,NA,NA,NA,NA,NA,NA,NA,NA,NA,NA,NA,NA,NA,NA,NA,NA,NA,NA,NA,NA,NA,NA,NA,NA,NA,NA,NA,NA,NA,NA,NA,NA,NA,NA,NA,NA,NA,NA,NA,NA,NA,NA,NA,NA,NA,NA,NA,NA,NA,NA,NA,NA
"FASMEE23","Button","Smoke","S9PI",20250117,"3/3/2025","Lampman","R7B","R7","A",7,10,0,10,NA,"","","F23E",2023-10-09,2023-10-09 12:33:00,2023-10-09 18:33:00,2,"Red","PTFE",4,40,10,2023-10-09 18:33:00,2023-10-09 18:43:00,"Partial smoke towards end of sample","R7",20,0.02,2.1,2.1,0,0,7.9,7.9,1,6.3884375,6.05875,0,3.94125,3.94125,-3.91202300542815,1,3612500,1423776.5625,0,1423776.5625,1,787098.524305556,0,787098.524305556,1,NA,NA,NA,NA,NA,NA,NA,NA,NA,NA,NA,NA,NA,NA,NA,NA,NA,NA,NA,NA,NA,NA,NA,NA,NA,NA,NA,NA,NA,NA,NA,NA,NA,NA,NA,NA,NA,NA,NA,NA,NA,NA,NA,NA,NA,NA,NA,NA,NA,NA,NA,NA,NA,NA,NA,NA,NA
"FASMEE23","Button","Smoke","S9PI",20250117,"3/3/2025","Lampman","R7B","R7","A",12,10,0,10,NA,"","","F23E",2023-10-09,2023-10-09 12:33:00,2023-10-09 18:33:00,2,"Red","PTFE",4,40,10,2023-10-09 18:33:00,2023-10-09 18:43:00,"Partial smoke towards end of sample","R7",20,0.02,2.1,2.1,0,0,7.9,7.9,1,6.3884375,6.05875,0,3.94125,3.94125,-3.91202300542815,1,3612500,1423776.5625,0,1423776.5625,1,787098.524305556,0,787098.524305556,1,NA,NA,NA,NA,NA,NA,NA,NA,NA,NA,NA,NA,NA,NA,NA,NA,NA,NA,NA,NA,NA,NA,NA,NA,NA,NA,NA,NA,NA,NA,NA,NA,NA,NA,NA,NA,NA,NA,NA,NA,NA,NA,NA,NA,NA,NA,NA,NA,NA,NA,NA,NA,NA,NA,NA,NA,NA
"FASMEE23","Button","Smoke","S9PI",20250117,"3/3/2025","Lampman","R7B","R7","A",21,10,0,10,NA,"","","F23E",2023-10-09,2023-10-09 12:33:00,2023-10-09 18:33:00,2,"Red","PTFE",4,40,10,2023-10-09 18:33:00,2023-10-09 18:43:00,"Partial smoke towards end of sample","R7",20,0.02,2.1,2.1,0,0,7.9,7.9,1,6.3884375,6.05875,0,3.94125,3.94125,-3.91202300542815,1,3612500,1423776.5625,0,1423776.5625,1,787098.524305556,0,787098.524305556,1,NA,NA,NA,NA,NA,NA,NA,NA,NA,NA,NA,NA,NA,NA,NA,NA,NA,NA,NA,NA,NA,NA,NA,NA,NA,NA,NA,NA,NA,NA,NA,NA,NA,NA,NA,NA,NA,NA,NA,NA,NA,NA,NA,NA,NA,NA,NA,NA,NA,NA,NA,NA,NA,NA,NA,NA,NA
"FASMEE23","Button","Smoke","S9PI",20250117,"3/3/2025","Lampman","R7B","R7","A",28,10,0,10,NA,"","","F23E",2023-10-09,2023-10-09 12:33:00,2023-10-09 18:33:00,2,"Red","PTFE",4,40,10,2023-10-09 18:33:00,2023-10-09 18:43:00,"Partial smoke towards end of sample","R7",20,0.02,2.1,2.1,0,0,7.9,7.9,1,6.3884375,6.05875,0,3.94125,3.94125,-3.91202300542815,1,3612500,1423776.5625,0,1423776.5625,1,787098.524305556,0,787098.524305556,1,NA,NA,NA,NA,NA,NA,NA,NA,NA,NA,NA,NA,NA,NA,NA,NA,NA,NA,NA,NA,NA,NA,NA,NA,NA,NA,NA,NA,NA,NA,NA,NA,NA,NA,NA,NA,NA,NA,NA,NA,NA,NA,NA,NA,NA,NA,NA,NA,NA,NA,NA,NA,NA,NA,NA,NA,NA
"FASMEE23","Button","Smoke","S9PI",20250117,"3/3/2025","Lampman","R7B","R7","A",36,10,2,12,NA,"","","F23E",2023-10-09,2023-10-09 12:33:00,2023-10-09 18:33:00,2,"Red","PTFE",4,40,10,2023-10-09 18:33:00,2023-10-09 18:43:00,"Partial smoke towards end of sample","R7",20,0.02,2.1,2.1,0,2,7.9,9.9,0.797979797979798,6.3884375,6.05875,1.6703125,3.94125,5.6115625,-3.91202300542815,0.833333333333333,4335000,2027176.953125,603400.390625,1423776.5625,0.702344489614078,787098.524305556,313824.962022569,1100923.48632812,0.714943893994614,NA,NA,NA,NA,NA,NA,NA,NA,NA,NA,NA,NA,NA,NA,NA,NA,NA,NA,NA,NA,NA,NA,NA,NA,NA,NA,NA,NA,NA,NA,NA,NA,NA,NA,NA,NA,NA,NA,NA,NA,NA,NA,NA,NA,NA,NA,NA,NA,NA,NA,NA,NA,NA,NA,NA,NA,NA
"FASMEE23","Button","Smoke","S9PI",20250127,"3/3/2025","Lampman","B9B","B9","A",4,10,8,18,NA,"","","F23E",2023-10-10,2023-10-10 15:09:00,2023-10-10 21:09:00,3,"Blue","PTFE",4,60,15,2023-10-10 21:09:00,2023-10-10 21:24:00,"","B9",30,0.03,2.1,2.1,0,8,7.9,15.9,0.49685534591195,6.3884375,6.05875,7.6703125,3.94125,11.6115625,-3.50655789731998,0.555555555555556,4335000,2796451.30208333,1847266.92708333,949184.375,0.339424603708588,312506.336805556,1557691.4984809,1870197.83528646,0.167098010119175,9,584.100794087505,188.516922417344,3114.5911041344,176.698148148148,130.5,422.625,446.172839506173,237.875,1716.21,10.8074935400517,10.5555555555556,11.6666666666667,10,33.0116279069767,33,31,34,3.84755654322465,3.82515368908763,4.16705056996941,3.64859285797902,11336.5,10298.67,2475.79,88.25,0.125,0,24722.5,24835.125,24836.25,24837.375,5.23918777695593,"Very Unhealthy","Low",61.2042743966305,66.3921308617705,201.814906555965,15.7464380900351,108.784440826061,218.711205508665,12.1776042318889,13.3199766930851,24.5377224480851,0.896793933565282,0.89807374740202,62.9928010192709,125.985602038542,0.125985602038542,0.000125985602038542,1.25985602038542e-07,14844536240850.2,2480492466988.04,14844536240.8502,2480492466.98804,14844.5362408502,2480.49246698804
"FASMEE23","Button","Smoke","S9PI",20250127,"3/5/2025","Lampman","R9B","R9","A",21,10,0,10,NA,"","","F23E",2023-10-09,2023-10-09 15:17:00,2023-10-09 21:17:00,2,"Red","PTFE",4,60,15,2023-10-09 21:17:00,2023-10-09 21:32:00,"","R9",30,0.03,2.1,2.1,0,0,7.9,7.9,1,6.3884375,6.05875,0,3.94125,3.94125,-3.50655789731998,1,2408333.33333333,949184.375,0,949184.375,1,312506.336805556,0,312506.336805556,1,NA,NA,NA,NA,NA,NA,NA,NA,NA,NA,NA,NA,NA,NA,NA,NA,NA,NA,NA,NA,NA,NA,NA,NA,NA,NA,NA,NA,NA,NA,NA,NA,NA,NA,NA,NA,NA,NA,NA,NA,NA,NA,NA,NA,NA,NA,NA,NA,NA,NA,NA,NA,NA,NA,NA,NA,NA
"FASMEE23","Button","Smoke","S9PI",20250221,"4/11/2025","Lampman","B7B","B7","A",15,10,1,11,NA,"","","F23F",2023-10-10,2023-10-09 18:17:00,2023-10-10 00:17:00,2,"Blue","PTFE",4,60,15,2023-10-10 00:17:00,2023-10-10 00:32:00,"","B7",30,0.03,1.25,1.25,0,1,8.75,9.75,0.897435897435897,5.5384375,5.20875,0.6703125,4.79125,5.4615625,-3.50655789731998,0.909090909090909,2649166.66666667,1315326.30208333,161433.59375,1153892.70833333,0.877267265549007,517214.670138889,0,517214.670138889,1,7,1625.52013208166,1670.54342003125,4296.5432918125,191.864464285714,243.5,323.75,1134.54755952381,1266.25,2565.125,11.9378306878307,12.2222222222222,12.7777777777778,9.44444444444444,27.4642857142857,27,27,29,3.43830869055206,3.49798559298276,3.81130962441916,2.83267941327911,27600.25,26431.75,16400.9375,2164.5625,366.75,209,70499.125,72762.875,73162.6025,73501.915,7.42090425369562,"Hazardous","High",NA,NA,NA,NA,NA,NA,NA,NA,NA,NA,NA,NA,NA,NA,NA,NA,NA,NA,NA,NA,NA,NA
"FASMEE23","Button","Smoke","S9PI",20250221,"3/10/2025","Lampman","B8B","B8","A",1,10,0,10,NA,"","","F23F",2023-10-10,2023-10-09 18:45:00,2023-10-10 00:45:00,2,"Blue","PTFE",4,60,15,2023-10-10 00:45:00,2023-10-10 01:00:00,"","B8",30,0.03,1.25,1.25,0,0,8.75,8.75,1,5.5384375,5.20875,0,4.79125,4.79125,-3.50655789731998,1,2408333.33333333,1153892.70833333,0,1153892.70833333,1,517214.670138889,0,517214.670138889,1,8,1205.06665382693,1303.733104,3018.616525,226.646470588235,286,417.125,876.608941176471,1025.165,1821,12.078431372549,11.6666666666667,13.8888888888889,10.5555555555556,27.6117647058824,28,26,30,3.48006033349395,3.49058669865849,3.8025217445426,3.05727862595733,26588.54,25222.5,13803,1123.75,154.17,81.33,66054.875,67628,67854.375,68080.75,7.17298704669122,"Hazardous","High",NA,NA,NA,NA,NA,NA,NA,NA,NA,NA,NA,NA,NA,NA,NA,NA,NA,NA,NA,NA,NA,NA
"FASMEE23","Button","Smoke","S9PI",20250221,"3/10/2025","Lampman","B8B","B8","A",37,10,0,10,NA,"","","F23F",2023-10-10,2023-10-09 18:45:00,2023-10-10 00:45:00,2,"Blue","PTFE",4,60,15,2023-10-10 00:45:00,2023-10-10 01:00:00,"","B8",30,0.03,1.25,1.25,0,0,8.75,8.75,1,5.5384375,5.20875,0,4.79125,4.79125,-3.50655789731998,1,2408333.33333333,1153892.70833333,0,1153892.70833333,1,517214.670138889,0,517214.670138889,1,8,1205.06665382693,1303.733104,3018.616525,226.646470588235,286,417.125,876.608941176471,1025.165,1821,12.078431372549,11.6666666666667,13.8888888888889,10.5555555555556,27.6117647058824,28,26,30,3.48006033349395,3.49058669865849,3.8025217445426,3.05727862595733,26588.54,25222.5,13803,1123.75,154.17,81.33,66054.875,67628,67854.375,68080.75,7.17298704669122,"Hazardous","High",NA,NA,NA,NA,NA,NA,NA,NA,NA,NA,NA,NA,NA,NA,NA,NA,NA,NA,NA,NA,NA,NA
"FASMEE23","Button","Smoke","S9PI",20240912,"11/12/2024","Lampman","B10B","B10","A",11,11,6,17,0,"","","F23B",2023-10-11,2023-10-10 18:25:00,2023-10-11 00:25:00,3,"Blue","PTFE",4,60,15,2023-10-11 00:25:00,2023-10-11 00:40:00,"Partial smoke at best","B10",30,0.03,1.675,1.5,0.175,5.825,9.5,15.325,0.619902120717781,5.9634375,5.45875,5.4953125,5.54125,11.0365625,-3.50655789731998,0.647058823529412,4094166.66666667,2657972.13541667,1323454.42708333,1334517.70833333,0.502081150720616,697839.670138889,1033878.9984809,1731718.66861979,0.402975196135686,10,296.817832329909,284.73479828125,913.5914568125,162.399186046512,183.125,370.5,298.041569767442,316.625,762.75,10.0638569604087,10,10.5555555555556,7.77777777777778,31.3333333333333,31,31,32,3.46114545081116,3.49829032819435,3.65288745104373,2.95692571743565,15821,13422.125,3222.3325,205,3.335,0,32372.0625,32590.23,32594.855,32599.48,5.65155821470817,"Hazardous","Low",9.16936754497504,7.15880794304564,30.8100107581134,1.51685239597926,16.3873253245179,22.7938558681921,1.49529188355726,1.26651866080882,4.28245836580882,0.903533173719327,0.926980348124455,9.26602549754036,18.5320509950807,0.0185320509950807,1.85320509950807e-05,1.85320509950807e-08,93444523171206,37655825052722.4,93444523171.206,37655825052.7224,93444.523171206,37655.8250527224
"FASMEE23","Button","Smoke","S9PI",20240912,"11/12/2024","Lampman","B10B","B10","A",18,11,6,17,0,"","","F23B",2023-10-11,2023-10-10 18:25:00,2023-10-11 00:25:00,3,"Blue","PTFE",4,60,15,2023-10-11 00:25:00,2023-10-11 00:40:00,"Partial smoke at best","B10",30,0.03,1.675,1.5,0.175,5.825,9.5,15.325,0.619902120717781,5.9634375,5.45875,5.4953125,5.54125,11.0365625,-3.50655789731998,0.647058823529412,4094166.66666667,2657972.13541667,1323454.42708333,1334517.70833333,0.502081150720616,697839.670138889,1033878.9984809,1731718.66861979,0.402975196135686,10,296.817832329909,284.73479828125,913.5914568125,162.399186046512,183.125,370.5,298.041569767442,316.625,762.75,10.0638569604087,10,10.5555555555556,7.77777777777778,31.3333333333333,31,31,32,3.46114545081116,3.49829032819435,3.65288745104373,2.95692571743565,15821,13422.125,3222.3325,205,3.335,0,32372.0625,32590.23,32594.855,32599.48,5.65155821470817,"Hazardous","Low",9.16936754497504,7.15880794304564,30.8100107581134,1.51685239597926,16.3873253245179,22.7938558681921,1.49529188355726,1.26651866080882,4.28245836580882,0.903533173719327,0.926980348124455,9.26602549754036,18.5320509950807,0.0185320509950807,1.85320509950807e-05,1.85320509950807e-08,93444523171206,37655825052722.4,93444523171.206,37655825052.7224,93444.523171206,37655.8250527224
"FASMEE23","Button","Smoke","S9PI",20240505,"11/15/2024","Lampman","B5B","B5","A",36,11,23,34,1,"21","24","F23A",2023-10-09,2023-10-09 14:54:00,2023-10-09 20:54:00,2,"Blue","PTFE",4,60,15,2023-10-09 20:54:00,2023-10-09 21:09:00,"Tons of smoke, probably best sample","B5",30,0.03,2.225,2.225,0,23,8.775,31.775,0.276160503540519,6.5134375,6.18375,22.6703125,4.81625,27.4865625,-3.50655789731998,0.323529411764706,8188333.33333333,6619680.46875,5459766.92708333,1159913.54166667,0.175221983469195,523235.503472222,5170191.4984809,5693427.00195312,0.0919016794792885,5,3103.14515205286,2932.4884253125,7815.8196078125,194.019761904762,217.1475,367.875,1917.98297619048,1852.75,4665.25,15.1785714285714,15.5555555555556,17.2222222222222,11.6666666666667,22.452380952381,22,21,26,3.5190117864711,3.52343484519426,4.17015860168985,2.80102987605014,33028.605,32110.7275,23311.6875,3647.1875,680.895,359.75,87614.52,93144.745,94353.6625,95216.85,7.98360663348233,"Hazardous","High",322.174432012725,291.175399446569,1054.07936790501,105.517683963091,582.755660846674,886.417688767653,70.6668673551349,92.0002656892252,119.499623739225,0.848064293202289,0.865044227490499,331.606761535804,663.213523071608,0.663213523071608,0.000663213523071608,6.63213523071608e-07,8584606320426.91,788939738515.748,8584606320.42691,788939738.515748,8584.60632042691,788.939738515748
"FASMEE23","Button","Ambient","S9PI",20241117,"12/17/2024","Lampman","B2B","B2","A",10,11,0,11,NA,"","","F23B",2023-10-08,2023-10-08 15:41:00,2023-10-08 21:41:00,1,"Blue","PTFE",4,40,10,2023-10-08 21:41:00,2023-10-08 21:51:00,"","B2",20,0.02,1.675,1.5,0.175,0,9.5,9.5,1,5.9634375,5.45875,0,5.54125,5.54125,-3.91202300542815,1,3973750,2001776.5625,0,2001776.5625,1,NA,NA,NA,NA,2,3.60333222222222,3.5088,4.643,0.0863888888888889,0,1,0.325648148148148,0,2,14.3103448275862,14.1666666666667,15.5555555555556,12.7777777777778,26.5862068965517,26,25,30,3.80315690124411,3.870117245036,4.03730877881372,3.5555960775929,392.8125,126.0625,0,0,0,0,521.5625,521.5625,521.5625,521.5625,1.25527409868149,"Good","None",NA,NA,NA,NA,NA,NA,NA,NA,NA,NA,NA,NA,NA,NA,NA,NA,NA,NA,NA,NA,NA,NA
"FASMEE23","Button","Ambient","S9PI",20241117,"12/17/2024","Lampman","B2B","B2","A",31,11,2,13,NA,"","","F23B",2023-10-08,2023-10-08 15:41:00,2023-10-08 21:41:00,1,"Blue","PTFE",4,40,10,2023-10-08 21:41:00,2023-10-08 21:51:00,"","B2",20,0.02,1.675,1.5,0.175,1.825,9.5,11.325,0.838852097130243,5.9634375,5.45875,1.4953125,5.54125,7.0365625,-3.91202300542815,0.846153846153846,4696250,2541958.203125,540181.640625,2001776.5625,0.787493893502687,NA,NA,NA,NA,2,3.60333222222222,3.5088,4.643,0.0863888888888889,0,1,0.325648148148148,0,2,14.3103448275862,14.1666666666667,15.5555555555556,12.7777777777778,26.5862068965517,26,25,30,3.80315690124411,3.870117245036,4.03730877881372,3.5555960775929,392.8125,126.0625,0,0,0,0,521.5625,521.5625,521.5625,521.5625,1.25527409868149,"Good","None",NA,NA,NA,NA,NA,NA,NA,NA,NA,NA,NA,NA,NA,NA,NA,NA,NA,NA,NA,NA,NA,NA
"FASMEE23","Button","Ambient","S9PI",20241217,"12/20/2024","Lampman","R3B","R3","A",3,11,0,11,NA,"","","F23D",2023-10-08,2023-10-08 14:10:00,2023-10-08 20:10:00,1,"Red","PTFE",4,40,10,2023-10-08 20:10:00,2023-10-08 20:20:00,"","R3",20,0.02,1.2125,1.1125,0.1,0,9.8875,9.8875,1,5.5009375,5.07125,0,5.92875,5.92875,-3.91202300542815,1,3973750,2141760.9375,0,2141760.9375,1,NA,NA,NA,NA,NA,NA,NA,NA,NA,NA,NA,NA,NA,NA,NA,NA,NA,NA,NA,NA,NA,NA,NA,NA,NA,NA,NA,NA,NA,NA,NA,NA,NA,NA,NA,NA,NA,NA,NA,NA,NA,NA,NA,NA,NA,NA,NA,NA,NA,NA,NA,NA,NA,NA,NA,NA,NA,NA,NA,NA,NA
"FASMEE23","Button","Ambient","S9PI",20241223,"12/23/2024","Lampman","R4B","R4","A",3,11,1,12,NA,"","","F23D",2023-10-08,2023-10-08 14:28:00,2023-10-08 20:28:00,1,"Red","PTFE",4,40,10,2023-10-08 20:28:00,2023-10-08 20:38:00,"","R4",20,0.02,1.2125,1.1125,0.1,0.9,9.8875,10.7875,0.91657010428737,5.5009375,5.07125,0.5703125,5.92875,6.4990625,-3.91202300542815,0.916666666666667,4335000,2347786.328125,206025.390625,2141760.9375,0.912246958695966,NA,NA,NA,NA,NA,NA,NA,NA,NA,NA,NA,NA,NA,NA,NA,NA,NA,NA,NA,NA,NA,NA,NA,NA,NA,NA,NA,NA,NA,NA,NA,NA,NA,NA,NA,NA,NA,NA,NA,NA,NA,NA,NA,NA,NA,NA,NA,NA,NA,NA,NA,NA,NA,NA,NA,NA,NA,NA,NA,NA,NA
"FASMEE23","Button","Ambient","S9PI",20241223,"12/23/2024","Lampman","R4B","R4","A",29,11,0,11,NA,"","","F23D",2023-10-08,2023-10-08 14:28:00,2023-10-08 20:28:00,1,"Red","PTFE",4,40,10,2023-10-08 20:28:00,2023-10-08 20:38:00,"","R4",20,0.02,1.2125,1.1125,0.1,0,9.8875,9.8875,1,5.5009375,5.07125,0,5.92875,5.92875,-3.91202300542815,1,3973750,2141760.9375,0,2141760.9375,1,NA,NA,NA,NA,NA,NA,NA,NA,NA,NA,NA,NA,NA,NA,NA,NA,NA,NA,NA,NA,NA,NA,NA,NA,NA,NA,NA,NA,NA,NA,NA,NA,NA,NA,NA,NA,NA,NA,NA,NA,NA,NA,NA,NA,NA,NA,NA,NA,NA,NA,NA,NA,NA,NA,NA,NA,NA,NA,NA,NA,NA
"FASMEE23","Button","Ambient","S9PI",20241223,"12/23/2024","Lampman","R4B","R4","A",39,11,0,11,NA,"","","F23D",2023-10-08,2023-10-08 14:28:00,2023-10-08 20:28:00,1,"Red","PTFE",4,40,10,2023-10-08 20:28:00,2023-10-08 20:38:00,"","R4",20,0.02,1.2125,1.1125,0.1,0,9.8875,9.8875,1,5.5009375,5.07125,0,5.92875,5.92875,-3.91202300542815,1,3973750,2141760.9375,0,2141760.9375,1,NA,NA,NA,NA,NA,NA,NA,NA,NA,NA,NA,NA,NA,NA,NA,NA,NA,NA,NA,NA,NA,NA,NA,NA,NA,NA,NA,NA,NA,NA,NA,NA,NA,NA,NA,NA,NA,NA,NA,NA,NA,NA,NA,NA,NA,NA,NA,NA,NA,NA,NA,NA,NA,NA,NA,NA,NA,NA,NA,NA,NA
"FASMEE23","Button","Smoke","S9PI",20250115,"1/31/2025","Lampman","B6B","B6","A",11,11,2,13,NA,"","","F23E",2023-10-09,2023-10-09 15:17:00,2023-10-09 21:17:00,2,"Blue","PTFE",4,60,15,2023-10-09 21:17:00,2023-10-09 21:32:00,"","B6",30,0.03,2.1,2.1,0,2,8.9,10.9,0.81651376146789,6.3884375,6.05875,1.6703125,4.94125,6.6115625,-3.50655789731998,0.846153846153846,3130833.33333333,1592284.63541667,402266.927083333,1190017.70833333,0.747364938318287,553339.670138889,112691.498480903,666031.168619792,0.83080146427016,6,2552.17293182856,2955.6625303125,6517.6734277669,154.507209302326,194.25,313.25,1664.15703488372,1963.75,3738.33,13.8242894056848,13.8888888888889,15.5555555555556,11.1111111111111,23.2209302325581,23,22,26,3.31172741096193,3.36444793603563,3.99314168636426,2.60160702948977,31377.8325,30549.3325,22195.395,4200.125,822.5,468.5,83635.29,87917.25,88776.25,89658.9375,7.9914781112452,"Hazardous","High",431.473416388428,332.035187727671,1516.66468062123,39.6013389194573,823.729565151522,1165.0074584524,35.5148560084716,33.6919988392252,74.8868796292252,0.956378385565098,0.96119482754625,436.857954671367,873.715909342734,0.873715909342734,0.000873715909342734,8.73715909342734e-07,762297174056.066,633317608414.785,762297174.056066,633317608.414785,762.297174056066,633.317608414785
"FASMEE23","Button","Smoke","S9PI",20250115,"1/31/2025","Lampman","B6B","B6","A",15,11,0,11,NA,"","","F23E",2023-10-09,2023-10-09 15:17:00,2023-10-09 21:17:00,2,"Blue","PTFE",4,60,15,2023-10-09 21:17:00,2023-10-09 21:32:00,"","B6",30,0.03,2.1,2.1,0,0,8.9,8.9,1,6.3884375,6.05875,0,4.94125,4.94125,-3.50655789731998,1,2649166.66666667,1190017.70833333,0,1190017.70833333,1,553339.670138889,0,553339.670138889,1,6,2552.17293182856,2955.6625303125,6517.6734277669,154.507209302326,194.25,313.25,1664.15703488372,1963.75,3738.33,13.8242894056848,13.8888888888889,15.5555555555556,11.1111111111111,23.2209302325581,23,22,26,3.31172741096193,3.36444793603563,3.99314168636426,2.60160702948977,31377.8325,30549.3325,22195.395,4200.125,822.5,468.5,83635.29,87917.25,88776.25,89658.9375,7.9914781112452,"Hazardous","High",431.473416388428,332.035187727671,1516.66468062123,39.6013389194573,823.729565151522,1165.0074584524,35.5148560084716,33.6919988392252,74.8868796292252,0.956378385565098,0.96119482754625,436.857954671367,873.715909342734,0.873715909342734,0.000873715909342734,8.73715909342734e-07,633317608414.785,633317608414.785,633317608.414785,633317608.414785,633.317608414785,633.317608414785
"FASMEE23","Button","Ambient","S9PI",20250115,"1/31/2025","Lampman","R6B","R6","A",19,11,3,14,NA,"","","F23E",2023-10-09,2023-10-09 12:11:00,2023-10-09 18:11:00,2,"Red","PTFE",4,40,10,2023-10-09 18:11:00,2023-10-09 18:21:00,"","R6",20,0.02,2.1,2.1,0,3,8.9,11.9,0.747899159663866,6.3884375,6.05875,2.6703125,4.94125,7.6115625,-3.91202300542815,0.785714285714286,5057500,2749676.953125,964650.390625,1785026.5625,0.649176828016587,NA,NA,NA,NA,NA,NA,NA,NA,NA,NA,NA,NA,NA,NA,NA,NA,NA,NA,NA,NA,NA,NA,NA,NA,NA,NA,NA,NA,NA,NA,NA,NA,NA,NA,NA,NA,NA,NA,NA,NA,NA,NA,NA,NA,NA,NA,NA,NA,NA,NA,NA,NA,NA,NA,NA,NA,NA,NA,NA,NA,NA
"FASMEE23","Button","Smoke","S9PI",20250212,"2/12/2025","Lampman","R11B","R11","A",8,11,2,13,NA,"","","F23F",2023-10-10,2023-10-09 18:45:00,2023-10-10 00:45:00,2,"Red","PTFE",4,60,15,2023-10-10 00:45:00,2023-10-10 01:00:00,"","R11",30,0.03,1.25,1.25,0,2,9.75,11.75,0.829787234042553,5.5384375,5.20875,1.6703125,5.79125,7.4615625,-3.50655789731998,0.846153846153846,3130833.33333333,1796992.96875,402266.927083333,1394726.04166667,0.776144406751267,758048.003472222,112691.498480903,870739.501953125,0.870579549649317,NA,NA,NA,NA,NA,NA,NA,NA,NA,NA,NA,NA,NA,NA,NA,NA,NA,NA,NA,NA,NA,NA,NA,NA,NA,NA,NA,NA,NA,NA,NA,NA,NA,NA,NA,NA,NA,NA,NA,NA,NA,NA,NA,NA,NA,NA,NA,NA,NA,NA,NA,NA,NA,NA,NA,NA,NA
"FASMEE23","Button","Smoke","S9PI",20250212,"2/12/2025","Lampman","R11B","R11","A",18,11,0,11,NA,"","","F23F",2023-10-10,2023-10-09 18:45:00,2023-10-10 00:45:00,2,"Red","PTFE",4,60,15,2023-10-10 00:45:00,2023-10-10 01:00:00,"","R11",30,0.03,1.25,1.25,0,0,9.75,9.75,1,5.5384375,5.20875,0,5.79125,5.79125,-3.50655789731998,1,2649166.66666667,1394726.04166667,0,1394726.04166667,1,758048.003472222,0,758048.003472222,1,NA,NA,NA,NA,NA,NA,NA,NA,NA,NA,NA,NA,NA,NA,NA,NA,NA,NA,NA,NA,NA,NA,NA,NA,NA,NA,NA,NA,NA,NA,NA,NA,NA,NA,NA,NA,NA,NA,NA,NA,NA,NA,NA,NA,NA,NA,NA,NA,NA,NA,NA,NA,NA,NA,NA,NA,NA
"FASMEE23","Button","Smoke","S9PI",20250212,"2/12/2025","Lampman","R11B","R11","A",29,11,0,11,NA,"","","F23F",2023-10-10,2023-10-09 18:45:00,2023-10-10 00:45:00,2,"Red","PTFE",4,60,15,2023-10-10 00:45:00,2023-10-10 01:00:00,"","R11",30,0.03,1.25,1.25,0,0,9.75,9.75,1,5.5384375,5.20875,0,5.79125,5.79125,-3.50655789731998,1,2649166.66666667,1394726.04166667,0,1394726.04166667,1,758048.003472222,0,758048.003472222,1,NA,NA,NA,NA,NA,NA,NA,NA,NA,NA,NA,NA,NA,NA,NA,NA,NA,NA,NA,NA,NA,NA,NA,NA,NA,NA,NA,NA,NA,NA,NA,NA,NA,NA,NA,NA,NA,NA,NA,NA,NA,NA,NA,NA,NA,NA,NA,NA,NA,NA,NA,NA,NA,NA,NA,NA,NA
"FASMEE23","Button","Smoke","S9PI",20250212,"2/24/2025","Lampman","R12B","R12","A",18,11,5,16,NA,"","","F23F",2023-10-10,2023-10-10 15:09:00,2023-10-10 21:09:00,3,"Red","PTFE",4,60,15,2023-10-10 21:09:00,2023-10-10 21:24:00,"","R12",30,0.03,1.25,1.25,0,5,9.75,14.75,0.661016949152542,5.5384375,5.20875,4.6703125,5.79125,10.4615625,-3.50655789731998,0.6875,3853333.33333333,2519492.96875,1124766.92708333,1394726.04166667,0.553574095647758,758048.003472222,835191.498480903,1593239.50195312,0.475790364564113,NA,NA,NA,NA,NA,NA,NA,NA,NA,NA,NA,NA,NA,NA,NA,NA,NA,NA,NA,NA,NA,NA,NA,NA,NA,NA,NA,NA,NA,NA,NA,NA,NA,NA,NA,NA,NA,NA,NA,NA,NA,NA,NA,NA,NA,NA,NA,NA,NA,NA,NA,NA,NA,NA,NA,NA,NA
"FASMEE23","Button","Smoke","S9PI",20240505,"3/31/2025","Lampman","R8B","R8B","A",7,11,0,11,NA,"","","F23A",2023-10-09,2023-10-09 14:54:00,2023-10-09 20:54:00,2,"Red","PTFE",4,60,15,2023-10-09 20:54:00,2023-10-09 21:09:00,"Tons of smoke, probably best sample","R8",30,0.03,2.225,2.225,0,0,8.775,8.775,1,6.5134375,6.18375,0,4.81625,4.81625,-3.50655789731998,1,2649166.66666667,1159913.54166667,0,1159913.54166667,1,523235.503472222,0,523235.503472222,1,NA,NA,NA,NA,NA,NA,NA,NA,NA,NA,NA,NA,NA,NA,NA,NA,NA,NA,NA,NA,NA,NA,NA,NA,NA,NA,NA,NA,NA,NA,NA,NA,NA,NA,NA,NA,NA,NA,NA,NA,NA,NA,NA,NA,NA,NA,NA,NA,NA,NA,NA,NA,NA,NA,NA,NA,NA
"FASMEE23","Button","Smoke","S9PI",20250221,"4/11/2025","Lampman","B7B","B7","A",9,11,3,14,NA,"","","F23F",2023-10-10,2023-10-09 18:17:00,2023-10-10 00:17:00,2,"Blue","PTFE",4,60,15,2023-10-10 00:17:00,2023-10-10 00:32:00,"","B7",30,0.03,1.25,1.25,0,3,9.75,12.75,0.764705882352941,5.5384375,5.20875,2.6703125,5.79125,8.4615625,-3.50655789731998,0.785714285714286,3371666.66666667,2037826.30208333,643100.260416667,1394726.04166667,0.684418510174687,758048.003472222,353524.831814236,1111572.83528646,0.681959813525732,7,1625.52013208166,1670.54342003125,4296.5432918125,191.864464285714,243.5,323.75,1134.54755952381,1266.25,2565.125,11.9378306878307,12.2222222222222,12.7777777777778,9.44444444444444,27.4642857142857,27,27,29,3.43830869055206,3.49798559298276,3.81130962441916,2.83267941327911,27600.25,26431.75,16400.9375,2164.5625,366.75,209,70499.125,72762.875,73162.6025,73501.915,7.42090425369562,"Hazardous","High",NA,NA,NA,NA,NA,NA,NA,NA,NA,NA,NA,NA,NA,NA,NA,NA,NA,NA,NA,NA,NA,NA
"FASMEE23","Button","Smoke","S9PI",20250221,"3/10/2025","Lampman","B8B","B8","A",10,11,0,11,NA,"","","F23F",2023-10-10,2023-10-09 18:45:00,2023-10-10 00:45:00,2,"Blue","PTFE",4,60,15,2023-10-10 00:45:00,2023-10-10 01:00:00,"","B8",30,0.03,1.25,1.25,0,0,9.75,9.75,1,5.5384375,5.20875,0,5.79125,5.79125,-3.50655789731998,1,2649166.66666667,1394726.04166667,0,1394726.04166667,1,758048.003472222,0,758048.003472222,1,8,1205.06665382693,1303.733104,3018.616525,226.646470588235,286,417.125,876.608941176471,1025.165,1821,12.078431372549,11.6666666666667,13.8888888888889,10.5555555555556,27.6117647058824,28,26,30,3.48006033349395,3.49058669865849,3.8025217445426,3.05727862595733,26588.54,25222.5,13803,1123.75,154.17,81.33,66054.875,67628,67854.375,68080.75,7.17298704669122,"Hazardous","High",NA,NA,NA,NA,NA,NA,NA,NA,NA,NA,NA,NA,NA,NA,NA,NA,NA,NA,NA,NA,NA,NA
"FASMEE23","Button","Smoke","S9PI",20250221,"3/10/2025","Lampman","B8B","B8","A",13,11,0,11,NA,"","","F23F",2023-10-10,2023-10-09 18:45:00,2023-10-10 00:45:00,2,"Blue","PTFE",4,60,15,2023-10-10 00:45:00,2023-10-10 01:00:00,"","B8",30,0.03,1.25,1.25,0,0,9.75,9.75,1,5.5384375,5.20875,0,5.79125,5.79125,-3.50655789731998,1,2649166.66666667,1394726.04166667,0,1394726.04166667,1,758048.003472222,0,758048.003472222,1,8,1205.06665382693,1303.733104,3018.616525,226.646470588235,286,417.125,876.608941176471,1025.165,1821,12.078431372549,11.6666666666667,13.8888888888889,10.5555555555556,27.6117647058824,28,26,30,3.48006033349395,3.49058669865849,3.8025217445426,3.05727862595733,26588.54,25222.5,13803,1123.75,154.17,81.33,66054.875,67628,67854.375,68080.75,7.17298704669122,"Hazardous","High",NA,NA,NA,NA,NA,NA,NA,NA,NA,NA,NA,NA,NA,NA,NA,NA,NA,NA,NA,NA,NA,NA
"FASMEE23","Button","Smoke","S9PI",20240912,"11/12/2024","Lampman","B12B","B12","A",2,12,10,22,0,"","","F23B",2023-10-11,2023-10-10 19:29:00,2023-10-11 01:29:00,3,"Blue","PTFE",4,60,15,2023-10-11 01:29:00,2023-10-11 01:44:00,"Partial smoke at best","B12",30,0.03,1.675,1.5,0.175,9.825,10.5,20.325,0.516605166051661,5.9634375,5.45875,9.4953125,6.54125,16.0365625,-3.50655789731998,0.545454545454545,5298333.33333333,3862138.80208333,2286787.76041667,1575351.04166667,0.407896018863145,938673.003472222,1997212.33181424,2935885.33528646,0.319724000181579,12,97.2710784691779,70.63031,343.96187725,71.5695081967213,55.375,217.25,119.030737704918,94.21,369.875,9.51730418943534,9.44444444444444,10.5555555555556,8.88888888888889,30.2622950819672,30,30,32,3.22274350561617,3.20067977403102,3.59115262850359,3.05362161156916,5352.375,4262.04,915.835,8.29,0,0,10439.125,10456.375,10456.375,10456.375,4.257459372481,"Moderate/Unhealthy","Low",12.4836759454948,13.1564633792446,42.6384496071778,2.83267731716567,22.6222156083308,43.3128495814939,1.66076798489259,2.36439821080882,3.08124897580882,0.948198027037845,0.934616975798477,12.580490102955,25.1609802059101,0.02516098020591,2.516098020591e-05,2.516098020591e-08,116684060448362,37306694563979.6,116684060448.362,37306694563.9796,116684.060448362,37306.6945639796
"FASMEE23","Button","Smoke","S9PI",20240926,"11/14/2024","Lampman","B11B","B11","A",31,12,2,14,NA,"","","F23B",2023-10-11,2023-10-10 18:53:00,2023-10-11 00:53:00,3,"Blue","PTFE",4,52.28,13.07,2023-10-11 00:53:00,2023-10-11 01:06:04,"Arms loose on ATAT-RTH with time remaining on leland (1:56min)","B11",26.14,0.02614,1.675,1.5,0.175,1.825,10.5,12.325,0.851926977687627,5.9634375,5.45875,1.4953125,6.54125,8.0365625,-3.64428857078606,0.857142857142857,3869548.58454476,2221276.36046289,413298.88341622,1807977.47704667,0.813936306723179,1171299.43885223,123723.45481379,1295022.89366602,0.904462341616566,11,126.519445912158,109.433425,372.7538288125,95.9646621621622,85.5425,240.415,159.535135135135,142.02,385.5,9.42192192192192,9.44444444444444,10,7.22222222222222,30.3108108108108,30,30,31,3.19763860610841,3.20003153837661,3.34652644641426,2.69939809952541,7999.75,6403.1875,1424.23,38.7925,0,0,15778.3125,15811,15812.25,15813.5,4.69531637348758,"Moderate/Unhealthy","Low",5.03917002239612,3.45635072732919,16.9430562803866,0.334627603826129,8.98035194956724,9.22013137699785,0.812405426978007,0.278427065808824,2.83584060580882,0.912070919480452,0.931800219280138,5.14133045415266,10.2826609083053,0.0102826609083053,1.02826609083053e-05,1.02826609083053e-08,125942390322336,113910149259728,125942390322.336,113910149259.728,125942.390322336,113910.149259728
"FASMEE23","Button","Smoke","S9PI",20240505,"11/15/2024","Lampman","B5B","B5","A",40,12,9,21,2,"11,8","26,25","F23A",2023-10-09,2023-10-09 14:54:00,2023-10-09 20:54:00,2,"Blue","PTFE",4,60,15,2023-10-09 20:54:00,2023-10-09 21:09:00,"Tons of smoke, probably best sample","B5",30,0.03,2.225,2.225,0,9,9.775,18.775,0.52063914780293,6.5134375,6.18375,8.6703125,5.81625,14.4865625,-3.50655789731998,0.571428571428571,5057500,3488847.13541667,2088100.26041667,1400746.875,0.401492762689561,764068.836805556,1798524.83181424,2562593.66861979,0.298162305699086,5,3103.14515205286,2932.4884253125,7815.8196078125,194.019761904762,217.1475,367.875,1917.98297619048,1852.75,4665.25,15.1785714285714,15.5555555555556,17.2222222222222,11.6666666666667,22.452380952381,22,21,26,3.5190117864711,3.52343484519426,4.17015860168985,2.80102987605014,33028.605,32110.7275,23311.6875,3647.1875,680.895,359.75,87614.52,93144.745,94353.6625,95216.85,7.98360663348233,"Hazardous","High",322.174432012725,291.175399446569,1054.07936790501,105.517683963091,582.755660846674,886.417688767653,70.6668673551349,92.0002656892252,119.499623739225,0.848064293202289,0.865044227490499,331.606761535804,663.213523071608,0.663213523071608,0.000663213523071608,6.63213523071608e-07,3863904428171.78,1152070653304.6,3863904428.17178,1152070653.3046,3863.90442817178,1152.0706533046
"FASMEE23","Button","Ambient","S9PI",20241223,"12/23/2024","Lampman","R4B","R4","A",11,12,9,21,1,"20","PHOTO 28","F23D",2023-10-08,2023-10-08 14:28:00,2023-10-08 20:28:00,1,"Red","PTFE",4,40,10,2023-10-08 20:28:00,2023-10-08 20:38:00,"","R4",20,0.02,1.2125,1.1125,0.1,8.9,10.8875,19.7875,0.550221099178774,5.5009375,5.07125,8.5703125,6.92875,15.4990625,-3.91202300542815,0.571428571428571,7586250,5599036.328125,3096025.390625,2503010.9375,0.447043167933544,NA,NA,NA,NA,NA,NA,NA,NA,NA,NA,NA,NA,NA,NA,NA,NA,NA,NA,NA,NA,NA,NA,NA,NA,NA,NA,NA,NA,NA,NA,NA,NA,NA,NA,NA,NA,NA,NA,NA,NA,NA,NA,NA,NA,NA,NA,NA,NA,NA,NA,NA,NA,NA,NA,NA,NA,NA,NA,NA,NA,NA
"FASMEE23","Button","Smoke","S9PI",20250115,"1/31/2025","Lampman","B6B","B6","A",1,12,6,18,NA,"","","F23E",2023-10-09,2023-10-09 15:17:00,2023-10-09 21:17:00,2,"Blue","PTFE",4,60,15,2023-10-09 21:17:00,2023-10-09 21:32:00,"","B6",30,0.03,2.1,2.1,0,6,9.9,15.9,0.622641509433962,6.3884375,6.05875,5.6703125,5.94125,11.6115625,-3.50655789731998,0.666666666666667,4335000,2796451.30208333,1365600.26041667,1430851.04166667,0.511666711521382,794173.003472222,1076024.83181424,1870197.83528646,0.424646520538069,6,2552.17293182856,2955.6625303125,6517.6734277669,154.507209302326,194.25,313.25,1664.15703488372,1963.75,3738.33,13.8242894056848,13.8888888888889,15.5555555555556,11.1111111111111,23.2209302325581,23,22,26,3.31172741096193,3.36444793603563,3.99314168636426,2.60160702948977,31377.8325,30549.3325,22195.395,4200.125,822.5,468.5,83635.29,87917.25,88776.25,89658.9375,7.9914781112452,"Hazardous","High",431.473416388428,332.035187727671,1516.66468062123,39.6013389194573,823.729565151522,1165.0074584524,35.5148560084716,33.6919988392252,74.8868796292252,0.956378385565098,0.96119482754625,436.857954671367,873.715909342734,0.873715909342734,0.000873715909342734,8.73715909342734e-07,2140510222245.29,908960218052.628,2140510222.24529,908960218.052629,2140.51022224529,908.960218052628
"FASMEE23","Button","Ambient","S9PI",20241223,"1/13/2025","Lampman","R5B","R5","A",10,12,0,12,1,"4","photo 32","F23D",2023-10-08,2023-10-08 15:41:00,2023-10-08 21:41:00,1,"Red","PTFE",4,40,10,2023-10-08 21:41:00,2023-10-08 21:51:00,"","R5",20,0.02,1.2125,1.1125,0.1,0,10.8875,10.8875,1,5.5009375,5.07125,0,6.92875,6.92875,-3.91202300542815,1,4335000,2503010.9375,0,2503010.9375,1,NA,NA,NA,NA,NA,NA,NA,NA,NA,NA,NA,NA,NA,NA,NA,NA,NA,NA,NA,NA,NA,NA,NA,NA,NA,NA,NA,NA,NA,NA,NA,NA,NA,NA,NA,NA,NA,NA,NA,NA,NA,NA,NA,NA,NA,NA,NA,NA,NA,NA,NA,NA,NA,NA,NA,NA,NA,NA,NA,NA,NA
"FASMEE23","Button","Smoke","S9PI",20250203,"2/12/2025","Lampman","R10B","R10","A",33,12,0,12,NA,"","","F23E",2023-10-10,2023-10-09 18:17:00,2023-10-10 00:17:00,2,"Red","PTFE",4,60,15,2023-10-10 00:17:00,2023-10-10 00:32:00,"","R10",30,0.03,2.1,2.1,0,0,9.9,9.9,1,6.3884375,6.05875,0,5.94125,5.94125,-3.50655789731998,1,2890000,1430851.04166667,0,1430851.04166667,1,794173.003472222,0,794173.003472222,1,NA,NA,NA,NA,NA,NA,NA,NA,NA,NA,NA,NA,NA,NA,NA,NA,NA,NA,NA,NA,NA,NA,NA,NA,NA,NA,NA,NA,NA,NA,NA,NA,NA,NA,NA,NA,NA,NA,NA,NA,NA,NA,NA,NA,NA,NA,NA,NA,NA,NA,NA,NA,NA,NA,NA,NA,NA
"FASMEE23","Button","Smoke","S9PI",20250212,"2/12/2025","Lampman","R11B","R11","A",20,12,0,12,NA,"","","F23F",2023-10-10,2023-10-09 18:45:00,2023-10-10 00:45:00,2,"Red","PTFE",4,60,15,2023-10-10 00:45:00,2023-10-10 01:00:00,"","R11",30,0.03,1.25,1.25,0,0,10.75,10.75,1,5.5384375,5.20875,0,6.79125,6.79125,-3.50655789731998,1,2890000,1635559.375,0,1635559.375,1,998881.336805556,0,998881.336805556,1,NA,NA,NA,NA,NA,NA,NA,NA,NA,NA,NA,NA,NA,NA,NA,NA,NA,NA,NA,NA,NA,NA,NA,NA,NA,NA,NA,NA,NA,NA,NA,NA,NA,NA,NA,NA,NA,NA,NA,NA,NA,NA,NA,NA,NA,NA,NA,NA,NA,NA,NA,NA,NA,NA,NA,NA,NA
"FASMEE23","Button","Smoke","S9PI",20250212,"2/12/2025","Lampman","R11B","R11","A",22,12,0,12,NA,"","","F23F",2023-10-10,2023-10-09 18:45:00,2023-10-10 00:45:00,2,"Red","PTFE",4,60,15,2023-10-10 00:45:00,2023-10-10 01:00:00,"","R11",30,0.03,1.25,1.25,0,0,10.75,10.75,1,5.5384375,5.20875,0,6.79125,6.79125,-3.50655789731998,1,2890000,1635559.375,0,1635559.375,1,998881.336805556,0,998881.336805556,1,NA,NA,NA,NA,NA,NA,NA,NA,NA,NA,NA,NA,NA,NA,NA,NA,NA,NA,NA,NA,NA,NA,NA,NA,NA,NA,NA,NA,NA,NA,NA,NA,NA,NA,NA,NA,NA,NA,NA,NA,NA,NA,NA,NA,NA,NA,NA,NA,NA,NA,NA,NA,NA,NA,NA,NA,NA
"FASMEE23","Button","Smoke","S9PI",20250212,"2/24/2025","Lampman","R12B","R12","A",2,12,0,12,NA,"","","F23F",2023-10-10,2023-10-10 15:09:00,2023-10-10 21:09:00,3,"Red","PTFE",4,60,15,2023-10-10 21:09:00,2023-10-10 21:24:00,"","R12",30,0.03,1.25,1.25,0,0,10.75,10.75,1,5.5384375,5.20875,0,6.79125,6.79125,-3.50655789731998,1,2890000,1635559.375,0,1635559.375,1,998881.336805556,0,998881.336805556,1,NA,NA,NA,NA,NA,NA,NA,NA,NA,NA,NA,NA,NA,NA,NA,NA,NA,NA,NA,NA,NA,NA,NA,NA,NA,NA,NA,NA,NA,NA,NA,NA,NA,NA,NA,NA,NA,NA,NA,NA,NA,NA,NA,NA,NA,NA,NA,NA,NA,NA,NA,NA,NA,NA,NA,NA,NA
"FASMEE23","Button","Smoke","S9PI",20250212,"2/24/2025","Lampman","R12B","R12","A",21,12,0,12,NA,"","","F23F",2023-10-10,2023-10-10 15:09:00,2023-10-10 21:09:00,3,"Red","PTFE",4,60,15,2023-10-10 21:09:00,2023-10-10 21:24:00,"","R12",30,0.03,1.25,1.25,0,0,10.75,10.75,1,5.5384375,5.20875,0,6.79125,6.79125,-3.50655789731998,1,2890000,1635559.375,0,1635559.375,1,998881.336805556,0,998881.336805556,1,NA,NA,NA,NA,NA,NA,NA,NA,NA,NA,NA,NA,NA,NA,NA,NA,NA,NA,NA,NA,NA,NA,NA,NA,NA,NA,NA,NA,NA,NA,NA,NA,NA,NA,NA,NA,NA,NA,NA,NA,NA,NA,NA,NA,NA,NA,NA,NA,NA,NA,NA,NA,NA,NA,NA,NA,NA
"FASMEE23","Button","Smoke","S9PI",20250212,"2/24/2025","Lampman","R13B","R13","A",11,12,3,15,NA,"","","F23F",2023-10-11,2023-10-10 18:25:00,2023-10-11 00:25:00,3,"Red","PTFE",4,60,15,2023-10-11 00:25:00,2023-10-11 00:40:00,"Partial smoke at best","R13",30,0.03,1.25,1.25,0,3,10.75,13.75,0.781818181818182,5.5384375,5.20875,2.6703125,6.79125,9.4615625,-3.50655789731998,0.8,3612500,2278659.63541667,643100.260416667,1635559.375,0.717772566634739,998881.336805556,353524.831814236,1352406.16861979,0.738595667472422,NA,NA,NA,NA,NA,NA,NA,NA,NA,NA,NA,NA,NA,NA,NA,NA,NA,NA,NA,NA,NA,NA,NA,NA,NA,NA,NA,NA,NA,NA,NA,NA,NA,NA,NA,NA,NA,NA,NA,NA,NA,NA,NA,NA,NA,NA,NA,NA,NA,NA,NA,NA,NA,NA,NA,NA,NA
"FASMEE23","Button","Smoke","S9PI",20250212,"2/24/2025","Lampman","R13B","R13","A",13,12,0,12,NA,"","","F23F",2023-10-11,2023-10-10 18:25:00,2023-10-11 00:25:00,3,"Red","PTFE",4,60,15,2023-10-11 00:25:00,2023-10-11 00:40:00,"Partial smoke at best","R13",30,0.03,1.25,1.25,0,0,10.75,10.75,1,5.5384375,5.20875,0,6.79125,6.79125,-3.50655789731998,1,2890000,1635559.375,0,1635559.375,1,998881.336805556,0,998881.336805556,1,NA,NA,NA,NA,NA,NA,NA,NA,NA,NA,NA,NA,NA,NA,NA,NA,NA,NA,NA,NA,NA,NA,NA,NA,NA,NA,NA,NA,NA,NA,NA,NA,NA,NA,NA,NA,NA,NA,NA,NA,NA,NA,NA,NA,NA,NA,NA,NA,NA,NA,NA,NA,NA,NA,NA,NA,NA
"FASMEE23","Button","Smoke","S9PI",20250212,"2/24/2025","Lampman","R13B","R13","A",26,12,0,12,NA,"","","F23F",2023-10-11,2023-10-10 18:25:00,2023-10-11 00:25:00,3,"Red","PTFE",4,60,15,2023-10-11 00:25:00,2023-10-11 00:40:00,"Partial smoke at best","R13",30,0.03,1.25,1.25,0,0,10.75,10.75,1,5.5384375,5.20875,0,6.79125,6.79125,-3.50655789731998,1,2890000,1635559.375,0,1635559.375,1,998881.336805556,0,998881.336805556,1,NA,NA,NA,NA,NA,NA,NA,NA,NA,NA,NA,NA,NA,NA,NA,NA,NA,NA,NA,NA,NA,NA,NA,NA,NA,NA,NA,NA,NA,NA,NA,NA,NA,NA,NA,NA,NA,NA,NA,NA,NA,NA,NA,NA,NA,NA,NA,NA,NA,NA,NA,NA,NA,NA,NA,NA,NA
"FASMEE23","Button","Smoke","S9PI",20250212,"2/24/2025","Lampman","R13B","R13","A",28,12,4,16,NA,"","","F23F",2023-10-11,2023-10-10 18:25:00,2023-10-11 00:25:00,3,"Red","PTFE",4,60,15,2023-10-11 00:25:00,2023-10-11 00:40:00,"Partial smoke at best","R13",30,0.03,1.25,1.25,0,4,10.75,14.75,0.728813559322034,5.5384375,5.20875,3.6703125,6.79125,10.4615625,-3.50655789731998,0.75,3853333.33333333,2519492.96875,883933.59375,1635559.375,0.649162111300296,998881.336805556,594358.165147569,1593239.50195312,0.626949893961984,NA,NA,NA,NA,NA,NA,NA,NA,NA,NA,NA,NA,NA,NA,NA,NA,NA,NA,NA,NA,NA,NA,NA,NA,NA,NA,NA,NA,NA,NA,NA,NA,NA,NA,NA,NA,NA,NA,NA,NA,NA,NA,NA,NA,NA,NA,NA,NA,NA,NA,NA,NA,NA,NA,NA,NA,NA
"FASMEE23","Button","Smoke","S9PI",20250127,"3/3/2025","Lampman","B9B","B9","A",16,12,0,12,NA,"","","F23E",2023-10-10,2023-10-10 15:09:00,2023-10-10 21:09:00,3,"Blue","PTFE",4,60,15,2023-10-10 21:09:00,2023-10-10 21:24:00,"","B9",30,0.03,2.1,2.1,0,0,9.9,9.9,1,6.3884375,6.05875,0,5.94125,5.94125,-3.50655789731998,1,2890000,1430851.04166667,0,1430851.04166667,1,794173.003472222,0,794173.003472222,1,9,584.100794087505,188.516922417344,3114.5911041344,176.698148148148,130.5,422.625,446.172839506173,237.875,1716.21,10.8074935400517,10.5555555555556,11.6666666666667,10,33.0116279069767,33,31,34,3.84755654322465,3.82515368908763,4.16705056996941,3.64859285797902,11336.5,10298.67,2475.79,88.25,0.125,0,24722.5,24835.125,24836.25,24837.375,5.23918777695593,"Very Unhealthy","Low",61.2042743966305,66.3921308617705,201.814906555965,15.7464380900351,108.784440826061,218.711205508665,12.1776042318889,13.3199766930851,24.5377224480851,0.896793933565282,0.89807374740202,62.9928010192709,125.985602038542,0.125985602038542,0.000125985602038542,1.25985602038542e-07,6303680663678.28,6303680663678.28,6303680663.67828,6303680663.67828,6303.68066367828,6303.68066367828
"FASMEE23","Button","Smoke","S9PI",20250127,"3/5/2025","Lampman","R9B","R9","A",11,12,0,12,NA,"","","F23E",2023-10-09,2023-10-09 15:17:00,2023-10-09 21:17:00,2,"Red","PTFE",4,60,15,2023-10-09 21:17:00,2023-10-09 21:32:00,"","R9",30,0.03,2.1,2.1,0,0,9.9,9.9,1,6.3884375,6.05875,0,5.94125,5.94125,-3.50655789731998,1,2890000,1430851.04166667,0,1430851.04166667,1,794173.003472222,0,794173.003472222,1,NA,NA,NA,NA,NA,NA,NA,NA,NA,NA,NA,NA,NA,NA,NA,NA,NA,NA,NA,NA,NA,NA,NA,NA,NA,NA,NA,NA,NA,NA,NA,NA,NA,NA,NA,NA,NA,NA,NA,NA,NA,NA,NA,NA,NA,NA,NA,NA,NA,NA,NA,NA,NA,NA,NA,NA,NA
"FASMEE23","Button","Smoke","S9PI",20250127,"3/5/2025","Lampman","R9B","R9","A",27,12,5,17,NA,"","","F23E",2023-10-09,2023-10-09 15:17:00,2023-10-09 21:17:00,2,"Red","PTFE",4,60,15,2023-10-09 21:17:00,2023-10-09 21:32:00,"","R9",30,0.03,2.1,2.1,0,5,9.9,14.9,0.664429530201342,6.3884375,6.05875,4.6703125,5.94125,10.6115625,-3.50655789731998,0.705882352941177,4094166.66666667,2555617.96875,1124766.92708333,1430851.04166667,0.55988455988456,794173.003472222,835191.498480903,1629364.50195312,0.487412732092938,NA,NA,NA,NA,NA,NA,NA,NA,NA,NA,NA,NA,NA,NA,NA,NA,NA,NA,NA,NA,NA,NA,NA,NA,NA,NA,NA,NA,NA,NA,NA,NA,NA,NA,NA,NA,NA,NA,NA,NA,NA,NA,NA,NA,NA,NA,NA,NA,NA,NA,NA,NA,NA,NA,NA,NA,NA
"FASMEE23","Button","Smoke","S9PI",20250127,"3/5/2025","Lampman","R9B","R9","A",29,12,11,23,NA,"","","F23E",2023-10-09,2023-10-09 15:17:00,2023-10-09 21:17:00,2,"Red","PTFE",4,60,15,2023-10-09 21:17:00,2023-10-09 21:32:00,"","R9",30,0.03,2.1,2.1,0,11,9.9,20.9,0.473684210526316,6.3884375,6.05875,10.6703125,5.94125,16.6115625,-3.50655789731998,0.521739130434783,5539166.66666667,4000617.96875,2569766.92708333,1430851.04166667,0.357657505126324,794173.003472222,2280191.4984809,3074364.50195312,0.25832102958764,NA,NA,NA,NA,NA,NA,NA,NA,NA,NA,NA,NA,NA,NA,NA,NA,NA,NA,NA,NA,NA,NA,NA,NA,NA,NA,NA,NA,NA,NA,NA,NA,NA,NA,NA,NA,NA,NA,NA,NA,NA,NA,NA,NA,NA,NA,NA,NA,NA,NA,NA,NA,NA,NA,NA,NA,NA
"FASMEE23","Button","Smoke","S9PI",20250221,"4/11/2025","Lampman","B7B","B7","A",1,12,0,12,NA,"","","F23F",2023-10-10,2023-10-09 18:17:00,2023-10-10 00:17:00,2,"Blue","PTFE",4,60,15,2023-10-10 00:17:00,2023-10-10 00:32:00,"","B7",30,0.03,1.25,1.25,0,0,10.75,10.75,1,5.5384375,5.20875,0,6.79125,6.79125,-3.50655789731998,1,2890000,1635559.375,0,1635559.375,1,998881.336805556,0,998881.336805556,1,7,1625.52013208166,1670.54342003125,4296.5432918125,191.864464285714,243.5,323.75,1134.54755952381,1266.25,2565.125,11.9378306878307,12.2222222222222,12.7777777777778,9.44444444444444,27.4642857142857,27,27,29,3.43830869055206,3.49798559298276,3.81130962441916,2.83267941327911,27600.25,26431.75,16400.9375,2164.5625,366.75,209,70499.125,72762.875,73162.6025,73501.915,7.42090425369562,"Hazardous","High",NA,NA,NA,NA,NA,NA,NA,NA,NA,NA,NA,NA,NA,NA,NA,NA,NA,NA,NA,NA,NA,NA
"FASMEE23","Button","Smoke","S9PI",20250221,"3/10/2025","Lampman","B8B","B8","A",11,12,0,12,NA,"","","F23F",2023-10-10,2023-10-09 18:45:00,2023-10-10 00:45:00,2,"Blue","PTFE",4,60,15,2023-10-10 00:45:00,2023-10-10 01:00:00,"","B8",30,0.03,1.25,1.25,0,0,10.75,10.75,1,5.5384375,5.20875,0,6.79125,6.79125,-3.50655789731998,1,2890000,1635559.375,0,1635559.375,1,998881.336805556,0,998881.336805556,1,8,1205.06665382693,1303.733104,3018.616525,226.646470588235,286,417.125,876.608941176471,1025.165,1821,12.078431372549,11.6666666666667,13.8888888888889,10.5555555555556,27.6117647058824,28,26,30,3.48006033349395,3.49058669865849,3.8025217445426,3.05727862595733,26588.54,25222.5,13803,1123.75,154.17,81.33,66054.875,67628,67854.375,68080.75,7.17298704669122,"Hazardous","High",NA,NA,NA,NA,NA,NA,NA,NA,NA,NA,NA,NA,NA,NA,NA,NA,NA,NA,NA,NA,NA,NA
"FASMEE23","Button","Ambient","S9PI",20240505,"6/3/2025","Lampman","B1B","B1","A",10,12,1,13,NA,"","","F23A",2023-10-08,2023-10-08 14:48:00,2023-10-08 20:48:00,1,"Blue","PTFE",4,40,10,2023-10-08 20:48:00,2023-10-08 20:58:00,"","B1",20,0.02,2.225,2.225,0,1,9.775,10.775,0.907192575406032,6.5134375,6.18375,0.6703125,5.81625,6.4865625,-3.91202300542815,0.923076923076923,4696250,2343270.703125,242150.390625,2101120.3125,0.896661367249603,NA,NA,NA,NA,1,3.69313538461538,3.6812,3.8536,0,0,0,0.0166923076923077,0,0.375,19.8717948717949,19.4444444444444,21.1111111111111,18.3333333333333,23.8615384615385,24,22,26,4.82188619030089,4.73837584914535,5.14397613428947,4.37656394135745,98.21,69,0,0,0,0,170.21,170.21,170.21,170.21,1.30323878598256,"Good","None",NA,NA,NA,NA,NA,NA,NA,NA,NA,NA,NA,NA,NA,NA,NA,NA,NA,NA,NA,NA,NA,NA
"FASMEE23","Button","Smoke","S9PI",20240912,"11/12/2024","Lampman","B10B","B10","A",30,13,0,13,0,"","","F23B",2023-10-11,2023-10-10 18:25:00,2023-10-11 00:25:00,3,"Blue","PTFE",4,60,15,2023-10-11 00:25:00,2023-10-11 00:40:00,"Partial smoke at best","B10",30,0.03,1.675,1.5,0.175,0,11.5,11.5,1,5.9634375,5.45875,0,7.54125,7.54125,-3.50655789731998,1,3130833.33333333,1816184.375,0,1816184.375,1,1179506.33680556,0,1179506.33680556,1,10,296.817832329909,284.73479828125,913.5914568125,162.399186046512,183.125,370.5,298.041569767442,316.625,762.75,10.0638569604087,10,10.5555555555556,7.77777777777778,31.3333333333333,31,31,32,3.46114545081116,3.49829032819435,3.65288745104373,2.95692571743565,15821,13422.125,3222.3325,205,3.335,0,32372.0625,32590.23,32594.855,32599.48,5.65155821470817,"Hazardous","Low",9.16936754497504,7.15880794304564,30.8100107581134,1.51685239597926,16.3873253245179,22.7938558681921,1.49529188355726,1.26651866080882,4.28245836580882,0.903533173719327,0.926980348124455,9.26602549754036,18.5320509950807,0.0185320509950807,1.85320509950807e-05,1.85320509950807e-08,63646832027315.9,63646832027315.9,63646832027.3159,63646832027.3159,63646.8320273159,63646.8320273159
"FASMEE23","Button","Smoke","S9PI",20240912,"11/12/2024","Lampman","B12B","B12","A",6,13,9,22,0,"","","F23B",2023-10-11,2023-10-10 19:29:00,2023-10-11 01:29:00,3,"Blue","PTFE",4,60,15,2023-10-11 01:29:00,2023-10-11 01:44:00,"Partial smoke at best","B12",30,0.03,1.675,1.5,0.175,8.825,11.5,20.325,0.565805658056581,5.9634375,5.45875,8.4953125,7.54125,16.0365625,-3.50655789731998,0.590909090909091,5298333.33333333,3862138.80208333,2045954.42708333,1816184.375,0.470253522224604,1179506.33680556,1756378.9984809,2935885.33528646,0.4017549059662,12,97.2710784691779,70.63031,343.96187725,71.5695081967213,55.375,217.25,119.030737704918,94.21,369.875,9.51730418943534,9.44444444444444,10.5555555555556,8.88888888888889,30.2622950819672,30,30,32,3.22274350561617,3.20067977403102,3.59115262850359,3.05362161156916,5352.375,4262.04,915.835,8.29,0,0,10439.125,10456.375,10456.375,10456.375,4.257459372481,"Moderate/Unhealthy","Low",12.4836759454948,13.1564633792446,42.6384496071778,2.83267731716567,22.6222156083308,43.3128495814939,1.66076798489259,2.36439821080882,3.08124897580882,0.948198027037845,0.934616975798477,12.580490102955,25.1609802059101,0.02516098020591,2.516098020591e-05,2.516098020591e-08,116684060448362,46878393733186.2,116684060448.362,46878393733.1862,116684.060448362,46878.3937331862
"FASMEE23","Button","Smoke","S9PI",20240926,"11/14/2024","Lampman","B11B","B11","A",30,13,0,13,NA,"","","F23B",2023-10-11,2023-10-10 18:53:00,2023-10-11 00:53:00,3,"Blue","PTFE",4,52.28,13.07,2023-10-11 00:53:00,2023-10-11 01:06:04,"Arms loose on ATAT-RTH with time remaining on leland (1:56min)","B11",26.14,0.02614,1.675,1.5,0.175,0,11.5,11.5,1,5.9634375,5.45875,0,7.54125,7.54125,-3.64428857078606,1,3593152.25707728,2084373.80451415,0,2084373.80451415,1,1447695.76631971,0,1447695.76631971,1,11,126.519445912158,109.433425,372.7538288125,95.9646621621622,85.5425,240.415,159.535135135135,142.02,385.5,9.42192192192192,9.44444444444444,10,7.22222222222222,30.3108108108108,30,30,31,3.19763860610841,3.20003153837661,3.34652644641426,2.69939809952541,7999.75,6403.1875,1424.23,38.7925,0,0,15778.3125,15811,15812.25,15813.5,4.69531637348758,"Moderate/Unhealthy","Low",5.03917002239612,3.45635072732919,16.9430562803866,0.334627603826129,8.98035194956724,9.22013137699785,0.812405426978007,0.278427065808824,2.83584060580882,0.912070919480452,0.931800219280138,5.14133045415266,10.2826609083053,0.0102826609083053,1.02826609083053e-05,1.02826609083053e-08,140789993877013,140789993877013,140789993877.013,140789993877.013,140789.993877013,140789.993877013
"FASMEE23","Button","Smoke","S9PI",20240505,"11/15/2024","Lampman","B5B","B5","A",9,13,2,15,0,"","","F23A",2023-10-09,2023-10-09 14:54:00,2023-10-09 20:54:00,2,"Blue","PTFE",4,60,15,2023-10-09 20:54:00,2023-10-09 21:09:00,"Tons of smoke, probably best sample","B5",30,0.03,2.225,2.225,0,2,10.775,12.775,0.843444227005871,6.5134375,6.18375,1.6703125,6.81625,8.4865625,-3.50655789731998,0.866666666666667,3612500,2043847.13541667,402266.927083333,1641580.20833333,0.803181500165703,1004902.17013889,112691.498480903,1117593.66861979,0.899165947656025,5,3103.14515205286,2932.4884253125,7815.8196078125,194.019761904762,217.1475,367.875,1917.98297619048,1852.75,4665.25,15.1785714285714,15.5555555555556,17.2222222222222,11.6666666666667,22.452380952381,22,21,26,3.5190117864711,3.52343484519426,4.17015860168985,2.80102987605014,33028.605,32110.7275,23311.6875,3647.1875,680.895,359.75,87614.52,93144.745,94353.6625,95216.85,7.98360663348233,"Hazardous","High",322.174432012725,291.175399446569,1054.07936790501,105.517683963091,582.755660846674,886.417688767653,70.6668673551349,92.0002656892252,119.499623739225,0.848064293202289,0.865044227490499,331.606761535804,663.213523071608,0.663213523071608,0.000663213523071608,6.63213523071608e-07,1685118939438.64,1515201568093.46,1685118939.43864,1515201568.09346,1685.11893943864,1515.20156809346
"FASMEE23","Button","Ambient","S9PI",20241217,"12/19/2024","Lampman","B3B","B3","A",19,13,0,13,NA,"","","F23D",2023-10-09,2023-10-09 12:17:00,2023-10-09 18:17:00,2,"Blue","PTFE",4,40,10,2023-10-09 18:17:00,2023-10-09 18:27:00,"","B3",20,0.02,1.2125,1.1125,0.1,0,11.8875,11.8875,1,5.5009375,5.07125,0,7.92875,7.92875,-3.91202300542815,1,4696250,2864260.9375,0,2864260.9375,1,NA,NA,NA,NA,3,3.73360545454545,3.7674,4.8602,0.0431818181818182,0,2.25,0.0431818181818182,0,2.25,14.1910331384016,13.8888888888889,16.1111111111111,11.6666666666667,23.6842105263158,23,21,26,3.35815549149463,3.54856909262987,4.02892321604069,2.75476213820575,46.75,16.5,0,0,0,0,72,72,72,72,1.32638510836598,"Good","None",NA,NA,NA,NA,NA,NA,NA,NA,NA,NA,NA,NA,NA,NA,NA,NA,NA,NA,NA,NA,NA,NA
"FASMEE23","Button","Ambient","S9PI",20241223,"12/23/2024","Lampman","R4B","R4","A",1,13,4,17,1,"15","PHOTO 05","F23D",2023-10-08,2023-10-08 14:28:00,2023-10-08 20:28:00,1,"Red","PTFE",4,40,10,2023-10-08 20:28:00,2023-10-08 20:38:00,"","R4",20,0.02,1.2125,1.1125,0.1,3.9,11.8875,15.7875,0.752969121140142,5.5009375,5.07125,3.5703125,7.92875,11.4990625,-3.91202300542815,0.764705882352941,6141250,4154036.328125,1289775.390625,2864260.9375,0.689512732016197,NA,NA,NA,NA,NA,NA,NA,NA,NA,NA,NA,NA,NA,NA,NA,NA,NA,NA,NA,NA,NA,NA,NA,NA,NA,NA,NA,NA,NA,NA,NA,NA,NA,NA,NA,NA,NA,NA,NA,NA,NA,NA,NA,NA,NA,NA,NA,NA,NA,NA,NA,NA,NA,NA,NA,NA,NA,NA,NA,NA,NA
"FASMEE23","Button","Smoke","S9PI",20250115,"1/31/2025","Lampman","B6B","B6","A",34,13,0,13,NA,"","","F23E",2023-10-09,2023-10-09 15:17:00,2023-10-09 21:17:00,2,"Blue","PTFE",4,60,15,2023-10-09 21:17:00,2023-10-09 21:32:00,"","B6",30,0.03,2.1,2.1,0,0,10.9,10.9,1,6.3884375,6.05875,0,6.94125,6.94125,-3.50655789731998,1,3130833.33333333,1671684.375,0,1671684.375,1,1035006.33680556,0,1035006.33680556,1,6,2552.17293182856,2955.6625303125,6517.6734277669,154.507209302326,194.25,313.25,1664.15703488372,1963.75,3738.33,13.8242894056848,13.8888888888889,15.5555555555556,11.1111111111111,23.2209302325581,23,22,26,3.31172741096193,3.36444793603563,3.99314168636426,2.60160702948977,31377.8325,30549.3325,22195.395,4200.125,822.5,468.5,83635.29,87917.25,88776.25,89658.9375,7.9914781112452,"Hazardous","High",431.473416388428,332.035187727671,1516.66468062123,39.6013389194573,823.729565151522,1165.0074584524,35.5148560084716,33.6919988392252,74.8868796292252,0.956378385565098,0.96119482754625,436.857954671367,873.715909342734,0.873715909342734,0.000873715909342734,8.73715909342734e-07,1184602827690.47,1184602827690.47,1184602827.69047,1184602827.69047,1184.60282769047,1184.60282769047
"FASMEE23","Button","Smoke","S9PI",20250203,"2/12/2025","Lampman","R10B","R10","A",3,13,0,13,NA,"","","F23E",2023-10-10,2023-10-09 18:17:00,2023-10-10 00:17:00,2,"Red","PTFE",4,60,15,2023-10-10 00:17:00,2023-10-10 00:32:00,"","R10",30,0.03,2.1,2.1,0,0,10.9,10.9,1,6.3884375,6.05875,0,6.94125,6.94125,-3.50655789731998,1,3130833.33333333,1671684.375,0,1671684.375,1,1035006.33680556,0,1035006.33680556,1,NA,NA,NA,NA,NA,NA,NA,NA,NA,NA,NA,NA,NA,NA,NA,NA,NA,NA,NA,NA,NA,NA,NA,NA,NA,NA,NA,NA,NA,NA,NA,NA,NA,NA,NA,NA,NA,NA,NA,NA,NA,NA,NA,NA,NA,NA,NA,NA,NA,NA,NA,NA,NA,NA,NA,NA,NA
"FASMEE23","Button","Smoke","S9PI",20250203,"2/12/2025","Lampman","R10B","R10","A",9,13,2,15,NA,"","","F23E",2023-10-10,2023-10-09 18:17:00,2023-10-10 00:17:00,2,"Red","PTFE",4,60,15,2023-10-10 00:17:00,2023-10-10 00:32:00,"","R10",30,0.03,2.1,2.1,0,2,10.9,12.9,0.844961240310078,6.3884375,6.05875,1.6703125,6.94125,8.6115625,-3.50655789731998,0.866666666666667,3612500,2073951.30208333,402266.927083333,1671684.375,0.806038393148746,1035006.33680556,112691.498480903,1147697.83528646,0.901810829456888,NA,NA,NA,NA,NA,NA,NA,NA,NA,NA,NA,NA,NA,NA,NA,NA,NA,NA,NA,NA,NA,NA,NA,NA,NA,NA,NA,NA,NA,NA,NA,NA,NA,NA,NA,NA,NA,NA,NA,NA,NA,NA,NA,NA,NA,NA,NA,NA,NA,NA,NA,NA,NA,NA,NA,NA,NA
"FASMEE23","Button","Smoke","S9PI",20250203,"2/12/2025","Lampman","R10B","R10","A",35,13,0,13,NA,"","","F23E",2023-10-10,2023-10-09 18:17:00,2023-10-10 00:17:00,2,"Red","PTFE",4,60,15,2023-10-10 00:17:00,2023-10-10 00:32:00,"","R10",30,0.03,2.1,2.1,0,0,10.9,10.9,1,6.3884375,6.05875,0,6.94125,6.94125,-3.50655789731998,1,3130833.33333333,1671684.375,0,1671684.375,1,1035006.33680556,0,1035006.33680556,1,NA,NA,NA,NA,NA,NA,NA,NA,NA,NA,NA,NA,NA,NA,NA,NA,NA,NA,NA,NA,NA,NA,NA,NA,NA,NA,NA,NA,NA,NA,NA,NA,NA,NA,NA,NA,NA,NA,NA,NA,NA,NA,NA,NA,NA,NA,NA,NA,NA,NA,NA,NA,NA,NA,NA,NA,NA
"FASMEE23","Button","Smoke","S9PI",20250212,"2/24/2025","Lampman","R12B","R12","A",35,13,6,19,1,"13","ph 57","F23F",2023-10-10,2023-10-10 15:09:00,2023-10-10 21:09:00,3,"Red","PTFE",4,60,15,2023-10-10 21:09:00,2023-10-10 21:24:00,"","R12",30,0.03,1.25,1.25,0,6,11.75,17.75,0.661971830985915,5.5384375,5.20875,5.6703125,7.79125,13.4615625,-3.50655789731998,0.684210526315789,4575833.33333333,3241992.96875,1365600.26041667,1876392.70833333,0.578777537897254,1239714.67013889,1076024.83181424,2315739.50195312,0.535342886837357,NA,NA,NA,NA,NA,NA,NA,NA,NA,NA,NA,NA,NA,NA,NA,NA,NA,NA,NA,NA,NA,NA,NA,NA,NA,NA,NA,NA,NA,NA,NA,NA,NA,NA,NA,NA,NA,NA,NA,NA,NA,NA,NA,NA,NA,NA,NA,NA,NA,NA,NA,NA,NA,NA,NA,NA,NA
"FASMEE23","Button","Smoke","S9PI",20250212,"2/24/2025","Lampman","R13B","R13","A",19,13,0,13,NA,"","","F23F",2023-10-11,2023-10-10 18:25:00,2023-10-11 00:25:00,3,"Red","PTFE",4,60,15,2023-10-11 00:25:00,2023-10-11 00:40:00,"Partial smoke at best","R13",30,0.03,1.25,1.25,0,0,11.75,11.75,1,5.5384375,5.20875,0,7.79125,7.79125,-3.50655789731998,1,3130833.33333333,1876392.70833333,0,1876392.70833333,1,1239714.67013889,0,1239714.67013889,1,NA,NA,NA,NA,NA,NA,NA,NA,NA,NA,NA,NA,NA,NA,NA,NA,NA,NA,NA,NA,NA,NA,NA,NA,NA,NA,NA,NA,NA,NA,NA,NA,NA,NA,NA,NA,NA,NA,NA,NA,NA,NA,NA,NA,NA,NA,NA,NA,NA,NA,NA,NA,NA,NA,NA,NA,NA
"FASMEE23","Button","Smoke","S9PI",20250117,"3/3/2025","Lampman","R7B","R7","A",26,13,6,19,NA,"","","F23E",2023-10-09,2023-10-09 12:33:00,2023-10-09 18:33:00,2,"Red","PTFE",4,40,10,2023-10-09 18:33:00,2023-10-09 18:43:00,"Partial smoke towards end of sample","R7",20,0.02,2.1,2.1,0,6,10.9,16.9,0.644970414201184,6.3884375,6.05875,5.6703125,6.94125,12.6115625,-3.91202300542815,0.684210526315789,6863750,4555926.953125,2048400.390625,2507526.5625,0.550387788983324,1870848.52430556,1758824.96202257,3629673.48632812,0.515431630793368,NA,NA,NA,NA,NA,NA,NA,NA,NA,NA,NA,NA,NA,NA,NA,NA,NA,NA,NA,NA,NA,NA,NA,NA,NA,NA,NA,NA,NA,NA,NA,NA,NA,NA,NA,NA,NA,NA,NA,NA,NA,NA,NA,NA,NA,NA,NA,NA,NA,NA,NA,NA,NA,NA,NA,NA,NA
"FASMEE23","Button","Smoke","S9PI",20250127,"3/3/2025","Lampman","B9B","B9","A",1,13,0,13,NA,"","","F23E",2023-10-10,2023-10-10 15:09:00,2023-10-10 21:09:00,3,"Blue","PTFE",4,60,15,2023-10-10 21:09:00,2023-10-10 21:24:00,"","B9",30,0.03,2.1,2.1,0,0,10.9,10.9,1,6.3884375,6.05875,0,6.94125,6.94125,-3.50655789731998,1,3130833.33333333,1671684.375,0,1671684.375,1,1035006.33680556,0,1035006.33680556,1,9,584.100794087505,188.516922417344,3114.5911041344,176.698148148148,130.5,422.625,446.172839506173,237.875,1716.21,10.8074935400517,10.5555555555556,11.6666666666667,10,33.0116279069767,33,31,34,3.84755654322465,3.82515368908763,4.16705056996941,3.64859285797902,11336.5,10298.67,2475.79,88.25,0.125,0,24722.5,24835.125,24836.25,24837.375,5.23918777695593,"Very Unhealthy","Low",61.2042743966305,66.3921308617705,201.814906555965,15.7464380900351,108.784440826061,218.711205508665,12.1776042318889,13.3199766930851,24.5377224480851,0.896793933565282,0.89807374740202,62.9928010192709,125.985602038542,0.125985602038542,0.000125985602038542,1.25985602038542e-07,8215274762023.4,8215274762023.4,8215274762.0234,8215274762.0234,8215.2747620234,8215.2747620234
"FASMEE23","Button","Smoke","S9PI",20250127,"3/3/2025","Lampman","B9B","B9","A",5,13,13,26,NA,"","","F23E",2023-10-10,2023-10-10 15:09:00,2023-10-10 21:09:00,3,"Blue","PTFE",4,60,15,2023-10-10 21:09:00,2023-10-10 21:24:00,"","B9",30,0.03,2.1,2.1,0,13,10.9,23.9,0.456066945606695,6.3884375,6.05875,12.6703125,6.94125,19.6115625,-3.50655789731998,0.5,6261666.66666667,4723117.96875,3051433.59375,1671684.375,0.353936612648788,1035006.33680556,2761858.16514757,3796864.50195312,0.272595015248278,9,584.100794087505,188.516922417344,3114.5911041344,176.698148148148,130.5,422.625,446.172839506173,237.875,1716.21,10.8074935400517,10.5555555555556,11.6666666666667,10,33.0116279069767,33,31,34,3.84755654322465,3.82515368908763,4.16705056996941,3.64859285797902,11336.5,10298.67,2475.79,88.25,0.125,0,24722.5,24835.125,24836.25,24837.375,5.23918777695593,"Very Unhealthy","Low",61.2042743966305,66.3921308617705,201.814906555965,15.7464380900351,108.784440826061,218.711205508665,12.1776042318889,13.3199766930851,24.5377224480851,0.896793933565282,0.89807374740202,62.9928010192709,125.985602038542,0.125985602038542,0.000125985602038542,1.25985602038542e-07,30137289027611.1,8215274762023.4,30137289027.6111,8215274762.0234,30137.2890276111,8215.2747620234
"FASMEE23","Button","Smoke","S9PI",20250127,"3/5/2025","Lampman","R9B","R9","A",30,13,0,13,NA,"","","F23E",2023-10-09,2023-10-09 15:17:00,2023-10-09 21:17:00,2,"Red","PTFE",4,60,15,2023-10-09 21:17:00,2023-10-09 21:32:00,"","R9",30,0.03,2.1,2.1,0,0,10.9,10.9,1,6.3884375,6.05875,0,6.94125,6.94125,-3.50655789731998,1,3130833.33333333,1671684.375,0,1671684.375,1,1035006.33680556,0,1035006.33680556,1,NA,NA,NA,NA,NA,NA,NA,NA,NA,NA,NA,NA,NA,NA,NA,NA,NA,NA,NA,NA,NA,NA,NA,NA,NA,NA,NA,NA,NA,NA,NA,NA,NA,NA,NA,NA,NA,NA,NA,NA,NA,NA,NA,NA,NA,NA,NA,NA,NA,NA,NA,NA,NA,NA,NA,NA,NA
"FASMEE23","Button","Smoke","S9PI",20250127,"3/5/2025","Lampman","R9B","R9","A",32,13,0,13,NA,"","","F23E",2023-10-09,2023-10-09 15:17:00,2023-10-09 21:17:00,2,"Red","PTFE",4,60,15,2023-10-09 21:17:00,2023-10-09 21:32:00,"","R9",30,0.03,2.1,2.1,0,0,10.9,10.9,1,6.3884375,6.05875,0,6.94125,6.94125,-3.50655789731998,1,3130833.33333333,1671684.375,0,1671684.375,1,1035006.33680556,0,1035006.33680556,1,NA,NA,NA,NA,NA,NA,NA,NA,NA,NA,NA,NA,NA,NA,NA,NA,NA,NA,NA,NA,NA,NA,NA,NA,NA,NA,NA,NA,NA,NA,NA,NA,NA,NA,NA,NA,NA,NA,NA,NA,NA,NA,NA,NA,NA,NA,NA,NA,NA,NA,NA,NA,NA,NA,NA,NA,NA
"FASMEE23","Button","Smoke","S9PI",20240505,"3/31/2025","Lampman","R8B","R8B","A",33,13,8,21,NA,"","","F23A",2023-10-09,2023-10-09 14:54:00,2023-10-09 20:54:00,2,"Red","PTFE",4,60,15,2023-10-09 20:54:00,2023-10-09 21:09:00,"Tons of smoke, probably best sample","R8",30,0.03,2.225,2.225,0,8,10.775,18.775,0.573901464713715,6.5134375,6.18375,7.6703125,6.81625,14.4865625,-3.50655789731998,0.619047619047619,5057500,3488847.13541667,1847266.92708333,1641580.20833333,0.470522251224195,1004902.17013889,1557691.4984809,2562593.66861979,0.392142610217299,NA,NA,NA,NA,NA,NA,NA,NA,NA,NA,NA,NA,NA,NA,NA,NA,NA,NA,NA,NA,NA,NA,NA,NA,NA,NA,NA,NA,NA,NA,NA,NA,NA,NA,NA,NA,NA,NA,NA,NA,NA,NA,NA,NA,NA,NA,NA,NA,NA,NA,NA,NA,NA,NA,NA,NA,NA
"FASMEE23","Button","Smoke","S9PI",20250221,"4/11/2025","Lampman","B7B","B7","A",8,13,3,16,NA,"","","F23F",2023-10-10,2023-10-09 18:17:00,2023-10-10 00:17:00,2,"Blue","PTFE",4,60,15,2023-10-10 00:17:00,2023-10-10 00:32:00,"","B7",30,0.03,1.25,1.25,0,3,11.75,14.75,0.796610169491525,5.5384375,5.20875,2.6703125,7.79125,10.4615625,-3.50655789731998,0.8125,3853333.33333333,2519492.96875,643100.260416667,1876392.70833333,0.744750126952833,1239714.67013889,353524.831814236,1593239.50195313,0.778109423359855,7,1625.52013208166,1670.54342003125,4296.5432918125,191.864464285714,243.5,323.75,1134.54755952381,1266.25,2565.125,11.9378306878307,12.2222222222222,12.7777777777778,9.44444444444444,27.4642857142857,27,27,29,3.43830869055206,3.49798559298276,3.81130962441916,2.83267941327911,27600.25,26431.75,16400.9375,2164.5625,366.75,209,70499.125,72762.875,73162.6025,73501.915,7.42090425369562,"Hazardous","High",NA,NA,NA,NA,NA,NA,NA,NA,NA,NA,NA,NA,NA,NA,NA,NA,NA,NA,NA,NA,NA,NA
"FASMEE23","Button","Smoke","S9PI",20250221,"3/10/2025","Lampman","B8B","B8","A",20,13,0,13,NA,"","","F23F",2023-10-10,2023-10-09 18:45:00,2023-10-10 00:45:00,2,"Blue","PTFE",4,60,15,2023-10-10 00:45:00,2023-10-10 01:00:00,"","B8",30,0.03,1.25,1.25,0,0,11.75,11.75,1,5.5384375,5.20875,0,7.79125,7.79125,-3.50655789731998,1,3130833.33333333,1876392.70833333,0,1876392.70833333,1,1239714.67013889,0,1239714.67013889,1,8,1205.06665382693,1303.733104,3018.616525,226.646470588235,286,417.125,876.608941176471,1025.165,1821,12.078431372549,11.6666666666667,13.8888888888889,10.5555555555556,27.6117647058824,28,26,30,3.48006033349395,3.49058669865849,3.8025217445426,3.05727862595733,26588.54,25222.5,13803,1123.75,154.17,81.33,66054.875,67628,67854.375,68080.75,7.17298704669122,"Hazardous","High",NA,NA,NA,NA,NA,NA,NA,NA,NA,NA,NA,NA,NA,NA,NA,NA,NA,NA,NA,NA,NA,NA
"FASMEE23","Button","Smoke","S9PI",20240912,"11/12/2024","Lampman","B10B","B10","A",32,14,4,18,1,"11","Photo23","F23B",2023-10-11,2023-10-10 18:25:00,2023-10-11 00:25:00,3,"Blue","PTFE",4,60,15,2023-10-11 00:25:00,2023-10-11 00:40:00,"Partial smoke at best","B10",30,0.03,1.675,1.5,0.175,3.825,12.5,16.325,0.765696784073507,5.9634375,5.45875,3.4953125,8.54125,12.0365625,-3.50655789731998,0.777777777777778,4335000,2898805.46875,841787.760416667,2057017.70833333,0.709608744190877,1420339.67013889,552212.331814236,1972552.00195313,0.720051825621093,10,296.817832329909,284.73479828125,913.5914568125,162.399186046512,183.125,370.5,298.041569767442,316.625,762.75,10.0638569604087,10,10.5555555555556,7.77777777777778,31.3333333333333,31,31,32,3.46114545081116,3.49829032819435,3.65288745104373,2.95692571743565,15821,13422.125,3222.3325,205,3.335,0,32372.0625,32590.23,32594.855,32599.48,5.65155821470817,"Hazardous","Low",9.16936754497504,7.15880794304564,30.8100107581134,1.51685239597926,16.3873253245179,22.7938558681921,1.49529188355726,1.26651866080882,4.28245836580882,0.903533173719327,0.926980348124455,9.26602549754036,18.5320509950807,0.0185320509950807,1.85320509950807e-05,1.85320509950807e-08,106440026658503,76642335514612.7,106440026658.503,76642335514.6127,106440.026658503,76642.3355146127
"FASMEE23","Button","Smoke","S9PI",20240912,"11/12/2024","Lampman","B10B","B10","A",34,14,2,16,2,"6,7","Photo25,26","F23B",2023-10-11,2023-10-10 18:25:00,2023-10-11 00:25:00,3,"Blue","PTFE",4,60,15,2023-10-11 00:25:00,2023-10-11 00:40:00,"Partial smoke at best","B10",30,0.03,1.675,1.5,0.175,1.825,12.5,14.325,0.87260034904014,5.9634375,5.45875,1.4953125,8.54125,10.0365625,-3.50655789731998,0.875,3853333.33333333,2417138.80208333,360121.09375,2057017.70833333,0.851013481956596,1420339.67013889,70545.6651475694,1490885.33528646,0.952682031623837,10,296.817832329909,284.73479828125,913.5914568125,162.399186046512,183.125,370.5,298.041569767442,316.625,762.75,10.0638569604087,10,10.5555555555556,7.77777777777778,31.3333333333333,31,31,32,3.46114545081116,3.49829032819435,3.65288745104373,2.95692571743565,15821,13422.125,3222.3325,205,3.335,0,32372.0625,32590.23,32594.855,32599.48,5.65155821470817,"Hazardous","Low",9.16936754497504,7.15880794304564,30.8100107581134,1.51685239597926,16.3873253245179,22.7938558681921,1.49529188355726,1.26651866080882,4.28245836580882,0.903533173719327,0.926980348124455,9.26602549754036,18.5320509950807,0.0185320509950807,1.85320509950807e-05,1.85320509950807e-08,80449019683909.2,76642335514612.7,80449019683.9092,76642335514.6127,80449.0196839093,76642.3355146127
"FASMEE23","Button","Smoke","S9PI",20240912,"11/12/2024","Lampman","B12B","B12","A",20,14,4,18,1,"11","Photo39","F23B",2023-10-11,2023-10-10 19:29:00,2023-10-11 01:29:00,3,"Blue","PTFE",4,60,15,2023-10-11 01:29:00,2023-10-11 01:44:00,"Partial smoke at best","B12",30,0.03,1.675,1.5,0.175,3.825,12.5,16.325,0.765696784073507,5.9634375,5.45875,3.4953125,8.54125,12.0365625,-3.50655789731998,0.777777777777778,4335000,2898805.46875,841787.760416667,2057017.70833333,0.709608744190877,1420339.67013889,552212.331814236,1972552.00195313,0.720051825621093,12,97.2710784691779,70.63031,343.96187725,71.5695081967213,55.375,217.25,119.030737704918,94.21,369.875,9.51730418943534,9.44444444444444,10.5555555555556,8.88888888888889,30.2622950819672,30,30,32,3.22274350561617,3.20067977403102,3.59115262850359,3.05362161156916,5352.375,4262.04,915.835,8.29,0,0,10439.125,10456.375,10456.375,10456.375,4.257459372481,"Moderate/Unhealthy","Low",12.4836759454948,13.1564633792446,42.6384496071778,2.83267731716567,22.6222156083308,43.3128495814939,1.66076798489259,2.36439821080882,3.08124897580882,0.948198027037845,0.934616975798477,12.580490102955,25.1609802059101,0.02516098020591,2.516098020591e-05,2.516098020591e-08,78397263771536,56450092902392.8,78397263771.536,56450092902.3928,78397.263771536,56450.0929023928
"FASMEE23","Button","Smoke","S9PI",20240505,"11/15/2024","Lampman","B5B","B5","A",33,14,5,19,1,"10","23","F23A",2023-10-09,2023-10-09 14:54:00,2023-10-09 20:54:00,2,"Blue","PTFE",4,60,15,2023-10-09 20:54:00,2023-10-09 21:09:00,"Tons of smoke, probably best sample","B5",30,0.03,2.225,2.225,0,5,11.775,16.775,0.70193740685544,6.5134375,6.18375,4.6703125,7.81625,12.4865625,-3.50655789731998,0.736842105263158,4575833.33333333,3007180.46875,1124766.92708333,1882413.54166667,0.625972920889957,1245735.50347222,835191.498480903,2080927.00195312,0.59864449944808,5,3103.14515205286,2932.4884253125,7815.8196078125,194.019761904762,217.1475,367.875,1917.98297619048,1852.75,4665.25,15.1785714285714,15.5555555555556,17.2222222222222,11.6666666666667,22.452380952381,22,21,26,3.5190117864711,3.52343484519426,4.17015860168985,2.80102987605014,33028.605,32110.7275,23311.6875,3647.1875,680.895,359.75,87614.52,93144.745,94353.6625,95216.85,7.98360663348233,"Hazardous","High",322.174432012725,291.175399446569,1054.07936790501,105.517683963091,582.755660846674,886.417688767653,70.6668673551349,92.0002656892252,119.499623739225,0.848064293202289,0.865044227490499,331.606761535804,663.213523071608,0.663213523071608,0.000663213523071608,6.63213523071608e-07,3137642598594.06,1878332482882.32,3137642598.59406,1878332482.88232,3137.64259859406,1878.33248288232
"FASMEE23","Button","Ambient","S9PI",20241217,"12/19/2024","Lampman","B3B","B3","A",33,14,0,14,NA,"","","F23D",2023-10-09,2023-10-09 12:17:00,2023-10-09 18:17:00,2,"Blue","PTFE",4,40,10,2023-10-09 18:17:00,2023-10-09 18:27:00,"","B3",20,0.02,1.2125,1.1125,0.1,0,12.8875,12.8875,1,5.5009375,5.07125,0,8.92875,8.92875,-3.91202300542815,1,5057500,3225510.9375,0,3225510.9375,1,NA,NA,NA,NA,3,3.73360545454545,3.7674,4.8602,0.0431818181818182,0,2.25,0.0431818181818182,0,2.25,14.1910331384016,13.8888888888889,16.1111111111111,11.6666666666667,23.6842105263158,23,21,26,3.35815549149463,3.54856909262987,4.02892321604069,2.75476213820575,46.75,16.5,0,0,0,0,72,72,72,72,1.32638510836598,"Good","None",NA,NA,NA,NA,NA,NA,NA,NA,NA,NA,NA,NA,NA,NA,NA,NA,NA,NA,NA,NA,NA,NA
"FASMEE23","Button","Ambient","S9PI",20241223,"12/23/2024","Lampman","R4B","R4","A",6,14,0,14,NA,"","","F23D",2023-10-08,2023-10-08 14:28:00,2023-10-08 20:28:00,1,"Red","PTFE",4,40,10,2023-10-08 20:28:00,2023-10-08 20:38:00,"","R4",20,0.02,1.2125,1.1125,0.1,0,12.8875,12.8875,1,5.5009375,5.07125,0,8.92875,8.92875,-3.91202300542815,1,5057500,3225510.9375,0,3225510.9375,1,NA,NA,NA,NA,NA,NA,NA,NA,NA,NA,NA,NA,NA,NA,NA,NA,NA,NA,NA,NA,NA,NA,NA,NA,NA,NA,NA,NA,NA,NA,NA,NA,NA,NA,NA,NA,NA,NA,NA,NA,NA,NA,NA,NA,NA,NA,NA,NA,NA,NA,NA,NA,NA,NA,NA,NA,NA,NA,NA,NA,NA
"FASMEE23","Button","Ambient","S9PI",20241223,"12/23/2024","Lampman","R4B","R4","A",40,14,0,14,1,"14","PHOTO 31","F23D",2023-10-08,2023-10-08 14:28:00,2023-10-08 20:28:00,1,"Red","PTFE",4,40,10,2023-10-08 20:28:00,2023-10-08 20:38:00,"","R4",20,0.02,1.2125,1.1125,0.1,0,12.8875,12.8875,1,5.5009375,5.07125,0,8.92875,8.92875,-3.91202300542815,1,5057500,3225510.9375,0,3225510.9375,1,NA,NA,NA,NA,NA,NA,NA,NA,NA,NA,NA,NA,NA,NA,NA,NA,NA,NA,NA,NA,NA,NA,NA,NA,NA,NA,NA,NA,NA,NA,NA,NA,NA,NA,NA,NA,NA,NA,NA,NA,NA,NA,NA,NA,NA,NA,NA,NA,NA,NA,NA,NA,NA,NA,NA,NA,NA,NA,NA,NA,NA
"FASMEE23","Button","Smoke","S9PI",20250115,"1/31/2025","Lampman","B6B","B6","A",21,14,8,22,1,"9","","F23E",2023-10-09,2023-10-09 15:17:00,2023-10-09 21:17:00,2,"Blue","PTFE",4,60,15,2023-10-09 21:17:00,2023-10-09 21:32:00,"","B6",30,0.03,2.1,2.1,0,8,11.9,19.9,0.597989949748744,6.3884375,6.05875,7.6703125,7.94125,15.6115625,-3.50655789731998,0.636363636363636,5298333.33333333,3759784.63541667,1847266.92708333,1912517.70833333,0.508677462617851,1275839.67013889,1557691.4984809,2833531.16861979,0.450264914770762,6,2552.17293182856,2955.6625303125,6517.6734277669,154.507209302326,194.25,313.25,1664.15703488372,1963.75,3738.33,13.8242894056848,13.8888888888889,15.5555555555556,11.1111111111111,23.2209302325581,23,22,26,3.31172741096193,3.36444793603563,3.99314168636426,2.60160702948977,31377.8325,30549.3325,22195.395,4200.125,822.5,468.5,83635.29,87917.25,88776.25,89658.9375,7.9914781112452,"Hazardous","High",431.473416388428,332.035187727671,1516.66468062123,39.6013389194573,823.729565151522,1165.0074584524,35.5148560084716,33.6919988392252,74.8868796292252,0.956378385565098,0.96119482754625,436.857954671367,873.715909342734,0.873715909342734,0.000873715909342734,8.73715909342734e-07,3243080660796.66,1460245437328.32,3243080660.79666,1460245437.32832,3243.08066079666,1460.24543732832
"FASMEE23","Button","Smoke","S9PI",20250115,"1/31/2025","Lampman","B6B","B6","A",40,14,0,14,NA,"","","F23E",2023-10-09,2023-10-09 15:17:00,2023-10-09 21:17:00,2,"Blue","PTFE",4,60,15,2023-10-09 21:17:00,2023-10-09 21:32:00,"","B6",30,0.03,2.1,2.1,0,0,11.9,11.9,1,6.3884375,6.05875,0,7.94125,7.94125,-3.50655789731998,1,3371666.66666667,1912517.70833333,0,1912517.70833333,1,1275839.67013889,0,1275839.67013889,1,6,2552.17293182856,2955.6625303125,6517.6734277669,154.507209302326,194.25,313.25,1664.15703488372,1963.75,3738.33,13.8242894056848,13.8888888888889,15.5555555555556,11.1111111111111,23.2209302325581,23,22,26,3.31172741096193,3.36444793603563,3.99314168636426,2.60160702948977,31377.8325,30549.3325,22195.395,4200.125,822.5,468.5,83635.29,87917.25,88776.25,89658.9375,7.9914781112452,"Hazardous","High",431.473416388428,332.035187727671,1516.66468062123,39.6013389194573,823.729565151522,1165.0074584524,35.5148560084716,33.6919988392252,74.8868796292252,0.956378385565098,0.96119482754625,436.857954671367,873.715909342734,0.873715909342734,0.000873715909342734,8.73715909342734e-07,1460245437328.32,1460245437328.32,1460245437.32832,1460245437.32832,1460.24543732832,1460.24543732832
"FASMEE23","Button","Ambient","S9PI",20241223,"1/13/2025","Lampman","R5B","R5","A",13,14,0,14,NA,"","","F23D",2023-10-08,2023-10-08 15:41:00,2023-10-08 21:41:00,1,"Red","PTFE",4,40,10,2023-10-08 21:41:00,2023-10-08 21:51:00,"","R5",20,0.02,1.2125,1.1125,0.1,0,12.8875,12.8875,1,5.5009375,5.07125,0,8.92875,8.92875,-3.91202300542815,1,5057500,3225510.9375,0,3225510.9375,1,NA,NA,NA,NA,NA,NA,NA,NA,NA,NA,NA,NA,NA,NA,NA,NA,NA,NA,NA,NA,NA,NA,NA,NA,NA,NA,NA,NA,NA,NA,NA,NA,NA,NA,NA,NA,NA,NA,NA,NA,NA,NA,NA,NA,NA,NA,NA,NA,NA,NA,NA,NA,NA,NA,NA,NA,NA,NA,NA,NA,NA
"FASMEE23","Button","Smoke","S9PI",20250203,"2/12/2025","Lampman","R10B","R10","A",23,14,0,14,NA,"","","F23E",2023-10-10,2023-10-09 18:17:00,2023-10-10 00:17:00,2,"Red","PTFE",4,60,15,2023-10-10 00:17:00,2023-10-10 00:32:00,"","R10",30,0.03,2.1,2.1,0,0,11.9,11.9,1,6.3884375,6.05875,0,7.94125,7.94125,-3.50655789731998,1,3371666.66666667,1912517.70833333,0,1912517.70833333,1,1275839.67013889,0,1275839.67013889,1,NA,NA,NA,NA,NA,NA,NA,NA,NA,NA,NA,NA,NA,NA,NA,NA,NA,NA,NA,NA,NA,NA,NA,NA,NA,NA,NA,NA,NA,NA,NA,NA,NA,NA,NA,NA,NA,NA,NA,NA,NA,NA,NA,NA,NA,NA,NA,NA,NA,NA,NA,NA,NA,NA,NA,NA,NA
"FASMEE23","Button","Smoke","S9PI",20250212,"2/24/2025","Lampman","R13B","R13","A",14,14,0,14,NA,"","","F23F",2023-10-11,2023-10-10 18:25:00,2023-10-11 00:25:00,3,"Red","PTFE",4,60,15,2023-10-11 00:25:00,2023-10-11 00:40:00,"Partial smoke at best","R13",30,0.03,1.25,1.25,0,0,12.75,12.75,1,5.5384375,5.20875,0,8.79125,8.79125,-3.50655789731998,1,3371666.66666667,2117226.04166667,0,2117226.04166667,1,1480548.00347222,0,1480548.00347222,1,NA,NA,NA,NA,NA,NA,NA,NA,NA,NA,NA,NA,NA,NA,NA,NA,NA,NA,NA,NA,NA,NA,NA,NA,NA,NA,NA,NA,NA,NA,NA,NA,NA,NA,NA,NA,NA,NA,NA,NA,NA,NA,NA,NA,NA,NA,NA,NA,NA,NA,NA,NA,NA,NA,NA,NA,NA
"FASMEE23","Button","Smoke","S9PI",20250127,"3/5/2025","Lampman","R9B","R9","A",33,14,2,16,NA,"","","F23E",2023-10-09,2023-10-09 15:17:00,2023-10-09 21:17:00,2,"Red","PTFE",4,60,15,2023-10-09 21:17:00,2023-10-09 21:32:00,"","R9",30,0.03,2.1,2.1,0,2,11.9,13.9,0.856115107913669,6.3884375,6.05875,1.6703125,7.94125,9.6115625,-3.50655789731998,0.875,3853333.33333333,2314784.63541667,402266.927083333,1912517.70833333,0.826218421822675,1275839.67013889,112691.498480903,1388531.16861979,0.918841217951975,NA,NA,NA,NA,NA,NA,NA,NA,NA,NA,NA,NA,NA,NA,NA,NA,NA,NA,NA,NA,NA,NA,NA,NA,NA,NA,NA,NA,NA,NA,NA,NA,NA,NA,NA,NA,NA,NA,NA,NA,NA,NA,NA,NA,NA,NA,NA,NA,NA,NA,NA,NA,NA,NA,NA,NA,NA
"FASMEE23","Button","Smoke","S9PI",20240505,"3/31/2025","Lampman","R8B","R8B","A",26,14,3,17,NA,"","","F23A",2023-10-09,2023-10-09 14:54:00,2023-10-09 20:54:00,2,"Red","PTFE",4,60,15,2023-10-09 20:54:00,2023-10-09 21:09:00,"Tons of smoke, probably best sample","R8",30,0.03,2.225,2.225,0,3,11.775,14.775,0.796954314720812,6.5134375,6.18375,2.6703125,7.81625,10.4865625,-3.50655789731998,0.823529411764706,4094166.66666667,2525513.80208333,643100.260416667,1882413.54166667,0.745358643502101,1245735.50347222,353524.831814236,1599260.33528646,0.778944788403751,NA,NA,NA,NA,NA,NA,NA,NA,NA,NA,NA,NA,NA,NA,NA,NA,NA,NA,NA,NA,NA,NA,NA,NA,NA,NA,NA,NA,NA,NA,NA,NA,NA,NA,NA,NA,NA,NA,NA,NA,NA,NA,NA,NA,NA,NA,NA,NA,NA,NA,NA,NA,NA,NA,NA,NA,NA
"FASMEE23","Button","Smoke","S9PI",20240505,"3/31/2025","Lampman","R8B","R8B","A",32,14,0,14,NA,"","","F23A",2023-10-09,2023-10-09 14:54:00,2023-10-09 20:54:00,2,"Red","PTFE",4,60,15,2023-10-09 20:54:00,2023-10-09 21:09:00,"Tons of smoke, probably best sample","R8",30,0.03,2.225,2.225,0,0,11.775,11.775,1,6.5134375,6.18375,0,7.81625,7.81625,-3.50655789731998,1,3371666.66666667,1882413.54166667,0,1882413.54166667,1,1245735.50347222,0,1245735.50347222,1,NA,NA,NA,NA,NA,NA,NA,NA,NA,NA,NA,NA,NA,NA,NA,NA,NA,NA,NA,NA,NA,NA,NA,NA,NA,NA,NA,NA,NA,NA,NA,NA,NA,NA,NA,NA,NA,NA,NA,NA,NA,NA,NA,NA,NA,NA,NA,NA,NA,NA,NA,NA,NA,NA,NA,NA,NA
"FASMEE23","Button","Smoke","S9PI",20240912,"11/12/2024","Lampman","B10B","B10","A",4,15,30,45,1,"25","Photo15","F23B",2023-10-11,2023-10-10 18:25:00,2023-10-11 00:25:00,3,"Blue","PTFE",4,60,15,2023-10-11 00:25:00,2023-10-11 00:40:00,"Partial smoke at best","B10",30,0.03,1.675,1.5,0.175,29.825,13.5,43.325,0.311598384304674,5.9634375,5.45875,29.4953125,9.54125,39.0365625,-3.50655789731998,0.333333333333333,10837500,9401305.46875,7103454.42708333,2297851.04166667,0.244418293747048,1661173.00347222,6813878.9984809,8475052.00195312,0.196007411292508,10,296.817832329909,284.73479828125,913.5914568125,162.399186046512,183.125,370.5,298.041569767442,316.625,762.75,10.0638569604087,10,10.5555555555556,7.77777777777778,31.3333333333333,31,31,32,3.46114545081116,3.49829032819435,3.65288745104373,2.95692571743565,15821,13422.125,3222.3325,205,3.335,0,32372.0625,32590.23,32594.855,32599.48,5.65155821470817,"Hazardous","Low",9.16936754497504,7.15880794304564,30.8100107581134,1.51685239597926,16.3873253245179,22.7938558681921,1.49529188355726,1.26651866080882,4.28245836580882,0.903533173719327,0.926980348124455,9.26602549754036,18.5320509950807,0.0185320509950807,1.85320509950807e-05,1.85320509950807e-08,457318620815516,89637839001909.5,457318620815.516,89637839001.9095,457318.620815516,89637.8390019095
"FASMEE23","Button","Smoke","S9PI",20240912,"11/12/2024","Lampman","B10B","B10","A",17,15,1,16,0,"","","F23B",2023-10-11,2023-10-10 18:25:00,2023-10-11 00:25:00,3,"Blue","PTFE",4,60,15,2023-10-11 00:25:00,2023-10-11 00:40:00,"Partial smoke at best","B10",30,0.03,1.675,1.5,0.175,0.825,13.5,14.325,0.942408376963351,5.9634375,5.45875,0.4953125,9.54125,10.0365625,-3.50655789731998,0.9375,3853333.33333333,2417138.80208333,119287.760416667,2297851.04166667,0.950649188903073,1661173.00347222,0,1661173.00347222,1,10,296.817832329909,284.73479828125,913.5914568125,162.399186046512,183.125,370.5,298.041569767442,316.625,762.75,10.0638569604087,10,10.5555555555556,7.77777777777778,31.3333333333333,31,31,32,3.46114545081116,3.49829032819435,3.65288745104373,2.95692571743565,15821,13422.125,3222.3325,205,3.335,0,32372.0625,32590.23,32594.855,32599.48,5.65155821470817,"Hazardous","Low",9.16936754497504,7.15880794304564,30.8100107581134,1.51685239597926,16.3873253245179,22.7938558681921,1.49529188355726,1.26651866080882,4.28245836580882,0.903533173719327,0.926980348124455,9.26602549754036,18.5320509950807,0.0185320509950807,1.85320509950807e-05,1.85320509950807e-08,89637839001909.5,89637839001909.5,89637839001.9095,89637839001.9095,89637.8390019095,89637.8390019095
"FASMEE23","Button","Smoke","S9PI",20240926,"11/14/2024","Lampman","B11B","B11","A",32,15,6,21,1,"9","photo003","F23B",2023-10-11,2023-10-10 18:53:00,2023-10-11 00:53:00,3,"Blue","PTFE",4,52.28,13.07,2023-10-11 00:53:00,2023-10-11 01:06:04,"Arms loose on ATAT-RTH with time remaining on leland (1:56min)","B11",26.14,0.02614,1.675,1.5,0.175,5.825,13.5,19.325,0.698576972833118,5.9634375,5.45875,5.4953125,9.54125,15.0365625,-3.64428857078606,0.714285714285714,5804322.87681714,4156050.65273527,1518884.19328615,2637166.45944912,0.634536650248353,2000488.42125468,1229308.76468372,3229797.1859384,0.619385152096925,11,126.519445912158,109.433425,372.7538288125,95.9646621621622,85.5425,240.415,159.535135135135,142.02,385.5,9.42192192192192,9.44444444444444,10,7.22222222222222,30.3108108108108,30,30,31,3.19763860610841,3.20003153837661,3.34652644641426,2.69939809952541,7999.75,6403.1875,1424.23,38.7925,0,0,15778.3125,15811,15812.25,15813.5,4.69531637348758,"Moderate/Unhealthy","Low",5.03917002239612,3.45635072732919,16.9430562803866,0.334627603826129,8.98035194956724,9.22013137699785,0.812405426978007,0.278427065808824,2.83584060580882,0.912070919480452,0.931800219280138,5.14133045415266,10.2826609083053,0.0102826609083053,1.02826609083053e-05,1.02826609083053e-08,314101302643334,194549683111584,314101302643.334,194549683111.584,314101.302643334,194549.683111584
"FASMEE23","Button","Smoke","S9PI",20240505,"11/15/2024","Lampman","B5B","B5","A",14,15,0,15,0,"","","F23A",2023-10-09,2023-10-09 14:54:00,2023-10-09 20:54:00,2,"Blue","PTFE",4,60,15,2023-10-09 20:54:00,2023-10-09 21:09:00,"Tons of smoke, probably best sample","B5",30,0.03,2.225,2.225,0,0,12.775,12.775,1,6.5134375,6.18375,0,8.81625,8.81625,-3.50655789731998,1,3612500,2123246.875,0,2123246.875,1,1486568.83680556,0,1486568.83680556,1,5,3103.14515205286,2932.4884253125,7815.8196078125,194.019761904762,217.1475,367.875,1917.98297619048,1852.75,4665.25,15.1785714285714,15.5555555555556,17.2222222222222,11.6666666666667,22.452380952381,22,21,26,3.5190117864711,3.52343484519426,4.17015860168985,2.80102987605014,33028.605,32110.7275,23311.6875,3647.1875,680.895,359.75,87614.52,93144.745,94353.6625,95216.85,7.98360663348233,"Hazardous","High",322.174432012725,291.175399446569,1054.07936790501,105.517683963091,582.755660846674,886.417688767653,70.6668673551349,92.0002656892252,119.499623739225,0.848064293202289,0.865044227490499,331.606761535804,663.213523071608,0.663213523071608,0.000663213523071608,6.63213523071608e-07,2241463397671.17,2241463397671.17,2241463397.67117,2241463397.67117,2241.46339767117,2241.46339767117
"FASMEE23","Button","Smoke","S9PI",20240505,"11/15/2024","Lampman","B5B","B5","A",28,15,11,26,1,"10","22","F23A",2023-10-09,2023-10-09 14:54:00,2023-10-09 20:54:00,2,"Blue","PTFE",4,60,15,2023-10-09 20:54:00,2023-10-09 21:09:00,"Tons of smoke, probably best sample","B5",30,0.03,2.225,2.225,0,11,12.775,23.775,0.53732912723449,6.5134375,6.18375,10.6703125,8.81625,19.4865625,-3.50655789731998,0.576923076923077,6261666.66666667,4693013.80208333,2569766.92708333,2123246.875,0.452427153326812,1486568.83680556,2280191.4984809,3766760.33528646,0.394654478778381,5,3103.14515205286,2932.4884253125,7815.8196078125,194.019761904762,217.1475,367.875,1917.98297619048,1852.75,4665.25,15.1785714285714,15.5555555555556,17.2222222222222,11.6666666666667,22.452380952381,22,21,26,3.5190117864711,3.52343484519426,4.17015860168985,2.80102987605014,33028.605,32110.7275,23311.6875,3647.1875,680.895,359.75,87614.52,93144.745,94353.6625,95216.85,7.98360663348233,"Hazardous","High",322.174432012725,291.175399446569,1054.07936790501,105.517683963091,582.755660846674,886.417688767653,70.6668673551349,92.0002656892252,119.499623739225,0.848064293202289,0.865044227490499,331.606761535804,663.213523071608,0.663213523071608,0.000663213523071608,6.63213523071608e-07,5679559002116.06,2241463397671.17,5679559002.11606,2241463397.67117,5679.55900211606,2241.46339767117
"FASMEE23","Button","Smoke","S9PI",20250115,"1/31/2025","Lampman","B6B","B6","A",14,15,0,15,NA,"","","F23E",2023-10-09,2023-10-09 15:17:00,2023-10-09 21:17:00,2,"Blue","PTFE",4,60,15,2023-10-09 21:17:00,2023-10-09 21:32:00,"","B6",30,0.03,2.1,2.1,0,0,12.9,12.9,1,6.3884375,6.05875,0,8.94125,8.94125,-3.50655789731998,1,3612500,2153351.04166667,0,2153351.04166667,1,1516673.00347222,0,1516673.00347222,1,6,2552.17293182856,2955.6625303125,6517.6734277669,154.507209302326,194.25,313.25,1664.15703488372,1963.75,3738.33,13.8242894056848,13.8888888888889,15.5555555555556,11.1111111111111,23.2209302325581,23,22,26,3.31172741096193,3.36444793603563,3.99314168636426,2.60160702948977,31377.8325,30549.3325,22195.395,4200.125,822.5,468.5,83635.29,87917.25,88776.25,89658.9375,7.9914781112452,"Hazardous","High",431.473416388428,332.035187727671,1516.66468062123,39.6013389194573,823.729565151522,1165.0074584524,35.5148560084716,33.6919988392252,74.8868796292252,0.956378385565098,0.96119482754625,436.857954671367,873.715909342734,0.873715909342734,0.000873715909342734,8.73715909342734e-07,1735888046966.16,1735888046966.16,1735888046.96616,1735888046.96616,1735.88804696616,1735.88804696616
"FASMEE23","Button","Smoke","S9PI",20250115,"1/31/2025","Lampman","B6B","B6","A",27,15,0,15,NA,"","","F23E",2023-10-09,2023-10-09 15:17:00,2023-10-09 21:17:00,2,"Blue","PTFE",4,60,15,2023-10-09 21:17:00,2023-10-09 21:32:00,"","B6",30,0.03,2.1,2.1,0,0,12.9,12.9,1,6.3884375,6.05875,0,8.94125,8.94125,-3.50655789731998,1,3612500,2153351.04166667,0,2153351.04166667,1,1516673.00347222,0,1516673.00347222,1,6,2552.17293182856,2955.6625303125,6517.6734277669,154.507209302326,194.25,313.25,1664.15703488372,1963.75,3738.33,13.8242894056848,13.8888888888889,15.5555555555556,11.1111111111111,23.2209302325581,23,22,26,3.31172741096193,3.36444793603563,3.99314168636426,2.60160702948977,31377.8325,30549.3325,22195.395,4200.125,822.5,468.5,83635.29,87917.25,88776.25,89658.9375,7.9914781112452,"Hazardous","High",431.473416388428,332.035187727671,1516.66468062123,39.6013389194573,823.729565151522,1165.0074584524,35.5148560084716,33.6919988392252,74.8868796292252,0.956378385565098,0.96119482754625,436.857954671367,873.715909342734,0.873715909342734,0.000873715909342734,8.73715909342734e-07,1735888046966.16,1735888046966.16,1735888046.96616,1735888046.96616,1735.88804696616,1735.88804696616
"FASMEE23","Button","Ambient","S9PI",20250115,"1/31/2025","Lampman","R6B","R6","A",6,15,5,20,NA,"","","F23E",2023-10-09,2023-10-09 12:11:00,2023-10-09 18:11:00,2,"Red","PTFE",4,40,10,2023-10-09 18:11:00,2023-10-09 18:21:00,"","R6",20,0.02,2.1,2.1,0,5,12.9,17.9,0.720670391061453,6.3884375,6.05875,4.6703125,8.94125,13.6115625,-3.91202300542815,0.75,7225000,4917176.953125,1687150.390625,3230026.5625,0.656886378768051,NA,NA,NA,NA,NA,NA,NA,NA,NA,NA,NA,NA,NA,NA,NA,NA,NA,NA,NA,NA,NA,NA,NA,NA,NA,NA,NA,NA,NA,NA,NA,NA,NA,NA,NA,NA,NA,NA,NA,NA,NA,NA,NA,NA,NA,NA,NA,NA,NA,NA,NA,NA,NA,NA,NA,NA,NA,NA,NA,NA,NA
"FASMEE23","Button","Smoke","S9PI",20250203,"2/12/2025","Lampman","R10B","R10","A",28,15,0,15,NA,"","","F23E",2023-10-10,2023-10-09 18:17:00,2023-10-10 00:17:00,2,"Red","PTFE",4,60,15,2023-10-10 00:17:00,2023-10-10 00:32:00,"","R10",30,0.03,2.1,2.1,0,0,12.9,12.9,1,6.3884375,6.05875,0,8.94125,8.94125,-3.50655789731998,1,3612500,2153351.04166667,0,2153351.04166667,1,1516673.00347222,0,1516673.00347222,1,NA,NA,NA,NA,NA,NA,NA,NA,NA,NA,NA,NA,NA,NA,NA,NA,NA,NA,NA,NA,NA,NA,NA,NA,NA,NA,NA,NA,NA,NA,NA,NA,NA,NA,NA,NA,NA,NA,NA,NA,NA,NA,NA,NA,NA,NA,NA,NA,NA,NA,NA,NA,NA,NA,NA,NA,NA
"FASMEE23","Button","Smoke","S9PI",20250203,"2/12/2025","Lampman","R10B","R10","A",31,15,20,35,NA,"","","F23E",2023-10-10,2023-10-09 18:17:00,2023-10-10 00:17:00,2,"Red","PTFE",4,60,15,2023-10-10 00:17:00,2023-10-10 00:32:00,"","R10",30,0.03,2.1,2.1,0,20,12.9,32.9,0.39209726443769,6.3884375,6.05875,19.6703125,8.94125,28.6115625,-3.50655789731998,0.428571428571429,8429166.66666667,6890617.96875,4737266.92708333,2153351.04166667,0.312504778444029,1516673.00347222,4447691.4984809,5964364.50195312,0.25428912048812,NA,NA,NA,NA,NA,NA,NA,NA,NA,NA,NA,NA,NA,NA,NA,NA,NA,NA,NA,NA,NA,NA,NA,NA,NA,NA,NA,NA,NA,NA,NA,NA,NA,NA,NA,NA,NA,NA,NA,NA,NA,NA,NA,NA,NA,NA,NA,NA,NA,NA,NA,NA,NA,NA,NA,NA,NA
"FASMEE23","Button","Smoke","S9PI",20250203,"2/12/2025","Lampman","R10B","R10","A",38,15,5,20,NA,"","","F23E",2023-10-10,2023-10-09 18:17:00,2023-10-10 00:17:00,2,"Red","PTFE",4,60,15,2023-10-10 00:17:00,2023-10-10 00:32:00,"","R10",30,0.03,2.1,2.1,0,5,12.9,17.9,0.720670391061453,6.3884375,6.05875,4.6703125,8.94125,13.6115625,-3.50655789731998,0.75,4816666.66666667,3278117.96875,1124766.92708333,2153351.04166667,0.656886378768051,1516673.00347222,835191.498480903,2351864.50195312,0.644881115477821,NA,NA,NA,NA,NA,NA,NA,NA,NA,NA,NA,NA,NA,NA,NA,NA,NA,NA,NA,NA,NA,NA,NA,NA,NA,NA,NA,NA,NA,NA,NA,NA,NA,NA,NA,NA,NA,NA,NA,NA,NA,NA,NA,NA,NA,NA,NA,NA,NA,NA,NA,NA,NA,NA,NA,NA,NA
"FASMEE23","Button","Smoke","S9PI",20250212,"2/24/2025","Lampman","R12B","R12","A",22,15,0,15,NA,"","","F23F",2023-10-10,2023-10-10 15:09:00,2023-10-10 21:09:00,3,"Red","PTFE",4,60,15,2023-10-10 21:09:00,2023-10-10 21:24:00,"","R12",30,0.03,1.25,1.25,0,0,13.75,13.75,1,5.5384375,5.20875,0,9.79125,9.79125,-3.50655789731998,1,3612500,2358059.375,0,2358059.375,1,1721381.33680556,0,1721381.33680556,1,NA,NA,NA,NA,NA,NA,NA,NA,NA,NA,NA,NA,NA,NA,NA,NA,NA,NA,NA,NA,NA,NA,NA,NA,NA,NA,NA,NA,NA,NA,NA,NA,NA,NA,NA,NA,NA,NA,NA,NA,NA,NA,NA,NA,NA,NA,NA,NA,NA,NA,NA,NA,NA,NA,NA,NA,NA
"FASMEE23","Button","Smoke","S9PI",20250212,"2/24/2025","Lampman","R12B","R12","A",37,15,0,15,NA,"","","F23F",2023-10-10,2023-10-10 15:09:00,2023-10-10 21:09:00,3,"Red","PTFE",4,60,15,2023-10-10 21:09:00,2023-10-10 21:24:00,"","R12",30,0.03,1.25,1.25,0,0,13.75,13.75,1,5.5384375,5.20875,0,9.79125,9.79125,-3.50655789731998,1,3612500,2358059.375,0,2358059.375,1,1721381.33680556,0,1721381.33680556,1,NA,NA,NA,NA,NA,NA,NA,NA,NA,NA,NA,NA,NA,NA,NA,NA,NA,NA,NA,NA,NA,NA,NA,NA,NA,NA,NA,NA,NA,NA,NA,NA,NA,NA,NA,NA,NA,NA,NA,NA,NA,NA,NA,NA,NA,NA,NA,NA,NA,NA,NA,NA,NA,NA,NA,NA,NA
"FASMEE23","Button","Smoke","S9PI",20250212,"2/24/2025","Lampman","R13B","R13","A",15,15,0,15,NA,"","","F23F",2023-10-11,2023-10-10 18:25:00,2023-10-11 00:25:00,3,"Red","PTFE",4,60,15,2023-10-11 00:25:00,2023-10-11 00:40:00,"Partial smoke at best","R13",30,0.03,1.25,1.25,0,0,13.75,13.75,1,5.5384375,5.20875,0,9.79125,9.79125,-3.50655789731998,1,3612500,2358059.375,0,2358059.375,1,1721381.33680556,0,1721381.33680556,1,NA,NA,NA,NA,NA,NA,NA,NA,NA,NA,NA,NA,NA,NA,NA,NA,NA,NA,NA,NA,NA,NA,NA,NA,NA,NA,NA,NA,NA,NA,NA,NA,NA,NA,NA,NA,NA,NA,NA,NA,NA,NA,NA,NA,NA,NA,NA,NA,NA,NA,NA,NA,NA,NA,NA,NA,NA
"FASMEE23","Button","Smoke","S9PI",20250127,"3/5/2025","Lampman","R9B","R9","A",5,15,2,17,NA,"","","F23E",2023-10-09,2023-10-09 15:17:00,2023-10-09 21:17:00,2,"Red","PTFE",4,60,15,2023-10-09 21:17:00,2023-10-09 21:32:00,"","R9",30,0.03,2.1,2.1,0,2,12.9,14.9,0.865771812080537,6.3884375,6.05875,1.6703125,8.94125,10.6115625,-3.50655789731998,0.882352941176471,4094166.66666667,2555617.96875,402266.927083333,2153351.04166667,0.842595046676679,1516673.00347222,112691.498480903,1629364.50195312,0.930837146417625,NA,NA,NA,NA,NA,NA,NA,NA,NA,NA,NA,NA,NA,NA,NA,NA,NA,NA,NA,NA,NA,NA,NA,NA,NA,NA,NA,NA,NA,NA,NA,NA,NA,NA,NA,NA,NA,NA,NA,NA,NA,NA,NA,NA,NA,NA,NA,NA,NA,NA,NA,NA,NA,NA,NA,NA,NA
"FASMEE23","Button","Smoke","S9PI",20250127,"3/5/2025","Lampman","R9B","R9","A",7,15,0,15,NA,"","","F23E",2023-10-09,2023-10-09 15:17:00,2023-10-09 21:17:00,2,"Red","PTFE",4,60,15,2023-10-09 21:17:00,2023-10-09 21:32:00,"","R9",30,0.03,2.1,2.1,0,0,12.9,12.9,1,6.3884375,6.05875,0,8.94125,8.94125,-3.50655789731998,1,3612500,2153351.04166667,0,2153351.04166667,1,1516673.00347222,0,1516673.00347222,1,NA,NA,NA,NA,NA,NA,NA,NA,NA,NA,NA,NA,NA,NA,NA,NA,NA,NA,NA,NA,NA,NA,NA,NA,NA,NA,NA,NA,NA,NA,NA,NA,NA,NA,NA,NA,NA,NA,NA,NA,NA,NA,NA,NA,NA,NA,NA,NA,NA,NA,NA,NA,NA,NA,NA,NA,NA
"FASMEE23","Button","Smoke","S9PI",20250127,"3/5/2025","Lampman","R9B","R9","A",35,15,10,25,NA,"","","F23E",2023-10-09,2023-10-09 15:17:00,2023-10-09 21:17:00,2,"Red","PTFE",4,60,15,2023-10-09 21:17:00,2023-10-09 21:32:00,"","R9",30,0.03,2.1,2.1,0,10,12.9,22.9,0.563318777292577,6.3884375,6.05875,9.6703125,8.94125,18.6115625,-3.50655789731998,0.6,6020833.33333333,4482284.63541667,2328933.59375,2153351.04166667,0.480413721308998,1516673.00347222,2039358.16514757,3556031.16861979,0.426507229986089,NA,NA,NA,NA,NA,NA,NA,NA,NA,NA,NA,NA,NA,NA,NA,NA,NA,NA,NA,NA,NA,NA,NA,NA,NA,NA,NA,NA,NA,NA,NA,NA,NA,NA,NA,NA,NA,NA,NA,NA,NA,NA,NA,NA,NA,NA,NA,NA,NA,NA,NA,NA,NA,NA,NA,NA,NA
"FASMEE23","Button","Smoke","S9PI",20250127,"3/5/2025","Lampman","R9B","R9","A",39,15,0,15,NA,"","","F23E",2023-10-09,2023-10-09 15:17:00,2023-10-09 21:17:00,2,"Red","PTFE",4,60,15,2023-10-09 21:17:00,2023-10-09 21:32:00,"","R9",30,0.03,2.1,2.1,0,0,12.9,12.9,1,6.3884375,6.05875,0,8.94125,8.94125,-3.50655789731998,1,3612500,2153351.04166667,0,2153351.04166667,1,1516673.00347222,0,1516673.00347222,1,NA,NA,NA,NA,NA,NA,NA,NA,NA,NA,NA,NA,NA,NA,NA,NA,NA,NA,NA,NA,NA,NA,NA,NA,NA,NA,NA,NA,NA,NA,NA,NA,NA,NA,NA,NA,NA,NA,NA,NA,NA,NA,NA,NA,NA,NA,NA,NA,NA,NA,NA,NA,NA,NA,NA,NA,NA
"FASMEE23","Button","Smoke","S9PI",20240505,"3/31/2025","Lampman","R8B","R8B","A",4,15,0,15,NA,"","","F23A",2023-10-09,2023-10-09 14:54:00,2023-10-09 20:54:00,2,"Red","PTFE",4,60,15,2023-10-09 20:54:00,2023-10-09 21:09:00,"Tons of smoke, probably best sample","R8",30,0.03,2.225,2.225,0,0,12.775,12.775,1,6.5134375,6.18375,0,8.81625,8.81625,-3.50655789731998,1,3612500,2123246.875,0,2123246.875,1,1486568.83680556,0,1486568.83680556,1,NA,NA,NA,NA,NA,NA,NA,NA,NA,NA,NA,NA,NA,NA,NA,NA,NA,NA,NA,NA,NA,NA,NA,NA,NA,NA,NA,NA,NA,NA,NA,NA,NA,NA,NA,NA,NA,NA,NA,NA,NA,NA,NA,NA,NA,NA,NA,NA,NA,NA,NA,NA,NA,NA,NA,NA,NA
"FASMEE23","Button","Smoke","S9PI",20240505,"3/31/2025","Lampman","R8B","R8B","A",24,15,1,16,NA,"","","F23A",2023-10-09,2023-10-09 14:54:00,2023-10-09 20:54:00,2,"Red","PTFE",4,60,15,2023-10-09 20:54:00,2023-10-09 21:09:00,"Tons of smoke, probably best sample","R8",30,0.03,2.225,2.225,0,1,12.775,13.775,0.927404718693285,6.5134375,6.18375,0.6703125,8.81625,9.4865625,-3.50655789731998,0.9375,3853333.33333333,2284680.46875,161433.59375,2123246.875,0.929340843956913,1486568.83680556,0,1486568.83680556,1,NA,NA,NA,NA,NA,NA,NA,NA,NA,NA,NA,NA,NA,NA,NA,NA,NA,NA,NA,NA,NA,NA,NA,NA,NA,NA,NA,NA,NA,NA,NA,NA,NA,NA,NA,NA,NA,NA,NA,NA,NA,NA,NA,NA,NA,NA,NA,NA,NA,NA,NA,NA,NA,NA,NA,NA,NA
"FASMEE23","Button","Smoke","S9PI",20250221,"4/11/2025","Lampman","B7B","B7","A",16,15,0,15,NA,"","","F23F",2023-10-10,2023-10-09 18:17:00,2023-10-10 00:17:00,2,"Blue","PTFE",4,60,15,2023-10-10 00:17:00,2023-10-10 00:32:00,"","B7",30,0.03,1.25,1.25,0,0,13.75,13.75,1,5.5384375,5.20875,0,9.79125,9.79125,-3.50655789731998,1,3612500,2358059.375,0,2358059.375,1,1721381.33680556,0,1721381.33680556,1,7,1625.52013208166,1670.54342003125,4296.5432918125,191.864464285714,243.5,323.75,1134.54755952381,1266.25,2565.125,11.9378306878307,12.2222222222222,12.7777777777778,9.44444444444444,27.4642857142857,27,27,29,3.43830869055206,3.49798559298276,3.81130962441916,2.83267941327911,27600.25,26431.75,16400.9375,2164.5625,366.75,209,70499.125,72762.875,73162.6025,73501.915,7.42090425369562,"Hazardous","High",NA,NA,NA,NA,NA,NA,NA,NA,NA,NA,NA,NA,NA,NA,NA,NA,NA,NA,NA,NA,NA,NA
"FASMEE23","Button","Smoke","S9PI",20250221,"4/11/2025","Lampman","B7B","B7","A",18,15,0,15,30,"","","F23F",2023-10-10,2023-10-09 18:17:00,2023-10-10 00:17:00,2,"Blue","PTFE",4,60,15,2023-10-10 00:17:00,2023-10-10 00:32:00,"","B7",30,0.03,1.25,1.25,0,0,13.75,13.75,1,5.5384375,5.20875,0,9.79125,9.79125,-3.50655789731998,1,3612500,2358059.375,0,2358059.375,1,1721381.33680556,0,1721381.33680556,1,7,1625.52013208166,1670.54342003125,4296.5432918125,191.864464285714,243.5,323.75,1134.54755952381,1266.25,2565.125,11.9378306878307,12.2222222222222,12.7777777777778,9.44444444444444,27.4642857142857,27,27,29,3.43830869055206,3.49798559298276,3.81130962441916,2.83267941327911,27600.25,26431.75,16400.9375,2164.5625,366.75,209,70499.125,72762.875,73162.6025,73501.915,7.42090425369562,"Hazardous","High",NA,NA,NA,NA,NA,NA,NA,NA,NA,NA,NA,NA,NA,NA,NA,NA,NA,NA,NA,NA,NA,NA
"FASMEE23","Button","Smoke","S9PI",20250221,"4/11/2025","Lampman","B7B","B7","A",24,15,7,22,NA,"","","F23F",2023-10-10,2023-10-09 18:17:00,2023-10-10 00:17:00,2,"Blue","PTFE",4,60,15,2023-10-10 00:17:00,2023-10-10 00:32:00,"","B7",30,0.03,1.25,1.25,0,7,13.75,20.75,0.662650602409639,5.5384375,5.20875,6.6703125,9.79125,16.4615625,-3.50655789731998,0.681818181818182,5298333.33333333,3964492.96875,1606433.59375,2358059.375,0.594794692180648,1721381.33680556,1316858.16514757,3038239.50195312,0.566571968963925,7,1625.52013208166,1670.54342003125,4296.5432918125,191.864464285714,243.5,323.75,1134.54755952381,1266.25,2565.125,11.9378306878307,12.2222222222222,12.7777777777778,9.44444444444444,27.4642857142857,27,27,29,3.43830869055206,3.49798559298276,3.81130962441916,2.83267941327911,27600.25,26431.75,16400.9375,2164.5625,366.75,209,70499.125,72762.875,73162.6025,73501.915,7.42090425369562,"Hazardous","High",NA,NA,NA,NA,NA,NA,NA,NA,NA,NA,NA,NA,NA,NA,NA,NA,NA,NA,NA,NA,NA,NA
"FASMEE23","Button","Smoke","S9PI",20240505,"11/15/2024","Lampman","B5B","B5","A",2,16,5,21,0,"","","F23A",2023-10-09,2023-10-09 14:54:00,2023-10-09 20:54:00,2,"Blue","PTFE",4,60,15,2023-10-09 20:54:00,2023-10-09 21:09:00,"Tons of smoke, probably best sample","B5",30,0.03,2.225,2.225,0,5,13.775,18.775,0.733688415446072,6.5134375,6.18375,4.6703125,9.81625,14.4865625,-3.50655789731998,0.761904761904762,5057500,3488847.13541667,1124766.92708333,2364080.20833333,0.677610716828095,1727402.17013889,835191.498480903,2562593.66861979,0.674083523771939,5,3103.14515205286,2932.4884253125,7815.8196078125,194.019761904762,217.1475,367.875,1917.98297619048,1852.75,4665.25,15.1785714285714,15.5555555555556,17.2222222222222,11.6666666666667,22.452380952381,22,21,26,3.5190117864711,3.52343484519426,4.17015860168985,2.80102987605014,33028.605,32110.7275,23311.6875,3647.1875,680.895,359.75,87614.52,93144.745,94353.6625,95216.85,7.98360663348233,"Hazardous","High",322.174432012725,291.175399446569,1054.07936790501,105.517683963091,582.755660846674,886.417688767653,70.6668673551349,92.0002656892252,119.499623739225,0.848064293202289,0.865044227490499,331.606761535804,663.213523071608,0.663213523071608,0.000663213523071608,6.63213523071608e-07,3863904428171.77,2604594312460.03,3863904428.17177,2604594312.46003,3863.90442817178,2604.59431246003
"FASMEE23","Button","Ambient","S9PI",20241217,"12/19/2024","Lampman","B3B","B3","A",36,16,0,16,NA,"","","F23D",2023-10-09,2023-10-09 12:17:00,2023-10-09 18:17:00,2,"Blue","PTFE",4,40,10,2023-10-09 18:17:00,2023-10-09 18:27:00,"","B3",20,0.02,1.2125,1.1125,0.1,0,14.8875,14.8875,1,5.5009375,5.07125,0,10.92875,10.92875,-3.91202300542815,1,5780000,3948010.9375,0,3948010.9375,1,NA,NA,NA,NA,3,3.73360545454545,3.7674,4.8602,0.0431818181818182,0,2.25,0.0431818181818182,0,2.25,14.1910331384016,13.8888888888889,16.1111111111111,11.6666666666667,23.6842105263158,23,21,26,3.35815549149463,3.54856909262987,4.02892321604069,2.75476213820575,46.75,16.5,0,0,0,0,72,72,72,72,1.32638510836598,"Good","None",NA,NA,NA,NA,NA,NA,NA,NA,NA,NA,NA,NA,NA,NA,NA,NA,NA,NA,NA,NA,NA,NA
"FASMEE23","Button","Ambient","S9PI",20241217,"12/19/2024","Lampman","R1B","R1","A",6,16,0,16,NA,"","","F23D",2023-10-08,2023-10-08 13:09:00,2023-10-08 19:09:00,1,"Red","PTFE",4,40,10,2023-10-08 19:09:00,2023-10-08 19:19:00,"","R1",20,0.02,1.2125,1.1125,0.1,0,14.8875,14.8875,1,5.5009375,5.07125,0,10.92875,10.92875,-3.91202300542815,1,5780000,3948010.9375,0,3948010.9375,1,NA,NA,NA,NA,NA,NA,NA,NA,NA,NA,NA,NA,NA,NA,NA,NA,NA,NA,NA,NA,NA,NA,NA,NA,NA,NA,NA,NA,NA,NA,NA,NA,NA,NA,NA,NA,NA,NA,NA,NA,NA,NA,NA,NA,NA,NA,NA,NA,NA,NA,NA,NA,NA,NA,NA,NA,NA,NA,NA,NA,NA
"FASMEE23","Button","Smoke","S9PI",20250115,"1/31/2025","Lampman","B6B","B6","A",22,16,0,16,NA,"","","F23E",2023-10-09,2023-10-09 15:17:00,2023-10-09 21:17:00,2,"Blue","PTFE",4,60,15,2023-10-09 21:17:00,2023-10-09 21:32:00,"","B6",30,0.03,2.1,2.1,0,0,13.9,13.9,1,6.3884375,6.05875,0,9.94125,9.94125,-3.50655789731998,1,3853333.33333333,2394184.375,0,2394184.375,1,1757506.33680556,0,1757506.33680556,1,6,2552.17293182856,2955.6625303125,6517.6734277669,154.507209302326,194.25,313.25,1664.15703488372,1963.75,3738.33,13.8242894056848,13.8888888888889,15.5555555555556,11.1111111111111,23.2209302325581,23,22,26,3.31172741096193,3.36444793603563,3.99314168636426,2.60160702948977,31377.8325,30549.3325,22195.395,4200.125,822.5,468.5,83635.29,87917.25,88776.25,89658.9375,7.9914781112452,"Hazardous","High",431.473416388428,332.035187727671,1516.66468062123,39.6013389194573,823.729565151522,1165.0074584524,35.5148560084716,33.6919988392252,74.8868796292252,0.956378385565098,0.96119482754625,436.857954671367,873.715909342734,0.873715909342734,0.000873715909342734,8.73715909342734e-07,2011530656604,2011530656604,2011530656.604,2011530656.604,2011.530656604,2011.530656604
"FASMEE23","Button","Ambient","S9PI",20250115,"1/31/2025","Lampman","R6B","R6","A",9,16,6,22,NA,"","","F23E",2023-10-09,2023-10-09 12:11:00,2023-10-09 18:11:00,2,"Red","PTFE",4,40,10,2023-10-09 18:11:00,2023-10-09 18:21:00,"","R6",20,0.02,2.1,2.1,0,6,13.9,19.9,0.698492462311558,6.3884375,6.05875,5.6703125,9.94125,15.6115625,-3.91202300542815,0.727272727272727,7947500,5639676.953125,2048400.390625,3591276.5625,0.636787637368136,NA,NA,NA,NA,NA,NA,NA,NA,NA,NA,NA,NA,NA,NA,NA,NA,NA,NA,NA,NA,NA,NA,NA,NA,NA,NA,NA,NA,NA,NA,NA,NA,NA,NA,NA,NA,NA,NA,NA,NA,NA,NA,NA,NA,NA,NA,NA,NA,NA,NA,NA,NA,NA,NA,NA,NA,NA,NA,NA,NA,NA
"FASMEE23","Button","Ambient","S9PI",20250115,"1/31/2025","Lampman","R6B","R6","A",20,16,2,18,NA,"","","F23E",2023-10-09,2023-10-09 12:11:00,2023-10-09 18:11:00,2,"Red","PTFE",4,40,10,2023-10-09 18:11:00,2023-10-09 18:21:00,"","R6",20,0.02,2.1,2.1,0,2,13.9,15.9,0.874213836477987,6.3884375,6.05875,1.6703125,9.94125,11.6115625,-3.91202300542815,0.888888888888889,6502500,4194676.953125,603400.390625,3591276.5625,0.856150927146971,NA,NA,NA,NA,NA,NA,NA,NA,NA,NA,NA,NA,NA,NA,NA,NA,NA,NA,NA,NA,NA,NA,NA,NA,NA,NA,NA,NA,NA,NA,NA,NA,NA,NA,NA,NA,NA,NA,NA,NA,NA,NA,NA,NA,NA,NA,NA,NA,NA,NA,NA,NA,NA,NA,NA,NA,NA,NA,NA,NA,NA
"FASMEE23","Button","Ambient","S9PI",20250115,"1/31/2025","Lampman","R6B","R6","A",21,16,0,16,NA,"","","F23E",2023-10-09,2023-10-09 12:11:00,2023-10-09 18:11:00,2,"Red","PTFE",4,40,10,2023-10-09 18:11:00,2023-10-09 18:21:00,"","R6",20,0.02,2.1,2.1,0,0,13.9,13.9,1,6.3884375,6.05875,0,9.94125,9.94125,-3.91202300542815,1,5780000,3591276.5625,0,3591276.5625,1,NA,NA,NA,NA,NA,NA,NA,NA,NA,NA,NA,NA,NA,NA,NA,NA,NA,NA,NA,NA,NA,NA,NA,NA,NA,NA,NA,NA,NA,NA,NA,NA,NA,NA,NA,NA,NA,NA,NA,NA,NA,NA,NA,NA,NA,NA,NA,NA,NA,NA,NA,NA,NA,NA,NA,NA,NA,NA,NA,NA,NA
"FASMEE23","Button","Smoke","S9PI",20250212,"2/12/2025","Lampman","R11B","R11","A",3,16,0,16,NA,"","","F23F",2023-10-10,2023-10-09 18:45:00,2023-10-10 00:45:00,2,"Red","PTFE",4,60,15,2023-10-10 00:45:00,2023-10-10 01:00:00,"","R11",30,0.03,1.25,1.25,0,0,14.75,14.75,1,5.5384375,5.20875,0,10.79125,10.79125,-3.50655789731998,1,3853333.33333333,2598892.70833333,0,2598892.70833333,1,1962214.67013889,0,1962214.67013889,1,NA,NA,NA,NA,NA,NA,NA,NA,NA,NA,NA,NA,NA,NA,NA,NA,NA,NA,NA,NA,NA,NA,NA,NA,NA,NA,NA,NA,NA,NA,NA,NA,NA,NA,NA,NA,NA,NA,NA,NA,NA,NA,NA,NA,NA,NA,NA,NA,NA,NA,NA,NA,NA,NA,NA,NA,NA
"FASMEE23","Button","Smoke","S9PI",20250212,"2/12/2025","Lampman","R11B","R11","A",7,16,0,16,NA,"","","F23F",2023-10-10,2023-10-09 18:45:00,2023-10-10 00:45:00,2,"Red","PTFE",4,60,15,2023-10-10 00:45:00,2023-10-10 01:00:00,"","R11",30,0.03,1.25,1.25,0,0,14.75,14.75,1,5.5384375,5.20875,0,10.79125,10.79125,-3.50655789731998,1,3853333.33333333,2598892.70833333,0,2598892.70833333,1,1962214.67013889,0,1962214.67013889,1,NA,NA,NA,NA,NA,NA,NA,NA,NA,NA,NA,NA,NA,NA,NA,NA,NA,NA,NA,NA,NA,NA,NA,NA,NA,NA,NA,NA,NA,NA,NA,NA,NA,NA,NA,NA,NA,NA,NA,NA,NA,NA,NA,NA,NA,NA,NA,NA,NA,NA,NA,NA,NA,NA,NA,NA,NA
"FASMEE23","Button","Smoke","S9PI",20250212,"2/12/2025","Lampman","R11B","R11","A",36,16,0,16,NA,"","","F23F",2023-10-10,2023-10-09 18:45:00,2023-10-10 00:45:00,2,"Red","PTFE",4,60,15,2023-10-10 00:45:00,2023-10-10 01:00:00,"","R11",30,0.03,1.25,1.25,0,0,14.75,14.75,1,5.5384375,5.20875,0,10.79125,10.79125,-3.50655789731998,1,3853333.33333333,2598892.70833333,0,2598892.70833333,1,1962214.67013889,0,1962214.67013889,1,NA,NA,NA,NA,NA,NA,NA,NA,NA,NA,NA,NA,NA,NA,NA,NA,NA,NA,NA,NA,NA,NA,NA,NA,NA,NA,NA,NA,NA,NA,NA,NA,NA,NA,NA,NA,NA,NA,NA,NA,NA,NA,NA,NA,NA,NA,NA,NA,NA,NA,NA,NA,NA,NA,NA,NA,NA
"FASMEE23","Button","Smoke","S9PI",20250212,"2/24/2025","Lampman","R13B","R13","A",7,16,1,17,NA,"","","F23F",2023-10-11,2023-10-10 18:25:00,2023-10-11 00:25:00,3,"Red","PTFE",4,60,15,2023-10-11 00:25:00,2023-10-11 00:40:00,"Partial smoke at best","R13",30,0.03,1.25,1.25,0,1,14.75,15.75,0.936507936507937,5.5384375,5.20875,0.6703125,10.79125,11.4615625,-3.50655789731998,0.941176470588235,4094166.66666667,2760326.30208333,161433.59375,2598892.70833333,0.941516481718788,1962214.67013889,0,1962214.67013889,1,NA,NA,NA,NA,NA,NA,NA,NA,NA,NA,NA,NA,NA,NA,NA,NA,NA,NA,NA,NA,NA,NA,NA,NA,NA,NA,NA,NA,NA,NA,NA,NA,NA,NA,NA,NA,NA,NA,NA,NA,NA,NA,NA,NA,NA,NA,NA,NA,NA,NA,NA,NA,NA,NA,NA,NA,NA
"FASMEE23","Button","Smoke","S9PI",20250117,"3/3/2025","Lampman","R7B","R7","A",9,16,5,21,1,"12","","F23E",2023-10-09,2023-10-09 12:33:00,2023-10-09 18:33:00,2,"Red","PTFE",4,40,10,2023-10-09 18:33:00,2023-10-09 18:43:00,"Partial smoke towards end of sample","R7",20,0.02,2.1,2.1,0,5,13.9,18.9,0.735449735449736,6.3884375,6.05875,4.6703125,9.94125,14.6115625,-3.91202300542815,0.761904761904762,7586250,5278426.953125,1687150.390625,3591276.5625,0.680368714844836,2954598.52430556,1397574.96202257,4352173.48632812,0.678878848370154,NA,NA,NA,NA,NA,NA,NA,NA,NA,NA,NA,NA,NA,NA,NA,NA,NA,NA,NA,NA,NA,NA,NA,NA,NA,NA,NA,NA,NA,NA,NA,NA,NA,NA,NA,NA,NA,NA,NA,NA,NA,NA,NA,NA,NA,NA,NA,NA,NA,NA,NA,NA,NA,NA,NA,NA,NA
"FASMEE23","Button","Smoke","S9PI",20240505,"3/31/2025","Lampman","R8B","R8B","A",8,16,2,18,NA,"","","F23A",2023-10-09,2023-10-09 14:54:00,2023-10-09 20:54:00,2,"Red","PTFE",4,60,15,2023-10-09 20:54:00,2023-10-09 21:09:00,"Tons of smoke, probably best sample","R8",30,0.03,2.225,2.225,0,2,13.775,15.775,0.873217115689382,6.5134375,6.18375,1.6703125,9.81625,11.4865625,-3.50655789731998,0.888888888888889,4335000,2766347.13541667,402266.927083333,2364080.20833333,0.854585521125228,1727402.17013889,112691.498480903,1840093.66861979,0.938757738041982,NA,NA,NA,NA,NA,NA,NA,NA,NA,NA,NA,NA,NA,NA,NA,NA,NA,NA,NA,NA,NA,NA,NA,NA,NA,NA,NA,NA,NA,NA,NA,NA,NA,NA,NA,NA,NA,NA,NA,NA,NA,NA,NA,NA,NA,NA,NA,NA,NA,NA,NA,NA,NA,NA,NA,NA,NA
"FASMEE23","Button","Smoke","S9PI",20240912,"11/12/2024","Lampman","B10B","B10","A",2,17,6,23,0,"","","F23B",2023-10-11,2023-10-10 18:25:00,2023-10-11 00:25:00,3,"Blue","PTFE",4,60,15,2023-10-11 00:25:00,2023-10-11 00:40:00,"Partial smoke at best","B10",30,0.03,1.675,1.5,0.175,5.825,15.5,21.325,0.726846424384525,5.9634375,5.45875,5.4953125,11.54125,17.0365625,-3.50655789731998,0.739130434782609,5539166.66666667,4102972.13541667,1323454.42708333,2779517.70833333,0.677440064567016,2142839.67013889,1033878.9984809,3176718.66861979,0.67454499238672,10,296.817832329909,284.73479828125,913.5914568125,162.399186046512,183.125,370.5,298.041569767442,316.625,762.75,10.0638569604087,10,10.5555555555556,7.77777777777778,31.3333333333333,31,31,32,3.46114545081116,3.49829032819435,3.65288745104373,2.95692571743565,15821,13422.125,3222.3325,205,3.335,0,32372.0625,32590.23,32594.855,32599.48,5.65155821470817,"Hazardous","Low",9.16936754497504,7.15880794304564,30.8100107581134,1.51685239597926,16.3873253245179,22.7938558681921,1.49529188355726,1.26651866080882,4.28245836580882,0.903533173719327,0.926980348124455,9.26602549754036,18.5320509950807,0.0185320509950807,1.85320509950807e-05,1.85320509950807e-08,171417544094987,115628845976503,171417544094.987,115628845976.503,171417.544094987,115628.845976503
"FASMEE23","Button","Smoke","S9PI",20240912,"11/12/2024","Lampman","B10B","B10","A",3,17,10,27,1,"10","Photo12,13,14","F23B",2023-10-11,2023-10-10 18:25:00,2023-10-11 00:25:00,3,"Blue","PTFE",4,60,15,2023-10-11 00:25:00,2023-10-11 00:40:00,"Partial smoke at best","B10",30,0.03,1.675,1.5,0.175,9.825,15.5,25.325,0.612043435340573,5.9634375,5.45875,9.4953125,11.54125,21.0365625,-3.50655789731998,0.62962962962963,6502500,5066305.46875,2286787.76041667,2779517.70833333,0.548628132566811,2142839.67013889,1997212.33181424,4140052.00195312,0.517587621877207,10,296.817832329909,284.73479828125,913.5914568125,162.399186046512,183.125,370.5,298.041569767442,316.625,762.75,10.0638569604087,10,10.5555555555556,7.77777777777778,31.3333333333333,31,31,32,3.46114545081116,3.49829032819435,3.65288745104373,2.95692571743565,15821,13422.125,3222.3325,205,3.335,0,32372.0625,32590.23,32594.855,32599.48,5.65155821470817,"Hazardous","Low",9.16936754497504,7.15880794304564,30.8100107581134,1.51685239597926,16.3873253245179,22.7938558681921,1.49529188355726,1.26651866080882,4.28245836580882,0.903533173719327,0.926980348124455,9.26602549754036,18.5320509950807,0.0185320509950807,1.85320509950807e-05,1.85320509950807e-08,223399558044174,115628845976503,223399558044.174,115628845976.503,223399.558044174,115628.845976503
"FASMEE23","Button","Smoke","S9PI",20240505,"11/15/2024","Lampman","B5B","B5","A",35,17,3,20,0,"","","F23A",2023-10-09,2023-10-09 14:54:00,2023-10-09 20:54:00,2,"Blue","PTFE",4,60,15,2023-10-09 20:54:00,2023-10-09 21:09:00,"Tons of smoke, probably best sample","B5",30,0.03,2.225,2.225,0,3,14.775,17.775,0.831223628691983,6.5134375,6.18375,2.6703125,10.81625,13.4865625,-3.50655789731998,0.85,4816666.66666667,3248013.80208333,643100.260416667,2604913.54166667,0.802001992724239,1968235.50347222,353524.831814236,2321760.33528646,0.847734141013044,5,3103.14515205286,2932.4884253125,7815.8196078125,194.019761904762,217.1475,367.875,1917.98297619048,1852.75,4665.25,15.1785714285714,15.5555555555556,17.2222222222222,11.6666666666667,22.452380952381,22,21,26,3.5190117864711,3.52343484519426,4.17015860168985,2.80102987605014,33028.605,32110.7275,23311.6875,3647.1875,680.895,359.75,87614.52,93144.745,94353.6625,95216.85,7.98360663348233,"Hazardous","High",322.174432012725,291.175399446569,1054.07936790501,105.517683963091,582.755660846674,886.417688767653,70.6668673551349,92.0002656892252,119.499623739225,0.848064293202289,0.865044227490499,331.606761535804,663.213523071608,0.663213523071608,0.000663213523071608,6.63213523071608e-07,3500773513382.92,2967725227248.88,3500773513.38292,2967725227.24888,3500.77351338292,2967.72522724888
"FASMEE23","Button","Ambient","S9PI",20241217,"12/19/2024","Lampman","B3B","B3","A",26,17,0,17,NA,"","","F23D",2023-10-09,2023-10-09 12:17:00,2023-10-09 18:17:00,2,"Blue","PTFE",4,40,10,2023-10-09 18:17:00,2023-10-09 18:27:00,"","B3",20,0.02,1.2125,1.1125,0.1,0,15.8875,15.8875,1,5.5009375,5.07125,0,11.92875,11.92875,-3.91202300542815,1,6141250,4309260.9375,0,4309260.9375,1,NA,NA,NA,NA,3,3.73360545454545,3.7674,4.8602,0.0431818181818182,0,2.25,0.0431818181818182,0,2.25,14.1910331384016,13.8888888888889,16.1111111111111,11.6666666666667,23.6842105263158,23,21,26,3.35815549149463,3.54856909262987,4.02892321604069,2.75476213820575,46.75,16.5,0,0,0,0,72,72,72,72,1.32638510836598,"Good","None",NA,NA,NA,NA,NA,NA,NA,NA,NA,NA,NA,NA,NA,NA,NA,NA,NA,NA,NA,NA,NA,NA
"FASMEE23","Button","Smoke","S9PI",20250115,"1/31/2025","Lampman","B6B","B6","A",3,17,0,17,NA,"","","F23E",2023-10-09,2023-10-09 15:17:00,2023-10-09 21:17:00,2,"Blue","PTFE",4,60,15,2023-10-09 21:17:00,2023-10-09 21:32:00,"","B6",30,0.03,2.1,2.1,0,0,14.9,14.9,1,6.3884375,6.05875,0,10.94125,10.94125,-3.50655789731998,1,4094166.66666667,2635017.70833333,0,2635017.70833333,1,1998339.67013889,0,1998339.67013889,1,6,2552.17293182856,2955.6625303125,6517.6734277669,154.507209302326,194.25,313.25,1664.15703488372,1963.75,3738.33,13.8242894056848,13.8888888888889,15.5555555555556,11.1111111111111,23.2209302325581,23,22,26,3.31172741096193,3.36444793603563,3.99314168636426,2.60160702948977,31377.8325,30549.3325,22195.395,4200.125,822.5,468.5,83635.29,87917.25,88776.25,89658.9375,7.9914781112452,"Hazardous","High",431.473416388428,332.035187727671,1516.66468062123,39.6013389194573,823.729565151522,1165.0074584524,35.5148560084716,33.6919988392252,74.8868796292252,0.956378385565098,0.96119482754625,436.857954671367,873.715909342734,0.873715909342734,0.000873715909342734,8.73715909342734e-07,2287173266241.85,2287173266241.85,2287173266.24185,2287173266.24185,2287.17326624185,2287.17326624185
"FASMEE23","Button","Smoke","S9PI",20250115,"1/31/2025","Lampman","B6B","B6","A",28,17,0,17,NA,"","","F23E",2023-10-09,2023-10-09 15:17:00,2023-10-09 21:17:00,2,"Blue","PTFE",4,60,15,2023-10-09 21:17:00,2023-10-09 21:32:00,"","B6",30,0.03,2.1,2.1,0,0,14.9,14.9,1,6.3884375,6.05875,0,10.94125,10.94125,-3.50655789731998,1,4094166.66666667,2635017.70833333,0,2635017.70833333,1,1998339.67013889,0,1998339.67013889,1,6,2552.17293182856,2955.6625303125,6517.6734277669,154.507209302326,194.25,313.25,1664.15703488372,1963.75,3738.33,13.8242894056848,13.8888888888889,15.5555555555556,11.1111111111111,23.2209302325581,23,22,26,3.31172741096193,3.36444793603563,3.99314168636426,2.60160702948977,31377.8325,30549.3325,22195.395,4200.125,822.5,468.5,83635.29,87917.25,88776.25,89658.9375,7.9914781112452,"Hazardous","High",431.473416388428,332.035187727671,1516.66468062123,39.6013389194573,823.729565151522,1165.0074584524,35.5148560084716,33.6919988392252,74.8868796292252,0.956378385565098,0.96119482754625,436.857954671367,873.715909342734,0.873715909342734,0.000873715909342734,8.73715909342734e-07,2287173266241.85,2287173266241.85,2287173266.24185,2287173266.24185,2287.17326624185,2287.17326624185
"FASMEE23","Button","Smoke","S9PI",20250203,"2/12/2025","Lampman","R10B","R10","A",20,17,6,23,1,"20","","F23E",2023-10-10,2023-10-09 18:17:00,2023-10-10 00:17:00,2,"Red","PTFE",4,60,15,2023-10-10 00:17:00,2023-10-10 00:32:00,"","R10",30,0.03,2.1,2.1,0,6,14.9,20.9,0.712918660287081,6.3884375,6.05875,5.6703125,10.94125,16.6115625,-3.50655789731998,0.739130434782609,5539166.66666667,4000617.96875,1365600.26041667,2635017.70833333,0.658652670391482,1998339.67013889,1076024.83181424,3074364.50195312,0.650000892499688,NA,NA,NA,NA,NA,NA,NA,NA,NA,NA,NA,NA,NA,NA,NA,NA,NA,NA,NA,NA,NA,NA,NA,NA,NA,NA,NA,NA,NA,NA,NA,NA,NA,NA,NA,NA,NA,NA,NA,NA,NA,NA,NA,NA,NA,NA,NA,NA,NA,NA,NA,NA,NA,NA,NA,NA,NA
"FASMEE23","Button","Smoke","S9PI",20250212,"2/24/2025","Lampman","R12B","R12","A",5,17,3,20,1,"20","ph 51","F23F",2023-10-10,2023-10-10 15:09:00,2023-10-10 21:09:00,3,"Red","PTFE",4,60,15,2023-10-10 21:09:00,2023-10-10 21:24:00,"","R12",30,0.03,1.25,1.25,0,3,15.75,18.75,0.84,5.5384375,5.20875,2.6703125,11.79125,14.4615625,-3.50655789731998,0.85,4816666.66666667,3482826.30208333,643100.260416667,2839726.04166667,0.815351038312769,2203048.00347222,353524.831814236,2556572.83528646,0.861719241112634,NA,NA,NA,NA,NA,NA,NA,NA,NA,NA,NA,NA,NA,NA,NA,NA,NA,NA,NA,NA,NA,NA,NA,NA,NA,NA,NA,NA,NA,NA,NA,NA,NA,NA,NA,NA,NA,NA,NA,NA,NA,NA,NA,NA,NA,NA,NA,NA,NA,NA,NA,NA,NA,NA,NA,NA,NA
"FASMEE23","Button","Smoke","S9PI",20240505,"11/15/2024","Lampman","B5B","B5","A",8,18,5,23,1,"8","8","F23A",2023-10-09,2023-10-09 14:54:00,2023-10-09 20:54:00,2,"Blue","PTFE",4,60,15,2023-10-09 20:54:00,2023-10-09 21:09:00,"Tons of smoke, probably best sample","B5",30,0.03,2.225,2.225,0,5,15.775,20.775,0.759326113116727,6.5134375,6.18375,4.6703125,11.81625,16.4865625,-3.50655789731998,0.782608695652174,5539166.66666667,3970513.80208333,1124766.92708333,2845746.875,0.716720056106299,2209068.83680556,835191.498480903,3044260.33528646,0.725650435082677,5,3103.14515205286,2932.4884253125,7815.8196078125,194.019761904762,217.1475,367.875,1917.98297619048,1852.75,4665.25,15.1785714285714,15.5555555555556,17.2222222222222,11.6666666666667,22.452380952381,22,21,26,3.5190117864711,3.52343484519426,4.17015860168985,2.80102987605014,33028.605,32110.7275,23311.6875,3647.1875,680.895,359.75,87614.52,93144.745,94353.6625,95216.85,7.98360663348233,"Hazardous","High",322.174432012725,291.175399446569,1054.07936790501,105.517683963091,582.755660846674,886.417688767653,70.6668673551349,92.0002656892252,119.499623739225,0.848064293202289,0.865044227490499,331.606761535804,663.213523071608,0.663213523071608,0.000663213523071608,6.63213523071608e-07,4590166257749.49,3330856142037.74,4590166257.74949,3330856142.03774,4590.16625774949,3330.85614203774
"FASMEE23","Button","Smoke","S9PI",20250115,"1/31/2025","Lampman","B6B","B6","A",12,18,0,18,NA,"","","F23E",2023-10-09,2023-10-09 15:17:00,2023-10-09 21:17:00,2,"Blue","PTFE",4,60,15,2023-10-09 21:17:00,2023-10-09 21:32:00,"","B6",30,0.03,2.1,2.1,0,0,15.9,15.9,1,6.3884375,6.05875,0,11.94125,11.94125,-3.50655789731998,1,4335000,2875851.04166667,0,2875851.04166667,1,2239173.00347222,0,2239173.00347222,1,6,2552.17293182856,2955.6625303125,6517.6734277669,154.507209302326,194.25,313.25,1664.15703488372,1963.75,3738.33,13.8242894056848,13.8888888888889,15.5555555555556,11.1111111111111,23.2209302325581,23,22,26,3.31172741096193,3.36444793603563,3.99314168636426,2.60160702948977,31377.8325,30549.3325,22195.395,4200.125,822.5,468.5,83635.29,87917.25,88776.25,89658.9375,7.9914781112452,"Hazardous","High",431.473416388428,332.035187727671,1516.66468062123,39.6013389194573,823.729565151522,1165.0074584524,35.5148560084716,33.6919988392252,74.8868796292252,0.956378385565098,0.96119482754625,436.857954671367,873.715909342734,0.873715909342734,0.000873715909342734,8.73715909342734e-07,2562815875879.69,2562815875879.69,2562815875.87969,2562815875.87969,2562.81587587969,2562.81587587969
"FASMEE23","Button","Smoke","S9PI",20250115,"1/31/2025","Lampman","B6B","B6","A",23,18,2,20,NA,"","","F23E",2023-10-09,2023-10-09 15:17:00,2023-10-09 21:17:00,2,"Blue","PTFE",4,60,15,2023-10-09 21:17:00,2023-10-09 21:32:00,"","B6",30,0.03,2.1,2.1,0,2,15.9,17.9,0.888268156424581,6.3884375,6.05875,1.6703125,11.94125,13.6115625,-3.50655789731998,0.9,4816666.66666667,3278117.96875,402266.927083333,2875851.04166667,0.877287232821361,2239173.00347222,112691.498480903,2351864.50195312,0.952084187508542,6,2552.17293182856,2955.6625303125,6517.6734277669,154.507209302326,194.25,313.25,1664.15703488372,1963.75,3738.33,13.8242894056848,13.8888888888889,15.5555555555556,11.1111111111111,23.2209302325581,23,22,26,3.31172741096193,3.36444793603563,3.99314168636426,2.60160702948977,31377.8325,30549.3325,22195.395,4200.125,822.5,468.5,83635.29,87917.25,88776.25,89658.9375,7.9914781112452,"Hazardous","High",431.473416388428,332.035187727671,1516.66468062123,39.6013389194573,823.729565151522,1165.0074584524,35.5148560084716,33.6919988392252,74.8868796292252,0.956378385565098,0.96119482754625,436.857954671367,873.715909342734,0.873715909342734,0.000873715909342734,8.73715909342734e-07,2691795441520.97,2562815875879.69,2691795441.52097,2562815875.87969,2691.79544152097,2562.81587587969
"FASMEE23","Button","Ambient","S9PI",20250115,"1/31/2025","Lampman","R6B","R6","A",3,18,14,32,1,"12","","F23E",2023-10-09,2023-10-09 12:11:00,2023-10-09 18:11:00,2,"Red","PTFE",4,40,10,2023-10-09 18:11:00,2023-10-09 18:21:00,"","R6",20,0.02,2.1,2.1,0,14,15.9,29.9,0.531772575250836,6.3884375,6.05875,13.6703125,11.94125,25.6115625,-3.91202300542815,0.5625,11560000,9252176.953125,4938400.390625,4313776.5625,0.46624449406396,NA,NA,NA,NA,NA,NA,NA,NA,NA,NA,NA,NA,NA,NA,NA,NA,NA,NA,NA,NA,NA,NA,NA,NA,NA,NA,NA,NA,NA,NA,NA,NA,NA,NA,NA,NA,NA,NA,NA,NA,NA,NA,NA,NA,NA,NA,NA,NA,NA,NA,NA,NA,NA,NA,NA,NA,NA,NA,NA,NA,NA
"FASMEE23","Button","Ambient","S9PI",20250115,"1/31/2025","Lampman","R6B","R6","A",11,18,0,18,NA,"","","F23E",2023-10-09,2023-10-09 12:11:00,2023-10-09 18:11:00,2,"Red","PTFE",4,40,10,2023-10-09 18:11:00,2023-10-09 18:21:00,"","R6",20,0.02,2.1,2.1,0,0,15.9,15.9,1,6.3884375,6.05875,0,11.94125,11.94125,-3.91202300542815,1,6502500,4313776.5625,0,4313776.5625,1,NA,NA,NA,NA,NA,NA,NA,NA,NA,NA,NA,NA,NA,NA,NA,NA,NA,NA,NA,NA,NA,NA,NA,NA,NA,NA,NA,NA,NA,NA,NA,NA,NA,NA,NA,NA,NA,NA,NA,NA,NA,NA,NA,NA,NA,NA,NA,NA,NA,NA,NA,NA,NA,NA,NA,NA,NA,NA,NA,NA,NA
"FASMEE23","Button","Ambient","S9PI",20250115,"1/31/2025","Lampman","R6B","R6","A",35,18,0,18,NA,"","","F23E",2023-10-09,2023-10-09 12:11:00,2023-10-09 18:11:00,2,"Red","PTFE",4,40,10,2023-10-09 18:11:00,2023-10-09 18:21:00,"","R6",20,0.02,2.1,2.1,0,0,15.9,15.9,1,6.3884375,6.05875,0,11.94125,11.94125,-3.91202300542815,1,6502500,4313776.5625,0,4313776.5625,1,NA,NA,NA,NA,NA,NA,NA,NA,NA,NA,NA,NA,NA,NA,NA,NA,NA,NA,NA,NA,NA,NA,NA,NA,NA,NA,NA,NA,NA,NA,NA,NA,NA,NA,NA,NA,NA,NA,NA,NA,NA,NA,NA,NA,NA,NA,NA,NA,NA,NA,NA,NA,NA,NA,NA,NA,NA,NA,NA,NA,NA
"FASMEE23","Button","Smoke","S9PI",20250212,"2/12/2025","Lampman","R11B","R11","A",2,18,0,18,NA,"","","F23F",2023-10-10,2023-10-09 18:45:00,2023-10-10 00:45:00,2,"Red","PTFE",4,60,15,2023-10-10 00:45:00,2023-10-10 01:00:00,"","R11",30,0.03,1.25,1.25,0,0,16.75,16.75,1,5.5384375,5.20875,0,12.79125,12.79125,-3.50655789731998,1,4335000,3080559.375,0,3080559.375,1,2443881.33680556,0,2443881.33680556,1,NA,NA,NA,NA,NA,NA,NA,NA,NA,NA,NA,NA,NA,NA,NA,NA,NA,NA,NA,NA,NA,NA,NA,NA,NA,NA,NA,NA,NA,NA,NA,NA,NA,NA,NA,NA,NA,NA,NA,NA,NA,NA,NA,NA,NA,NA,NA,NA,NA,NA,NA,NA,NA,NA,NA,NA,NA
"FASMEE23","Button","Smoke","S9PI",20250212,"2/26/2025","Lampman","R14B","R14","A",30,18,2,20,NA,"","","F23F",2023-10-11,2023-10-10 18:53:00,2023-10-11 00:53:00,3,"Red","PTFE",4,60,15,2023-10-11 00:53:00,2023-10-11 01:08:00,"Partial smoke at best","R14",30,0.03,1.25,1.25,0,2,16.75,18.75,0.893333333333333,5.5384375,5.20875,1.6703125,12.79125,14.4615625,-3.50655789731998,0.9,4816666.66666667,3482826.30208333,402266.927083333,3080559.375,0.884499859541457,2443881.33680556,112691.498480903,2556572.83528646,0.955920873082313,NA,NA,NA,NA,NA,NA,NA,NA,NA,NA,NA,NA,NA,NA,NA,NA,NA,NA,NA,NA,NA,NA,NA,NA,NA,NA,NA,NA,NA,NA,NA,NA,NA,NA,NA,NA,NA,NA,NA,NA,NA,NA,NA,NA,NA,NA,NA,NA,NA,NA,NA,NA,NA,NA,NA,NA,NA
"FASMEE23","Button","Smoke","S9PI",20250117,"3/3/2025","Lampman","R7B","R7","A",40,18,0,18,NA,"","","F23E",2023-10-09,2023-10-09 12:33:00,2023-10-09 18:33:00,2,"Red","PTFE",4,40,10,2023-10-09 18:33:00,2023-10-09 18:43:00,"Partial smoke towards end of sample","R7",20,0.02,2.1,2.1,0,0,15.9,15.9,1,6.3884375,6.05875,0,11.94125,11.94125,-3.91202300542815,1,6502500,4313776.5625,0,4313776.5625,1,3677098.52430556,0,3677098.52430556,1,NA,NA,NA,NA,NA,NA,NA,NA,NA,NA,NA,NA,NA,NA,NA,NA,NA,NA,NA,NA,NA,NA,NA,NA,NA,NA,NA,NA,NA,NA,NA,NA,NA,NA,NA,NA,NA,NA,NA,NA,NA,NA,NA,NA,NA,NA,NA,NA,NA,NA,NA,NA,NA,NA,NA,NA,NA
"FASMEE23","Button","Smoke","S9PI",20250127,"3/3/2025","Lampman","B9B","B9","A",3,18,7,25,NA,"","","F23E",2023-10-10,2023-10-10 15:09:00,2023-10-10 21:09:00,3,"Blue","PTFE",4,60,15,2023-10-10 21:09:00,2023-10-10 21:24:00,"","B9",30,0.03,2.1,2.1,0,7,15.9,22.9,0.694323144104804,6.3884375,6.05875,6.6703125,11.94125,18.6115625,-3.50655789731998,0.72,6020833.33333333,4482284.63541667,1606433.59375,2875851.04166667,0.641603841697869,2239173.00347222,1316858.16514757,3556031.16861979,0.629683176916955,9,584.100794087505,188.516922417344,3114.5911041344,176.698148148148,130.5,422.625,446.172839506173,237.875,1716.21,10.8074935400517,10.5555555555556,11.6666666666667,10,33.0116279069767,33,31,34,3.84755654322465,3.82515368908763,4.16705056996941,3.64859285797902,11336.5,10298.67,2475.79,88.25,0.125,0,24722.5,24835.125,24836.25,24837.375,5.23918777695593,"Very Unhealthy","Low",61.2042743966305,66.3921308617705,201.814906555965,15.7464380900351,108.784440826061,218.711205508665,12.1776042318889,13.3199766930851,24.5377224480851,0.896793933565282,0.89807374740202,62.9928010192709,125.985602038542,0.125985602038542,0.000125985602038542,1.25985602038542e-07,28225694929266,17773245253749,28225694929.266,17773245253.749,28225.694929266,17773.245253749
"FASMEE23","Button","Smoke","S9PI",20250221,"3/10/2025","Lampman","B8B","B8","A",18,18,6,24,NA,"","","F23F",2023-10-10,2023-10-09 18:45:00,2023-10-10 00:45:00,2,"Blue","PTFE",4,60,15,2023-10-10 00:45:00,2023-10-10 01:00:00,"","B8",30,0.03,1.25,1.25,0,6,16.75,22.75,0.736263736263736,5.5384375,5.20875,5.6703125,12.79125,18.4615625,-3.50655789731998,0.75,5780000,4446159.63541667,1365600.26041667,3080559.375,0.69285847284053,2443881.33680556,1076024.83181424,3519906.16861979,0.694302978469406,8,1205.06665382693,1303.733104,3018.616525,226.646470588235,286,417.125,876.608941176471,1025.165,1821,12.078431372549,11.6666666666667,13.8888888888889,10.5555555555556,27.6117647058824,28,26,30,3.48006033349395,3.49058669865849,3.8025217445426,3.05727862595733,26588.54,25222.5,13803,1123.75,154.17,81.33,66054.875,67628,67854.375,68080.75,7.17298704669122,"Hazardous","High",NA,NA,NA,NA,NA,NA,NA,NA,NA,NA,NA,NA,NA,NA,NA,NA,NA,NA,NA,NA,NA,NA
"FASMEE23","Button","Smoke","S9PI",20250221,"3/10/2025","Lampman","B8B","B8","A",30,18,0,18,NA,"","","F23F",2023-10-10,2023-10-09 18:45:00,2023-10-10 00:45:00,2,"Blue","PTFE",4,60,15,2023-10-10 00:45:00,2023-10-10 01:00:00,"","B8",30,0.03,1.25,1.25,0,0,16.75,16.75,1,5.5384375,5.20875,0,12.79125,12.79125,-3.50655789731998,1,4335000,3080559.375,0,3080559.375,1,2443881.33680556,0,2443881.33680556,1,8,1205.06665382693,1303.733104,3018.616525,226.646470588235,286,417.125,876.608941176471,1025.165,1821,12.078431372549,11.6666666666667,13.8888888888889,10.5555555555556,27.6117647058824,28,26,30,3.48006033349395,3.49058669865849,3.8025217445426,3.05727862595733,26588.54,25222.5,13803,1123.75,154.17,81.33,66054.875,67628,67854.375,68080.75,7.17298704669122,"Hazardous","High",NA,NA,NA,NA,NA,NA,NA,NA,NA,NA,NA,NA,NA,NA,NA,NA,NA,NA,NA,NA,NA,NA
"FASMEE23","Button","Smoke","S9PI",20240912,"11/12/2024","Lampman","B10B","B10","A",33,19,9,28,2,"12,8","Photo24","F23B",2023-10-11,2023-10-10 18:25:00,2023-10-11 00:25:00,3,"Blue","PTFE",4,60,15,2023-10-11 00:25:00,2023-10-11 00:40:00,"Partial smoke at best","B10",30,0.03,1.675,1.5,0.175,8.825,17.5,26.325,0.664767331433998,5.9634375,5.45875,8.4953125,13.54125,22.0365625,-3.50655789731998,0.678571428571429,6743333.33333333,5307138.80208333,2045954.42708333,3261184.375,0.614490122949076,2624506.33680556,1756378.9984809,4380885.33528646,0.599081266899661,10,296.817832329909,284.73479828125,913.5914568125,162.399186046512,183.125,370.5,298.041569767442,316.625,762.75,10.0638569604087,10,10.5555555555556,7.77777777777778,31.3333333333333,31,31,32,3.46114545081116,3.49829032819435,3.65288745104373,2.95692571743565,15821,13422.125,3222.3325,205,3.335,0,32372.0625,32590.23,32594.855,32599.48,5.65155821470817,"Hazardous","Low",9.16936754497504,7.15880794304564,30.8100107581134,1.51685239597926,16.3873253245179,22.7938558681921,1.49529188355726,1.26651866080882,4.28245836580882,0.903533173719327,0.926980348124455,9.26602549754036,18.5320509950807,0.0185320509950807,1.85320509950807e-05,1.85320509950807e-08,236395061531471,141619852951097,236395061531.471,141619852951.097,236395.061531471,141619.852951097
"FASMEE23","Button","Smoke","S9PI",20240505,"11/15/2024","Lampman","B5B","B5","A",29,19,4,23,0,"","","F23A",2023-10-09,2023-10-09 14:54:00,2023-10-09 20:54:00,2,"Blue","PTFE",4,60,15,2023-10-09 20:54:00,2023-10-09 21:09:00,"Tons of smoke, probably best sample","B5",30,0.03,2.225,2.225,0,4,16.775,20.775,0.807460890493381,6.5134375,6.18375,3.6703125,12.81625,16.4865625,-3.50655789731998,0.826086956521739,5539166.66666667,3970513.80208333,883933.59375,3086580.20833333,0.777375514149781,2449902.17013889,594358.165147569,3044260.33528646,0.804761058619633,5,3103.14515205286,2932.4884253125,7815.8196078125,194.019761904762,217.1475,367.875,1917.98297619048,1852.75,4665.25,15.1785714285714,15.5555555555556,17.2222222222222,11.6666666666667,22.452380952381,22,21,26,3.5190117864711,3.52343484519426,4.17015860168985,2.80102987605014,33028.605,32110.7275,23311.6875,3647.1875,680.895,359.75,87614.52,93144.745,94353.6625,95216.85,7.98360663348233,"Hazardous","High",322.174432012725,291.175399446569,1054.07936790501,105.517683963091,582.755660846674,886.417688767653,70.6668673551349,92.0002656892252,119.499623739225,0.848064293202289,0.865044227490499,331.606761535804,663.213523071608,0.663213523071608,0.000663213523071608,6.63213523071608e-07,4590166257749.49,3693987056826.6,4590166257.74949,3693987056.8266,4590.16625774949,3693.9870568266
"FASMEE23","Button","Smoke","S9PI",20250115,"1/31/2025","Lampman","B6B","B6","A",10,19,7,26,1,"11","","F23E",2023-10-09,2023-10-09 15:17:00,2023-10-09 21:17:00,2,"Blue","PTFE",4,60,15,2023-10-09 21:17:00,2023-10-09 21:32:00,"","B6",30,0.03,2.1,2.1,0,7,16.9,23.9,0.707112970711297,6.3884375,6.05875,6.6703125,12.94125,19.6115625,-3.50655789731998,0.730769230769231,6261666.66666667,4723117.96875,1606433.59375,3116684.375,0.659878579281992,2480006.33680556,1316858.16514757,3796864.50195312,0.653172199200111,6,2552.17293182856,2955.6625303125,6517.6734277669,154.507209302326,194.25,313.25,1664.15703488372,1963.75,3738.33,13.8242894056848,13.8888888888889,15.5555555555556,11.1111111111111,23.2209302325581,23,22,26,3.31172741096193,3.36444793603563,3.99314168636426,2.60160702948977,31377.8325,30549.3325,22195.395,4200.125,822.5,468.5,83635.29,87917.25,88776.25,89658.9375,7.9914781112452,"Hazardous","High",431.473416388428,332.035187727671,1516.66468062123,39.6013389194573,823.729565151522,1165.0074584524,35.5148560084716,33.6919988392252,74.8868796292252,0.956378385565098,0.96119482754625,436.857954671367,873.715909342734,0.873715909342734,0.000873715909342734,8.73715909342734e-07,4345651099348.04,2838458485517.54,4345651099.34804,2838458485.51754,4345.65109934804,2838.45848551754
"FASMEE23","Button","Ambient","S9PI",20250115,"1/31/2025","Lampman","R6B","R6","A",29,19,0,19,NA,"","","F23E",2023-10-09,2023-10-09 12:11:00,2023-10-09 18:11:00,2,"Red","PTFE",4,40,10,2023-10-09 18:11:00,2023-10-09 18:21:00,"","R6",20,0.02,2.1,2.1,0,0,16.9,16.9,1,6.3884375,6.05875,0,12.94125,12.94125,-3.91202300542815,1,6863750,4675026.5625,0,4675026.5625,1,NA,NA,NA,NA,NA,NA,NA,NA,NA,NA,NA,NA,NA,NA,NA,NA,NA,NA,NA,NA,NA,NA,NA,NA,NA,NA,NA,NA,NA,NA,NA,NA,NA,NA,NA,NA,NA,NA,NA,NA,NA,NA,NA,NA,NA,NA,NA,NA,NA,NA,NA,NA,NA,NA,NA,NA,NA,NA,NA,NA,NA
"FASMEE23","Button","Smoke","S9PI",20250212,"2/24/2025","Lampman","R12B","R12","A",9,19,0,19,NA,"","","F23F",2023-10-10,2023-10-10 15:09:00,2023-10-10 21:09:00,3,"Red","PTFE",4,60,15,2023-10-10 21:09:00,2023-10-10 21:24:00,"","R12",30,0.03,1.25,1.25,0,0,17.75,17.75,1,5.5384375,5.20875,0,13.79125,13.79125,-3.50655789731998,1,4575833.33333333,3321392.70833333,0,3321392.70833333,1,2684714.67013889,0,2684714.67013889,1,NA,NA,NA,NA,NA,NA,NA,NA,NA,NA,NA,NA,NA,NA,NA,NA,NA,NA,NA,NA,NA,NA,NA,NA,NA,NA,NA,NA,NA,NA,NA,NA,NA,NA,NA,NA,NA,NA,NA,NA,NA,NA,NA,NA,NA,NA,NA,NA,NA,NA,NA,NA,NA,NA,NA,NA,NA
"FASMEE23","Button","Smoke","S9PI",20250212,"2/24/2025","Lampman","R13B","R13","A",27,19,3,22,NA,"","","F23F",2023-10-11,2023-10-10 18:25:00,2023-10-11 00:25:00,3,"Red","PTFE",4,60,15,2023-10-11 00:25:00,2023-10-11 00:40:00,"Partial smoke at best","R13",30,0.03,1.25,1.25,0,3,17.75,20.75,0.855421686746988,5.5384375,5.20875,2.6703125,13.79125,16.4615625,-3.50655789731998,0.863636363636364,5298333.33333333,3964492.96875,643100.260416667,3321392.70833333,0.83778499155229,2684714.67013889,353524.831814236,3038239.50195312,0.883641552423048,NA,NA,NA,NA,NA,NA,NA,NA,NA,NA,NA,NA,NA,NA,NA,NA,NA,NA,NA,NA,NA,NA,NA,NA,NA,NA,NA,NA,NA,NA,NA,NA,NA,NA,NA,NA,NA,NA,NA,NA,NA,NA,NA,NA,NA,NA,NA,NA,NA,NA,NA,NA,NA,NA,NA,NA,NA
"FASMEE23","Button","Smoke","S9PI",20240926,"11/14/2024","Lampman","B11B","B11","A",13,20,1,21,1,"10","Photo002","F23B",2023-10-11,2023-10-10 18:53:00,2023-10-11 00:53:00,3,"Blue","PTFE",4,52.28,13.07,2023-10-11 00:53:00,2023-10-11 01:06:04,"Arms loose on ATAT-RTH with time remaining on leland (1:56min)","B11",26.14,0.02614,1.675,1.5,0.175,0.825,18.5,19.325,0.957309184993532,5.9634375,5.45875,0.4953125,14.54125,15.0365625,-3.64428857078606,0.952380952380952,5804322.87681714,4156050.65273527,136902.555948738,4019148.09678653,0.967059459234782,3382470.05859209,0,3382470.05859209,1,11,126.519445912158,109.433425,372.7538288125,95.9646621621622,85.5425,240.415,159.535135135135,142.02,385.5,9.42192192192192,9.44444444444444,10,7.22222222222222,30.3108108108108,30,30,31,3.19763860610841,3.20003153837661,3.34652644641426,2.69939809952541,7999.75,6403.1875,1424.23,38.7925,0,0,15778.3125,15811,15812.25,15813.5,4.69531637348758,"Moderate/Unhealthy","Low",5.03917002239612,3.45635072732919,16.9430562803866,0.334627603826129,8.98035194956724,9.22013137699785,0.812405426978007,0.278427065808824,2.83584060580882,0.912070919480452,0.931800219280138,5.14133045415266,10.2826609083053,0.0102826609083053,1.02826609083053e-05,1.02826609083053e-08,328948906198012,328948906198012,328948906198.011,328948906198.011,328948.906198011,328948.906198011
"FASMEE23","Button","Smoke","S9PI",20240505,"11/15/2024","Lampman","B5B","B5","A",31,20,14,34,0,"","","F23A",2023-10-09,2023-10-09 14:54:00,2023-10-09 20:54:00,2,"Blue","PTFE",4,60,15,2023-10-09 20:54:00,2023-10-09 21:09:00,"Tons of smoke, probably best sample","B5",30,0.03,2.225,2.225,0,14,17.775,31.775,0.559402045633359,6.5134375,6.18375,13.6703125,13.81625,27.4865625,-3.50655789731998,0.588235294117647,8188333.33333333,6619680.46875,3292266.92708333,3327413.54166667,0.502654706276931,2690735.50347222,3002691.4984809,5693427.00195312,0.472603846953543,5,3103.14515205286,2932.4884253125,7815.8196078125,194.019761904762,217.1475,367.875,1917.98297619048,1852.75,4665.25,15.1785714285714,15.5555555555556,17.2222222222222,11.6666666666667,22.452380952381,22,21,26,3.5190117864711,3.52343484519426,4.17015860168985,2.80102987605014,33028.605,32110.7275,23311.6875,3647.1875,680.895,359.75,87614.52,93144.745,94353.6625,95216.85,7.98360663348233,"Hazardous","High",322.174432012725,291.175399446569,1054.07936790501,105.517683963091,582.755660846674,886.417688767653,70.6668673551349,92.0002656892252,119.499623739225,0.848064293202289,0.865044227490499,331.606761535804,663.213523071608,0.663213523071608,0.000663213523071608,6.63213523071608e-07,8584606320426.91,4057117971615.45,8584606320.42691,4057117971.61545,8584.60632042691,4057.11797161545
"FASMEE23","Button","Smoke","S9PI",20250115,"1/31/2025","Lampman","B6B","B6","A",6,20,6,26,1,"9","","F23E",2023-10-09,2023-10-09 15:17:00,2023-10-09 21:17:00,2,"Blue","PTFE",4,60,15,2023-10-09 21:17:00,2023-10-09 21:32:00,"","B6",30,0.03,2.1,2.1,0,6,17.9,23.9,0.748953974895398,6.3884375,6.05875,5.6703125,13.94125,19.6115625,-3.50655789731998,0.769230769230769,6261666.66666667,4723117.96875,1365600.26041667,3357517.70833333,0.710868907054193,2720839.67013889,1076024.83181424,3796864.50195312,0.716601729858749,6,2552.17293182856,2955.6625303125,6517.6734277669,154.507209302326,194.25,313.25,1664.15703488372,1963.75,3738.33,13.8242894056848,13.8888888888889,15.5555555555556,11.1111111111111,23.2209302325581,23,22,26,3.31172741096193,3.36444793603563,3.99314168636426,2.60160702948977,31377.8325,30549.3325,22195.395,4200.125,822.5,468.5,83635.29,87917.25,88776.25,89658.9375,7.9914781112452,"Hazardous","High",431.473416388428,332.035187727671,1516.66468062123,39.6013389194573,823.729565151522,1165.0074584524,35.5148560084716,33.6919988392252,74.8868796292252,0.956378385565098,0.96119482754625,436.857954671367,873.715909342734,0.873715909342734,0.000873715909342734,8.73715909342734e-07,4345651099348.04,3114101095155.38,4345651099.34804,3114101095.15538,4345.65109934804,3114.10109515538
"FASMEE23","Button","Ambient","S9PI",20250115,"1/31/2025","Lampman","R6B","R6","A",36,20,0,20,NA,"","","F23E",2023-10-09,2023-10-09 12:11:00,2023-10-09 18:11:00,2,"Red","PTFE",4,40,10,2023-10-09 18:11:00,2023-10-09 18:21:00,"","R6",20,0.02,2.1,2.1,0,0,17.9,17.9,1,6.3884375,6.05875,0,13.94125,13.94125,-3.91202300542815,1,7225000,5036276.5625,0,5036276.5625,1,NA,NA,NA,NA,NA,NA,NA,NA,NA,NA,NA,NA,NA,NA,NA,NA,NA,NA,NA,NA,NA,NA,NA,NA,NA,NA,NA,NA,NA,NA,NA,NA,NA,NA,NA,NA,NA,NA,NA,NA,NA,NA,NA,NA,NA,NA,NA,NA,NA,NA,NA,NA,NA,NA,NA,NA,NA,NA,NA,NA,NA
"FASMEE23","Button","Smoke","S9PI",20250115,"1/31/2025","Lampman","B6B","B6","A",29,21,0,21,NA,"","","F23E",2023-10-09,2023-10-09 15:17:00,2023-10-09 21:17:00,2,"Blue","PTFE",4,60,15,2023-10-09 21:17:00,2023-10-09 21:32:00,"","B6",30,0.03,2.1,2.1,0,0,18.9,18.9,1,6.3884375,6.05875,0,14.94125,14.94125,-3.50655789731998,1,5057500,3598351.04166667,0,3598351.04166667,1,2961673.00347222,0,2961673.00347222,1,6,2552.17293182856,2955.6625303125,6517.6734277669,154.507209302326,194.25,313.25,1664.15703488372,1963.75,3738.33,13.8242894056848,13.8888888888889,15.5555555555556,11.1111111111111,23.2209302325581,23,22,26,3.31172741096193,3.36444793603563,3.99314168636426,2.60160702948977,31377.8325,30549.3325,22195.395,4200.125,822.5,468.5,83635.29,87917.25,88776.25,89658.9375,7.9914781112452,"Hazardous","High",431.473416388428,332.035187727671,1516.66468062123,39.6013389194573,823.729565151522,1165.0074584524,35.5148560084716,33.6919988392252,74.8868796292252,0.956378385565098,0.96119482754625,436.857954671367,873.715909342734,0.873715909342734,0.000873715909342734,8.73715909342734e-07,3389743704793.23,3389743704793.23,3389743704.79323,3389743704.79323,3389.74370479323,3389.74370479323
"FASMEE23","Button","Ambient","S9PI",20250115,"1/31/2025","Lampman","R6B","R6","A",2,21,3,24,NA,"","","F23E",2023-10-09,2023-10-09 12:11:00,2023-10-09 18:11:00,2,"Red","PTFE",4,40,10,2023-10-09 18:11:00,2023-10-09 18:21:00,"","R6",20,0.02,2.1,2.1,0,3,18.9,21.9,0.863013698630137,6.3884375,6.05875,2.6703125,14.94125,17.6115625,-3.91202300542815,0.875,8670000,6362176.953125,964650.390625,5397526.5625,0.848377308941214,NA,NA,NA,NA,NA,NA,NA,NA,NA,NA,NA,NA,NA,NA,NA,NA,NA,NA,NA,NA,NA,NA,NA,NA,NA,NA,NA,NA,NA,NA,NA,NA,NA,NA,NA,NA,NA,NA,NA,NA,NA,NA,NA,NA,NA,NA,NA,NA,NA,NA,NA,NA,NA,NA,NA,NA,NA,NA,NA,NA,NA
"FASMEE23","Button","Ambient","S9PI",20250115,"1/31/2025","Lampman","R6B","R6","A",23,21,0,21,NA,"","","F23E",2023-10-09,2023-10-09 12:11:00,2023-10-09 18:11:00,2,"Red","PTFE",4,40,10,2023-10-09 18:11:00,2023-10-09 18:21:00,"","R6",20,0.02,2.1,2.1,0,0,18.9,18.9,1,6.3884375,6.05875,0,14.94125,14.94125,-3.91202300542815,1,7586250,5397526.5625,0,5397526.5625,1,NA,NA,NA,NA,NA,NA,NA,NA,NA,NA,NA,NA,NA,NA,NA,NA,NA,NA,NA,NA,NA,NA,NA,NA,NA,NA,NA,NA,NA,NA,NA,NA,NA,NA,NA,NA,NA,NA,NA,NA,NA,NA,NA,NA,NA,NA,NA,NA,NA,NA,NA,NA,NA,NA,NA,NA,NA,NA,NA,NA,NA
"FASMEE23","Button","Ambient","S9PI",20250115,"1/31/2025","Lampman","R6B","R6","A",24,21,4,25,NA,"","","F23E",2023-10-09,2023-10-09 12:11:00,2023-10-09 18:11:00,2,"Red","PTFE",4,40,10,2023-10-09 18:11:00,2023-10-09 18:21:00,"","R6",20,0.02,2.1,2.1,0,4,18.9,22.9,0.825327510917031,6.3884375,6.05875,3.6703125,14.94125,18.6115625,-3.91202300542815,0.84,9031250,6723426.953125,1325900.390625,5397526.5625,0.80279396208674,NA,NA,NA,NA,NA,NA,NA,NA,NA,NA,NA,NA,NA,NA,NA,NA,NA,NA,NA,NA,NA,NA,NA,NA,NA,NA,NA,NA,NA,NA,NA,NA,NA,NA,NA,NA,NA,NA,NA,NA,NA,NA,NA,NA,NA,NA,NA,NA,NA,NA,NA,NA,NA,NA,NA,NA,NA,NA,NA,NA,NA
"FASMEE23","Button","Smoke","S9PI",20250203,"2/12/2025","Lampman","R10B","R10","A",27,21,14,35,NA,"","","F23E",2023-10-10,2023-10-09 18:17:00,2023-10-10 00:17:00,2,"Red","PTFE",4,60,15,2023-10-10 00:17:00,2023-10-10 00:32:00,"","R10",30,0.03,2.1,2.1,0,14,18.9,32.9,0.574468085106383,6.3884375,6.05875,13.6703125,14.94125,28.6115625,-3.50655789731998,0.6,8429166.66666667,6890617.96875,3292266.92708333,3598351.04166667,0.522210207848663,2961673.00347222,3002691.4984809,5964364.50195312,0.496561369195725,NA,NA,NA,NA,NA,NA,NA,NA,NA,NA,NA,NA,NA,NA,NA,NA,NA,NA,NA,NA,NA,NA,NA,NA,NA,NA,NA,NA,NA,NA,NA,NA,NA,NA,NA,NA,NA,NA,NA,NA,NA,NA,NA,NA,NA,NA,NA,NA,NA,NA,NA,NA,NA,NA,NA,NA,NA
"FASMEE23","Button","Smoke","S9PI",20250212,"2/24/2025","Lampman","R13B","R13","A",5,21,0,21,NA,"","","F23F",2023-10-11,2023-10-10 18:25:00,2023-10-11 00:25:00,3,"Red","PTFE",4,60,15,2023-10-11 00:25:00,2023-10-11 00:40:00,"Partial smoke at best","R13",30,0.03,1.25,1.25,0,0,19.75,19.75,1,5.5384375,5.20875,0,15.79125,15.79125,-3.50655789731998,1,5057500,3803059.375,0,3803059.375,1,3166381.33680556,0,3166381.33680556,1,NA,NA,NA,NA,NA,NA,NA,NA,NA,NA,NA,NA,NA,NA,NA,NA,NA,NA,NA,NA,NA,NA,NA,NA,NA,NA,NA,NA,NA,NA,NA,NA,NA,NA,NA,NA,NA,NA,NA,NA,NA,NA,NA,NA,NA,NA,NA,NA,NA,NA,NA,NA,NA,NA,NA,NA,NA
"FASMEE23","Button","Smoke","S9PI",20250212,"2/26/2025","Lampman","R14B","R14","A",5,21,12,33,NA,"","","F23F",2023-10-11,2023-10-10 18:53:00,2023-10-11 00:53:00,3,"Red","PTFE",4,60,15,2023-10-11 00:53:00,2023-10-11 01:08:00,"Partial smoke at best","R14",30,0.03,1.25,1.25,0,12,19.75,31.75,0.622047244094488,5.5384375,5.20875,11.6703125,15.79125,27.4615625,-3.50655789731998,0.636363636363636,7947500,6613659.63541667,2810600.26041667,3803059.375,0.575031009251567,3166381.33680556,2521024.83181424,5687406.16861979,0.556735573815008,NA,NA,NA,NA,NA,NA,NA,NA,NA,NA,NA,NA,NA,NA,NA,NA,NA,NA,NA,NA,NA,NA,NA,NA,NA,NA,NA,NA,NA,NA,NA,NA,NA,NA,NA,NA,NA,NA,NA,NA,NA,NA,NA,NA,NA,NA,NA,NA,NA,NA,NA,NA,NA,NA,NA,NA,NA
"FASMEE23","Button","Smoke","S9PI",20240505,"11/15/2024","Lampman","B5B","B5","A",30,22,5,27,0,"","","F23A",2023-10-09,2023-10-09 14:54:00,2023-10-09 20:54:00,2,"Blue","PTFE",4,60,15,2023-10-09 20:54:00,2023-10-09 21:09:00,"Tons of smoke, probably best sample","B5",30,0.03,2.225,2.225,0,5,19.775,24.775,0.798183652875883,6.5134375,6.18375,4.6703125,15.81625,20.4865625,-3.50655789731998,0.814814814814815,6502500,4933847.13541667,1124766.92708333,3809080.20833333,0.772030446786766,3172402.17013889,835191.498480903,4007593.66861979,0.791597759767761,5,3103.14515205286,2932.4884253125,7815.8196078125,194.019761904762,217.1475,367.875,1917.98297619048,1852.75,4665.25,15.1785714285714,15.5555555555556,17.2222222222222,11.6666666666667,22.452380952381,22,21,26,3.5190117864711,3.52343484519426,4.17015860168985,2.80102987605014,33028.605,32110.7275,23311.6875,3647.1875,680.895,359.75,87614.52,93144.745,94353.6625,95216.85,7.98360663348233,"Hazardous","High",322.174432012725,291.175399446569,1054.07936790501,105.517683963091,582.755660846674,886.417688767653,70.6668673551349,92.0002656892252,119.499623739225,0.848064293202289,0.865044227490499,331.606761535804,663.213523071608,0.663213523071608,0.000663213523071608,6.63213523071608e-07,6042689916904.91,4783379801193.16,6042689916.90491,4783379801.19316,6042.68991690491,4783.37980119316
"FASMEE23","Button","Smoke","S9PI",20250115,"1/31/2025","Lampman","B6B","B6","A",5,22,5,27,NA,"","","F23E",2023-10-09,2023-10-09 15:17:00,2023-10-09 21:17:00,2,"Blue","PTFE",4,60,15,2023-10-09 21:17:00,2023-10-09 21:32:00,"","B6",30,0.03,2.1,2.1,0,5,19.9,24.9,0.799196787148594,6.3884375,6.05875,4.6703125,15.94125,20.6115625,-3.50655789731998,0.814814814814815,6502500,4963951.30208333,1124766.92708333,3839184.375,0.773412981184711,3202506.33680556,835191.498480903,4037697.83528646,0.793151559985011,6,2552.17293182856,2955.6625303125,6517.6734277669,154.507209302326,194.25,313.25,1664.15703488372,1963.75,3738.33,13.8242894056848,13.8888888888889,15.5555555555556,11.1111111111111,23.2209302325581,23,22,26,3.31172741096193,3.36444793603563,3.99314168636426,2.60160702948977,31377.8325,30549.3325,22195.395,4200.125,822.5,468.5,83635.29,87917.25,88776.25,89658.9375,7.9914781112452,"Hazardous","High",431.473416388428,332.035187727671,1516.66468062123,39.6013389194573,823.729565151522,1165.0074584524,35.5148560084716,33.6919988392252,74.8868796292252,0.956378385565098,0.96119482754625,436.857954671367,873.715909342734,0.873715909342734,0.000873715909342734,8.73715909342734e-07,4621293708985.88,3665386314431.07,4621293708.98588,3665386314.43107,4621.29370898588,3665.38631443107
"FASMEE23","Button","Ambient","S9PI",20250115,"1/31/2025","Lampman","R6B","R6","A",8,22,3,25,NA,"","","F23E",2023-10-09,2023-10-09 12:11:00,2023-10-09 18:11:00,2,"Red","PTFE",4,40,10,2023-10-09 18:11:00,2023-10-09 18:21:00,"","R6",20,0.02,2.1,2.1,0,3,19.9,22.9,0.868995633187773,6.3884375,6.05875,2.6703125,15.94125,18.6115625,-3.91202300542815,0.88,9031250,6723426.953125,964650.390625,5758776.5625,0.856524002216364,NA,NA,NA,NA,NA,NA,NA,NA,NA,NA,NA,NA,NA,NA,NA,NA,NA,NA,NA,NA,NA,NA,NA,NA,NA,NA,NA,NA,NA,NA,NA,NA,NA,NA,NA,NA,NA,NA,NA,NA,NA,NA,NA,NA,NA,NA,NA,NA,NA,NA,NA,NA,NA,NA,NA,NA,NA,NA,NA,NA,NA
"FASMEE23","Button","Smoke","S9PI",20250212,"2/12/2025","Lampman","R11B","R11","A",17,22,0,22,NA,"","","F23F",2023-10-10,2023-10-09 18:45:00,2023-10-10 00:45:00,2,"Red","PTFE",4,60,15,2023-10-10 00:45:00,2023-10-10 01:00:00,"","R11",30,0.03,1.25,1.25,0,0,20.75,20.75,1,5.5384375,5.20875,0,16.79125,16.79125,-3.50655789731998,1,5298333.33333333,4043892.70833333,0,4043892.70833333,1,3407214.67013889,0,3407214.67013889,1,NA,NA,NA,NA,NA,NA,NA,NA,NA,NA,NA,NA,NA,NA,NA,NA,NA,NA,NA,NA,NA,NA,NA,NA,NA,NA,NA,NA,NA,NA,NA,NA,NA,NA,NA,NA,NA,NA,NA,NA,NA,NA,NA,NA,NA,NA,NA,NA,NA,NA,NA,NA,NA,NA,NA,NA,NA
"FASMEE23","Button","Smoke","S9PI",20250212,"2/24/2025","Lampman","R12B","R12","A",33,22,0,22,NA,"","","F23F",2023-10-10,2023-10-10 15:09:00,2023-10-10 21:09:00,3,"Red","PTFE",4,60,15,2023-10-10 21:09:00,2023-10-10 21:24:00,"","R12",30,0.03,1.25,1.25,0,0,20.75,20.75,1,5.5384375,5.20875,0,16.79125,16.79125,-3.50655789731998,1,5298333.33333333,4043892.70833333,0,4043892.70833333,1,3407214.67013889,0,3407214.67013889,1,NA,NA,NA,NA,NA,NA,NA,NA,NA,NA,NA,NA,NA,NA,NA,NA,NA,NA,NA,NA,NA,NA,NA,NA,NA,NA,NA,NA,NA,NA,NA,NA,NA,NA,NA,NA,NA,NA,NA,NA,NA,NA,NA,NA,NA,NA,NA,NA,NA,NA,NA,NA,NA,NA,NA,NA,NA
"FASMEE23","Button","Smoke","S9PI",20250212,"2/24/2025","Lampman","R13B","R13","A",2,22,0,22,1,"19","60","F23F",2023-10-11,2023-10-10 18:25:00,2023-10-11 00:25:00,3,"Red","PTFE",4,60,15,2023-10-11 00:25:00,2023-10-11 00:40:00,"Partial smoke at best","R13",30,0.03,1.25,1.25,0,0,20.75,20.75,1,5.5384375,5.20875,0,16.79125,16.79125,-3.50655789731998,1,5298333.33333333,4043892.70833333,0,4043892.70833333,1,3407214.67013889,0,3407214.67013889,1,NA,NA,NA,NA,NA,NA,NA,NA,NA,NA,NA,NA,NA,NA,NA,NA,NA,NA,NA,NA,NA,NA,NA,NA,NA,NA,NA,NA,NA,NA,NA,NA,NA,NA,NA,NA,NA,NA,NA,NA,NA,NA,NA,NA,NA,NA,NA,NA,NA,NA,NA,NA,NA,NA,NA,NA,NA
"FASMEE23","Button","Smoke","S9PI",20250212,"2/26/2025","Lampman","R14B","R14","A",6,22,2,24,NA,"","","F23F",2023-10-11,2023-10-10 18:53:00,2023-10-11 00:53:00,3,"Red","PTFE",4,60,15,2023-10-11 00:53:00,2023-10-11 01:08:00,"Partial smoke at best","R14",30,0.03,1.25,1.25,0,2,20.75,22.75,0.912087912087912,5.5384375,5.20875,1.6703125,16.79125,18.4615625,-3.50655789731998,0.916666666666667,5780000,4446159.63541667,402266.927083333,4043892.70833333,0.909524857389509,3407214.67013889,112691.498480903,3519906.16861979,0.967984516324453,NA,NA,NA,NA,NA,NA,NA,NA,NA,NA,NA,NA,NA,NA,NA,NA,NA,NA,NA,NA,NA,NA,NA,NA,NA,NA,NA,NA,NA,NA,NA,NA,NA,NA,NA,NA,NA,NA,NA,NA,NA,NA,NA,NA,NA,NA,NA,NA,NA,NA,NA,NA,NA,NA,NA,NA,NA
"FASMEE23","Button","Smoke","S9PI",20250117,"3/3/2025","Lampman","R7B","R7","A",5,22,0,22,NA,"","","F23E",2023-10-09,2023-10-09 12:33:00,2023-10-09 18:33:00,2,"Red","PTFE",4,40,10,2023-10-09 18:33:00,2023-10-09 18:43:00,"Partial smoke towards end of sample","R7",20,0.02,2.1,2.1,0,0,19.9,19.9,1,6.3884375,6.05875,0,15.94125,15.94125,-3.91202300542815,1,7947500,5758776.5625,0,5758776.5625,1,5122098.52430555,0,5122098.52430555,1,NA,NA,NA,NA,NA,NA,NA,NA,NA,NA,NA,NA,NA,NA,NA,NA,NA,NA,NA,NA,NA,NA,NA,NA,NA,NA,NA,NA,NA,NA,NA,NA,NA,NA,NA,NA,NA,NA,NA,NA,NA,NA,NA,NA,NA,NA,NA,NA,NA,NA,NA,NA,NA,NA,NA,NA,NA
"FASMEE23","Button","Smoke","S9PI",20250127,"3/3/2025","Lampman","B9B","B9","A",22,22,20,42,NA,"","","F23E",2023-10-10,2023-10-10 15:09:00,2023-10-10 21:09:00,3,"Blue","PTFE",4,60,15,2023-10-10 21:09:00,2023-10-10 21:24:00,"","B9",30,0.03,2.1,2.1,0,20,19.9,39.9,0.49874686716792,6.3884375,6.05875,19.6703125,15.94125,35.6115625,-3.50655789731998,0.523809523809524,10115000,8576451.30208333,4737266.92708333,3839184.375,0.447642531832182,3202506.33680556,4447691.4984809,7650197.83528646,0.418617453529637,9,584.100794087505,188.516922417344,3114.5911041344,176.698148148148,130.5,422.625,446.172839506173,237.875,1716.21,10.8074935400517,10.5555555555556,11.6666666666667,10,33.0116279069767,33,31,34,3.84755654322465,3.82515368908763,4.16705056996941,3.64859285797902,11336.5,10298.67,2475.79,88.25,0.125,0,24722.5,24835.125,24836.25,24837.375,5.23918777695593,"Very Unhealthy","Low",61.2042743966305,66.3921308617705,201.814906555965,15.7464380900351,108.784440826061,218.711205508665,12.1776042318889,13.3199766930851,24.5377224480851,0.896793933565282,0.89807374740202,62.9928010192709,125.985602038542,0.125985602038542,0.000125985602038542,1.25985602038542e-07,60722794601133,25419621647129.5,60722794601.133,25419621647.1295,60722.794601133,25419.6216471295
"FASMEE23","Button","Smoke","S9PI",20250127,"3/5/2025","Lampman","R9B","R9","A",10,22,0,22,NA,"","","F23E",2023-10-09,2023-10-09 15:17:00,2023-10-09 21:17:00,2,"Red","PTFE",4,60,15,2023-10-09 21:17:00,2023-10-09 21:32:00,"","R9",30,0.03,2.1,2.1,0,0,19.9,19.9,1,6.3884375,6.05875,0,15.94125,15.94125,-3.50655789731998,1,5298333.33333333,3839184.375,0,3839184.375,1,3202506.33680556,0,3202506.33680556,1,NA,NA,NA,NA,NA,NA,NA,NA,NA,NA,NA,NA,NA,NA,NA,NA,NA,NA,NA,NA,NA,NA,NA,NA,NA,NA,NA,NA,NA,NA,NA,NA,NA,NA,NA,NA,NA,NA,NA,NA,NA,NA,NA,NA,NA,NA,NA,NA,NA,NA,NA,NA,NA,NA,NA,NA,NA
"FASMEE23","Button","Smoke","S9PI",20250221,"4/11/2025","Lampman","B7B","B7","A",12,22,9,31,NA,"","","F23F",2023-10-10,2023-10-09 18:17:00,2023-10-10 00:17:00,2,"Blue","PTFE",4,60,15,2023-10-10 00:17:00,2023-10-10 00:32:00,"","B7",30,0.03,1.25,1.25,0,9,20.75,29.75,0.697478991596639,5.5384375,5.20875,8.6703125,16.79125,25.4615625,-3.50655789731998,0.709677419354839,7465833.33333333,6131992.96875,2088100.26041667,4043892.70833333,0.659474452913092,3407214.67013889,1798524.83181424,5205739.50195312,0.654511173457786,7,1625.52013208166,1670.54342003125,4296.5432918125,191.864464285714,243.5,323.75,1134.54755952381,1266.25,2565.125,11.9378306878307,12.2222222222222,12.7777777777778,9.44444444444444,27.4642857142857,27,27,29,3.43830869055206,3.49798559298276,3.81130962441916,2.83267941327911,27600.25,26431.75,16400.9375,2164.5625,366.75,209,70499.125,72762.875,73162.6025,73501.915,7.42090425369562,"Hazardous","High",NA,NA,NA,NA,NA,NA,NA,NA,NA,NA,NA,NA,NA,NA,NA,NA,NA,NA,NA,NA,NA,NA
"FASMEE23","Button","Smoke","S9PI",20240912,"11/12/2024","Lampman","B10B","B10","A",14,23,8,31,0,"","","F23B",2023-10-11,2023-10-10 18:25:00,2023-10-11 00:25:00,3,"Blue","PTFE",4,60,15,2023-10-11 00:25:00,2023-10-11 00:40:00,"Partial smoke at best","B10",30,0.03,1.675,1.5,0.175,7.825,21.5,29.325,0.733162830349531,5.9634375,5.45875,7.4953125,17.54125,25.0365625,-3.50655789731998,0.741935483870968,7465833.33333333,6029638.80208333,1805121.09375,4224517.70833333,0.700625335446909,3587839.67013889,1515545.66514757,5103385.33528646,0.703031308518172,10,296.817832329909,284.73479828125,913.5914568125,162.399186046512,183.125,370.5,298.041569767442,316.625,762.75,10.0638569604087,10,10.5555555555556,7.77777777777778,31.3333333333333,31,31,32,3.46114545081116,3.49829032819435,3.65288745104373,2.95692571743565,15821,13422.125,3222.3325,205,3.335,0,32372.0625,32590.23,32594.855,32599.48,5.65155821470817,"Hazardous","Low",9.16936754497504,7.15880794304564,30.8100107581134,1.51685239597926,16.3873253245179,22.7938558681921,1.49529188355726,1.26651866080882,4.28245836580882,0.903533173719327,0.926980348124455,9.26602549754036,18.5320509950807,0.0185320509950807,1.85320509950807e-05,1.85320509950807e-08,275381571993361,193601866900284,275381571993.361,193601866900.284,275381.571993361,193601.866900284
"FASMEE23","Button","Smoke","S9PI",20240505,"11/15/2024","Lampman","B5B","B5","A",12,23,1,24,0,"","","F23A",2023-10-09,2023-10-09 14:54:00,2023-10-09 20:54:00,2,"Blue","PTFE",4,60,15,2023-10-09 20:54:00,2023-10-09 21:09:00,"Tons of smoke, probably best sample","B5",30,0.03,2.225,2.225,0,1,20.775,21.775,0.954075774971297,6.5134375,6.18375,0.6703125,16.81625,17.4865625,-3.50655789731998,0.958333333333333,5780000,4211347.13541667,161433.59375,4049913.54166667,0.961666994299194,3413235.50347222,0,3413235.50347222,1,5,3103.14515205286,2932.4884253125,7815.8196078125,194.019761904762,217.1475,367.875,1917.98297619048,1852.75,4665.25,15.1785714285714,15.5555555555556,17.2222222222222,11.6666666666667,22.452380952381,22,21,26,3.5190117864711,3.52343484519426,4.17015860168985,2.80102987605014,33028.605,32110.7275,23311.6875,3647.1875,680.895,359.75,87614.52,93144.745,94353.6625,95216.85,7.98360663348233,"Hazardous","High",322.174432012725,291.175399446569,1054.07936790501,105.517683963091,582.755660846674,886.417688767653,70.6668673551349,92.0002656892252,119.499623739225,0.848064293202289,0.865044227490499,331.606761535804,663.213523071608,0.663213523071608,0.000663213523071608,6.63213523071608e-07,5146510715982.02,5146510715982.02,5146510715.98202,5146510715.98202,5146.51071598202,5146.51071598202
"FASMEE23","Button","Ambient","S9PI",20241217,"12/19/2024","Lampman","R1B","R1","A",31,23,3,26,NA,"","","F23D",2023-10-08,2023-10-08 13:09:00,2023-10-08 19:09:00,1,"Red","PTFE",4,40,10,2023-10-08 19:09:00,2023-10-08 19:19:00,"","R1",20,0.02,1.2125,1.1125,0.1,2.9,21.8875,24.7875,0.883005547150782,5.5009375,5.07125,2.5703125,17.92875,20.4990625,-3.91202300542815,0.884615384615385,9392500,7405286.328125,928525.390625,6476760.9375,0.874613168285135,NA,NA,NA,NA,NA,NA,NA,NA,NA,NA,NA,NA,NA,NA,NA,NA,NA,NA,NA,NA,NA,NA,NA,NA,NA,NA,NA,NA,NA,NA,NA,NA,NA,NA,NA,NA,NA,NA,NA,NA,NA,NA,NA,NA,NA,NA,NA,NA,NA,NA,NA,NA,NA,NA,NA,NA,NA,NA,NA,NA,NA
"FASMEE23","Button","Smoke","S9PI",20250212,"2/12/2025","Lampman","R11B","R11","A",6,23,7,30,NA,"","","F23F",2023-10-10,2023-10-09 18:45:00,2023-10-10 00:45:00,2,"Red","PTFE",4,60,15,2023-10-10 00:45:00,2023-10-10 01:00:00,"","R11",30,0.03,1.25,1.25,0,7,21.75,28.75,0.756521739130435,5.5384375,5.20875,6.6703125,17.79125,24.4615625,-3.50655789731998,0.766666666666667,7225000,5891159.63541667,1606433.59375,4284726.04166667,0.72731453683713,3648048.00347222,1316858.16514757,4964906.16861979,0.734766756828026,NA,NA,NA,NA,NA,NA,NA,NA,NA,NA,NA,NA,NA,NA,NA,NA,NA,NA,NA,NA,NA,NA,NA,NA,NA,NA,NA,NA,NA,NA,NA,NA,NA,NA,NA,NA,NA,NA,NA,NA,NA,NA,NA,NA,NA,NA,NA,NA,NA,NA,NA,NA,NA,NA,NA,NA,NA
"FASMEE23","Button","Smoke","S9PI",20250212,"2/24/2025","Lampman","R13B","R13","A",3,23,2,25,NA,"","","F23F",2023-10-11,2023-10-10 18:25:00,2023-10-11 00:25:00,3,"Red","PTFE",4,60,15,2023-10-11 00:25:00,2023-10-11 00:40:00,"Partial smoke at best","R13",30,0.03,1.25,1.25,0,2,21.75,23.75,0.91578947368421,5.5384375,5.20875,1.6703125,17.79125,19.4615625,-3.50655789731998,0.92,6020833.33333333,4686992.96875,402266.927083333,4284726.04166667,0.914173772018562,3648048.00347222,112691.498480903,3760739.50195312,0.970034750233996,NA,NA,NA,NA,NA,NA,NA,NA,NA,NA,NA,NA,NA,NA,NA,NA,NA,NA,NA,NA,NA,NA,NA,NA,NA,NA,NA,NA,NA,NA,NA,NA,NA,NA,NA,NA,NA,NA,NA,NA,NA,NA,NA,NA,NA,NA,NA,NA,NA,NA,NA,NA,NA,NA,NA,NA,NA
"FASMEE23","Button","Smoke","S9PI",20250127,"3/3/2025","Lampman","B9B","B9","A",23,23,0,23,1,"15","","F23E",2023-10-10,2023-10-10 15:09:00,2023-10-10 21:09:00,3,"Blue","PTFE",4,60,15,2023-10-10 21:09:00,2023-10-10 21:24:00,"","B9",30,0.03,2.1,2.1,0,0,20.9,20.9,1,6.3884375,6.05875,0,16.94125,16.94125,-3.50655789731998,1,5539166.66666667,4080017.70833333,0,4080017.70833333,1,3443339.67013889,0,3443339.67013889,1,9,584.100794087505,188.516922417344,3114.5911041344,176.698148148148,130.5,422.625,446.172839506173,237.875,1716.21,10.8074935400517,10.5555555555556,11.6666666666667,10,33.0116279069767,33,31,34,3.84755654322465,3.82515368908763,4.16705056996941,3.64859285797902,11336.5,10298.67,2475.79,88.25,0.125,0,24722.5,24835.125,24836.25,24837.375,5.23918777695593,"Very Unhealthy","Low",61.2042743966305,66.3921308617705,201.814906555965,15.7464380900351,108.784440826061,218.711205508665,12.1776042318889,13.3199766930851,24.5377224480851,0.896793933565282,0.89807374740202,62.9928010192709,125.985602038542,0.125985602038542,0.000125985602038542,1.25985602038542e-07,27331215745474.6,27331215745474.6,27331215745.4746,27331215745.4746,27331.2157454746,27331.2157454746
"FASMEE23","Button","Smoke","S9PI",20240912,"11/12/2024","Lampman","B10B","B10","A",16,24,8,32,1,"26","Photo22","F23B",2023-10-11,2023-10-10 18:25:00,2023-10-11 00:25:00,3,"Blue","PTFE",4,60,15,2023-10-11 00:25:00,2023-10-11 00:40:00,"Partial smoke at best","B10",30,0.03,1.675,1.5,0.175,7.825,22.5,30.325,0.741962077493817,5.9634375,5.45875,7.4953125,18.54125,26.0365625,-3.50655789731998,0.75,7706666.66666667,6270472.13541667,1805121.09375,4465351.04166667,0.712123576220939,3828673.00347222,1515545.66514757,5344218.66861979,0.716413986941336,10,296.817832329909,284.73479828125,913.5914568125,162.399186046512,183.125,370.5,298.041569767442,316.625,762.75,10.0638569604087,10,10.5555555555556,7.77777777777778,31.3333333333333,31,31,32,3.46114545081116,3.49829032819435,3.65288745104373,2.95692571743565,15821,13422.125,3222.3325,205,3.335,0,32372.0625,32590.23,32594.855,32599.48,5.65155821470817,"Hazardous","Low",9.16936754497504,7.15880794304564,30.8100107581134,1.51685239597926,16.3873253245179,22.7938558681921,1.49529188355726,1.26651866080882,4.28245836580882,0.903533173719327,0.926980348124455,9.26602549754036,18.5320509950807,0.0185320509950807,1.85320509950807e-05,1.85320509950807e-08,288377075480658,206597370387581,288377075480.658,206597370387.581,288377.075480658,206597.370387581
"FASMEE23","Button","Smoke","S9PI",20240505,"11/15/2024","Lampman","B5B","B5","A",38,24,3,27,0,"","","F23A",2023-10-09,2023-10-09 14:54:00,2023-10-09 20:54:00,2,"Blue","PTFE",4,60,15,2023-10-09 20:54:00,2023-10-09 21:09:00,"Tons of smoke, probably best sample","B5",30,0.03,2.225,2.225,0,3,21.775,24.775,0.87891019172553,6.5134375,6.18375,2.6703125,17.81625,20.4865625,-3.50655789731998,0.888888888888889,6502500,4933847.13541667,643100.260416667,4290746.875,0.869655414372226,3654068.83680556,353524.831814236,4007593.66861979,0.911786258526556,5,3103.14515205286,2932.4884253125,7815.8196078125,194.019761904762,217.1475,367.875,1917.98297619048,1852.75,4665.25,15.1785714285714,15.5555555555556,17.2222222222222,11.6666666666667,22.452380952381,22,21,26,3.5190117864711,3.52343484519426,4.17015860168985,2.80102987605014,33028.605,32110.7275,23311.6875,3647.1875,680.895,359.75,87614.52,93144.745,94353.6625,95216.85,7.98360663348233,"Hazardous","High",322.174432012725,291.175399446569,1054.07936790501,105.517683963091,582.755660846674,886.417688767653,70.6668673551349,92.0002656892252,119.499623739225,0.848064293202289,0.865044227490499,331.606761535804,663.213523071608,0.663213523071608,0.000663213523071608,6.63213523071608e-07,6042689916904.91,5509641630770.88,6042689916.90491,5509641630.77088,6042.68991690491,5509.64163077088
"FASMEE23","Button","Ambient","S9PI",20250115,"1/31/2025","Lampman","R6B","R6","A",4,24,2,26,NA,"","","F23E",2023-10-09,2023-10-09 12:11:00,2023-10-09 18:11:00,2,"Red","PTFE",4,40,10,2023-10-09 18:11:00,2023-10-09 18:21:00,"","R6",20,0.02,2.1,2.1,0,2,21.9,23.9,0.916317991631799,6.3884375,6.05875,1.6703125,17.94125,19.6115625,-3.91202300542815,0.923076923076923,9392500,7084676.953125,603400.390625,6481276.5625,0.914830218142996,NA,NA,NA,NA,NA,NA,NA,NA,NA,NA,NA,NA,NA,NA,NA,NA,NA,NA,NA,NA,NA,NA,NA,NA,NA,NA,NA,NA,NA,NA,NA,NA,NA,NA,NA,NA,NA,NA,NA,NA,NA,NA,NA,NA,NA,NA,NA,NA,NA,NA,NA,NA,NA,NA,NA,NA,NA,NA,NA,NA,NA
"FASMEE23","Button","Smoke","S9PI",20250212,"2/24/2025","Lampman","R12B","R12","A",4,24,16,40,1,"40","ph 50","F23F",2023-10-10,2023-10-10 15:09:00,2023-10-10 21:09:00,3,"Red","PTFE",4,60,15,2023-10-10 21:09:00,2023-10-10 21:24:00,"","R12",30,0.03,1.25,1.25,0,16,22.75,38.75,0.587096774193548,5.5384375,5.20875,15.6703125,18.79125,34.4615625,-3.50655789731998,0.6,9633333.33333333,8299492.96875,3773933.59375,4525559.375,0.545281427677575,3888881.33680556,3484358.16514757,7373239.50195312,0.527431848073756,NA,NA,NA,NA,NA,NA,NA,NA,NA,NA,NA,NA,NA,NA,NA,NA,NA,NA,NA,NA,NA,NA,NA,NA,NA,NA,NA,NA,NA,NA,NA,NA,NA,NA,NA,NA,NA,NA,NA,NA,NA,NA,NA,NA,NA,NA,NA,NA,NA,NA,NA,NA,NA,NA,NA,NA,NA
"FASMEE23","Button","Smoke","S9PI",20250117,"3/3/2025","Lampman","R7B","R7","A",6,24,0,24,NA,"","","F23E",2023-10-09,2023-10-09 12:33:00,2023-10-09 18:33:00,2,"Red","PTFE",4,40,10,2023-10-09 18:33:00,2023-10-09 18:43:00,"Partial smoke towards end of sample","R7",20,0.02,2.1,2.1,0,0,21.9,21.9,1,6.3884375,6.05875,0,17.94125,17.94125,-3.91202300542815,1,8670000,6481276.5625,0,6481276.5625,1,5844598.52430555,0,5844598.52430555,1,NA,NA,NA,NA,NA,NA,NA,NA,NA,NA,NA,NA,NA,NA,NA,NA,NA,NA,NA,NA,NA,NA,NA,NA,NA,NA,NA,NA,NA,NA,NA,NA,NA,NA,NA,NA,NA,NA,NA,NA,NA,NA,NA,NA,NA,NA,NA,NA,NA,NA,NA,NA,NA,NA,NA,NA,NA
"FASMEE23","Button","Smoke","S9PI",20240505,"11/15/2024","Lampman","B5B","B5","A",3,25,6,31,1,"10","6","F23A",2023-10-09,2023-10-09 14:54:00,2023-10-09 20:54:00,2,"Blue","PTFE",4,60,15,2023-10-09 20:54:00,2023-10-09 21:09:00,"Tons of smoke, probably best sample","B5",30,0.03,2.225,2.225,0,6,22.775,28.775,0.791485664639444,6.5134375,6.18375,5.6703125,18.81625,24.4865625,-3.50655789731998,0.806451612903226,7465833.33333333,5897180.46875,1365600.26041667,4531580.20833333,0.768431665326646,3894902.17013889,1076024.83181424,4970927.00195312,0.783536384382338,5,3103.14515205286,2932.4884253125,7815.8196078125,194.019761904762,217.1475,367.875,1917.98297619048,1852.75,4665.25,15.1785714285714,15.5555555555556,17.2222222222222,11.6666666666667,22.452380952381,22,21,26,3.5190117864711,3.52343484519426,4.17015860168985,2.80102987605014,33028.605,32110.7275,23311.6875,3647.1875,680.895,359.75,87614.52,93144.745,94353.6625,95216.85,7.98360663348233,"Hazardous","High",322.174432012725,291.175399446569,1054.07936790501,105.517683963091,582.755660846674,886.417688767653,70.6668673551349,92.0002656892252,119.499623739225,0.848064293202289,0.865044227490499,331.606761535804,663.213523071608,0.663213523071608,0.000663213523071608,6.63213523071608e-07,7495213576060.34,5872772545559.73,7495213576.06034,5872772545.55973,7495.21357606034,5872.77254555973
"FASMEE23","Button","Smoke","S9PI",20240505,"11/15/2024","Lampman","B5B","B5","A",39,25,6,31,0,"","","F23A",2023-10-09,2023-10-09 14:54:00,2023-10-09 20:54:00,2,"Blue","PTFE",4,60,15,2023-10-09 20:54:00,2023-10-09 21:09:00,"Tons of smoke, probably best sample","B5",30,0.03,2.225,2.225,0,6,22.775,28.775,0.791485664639444,6.5134375,6.18375,5.6703125,18.81625,24.4865625,-3.50655789731998,0.806451612903226,7465833.33333333,5897180.46875,1365600.26041667,4531580.20833333,0.768431665326646,3894902.17013889,1076024.83181424,4970927.00195312,0.783536384382338,5,3103.14515205286,2932.4884253125,7815.8196078125,194.019761904762,217.1475,367.875,1917.98297619048,1852.75,4665.25,15.1785714285714,15.5555555555556,17.2222222222222,11.6666666666667,22.452380952381,22,21,26,3.5190117864711,3.52343484519426,4.17015860168985,2.80102987605014,33028.605,32110.7275,23311.6875,3647.1875,680.895,359.75,87614.52,93144.745,94353.6625,95216.85,7.98360663348233,"Hazardous","High",322.174432012725,291.175399446569,1054.07936790501,105.517683963091,582.755660846674,886.417688767653,70.6668673551349,92.0002656892252,119.499623739225,0.848064293202289,0.865044227490499,331.606761535804,663.213523071608,0.663213523071608,0.000663213523071608,6.63213523071608e-07,7495213576060.34,5872772545559.73,7495213576.06034,5872772545.55973,7495.21357606034,5872.77254555973
"FASMEE23","Button","Smoke","S9PI",20250203,"2/12/2025","Lampman","R10B","R10","A",30,25,0,25,NA,"","","F23E",2023-10-10,2023-10-09 18:17:00,2023-10-10 00:17:00,2,"Red","PTFE",4,60,15,2023-10-10 00:17:00,2023-10-10 00:32:00,"","R10",30,0.03,2.1,2.1,0,0,22.9,22.9,1,6.3884375,6.05875,0,18.94125,18.94125,-3.50655789731998,1,6020833.33333333,4561684.375,0,4561684.375,1,3925006.33680556,0,3925006.33680556,1,NA,NA,NA,NA,NA,NA,NA,NA,NA,NA,NA,NA,NA,NA,NA,NA,NA,NA,NA,NA,NA,NA,NA,NA,NA,NA,NA,NA,NA,NA,NA,NA,NA,NA,NA,NA,NA,NA,NA,NA,NA,NA,NA,NA,NA,NA,NA,NA,NA,NA,NA,NA,NA,NA,NA,NA,NA
"FASMEE23","Button","Smoke","S9PI",20250212,"2/12/2025","Lampman","R11B","R11","A",21,25,0,25,NA,"","","F23F",2023-10-10,2023-10-09 18:45:00,2023-10-10 00:45:00,2,"Red","PTFE",4,60,15,2023-10-10 00:45:00,2023-10-10 01:00:00,"","R11",30,0.03,1.25,1.25,0,0,23.75,23.75,1,5.5384375,5.20875,0,19.79125,19.79125,-3.50655789731998,1,6020833.33333333,4766392.70833333,0,4766392.70833333,1,4129714.67013889,0,4129714.67013889,1,NA,NA,NA,NA,NA,NA,NA,NA,NA,NA,NA,NA,NA,NA,NA,NA,NA,NA,NA,NA,NA,NA,NA,NA,NA,NA,NA,NA,NA,NA,NA,NA,NA,NA,NA,NA,NA,NA,NA,NA,NA,NA,NA,NA,NA,NA,NA,NA,NA,NA,NA,NA,NA,NA,NA,NA,NA
"FASMEE23","Button","Smoke","S9PI",20250117,"3/3/2025","Lampman","R7B","R7","A",35,25,0,25,NA,"","","F23E",2023-10-09,2023-10-09 12:33:00,2023-10-09 18:33:00,2,"Red","PTFE",4,40,10,2023-10-09 18:33:00,2023-10-09 18:43:00,"Partial smoke towards end of sample","R7",20,0.02,2.1,2.1,0,0,22.9,22.9,1,6.3884375,6.05875,0,18.94125,18.94125,-3.91202300542815,1,9031250,6842526.5625,0,6842526.5625,1,6205848.52430555,0,6205848.52430555,1,NA,NA,NA,NA,NA,NA,NA,NA,NA,NA,NA,NA,NA,NA,NA,NA,NA,NA,NA,NA,NA,NA,NA,NA,NA,NA,NA,NA,NA,NA,NA,NA,NA,NA,NA,NA,NA,NA,NA,NA,NA,NA,NA,NA,NA,NA,NA,NA,NA,NA,NA,NA,NA,NA,NA,NA,NA
"FASMEE23","Button","Smoke","S9PI",20240912,"11/12/2024","Lampman","B12B","B12","A",18,26,15,41,3,"10,12,11","Photo38","F23B",2023-10-11,2023-10-10 19:29:00,2023-10-11 01:29:00,3,"Blue","PTFE",4,60,15,2023-10-11 01:29:00,2023-10-11 01:44:00,"Partial smoke at best","B12",30,0.03,1.675,1.5,0.175,14.825,24.5,39.325,0.623013350286078,5.9634375,5.45875,14.4953125,20.54125,35.0365625,-3.50655789731998,0.634146341463415,9874166.66666666,8437972.13541666,3490954.42708333,4947017.70833333,0.586280403507051,4310339.67013889,3201378.9984809,7511718.66861979,0.573815375720251,12,97.2710784691779,70.63031,343.96187725,71.5695081967213,55.375,217.25,119.030737704918,94.21,369.875,9.51730418943534,9.44444444444444,10.5555555555556,8.88888888888889,30.2622950819672,30,30,32,3.22274350561617,3.20067977403102,3.59115262850359,3.05362161156916,5352.375,4262.04,915.835,8.29,0,0,10439.125,10456.375,10456.375,10456.375,4.257459372481,"Moderate/Unhealthy","Low",12.4836759454948,13.1564633792446,42.6384496071778,2.83267731716567,22.6222156083308,43.3128495814939,1.66076798489259,2.36439821080882,3.08124897580882,0.948198027037845,0.934616975798477,12.580490102955,25.1609802059101,0.02516098020591,2.516098020591e-05,2.516098020591e-08,298546344663288,171310482932872,298546344663.288,171310482932.872,298546.344663288,171310.482932872
"FASMEE23","Button","Ambient","S9PI",20250115,"1/31/2025","Lampman","R6B","R6","A",1,26,0,26,NA,"","","F23E",2023-10-09,2023-10-09 12:11:00,2023-10-09 18:11:00,2,"Red","PTFE",4,40,10,2023-10-09 18:11:00,2023-10-09 18:21:00,"","R6",20,0.02,2.1,2.1,0,0,23.9,23.9,1,6.3884375,6.05875,0,19.94125,19.94125,-3.91202300542815,1,9392500,7203776.5625,0,7203776.5625,1,NA,NA,NA,NA,NA,NA,NA,NA,NA,NA,NA,NA,NA,NA,NA,NA,NA,NA,NA,NA,NA,NA,NA,NA,NA,NA,NA,NA,NA,NA,NA,NA,NA,NA,NA,NA,NA,NA,NA,NA,NA,NA,NA,NA,NA,NA,NA,NA,NA,NA,NA,NA,NA,NA,NA,NA,NA,NA,NA,NA,NA
"FASMEE23","Button","Smoke","S9PI",20250212,"2/24/2025","Lampman","R12B","R12","A",6,26,5,31,NA,"","","F23F",2023-10-10,2023-10-10 15:09:00,2023-10-10 21:09:00,3,"Red","PTFE",4,60,15,2023-10-10 21:09:00,2023-10-10 21:24:00,"","R12",30,0.03,1.25,1.25,0,5,24.75,29.75,0.831932773109244,5.5384375,5.20875,4.6703125,20.79125,25.4615625,-3.50655789731998,0.838709677419355,7465833.33333333,6131992.96875,1124766.92708333,5007226.04166667,0.816574002479227,4370548.00347222,835191.498480903,5205739.50195312,0.839563332324341,NA,NA,NA,NA,NA,NA,NA,NA,NA,NA,NA,NA,NA,NA,NA,NA,NA,NA,NA,NA,NA,NA,NA,NA,NA,NA,NA,NA,NA,NA,NA,NA,NA,NA,NA,NA,NA,NA,NA,NA,NA,NA,NA,NA,NA,NA,NA,NA,NA,NA,NA,NA,NA,NA,NA,NA,NA
"FASMEE23","Button","Smoke","S9PI",20250212,"2/24/2025","Lampman","R12B","R12","A",36,26,0,26,NA,"","","F23F",2023-10-10,2023-10-10 15:09:00,2023-10-10 21:09:00,3,"Red","PTFE",4,60,15,2023-10-10 21:09:00,2023-10-10 21:24:00,"","R12",30,0.03,1.25,1.25,0,0,24.75,24.75,1,5.5384375,5.20875,0,20.79125,20.79125,-3.50655789731998,1,6261666.66666667,5007226.04166667,0,5007226.04166667,1,4370548.00347222,0,4370548.00347222,1,NA,NA,NA,NA,NA,NA,NA,NA,NA,NA,NA,NA,NA,NA,NA,NA,NA,NA,NA,NA,NA,NA,NA,NA,NA,NA,NA,NA,NA,NA,NA,NA,NA,NA,NA,NA,NA,NA,NA,NA,NA,NA,NA,NA,NA,NA,NA,NA,NA,NA,NA,NA,NA,NA,NA,NA,NA
"FASMEE23","Button","Smoke","S9PI",20240505,"3/31/2025","Lampman","R8B","R8B","A",16,26,15,41,NA,"","","F23A",2023-10-09,2023-10-09 14:54:00,2023-10-09 20:54:00,2,"Red","PTFE",4,60,15,2023-10-09 20:54:00,2023-10-09 21:09:00,"Tons of smoke, probably best sample","R8",30,0.03,2.225,2.225,0,15,23.775,38.775,0.613152804642166,6.5134375,6.18375,14.6703125,19.81625,34.4865625,-3.50655789731998,0.634146341463415,9874166.66666666,8305513.80208333,3533100.26041667,4772413.54166667,0.57460786357005,4135735.50347222,3243524.83181424,7379260.33528646,0.560453936513906,NA,NA,NA,NA,NA,NA,NA,NA,NA,NA,NA,NA,NA,NA,NA,NA,NA,NA,NA,NA,NA,NA,NA,NA,NA,NA,NA,NA,NA,NA,NA,NA,NA,NA,NA,NA,NA,NA,NA,NA,NA,NA,NA,NA,NA,NA,NA,NA,NA,NA,NA,NA,NA,NA,NA,NA,NA
"FASMEE23","Button","Smoke","S9PI",20250212,"2/24/2025","Lampman","R12B","R12","A",40,27,18,45,1,"45","ph58","F23F",2023-10-10,2023-10-10 15:09:00,2023-10-10 21:09:00,3,"Red","PTFE",4,60,15,2023-10-10 21:09:00,2023-10-10 21:24:00,"","R12",30,0.03,1.25,1.25,0,18,25.75,43.75,0.588571428571429,5.5384375,5.20875,17.6703125,21.79125,39.4615625,-3.50655789731998,0.6,10837500,9503659.63541666,4255600.26041667,5248059.375,0.55221457589268,4611381.33680556,3966024.83181424,8577406.16861979,0.537619560756744,NA,NA,NA,NA,NA,NA,NA,NA,NA,NA,NA,NA,NA,NA,NA,NA,NA,NA,NA,NA,NA,NA,NA,NA,NA,NA,NA,NA,NA,NA,NA,NA,NA,NA,NA,NA,NA,NA,NA,NA,NA,NA,NA,NA,NA,NA,NA,NA,NA,NA,NA,NA,NA,NA,NA,NA,NA
"FASMEE23","Button","Smoke","S9PI",20250117,"3/3/2025","Lampman","R7B","R7","A",3,27,0,27,NA,"","","F23E",2023-10-09,2023-10-09 12:33:00,2023-10-09 18:33:00,2,"Red","PTFE",4,40,10,2023-10-09 18:33:00,2023-10-09 18:43:00,"Partial smoke towards end of sample","R7",20,0.02,2.1,2.1,0,0,24.9,24.9,1,6.3884375,6.05875,0,20.94125,20.94125,-3.91202300542815,1,9753750,7565026.5625,0,7565026.5625,1,6928348.52430555,0,6928348.52430555,1,NA,NA,NA,NA,NA,NA,NA,NA,NA,NA,NA,NA,NA,NA,NA,NA,NA,NA,NA,NA,NA,NA,NA,NA,NA,NA,NA,NA,NA,NA,NA,NA,NA,NA,NA,NA,NA,NA,NA,NA,NA,NA,NA,NA,NA,NA,NA,NA,NA,NA,NA,NA,NA,NA,NA,NA,NA
"FASMEE23","Button","Smoke","S9PI",20250127,"3/5/2025","Lampman","R9B","R9","A",8,27,3,30,NA,"","","F23E",2023-10-09,2023-10-09 15:17:00,2023-10-09 21:17:00,2,"Red","PTFE",4,60,15,2023-10-09 21:17:00,2023-10-09 21:32:00,"","R9",30,0.03,2.1,2.1,0,3,24.9,27.9,0.89247311827957,6.3884375,6.05875,2.6703125,20.94125,23.6115625,-3.50655789731998,0.9,7225000,5686451.30208333,643100.260416667,5043351.04166667,0.886906573844912,4406673.00347222,353524.831814236,4760197.83528646,0.925733164030784,NA,NA,NA,NA,NA,NA,NA,NA,NA,NA,NA,NA,NA,NA,NA,NA,NA,NA,NA,NA,NA,NA,NA,NA,NA,NA,NA,NA,NA,NA,NA,NA,NA,NA,NA,NA,NA,NA,NA,NA,NA,NA,NA,NA,NA,NA,NA,NA,NA,NA,NA,NA,NA,NA,NA,NA,NA
"FASMEE23","Button","Smoke","S9PI",20250115,"1/31/2025","Lampman","B6B","B6","A",2,28,4,32,NA,"","","F23E",2023-10-09,2023-10-09 15:17:00,2023-10-09 21:17:00,2,"Blue","PTFE",4,60,15,2023-10-09 21:17:00,2023-10-09 21:32:00,"","B6",30,0.03,2.1,2.1,0,4,25.9,29.9,0.866220735785953,6.3884375,6.05875,3.6703125,21.94125,25.6115625,-3.50655789731998,0.875,7706666.66666667,6168117.96875,883933.59375,5284184.375,0.856693143965738,4647506.33680555,594358.165147569,5241864.50195312,0.886613214644119,6,2552.17293182856,2955.6625303125,6517.6734277669,154.507209302326,194.25,313.25,1664.15703488372,1963.75,3738.33,13.8242894056848,13.8888888888889,15.5555555555556,11.1111111111111,23.2209302325581,23,22,26,3.31172741096193,3.36444793603563,3.99314168636426,2.60160702948977,31377.8325,30549.3325,22195.395,4200.125,822.5,468.5,83635.29,87917.25,88776.25,89658.9375,7.9914781112452,"Hazardous","High",431.473416388428,332.035187727671,1516.66468062123,39.6013389194573,823.729565151522,1165.0074584524,35.5148560084716,33.6919988392252,74.8868796292252,0.956378385565098,0.96119482754625,436.857954671367,873.715909342734,0.873715909342734,0.000873715909342734,8.73715909342734e-07,5999506757175.1,5319241972258.13,5999506757.1751,5319241972.25813,5999.5067571751,5319.24197225813
"FASMEE23","Button","Ambient","S9PI",20250115,"1/31/2025","Lampman","R6B","R6","A",7,30,6,36,NA,"","","F23E",2023-10-09,2023-10-09 12:11:00,2023-10-09 18:11:00,2,"Red","PTFE",4,40,10,2023-10-09 18:11:00,2023-10-09 18:21:00,"","R6",20,0.02,2.1,2.1,0,6,27.9,33.9,0.823008849557522,6.3884375,6.05875,5.6703125,23.94125,29.6115625,-3.91202300542815,0.833333333333333,13005000,10697176.953125,2048400.390625,8648776.5625,0.808510189220849,NA,NA,NA,NA,NA,NA,NA,NA,NA,NA,NA,NA,NA,NA,NA,NA,NA,NA,NA,NA,NA,NA,NA,NA,NA,NA,NA,NA,NA,NA,NA,NA,NA,NA,NA,NA,NA,NA,NA,NA,NA,NA,NA,NA,NA,NA,NA,NA,NA,NA,NA,NA,NA,NA,NA,NA,NA,NA,NA,NA,NA
"FASMEE23","Button","Smoke","S9PI",20250212,"2/12/2025","Lampman","R11B","R11","A",5,30,2,32,NA,"","","F23F",2023-10-10,2023-10-09 18:45:00,2023-10-10 00:45:00,2,"Red","PTFE",4,60,15,2023-10-10 00:45:00,2023-10-10 01:00:00,"","R11",30,0.03,1.25,1.25,0,2,28.75,30.75,0.934959349593496,5.5384375,5.20875,1.6703125,24.79125,26.4615625,-3.50655789731998,0.9375,7706666.66666667,6372826.30208333,402266.927083333,5970559.375,0.936877782632828,5333881.33680556,112691.498480903,5446572.83528646,0.979309649959914,NA,NA,NA,NA,NA,NA,NA,NA,NA,NA,NA,NA,NA,NA,NA,NA,NA,NA,NA,NA,NA,NA,NA,NA,NA,NA,NA,NA,NA,NA,NA,NA,NA,NA,NA,NA,NA,NA,NA,NA,NA,NA,NA,NA,NA,NA,NA,NA,NA,NA,NA,NA,NA,NA,NA,NA,NA
"FASMEE23","Button","Smoke","S9PI",20240505,"11/15/2024","Lampman","B5B","B5","A",15,31,0,31,2,"8,9","9,10","F23A",2023-10-09,2023-10-09 14:54:00,2023-10-09 20:54:00,2,"Blue","PTFE",4,60,15,2023-10-09 20:54:00,2023-10-09 21:09:00,"Tons of smoke, probably best sample","B5",30,0.03,2.225,2.225,0,0,28.775,28.775,1,6.5134375,6.18375,0,24.81625,24.81625,-3.50655789731998,1,7465833.33333333,5976580.20833333,0,5976580.20833333,1,5339902.17013889,0,5339902.17013889,1,5,3103.14515205286,2932.4884253125,7815.8196078125,194.019761904762,217.1475,367.875,1917.98297619048,1852.75,4665.25,15.1785714285714,15.5555555555556,17.2222222222222,11.6666666666667,22.452380952381,22,21,26,3.5190117864711,3.52343484519426,4.17015860168985,2.80102987605014,33028.605,32110.7275,23311.6875,3647.1875,680.895,359.75,87614.52,93144.745,94353.6625,95216.85,7.98360663348233,"Hazardous","High",322.174432012725,291.175399446569,1054.07936790501,105.517683963091,582.755660846674,886.417688767653,70.6668673551349,92.0002656892252,119.499623739225,0.848064293202289,0.865044227490499,331.606761535804,663.213523071608,0.663213523071608,0.000663213523071608,6.63213523071608e-07,8051558034292.87,8051558034292.87,8051558034.29287,8051558034.29287,8051.55803429287,8051.55803429287
"FASMEE23","Button","Smoke","S9PI",20250212,"2/24/2025","Lampman","R12B","R12","A",19,31,7,38,NA,"","","F23F",2023-10-10,2023-10-10 15:09:00,2023-10-10 21:09:00,3,"Red","PTFE",4,60,15,2023-10-10 21:09:00,2023-10-10 21:24:00,"","R12",30,0.03,1.25,1.25,0,7,29.75,36.75,0.80952380952381,5.5384375,5.20875,6.6703125,25.79125,32.4615625,-3.50655789731998,0.815789473684211,9151666.66666666,7817826.30208333,1606433.59375,6211392.70833333,0.794516591738306,5574714.67013889,1316858.16514757,6891572.83528646,0.808917616250829,NA,NA,NA,NA,NA,NA,NA,NA,NA,NA,NA,NA,NA,NA,NA,NA,NA,NA,NA,NA,NA,NA,NA,NA,NA,NA,NA,NA,NA,NA,NA,NA,NA,NA,NA,NA,NA,NA,NA,NA,NA,NA,NA,NA,NA,NA,NA,NA,NA,NA,NA,NA,NA,NA,NA,NA,NA
"FASMEE23","Button","Smoke","S9PI",20250212,"2/26/2025","Lampman","R14B","R14","A",27,31,20,51,NA,"","","F23F",2023-10-11,2023-10-10 18:53:00,2023-10-11 00:53:00,3,"Red","PTFE",4,60,15,2023-10-11 00:53:00,2023-10-11 01:08:00,"Partial smoke at best","R14",30,0.03,1.25,1.25,0,20,29.75,49.75,0.597989949748744,5.5384375,5.20875,19.6703125,25.79125,45.4615625,-3.50655789731998,0.607843137254902,12282500,10948659.6354167,4737266.92708333,6211392.70833333,0.567319919987352,5574714.67013889,4447691.4984809,10022406.1686198,0.556225179497649,NA,NA,NA,NA,NA,NA,NA,NA,NA,NA,NA,NA,NA,NA,NA,NA,NA,NA,NA,NA,NA,NA,NA,NA,NA,NA,NA,NA,NA,NA,NA,NA,NA,NA,NA,NA,NA,NA,NA,NA,NA,NA,NA,NA,NA,NA,NA,NA,NA,NA,NA,NA,NA,NA,NA,NA,NA
"FASMEE23","Button","Smoke","S9PI",20240912,"11/12/2024","Lampman","B10B","B10","A",10,32,4,36,1,"20","Photo 18","F23B",2023-10-11,2023-10-10 18:25:00,2023-10-11 00:25:00,3,"Blue","PTFE",4,60,15,2023-10-11 00:25:00,2023-10-11 00:40:00,"Partial smoke at best","B10",30,0.03,1.675,1.5,0.175,3.825,30.5,34.325,0.88856518572469,5.9634375,5.45875,3.4953125,26.54125,30.0365625,-3.50655789731998,0.888888888888889,8670000,7233805.46875,841787.760416667,6392017.70833333,0.883631407555375,5755339.67013889,552212.331814236,6307552.00195312,0.912452195139534,10,296.817832329909,284.73479828125,913.5914568125,162.399186046512,183.125,370.5,298.041569767442,316.625,762.75,10.0638569604087,10,10.5555555555556,7.77777777777778,31.3333333333333,31,31,32,3.46114545081116,3.49829032819435,3.65288745104373,2.95692571743565,15821,13422.125,3222.3325,205,3.335,0,32372.0625,32590.23,32594.855,32599.48,5.65155821470817,"Hazardous","Low",9.16936754497504,7.15880794304564,30.8100107581134,1.51685239597926,16.3873253245179,22.7938558681921,1.49529188355726,1.26651866080882,4.28245836580882,0.903533173719327,0.926980348124455,9.26602549754036,18.5320509950807,0.0185320509950807,1.85320509950807e-05,1.85320509950807e-08,340359089429845,310561398285955,340359089429.845,310561398285.955,340359.089429845,310561.398285955
"FASMEE23","Button","Smoke","S9PI",20250212,"2/26/2025","Lampman","R14B","R14","A",3,32,8,40,NA,"","","F23F",2023-10-11,2023-10-10 18:53:00,2023-10-11 00:53:00,3,"Red","PTFE",4,60,15,2023-10-11 00:53:00,2023-10-11 01:08:00,"Partial smoke at best","R14",30,0.03,1.25,1.25,0,8,30.75,38.75,0.793548387096774,5.5384375,5.20875,7.6703125,26.79125,34.4615625,-3.50655789731998,0.8,9633333.33333333,8299492.96875,1847266.92708333,6452226.04166667,0.777424122890539,5815548.00347222,1557691.4984809,7373239.50195312,0.788737162536456,NA,NA,NA,NA,NA,NA,NA,NA,NA,NA,NA,NA,NA,NA,NA,NA,NA,NA,NA,NA,NA,NA,NA,NA,NA,NA,NA,NA,NA,NA,NA,NA,NA,NA,NA,NA,NA,NA,NA,NA,NA,NA,NA,NA,NA,NA,NA,NA,NA,NA,NA,NA,NA,NA,NA,NA,NA
"FASMEE23","Button","Smoke","S9PI",20240505,"11/15/2024","Lampman","B5B","B5","A",19,33,0,33,0,"","","F23A",2023-10-09,2023-10-09 14:54:00,2023-10-09 20:54:00,2,"Blue","PTFE",4,60,15,2023-10-09 20:54:00,2023-10-09 21:09:00,"Tons of smoke, probably best sample","B5",30,0.03,2.225,2.225,0,0,30.775,30.775,1,6.5134375,6.18375,0,26.81625,26.81625,-3.50655789731998,1,7947500,6458246.875,0,6458246.875,1,5821568.83680555,0,5821568.83680555,1,5,3103.14515205286,2932.4884253125,7815.8196078125,194.019761904762,217.1475,367.875,1917.98297619048,1852.75,4665.25,15.1785714285714,15.5555555555556,17.2222222222222,11.6666666666667,22.452380952381,22,21,26,3.5190117864711,3.52343484519426,4.17015860168985,2.80102987605014,33028.605,32110.7275,23311.6875,3647.1875,680.895,359.75,87614.52,93144.745,94353.6625,95216.85,7.98360663348233,"Hazardous","High",322.174432012725,291.175399446569,1054.07936790501,105.517683963091,582.755660846674,886.417688767653,70.6668673551349,92.0002656892252,119.499623739225,0.848064293202289,0.865044227490499,331.606761535804,663.213523071608,0.663213523071608,0.000663213523071608,6.63213523071608e-07,8777819863870.58,8777819863870.58,8777819863.87058,8777819863.87058,8777.81986387058,8777.81986387058
"FASMEE23","Button","Smoke","S9PI",20240505,"11/15/2024","Lampman","B5B","B5","A",20,33,3,36,0,"","","F23A",2023-10-09,2023-10-09 14:54:00,2023-10-09 20:54:00,2,"Blue","PTFE",4,60,15,2023-10-09 20:54:00,2023-10-09 21:09:00,"Tons of smoke, probably best sample","B5",30,0.03,2.225,2.225,0,3,30.775,33.775,0.911176905995559,6.5134375,6.18375,2.6703125,26.81625,29.4865625,-3.50655789731998,0.916666666666667,8670000,7101347.13541667,643100.260416667,6458246.875,0.909439681210721,5821568.83680555,353524.831814236,6175093.66861979,0.942749883518244,5,3103.14515205286,2932.4884253125,7815.8196078125,194.019761904762,217.1475,367.875,1917.98297619048,1852.75,4665.25,15.1785714285714,15.5555555555556,17.2222222222222,11.6666666666667,22.452380952381,22,21,26,3.5190117864711,3.52343484519426,4.17015860168985,2.80102987605014,33028.605,32110.7275,23311.6875,3647.1875,680.895,359.75,87614.52,93144.745,94353.6625,95216.85,7.98360663348233,"Hazardous","High",322.174432012725,291.175399446569,1054.07936790501,105.517683963091,582.755660846674,886.417688767653,70.6668673551349,92.0002656892252,119.499623739225,0.848064293202289,0.865044227490499,331.606761535804,663.213523071608,0.663213523071608,0.000663213523071608,6.63213523071608e-07,9310868150004.62,8777819863870.58,9310868150.00462,8777819863.87058,9310.86815000462,8777.81986387058
"FASMEE23","Button","Smoke","S9PI",20240505,"11/15/2024","Lampman","B5B","B5","A",22,33,6,39,2,"14,20","12,13","F23A",2023-10-09,2023-10-09 14:54:00,2023-10-09 20:54:00,2,"Blue","PTFE",4,60,15,2023-10-09 20:54:00,2023-10-09 21:09:00,"Tons of smoke, probably best sample","B5",30,0.03,2.225,2.225,0,6,30.775,36.775,0.836845683208702,6.5134375,6.18375,5.6703125,26.81625,32.4865625,-3.50655789731998,0.846153846153846,9392500,7823847.13541667,1365600.26041667,6458246.875,0.825456679203902,5821568.83680555,1076024.83181424,6897593.66861979,0.843999968175923,5,3103.14515205286,2932.4884253125,7815.8196078125,194.019761904762,217.1475,367.875,1917.98297619048,1852.75,4665.25,15.1785714285714,15.5555555555556,17.2222222222222,11.6666666666667,22.452380952381,22,21,26,3.5190117864711,3.52343484519426,4.17015860168985,2.80102987605014,33028.605,32110.7275,23311.6875,3647.1875,680.895,359.75,87614.52,93144.745,94353.6625,95216.85,7.98360663348233,"Hazardous","High",322.174432012725,291.175399446569,1054.07936790501,105.517683963091,582.755660846674,886.417688767653,70.6668673551349,92.0002656892252,119.499623739225,0.848064293202289,0.865044227490499,331.606761535804,663.213523071608,0.663213523071608,0.000663213523071608,6.63213523071608e-07,10400260894371.2,8777819863870.58,10400260894.3712,8777819863.87058,10400.2608943712,8777.81986387058
"FASMEE23","Button","Smoke","S9PI",20250212,"2/24/2025","Lampman","R13B","R13","A",1,33,3,36,1,"16","59","F23F",2023-10-11,2023-10-10 18:25:00,2023-10-11 00:25:00,3,"Red","PTFE",4,60,15,2023-10-11 00:25:00,2023-10-11 00:40:00,"Partial smoke at best","R13",30,0.03,1.25,1.25,0,3,31.75,34.75,0.913669064748201,5.5384375,5.20875,2.6703125,27.79125,30.4615625,-3.50655789731998,0.916666666666667,8670000,7336159.63541667,643100.260416667,6693059.375,0.912338295187583,6056381.33680556,353524.831814236,6409906.16861979,0.944847112810333,NA,NA,NA,NA,NA,NA,NA,NA,NA,NA,NA,NA,NA,NA,NA,NA,NA,NA,NA,NA,NA,NA,NA,NA,NA,NA,NA,NA,NA,NA,NA,NA,NA,NA,NA,NA,NA,NA,NA,NA,NA,NA,NA,NA,NA,NA,NA,NA,NA,NA,NA,NA,NA,NA,NA,NA,NA
"FASMEE23","Button","Smoke","S9PI",20250117,"3/3/2025","Lampman","R7B","R7","A",4,33,0,33,NA,"","","F23E",2023-10-09,2023-10-09 12:33:00,2023-10-09 18:33:00,2,"Red","PTFE",4,40,10,2023-10-09 18:33:00,2023-10-09 18:43:00,"Partial smoke towards end of sample","R7",20,0.02,2.1,2.1,0,0,30.9,30.9,1,6.3884375,6.05875,0,26.94125,26.94125,-3.91202300542815,1,11921250,9732526.5625,0,9732526.5625,1,9095848.52430555,0,9095848.52430555,1,NA,NA,NA,NA,NA,NA,NA,NA,NA,NA,NA,NA,NA,NA,NA,NA,NA,NA,NA,NA,NA,NA,NA,NA,NA,NA,NA,NA,NA,NA,NA,NA,NA,NA,NA,NA,NA,NA,NA,NA,NA,NA,NA,NA,NA,NA,NA,NA,NA,NA,NA,NA,NA,NA,NA,NA,NA
"FASMEE23","Button","Smoke","S9PI",20240912,"11/12/2024","Lampman","B12B","B12","A",33,34,5,39,3,"6,10,20","Photo40","F23B",2023-10-11,2023-10-10 19:29:00,2023-10-11 01:29:00,3,"Blue","PTFE",4,60,15,2023-10-11 01:29:00,2023-10-11 01:44:00,"Partial smoke at best","B12",30,0.03,1.675,1.5,0.175,4.825,32.5,37.325,0.87073007367716,5.9634375,5.45875,4.4953125,28.54125,33.0365625,-3.50655789731998,0.871794871794872,9392500,7956305.46875,1082621.09375,6873684.375,0.863929169386192,6237006.33680556,793045.665147569,7030052.00195312,0.887192062743314,12,97.2710784691779,70.63031,343.96187725,71.5695081967213,55.375,217.25,119.030737704918,94.21,369.875,9.51730418943534,9.44444444444444,10.5555555555556,8.88888888888889,30.2622950819672,30,30,32,3.22274350561617,3.20067977403102,3.59115262850359,3.05362161156916,5352.375,4262.04,915.835,8.29,0,0,10439.125,10456.375,10456.375,10456.375,4.257459372481,"Moderate/Unhealthy","Low",12.4836759454948,13.1564633792446,42.6384496071778,2.83267731716567,22.6222156083308,43.3128495814939,1.66076798489259,2.36439821080882,3.08124897580882,0.948198027037845,0.934616975798477,12.580490102955,25.1609802059101,0.02516098020591,2.516098020591e-05,2.516098020591e-08,279402946324875,247884076286525,279402946324.875,247884076286.525,279402.946324875,247884.076286525
"FASMEE23","Button","Smoke","S9PI",20240505,"11/15/2024","Lampman","B5B","B5","A",17,34,4,38,1,"7","11","F23A",2023-10-09,2023-10-09 14:54:00,2023-10-09 20:54:00,2,"Blue","PTFE",4,60,15,2023-10-09 20:54:00,2023-10-09 21:09:00,"Tons of smoke, probably best sample","B5",30,0.03,2.225,2.225,0,4,31.775,35.775,0.888190076869322,6.5134375,6.18375,3.6703125,27.81625,31.4865625,-3.50655789731998,0.894736842105263,9151666.66666666,7583013.80208333,883933.59375,6699080.20833333,0.88343241660629,6062402.17013889,594358.165147569,6656760.33528646,0.910713600128133,5,3103.14515205286,2932.4884253125,7815.8196078125,194.019761904762,217.1475,367.875,1917.98297619048,1852.75,4665.25,15.1785714285714,15.5555555555556,17.2222222222222,11.6666666666667,22.452380952381,22,21,26,3.5190117864711,3.52343484519426,4.17015860168985,2.80102987605014,33028.605,32110.7275,23311.6875,3647.1875,680.895,359.75,87614.52,93144.745,94353.6625,95216.85,7.98360663348233,"Hazardous","High",322.174432012725,291.175399446569,1054.07936790501,105.517683963091,582.755660846674,886.417688767653,70.6668673551349,92.0002656892252,119.499623739225,0.848064293202289,0.865044227490499,331.606761535804,663.213523071608,0.663213523071608,0.000663213523071608,6.63213523071608e-07,10037129979582.3,9140950778659.44,10037129979.5823,9140950778.65944,10037.1299795823,9140.95077865944
"FASMEE23","Button","Smoke","S9PI",20240505,"11/15/2024","Lampman","B5B","B5","A",37,34,4,38,0,"","","F23A",2023-10-09,2023-10-09 14:54:00,2023-10-09 20:54:00,2,"Blue","PTFE",4,60,15,2023-10-09 20:54:00,2023-10-09 21:09:00,"Tons of smoke, probably best sample","B5",30,0.03,2.225,2.225,0,4,31.775,35.775,0.888190076869322,6.5134375,6.18375,3.6703125,27.81625,31.4865625,-3.50655789731998,0.894736842105263,9151666.66666666,7583013.80208333,883933.59375,6699080.20833333,0.88343241660629,6062402.17013889,594358.165147569,6656760.33528646,0.910713600128133,5,3103.14515205286,2932.4884253125,7815.8196078125,194.019761904762,217.1475,367.875,1917.98297619048,1852.75,4665.25,15.1785714285714,15.5555555555556,17.2222222222222,11.6666666666667,22.452380952381,22,21,26,3.5190117864711,3.52343484519426,4.17015860168985,2.80102987605014,33028.605,32110.7275,23311.6875,3647.1875,680.895,359.75,87614.52,93144.745,94353.6625,95216.85,7.98360663348233,"Hazardous","High",322.174432012725,291.175399446569,1054.07936790501,105.517683963091,582.755660846674,886.417688767653,70.6668673551349,92.0002656892252,119.499623739225,0.848064293202289,0.865044227490499,331.606761535804,663.213523071608,0.663213523071608,0.000663213523071608,6.63213523071608e-07,10037129979582.3,9140950778659.44,10037129979.5823,9140950778.65944,10037.1299795823,9140.95077865944
"FASMEE23","Button","Smoke","S9PI",20250221,"4/11/2025","Lampman","B7B","B7","A",19,34,11,45,NA,"","","F23F",2023-10-10,2023-10-09 18:17:00,2023-10-10 00:17:00,2,"Blue","PTFE",4,60,15,2023-10-10 00:17:00,2023-10-10 00:32:00,"","B7",30,0.03,1.25,1.25,0,11,32.75,43.75,0.748571428571429,5.5384375,5.20875,10.6703125,28.79125,39.4615625,-3.50655789731998,0.755555555555556,10837500,9503659.63541666,2569766.92708333,6933892.70833333,0.729602382064826,6297214.67013889,2280191.4984809,8577406.16861979,0.734163049568188,7,1625.52013208166,1670.54342003125,4296.5432918125,191.864464285714,243.5,323.75,1134.54755952381,1266.25,2565.125,11.9378306878307,12.2222222222222,12.7777777777778,9.44444444444444,27.4642857142857,27,27,29,3.43830869055206,3.49798559298276,3.81130962441916,2.83267941327911,27600.25,26431.75,16400.9375,2164.5625,366.75,209,70499.125,72762.875,73162.6025,73501.915,7.42090425369562,"Hazardous","High",NA,NA,NA,NA,NA,NA,NA,NA,NA,NA,NA,NA,NA,NA,NA,NA,NA,NA,NA,NA,NA,NA
"FASMEE23","Button","Smoke","S9PI",20240912,"11/12/2024","Lampman","B12B","B12","A",1,35,21,56,2,"20,30","Photo29","F23B",2023-10-11,2023-10-10 19:29:00,2023-10-11 01:29:00,3,"Blue","PTFE",4,60,15,2023-10-11 01:29:00,2023-10-11 01:44:00,"Partial smoke at best","B12",30,0.03,1.675,1.5,0.175,20.825,33.5,54.325,0.616658996778647,5.9634375,5.45875,20.4953125,29.54125,50.0365625,-3.50655789731998,0.625,13486666.6666667,12050472.1354167,4935954.42708333,7114517.70833333,0.590393274917716,6477839.67013889,4646378.9984809,11124218.6686198,0.582318620579814,12,97.2710784691779,70.63031,343.96187725,71.5695081967213,55.375,217.25,119.030737704918,94.21,369.875,9.51730418943534,9.44444444444444,10.5555555555556,8.88888888888889,30.2622950819672,30,30,32,3.22274350561617,3.20067977403102,3.59115262850359,3.05362161156916,5352.375,4262.04,915.835,8.29,0,0,10439.125,10456.375,10456.375,10456.375,4.257459372481,"Moderate/Unhealthy","Low",12.4836759454948,13.1564633792446,42.6384496071778,2.83267731716567,22.6222156083308,43.3128495814939,1.66076798489259,2.36439821080882,3.08124897580882,0.948198027037845,0.934616975798477,12.580490102955,25.1609802059101,0.02516098020591,2.516098020591e-05,2.516098020591e-08,442121832201387,257455775455732,442121832201.387,257455775455.732,442121.832201387,257455.775455732
"FASMEE23","Button","Smoke","S9PI",20240505,"11/15/2024","Lampman","B5B","B5","A",23,35,11,46,0,"","","F23A",2023-10-09,2023-10-09 14:54:00,2023-10-09 20:54:00,2,"Blue","PTFE",4,60,15,2023-10-09 20:54:00,2023-10-09 21:09:00,"Tons of smoke, probably best sample","B5",30,0.03,2.225,2.225,0,11,32.775,43.775,0.748715019988578,6.5134375,6.18375,10.6703125,28.81625,39.4865625,-3.50655789731998,0.760869565217391,11078333.3333333,9509680.46875,2569766.92708333,6939913.54166667,0.729773578036832,6303235.50347222,2280191.4984809,8583427.00195312,0.73434952053975,5,3103.14515205286,2932.4884253125,7815.8196078125,194.019761904762,217.1475,367.875,1917.98297619048,1852.75,4665.25,15.1785714285714,15.5555555555556,17.2222222222222,11.6666666666667,22.452380952381,22,21,26,3.5190117864711,3.52343484519426,4.17015860168985,2.80102987605014,33028.605,32110.7275,23311.6875,3647.1875,680.895,359.75,87614.52,93144.745,94353.6625,95216.85,7.98360663348233,"Hazardous","High",322.174432012725,291.175399446569,1054.07936790501,105.517683963091,582.755660846674,886.417688767653,70.6668673551349,92.0002656892252,119.499623739225,0.848064293202289,0.865044227490499,331.606761535804,663.213523071608,0.663213523071608,0.000663213523071608,6.63213523071608e-07,12942177297893.2,9504081693448.29,12942177297.8932,9504081693.4483,12942.1772978932,9504.0816934483
"FASMEE23","Button","Smoke","S9PI",20250212,"2/24/2025","Lampman","R12B","R12","A",32,35,7,42,2,"6,30","55,56","F23F",2023-10-10,2023-10-10 15:09:00,2023-10-10 21:09:00,3,"Red","PTFE",4,60,15,2023-10-10 21:09:00,2023-10-10 21:24:00,"","R12",30,0.03,1.25,1.25,0,7,33.75,40.75,0.828220858895706,5.5384375,5.20875,6.6703125,29.79125,36.4615625,-3.50655789731998,0.833333333333333,10115000,8781159.63541666,1606433.59375,7174726.04166667,0.817059060483215,6538048.00347222,1316858.16514757,7854906.16861979,0.832352145668093,NA,NA,NA,NA,NA,NA,NA,NA,NA,NA,NA,NA,NA,NA,NA,NA,NA,NA,NA,NA,NA,NA,NA,NA,NA,NA,NA,NA,NA,NA,NA,NA,NA,NA,NA,NA,NA,NA,NA,NA,NA,NA,NA,NA,NA,NA,NA,NA,NA,NA,NA,NA,NA,NA,NA,NA,NA
"FASMEE23","Button","Smoke","S9PI",20250212,"2/24/2025","Lampman","R12B","R12","A",3,36,9,45,3,"15,10,20","ph 49","F23F",2023-10-10,2023-10-10 15:09:00,2023-10-10 21:09:00,3,"Red","PTFE",4,60,15,2023-10-10 21:09:00,2023-10-10 21:24:00,"","R12",30,0.03,1.25,1.25,0,9,34.75,43.75,0.794285714285714,5.5384375,5.20875,8.6703125,30.79125,39.4615625,-3.50655789731998,0.8,10837500,9503659.63541666,2088100.26041667,7415559.375,0.780284612399725,6778881.33680556,1798524.83181424,8577406.16861979,0.790318332085743,NA,NA,NA,NA,NA,NA,NA,NA,NA,NA,NA,NA,NA,NA,NA,NA,NA,NA,NA,NA,NA,NA,NA,NA,NA,NA,NA,NA,NA,NA,NA,NA,NA,NA,NA,NA,NA,NA,NA,NA,NA,NA,NA,NA,NA,NA,NA,NA,NA,NA,NA,NA,NA,NA,NA,NA,NA
"FASMEE23","Button","Smoke","S9PI",20250212,"2/24/2025","Lampman","R12B","R12","A",31,36,0,36,NA,"","","F23F",2023-10-10,2023-10-10 15:09:00,2023-10-10 21:09:00,3,"Red","PTFE",4,60,15,2023-10-10 21:09:00,2023-10-10 21:24:00,"","R12",30,0.03,1.25,1.25,0,0,34.75,34.75,1,5.5384375,5.20875,0,30.79125,30.79125,-3.50655789731998,1,8670000,7415559.375,0,7415559.375,1,6778881.33680556,0,6778881.33680556,1,NA,NA,NA,NA,NA,NA,NA,NA,NA,NA,NA,NA,NA,NA,NA,NA,NA,NA,NA,NA,NA,NA,NA,NA,NA,NA,NA,NA,NA,NA,NA,NA,NA,NA,NA,NA,NA,NA,NA,NA,NA,NA,NA,NA,NA,NA,NA,NA,NA,NA,NA,NA,NA,NA,NA,NA,NA
"FASMEE23","Button","Smoke","S9PI",20250117,"3/3/2025","Lampman","R7B","R7","A",18,36,26,62,1,"50","","F23E",2023-10-09,2023-10-09 12:33:00,2023-10-09 18:33:00,2,"Red","PTFE",4,40,10,2023-10-09 18:33:00,2023-10-09 18:43:00,"Partial smoke towards end of sample","R7",20,0.02,2.1,2.1,0,26,33.9,59.9,0.565943238731219,6.3884375,6.05875,25.6703125,29.94125,55.6115625,-3.91202300542815,0.580645161290323,22397500,20089676.953125,9273400.390625,10816276.5625,0.538399725776452,10179598.5243056,8983824.96202257,19163423.4863281,0.531199372156444,NA,NA,NA,NA,NA,NA,NA,NA,NA,NA,NA,NA,NA,NA,NA,NA,NA,NA,NA,NA,NA,NA,NA,NA,NA,NA,NA,NA,NA,NA,NA,NA,NA,NA,NA,NA,NA,NA,NA,NA,NA,NA,NA,NA,NA,NA,NA,NA,NA,NA,NA,NA,NA,NA,NA,NA,NA
"FASMEE23","Button","Smoke","S9PI",20250117,"3/3/2025","Lampman","R7B","R7","A",16,37,14,51,NA,"","","F23E",2023-10-09,2023-10-09 12:33:00,2023-10-09 18:33:00,2,"Red","PTFE",4,40,10,2023-10-09 18:33:00,2023-10-09 18:43:00,"Partial smoke towards end of sample","R7",20,0.02,2.1,2.1,0,14,34.9,48.9,0.713701431492842,6.3884375,6.05875,13.6703125,30.94125,44.6115625,-3.91202300542815,0.725490196078431,18423750,16115926.953125,4938400.390625,11177526.5625,0.693570192705086,10540848.5243056,4648824.96202257,15189673.4863281,0.693948328368818,NA,NA,NA,NA,NA,NA,NA,NA,NA,NA,NA,NA,NA,NA,NA,NA,NA,NA,NA,NA,NA,NA,NA,NA,NA,NA,NA,NA,NA,NA,NA,NA,NA,NA,NA,NA,NA,NA,NA,NA,NA,NA,NA,NA,NA,NA,NA,NA,NA,NA,NA,NA,NA,NA,NA,NA,NA
"FASMEE23","Button","Ambient","S9PI",20250115,"1/31/2025","Lampman","R6B","R6","A",10,38,4,42,NA,"","","F23E",2023-10-09,2023-10-09 12:11:00,2023-10-09 18:11:00,2,"Red","PTFE",4,40,10,2023-10-09 18:11:00,2023-10-09 18:21:00,"","R6",20,0.02,2.1,2.1,0,4,35.9,39.9,0.899749373433584,6.3884375,6.05875,3.6703125,31.94125,35.6115625,-3.91202300542815,0.904761904761905,15172500,12864676.953125,1325900.390625,11538776.5625,0.896934808743649,NA,NA,NA,NA,NA,NA,NA,NA,NA,NA,NA,NA,NA,NA,NA,NA,NA,NA,NA,NA,NA,NA,NA,NA,NA,NA,NA,NA,NA,NA,NA,NA,NA,NA,NA,NA,NA,NA,NA,NA,NA,NA,NA,NA,NA,NA,NA,NA,NA,NA,NA,NA,NA,NA,NA,NA,NA,NA,NA,NA,NA
"FASMEE23","Button","Smoke","S9PI",20250212,"2/24/2025","Lampman","R12B","R12","A",24,38,0,38,2,"30,8","54","F23F",2023-10-10,2023-10-10 15:09:00,2023-10-10 21:09:00,3,"Red","PTFE",4,60,15,2023-10-10 21:09:00,2023-10-10 21:24:00,"","R12",30,0.03,1.25,1.25,0,0,36.75,36.75,1,5.5384375,5.20875,0,32.79125,32.79125,-3.50655789731998,1,9151666.66666666,7897226.04166667,0,7897226.04166667,1,7260548.00347222,0,7260548.00347222,1,NA,NA,NA,NA,NA,NA,NA,NA,NA,NA,NA,NA,NA,NA,NA,NA,NA,NA,NA,NA,NA,NA,NA,NA,NA,NA,NA,NA,NA,NA,NA,NA,NA,NA,NA,NA,NA,NA,NA,NA,NA,NA,NA,NA,NA,NA,NA,NA,NA,NA,NA,NA,NA,NA,NA,NA,NA
"FASMEE23","Button","Smoke","S9PI",20240912,"11/12/2024","Lampman","B10B","B10","A",37,39,4,43,3,"10,15,15","Photo27","F23B",2023-10-11,2023-10-10 18:25:00,2023-10-11 00:25:00,3,"Blue","PTFE",4,60,15,2023-10-11 00:25:00,2023-10-11 00:40:00,"Partial smoke at best","B10",30,0.03,1.675,1.5,0.175,3.825,37.5,41.325,0.907441016333938,5.9634375,5.45875,3.4953125,33.54125,37.0365625,-3.50655789731998,0.906976744186046,10355833.3333333,8919638.80208333,841787.760416667,8077851.04166667,0.905625353324839,7441173.00347222,552212.331814236,7993385.33528646,0.930916337865445,10,296.817832329909,284.73479828125,913.5914568125,162.399186046512,183.125,370.5,298.041569767442,316.625,762.75,10.0638569604087,10,10.5555555555556,7.77777777777778,31.3333333333333,31,31,32,3.46114545081116,3.49829032819435,3.65288745104373,2.95692571743565,15821,13422.125,3222.3325,205,3.335,0,32372.0625,32590.23,32594.855,32599.48,5.65155821470817,"Hazardous","Low",9.16936754497504,7.15880794304564,30.8100107581134,1.51685239597926,16.3873253245179,22.7938558681921,1.49529188355726,1.26651866080882,4.28245836580882,0.903533173719327,0.926980348124455,9.26602549754036,18.5320509950807,0.0185320509950807,1.85320509950807e-05,1.85320509950807e-08,431327613840922,401529922697032,431327613840.922,401529922697.032,431327.613840922,401529.922697032
"FASMEE23","Button","Smoke","S9PI",20240505,"11/15/2024","Lampman","B5B","B5","A",26,39,2,41,2,"8,31","18,19","F23A",2023-10-09,2023-10-09 14:54:00,2023-10-09 20:54:00,2,"Blue","PTFE",4,60,15,2023-10-09 20:54:00,2023-10-09 21:09:00,"Tons of smoke, probably best sample","B5",30,0.03,2.225,2.225,0,2,36.775,38.775,0.948420373952289,6.5134375,6.18375,1.6703125,32.81625,34.4865625,-3.50655789731998,0.951219512195122,9874166.66666666,8305513.80208333,402266.927083333,7903246.875,0.951566280344699,7266568.83680555,112691.498480903,7379260.33528646,0.984728618674418,5,3103.14515205286,2932.4884253125,7815.8196078125,194.019761904762,217.1475,367.875,1917.98297619048,1852.75,4665.25,15.1785714285714,15.5555555555556,17.2222222222222,11.6666666666667,22.452380952381,22,21,26,3.5190117864711,3.52343484519426,4.17015860168985,2.80102987605014,33028.605,32110.7275,23311.6875,3647.1875,680.895,359.75,87614.52,93144.745,94353.6625,95216.85,7.98360663348233,"Hazardous","High",322.174432012725,291.175399446569,1054.07936790501,105.517683963091,582.755660846674,886.417688767653,70.6668673551349,92.0002656892252,119.499623739225,0.848064293202289,0.865044227490499,331.606761535804,663.213523071608,0.663213523071608,0.000663213523071608,6.63213523071608e-07,11126522723948.9,10956605352603.7,11126522723.9489,10956605352.6037,11126.5227239489,10956.6053526037
"FASMEE23","Button","Smoke","S9PI",20250115,"1/31/2025","Lampman","B6B","B6","A",4,40,0,40,1,"5","","F23E",2023-10-09,2023-10-09 15:17:00,2023-10-09 21:17:00,2,"Blue","PTFE",4,60,15,2023-10-09 21:17:00,2023-10-09 21:32:00,"","B6",30,0.03,2.1,2.1,0,0,37.9,37.9,1,6.3884375,6.05875,0,33.94125,33.94125,-3.50655789731998,1,9633333.33333333,8174184.375,0,8174184.375,1,7537506.33680555,0,7537506.33680555,1,6,2552.17293182856,2955.6625303125,6517.6734277669,154.507209302326,194.25,313.25,1664.15703488372,1963.75,3738.33,13.8242894056848,13.8888888888889,15.5555555555556,11.1111111111111,23.2209302325581,23,22,26,3.31172741096193,3.36444793603563,3.99314168636426,2.60160702948977,31377.8325,30549.3325,22195.395,4200.125,822.5,468.5,83635.29,87917.25,88776.25,89658.9375,7.9914781112452,"Hazardous","High",431.473416388428,332.035187727671,1516.66468062123,39.6013389194573,823.729565151522,1165.0074584524,35.5148560084716,33.6919988392252,74.8868796292252,0.956378385565098,0.96119482754625,436.857954671367,873.715909342734,0.873715909342734,0.000873715909342734,8.73715909342734e-07,8626953287912.26,8626953287912.26,8626953287.91226,8626953287.91226,8626.95328791226,8626.95328791226
"FASMEE23","Button","Smoke","S9PI",20240505,"11/15/2024","Lampman","B5B","B5","A",25,41,8,49,2,"12,8","17, 16","F23A",2023-10-09,2023-10-09 14:54:00,2023-10-09 20:54:00,2,"Blue","PTFE",4,60,15,2023-10-09 20:54:00,2023-10-09 21:09:00,"Tons of smoke, probably best sample","B5",30,0.03,2.225,2.225,0,8,38.775,46.775,0.82896846606093,6.5134375,6.18375,7.6703125,34.81625,42.4865625,-3.50655789731998,0.836734693877551,11800833.3333333,10232180.46875,1847266.92708333,8384913.54166667,0.819464977897423,7748235.50347222,1557691.4984809,9305927.00195312,0.832612968256255,5,3103.14515205286,2932.4884253125,7815.8196078125,194.019761904762,217.1475,367.875,1917.98297619048,1852.75,4665.25,15.1785714285714,15.5555555555556,17.2222222222222,11.6666666666667,22.452380952381,22,21,26,3.5190117864711,3.52343484519426,4.17015860168985,2.80102987605014,33028.605,32110.7275,23311.6875,3647.1875,680.895,359.75,87614.52,93144.745,94353.6625,95216.85,7.98360663348233,"Hazardous","High",322.174432012725,291.175399446569,1054.07936790501,105.517683963091,582.755660846674,886.417688767653,70.6668673551349,92.0002656892252,119.499623739225,0.848064293202289,0.865044227490499,331.606761535804,663.213523071608,0.663213523071608,0.000663213523071608,6.63213523071608e-07,14031570042259.7,11682867182181.4,14031570042.2597,11682867182.1814,14031.5700422597,11682.8671821814
"FASMEE23","Button","Smoke","S9PI",20240912,"11/12/2024","Lampman","B12B","B12","A",8,42,20,62,3,"10,10,30","Photo32,33,34","F23B",2023-10-11,2023-10-10 19:29:00,2023-10-11 01:29:00,3,"Blue","PTFE",4,60,15,2023-10-11 01:29:00,2023-10-11 01:44:00,"Partial smoke at best","B12",30,0.03,1.675,1.5,0.175,19.825,40.5,60.325,0.671363447990054,5.9634375,5.45875,19.4953125,36.54125,56.0365625,-3.50655789731998,0.67741935483871,14931666.6666667,13495472.1354167,4695121.09375,8800351.04166666,0.6520965664159,8163673.00347222,4405545.66514757,12569218.6686198,0.649497253465212,12,97.2710784691779,70.63031,343.96187725,71.5695081967213,55.375,217.25,119.030737704918,94.21,369.875,9.51730418943534,9.44444444444444,10.5555555555556,8.88888888888889,30.2622950819672,30,30,32,3.22274350561617,3.20067977403102,3.59115262850359,3.05362161156916,5352.375,4262.04,915.835,8.29,0,0,10439.125,10456.375,10456.375,10456.375,4.257459372481,"Moderate/Unhealthy","Low",12.4836759454948,13.1564633792446,42.6384496071778,2.83267731716567,22.6222156083308,43.3128495814939,1.66076798489259,2.36439821080882,3.08124897580882,0.948198027037845,0.934616975798477,12.580490102955,25.1609802059101,0.02516098020591,2.516098020591e-05,2.516098020591e-08,499552027216627,324457669640178,499552027216.627,324457669640.178,499552.027216627,324457.669640178
"FASMEE23","Button","Smoke","S9PI",20240505,"11/15/2024","Lampman","B5B","B5","A",24,43,5,48,3,"12,8,7","14,15","F23A",2023-10-09,2023-10-09 14:54:00,2023-10-09 20:54:00,2,"Blue","PTFE",4,60,15,2023-10-09 20:54:00,2023-10-09 21:09:00,"Tons of smoke, probably best sample","B5",30,0.03,2.225,2.225,0,5,40.775,45.775,0.890770070999454,6.5134375,6.18375,4.6703125,36.81625,41.4865625,-3.50655789731998,0.895833333333333,11560000,9991347.13541666,1124766.92708333,8866580.20833333,0.887425898446033,8229902.17013889,835191.498480903,9065093.66861979,0.907867306283658,5,3103.14515205286,2932.4884253125,7815.8196078125,194.019761904762,217.1475,367.875,1917.98297619048,1852.75,4665.25,15.1785714285714,15.5555555555556,17.2222222222222,11.6666666666667,22.452380952381,22,21,26,3.5190117864711,3.52343484519426,4.17015860168985,2.80102987605014,33028.605,32110.7275,23311.6875,3647.1875,680.895,359.75,87614.52,93144.745,94353.6625,95216.85,7.98360663348233,"Hazardous","High",322.174432012725,291.175399446569,1054.07936790501,105.517683963091,582.755660846674,886.417688767653,70.6668673551349,92.0002656892252,119.499623739225,0.848064293202289,0.865044227490499,331.606761535804,663.213523071608,0.663213523071608,0.000663213523071608,6.63213523071608e-07,13668439127470.9,12409129011759.1,13668439127.4709,12409129011.7591,13668.4391274709,12409.1290117591
"FASMEE23","Button","Smoke","S9PI",20240912,"11/12/2024","Lampman","B12B","B12","A",4,45,30,75,1,"75","Photo30","F23B",2023-10-11,2023-10-10 19:29:00,2023-10-11 01:29:00,3,"Blue","PTFE",4,60,15,2023-10-11 01:29:00,2023-10-11 01:44:00,"Partial smoke at best","B12",30,0.03,1.675,1.5,0.175,29.825,43.5,73.325,0.593249232867371,5.9634375,5.45875,29.4953125,39.54125,69.0365625,-3.50655789731998,0.6,18062500,16626305.46875,7103454.42708333,9522851.04166666,0.572758094669038,8886173.00347222,6813878.9984809,15700052.0019531,0.565996405767749,12,97.2710784691779,70.63031,343.96187725,71.5695081967213,55.375,217.25,119.030737704918,94.21,369.875,9.51730418943534,9.44444444444444,10.5555555555556,8.88888888888889,30.2622950819672,30,30,32,3.22274350561617,3.20067977403102,3.59115262850359,3.05362161156916,5352.375,4262.04,915.835,8.29,0,0,10439.125,10456.375,10456.375,10456.375,4.257459372481,"Moderate/Unhealthy","Low",12.4836759454948,13.1564633792446,42.6384496071778,2.83267731716567,22.6222156083308,43.3128495814939,1.66076798489259,2.36439821080882,3.08124897580882,0.948198027037845,0.934616975798477,12.580490102955,25.1609802059101,0.02516098020591,2.516098020591e-05,2.516098020591e-08,623984116416313,353172767147798,623984116416.313,353172767147.798,623984.116416313,353172.767147798
"FASMEE23","Button","Smoke","S9PI",20240505,"11/15/2024","Lampman","B5B","B5","A",21,45,3,48,0,"","","F23A",2023-10-09,2023-10-09 14:54:00,2023-10-09 20:54:00,2,"Blue","PTFE",4,60,15,2023-10-09 20:54:00,2023-10-09 21:09:00,"Tons of smoke, probably best sample","B5",30,0.03,2.225,2.225,0,3,42.775,45.775,0.934462042599672,6.5134375,6.18375,2.6703125,38.81625,41.4865625,-3.50655789731998,0.9375,11560000,9991347.13541666,643100.260416667,9348246.875,0.93563427917172,8711568.83680555,353524.831814236,9065093.66861979,0.961001524668408,5,3103.14515205286,2932.4884253125,7815.8196078125,194.019761904762,217.1475,367.875,1917.98297619048,1852.75,4665.25,15.1785714285714,15.5555555555556,17.2222222222222,11.6666666666667,22.452380952381,22,21,26,3.5190117864711,3.52343484519426,4.17015860168985,2.80102987605014,33028.605,32110.7275,23311.6875,3647.1875,680.895,359.75,87614.52,93144.745,94353.6625,95216.85,7.98360663348233,"Hazardous","High",322.174432012725,291.175399446569,1054.07936790501,105.517683963091,582.755660846674,886.417688767653,70.6668673551349,92.0002656892252,119.499623739225,0.848064293202289,0.865044227490499,331.606761535804,663.213523071608,0.663213523071608,0.000663213523071608,6.63213523071608e-07,13668439127470.9,13135390841336.9,13668439127.4709,13135390841.3369,13668.4391274709,13135.3908413369
"FASMEE23","Button","Ambient","S9PI",20250115,"1/31/2025","Lampman","R6B","R6","A",5,51,4,55,NA,"","","F23E",2023-10-09,2023-10-09 12:11:00,2023-10-09 18:11:00,2,"Red","PTFE",4,40,10,2023-10-09 18:11:00,2023-10-09 18:21:00,"","R6",20,0.02,2.1,2.1,0,4,48.9,52.9,0.924385633270321,6.3884375,6.05875,3.6703125,44.94125,48.6115625,-3.91202300542815,0.927272727272727,19868750,17560926.953125,1325900.390625,16235026.5625,0.92449712966951,NA,NA,NA,NA,NA,NA,NA,NA,NA,NA,NA,NA,NA,NA,NA,NA,NA,NA,NA,NA,NA,NA,NA,NA,NA,NA,NA,NA,NA,NA,NA,NA,NA,NA,NA,NA,NA,NA,NA,NA,NA,NA,NA,NA,NA,NA,NA,NA,NA,NA,NA,NA,NA,NA,NA,NA,NA,NA,NA,NA,NA
"FASMEE23","Button","Smoke","S9PI",20240505,"11/15/2024","Lampman","B5B","B5","A",27,53,4,57,2,"15,34","20,21","F23A",2023-10-09,2023-10-09 14:54:00,2023-10-09 20:54:00,2,"Blue","PTFE",4,60,15,2023-10-09 20:54:00,2023-10-09 21:09:00,"Tons of smoke, probably best sample","B5",30,0.03,2.225,2.225,0,4,50.775,54.775,0.926973984481972,6.5134375,6.18375,3.6703125,46.81625,50.4865625,-3.50655789731998,0.929824561403509,13727500,12158847.1354167,883933.59375,11274913.5416667,0.927301200195597,10638235.5034722,594358.165147569,11232593.6686198,0.947086293452597,5,3103.14515205286,2932.4884253125,7815.8196078125,194.019761904762,217.1475,367.875,1917.98297619048,1852.75,4665.25,15.1785714285714,15.5555555555556,17.2222222222222,11.6666666666667,22.452380952381,22,21,26,3.5190117864711,3.52343484519426,4.17015860168985,2.80102987605014,33028.605,32110.7275,23311.6875,3647.1875,680.895,359.75,87614.52,93144.745,94353.6625,95216.85,7.98360663348233,"Hazardous","High",322.174432012725,291.175399446569,1054.07936790501,105.517683963091,582.755660846674,886.417688767653,70.6668673551349,92.0002656892252,119.499623739225,0.848064293202289,0.865044227490499,331.606761535804,663.213523071608,0.663213523071608,0.000663213523071608,6.63213523071608e-07,16936617360570.6,16040438159647.7,16936617360.5706,16040438159.6477,16936.6173605706,16040.4381596477
"FASMEE23","Button","Smoke","S9PI",20240912,"11/12/2024","Lampman","B10B","B10","A",12,57,6,63,2,"50,10","Photo 19,20","F23B",2023-10-11,2023-10-10 18:25:00,2023-10-11 00:25:00,3,"Blue","PTFE",4,60,15,2023-10-11 00:25:00,2023-10-11 00:40:00,"Partial smoke at best","B10",30,0.03,1.675,1.5,0.175,5.825,55.5,61.325,0.905014268242968,5.9634375,5.45875,5.4953125,51.54125,57.0365625,-3.50655789731998,0.904761904761905,15172500,13736305.46875,1323454.42708333,12412851.0416667,0.903652810423139,11776173.0034722,1033878.9984809,12810052.0019531,0.919291584583476,10,296.817832329909,284.73479828125,913.5914568125,162.399186046512,183.125,370.5,298.041569767442,316.625,762.75,10.0638569604087,10,10.5555555555556,7.77777777777778,31.3333333333333,31,31,32,3.46114545081116,3.49829032819435,3.65288745104373,2.95692571743565,15821,13422.125,3222.3325,205,3.335,0,32372.0625,32590.23,32594.855,32599.48,5.65155821470817,"Hazardous","Low",9.16936754497504,7.15880794304564,30.8100107581134,1.51685239597926,16.3873253245179,22.7938558681921,1.49529188355726,1.26651866080882,4.28245836580882,0.903533173719327,0.926980348124455,9.26602549754036,18.5320509950807,0.0185320509950807,1.85320509950807e-05,1.85320509950807e-08,691237683586858,635448985468375,691237683586.858,635448985468.375,691237.683586858,635448.985468375
"FASMEE23","Button","Smoke","S9PI",20240505,"11/15/2024","Lampman","B5B","B5","A",4,60,30,90,1,"90","7","F23A",2023-10-09,2023-10-09 14:54:00,2023-10-09 20:54:00,2,"Blue","PTFE",4,60,15,2023-10-09 20:54:00,2023-10-09 21:09:00,"Tons of smoke, probably best sample","B5",30,0.03,2.225,2.225,0,30,57.775,87.775,0.658217032184563,6.5134375,6.18375,29.6703125,53.81625,83.4865625,-3.50655789731998,0.666666666666667,21675000,20106347.1354167,7145600.26041667,12960746.875,0.644609723870234,12324068.8368056,6856024.83181424,19180093.6686198,0.642544768014806,5,3103.14515205286,2932.4884253125,7815.8196078125,194.019761904762,217.1475,367.875,1917.98297619048,1852.75,4665.25,15.1785714285714,15.5555555555556,17.2222222222222,11.6666666666667,22.452380952381,22,21,26,3.5190117864711,3.52343484519426,4.17015860168985,2.80102987605014,33028.605,32110.7275,23311.6875,3647.1875,680.895,359.75,87614.52,93144.745,94353.6625,95216.85,7.98360663348233,"Hazardous","High",322.174432012725,291.175399446569,1054.07936790501,105.517683963091,582.755660846674,886.417688767653,70.6668673551349,92.0002656892252,119.499623739225,0.848064293202289,0.865044227490499,331.606761535804,663.213523071608,0.663213523071608,0.000663213523071608,6.63213523071608e-07,28919937548602.9,18582354563169.7,28919937548.6029,18582354563.1697,28919.9375486029,18582.3545631697
"FASMEE23","Button","Smoke","S9PI",20250117,"3/3/2025","Lampman","R7B","R7","A",38,62,0,62,NA,"","","F23E",2023-10-09,2023-10-09 12:33:00,2023-10-09 18:33:00,2,"Red","PTFE",4,40,10,2023-10-09 18:33:00,2023-10-09 18:43:00,"Partial smoke towards end of sample","R7",20,0.02,2.1,2.1,0,0,59.9,59.9,1,6.3884375,6.05875,0,55.94125,55.94125,-3.91202300542815,1,22397500,20208776.5625,0,20208776.5625,1,19572098.5243056,0,19572098.5243056,1,NA,NA,NA,NA,NA,NA,NA,NA,NA,NA,NA,NA,NA,NA,NA,NA,NA,NA,NA,NA,NA,NA,NA,NA,NA,NA,NA,NA,NA,NA,NA,NA,NA,NA,NA,NA,NA,NA,NA,NA,NA,NA,NA,NA,NA,NA,NA,NA,NA,NA,NA,NA,NA,NA,NA,NA,NA
"FASMEE23","Button","Smoke","S9PI",20240912,"11/12/2024","Lampman","B12B","B12","A",5,67,11,78,3,"16,7,33","Photo31","F23B",2023-10-11,2023-10-10 19:29:00,2023-10-11 01:29:00,3,"Blue","PTFE",4,60,15,2023-10-11 01:29:00,2023-10-11 01:44:00,"Partial smoke at best","B12",30,0.03,1.675,1.5,0.175,10.825,65.5,76.325,0.858172289551261,5.9634375,5.45875,10.4953125,61.54125,72.0365625,-3.50655789731998,0.858974358974359,18785000,17348805.46875,2527621.09375,14821184.375,0.854305756191517,14184506.3368056,2238045.66514757,16422552.0019531,0.863721200890008,12,97.2710784691779,70.63031,343.96187725,71.5695081967213,55.375,217.25,119.030737704918,94.21,369.875,9.51730418943534,9.44444444444444,10.5555555555556,8.88888888888889,30.2622950819672,30,30,32,3.22274350561617,3.20067977403102,3.59115262850359,3.05362161156916,5352.375,4262.04,915.835,8.29,0,0,10439.125,10456.375,10456.375,10456.375,4.257459372481,"Moderate/Unhealthy","Low",12.4836759454948,13.1564633792446,42.6384496071778,2.83267731716567,22.6222156083308,43.3128495814939,1.66076798489259,2.36439821080882,3.08124897580882,0.948198027037845,0.934616975798477,12.580490102955,25.1609802059101,0.02516098020591,2.516098020591e-05,2.516098020591e-08,652699213923933,563750148870344,652699213923.933,563750148870.344,652699.213923933,563750.148870343
"FASMEE23","Button","Smoke","S9PI",20240912,"11/12/2024","Lampman","B12B","B12","A",3,75,21,96,3,"50,20,15","","F23B",2023-10-11,2023-10-10 19:29:00,2023-10-11 01:29:00,3,"Blue","PTFE",4,60,15,2023-10-11 01:29:00,2023-10-11 01:44:00,"Partial smoke at best","B12",30,0.03,1.675,1.5,0.175,20.825,73.5,94.325,0.779220779220779,5.9634375,5.45875,20.4953125,69.54125,90.0365625,-3.50655789731998,0.78125,23120000,21683805.46875,4935954.42708333,16747851.0416667,0.772366781550551,16111173.0034722,4646378.9984809,20757552.0019531,0.776159587698794,12,97.2710784691779,70.63031,343.96187725,71.5695081967213,55.375,217.25,119.030737704918,94.21,369.875,9.51730418943534,9.44444444444444,10.5555555555556,8.88888888888889,30.2622950819672,30,30,32,3.22274350561617,3.20067977403102,3.59115262850359,3.05362161156916,5352.375,4262.04,915.835,8.29,0,0,10439.125,10456.375,10456.375,10456.375,4.257459372481,"Moderate/Unhealthy","Low",12.4836759454948,13.1564633792446,42.6384496071778,2.83267731716567,22.6222156083308,43.3128495814939,1.66076798489259,2.36439821080882,3.08124897580882,0.948198027037845,0.934616975798477,12.580490102955,25.1609802059101,0.02516098020591,2.516098020591e-05,2.516098020591e-08,824989798969652,640323742223997,824989798969.652,640323742223.996,824989.798969652,640323.742223996
"FASMEE23","Button","Smoke","S9PI",20240912,"11/12/2024","Lampman","B12B","B12","A",10,85,95,180,7,"30,10,10,7,40,60,8","Photo36,37","F23B",2023-10-11,2023-10-10 19:29:00,2023-10-11 01:29:00,3,"Blue","PTFE",4,60,15,2023-10-11 01:29:00,2023-10-11 01:44:00,"Partial smoke at best","B12",30,0.03,1.675,1.5,0.175,94.825,83.5,178.325,0.468246179728025,5.9634375,5.45875,94.4953125,79.54125,174.0365625,-3.50655789731998,0.472222222222222,43350000,41913805.46875,22757621.09375,19156184.375,0.457037583697391,18519506.3368056,22468045.6651476,40987552.0019531,0.451832457228065,12,97.2710784691779,70.63031,343.96187725,71.5695081967213,55.375,217.25,119.030737704918,94.21,369.875,9.51730418943534,9.44444444444444,10.5555555555556,8.88888888888889,30.2622950819672,30,30,32,3.22274350561617,3.20067977403102,3.59115262850359,3.05362161156916,5352.375,4262.04,915.835,8.29,0,0,10439.125,10456.375,10456.375,10456.375,4.257459372481,"Moderate/Unhealthy","Low",12.4836759454948,13.1564633792446,42.6384496071778,2.83267731716567,22.6222156083308,43.3128495814939,1.66076798489259,2.36439821080882,3.08124897580882,0.948198027037845,0.934616975798477,12.580490102955,25.1609802059101,0.02516098020591,2.516098020591e-05,2.516098020591e-08,1629012529183008,736040733916063,1629012529183.01,736040733916.063,1629012.52918301,736040.733916063
"FASMEE23","Button","Smoke","S9PI",20240912,"11/12/2024","Lampman","B10B","B10","A",7,89,26,115,2,"100,10","Photo17","F23B",2023-10-11,2023-10-10 18:25:00,2023-10-11 00:25:00,3,"Blue","PTFE",4,60,15,2023-10-11 00:25:00,2023-10-11 00:40:00,"Partial smoke at best","B10",30,0.03,1.675,1.5,0.175,25.825,87.5,113.325,0.772115596735054,5.9634375,5.45875,25.4953125,83.54125,109.0365625,-3.50655789731998,0.773913043478261,27695833.3333333,26259638.8020833,6140121.09375,20119517.7083333,0.766176483232402,19482839.6701389,5850545.66514757,25333385.3352865,0.769057882011591,10,296.817832329909,284.73479828125,913.5914568125,162.399186046512,183.125,370.5,298.041569767442,316.625,762.75,10.0638569604087,10,10.5555555555556,7.77777777777778,31.3333333333333,31,31,32,3.46114545081116,3.49829032819435,3.65288745104373,2.95692571743565,15821,13422.125,3222.3325,205,3.335,0,32372.0625,32590.23,32594.855,32599.48,5.65155821470817,"Hazardous","Low",9.16936754497504,7.15880794304564,30.8100107581134,1.51685239597926,16.3873253245179,22.7938558681921,1.49529188355726,1.26651866080882,4.28245836580882,0.903533173719327,0.926980348124455,9.26602549754036,18.5320509950807,0.0185320509950807,1.85320509950807e-05,1.85320509950807e-08,1367003864926291,1051305097061872,1367003864926.29,1051305097061.87,1367003.86492629,1051305.09706187
"FASMEE23","Button","Smoke","S9PI",20240912,"11/12/2024","Lampman","B10B","B10","A",40,90,40,130,2,"100,30","Photo28","F23B",2023-10-11,2023-10-10 18:25:00,2023-10-11 00:25:00,3,"Blue","PTFE",4,60,15,2023-10-11 00:25:00,2023-10-11 00:40:00,"Partial smoke at best","B10",30,0.03,1.675,1.5,0.175,39.825,88.5,128.325,0.689655172413793,5.9634375,5.45875,39.4953125,84.54125,124.0365625,-3.50655789731998,0.692307692307692,31308333.3333333,29872138.8020833,9511787.76041667,20360351.0416667,0.681583303310264,19723673.0034722,9222212.33181424,28945885.3352865,0.68139815987691,10,296.817832329909,284.73479828125,913.5914568125,162.399186046512,183.125,370.5,298.041569767442,316.625,762.75,10.0638569604087,10,10.5555555555556,7.77777777777778,31.3333333333333,31,31,32,3.46114545081116,3.49829032819435,3.65288745104373,2.95692571743565,15821,13422.125,3222.3325,205,3.335,0,32372.0625,32590.23,32594.855,32599.48,5.65155821470817,"Hazardous","Low",9.16936754497504,7.15880794304564,30.8100107581134,1.51685239597926,16.3873253245179,22.7938558681921,1.49529188355726,1.26651866080882,4.28245836580882,0.903533173719327,0.926980348124455,9.26602549754036,18.5320509950807,0.0185320509950807,1.85320509950807e-05,1.85320509950807e-08,1561936417235743,1064300600549169,1561936417235.74,1064300600549.17,1561936.41723574,1064300.60054917
"FASMEE23","Button","Smoke","S9PI",20240912,"11/12/2024","Lampman","B12B","B12","A",9,105,60,165,4,"100,30,20,10","Photo35","F23B",2023-10-11,2023-10-10 19:29:00,2023-10-11 01:29:00,3,"Blue","PTFE",4,60,15,2023-10-11 01:29:00,2023-10-11 01:44:00,"Partial smoke at best","B12",30,0.03,1.675,1.5,0.175,59.825,103.5,163.325,0.633705801316394,5.9634375,5.45875,59.4953125,99.54125,159.0365625,-3.50655789731998,0.636363636363636,39737500,38301305.46875,14328454.4270833,23972851.0416667,0.625901669623927,23336173.0034722,14038878.9984809,37375052.0019531,0.624378342062313,12,97.2710784691779,70.63031,343.96187725,71.5695081967213,55.375,217.25,119.030737704918,94.21,369.875,9.51730418943534,9.44444444444444,10.5555555555556,8.88888888888889,30.2622950819672,30,30,32,3.22274350561617,3.20067977403102,3.59115262850359,3.05362161156916,5352.375,4262.04,915.835,8.29,0,0,10439.125,10456.375,10456.375,10456.375,4.257459372481,"Moderate/Unhealthy","Low",12.4836759454948,13.1564633792446,42.6384496071778,2.83267731716567,22.6222156083308,43.3128495814939,1.66076798489259,2.36439821080882,3.08124897580882,0.948198027037845,0.934616975798477,12.580490102955,25.1609802059101,0.02516098020591,2.516098020591e-05,2.516098020591e-08,1485437041644909,927474717300195,1485437041644.91,927474717300.195,1485437.04164491,927474.717300195
"FASMEE23","Button","Smoke","S9PI",20250212,"2/24/2025","Lampman","R12B","R12","A",7,134,26,160,2,"100,50","ph 52","F23F",2023-10-10,2023-10-10 15:09:00,2023-10-10 21:09:00,3,"Red","PTFE",4,60,15,2023-10-10 21:09:00,2023-10-10 21:24:00,"","R12",30,0.03,1.25,1.25,0,26,132.75,158.75,0.836220472440945,5.5384375,5.20875,25.6703125,128.79125,154.4615625,-3.50655789731998,0.8375,38533333.3333333,37199492.96875,6182266.92708333,31017226.0416667,0.833807763662885,30380548.0034722,5892691.4984809,36273239.5019531,0.837547140002105,NA,NA,NA,NA,NA,NA,NA,NA,NA,NA,NA,NA,NA,NA,NA,NA,NA,NA,NA,NA,NA,NA,NA,NA,NA,NA,NA,NA,NA,NA,NA,NA,NA,NA,NA,NA,NA,NA,NA,NA,NA,NA,NA,NA,NA,NA,NA,NA,NA,NA,NA,NA,NA,NA,NA,NA,NA
"FASMEE23","Button","Smoke","S9PI",20240912,"11/12/2024","Lampman","B10B","B10","A",1,140,75,215,4,"50,50,50,50","Photo11","F23B",2023-10-11,2023-10-10 18:25:00,2023-10-11 00:25:00,3,"Blue","PTFE",4,60,15,2023-10-11 00:25:00,2023-10-11 00:40:00,"Partial smoke at best","B10",30,0.03,1.675,1.5,0.175,74.825,138.5,213.325,0.64924411109809,5.9634375,5.45875,74.4953125,134.54125,209.0365625,-3.50655789731998,0.651162790697674,51779166.6666667,50342972.1354167,17940954.4270833,32402017.7083333,0.643625442319451,31765339.6701389,17651378.9984809,49416718.6686198,0.64280552262387,10,296.817832329909,284.73479828125,913.5914568125,162.399186046512,183.125,370.5,298.041569767442,316.625,762.75,10.0638569604087,10,10.5555555555556,7.77777777777778,31.3333333333333,31,31,32,3.46114545081116,3.49829032819435,3.65288745104373,2.95692571743565,15821,13422.125,3222.3325,205,3.335,0,32372.0625,32590.23,32594.855,32599.48,5.65155821470817,"Hazardous","Low",9.16936754497504,7.15880794304564,30.8100107581134,1.51685239597926,16.3873253245179,22.7938558681921,1.49529188355726,1.26651866080882,4.28245836580882,0.903533173719327,0.926980348124455,9.26602549754036,18.5320509950807,0.0185320509950807,1.85320509950807e-05,1.85320509950807e-08,2666554213655969,1714075774914008,2666554213655.97,1714075774914.01,2666554.21365597,1714075.77491401
"FASMEE23","Button","Smoke","S9PI",20240912,"11/12/2024","Lampman","B10B","B10","A",13,198,22,220,2,"10,200","Photo 21","F23B",2023-10-11,2023-10-10 18:25:00,2023-10-11 00:25:00,3,"Blue","PTFE",4,60,15,2023-10-11 00:25:00,2023-10-11 00:40:00,"Partial smoke at best","B10",30,0.03,1.675,1.5,0.175,21.825,196.5,218.325,0.900034352456201,5.9634375,5.45875,21.4953125,192.54125,214.0365625,-3.50655789731998,0.9,52983333.3333333,51547138.8020833,5176787.76041667,46370351.0416667,0.899571772930151,45733673.0034722,4887212.33181424,50620885.3352865,0.903454625507952,10,296.817832329909,284.73479828125,913.5914568125,162.399186046512,183.125,370.5,298.041569767442,316.625,762.75,10.0638569604087,10,10.5555555555556,7.77777777777778,31.3333333333333,31,31,32,3.46114545081116,3.49829032819435,3.65288745104373,2.95692571743565,15821,13422.125,3222.3325,205,3.335,0,32372.0625,32590.23,32594.855,32599.48,5.65155821470817,"Hazardous","Low",9.16936754497504,7.15880794304564,30.8100107581134,1.51685239597926,16.3873253245179,22.7938558681921,1.49529188355726,1.26651866080882,4.28245836580882,0.903533173719327,0.926980348124455,9.26602549754036,18.5320509950807,0.0185320509950807,1.85320509950807e-05,1.85320509950807e-08,2731531731092454,2467814977177221,2731531731092.45,2467814977177.22,2731531.73109245,2467814.97717722
"FASMEE23","Button","Smoke","S9PI",20240912,"11/12/2024","Lampman","B10B","B10","A",5,232,78,310,7,"250,10,25,5,5,15,20","Photo16","F23B",2023-10-11,2023-10-10 18:25:00,2023-10-11 00:25:00,3,"Blue","PTFE",4,60,15,2023-10-11 00:25:00,2023-10-11 00:40:00,"Partial smoke at best","B10",30,0.03,1.675,1.5,0.175,77.825,230.5,308.325,0.747587772642504,5.9634375,5.45875,77.4953125,226.54125,304.0365625,-3.50655789731998,0.748387096774194,74658333.3333333,73222138.8020833,18663454.4270833,54558684.375,0.745111864629768,53922006.3368055,18373878.9984809,72295885.3352864,0.74585166343467,10,296.817832329909,284.73479828125,913.5914568125,162.399186046512,183.125,370.5,298.041569767442,316.625,762.75,10.0638569604087,10,10.5555555555556,7.77777777777778,31.3333333333333,31,31,32,3.46114545081116,3.49829032819435,3.65288745104373,2.95692571743565,15821,13422.125,3222.3325,205,3.335,0,32372.0625,32590.23,32594.855,32599.48,5.65155821470817,"Hazardous","Low",9.16936754497504,7.15880794304564,30.8100107581134,1.51685239597926,16.3873253245179,22.7938558681921,1.49529188355726,1.26651866080882,4.28245836580882,0.903533173719327,0.926980348124455,9.26602549754036,18.5320509950807,0.0185320509950807,1.85320509950807e-05,1.85320509950807e-08,3901127044949164,2909662095745312,3901127044949.16,2909662095745.31,3901127.04494916,2909662.09574531
